time,x,y
4568.763,-4.094912912901455e-05,4.096805733189936e-05
4568.783,-4.1078226001486116e-05,4.136147932865009e-05
4568.803,-4.208632515187899e-05,4.1306973721309035e-05
4568.823,-4.27391265890467e-05,4.1245322601518337e-05
4568.843,-4.353787037735528e-05,4.112647286051962e-05
4568.863,-4.368738585473578e-05,4.1340187180173285e-05
4568.883,-4.3687187235780154e-05,4.159810628049123e-05
4568.903,-4.368695968096702e-05,4.186987830168788e-05
4568.923,-4.368687218872168e-05,4.212924784979291e-05
4568.943,-4.3686495969861e-05,4.240522652770338e-05
4568.963,-4.380711370889189e-05,4.2843375261782995e-05
4568.983,-4.3892089006348576e-05,4.3271186694459594e-05
4569.003,-4.450053627569134e-05,4.321050187387625e-05
4569.023,-4.465253824255934e-05,4.343421799514551e-05
4569.043,-4.471105145462098e-05,4.372434586526327e-05
4569.063,-4.471080747253335e-05,4.3995674292139256e-05
4569.083,-4.471033492349727e-05,4.427744365510787e-05
4569.103,-4.4710231871090136e-05,4.453937317054045e-05
4569.123,-4.4839318300113245e-05,4.493279278060753e-05
4569.143,-4.584741530630876e-05,4.487831364805494e-05
4569.163,-4.650021367568281e-05,4.481667973088857e-05
4569.183,-4.729895369448335e-05,4.469784942374661e-05
4569.203,-4.744845989125681e-05,4.4911620350756466e-05
4569.223,-4.74482549492321e-05,4.516953923892185e-05
4569.243,-4.744802073072352e-05,4.5441310339877e-05
4569.263,-4.744792687744689e-05,4.570067820315634e-05
4569.283,-4.744754389317364e-05,4.597665476053392e-05
4569.303,-4.756815024996167e-05,4.641479767634668e-05
4569.323,-4.7653114547695906e-05,4.684260256700481e-05
4569.343,-4.826156160872915e-05,4.6781932134679995e-05
4569.363,-4.841355413798101e-05,4.7005704591049827e-05
4569.383,-4.847205650542938e-05,4.729588303315112e-05
4569.403,-4.847180587159107e-05,4.75672105340918e-05
4569.423,-4.847132641831046e-05,4.78489787229177e-05
4569.443,-4.847121694285392e-05,4.811090637487139e-05
4569.463,-4.8600292928991904e-05,4.850432359865444e-05
4569.483,-4.960838779203507e-05,4.844987093999975e-05
4569.503,-5.026118309800069e-05,4.838825422322049e-05
4569.523,-5.105991935388228e-05,4.826944334752783e-05
4569.543,-5.120941626874598e-05,4.848327087672807e-05
4569.563,-5.1209205003689565e-05,4.874118955280324e-05
4569.583,-5.1208964121559344e-05,4.9012959733390624e-05
4569.603,-5.120886390756837e-05,4.927232589652311e-05
4569.623,-5.120847415814364e-05,4.954830033364704e-05
4569.643,-5.132906913301918e-05,4.998643743224545e-05
4569.663,-5.1414022431306554e-05,5.041423578179011e-05
4569.683,-5.2022469283517066e-05,5.0353579737389765e-05
4569.703,-5.217445237355968e-05,5.0577408524196344e-05
4569.723,-5.223294389515726e-05,5.0867637533894125e-05
4569.743,-5.223268660951294e-05,5.113896410903752e-05
4569.763,-5.2232200252054255e-05,5.1420731107031854e-05
4569.783,-5.22320843535452e-05,5.168265689566099e-05
4569.803,-5.236114989709014e-05,5.2076071733856086e-05
4569.823,-5.3369242617931425e-05,5.202164554864481e-05
4569.843,-5.4022034865817575e-05,5.1960046030386924e-05
4569.863,-5.482076736741479e-05,5.184125458359961e-05
4569.883,-5.4970254998446956e-05,5.2055138709161774e-05
4569.903,-5.497003741063555e-05,5.231305717300186e-05
4569.923,-5.4969789865211474e-05,5.258482643337149e-05
4569.943,-5.496968329077294e-05,5.284419091198698e-05
4569.963,-5.4969286776457136e-05,5.312016322902519e-05
4569.983,-5.5089870369886854e-05,5.355829451128664e-05
4570.003,-5.51748126688611e-05,5.3986086315162735e-05
4570.023,-5.578325931197991e-05,5.3925444654403226e-05
4570.043,-5.593523296069069e-05,5.4149329773871404e-05
4570.063,-5.5993713634408915e-05,5.443960935169116e-05
4570.083,-5.5993449697156877e-05,5.4710935000647534e-05
4570.103,-5.5992956435487716e-05,5.499270082562309e-05
4570.123,-5.599283411416687e-05,5.5254624751573e-05
4570.143,-5.612188921586606e-05,5.564803719114581e-05
4570.163,-5.7129979795443944e-05,5.559363746959222e-05
4570.183,-5.778276899119874e-05,5.553205516467386e-05
4570.203,-5.858149777283489e-05,5.541328439845278e-05
4570.223,-5.8730976119127166e-05,5.562722509678362e-05
4570.243,-5.8730752208597664e-05,5.588514334985991e-05
4570.263,-5.873049799992735e-05,5.6156911674951585e-05
4570.283,-5.873038506503235e-05,5.6416274468005625e-05
4570.303,-5.8729981785829894e-05,5.669224466431545e-05
4570.323,-5.8850553997900195e-05,5.7130370148385924e-05
4570.343,-5.893548529867428e-05,5.755815538306731e-05
4570.363,-5.954393173275015e-05,5.749752808933213e-05
4570.383,-5.9695895937649296e-05,5.772146955966184e-05
4570.403,-5.9754365762147794e-05,5.801179971682887e-05
4570.423,-5.975409517358793e-05,5.8283124422560705e-05
4570.443,-5.9753595007923766e-05,5.85648890755061e-05
4570.463,-5.975346626415589e-05,5.8826811139353306e-05
4570.483,-5.988251092486478e-05,5.922022117012435e-05
4570.503,-6.089059936416379e-05,5.9165847902208406e-05
4570.523,-6.154338551261303e-05,5.9104282817046375e-05
4570.543,-6.234211058994941e-05,5.8985533218096506e-05
4570.563,-6.24915796498123e-05,5.9199530476911584e-05
4570.583,-6.249134941669693e-05,5.945744850385595e-05
4570.603,-6.24910885447585e-05,5.972921591001508e-05
4570.623,-6.249096924952068e-05,5.9988577017471614e-05
4570.643,-6.249055920569376e-05,6.0264545093192816e-05
4570.663,-6.261112003685433e-05,6.0702664779420594e-05
4570.683,-6.269604033956734e-05,6.113044344461197e-05
4570.703,-6.330448656327398e-05,6.106983051764758e-05
4570.723,-6.345644132235333e-05,6.129382833394657e-05
4570.743,-6.351490029581937e-05,6.15842090654888e-05
4570.763,-6.351462305579904e-05,6.185553284438569e-05
4570.783,-6.351411598635315e-05,6.213729632560161e-05
4570.803,-6.3513980820015e-05,6.239921652758121e-05
4570.823,-6.364301503962936e-05,6.27926241498118e-05
4570.843,-6.465110133981962e-05,6.273827733671617e-05
4570.863,-6.530388444609494e-05,6.267672947017096e-05
4570.883,-6.610260582763486e-05,6.255800103571568e-05
4570.903,-6.625206559973424e-05,6.277205485036974e-05
4570.923,-6.625182904409782e-05,6.302997266664956e-05
4570.943,-6.625156150922147e-05,6.330173915388053e-05
4570.963,-6.625143585399355e-05,6.356109857600291e-05
4570.983,-6.625101904593302e-05,6.383706453127513e-05
4571.003,-6.637156849709846e-05,6.427517842027327e-05
4571.023,-6.645647780231376e-05,6.470295051709131e-05
4571.043,-6.706492381528545e-05,6.46423519576454e-05
4571.063,-6.7216869126949e-05,6.486640611442982e-05
4571.083,-6.72753172447511e-05,6.515683739832056e-05
4571.103,-6.727503335347156e-05,6.542816025048832e-05
4571.123,-6.72745193801973e-05,6.570992256006001e-05
4571.143,-6.727437779165411e-05,6.59718409003732e-05
4571.163,-6.740340157055185e-05,6.636524611523096e-05
4571.183,-6.841148573249096e-05,6.631092575600313e-05
4571.203,-6.906426580214859e-05,6.624939510598895e-05
4571.223,-6.986298349714465e-05,6.613068783396301e-05
4571.243,-7.001243397073137e-05,6.634479818616372e-05
4571.263,-7.001219109261289e-05,6.660271579167757e-05
4571.283,-7.001191689487359e-05,6.687448136008372e-05
4571.303,-7.001178487964799e-05,6.713383909693471e-05
4571.323,-7.001136130735837e-05,6.740980293193302e-05
4571.343,-7.013189937853087e-05,6.784791102396317e-05
4571.363,-7.02167976861298e-05,6.82756765530707e-05
4571.383,-7.082524348846325e-05,6.821509236082226e-05
1758191453.2994268,-9.489180094218134e-06,9.139471526327019e-06
4571.403,-9.64120718479289e-06,9.363520124296126e-06
4571.423,-9.699762717718139e-06,9.653978155515923e-06
4571.443,-9.699582647722487e-06,9.925300176953722e-06
4571.463,-9.699176493792666e-06,1.0207061503889991e-05
4571.483,-9.69913512606624e-06,1.0468978021244075e-05
4571.503,-9.82830863350854e-06,1.0862328266551239e-05
4571.523,-1.0836368467878033e-05,1.0807623910604299e-05
4571.543,-1.1489120405402906e-05,1.0745844693433524e-05
4571.563,-1.2287785983676492e-05,1.0626833390428292e-05
4571.583,-1.2437314354608709e-05,1.0840939423328266e-05
4571.603,-1.2437170168554237e-05,1.1098856898318222e-05
4571.623,-1.2436999960631553e-05,1.137062163965593e-05
4571.643,-1.2436967185786297e-05,1.1629977726191438e-05
4571.663,-1.2436649210908459e-05,1.1905939593390008e-05
4571.683,-1.2557354271867637e-05,1.2343992779038403e-05
4571.703,-1.264241574296234e-05,1.2771717142811622e-05
4571.723,-1.325083658530415e-05,1.2710899589480558e-05
4571.743,-1.3402854247871936e-05,1.2935004522164255e-05
4571.763,-1.3461398946116148e-05,1.3225513118014791e-05
4571.783,-1.3461212224758919e-05,1.3496834215749741e-05
4571.803,-1.3460799166953274e-05,1.3778594374325007e-05
4571.823,-1.3460751376505582e-05,1.4040509032930852e-05
4571.843,-1.3589914443019451e-05,1.4433856875206561e-05
4571.863,-1.4597972151635623e-05,1.4379178973944903e-05
4571.883,-1.525072103142106e-05,1.4317416973317154e-05
4571.903,-1.604938294890306e-05,1.4198426828535539e-05
4571.923,-1.619890204966474e-05,1.4412589405496735e-05
4571.943,-1.6198751541358276e-05,1.4670506672394228e-05
4571.963,-1.619857467047838e-05,1.4942270497711585e-05
4571.983,-1.6198535535536713e-05,1.5201624901765212e-05
4572.003,-1.6198210796091685e-05,1.5477584651642533e-05
4572.023,-1.631890447595951e-05,1.5915632046264595e-05
4572.043,-1.640395494250848e-05,1.63433498227939e-05
4572.063,-1.7012375579107412e-05,1.6282546636920402e-05
4572.083,-1.7164383812126077e-05,1.650670789866022e-05
4572.103,-1.7222917674383242e-05,1.6797267054436015e-05
4572.123,-1.722272430173695e-05,1.70685872287138e-05
4572.143,-1.7222304340139308e-05,1.7350346219161235e-05
4572.163,-1.722225012709018e-05,1.7612259019098108e-05
4572.183,-1.735140275339602e-05,1.8005604458962753e-05
4572.203,-1.8359458276970132e-05,1.7950953013997375e-05
4572.223,-1.9012204142491503e-05,1.7889208224470175e-05
4572.243,-1.98108624072127e-05,1.7770239235461595e-05
4572.263,-1.996037223637391e-05,1.7984458350986183e-05
4572.283,-1.996021540573386e-05,1.8242375409854115e-05
4572.303,-1.9960031871971935e-05,1.8514138319034546e-05
4572.323,-1.9959986376804572e-05,1.877349104068807e-05
4572.343,-1.9959654872796446e-05,1.9049448673537065e-05
4572.363,-2.008033716493067e-05,1.9487490251610255e-05
4572.383,-2.0165376632064787e-05,1.9915201467018346e-05
4572.403,-2.077379706165023e-05,1.9854412648705794e-05
4572.423,-2.092579586320446e-05,2.0078630234984815e-05
4572.443,-2.0984318887933496e-05,2.0369239946140134e-05
4572.463,-2.0984118864325237e-05,2.0640559197026035e-05
4572.483,-2.098369199901987e-05,2.092231701949593e-05
4572.503,-2.0983631363732975e-05,2.1184227961126212e-05
4572.523,-2.1112773542452654e-05,2.1577570975684024e-05
4572.543,-2.2120826941966395e-05,2.1522945984512276e-05
4572.563,-2.2773569798753767e-05,2.1461218404953164e-05
4572.583,-2.3572224419649297e-05,2.1342270569349752e-05
4572.603,-2.372172497532368e-05,2.155654621839861e-05
4572.623,-2.3721561822508304e-05,2.1814463069171778e-05
4572.643,-2.372137162593924e-05,2.208622506241198e-05
4572.663,-2.3721319770778286e-05,2.234557610192372e-05
4572.683,-2.372098150257668e-05,2.262153160137536e-05
4572.703,-2.3841652414559355e-05,2.3059567390149344e-05
4572.723,-2.392668088290988e-05,2.3487272045318724e-05
4572.743,-2.4535101106290567e-05,2.342649759484132e-05
4572.763,-2.4687090474442e-05,2.365077150059064e-05
4572.783,-2.4745602660684196e-05,2.3941431762374944e-05
4572.803,-2.474539598606066e-05,2.4212750089974238e-05
4572.823,-2.4744962217392534e-05,2.4494506744680946e-05
4572.843,-2.474489516007737e-05,2.475641581246851e-05
4572.863,-2.4874026899410914e-05,2.5149756425328427e-05
4572.883,-2.588207817609081e-05,2.5095157886953673e-05
4572.903,-2.6534818028085025e-05,2.5033447515317063e-05
4572.923,-2.7333469010537246e-05,2.4914520830658707e-05
4572.943,-2.7482960291118744e-05,2.5128853008152096e-05
4572.963,-2.7482790816166118e-05,2.5386769650863787e-05
4572.983,-2.7482593956993376e-05,2.5658530728070938e-05
4573.003,-2.7482535742158483e-05,2.591788007002595e-05
4573.023,-2.748219070978991e-05,2.6193833452638524e-05
4573.043,-2.7602850242087078e-05,2.6631863451955554e-05
4573.063,-2.7687867711459587e-05,2.705956154753415e-05
4573.083,-2.8296287727460027e-05,2.6998801465085733e-05
4573.103,-2.8448267660580277e-05,2.7223131684781833e-05
4573.123,-2.850676900614139e-05,2.751384249206852e-05
4573.143,-2.850655568070162e-05,2.7785159896671854e-05
4573.163,-2.8506115008871e-05,2.8066915367036684e-05
4573.183,-2.850604152956187e-05,2.8328822576749215e-05
4573.203,-2.8635162829696035e-05,2.8722160788430923e-05
4573.223,-2.9643211984154525e-05,2.86675887027394e-05
4573.243,-3.0295948838533348e-05,2.8605895536136253e-05
4573.263,-3.109459619453659e-05,2.8486989999549354e-05
4573.283,-3.1244078198412787e-05,2.870137870049282e-05
4573.303,-3.124390240147971e-05,2.895929513515157e-05
4573.323,-3.12436988800025e-05,2.923105528026309e-05
4573.343,-3.124363430564029e-05,2.949040294027638e-05
4573.363,-3.1243282509494536e-05,2.9766354206212757e-05
4573.383,-3.136393066266719e-05,3.0204378417189552e-05
4573.403,-3.14489371334263e-05,3.063206995390061e-05
4573.423,-3.205735694179848e-05,3.057132423942955e-05
4573.443,-3.220932743831065e-05,3.0795710768674534e-05
4573.463,-3.2267817938979346e-05,3.108647209954485e-05
4573.483,-3.2267597962898355e-05,3.1357788565001246e-05
4573.503,-3.226715038774051e-05,3.1639542868013495e-05
4573.523,-3.2267070486677626e-05,3.190144821981192e-05
4573.543,-3.2396181347867807e-05,3.2294784030995264e-05
4573.563,-3.3404228381040574e-05,3.224023839779743e-05
4573.583,-3.405696224185507e-05,3.217856243445998e-05
4573.603,-3.485560597755675e-05,3.205967804443818e-05
4573.623,-3.500507869390559e-05,3.227412325139509e-05
4573.643,-3.500489657512398e-05,3.253203946274929e-05
4573.663,-3.500468639132103e-05,3.2803798691885914e-05
4573.683,-3.500461545742283e-05,3.3063144670056525e-05
4573.703,-3.5004256897504814e-05,3.333909381947283e-05
4573.723,-3.512489367216771e-05,3.377711224260587e-05
4573.743,-3.520988914468809e-05,3.420479722115961e-05
4573.763,-3.581830874523967e-05,3.4144065874279146e-05
4573.783,-3.597026979424096e-05,3.4368508693954886e-05
4573.803,-3.602874945183267e-05,3.465932056127748e-05
4573.823,-3.602852282533583e-05,3.4930636104054466e-05
4573.843,-3.602806834732744e-05,3.521238924003102e-05
4573.863,-3.6027982024632e-05,3.547429273409773e-05
4573.883,-3.615708244738638e-05,3.5867626144665346e-05
4573.903,-3.716512736018188e-05,3.581310696326029e-05
4573.923,-3.7817858233221e-05,3.5751448201639374e-05
4573.943,-3.8616498312319316e-05,3.563258496142884e-05
4573.963,-3.876596174877712e-05,3.584708668105082e-05
4573.983,-3.876577330821116e-05,3.6105002684388675e-05
4574.003,-3.876555646215749e-05,3.637676099757579e-05
4574.023,-3.8765479168955794e-05,3.6636105293941676e-05
4574.043,-3.876511384539834e-05,3.691205232692676e-05
4574.063,-3.888573924179003e-05,3.735006496279039e-05
4574.083,-3.897072371614697e-05,3.777774338427688e-05
4574.103,-3.957914307017132e-05,3.7717026409913534e-05
4574.123,-3.9731094678819184e-05,3.794152552870889e-05
4574.143,-3.978956349198407e-05,3.823238792758743e-05
4574.163,-3.978933021501755e-05,3.850370254775934e-05
4574.183,-3.9788868833977934e-05,3.8785454516787104e-05
4574.203,-3.978877608989216e-05,3.904735615336083e-05
4574.223,-3.9917866074814774e-05,3.944068716430589e-05
4574.243,-4.09259088078566e-05,3.9386194437503863e-05
4574.263,-4.157863665965572e-05,3.932455287791489e-05
4574.283,-4.237727313645756e-05,3.920571077753452e-05
4574.303,-4.252672729095389e-05,3.942026900469047e-05
4574.323,-4.2526532528642134e-05,3.967818480007084e-05
4574.343,-4.252630902053827e-05,3.994994219743975e-05
4574.363,-4.2526225368145314e-05,4.020928481214592e-05
4574.383,-4.252585328120918e-05,4.048522972889393e-05
4574.403,-4.2646467292938886e-05,4.092323655208547e-05
4574.423,-4.2731440764629345e-05,4.135090839173144e-05
4574.443,-4.333985990997732e-05,4.129020578587453e-05
4574.463,-4.349180207662047e-05,4.151476119884785e-05
4574.483,-4.355026004373549e-05,4.18056741244926e-05
4574.503,-4.3550020116373324e-05,4.207698782222358e-05
4574.523,-4.3549551832649996e-05,4.235873862463428e-05
4574.543,-4.354945266729288e-05,4.262063840380057e-05
4574.563,-4.367853220689964e-05,4.301396699166539e-05
4574.583,-4.4686572821448083e-05,4.295950071644987e-05
4574.603,-4.5339297694698605e-05,4.2897876354696425e-05
4574.623,-4.6137930575545714e-05,4.277905539332744e-05
4574.643,-4.6287375446327056e-05,4.299367012393581e-05
4574.663,-4.628717436242634e-05,4.3251585711348207e-05
4574.683,-4.628694419247587e-05,4.3523342192904305e-05
4574.703,-4.628685418124404e-05,4.3782683126098734e-05
4574.723,-4.628647533143189e-05,4.4058625910295955e-05
4574.743,-4.640707796599017e-05,4.449662694738284e-05
4574.763,-4.6492040440264325e-05,4.492429223090255e-05
4574.783,-4.710045937655466e-05,4.486360399369231e-05
4574.803,-4.72523920993669e-05,4.5088215695710214e-05
4574.823,-4.731083921929352e-05,4.537917914320655e-05
4574.843,-4.731059264173536e-05,4.565049191876323e-05
4574.863,-4.731011745539892e-05,4.593224153785221e-05
4574.883,-4.731001186910488e-05,4.619413944419562e-05
4574.903,-4.743908097123129e-05,4.658746563337052e-05
4574.923,-4.844711946798918e-05,4.6533025809167794e-05
4574.943,-4.909984136882831e-05,4.647141864261108e-05
4574.963,-4.9898470665183025e-05,4.635261881686394e-05
4574.983,-5.004790625072246e-05,4.65672900448976e-05
4575.003,-5.0047698845269316e-05,4.68252054243163e-05
4575.023,-5.0047462013649435e-05,4.709696097387216e-05
4575.043,-5.0047365643660576e-05,4.7356300210199404e-05
4575.063,-5.004698003086475e-05,4.763224087842403e-05
4575.083,-5.016757128876725e-05,4.80702361296524e-05
4575.103,-5.0252522765862045e-05,4.849789485784274e-05
4575.123,-5.086094149152165e-05,4.8437220989452626e-05
4575.143,-5.10128647688904e-05,4.8661888975485795e-05
4575.163,-5.1071301039984213e-05,4.8952902940329244e-05
4575.183,-5.107104781265919e-05,4.92242147775075e-05
4575.203,-5.107056572380356e-05,4.9505963230275064e-05
4575.223,-5.107045371647963e-05,4.976785927956363e-05
4575.243,-5.119951238179454e-05,5.016118306993882e-05
4575.263,-5.2207548761738684e-05,5.0106769696842196e-05
4575.283,-5.2860267695306215e-05,5.0045179723732376e-05
4575.303,-5.3658893413302737e-05,4.992640103164883e-05
4575.323,-5.3808319712018135e-05,5.01411287522704e-05
4575.343,-5.380810598514808e-05,5.039904390838824e-05
4575.363,-5.380786249183186e-05,5.067079854205116e-05
4575.383,-5.380775976322753e-05,5.0930136097106514e-05
4575.403,-5.3807367387580036e-05,5.120607464941723e-05
4575.423,-5.392794726927188e-05,5.1644064115777644e-05
4575.443,-5.401288774944921e-05,5.2071716289932997e-05
4575.463,-5.462130626441171e-05,5.201105679013182e-05
4575.483,-5.477322008569761e-05,5.223578104159173e-05
4575.503,-5.4831645503116674e-05,5.2526845501799885e-05
4575.523,-5.483138562586802e-05,5.279815641706061e-05
4575.543,-5.483089663483846e-05,5.307990370377779e-05
4575.563,-5.483077820696891e-05,5.3341797896178764e-05
4575.583,-5.495982643594904e-05,5.3735119288513156e-05
4575.603,-5.5967860700159136e-05,5.368073236568173e-05
4575.623,-5.662057667126065e-05,5.3619159584573464e-05
4575.643,-5.741919877305907e-05,5.3500402030268776e-05
4575.663,-5.75686157742055e-05,5.371518622566577e-05
4575.683,-5.756839572597965e-05,5.3973101173898306e-05
4575.703,-5.7568145571041036e-05,5.424485489189564e-05
4575.723,-5.7568036483932596e-05,5.450419076576047e-05
4575.743,-5.756763734569458e-05,5.478012720237192e-05
4575.763,-5.768820585188351e-05,5.521811088411436e-05
4575.783,-5.777313533063158e-05,5.564575647866221e-05
4575.803,-5.838155359965908e-05,5.558511135091153e-05
4575.823,-5.8533457972041214e-05,5.580989187628371e-05
4575.843,-5.859187253790075e-05,5.610100684449944e-05
4575.863,-5.8591606010801215e-05,5.6372316837967926e-05
4575.883,-5.8591110117548986e-05,5.6654062958750325e-05
4575.903,-5.859098526901036e-05,5.69159552945033e-05
4575.923,-5.8720023061865616e-05,5.730927428888574e-05
4575.943,-5.972805515092222e-05,5.725491381925816e-05
4575.963,-6.038076812669374e-05,5.719335823024218e-05
4575.983,-6.117938666753483e-05,5.707462180389461e-05
4576.003,-6.132879437836182e-05,5.728946248145546e-05
4576.023,-6.132856800893636e-05,5.75473772216963e-05
4576.043,-6.132831119270377e-05,5.7819130023877024e-05
4576.063,-6.132819574732402e-05,5.8078464216702895e-05
4576.083,-6.132778984662805e-05,5.835439853772626e-05
4576.103,-6.14483469704161e-05,5.879237640964673e-05
4576.123,-6.153326545285041e-05,5.922001545139644e-05
4576.143,-6.214168351015103e-05,5.9159384693171877e-05
4576.163,-6.229357843166676e-05,5.9384221487110254e-05
4576.183,-6.235198214444613e-05,5.967538695892025e-05
4576.203,-6.235170896769418e-05,5.9946696030730005e-05
4576.223,-6.235120617243335e-05,6.022844098590533e-05
4576.243,-6.235107490368414e-05,6.04903314495272e-05
4576.263,-6.248010225334008e-05,6.088364802291604e-05
4576.283,-6.348813222839808e-05,6.082931400262868e-05
4576.303,-6.414084225234926e-05,6.076777560066748e-05
4576.323,-6.493945723976422e-05,6.0649060300461146e-05
4576.343,-6.508885565865641e-05,6.086395745509418e-05
4576.363,-6.508862296806819e-05,6.112187198744509e-05
4576.383,-6.508835949049057e-05,6.139362387402738e-05
4576.403,-6.508823768716498e-05,6.165295637044682e-05
4576.423,-6.508782502451588e-05,6.192888855968375e-05
4576.443,-6.520837077402368e-05,6.236686064829046e-05
4576.463,-6.529327826050738e-05,6.279449313806198e-05
4576.483,-6.5901696106166e-05,6.273387674863526e-05
4576.503,-6.605358157499874e-05,6.295876980658607e-05
4576.523,-6.611197443338441e-05,6.32499857766499e-05
4576.543,-6.611169460715954e-05,6.352129391077701e-05
4576.563,-6.611118491009397e-05,6.380303768360424e-05
4576.583,-6.611104722103704e-05,6.40649262907975e-05
4576.603,-6.624006413520229e-05,6.445824046771788e-05
4576.623,-6.72480919968234e-05,6.440393289751205e-05
4576.643,-6.790079907515237e-05,6.434241168095329e-05
4576.663,-6.869941052038911e-05,6.422371750442711e-05
4576.683,-6.884879964541292e-05,6.44386711315543e-05
4576.703,-6.884856063379956e-05,6.469658544067759e-05
4576.723,-6.8848290495184e-05,6.49683363953969e-05
4576.743,-6.884816233392984e-05,6.522766721100004e-05
4576.763,-6.884774290921658e-05,6.550359728492302e-05
4576.783,-6.896827728457935e-05,6.594156359121891e-05
4576.803,-6.905317377489804e-05,6.636918952953345e-05
4576.823,-6.966159140785412e-05,6.630858750944375e-05
4576.843,-6.98134674137503e-05,6.653353681281942e-05
4576.863,-6.987184941291495e-05,6.682480325903502e-05
4576.883,-6.987156293743563e-05,6.709611047183984e-05
4576.903,-6.987104633852676e-05,6.73778530794349e-05
4576.923,-6.987090222952569e-05,6.76397398303731e-05
4576.943,-6.999990870869627e-05,6.803305161075803e-05
4576.963,-7.100793445794419e-05,6.797877048944115e-05
4576.983,-7.166063859482347e-05,6.791726645641036e-05
4577.003,-7.245924645647813e-05,6.779859340752766e-05
4577.023,-7.260862627728708e-05,6.801360348837432e-05
4577.043,-7.260838094470674e-05,6.827151758959953e-05
4577.063,-7.260810414514877e-05,6.854326762875868e-05
4577.083,-7.260796962607726e-05,6.880259676373653e-05
4577.103,-7.260754343955986e-05,6.907852472244977e-05
4577.123,-7.272806644100901e-05,6.951648524678079e-05
1758191460.5732381,-9.561908639140707e-06,9.139666609987494e-06
4577.143,-9.646972841958958e-06,9.567250457677748e-06
4577.163,-1.0255364850528115e-05,9.506408532039774e-06
4577.183,-1.0407325426455525e-05,9.731350597947953e-06
4577.203,-1.0465818317330695e-05,1.0022643112017877e-05
4577.223,-1.0465638583119466e-05,1.0293949502504126e-05
4577.243,-1.0465232834605304e-05,1.0575691139205904e-05
4577.263,-1.0465191758737226e-05,1.0837576074231901e-05
4577.283,-1.0594352172897527e-05,1.1230831511368795e-05
4577.303,-1.1602352987318496e-05,1.1176155549695189e-05
4577.323,-1.2255028393930586e-05,1.1114395914888905e-05
4577.343,-1.3053583068886914e-05,1.0995410223614032e-05
4577.363,-1.3203043465135639e-05,1.121041431920533e-05
4577.383,-1.3202899604939514e-05,1.1468328295218395e-05
4577.403,-1.3202729720041916e-05,1.1740077513512239e-05
4577.423,-1.3202697227358115e-05,1.199940500408572e-05
4577.443,-1.3202379600578852e-05,1.2275330988277822e-05
4577.463,-1.332307425162538e-05,1.271323529954006e-05
4577.483,-1.3408127456465415e-05,1.3140812601557306e-05
4577.503,-1.40165192583525e-05,1.3079985045991349e-05
4577.523,-1.4168470400096471e-05,1.3304983364372797e-05
4577.543,-1.4226952453174358e-05,1.3596326367447973e-05
4577.563,-1.4226766069470021e-05,1.3867631839650519e-05
4577.583,-1.422635341892065e-05,1.4149372314494265e-05
4577.603,-1.4226305922662254e-05,1.4411255380707304e-05
4577.623,-1.4355455894067322e-05,1.4804508402810154e-05
4577.643,-1.536345460903553e-05,1.4749858890633991e-05
4577.663,-1.6016127091925848e-05,1.4688116436075227e-05
4577.683,-1.681467825625863e-05,1.456915186173495e-05
4577.703,-1.6964129377357188e-05,1.4784212418052174e-05
4577.723,-1.6963979196300626e-05,1.5042126188874765e-05
4577.743,-1.6963802650455486e-05,1.531387447811796e-05
4577.763,-1.6963763799685216e-05,1.5573200275469536e-05
4577.783,-1.696343941061184e-05,1.5849124147659204e-05
4577.803,-1.7084122686526087e-05,1.6287022683104715e-05
4577.823,-1.7169164893452392e-05,1.671459344061216e-05
4577.843,-1.777755648784614e-05,1.665378025458963e-05
4577.863,-1.792949819359614e-05,1.687883482091681e-05
4577.883,-1.7987969407785855e-05,1.7170228307958635e-05
4577.903,-1.7987776374763173e-05,1.744153284587763e-05
4577.923,-1.7987356822512512e-05,1.7723272142054453e-05
4577.943,-1.798730290601537e-05,1.7985153355273523e-05
4577.963,-1.811644244248653e-05,1.8378403986598764e-05
4577.983,-1.912443905900846e-05,1.8323780923187417e-05
4578.003,-1.9777108623255356e-05,1.82620556469619e-05
4578.023,-2.0575656286060634e-05,1.8143112186942427e-05
4578.043,-2.072509812120466e-05,1.8358229185373644e-05
4578.063,-2.0724941619421622e-05,1.8616142735619262e-05
4578.083,-2.072475841260341e-05,1.888789011219244e-05
4578.103,-2.072471320388856e-05,1.9147214231748377e-05
4578.123,-2.072438205278108e-05,1.9423135992020217e-05
4578.143,-2.0845053954144705e-05,1.98610287518376e-05
4578.163,-2.0930085163623774e-05,2.028859296541951e-05
4578.183,-2.1538476550284775e-05,2.02277941492311e-05
4578.203,-2.1690408809196487e-05,2.04529049446304e-05
4578.223,-2.1748869179504154e-05,2.0744348894095767e-05
4578.243,-2.1748669497259964e-05,2.1015652514148624e-05
4578.263,-2.1748243043269415e-05,2.1297390648772177e-05
4578.283,-2.174818270665211e-05,2.155927000921692e-05
4578.303,-2.1877311808726622e-05,2.195251825006989e-05
4578.323,-2.2885306327417112e-05,2.1897921636105e-05
4578.343,-2.3537972939838397e-05,2.183621353998869e-05
4578.363,-2.4336517061665608e-05,2.171729119990133e-05
4578.383,-2.4485949618382874e-05,2.1932464649012347e-05
4578.403,-2.4485786795933523e-05,2.2190377994080236e-05
4578.423,-2.4485596928341507e-05,2.2462124457969507e-05
4578.443,-2.448554536179433e-05,2.2721446899999518e-05
4578.463,-2.448520744878498e-05,2.2997366548560398e-05
4578.483,-2.4605867969197122e-05,2.3435253507834237e-05
4578.503,-2.4690888176696157e-05,2.386281115275629e-05
4578.523,-2.5299279318280568e-05,2.380202671014853e-05
4578.543,-2.5451202137882026e-05,2.402719374277693e-05
4578.563,-2.5509651666404194e-05,2.4318688166546215e-05
4578.583,-2.5509445335009242e-05,2.458999086878602e-05
4578.603,-2.5509011979491257e-05,2.4871727842109885e-05
4578.623,-2.550894522287272e-05,2.513360534987636e-05
4578.643,-2.563806388343949e-05,2.5526851177402154e-05
4578.663,-2.6646056245349306e-05,2.5472281013697876e-05
4578.683,-2.7298719948484515e-05,2.5410590092236653e-05
4578.703,-2.8097260583906662e-05,2.529168886227084e-05
4578.723,-2.8246683860305037e-05,2.5506918756492173e-05
4578.743,-2.8246514717225693e-05,2.576483189643747e-05
4578.763,-2.8246318188807727e-05,2.6036577447550872e-05
4578.783,-2.824626026475046e-05,2.629589819674078e-05
4578.803,-2.8245915590085456e-05,2.6571815717206025e-05
4578.823,-2.836656473682253e-05,2.700969690225245e-05
4578.843,-2.845157394717071e-05,2.7437248004761288e-05
4578.863,-2.905996487990985e-05,2.737647793211071e-05
4578.883,-2.921187825822929e-05,2.760170119724026e-05
4578.903,-2.927031694354787e-05,2.7893246091193005e-05
4578.923,-2.9270103963306177e-05,2.816454785970279e-05
4578.943,-2.926966370646578e-05,2.8446283655125177e-05
4578.963,-2.9269590530181447e-05,2.8708159294727308e-05
4578.983,-2.9398698756824045e-05,2.9101402732794296e-05
4579.003,-3.0406689022444867e-05,2.904685901785661e-05
4579.023,-3.105934982339558e-05,2.898518526867367e-05
4579.043,-3.1857886983373986e-05,2.8866305145644793e-05
4579.063,-3.2007300977820744e-05,2.9081591479425207e-05
4579.083,-3.200712551424783e-05,2.9339504398848252e-05
4579.103,-3.200692232531021e-05,2.9611249021125218e-05
4579.123,-3.200685804376225e-05,2.9870568092902727e-05
4579.143,-3.2006506607458754e-05,3.0146483501914157e-05
4579.163,-3.212714438136292e-05,3.058435891313641e-05
4579.183,-3.2212142594978986e-05,3.1011903474237046e-05
4579.203,-3.282053331837725e-05,3.09511477722586e-05
4579.223,-3.2972437244539636e-05,3.117642725170466e-05
4579.243,-3.30308650818326e-05,3.1468022593162026e-05
4579.263,-3.303064545271092e-05,3.1739323444199384e-05
4579.283,-3.303019829476933e-05,3.202105807874554e-05
4579.303,-3.303011869908726e-05,3.228293186609179e-05
4579.323,-3.315921649253499e-05,3.26761729148147e-05
4579.343,-3.416720466336664e-05,3.262165564758158e-05
4579.363,-3.481986252751838e-05,3.255999907239068e-05
4579.383,-3.5618396171061604e-05,3.2441140061279764e-05
4579.403,-3.576780087297532e-05,3.265648281725472e-05
4579.423,-3.5767619088966084e-05,3.2914395531441947e-05
4579.443,-3.5767409239604564e-05,3.318613924115575e-05
4579.463,-3.576733860067589e-05,3.344545663575204e-05
4579.483,-3.576698040299437e-05,3.3721369933473616e-05
4579.503,-3.588760680428815e-05,3.415923957143282e-05
4579.523,-3.597259401657604e-05,3.458677756605058e-05
4579.543,-3.658098449393575e-05,3.4526036238091135e-05
4579.563,-3.673287897540309e-05,3.4751371939798134e-05
4579.583,-3.6791295966606116e-05,3.504301774198221e-05
4579.603,-3.679106968880311e-05,3.5314317675676e-05
4579.623,-3.6790615629711914e-05,3.559605114941621e-05
4579.643,-3.679052961450794e-05,3.585792308460928e-05
4579.663,-3.6919616967550396e-05,3.625116172101399e-05
4579.683,-3.7927602984131096e-05,3.619667090401201e-05
4579.703,-3.858025795648734e-05,3.61350314970985e-05
4579.723,-3.9378788141113206e-05,3.6016193588128846e-05
4579.743,-3.952818355755434e-05,3.62315927738981e-05
4579.763,-3.95279954532649e-05,3.648950528304893e-05
4579.783,-3.952777894355418e-05,3.6761248080154614e-05
4579.803,-3.952770194757051e-05,3.702056378214302e-05
4579.823,-3.952733698888785e-05,3.729647495222388e-05
4579.843,-3.964795201134199e-05,3.773433879162108e-05
4579.863,-3.9732928227434056e-05,3.81618702459788e-05
4579.883,-4.034131849488827e-05,3.810114328837439e-05
4579.903,-4.0493203529920985e-05,3.832653520739744e-05
4579.923,-4.055160967344977e-05,3.861823146534851e-05
4579.943,-4.0551376747144826e-05,3.888953046582024e-05
4579.963,-4.0550915787241596e-05,3.9171262762254976e-05
4579.983,-4.055082335297378e-05,3.9433132829883994e-05
4580.003,-4.0679900273499325e-05,3.982636907805053e-05
4580.023,-4.168788419686255e-05,3.9771904707801536e-05
4580.043,-4.234053628138764e-05,3.971028246728431e-05
4580.063,-4.3139063012782534e-05,3.959146565815082e-05
4580.083,-4.3288449142260306e-05,3.980692126852829e-05
4580.103,-4.3288254717828084e-05,4.0064833557177615e-05
4580.123,-4.328803154807554e-05,4.033657542556616e-05
4580.143,-4.328794819505482e-05,4.059588945060267e-05
4580.163,-4.328757647538598e-05,4.0871798509612214e-05
4580.183,-4.340818012614873e-05,4.130965657740353e-05
4580.203,-4.349314534610619e-05,4.173718149240744e-05
4580.223,-4.410153540299504e-05,4.1676468905084614e-05
4580.243,-4.425341098075935e-05,4.19019170229503e-05
4580.263,-4.431180627206888e-05,4.219366371460056e-05
4580.283,-4.431156669722595e-05,4.2464961798066875e-05
4580.303,-4.4311098836466046e-05,4.274669293414262e-05
4580.323,-4.431099998315862e-05,4.30085611499103e-05
4580.343,-4.44400664715447e-05,4.340179501014795e-05
4580.363,-4.544804830263288e-05,4.334735708630559e-05
4580.383,-4.610069746582926e-05,4.328575201356336e-05
4580.403,-4.6899220706494685e-05,4.316695630889169e-05
4580.423,-4.704859753854162e-05,4.3382468325619474e-05
4580.443,-4.7048396794022695e-05,4.3640380409112294e-05
4580.463,-4.704816696432244e-05,4.391212136484258e-05
4580.483,-4.7048077254614545e-05,4.4171433712918e-05
4580.503,-4.704769877408992e-05,4.444734066100338e-05
4580.523,-4.7168291046852756e-05,4.4885192931176096e-05
4580.543,-4.725324526634919e-05,4.531271128189813e-05
4580.563,-4.7861635075103564e-05,4.525201306916738e-05
4580.583,-4.801350120284294e-05,4.5477517393979506e-05
4580.603,-4.807188564384797e-05,4.576931453201476e-05
4580.623,-4.807163942066545e-05,4.6040611698598566e-05
4580.643,-4.807116465926197e-05,4.632234167461433e-05
4580.663,-4.807105938703205e-05,4.6584208038826766e-05
4580.683,-4.8200115436098634e-05,4.697743948844895e-05
4580.703,-4.920809511566073e-05,4.6923028014313266e-05
4580.723,-4.986074140140233e-05,4.686144010437654e-05
4580.743,-5.0659261206243644e-05,4.6742665494845884e-05
4580.763,-5.080862874773412e-05,4.6958233926148864e-05
4580.783,-5.080842168304471e-05,4.721614580460235e-05
4580.803,-5.080818519334342e-05,4.748788584793389e-05
4580.823,-5.080808912703536e-05,4.7747196503771604e-05
4580.843,-5.0807703886163735e-05,4.8023101324651846e-05
4580.863,-5.0928284788467864e-05,4.846094782398161e-05
4580.883,-5.1013228012511366e-05,4.888845963656648e-05
4580.903,-5.162161761038937e-05,4.882777579471262e-05
4580.923,-5.1773474286535624e-05,4.9053336322149844e-05
4580.943,-5.183184787591435e-05,4.934518390210755e-05
4580.963,-5.1831595004574215e-05,4.961648013588402e-05
4580.983,-5.183111334273595e-05,4.989820893510342e-05
4581.003,-5.183100165192348e-05,5.016007343214186e-05
4581.023,-5.1960047269659484e-05,5.055330249433908e-05
4581.043,-5.2968024858515655e-05,5.0498917466140444e-05
4581.063,-5.36206682727671e-05,5.043734671627476e-05
4581.083,-5.441918465106642e-05,5.0318593198742434e-05
4581.103,-5.4568542891698356e-05,5.0534218026334414e-05
4581.123,-5.45683295072181e-05,5.0792129684362666e-05
4581.143,-5.456808635782545e-05,5.1063868799032434e-05
4581.163,-5.456798393493012e-05,5.132317777827667e-05
4581.183,-5.456759193359451e-05,5.159908048860649e-05
4581.203,-5.468816146573077e-05,5.203692121795774e-05
4581.223,-5.4773093695125584e-05,5.246442649314765e-05
4581.243,-5.538148304508062e-05,5.240375702553251e-05
4581.263,-5.553333025864613e-05,5.262937373664756e-05
4581.283,-5.5591692991262915e-05,5.2921271735529576e-05
4581.303,-5.5591433471852884e-05,5.31925670527186e-05
4581.323,-5.559094490953379e-05,5.347429469229593e-05
4581.343,-5.5590826800157596e-05,5.373615733803066e-05
4581.363,-5.5719861986973126e-05,5.4129384013503474e-05
4581.383,-5.6727837426052894e-05,5.4075025434174806e-05
4581.403,-5.738047793470861e-05,5.401347184661935e-05
4581.423,-5.817899084803725e-05,5.389473942586868e-05
4581.443,-5.832833979466755e-05,5.411042065771987e-05
4581.463,-5.832812009020878e-05,5.436833211073198e-05
4581.483,-5.8327870281089306e-05,5.4640070312919256e-05
4581.503,-5.832776150183792e-05,5.489937761558312e-05
4581.523,-5.832736274041925e-05,5.517527819894076e-05
4581.543,-5.844792089617717e-05,5.561311313245748e-05
4581.563,-5.8532842125666714e-05,5.604061184552766e-05
4581.583,-5.91412312622327e-05,5.597995674931661e-05
4581.603,-5.929306902076663e-05,5.6205629652420896e-05
4581.623,-5.935142089901586e-05,5.649757808379131e-05
4581.643,-5.935115473160609e-05,5.6768872484712864e-05
4581.663,-5.935065926914703e-05,5.705059894802028e-05
4581.683,-5.9350534741548384e-05,5.731245972699413e-05
4581.703,-5.94795594898737e-05,5.770568399303142e-05
4581.723,-6.048753284010244e-05,5.7651351858927574e-05
4581.743,-6.114017048749511e-05,5.75898154279194e-05
4581.763,-6.193867999039624e-05,5.747110409485647e-05
4581.783,-6.208801964174069e-05,5.7686841725566624e-05
4581.803,-6.208779361758e-05,5.794475297355751e-05
4581.823,-6.208753714904661e-05,5.8216490247037796e-05
4581.843,-6.208742201376938e-05,5.847579585778656e-05
4581.863,-6.208701649227749e-05,5.8751694330814076e-05
4581.883,-6.220756327907624e-05,5.918952349555642e-05
4581.903,-6.22924735139112e-05,5.961701567314717e-05
4581.923,-6.290086243819735e-05,5.955637494834518e-05
4581.943,-6.305269073976766e-05,5.9782104038556414e-05
4581.963,-6.31110317586074e-05,6.007410287981043e-05
4581.983,-6.311075894363568e-05,6.034539634827583e-05
4582.003,-6.311025658112066e-05,6.062712165224979e-05
4582.023,-6.311012563531801e-05,6.088898058020897e-05
4582.043,-6.323913995354692e-05,6.128220246011154e-05
4582.063,-6.424711121596081e-05,6.122789677123465e-05
4582.083,-6.489974600606855e-05,6.116637749431858e-05
4582.103,-6.569825205865741e-05,6.10476872528003e-05
4582.123,-6.584758240368506e-05,6.126348126405294e-05
4582.143,-6.584735005984352e-05,6.152139229151496e-05
4582.163,-6.58470869319835e-05,6.179312865270375e-05
4582.183,-6.584696544069106e-05,6.205243258717129e-05
4582.203,-6.584655315938559e-05,6.232832894997122e-05
4582.223,-6.596708857778352e-05,6.276615234627527e-05
4582.243,-6.605198781342156e-05,6.31936379629676e-05
4582.263,-6.666037648792973e-05,6.313301161287606e-05
4582.283,-6.681219532163958e-05,6.335879687168631e-05
1758191467.2084215,-9.505862684571204e-06,9.014522268735392e-06
4582.303,-9.564302624590547e-06,9.306549585626342e-06
4582.323,-9.564125142227329e-06,9.577842223917457e-06
4582.343,-9.56372178151372e-06,9.859566540411047e-06
4582.363,-9.563682851229733e-06,1.012142365077187e-05
4582.383,-9.692834536193671e-06,1.0514594600864405e-05
4582.403,-1.0700783176346e-05,1.0459936462504922e-05
4582.423,-1.1353391911883395e-05,1.0398189017843999e-05
4582.443,-1.2151849906897953e-05,1.0279219705911785e-05
4582.463,-1.2301252082176047e-05,1.0495013960004331e-05
4582.483,-1.2301110368776233e-05,1.075292485394682e-05
4582.503,-1.2300942728361352e-05,1.1024660385042115e-05
4582.523,-1.2300912354492042e-05,1.1283962657684688e-05
4582.543,-1.2300597023773796e-05,1.1559857032000319e-05
4582.563,-1.2421285636594718e-05,1.1997629297791291e-05
4582.583,-1.2506334563800041e-05,1.2425076439904842e-05
4582.603,-1.3114700197466963e-05,1.2364235769229185e-05
4582.623,-1.32665944550399e-05,1.2590020123290105e-05
4582.643,-1.3325023555118776e-05,1.2882097862567635e-05
4582.663,-1.3324839424988171e-05,1.315338957136659e-05
4582.683,-1.3324429164070665e-05,1.343511271467331e-05
4582.703,-1.332438381534203e-05,1.3696967961242112e-05
4582.723,-1.345352507007346e-05,1.4090136530068064e-05
4582.743,-1.4461471634130223e-05,1.4035504836804012e-05
4582.763,-1.5114077530261123e-05,1.3973774543631187e-05
4582.783,-1.591253214870864e-05,1.3854826313265067e-05
4582.803,-1.6061925035523272e-05,1.4070676941944085e-05
4582.823,-1.6061777002674208e-05,1.432858761795745e-05
4582.843,-1.6061602702973183e-05,1.4600322223049687e-05
4582.863,-1.6061565972800602e-05,1.485962282198478e-05
4582.883,-1.606124388186574e-05,1.5135515088971248e-05
4582.903,-1.6181921124956146e-05,1.5573281591945333e-05
4582.923,-1.6266959055976375e-05,1.600072220481364e-05
4582.943,-1.6875324444504086e-05,1.5939895909276865e-05
4582.963,-1.7027209251978143e-05,1.616573642525558e-05
4582.983,-1.70856275076321e-05,1.6457864564286402e-05
4583.003,-1.708543672969606e-05,1.6729155359796224e-05
4583.023,-1.7085019568659894e-05,1.701087734705771e-05
4583.043,-1.7084967801630073e-05,1.727273074551563e-05
4583.063,-1.721409862640981e-05,1.7665896934145534e-05
4583.083,-1.8222043055028163e-05,1.761129168863132e-05
4583.103,-1.887464607800313e-05,1.7549578548027788e-05
4583.123,-1.967309727918819e-05,1.743065140267934e-05
4583.143,-1.98224808850203e-05,1.7646558413085446e-05
4583.163,-1.9822326532656102e-05,1.7904468886407006e-05
4583.183,-1.9822145573506318e-05,1.8176202581750308e-05
4583.203,-1.9822102487137975e-05,1.8435501507151554e-05
4583.223,-1.9821773636237126e-05,1.8711391650426945e-05
4583.243,-1.99424395029509e-05,1.914915236488423e-05
4583.263,-2.0027466433212363e-05,1.9576586423390953e-05
4583.283,-2.063583161183893e-05,1.9515774500066767e-05
4583.303,0.0004554228994166578,-0.0010343969651801942
4583.323,0.0013127332041972322,-0.003147341814143903
4583.343,0.001447435290895487,-0.005732177778108501
4583.363,0.0013435030197929715,-0.008429877925776777
4583.383,0.0011910812660070828,-0.011125246916857562
4583.403,0.0009901721409781021,-0.01381742773629206
4583.423,0.0007408406791455898,-0.016505547972531526
4583.443,0.0004431681370969247,-0.019188736459355833
4583.463,9.725150469667981e-05,-0.021866123805044844
4583.483,-0.0002967965788666706,-0.024536842379087393
4583.503,-0.0007388479252004904,-0.02720002694778218
4583.523,-0.0012287587537216124,-0.029854814862338184
4583.543,-0.0017663697899524726,-0.03250034619606175
4583.563,-0.002351506310198405,-0.035135764071561805
4583.583,-0.0029839782401579864,-0.037760214965664216
4583.603,-0.0036635801756311477,-0.04037284924654721
4583.623,-0.004390091406558573,-0.04297282079697327
4583.643,-0.005163276225919427,-0.04555928794108648
4583.663,-0.0059828837294686014,-0.04813141338553469
4583.683,-0.006848648095365001,-0.05068836461908001
4583.703,-0.007760288458591602,-0.05322931400776382
4583.723,-0.008717509329473374,-0.05575343906654331
4583.743,-0.009720000390802935,-0.058259923060752644
4583.763,-0.010767436859100683,-0.060747954900817525
4583.783,-0.011859479362565708,-0.06321672947578563
4583.803,-0.012995774018473743,-0.06566544805984716
4583.823,-0.014175952886822387,-0.06809331827286623
4583.843,-0.015399633912989277,-0.07049955463399367
4583.863,-0.01666642084345731,-0.07288337869525827
4583.883,-0.01797590388813758,-0.07524401919497922
4583.903,-0.019327659097887567,-0.0775807124187917
4583.923,-0.02072124932538364,-0.0798927024810445
4583.943,-0.022156223396235568,-0.08217924150863402
4583.963,-0.02363211726742559,-0.08443958942892155
4583.983,-0.02514845369646939,-0.08667301501913705
4584.003,-0.0267047421264418,-0.08887879585578674
4584.023,-0.02830047948489695,-0.09105621792644843
4584.043,-0.029935149493754202,-0.09320457659284805
4584.063,-0.03160822385426594,-0.09532317659144746
4584.083,-0.03331916134424618,-0.09741133228895321
4584.103,-0.03506740880867999,-0.09946836758573407
4584.123,-0.036852401025016544,-0.1014936165198184
4584.143,-0.03867356087141768,-0.10348642312587872
4584.163,-0.040530299246308375,-0.10544614208872735
4584.183,-0.04242201572228756,-0.10737213846996227
4584.203,-0.044348098504666825,-0.10926378833395987
4584.223,-0.04630792442082128,-0.11112047860198024
4584.243,-0.04830085954617496,-0.11294160735108447
4584.263,-0.05032625905390442,-0.11472658413976507
4584.283,-0.05238346738892265,-0.11647483017381705
4584.303,-0.054471818632774595,-0.1181857785932791
4584.323,-0.05659063677284315,-0.11985887425753394
4584.343,-0.058739235777962744,-0.12149357422283795
4584.363,-0.060916919787535294,-0.12308934787783123
4584.383,-0.06312298341014744,-0.1246456773775588
4584.403,-0.06535671182825953,-0.126162057461659
4584.423,-0.06761738155160775,-0.1276379956731152
4584.443,-0.06990425974567377,-0.12907301283753614
4584.463,-0.0722166050393682,-0.13046664291882207
4584.483,-0.07455366802742124,-0.1318184332925958
4584.503,-0.07691469085939719,-0.13312794499305164
4584.523,-0.07929890800594767,-0.1343947524633496
4584.543,-0.08170554621346451,-0.13561844436635387
4584.563,-0.0841338249939586,-0.13679862327476666
4584.583,-0.08658295677680942,-0.1379349057536364
4584.603,-0.08905214703729175,-0.13902692313416026
4584.623,-0.0915405950459046,-0.14007432041651005
4584.643,-0.09404749354761249,-0.1410767579112724
4584.663,-0.09657202924523849,-0.14203391012443345
4584.683,-0.09911338326820593,-0.14294546641730738
4584.703,-0.10167073150910148,-0.1438111308414143
4584.723,-0.1042432441481906,-0.14463062279220612
4584.743,-0.10683008699143696,-0.1454036762920102
4584.763,-0.10943042107747013,-0.14613004114023403
4584.783,-0.11204340311079197,-0.14680948130275473
4584.803,-0.11466818572320243,-0.14744177701791455
4584.823,-0.11730391780137782,-0.1480267232147105
4584.843,-0.11994974465605784,-0.14856413058987983
4584.863,-0.12260480863780042,-0.149053825022759
4584.883,-0.12526824903596978,-0.14949564825465844
4584.903,-0.1279392024272525,-0.1498894574599093
4584.923,-0.1306168030776931,-0.15023512489742358
4584.943,-0.1333001832234318,-0.15053253936811703
4584.963,-0.135988473288642,-0.1507816047198259
4584.983,-0.13868080203905428,-0.15098224047777092
4585.003,-0.14137629703171825,-0.15113438219317363
4585.023,-0.14407408499803642,-0.1512379811634268
4585.043,-0.14677329201061792,-0.1512930038822953
4585.063,-0.14946977986653018,-0.15130037737220314
4585.083,-0.15215973292764357,-0.15129875025411274
4585.103,-0.15485853116104178,-0.15120739475879297
4585.123,-0.15755169026450055,-0.15106929218158538
4585.143,-0.1602359780162181,-0.1509221797879451
4585.163,-0.16292576311434545,-0.1506854678991565
4585.183,-0.16560723412997438,-0.15040232859597494
4585.203,-0.16827817620177704,-0.15011027507426075
4585.223,-0.1709510676903507,-0.14972889029588843
4585.243,-0.17361311802605797,-0.14930151556584376
4585.263,-0.1762629861917921,-0.14886543124878376
4585.283,-0.17891123337209633,-0.14834047115608384
4585.303,-0.18154620129599405,-0.14777009600549793
4585.323,-0.1841673197080589,-0.14719123098334388
4585.343,-0.1867832869936713,-0.14652420875160208
4585.363,-0.18938355996878817,-0.14581248002991185
4585.383,-0.19196831658822955,-0.14509249711359656
4585.403,-0.19454445618248067,-0.14428533456031972
4585.423,-0.19710251813004817,-0.1434343057652511
4585.443,-0.1996433896086409,-0.14257527698370062
4585.463,-0.20342560108532762,-0.1450139808068659
4585.483,-0.20782533753937293,-0.1499452812194659
4585.503,-0.21204767914728606,-0.15647134999590667
4585.523,-0.2160963905915101,-0.1646146256623095
4585.543,-0.22002380653376533,-0.17381176377389176
4585.563,-0.22395406983673385,-0.18300806693082447
4585.583,-0.22785629052900835,-0.19274320299468378
4585.603,-0.23187672507681767,-0.20200988402820602
4585.623,-0.23579893101305777,-0.2113657293411412
4585.643,-0.23972402445589225,-0.22056200733600198
4585.663,-0.24365014827157813,-0.22975857424209625
4585.683,-0.2475704648890321,-0.2389579946060472
4585.703,-0.2515030383881161,-0.2481532820009932
4585.723,-0.25542966418002006,-0.25734924906882034
4585.743,-0.25935734668647137,-0.2665509052391984
4585.763,-0.2632831129030887,-0.27574752827103666
4585.783,-0.26720961187123976,-0.28494341399155226
4585.803,-0.2711332236977816,-0.29414730638153797
4585.823,-0.27505581884320285,-0.3033628466912353
4585.843,-0.2789823367610276,-0.3125611144123217
4585.863,-0.28289923883907847,-0.321765678298987
4585.883,-0.2868200958930373,-0.3309690871831084
4585.903,-0.2907453991536589,-0.34016576681429783
4585.923,-0.2946714216864249,-0.3493899074845188
4585.943,-0.29860162668260176,-0.35858414314101145
4585.963,-0.3025316386187503,-0.36777857858443785
4585.983,-0.3064613149448221,-0.37698382833672817
4586.003,-0.31038659488273773,-0.386181318652762
4586.023,-0.31431610310526437,-0.3953765750063746
4586.043,-0.3182414648433661,-0.4045734718407588
4586.063,-0.32216688306248414,-0.41377035445048144
4586.083,-0.3260922920325266,-0.4229672416795695
4586.103,-0.33001769067651276,-0.4321641342961316
4586.123,-0.3339430801370106,-0.44136103201974397
4586.143,-0.33786845945709326,-0.45055793504410674
4586.163,-0.3417938287167399,-0.45975484331658584
4586.183,-0.345719187987168,-0.4689517567809389
4586.203,-0.34964453837754533,-0.4781486751350494
4586.223,-0.35356987889357605,-0.48734559855047854
4586.243,-0.3574952093761387,-0.49654252717213726
4586.263,-0.36142053006782254,-0.5057394607058369
4586.283,-0.3653458410002612,-0.5149363990711592
4586.303,-0.36927114094583285,-0.5241333426378798
4586.323,-0.3731964309720058,-0.5333302910788542
4586.343,-0.3771217112980969,-0.5425272440853149
4586.363,-0.38104698193505554,-0.5517242015641826
4586.383,-0.38497224288960724,-0.56092116341892
4586.403,-0.38889749291395703,-0.5701181300092669
4586.423,-0.39282273305731036,-0.579315100997664
4586.443,-0.3967479635254817,-0.5885120760713787
4586.463,-0.4006731830653922,-0.5977090555890071
4586.483,-0.4045983929292146,-0.6069060390008707
4586.503,-0.40852359186394577,-0.6161030266693553
4586.523,-0.4124487809180894,-0.6253000182663342
4586.543,-0.41637395904587304,-0.6344970139442926
4586.563,-0.42029912750405646,-0.6436940131665105
4586.583,-0.42422428504624515,-0.6528910163108816
4586.603,-0.4281494329343365,-0.6620880228508826
4586.623,-0.43207456992782717,-0.6712850331756763
4586.643,-0.4359996972951635,-0.6804820467710107
4586.663,-0.4399290281520157,-0.6896891220941783
4586.683,-0.4438541932939765,-0.6988862033757467
4586.703,-0.447779436588153,-0.7080831652468154
4586.723,-0.4517046702001402,-0.7172801294768846
4586.743,-0.45562989334518944,-0.7264770974319688
4586.763,-0.45955510571609137,-0.7356740686583451
4586.783,-0.4634803068300086,-0.7448710437605559
4586.803,-0.4674054980704281,-0.7540680222461038
4586.823,-0.47133067811163115,-0.7632650047613394
4586.843,-0.4752558472891853,-0.7724619910715871
4586.863,-0.4791742456994991,-0.7816713123711946
4586.883,-0.4830998856843889,-0.7909212923492867
4586.903,-0.4870094618548633,-0.8001343866571187
4586.923,-0.49092683858836084,-0.8093442279956453
4586.943,-0.49484671893105564,-0.8185409515024976
4586.963,-0.4987711960490339,-0.8277376545669295
4586.983,-0.502692399589624,-0.8369560982482928
4587.003,-0.5066148424319201,-0.8461510099240526
4587.023,-0.5105320644143705,-0.8553529783903966
4587.043,-0.5144637463205434,-0.8645389978607332
4587.063,-0.5183869907691663,-0.8737378720227063
4587.083,-0.5223095605275925,-0.8829361092788864
4587.103,-0.5262305525378183,-0.8921584180758797
4587.123,-0.5301519178344941,-0.9013696918191414
4587.143,-0.5340730012239393,-0.9105695423881499
4587.163,-0.5379955765774209,-0.9197686411569093
4587.183,-0.5419113408943083,-0.9289788961295713
4587.203,-0.5458274438477597,-0.9381888733630815
4587.223,-0.5497433248068718,-0.9473987808554861
4587.243,-0.553656249811157,-0.9566006328337004
4587.263,-0.5575816109095842,-0.9658076526025866
4587.283,-0.5615008857178768,-0.9750074426507264
4587.303,-0.5654217746258425,-0.9842062553108434
4587.323,-0.5693426589290331,-0.9934050717615519
4587.343,-0.573263533990169,-1.002603893341438
4587.363,-0.57718439881573,-1.011802720267334
4587.383,-0.581105254547325,-1.0210015522595846
4587.403,-0.5850261002223122,-1.0302003895119047
4587.423,-0.5889469359153621,-1.0393992319724659
4587.443,-0.5928677614875513,-1.048598079801981
4587.463,-0.5967885767681986,-1.0577969323115899
4587.483,-0.6007093822389085,-1.0669957898454971
4587.503,-0.6046301777353374,-1.0761946525473662
4587.523,-0.6085509634968829,-1.0853935201254337
4587.543,-0.6124717395506147,-1.0945923924981877
4587.563,-0.6163925057133203,-1.1037912697981216
4587.583,-0.6203132622059656,-1.1129901517201934
4587.603,-0.6242340090405252,-1.1221890381743533
1758191474.0257545,-0.08696825445049794,-0.15634332702172493
4587.623,-0.07699251536705556,-0.15703354582180343
4587.643,-0.06701677534008954,-0.15772375408500547
4587.663,-0.057041034323589763,-0.15841395157977534
4587.683,-0.04706529252583404,-0.15910413726957548
4587.703,-0.037089550057823065,-0.15979431251705695
4587.723,-0.027113807010769153,-0.16048447735130622
4587.743,-0.01713806345389235,-0.16117463046829142
4587.763,-0.007162319357021125,-0.161864772964182
4587.783,0.002813425608293634,-0.16255490407346684
4587.803,0.012789170283852758,-0.16324502460891815
4587.823,0.02276491567309955,-0.1639351338154225
4587.843,0.03274066115721626,-0.16462523278122734
4587.863,0.042716406692716154,-0.16531532020460257
4587.883,0.05269215220278477,-0.16600539745001394
4587.903,0.06266804309866937,-0.16669529554507365
4587.923,0.07264379152188112,-0.16738531674228585
4587.943,0.08261953845674536,-0.1680753279166006
4587.963,0.09259528550458067,-0.16876532781331074
4587.983,0.10257103251985955,-0.1694553168312536
4588.003,0.11254677911249847,-0.17014529323953373
4588.023,0.12252252564938826,-0.17083525904692923
4588.043,0.1324982722877675,-0.1715252127903303
4588.063,0.14247401888339367,-0.17221515619810612
4588.083,0.15244976561123338,-0.1729050878010087
4588.103,0.16242551236331615,-0.17359500798872304
4588.123,0.172402627715832,-0.17429382444980082
4588.143,0.1823707179439544,-0.1749908033901261
4588.163,0.19234644159319986,-0.17568054742614517
4588.183,0.20234504934410363,-0.17635571358886343
4588.203,0.21232078597624274,-0.17704476845260567
4588.223,0.22229765881233457,-0.17773362838467524
4588.243,0.23227467163622786,-0.1784224337052627
4588.263,0.24225036555526222,-0.17910961005165457
4588.283,0.2522257763242981,-0.1798004454436849
4588.303,0.26219620811462774,-0.1804955044905497
4588.323,0.2721697718244825,-0.1811890186041339
4588.343,0.2821364173697787,-0.18189218537132165
4588.363,0.29211303730710586,-0.18258195520991127
4588.383,0.3020889917477917,-0.18327118668884462
4588.403,0.3120871480989367,-0.1839511823351464
4588.423,0.3220735927923245,-0.1846244544065987
4588.443,0.33205858982801767,-0.18530336932415942
4588.463,0.34204348278365265,-0.1859823857777873
4588.483,0.3520200426179418,-0.18666834354451858
4588.503,0.3619958681265815,-0.18735590073947622
4588.523,0.37197079396580357,-0.18803806725828168
4588.543,0.3819467076029005,-0.1887251168247335
4588.563,0.3919226350053677,-0.1894124375622246
4588.583,0.4018985643772149,-0.19009975011775007
4588.603,0.41187449544844823,-0.1907870511752972
4588.623,0.4218504281976545,-0.19147434215579054
4588.643,0.4318263627725382,-0.19216162156289712
4588.663,0.44180229901857315,-0.19284888975465128
4588.683,0.451778236911773,-0.19353614681722855
4588.703,0.461754176007957,-0.19422339362391383
4588.723,0.4717301166766662,-0.19491062945338253
4588.743,0.4817060590074395,-0.1955978541077723
4588.763,0.49168200280703434,-0.19628506791290878
4588.783,0.5016579480142943,-0.19697227092491934
4588.803,0.5116338945784319,-0.19765946186251196
4588.823,0.5216098424083683,-0.1983466421055316
4588.843,0.5315857915615838,-0.1990338114326074
4588.863,0.5415617418193969,-0.1997209701485526
4588.883,0.551537693094856,-0.2004081182904664
4588.903,0.5615136453185231,-0.20109525456049102
4588.923,0.5714895985177472,-0.20178238005914087
4588.943,0.5814655524652214,-0.20246949508218332
4588.963,0.5914415070869574,-0.20315659832668861
4588.983,0.6014174622750428,-0.20384369115420325
4589.003,0.6113934179579399,-0.20453077226036329
4589.023,0.6213693740318942,-0.20521784300595014
4589.043,0.6313453304311697,-0.2059049020864555
4589.063,0.6413212871963374,-0.20659195059838228
4589.083,0.6512972446630831,-0.20727898777667866
4589.103,0.6612732022160623,-0.20796601471010603
4589.123,0.6712491598102072,-0.20865303009686603
4589.143,0.6812251173725468,-0.20934003530165515
4589.163,0.6912011221223786,-0.21002696131893603
4589.183,0.7011770814703238,-0.2107139135824317
4589.203,0.71115304035215,-0.2114008550237056
4589.223,0.7211289988245383,-0.2120877849288992
4589.243,0.7311049572804698,-0.21277470264420123
4589.263,0.7410809158231065,-0.21346160937708739
4589.283,0.7510568743109403,-0.21414850552871645
4589.303,0.7610328329017608,-0.21483538963495977
4589.323,0.771008791472092,-0.21552226209077024
4589.343,0.7809847501609564,-0.2162091240911599
4589.363,0.7909607083507901,-0.21689597441860714
4589.383,0.8009201846003449,-0.21760370167119197
4589.403,0.8108914389308258,-0.21829390600231321
4589.423,0.8208674340307557,-0.21898000422622188
4589.443,0.8308386954393414,-0.21966569782925438
4589.463,0.8408242054742475,-0.22034171691416396
4589.483,0.850800180264641,-0.221026851951999
4589.503,0.8607757112232955,-0.22171282546803614
4589.523,0.8707509448344187,-0.22239889810802943
4589.543,0.8807280332982265,-0.22308384746100873
4589.563,0.8907207682722431,-0.22375998649210427
4589.583,0.9006985146221758,-0.22444560092141305
4589.603,0.9106790658242384,-0.2251200361967878
4589.623,0.9206598142006538,-0.22579865101853247
4589.643,0.9306433429787304,-0.22647266223238458
4589.663,0.9406194872116249,-0.22715604580706106
4589.683,0.9505930994426955,-0.2278373800160294
4589.703,0.9605692195762057,-0.22852387986679543
4589.723,0.9705452643049133,-0.22921087793459322
4589.743,0.9805214700698432,-0.2298949315274492
4589.763,0.9905296054355852,-0.230570925524124
4589.783,1.000525862728787,-0.23125529443244855
4589.803,1.0105020165658334,-0.23193908432472837
4589.823,1.020478178635722,-0.23262299689702262
4589.843,1.0304543426179782,-0.2333068987267764
4589.863,1.0404305082831125,-0.23399079038086823
4589.883,1.0504066757818398,-0.2346746703598049
4589.903,1.060382844421526,-0.2353585400875431
4589.923,1.0703590147302113,-0.23604239859731327
4589.943,1.0803351868193147,-0.236726245709586
4589.963,1.0903113605169192,-0.23741008176746278
4589.983,1.1002875357818913,-0.2380939068429939
4590.003,1.11026371270057,-0.23877772073737255
4590.023,1.1202398910805733,-0.23946152377597432
4590.043,1.1302160708578795,-0.2401453160142067
4590.063,1.1401922521010055,-0.2408290972382063
4590.083,1.1501684345977654,-0.24151286775939937
4590.103,1.1601446182697939,-0.24219662762084163
4590.123,1.1701208030329002,-0.2428803768621999
4590.143,1.1800969888188504,-0.2435641141878052
4590.163,1.19007317565711,-0.24424784069993855
4590.183,1.2000493633212523,-0.2449315566959684
4590.203,1.210025551736835,-0.24561526087416252
4590.223,1.220001740794744,-0.24629895459685022
4590.243,1.2299779304055511,-0.24698263789298663
4590.263,1.2399541204971791,-0.24766630945827436
4590.283,1.2499303111039917,-0.24834997038884046
4590.303,1.2599065020232494,-0.24903361964511225
4590.323,1.2698826931602563,-0.24971725858850077
4590.343,1.2798588844581904,-0.2504008859156438
4590.363,1.2898350758329828,-0.25108450298939183
4590.383,1.2998112672397601,-0.2517681085082062
4590.403,1.309809336853439,-0.25244916247747257
4590.423,1.3197855600566746,-0.2531325975222881
4590.443,1.3297617603777099,-0.2538160397918033
4590.463,1.3397379599389503,-0.2544994708126052
4590.483,1.349714159620449,-0.2551828905792888
4590.503,1.3596903592822405,-0.25586629816515255
4590.523,1.3696665590315558,-0.2565496947773078
4590.543,1.379642758744106,-0.2572330794838376
4590.563,1.3896189580157388,-0.25791645321203915
4590.583,1.39959515726974,-0.2585998152972377
4590.603,1.409571356649126,-0.2592831669340739
4590.623,1.4195475560645907,-0.2599665071783568
4590.643,1.4295477067687883,-0.2606161550412457
4590.663,1.4395402298653843,-0.26128922539013094
4590.683,1.4495165326538346,-0.2619709208029755
4590.703,1.4594901253149053,-0.26265199779744264
4590.723,1.4694673029163867,-0.2633272257482479
4590.743,1.4794445362499737,-0.26401531499650366
4590.763,1.4894204385062062,-0.2646976167626948
4590.783,1.4994019995785905,-0.2653790338886693
4590.803,1.5093782527975306,-0.26606025630578717
4590.823,1.5193824891406056,-0.2667284466674124
4590.843,1.5293570638708565,-0.26741899486745074
4590.863,1.5393328338005952,-0.26809153186322976
4590.883,1.5493026190210588,-0.2687809261038103
4590.903,1.5592767262810188,-0.2694660181214553
4590.923,1.5692747118355543,-0.27013852250196596
4590.943,1.579249411847215,-0.27082395873474224
4590.963,1.5892331996276643,-0.2714973050456737
4590.983,1.599217231064939,-0.272170285077012
4591.003,1.6091913930196406,-0.27286090470442026
4591.023,1.6191750486437693,-0.27353091887649866
4591.043,1.629189926704834,-0.2741991639195337
4591.063,1.6391663730562223,-0.2748787939622295
4591.083,1.649142824631651,-0.27555847773060943
4591.103,1.6591192780652408,-0.2762381514945535
4591.123,1.6690957326686955,-0.27691781347194866
4591.143,1.679072189089416,-0.27759746510581496
4591.163,1.6890486471952288,-0.278277105427331
4591.183,1.6990251069676436,-0.2789567345280194
4591.203,1.7090015683786466,-0.2796363524921363
4591.223,1.7189780315123646,-0.2803159604649381
4591.243,1.7289544962062797,-0.2809955574499411
4591.263,1.7389309625453424,-0.2816751432475176
4591.283,1.7489074303362515,-0.28235471818250124
4591.303,1.7588838989841789,-0.28303428203663367
4591.323,1.7688603694959109,-0.2837138340738543
4591.343,1.7788368412490003,-0.2843933753999193
4591.363,1.7888133143009122,-0.2850729057926197
4591.383,1.798789787900543,-0.28575242528311895
4591.403,1.8087662624915866,-0.2864319341812209
4591.423,1.8187427385299972,-0.2871114314616198
4591.443,1.8287192148499536,-0.2877909179432577
4591.463,1.8386956920254571,-0.28847039366513144
4591.483,1.848672170375848,-0.2891498578623505
4591.503,1.8586486487341805,-0.28982931135028156
4591.523,1.8686251280891317,-0.29050875337098037
4591.543,1.8786016078082572,-0.29118818501231164
4591.563,1.888578087827009,-0.2918676049701993
4591.583,1.8985545680506581,-0.2925470146061479
4591.603,1.9085310484240823,-0.29322641261714577
4591.623,1.9185075289999436,-0.2939058001012984
4591.643,1.9284840095987459,-0.2945851760223494
4591.663,1.9384613870667338,-0.2952689820739351
4591.683,1.9484378709759065,-0.2959484383765668
4591.703,1.9584143433952546,-0.2966278924657925
4591.723,1.9683908157178298,-0.2973073341759524
4591.743,1.9783672881584922,-0.2979867646407227
4591.763,1.9883437600306313,-0.298666183993339
4591.783,1.9983202319899391,-0.29934559238082614
4591.803,2.008296703912903,-0.3000249888709457
4591.823,2.0182731759272783,-0.3007043746639404
4591.843,2.0282496479274723,-0.3013837488213624
4591.863,2.0382261194087334,-0.3020631111965358
4591.883,2.0482025910525685,-0.3027424632534801
4591.903,2.0581793063256253,-0.30341597561462114
4591.923,2.0681835561194193,-0.30408163028208995
4591.943,2.078160067329489,-0.30476031840335466
4591.963,2.088134031687189,-0.3054500883362103
4591.983,2.0981327148050495,-0.3061165877446407
4592.003,2.1081096904888197,-0.3067899161792202
4592.023,2.1180877796460025,-0.3074706422679315
4592.043,2.128055898089293,-0.3081616141192822
4592.063,2.13803405158445,-0.30882886692601147
4592.083,2.1480227758098986,-0.3095019322887687
4592.103,2.1580004630333964,-0.310178544611569
4592.123,2.1680048380283683,-0.3108429690150726
4592.143,2.177979386829694,-0.3115309660437447
4592.163,2.1879550827220284,-0.3121996750688167
4592.183,2.1979551895126446,-0.31285939876781704
4592.203,2.2079258949505802,-0.31354779055110377
4592.223,2.2179100330037276,-0.3142167515146869
4592.243,2.2278943933428095,-0.3148852967705903
4592.263,2.2378712945350205,-0.31556564498757966
4592.283,2.2478480074309077,-0.3162409377381099
4592.303,2.2578234525605505,-0.3169229961702816
4592.323,2.2678001530701746,-0.3175989637677779
4592.343,2.2777768561662457,-0.3182749460171606
4592.363,2.287753561112884,-0.3189509166047418
4592.383,2.2977302677433977,-0.3196268770221944
4592.403,2.3077069760697873,-0.32030282604030896
4592.423,2.3176836861995764,-0.3209787648241133
4592.443,2.3276603974621306,-0.3216546921232111
4592.463,2.337637110494021,-0.3223306080281302
4592.483,2.347613825122985,-0.3230065128800994
4592.503,2.3575905413036193,-0.3236824067490045
4592.523,2.3675672589849985,-0.32435828969905695
4592.543,2.3775439782438403,-0.32503416152400666
4592.563,2.387520698879568,-0.3257100225427918
4592.583,2.3974974208203137,-0.32638587280478865
4592.603,2.4074741439908367,-0.32706171235549514
4592.623,2.417450868445933,-0.3277375409717407
4592.643,2.4274275939811836,-0.32841335762468304
4592.663,2.4374043204928277,-0.3290891636829963
4592.683,2.4473810478921885,-0.3297649591805647
4592.703,2.457357776224246,-0.33044074388434574
4592.723,2.4673345051398625,-0.33111651702214484
4592.743,2.477311234806171,-0.33179227942614475
4592.763,2.4872879650115243,-0.3324680300573327
4592.783,2.497264695653659,-0.3331437702767567
1758191480.5727365,0.44048766320166566,-0.6478947733156454
4592.803,0.4503419544191551,-0.6495932186995621
4592.823,0.4601962471236748,-0.6512916524872066
4592.843,0.4700505410826824,-0.6529900760232937
4592.863,0.47990483637538583,-0.6546884880060623
4592.883,0.4897591329429792,-0.6563868895333644
4592.903,0.49961343071388525,-0.6580852795561851
4592.923,0.5094682820519606,-0.659779996362418
4592.943,0.5193226043419192,-0.6614782514663942
4592.963,0.5291769239877491,-0.6631764973620738
4592.983,0.5390312448929996,-0.6648747309079962
4593.003,0.5488855670662015,-0.6665729533011286
4593.023,0.5587398898131707,-0.6682711646037321
4593.043,0.568594213770951,-0.669969365027923
4593.063,0.5784485389152744,-0.6716675536332507
4593.083,0.5883028652503852,-0.6733657316256749
4593.103,0.5981571927704201,-0.6750638980604542
4593.123,0.6080115214870512,-0.6767620530648445
4593.143,0.6178619238813701,-0.6784713268399192
4593.163,0.6277164160827821,-0.6801662667370538
4593.183,0.6375685974903741,-0.6818614815535852
4593.203,0.6474229355479467,-0.683559555712272
4593.223,0.6572755885408895,-0.6852627846803107
4593.243,0.6671324022925671,-0.6869549793842643
4593.263,0.6769858196989041,-0.6886562804522237
4593.283,0.6868388469240182,-0.6903581183379904
4593.303,0.696716698551185,-0.6920449378475071
4593.323,0.7065720807332672,-0.6937375097556316
4593.343,0.7164265223254206,-0.6954351436935738
4593.363,0.7262815445237542,-0.6971325217027285
4593.383,0.7361356714223533,-0.6988301843286644
4593.403,0.7459913536602473,-0.7005264914447921
4593.423,0.7558521998061071,-0.7022196096623677
4593.443,0.7657078088628777,-0.7039116157330536
4593.463,0.7755608115884653,-0.7056142283766432
4593.483,0.7854137619244179,-0.707317367195509
4593.503,0.7952668360877977,-0.7090202643913118
4593.523,0.8051316497094214,-0.7107089840006566
4593.543,0.8149861448558487,-0.7124066691088825
4593.563,0.8248304313597911,-0.7141093015509447
4593.583,0.8346849970364816,-0.7158060786946273
4593.603,0.8445395650935469,-0.717502857696765
4593.623,0.8543941355349947,-0.719199625100654
4593.643,0.8642487087020622,-0.720896382561311
4593.663,0.8741032848921633,-0.7225931286070661
4593.683,0.883957863767967,-0.7242898649062629
4593.703,0.8938124456124894,-0.7259865899713622
4593.723,0.9036670302240577,-0.7276833041303362
4593.743,0.9135216175579128,-0.7293800074543685
4593.763,0.9233762070612666,-0.7310766996818835
4593.783,0.9332307993377944,-0.7327733809465802
4593.803,0.9430853941583345,-0.7344700515496367
4593.823,0.9529399914525049,-0.7361667115374398
4593.843,0.9627945913056517,-0.7378633607014738
4593.863,0.9726491934747338,-0.7395599993283769
4593.883,0.9825037978736862,-0.7412566274509108
4593.903,0.9912000679387014,-0.7422717649825337
4593.923,0.9981721580028731,-0.7422601556826313
4593.943,1.0030888848904829,-0.7418159186351312
4593.963,1.0061748399746335,-0.7411586850297915
4593.983,1.0074236279883642,-0.7407826833188792
4594.003,1.0074156010548359,-0.7407897291124612
4594.023,1.0074155925877137,-0.7407897867847277
4594.043,1.0074155884383296,-0.7407898110292161
4594.063,1.007415586317001,-0.7407898209040145
4594.083,1.0074155851659485,-0.7407898243914061
4594.103,1.0074155844726354,-0.7407898250548722
4594.123,1.0074155839953607,-0.7407898244868127
4594.143,1.0074155836220617,-0.7407898233980333
4594.163,1.0074155833012464,-0.7407898221050904
4594.183,1.007415583009304,-0.7407898207482806
4594.203,1.0074155827353415,-0.7407898193891312
4594.223,1.007415582474235,-0.7407898180540007
4594.243,1.0074155822234723,-0.7407898167535694
4594.263,1.0074155819817248,-0.7407898154915572
4594.283,1.0074155817482038,-0.7407898142686193
4594.303,1.0074155815223718,-0.7407898130840831
4594.323,1.0074155813038113,-0.7407898119367254
4594.343,1.007415581092167,-0.740789810825117
4594.363,1.0074155808871186,-0.7407898097477763
4594.383,1.0074155806883678,-0.7407898087032361
4594.403,1.0074155804956344,-0.740789807690069
4594.423,1.0074155803086515,-0.7407898067069006
4594.443,1.0074155801271656,-0.740789805752411
4594.463,1.0074155799509334,-0.7407898048253403
4594.483,1.0074155797797237,-0.7407898039244798
4594.503,1.007415579613315,-0.740789803048675
4594.523,1.0074155794514956,-0.7407898021968218
4594.543,1.0074155792940633,-0.7407898013678647
4594.563,1.0074155791408248,-0.7407898005607947
4594.583,1.007415578991595,-0.7407897997746472
4594.603,1.0074155788461976,-0.7407897990084998
4594.623,1.0074155787044634,-0.7407897982614711
4594.643,1.007415578566231,-0.740789797532718
4594.663,1.0074155784313463,-0.7407897968214366
4594.683,1.0074155782996617,-0.7407897961268554
4594.703,1.007415578171036,-0.7407897954482388
4594.723,1.0074155780453344,-0.740789794784884
4594.743,1.007415577922428,-0.7407897941361178
4594.763,1.007415577802194,-0.740789793501297
4594.783,1.0074155776845144,-0.7407897928798071
4594.803,1.0074155775692764,-0.7407897922710607
4594.823,1.0074155774563724,-0.7407897916744969
4594.843,1.0074155773457,-0.7407897910895768
4594.863,1.0074155772371607,-0.7407897905157887
4594.883,1.0074155771306599,-0.7407897899526429
4594.903,1.0074155770261084,-0.7407897893996684
4594.923,1.00741557692342,-0.7407897888564177
4594.943,1.0074155768225128,-0.7407897883224629
4594.963,1.0074155767233082,-0.7407897877973934
4594.983,1.0074155766257311,-0.7407897872808178
4595.003,1.00741557652971,-0.7407897867723623
4595.023,1.0074155764351758,-0.740789786271669
4595.043,1.0074155763420634,-0.7407897857783952
4595.063,1.00741557625031,-0.7407897852922147
4595.083,1.0074155761598562,-0.7407897848128132
4595.103,1.007415576070644,-0.7407897843398935
4595.123,1.007415575982619,-0.7407897838731692
4595.143,1.0074155758957288,-0.7407897834123685
4595.163,1.0074155758099235,-0.7407897829572295
4595.183,1.007415575725155,-0.7407897825075026
4595.203,1.0074155756413778,-0.7407897820629495
4595.223,1.0074155755585485,-0.7407897816233417
4595.243,1.0078192722708845,-0.7401311149429813
4595.263,1.0088538206753481,-0.7380636309748968
4595.283,1.0092779968820507,-0.7353896618185234
4595.303,1.0097940711053621,-0.7326556663888373
4595.323,1.0105673018319923,-0.7297838726952819
4595.343,1.0113219535820346,-0.7269180030725134
4595.363,1.0116074225665046,-0.7242325476173148
4595.383,1.0118146911339838,-0.7215837572137676
4595.403,1.0119398445150498,-0.7188857987126905
4595.423,1.0120148691069872,-0.7161870366705294
4595.443,1.0120412892724584,-0.7134873656750046
4595.463,1.0120191133959013,-0.7107876538836363
4595.483,1.0119483485852419,-0.7080887769090919
4595.503,1.0118290175938864,-0.7053916100446989
4595.523,1.0116611590082536,-0.7026970281983979
4595.543,1.0114448268569787,-0.7000059052050135
4595.563,1.0111800916506335,-0.6973191137404069
4595.583,1.010867039287359,-0.6946375250571041
4595.603,1.0105057710634109,-0.6919620087056471
4595.623,1.0100964042998313,-0.6892934320432991
4595.643,1.0096390719404484,-0.6866326602218948
4595.663,1.009133922490923,-0.6839805557088707
4595.683,1.0085811196598193,-0.6813379780244558
4595.703,1.0079808392203862,-0.678705784501761
4595.723,1.0073336334823513,-0.6760849804956345
4595.743,1.0066392734570848,-0.673476102611926
4595.763,1.005898071853721,-0.6708801559734127
4595.783,1.005110268931286,-0.668297983541245
4595.803,1.0042761202596961,-0.6657304221235685
4595.823,1.0033958970243637,-0.6631783034047798
4595.843,1.0024698854195875,-0.6606424541639242
4595.863,1.0014983858473616,-0.6581236959874709
4595.883,1.0004817139744422,-0.6556228445491668
4595.903,0.9994201999033665,-0.6531407098579178
4595.923,0.9983141880588712,-0.6506780956018299
4595.943,0.9971640373678314,-0.6482357992239941
4595.963,0.995970121398051,-0.6458146113962572
4595.983,0.9947328274428774,-0.6434153159047182
4596.003,0.9934525567204132,-0.6410386893099309
4596.023,0.9921297244895547,-0.638685501064742
4596.043,0.9907647599137559,-0.6363565124959862
4596.063,0.9893581055098875,-0.6340524773595165
4596.083,0.9879102171271086,-0.631774141188162
4596.103,0.9864215642642776,-0.6295222411358858
4596.123,0.9848926293650639,-0.6272975058269659
4596.143,0.9833239078666705,-0.6251006547274126
4596.163,0.981715907984313,-0.6229323987758838
4596.183,0.9800691505765957,-0.6207934390771267
4596.203,0.978384168909648,-0.6186844676215902
4596.223,0.9766615087225232,-0.6166061664924527
4596.243,0.9749017279136588,-0.6145592077163143
4596.263,0.9731053959221722,-0.6125442535443918
4596.283,0.9712730943624247,-0.6105619552444648
4596.303,0.9694054161379433,-0.6086129541496733
4596.323,0.9675029656525715,-0.6066978805533415
4596.343,0.9655663584548347,-0.6048173537031303
4596.363,0.9635962210569913,-0.6029719819316678
4596.383,0.9615931905892718,-0.6011623619526477
4596.403,0.9595579152297198,-0.5993890792426204
4596.423,0.9574910531731975,-0.5976527072621671
4596.443,0.9553932727648415,-0.5959538078259828
4596.463,0.9532652525471874,-0.5942929306137922
4596.483,0.9511076806266734,-0.5926706131627116
4596.503,0.9489212549885631,-0.5910873803751324
4596.523,0.9467066824074373,-0.5895437449207456
4596.543,0.9444646791871407,-0.5880402063761903
4596.563,0.9421959704342898,-0.5865772517845541
4596.583,0.9399012899483951,-0.5851553548683157
4596.603,0.9375813800235605,-0.5837749765616284
4596.623,0.9352369910385133,-0.5824365639575452
4596.643,0.9328688814722247,-0.5811405509701199
4596.663,0.9304778176427033,-0.5798873579047757
4596.683,0.9280645733062453,-0.5786773912572288
4596.703,0.9256299295332078,-0.5775110434107565
4596.723,0.9231746744867158,-0.5763886928972209
4596.743,0.9206996030263285,-0.5753107042396665
4596.763,0.9182055167645348,-0.5742774273555682
4596.783,0.9156932233660847,-0.5732891979467577
4596.803,0.9131635366605386,-0.5723463370494984
4596.823,0.9106172761780112,-0.5714491509278004
4596.843,0.9080552671201877,-0.5705979312758503
4596.863,0.9054783397189432,-0.5697929548974585
4596.883,0.902887329297563,-0.5690344834174442
4596.903,0.900283075678246,-0.5683227635842086
4596.923,0.8976664233022472,-0.5676580269132279
4596.943,0.8950382204604418,-0.5670404895247153
4596.963,0.8923993194269746,-0.5664703524741558
4596.983,0.8897505760093392,-0.5659478012599795
4597.003,0.8870928491180999,-0.565473005822447
4597.023,0.8844270007997093,-0.5650461207583672
4597.043,0.8817538955910234,-0.5646672848063161
4597.063,0.879074400394916,-0.5643366213518574
4597.083,0.8763893842111442,-0.5640542379076979
4597.103,0.8736997179411568,-0.5638202264613091
4597.123,0.8710062736843833,-0.5636346630746344
4597.143,0.8683099251357135,-0.563497608140647
4597.163,0.8656115464194447,-0.5634091062905829
4597.183,0.8629120127615861,-0.5633691864146118
4597.203,0.8602121992069227,-0.5633778614117063
4597.223,0.8575129811924468,-0.5634351285245868
4597.243,0.854815233752605,-0.5635409692326586
4597.263,0.8521198315264586,-0.5636953492191669
4597.283,0.8494276481090236,-0.5638982182874246
4597.303,0.8467395560212444,-0.564149510700324
4597.323,0.844056426575343,-0.5644491448779246
4597.343,0.8413791292180336,-0.5647970235993756
4597.363,0.8387085315325719,-0.5651930339761725
4597.383,0.8360454989244045,-0.565637047558127
4597.403,0.8333908941382414,-0.5661289203182364
4597.423,0.8307455771049751,-0.566668492732272
4597.443,0.8281104049470421,-0.5672555898024251
4597.463,0.8254898165526484,-0.5678492478661322
4597.483,0.8228769551578298,-0.5685316107398786
4597.503,0.8202795436078001,-0.5692584375152231
4597.523,0.8176925974511315,-0.5699919590165843
4597.543,0.8151203843440733,-0.5708141645597784
4597.563,0.81256632598367,-0.5716798952703541
4597.583,0.8100244233153681,-0.5725518989918983
4597.603,0.8075004106784843,-0.5735115505992984
4597.623,0.8057953344738277,-0.5735447393760597
4597.643,0.8052389539893263,-0.5731106932666372
4597.663,0.8052441437051502,-0.5731114390875949
4597.683,0.8052442281578103,-0.573111402861765
4597.703,0.8052442504668493,-0.5731113933402741
4597.723,0.80524426033032,-0.5731113892303843
4597.743,0.8052442646389869,-0.5731113874901311
4597.763,0.8052442663887922,-0.5731113868261081
4597.783,0.8052442669601769,-0.573111386652718
4597.803,0.805244266990502,-0.5731113867027942
4597.823,0.8052442667741048,-0.573111386853956
4597.843,0.8052442664468632,-0.5731113870500278
4597.863,0.8052442660714311,-0.5731113872652178
4597.883,0.8052442656766177,-0.5731113874877133
4597.903,0.8052442652755925,-0.5731113877121407
4597.923,0.8052442648742995,-0.5731113879360942
1758191486.975615,-0.056351982924037314,-1.0247083450385568
4597.943,-0.05635198281763557,-1.0247083445943512
4597.963,-0.05635198271213276,-1.0247083441539664
4597.983,-0.05635198260768964,-1.0247083437177618
4598.003,-0.05635198250434667,-1.0247083432857764
4598.023,-0.056351982402089384,-1.0247083428579047
4598.043,-0.05635198230088101,-1.0247083424339842
4598.063,-0.053008998769253496,-1.0259268572096127
4598.083,-0.04632221963718194,-1.0283641627515627
4598.103,-0.03695116503503427,-1.0318083117911874
4598.123,-0.027571239720135206,-1.0352445772033092
4598.143,-0.018186806972160435,-1.0386821230151992
4598.163,-0.008799842398860901,-1.042120490732414
4598.183,0.0005841729809886401,-1.0455578611869838
4598.203,0.010518850041838699,-1.0497162909082227
4598.223,0.020392250534333613,-1.0534510703933742
4598.243,0.02976440598626258,-1.0569032115497334
4598.263,0.039153577698244034,-1.060342784716105
4598.283,0.04854916815373281,-1.0638141327778237
4598.303,0.05793608840449126,-1.0672606749569935
4598.323,0.06732319956426677,-1.0707109030490982
4598.343,0.07671018203890669,-1.0741612986326887
4598.363,0.08609639709660408,-1.0776099669772932
4598.383,0.09548164614868337,-1.0810606543386152
4598.403,0.10486816293572135,-1.0845077609376776
4598.423,0.11425369221729247,-1.0879579946628
4598.443,0.12363952557807457,-1.0914075127154332
4598.463,0.1330255632110959,-1.0948565793990797
4598.483,0.1424117334552682,-1.0983053453283191
4598.503,0.15179798144375908,-1.1017539415093671
4598.523,0.1611842700209283,-1.105202445785522
4598.543,0.17057057056174002,-1.108650923133061
4598.563,0.17995686167508337,-1.112099416038667
4598.583,0.18934312478596582,-1.1155479616484187
4598.603,0.19872934065220182,-1.1189965888816544
4598.623,0.20811548651515438,-1.122445325658547
4598.643,0.21750152822402807,-1.1258942024277465
4598.663,0.2268874035213365,-1.1293432560595662
4598.683,0.23627294097099513,-1.1327925236196528
4598.703,0.24565896362325967,-1.1362393007986469
4598.723,0.2550453356485952,-1.1396873206879747
4598.743,0.2644317034878657,-1.1431353593707159
4598.763,0.2738180661923006,-1.1465834120704708
4598.783,0.2832044238159917,-1.1500314786049708
4598.803,0.2925907763661202,-1.1534795591287932
4598.823,0.3019771239105393,-1.1569276535033037
4598.843,0.3113634659017508,-1.1603757616149668
4598.863,0.3207498029333032,-1.1638238837280546
4598.883,0.3301361350126236,-1.1672720199843627
4598.903,0.3395224622367526,-1.1707201700830097
4598.923,0.34890878461271196,-1.1741683341551499
4598.943,0.35694094043844316,-1.1777484081932912
4598.963,0.3634502763209178,-1.1808254187462905
4598.983,0.3683353795524907,-1.1832269559105613
4599.003,0.3716514613116602,-1.1849998528657897
4599.023,0.3741929658302714,-1.1869020183577683
4599.043,0.37584850960059507,-1.1890010721878275
4599.063,0.3765909720083991,-1.1912140898881636
4599.083,0.3764186773414731,-1.1935806502108361
4599.103,0.37525780973150563,-1.1960978865622423
4599.123,0.3735910148957635,-1.1986317301985205
4599.143,0.3722966711642009,-1.201126381834476
4599.163,0.3711103269203576,-1.203552970087131
4599.183,0.36988043120741476,-1.2059579630121406
4599.203,0.368607469926837,-1.2083403897994258
4599.223,0.36729104083667324,-1.210699047820759
4599.243,0.365932536745348,-1.2130337372582847
4599.263,0.36453224218967156,-1.215343597506221
4599.283,0.3630906018910769,-1.217627874437101
4599.303,0.3616080822887348,-1.2198858270927122
4599.323,0.3600851631425851,-1.2221167232061019
4599.343,0.3614606178572641,-1.226394673268562
4599.363,0.3650883630357359,-1.2319103069036004
4599.383,0.37030287267154866,-1.237663451713737
4599.403,0.3771245528054022,-1.2436637362977816
4599.423,0.3850060431610878,-1.2498192306088445
4599.443,0.3928861222826444,-1.2559766173611238
4599.463,0.4014803299354447,-1.2621800047152336
4599.483,0.40937968808038605,-1.268293972587175
4599.503,0.4172566787059941,-1.2744439002632004
4599.523,0.42514255590944994,-1.2805974429876574
4599.543,0.43302716255854484,-1.2867445662727128
4599.563,0.4409111036382385,-1.2928958931656884
4599.583,0.4487948560420149,-1.2990473980835147
4599.603,0.45667847322010247,-1.305199027798805
4599.623,0.464561983120198,-1.3113507578126375
4599.643,0.47244540543838515,-1.3175025718392745
4599.663,0.4803287553571524,-1.3236544582067307
4599.683,0.48821204331042517,-1.3298064076287524
4599.703,0.4960952774824052,-1.3359584134057108
4599.723,0.503978463991136,-1.3421104705228168
4599.743,0.511864213860022,-1.348259268826572
4599.763,0.5197499685068904,-1.3544080569123582
4599.783,0.52763569816568,-1.3605569072424182
4599.803,0.5355214423211203,-1.3667057163122327
4599.823,0.5434071720251449,-1.3728545507481773
4599.843,0.551292909423978,-1.3790033757920468
4599.863,0.5591786560871724,-1.3851521889222251
4599.883,0.567064412285696,-1.3913009899471867
4599.903,0.5749501779493141,-1.3974497790066012
4599.923,0.5828359531111893,-1.4035985561388995
4599.943,0.5907217378014249,-1.4097473213852967
4599.963,0.5986075321523144,-1.4158960746857723
4599.983,0.6064933361831684,-1.4220448160850512
4600.003,0.6143819028927896,-1.4281893917086006
4600.023,0.622267844305703,-1.4343380651723059
4600.043,0.6301522583841641,-1.4404878882254355
4600.063,0.6380386736378687,-1.44663633198346
4600.083,0.6459227886834791,-1.4527863083694006
4600.103,0.6538071030808675,-1.4589362170069815
4600.123,0.6616915308350869,-1.465086079735885
4600.143,0.6695760230624123,-1.4712359110745732
4600.163,0.6774605476643877,-1.4773857197559344
4600.183,0.6853450835374651,-1.4835355075105647
4600.203,0.6932296134640666,-1.4896852673896515
4600.223,0.7011141191429688,-1.4958349725899425
4600.243,0.7089984948202205,-1.5019845264214995
4600.263,0.7168816101555289,-1.5081368444911676
4600.283,0.72410714861276,-1.5132396440128477
4600.303,0.7301482555275416,-1.5172577758396344
4600.323,0.7347293004919394,-1.520188152526628
4600.343,0.7380067346026953,-1.5222418809776366
4600.363,0.7410696023102706,-1.5234547892109451
4600.383,0.7440231731094408,-1.523959126262976
4600.403,0.7467771931886034,-1.5237184679973075
4600.423,0.7492462320214097,-1.5228163026486683
4600.443,0.7514380197437919,-1.5210503532569455
4600.463,0.7535274480624535,-1.5188484876744524
4600.483,0.755571556994501,-1.516611795217675
4600.503,0.7575778835734094,-1.5143362655811192
4600.523,0.7624234596740791,-1.513867684979485
4600.543,0.7688938080031633,-1.5148907612048965
4600.563,0.7762223260094274,-1.5172686723897213
4600.583,0.7844265068805644,-1.521014998388702
4600.603,0.7932429566688802,-1.5257343385199629
4600.623,0.8023111653520272,-1.5307014549292592
4600.643,0.8111501706258871,-1.5354443032319687
4600.663,0.8200003926571663,-1.5402227376902733
4600.683,0.8288282864711334,-1.5449776017682262
4600.703,0.8376386215579837,-1.5497061233009473
4600.723,0.8464530978893964,-1.5544279845964506
4600.743,0.8552676709640507,-1.559149932236434
4600.763,0.864082237088706,-1.563871895171813
4600.783,0.8728967955839413,-1.5685938730501758
4600.803,0.8817113459032663,-1.5733158656067512
4600.823,0.8905258880524679,-1.5780378728423468
4600.843,0.8993404225602112,-1.5827598950402142
4600.863,0.9081549489058386,-1.5874819319211648
4600.883,0.9169694676253739,-1.592203983753372
4600.903,0.9257839782056974,-1.5969260502421743
4600.923,0.9345984806610634,-1.6016481313662263
4600.943,0.9434057033955099,-1.6063772079812182
4600.963,0.9522158712238761,-1.6110974963417684
4600.983,0.9610240056849549,-1.6158202683132048
4601.003,0.9698293995550402,-1.62055672746236
4601.023,0.9786572965113142,-1.6252925225510666
4601.043,0.9874753449819796,-1.6300077827534734
4601.063,0.9963013761639403,-1.6347544163514005
4601.083,1.0051077980415648,-1.6394850315891036
4601.103,1.0139171171170587,-1.6442069401663448
4601.123,1.022724439799889,-1.648931316390877
4601.143,1.0315293800162109,-1.653668692593171
4601.163,1.0403565034577442,-1.6584061965910868
4601.183,1.0491736962130964,-1.6631230286525334
4601.203,1.0579870484555571,-1.6678473544291497
4601.223,1.0668002068192286,-1.6725719489634843
4601.243,1.075613355743269,-1.6772965594751947
4601.263,1.0844264968841049,-1.6820211838430914
4601.283,1.093239630817436,-1.6867458222725744
4601.303,1.1020527570385308,-1.6914704744474278
4601.323,1.1108658761003605,-1.6961951406042508
4601.343,1.1196789874975681,-1.700919820426367
4601.363,1.1284920912527574,-1.7056445138769896
4601.383,1.1373051879129894,-1.7103692211981414
4601.403,1.1461182769607723,-1.7150939420986964
4601.423,1.1549404728588515,-1.7198274138573622
4601.443,1.1637540921399026,-1.7245510294938544
4601.463,1.1725670872501517,-1.7292762966279855
4601.483,1.1813787597778422,-1.7340037316155341
4601.503,1.1901907379904926,-1.7387306603911015
4601.523,1.1990029290072923,-1.743457249440477
4601.543,1.2078152525722257,-1.7481836294587383
4601.563,1.2166276587083775,-1.7529098764070228
4601.583,1.2254401115692426,-1.7576360502576711
4601.603,1.2342525877738173,-1.7623621889648293
4601.623,1.2430650693986516,-1.7670883230824577
4601.643,1.2518775443119754,-1.7718144741273616
4601.663,1.2606900018229044,-1.7765406597117934
4601.683,1.2695024339506973,-1.7812668937655325
4601.703,1.2783148335672236,-1.785993188717712
4601.723,1.2871271950714915,-1.7907195556263733
4601.743,1.2959395123018813,-1.7954460042383846
4601.763,1.304751779635615,-1.8001725437552614
4601.783,1.3135639916794544,-1.8048991821338018
4601.803,1.3223761431425272,-1.8096259275056836
4601.823,1.331188227970016,-1.8143527891617288
4601.843,1.3400002368857573,-1.819079777464236
4601.863,1.3488121593016646,-1.8238069030960171
4601.883,1.357623983181127,-1.8285341761651008
4601.903,1.366435685146187,-1.8332616132426485
4601.923,1.3752472299762903,-1.8379892337336812
4601.943,1.3840585452588614,-1.8427170631483023
4601.963,1.392872238903832,-1.8474401655148691
4601.983,1.4016845074650524,-1.8521664148456523
4602.003,1.4104967647148532,-1.8568926875670886
4602.023,1.419309013717437,-1.8616189750405525
4602.043,1.4281212545110948,-1.866345277188071
4602.063,1.4369334876226871,-1.87107159430422
4602.083,1.445745712526378,-1.8757979261198017
4602.103,1.4545579297595288,-1.880524272908175
4602.123,1.4633701387988787,-1.8852506343940034
4602.143,1.472182339655513,-1.8899770105695883
4602.163,1.4809945328760126,-1.8947034016847422
4602.183,1.4898067179454797,-1.8994298074500993
4602.203,1.4986188948849335,-1.904156227833957
4602.223,1.50743106424388,-1.9088826630795563
4602.243,1.5162432255140832,-1.91360911288274
4602.263,1.5250363194002725,-1.9183544088082514
4602.283,1.5338622741881145,-1.9230938475622734
4602.303,1.5426783782635203,-1.9278127436167933
4602.323,1.5515024570599705,-1.932563024926491
4602.343,1.5603069250586887,-1.9372972724705388
4602.363,1.5691142965167444,-1.942022811517644
4602.383,1.5779196720638464,-1.9467508264288644
4602.403,1.5867226803799777,-1.9514917985845146
4602.423,1.5955478626861874,-1.9562329567629546
4602.443,1.6043631009466766,-1.9609534298372628
4602.463,1.613174500569231,-1.9656813910418471
4602.483,1.6219857094745984,-1.9704096201817598
4602.503,1.6307969089758891,-1.9751378652899505
4602.523,1.6396081006980343,-1.9798661242518398
4602.543,1.648419285209951,-1.9845943972813045
4602.563,1.657230462012698,-1.9893226840549054
4602.583,1.6660416316569875,-1.9940509848096406
4602.603,1.6748527936388604,-1.9987792992301026
4602.623,1.6836639479788105,-2.0035076272796384
4602.643,1.692475095220406,-2.008235969210963
4602.663,1.7012862348484903,-2.012964324724505
4602.683,1.7100956438047128,-2.017692399453202
4602.703,1.7189061119731373,-2.022422282765731
4602.723,1.727715362284056,-2.0271541674138507
4602.743,1.7365270823847625,-2.0318818834839476
4602.763,1.7453384978576685,-2.036610087833843
4602.783,1.7541497204725114,-2.0413386230665296
4602.803,1.7629608130625367,-2.046067383102771
4602.823,1.7717718133527722,-2.050796304214369
4602.843,1.7805827461491217,-2.0555253449987423
4602.863,1.78939362545283,-2.0602544805451486
4602.883,1.7982044596549405,-2.064983696367912
4602.903,1.8070152530702337,-2.0697129852603138
4602.923,1.815826007415096,-2.074442344230466
1758191493.30736,-0.33310648806538,-2.0962728193227766
4602.943,-0.3240527342350172,-2.1005184929265885
4602.963,-0.3149990164844466,-2.10476424164321
4602.983,-0.30594533794956075,-2.1090100698043117
4603.003,-0.2968917014896847,-2.11325598267213
4603.023,-0.28783811141320026,-2.1175019875759324
4603.043,-0.27878457191535744,-2.1217480913680653
4603.063,-0.26973108779065813,-2.125994302684043
4603.083,-0.260677665258657,-2.1302406290058102
4603.103,-0.2516243113373779,-2.134487079360508
4603.123,-0.24257103651184192,-2.1387336661449123
4603.143,-0.2335178547945306,-2.142980404299005
4603.163,-0.22446478849159146,-2.147227311368212
4603.183,-0.2154118707541212,-2.1514744061072775
4603.203,-0.20635917684621644,-2.1557217163477653
4603.223,-0.19730558469361054,-2.159967369764697
4603.243,-0.1882520811075332,-2.164213262310154
4603.263,-0.1791985856333712,-2.1684591719957846
4603.283,-0.17014509756982502,-2.172705096796012
4603.303,-0.16109161636920927,-2.1769510369544722
4603.323,-0.15203814257177495,-2.1811969922369117
4603.343,-0.14298467617749763,-2.185442962655877
4603.363,-0.13393121663104823,-2.1896889484462516
4603.383,-0.12487776446923493,-2.193934949359879
4603.403,-0.11582431913803909,-2.1981809656331963
4603.423,-0.10677088116390225,-2.2024269969937773
4603.443,-0.09771745053302001,-2.2066730434247503
4603.463,-0.08866402668312748,-2.210919105137814
4603.483,-0.0796106101445397,-2.2151651818713605
4603.503,-0.07055720088773293,-2.219411273567211
4603.523,-0.061489334064406445,-2.2236690338094203
4603.543,-0.052432326938711894,-2.2279072281215266
4603.563,-0.04336567115469114,-2.2321763229031952
4603.583,-0.034319436830905235,-2.2364304418418572
4603.603,-0.025270808402543705,-2.2406757560339314
4603.623,-0.016224042742552236,-2.24492363921521
4603.643,-0.007179025164266847,-2.2491847752154794
4603.663,0.00188822982333056,-2.253444663461223
4603.683,0.01094448996828052,-2.2576844647630705
4603.703,0.02001058513162585,-2.261955373222707
4603.723,0.029062884733063593,-2.2662038597301204
4603.743,0.038115135952488874,-2.270452424057643
4603.763,0.04716737977340526,-2.274701003185757
4603.783,0.056219616587203126,-2.2789495965578763
4603.803,0.06527184697076366,-2.2831982043542927
4603.823,0.07432407039652648,-2.2874468263049033
4603.843,0.08337628689518659,-2.291695462346422
4603.863,0.09242849702796221,-2.29594411269246
4603.883,0.10148070026608218,-2.3001927770687813
4603.903,0.11053289662615716,-2.304441455445421
4603.923,0.11958508666281419,-2.3086901480442035
4603.943,0.1286462362975306,-2.312957852394092
4603.963,0.13771397347599293,-2.317235212665074
4603.983,0.146765020395582,-2.321488312904917
4604.003,0.15581747530404724,-2.3257370189731894
4604.023,0.16486970600969406,-2.329986147350437
4604.043,0.17392179407839656,-2.3342355536416646
4604.063,0.1829737845454009,-2.338485152774724
4604.083,0.19202570731128282,-2.342734887424641
4604.103,0.2010775791141154,-2.3469847244088102
4604.123,0.2101294108736077,-2.3512346421697585
4604.143,0.21918120821791695,-2.355484630002177
4604.163,0.2282329740640841,-2.3597346822446825
4604.183,0.23728470910501082,-2.363984797651329
4604.203,0.24633641271718207,-2.3682349774582843
4604.223,0.2553880839115525,-2.372485225030343
4604.243,0.2644397194100722,-2.376735545039825
4604.263,0.2734913163313238,-2.380985943011214
4604.283,0.2825428707378175,-2.3852364259903895
4604.303,0.2915943786091064,-2.389487000887773
4604.323,0.300645834908855,-2.39373767587619
4604.343,0.3096972356057118,-2.397988458119134
4604.363,0.31874857367344833,-2.4022393564066817
4604.383,0.3277998402821664,-2.4064903824859125
4604.403,0.33685102281106455,-2.4107415504743037
4604.423,0.34590210427928253,-2.414992876877919
4604.443,0.3549530546919398,-2.41924438200515
4604.463,0.36400381168431867,-2.4234960974027886
4604.483,0.3730552219361244,-2.4277464153890276
4604.503,0.38210655658319775,-2.4319969294715627
4604.523,0.3911578832458035,-2.436247460271573
4604.543,0.40020920305563856,-2.4404980063970925
4604.563,0.40926051547159986,-2.4447485676122875
4604.583,0.4183118204988074,-2.4489991439189818
4604.603,0.4273631186857384,-2.4532497355677583
4604.623,0.43641440948912363,-2.4575003423252806
4604.643,0.44546569292478294,-2.4617509641722504
4604.663,0.4545169695490279,-2.4660016013355737
4604.683,0.4635682388299807,-2.4702522535591536
4604.703,0.4726195013271501,-2.4745029210625407
4604.723,0.48167075651405145,-2.4787536035730175
4604.743,0.49072200441139874,-2.4830043010569502
4604.763,0.49977324558412284,-2.48725501371864
4604.783,0.5088168222551687,-2.4915193601536285
4604.803,0.5178824623990218,-2.495782490931343
4604.823,0.5269371560470966,-2.500025629509282
4604.843,0.5360014955550556,-2.5042997022465396
4604.863,0.5450453787811645,-2.5085587963759712
4604.883,0.5540917049463011,-2.5128090366794056
4604.903,0.5631361738165027,-2.5170618647348655
4604.923,0.5721790039215159,-2.521327671623054
4604.943,0.5812439742342652,-2.525592584211176
4604.963,0.5902978707141509,-2.529837361588751
4604.983,0.599348206193446,-2.5340900246941858
4605.003,0.6083985021521314,-2.538342751476648
4605.023,0.6174487913393826,-2.542595493193578
4605.043,0.6264990735164401,-2.5468482491598525
4605.063,0.6355493487176845,-2.5511010193125543
4605.083,0.6445996175064257,-2.555353803857913
4605.103,0.6536498793563915,-2.55960660252203
4605.123,0.6627001342913578,-2.5638594152560934
4605.143,0.6717503828727518,-2.5681122422725253
4605.163,0.6796625744093322,-2.5719256559326142
4605.183,0.6860826503188053,-2.575050846178267
4605.203,0.6908730643628397,-2.5773759901043687
4605.223,0.6946508860631971,-2.5790532707006784
4605.243,0.698038017299211,-2.5800751705806446
4605.263,0.7010072693544865,-2.5804622426880592
4605.283,0.7035865788949649,-2.5801020017446135
4605.303,0.7057332748648438,-2.579224361725663
4605.323,0.7074227477096299,-2.5776506402293227
4605.343,0.7087090479466326,-2.575467937916345
4605.363,0.7096986076802762,-2.572956028900576
4605.383,0.7106432622510881,-2.5704299511596584
4605.403,0.711575577393021,-2.5679094836101872
4605.423,0.7124283349454379,-2.5653476828833712
4605.443,0.7132352796386225,-2.562774524586472
4605.463,0.7140293152230652,-2.5602085860992703
4605.483,0.7147425793541586,-2.557604786120798
4605.503,0.715409510682308,-2.554991829847219
4605.523,0.7160631125237341,-2.552387834770662
4605.543,0.7166348466473098,-2.5497494677814734
4605.563,0.7171597945096482,-2.5471044437426893
4605.583,0.717670855130617,-2.544469945080475
4605.603,0.7180994238911241,-2.541804599190553
4605.623,0.7184808686814761,-2.5391351345030264
4605.643,0.7188479133054667,-2.5364777783151475
4605.663,0.7191331340501194,-2.5337938101438007
4605.683,0.7193700883870424,-2.5311046630907557
4605.703,0.7195586063492516,-2.5284116890656287
4605.723,0.7196986266352541,-2.525715764418989
4605.743,0.7197901042588618,-2.523017761867047
4605.763,0.719833010159947,-2.5203185547282394
4605.783,0.7198273306379449,-2.517619016503035
4605.803,0.719773067995931,-2.5149200209387526
4605.823,0.7196702399615064,-2.512222441420352
4605.843,0.7195188802447728,-2.509527150843564
4605.863,0.7193190377900431,-2.5068350213240937
4605.883,0.7190707777267262,-2.504146923762893
4605.903,0.7187741800805116,-2.5014637279842185
4605.923,0.7184293410280604,-2.4987863020113137
4605.943,0.7180363720832859,-2.496115512081224
4605.963,0.717595400242735,-2.493452222112716
4605.983,0.7171065679907337,-2.490797293944534
4606.003,0.7165700332987968,-2.488151586431509
4606.023,0.7159859693787654,-2.485515955469824
4606.043,0.7153545649316867,-2.4828912539896817
4606.063,0.7146760238581694,-2.4802783313065175
4606.083,0.7139505651307689,-2.4776780330529315
4606.103,0.7131784230738407,-2.47509120078513
4606.123,0.7123598469557371,-2.4725186717305525
4606.143,0.7114951012260003,-2.469961278735071
4606.163,0.710584465044886,-2.4674198498293776
4606.183,0.7096282324331092,-2.4648952079611526
4606.203,0.7086267122989425,-2.462388170992268
4606.223,0.7075802282400377,-2.459899550915098
4606.243,0.7064891184893323,-2.4574301540009817
4606.263,0.7053537357276661,-2.454980780394585
4606.283,0.7041744469533857,-2.4525522240748074
4606.303,0.7029516333046675,-2.4501452723210027
4606.323,0.7016856904170456,-2.4477607055998996
4606.343,0.7003770280249814,-2.445399296973546
4606.363,0.6990260696101914,-2.443061812373622
4606.383,0.6976332523183041,-2.440749010116274
4606.403,0.696199026823184,-2.438461640576109
4606.423,0.6947238581248736,-2.4362004456598476
4606.443,0.6932082238649006,-2.433966159125744
4606.463,0.6916526149109035,-2.4317595062713404
4606.483,0.690057535514868,-2.429581203070007
4606.503,0.688423502746154,-2.427431956364058
4606.523,0.6867510462389917,-2.425312463742201
4606.543,0.6850407082220226,-2.4232234132011055
4606.563,0.6832930430854846,-2.421165482743647
4606.583,0.681508617854606,-2.419139340044892
4606.603,0.6796880111310296,-2.417145642590138
4606.623,0.6778318132000535,-2.4151850376754163
4606.643,0.6759406263330076,-2.4132581610340487
4606.663,0.6740150639807431,-2.411365638033484
4606.683,0.6720557507264222,-2.4095080822802872
4606.703,0.6700633218648746,-2.407686096580371
4606.723,0.6680384239647202,-2.405900271479586
4606.743,0.665981713658902,-2.4041511863761507
4606.763,0.6638938577923065,-2.402439408311431
4606.783,0.6640007308997503,-2.3979552700250713
4606.803,0.6659218064854304,-2.391643240748573
4606.823,0.6692983118394724,-2.3846562241947873
4606.843,0.6741471550621139,-2.376979217287953
4606.863,0.6799744503710746,-2.368852221380713
4606.883,0.6857999392988003,-2.3607236534192984
4606.903,0.6916445110844373,-2.3518878194729806
4606.923,0.6974141123498189,-2.3437391319360814
4606.943,0.7032294991038428,-2.3355778289397593
4606.963,0.7090453632062931,-2.327443417949001
4606.983,0.7148612084440318,-2.3193090044902065
4607.003,0.7206770420225946,-2.31117458260175
4607.023,0.7264928638156102,-2.303040151112515
4607.043,0.732308674223445,-2.294905711236459
4607.063,0.7381244737427031,-2.286771262602782
4607.083,0.7439402612746527,-2.2786368049393464
4607.103,0.7497560372895236,-2.2705023378690314
4607.123,0.7555718021341826,-2.2623678625938495
4607.143,0.761387555414951,-2.2542333778867083
4607.163,0.7672032968264614,-2.2460988843118366
4607.183,0.7730190263723771,-2.2379643819048605
4607.203,0.7788347443644398,-2.229829870175731
4607.223,0.7846504504711894,-2.2216953496855285
4607.243,0.7904661445677135,-2.2135608203623733
4607.263,0.7962818271549732,-2.20542628192699
4607.283,0.8020974976746056,-2.197291734727812
4607.303,0.8079131561961712,-2.1891571789063016
4607.323,0.8137288030001004,-2.181022613971424
4607.343,0.8195444368882635,-2.1728880396406067
4607.363,0.825360058661236,-2.1647534567955358
4607.383,0.8311756681732895,-2.1566188653690954
4607.403,0.8369912659136933,-2.1484842650847096
4607.423,0.8428068513171836,-2.1403496562971775
4607.443,0.8486224236148552,-2.132215038306402
4607.463,0.8544379835111311,-2.12408041189401
4607.483,0.8602535315083288,-2.1159457767865852
4607.503,0.8660690670573065,-2.1078111333418237
4607.523,0.8718845894080801,-2.0996764808621586
4607.543,0.877700099391589,-2.091541820236941
4607.563,0.8835155973237316,-2.0834071509829024
4607.583,0.8893310297431336,-2.075272380847325
4607.603,0.8951464912935475,-2.067137686659613
4607.623,0.9009619401065776,-2.059002984758867
4607.643,0.9067773762662215,-2.0508682739026027
4607.663,0.9125928003627595,-2.042733555523347
4607.683,0.9184082119497423,-2.0345988283146403
4607.703,0.9242236107905539,-2.0264640928656763
4607.723,0.9300389968664378,-2.018329349131255
4607.743,0.9358543707972359,-2.0101945968532173
4607.763,0.9416688687075732,-2.0020601249364924
4607.783,0.9474807208442737,-1.9938935195876752
4607.803,0.9532932957979554,-1.985756630015022
4607.823,0.9590908412334517,-1.9775879195207655
4607.843,0.9649059344468377,-1.9694238707943363
4607.863,0.9707214052983815,-1.9612854060593115
4607.883,0.976535055381972,-1.9531494191957988
4607.903,0.9823486978548452,-1.9450134338061018
4607.923,0.9881623278222342,-1.936877440040351
4607.943,0.9939759465913688,-1.9287414381957546
4607.963,0.9997895531608011,-1.9206054280068126
4607.983,1.0056074978765153,-1.9124609344536285
4608.003,1.0114261883369677,-1.904324592960811
4608.023,1.017247570014441,-1.8961961387474644
4608.043,1.0230582239436157,-1.888042963985189
4608.063,1.0288795494675234,-1.8799143973635022
4608.083,1.0346899078736957,-1.8717609303552836
4608.103,1.0405003258414436,-1.8636078512695484
4608.123,1.0463104261384861,-1.8554548583421457
4608.143,1.0521201519076178,-1.8473018349207324
4608.163,1.0579294881826848,-1.8391487097485204
4608.183,1.0637384267403038,-1.8309954326955757
4608.203,1.0695469631055758,-1.8228419672555156
4608.223,1.0753550929548432,-1.8146882843861496
4608.243,1.081162813063674,-1.8065343639391163
4608.263,1.0869701224164057,-1.7983801908465105
4608.283,1.0927794426833282,-1.7902410463687766
4608.303,1.0985886098018576,-1.7821018774663124
4608.323,1.104397779508614,-1.7739627167129206
4608.343,1.1102069932866103,-1.7658235687062258
4608.363,1.116016234511652,-1.7576844334825719
4608.383,1.121825466666968,-1.7495452908673226
4608.403,1.12763468709189,-1.7414061394636646
4608.423,1.133443895660264,-1.7332669791860356
4608.443,1.139253092894394,-1.7251278097493081
4608.463,1.1450622783579505,-1.7169886316053018
4608.483,1.1508714519253036,-1.708849444677806
4608.503,1.1566806140959236,-1.7007102486824228
4608.523,1.162489764310253,-1.6925710439639134
4608.543,1.1682989026358228,-1.6844318306593067
4608.563,1.1728469149304848,-1.6770622289509043
4608.583,1.176258672878587,-1.6707905649583852
4608.603,1.1787897274195638,-1.6660483635623478
4608.623,1.1804659239185573,-1.6625761255702878
4608.643,1.1819892577815834,-1.6601413570754444
4608.663,1.1836718409976732,-1.6587509916133945
4608.683,1.1855252202526185,-1.658189911978413
4608.703,1.1875912961912782,-1.6585365369309741
4608.723,1.1896687103950787,-1.6598676490701403
4608.743,1.191759983656533,-1.6615718058219742
4608.763,1.1938207240617937,-1.6633134128689764
4608.783,1.1958497786094608,-1.6650916228336068
4608.803,1.1978464916869433,-1.6669059082258708
4608.823,1.199810220798323,-1.6687557256689376
4608.843,1.2017403326663199,-1.670640504335661
4608.863,1.2036362042062803,-1.6725596513855272
4608.883,1.2054972235791814,-1.6745125562211973
4608.903,1.2073227896948016,-1.6764985932622458
4608.923,1.2091123130592536,-1.6785171231932354
4608.943,1.210865215553168,-1.6805674954209124
1758191500.9694943,-1.330327161608028,-2.919735506793688
4608.963,-1.3319675073303294,-2.9218769559910496
4608.983,-1.3336460942389223,-2.923988528329308
4609.003,-1.3353623794551683,-2.926069541570905
4609.023,-1.3371158073225982,-2.9281193235876133
4609.043,-1.3389058102789761,-2.9301372122809255
4609.063,-1.3407318091393827,-2.9321225559079913
4609.083,-1.3425932133292984,-2.934074712957048
4609.103,-1.344489420889912,-2.9359930527202
4609.123,-1.3464198182461964,-2.9378769557495032
4609.143,-1.3483837816739614,-2.939725813176815
4609.163,-1.350380676100462,-2.9415390277770146
4609.183,-1.3524098564936369,-2.943316013366763
4609.203,-1.3544706670779856,-2.9450561959892165
4609.223,-1.356562442376006,-2.946759012864047
4609.243,-1.3586845068033966,-2.948423913636192
4609.263,-1.360836174998699,-2.950050359908938
4609.283,-1.3630167522962984,-2.9516378257005633
4609.303,-1.3652255348687823,-2.9531857974067113
4609.323,-1.367461809421067,-2.9546937741691868
4609.343,-1.3697248539633686,-2.956161267782067
4609.363,-1.3720139381473255,-2.9575878029214064
4609.383,-1.3743283228915253,-2.958972917718498
4609.403,-1.3766672610692774,-2.9603161632687884
4609.423,-1.3790299974492215,-2.961617104141768
4609.443,-1.3814157690364037,-2.9628753184507217
4609.463,-1.3838238055482246,-2.964090397829085
4609.483,-1.386253329071364,-2.9652619482869533
4609.503,-1.388703554944116,-2.966389589110598
4609.523,-1.39117369134702,-2.967472953955616
4609.543,-1.393662940124023,-2.968511690988252
4609.563,-1.3961704969280948,-2.969505462215351
4609.583,-1.3986955509646257,-2.9704539446289946
4609.603,-1.40123728595901,-2.971356829365804
4609.623,-1.403794880010079,-2.972213822606128
4609.643,-1.4063675057002463,-2.9730246453382754
4609.663,-1.4089543309416201,-2.9737890332616717
4609.683,-1.4115545187285656,-2.97450673723759
4609.703,-1.4141672276636326,-2.975177523256896
4609.723,-1.4167916121859656,-2.975801172440818
4609.743,-1.419426822723749,-2.9763774813937256
4609.763,-1.4220720061790915,-2.9769062618801136
4609.783,-1.4247263060866613,-2.9773873411533947
4609.803,-1.427388863163919,-2.9778205620287763
4609.823,-1.430058815005572,-2.9782057827946335
4609.843,-1.432735297085965,-2.9785428774366465
4609.863,-1.4354174425974124,-2.9788317356189915
4609.883,-1.4381043827016489,-2.979072262561989
4609.903,-1.4407952472718406,-2.9792643793666294
4609.923,-1.4434891646892474,-2.979408022660459
4609.943,-1.4461852623581855,-2.979503145096229
4609.963,-1.448882666875345,-2.9795497148572108
4609.983,-1.4515826130059368,-2.983131870169054
4610.003,-1.453995654993877,-2.989273547361365
4610.023,-1.4556869522349714,-2.996848095744698
4610.043,-1.4566524134575887,-3.005877842203963
4610.063,-1.4571308272016619,-3.0158667525244187
4610.083,-1.4576116398327306,-3.0258559898096307
4610.103,-1.458485424322493,-3.0363716646533043
4610.123,-1.458998704920278,-3.0463325778435904
4610.143,-1.4594939879796522,-3.0563283539817827
4610.163,-1.4599841592281935,-3.0663159867467376
4610.183,-1.4604743673169118,-3.0763036034999054
4610.203,-1.4609645904087687,-3.086291219161941
4610.223,-1.4614548281291158,-3.0962788345354246
4610.243,-1.4619450806051186,-3.106266449092851
4610.263,-1.4624353476663878,-3.1162540634637454
4610.283,-1.462925629437408,-3.126241677111887
4610.303,-1.4634159255945762,-3.1362292906407108
4610.323,-1.463906236404288,-3.1462169035248864
4610.343,-1.464396561536708,-3.156204516359708
4610.363,-1.464886901104025,-3.166192128592741
4610.383,-1.465377255065748,-3.1761797408480232
4610.403,-1.4658676232323191,-3.1861673525269962
4610.423,-1.466358005780113,-3.1961549636722433
4610.443,-1.4668484022171469,-3.2061425748403836
4610.463,-1.4673388129379255,-3.2161301854926645
4610.483,-1.467829237521587,-3.2261177955858686
4610.503,-1.4683196762105575,-3.2361054057556284
4610.523,-1.4688101286571316,-3.2460930153594645
4610.543,-1.4693005950302185,-3.2560806244154707
4610.563,-1.4697910750560566,-3.266068232884107
4610.583,-1.4702815688309718,-3.276055841368243
4610.603,-1.470772076159395,-3.286043449231062
4610.623,-1.4712625970693776,-3.2960310564601185
4610.643,-1.4717531314446928,-3.306018663023972
4610.663,-1.4722436791731695,-3.3160062688876013
4610.683,-1.4727342403684904,-3.3259938746451096
4610.703,-1.473224814855643,-3.3359814796495817
4610.723,-1.4737154028344688,-3.345969083900886
4610.743,-1.474206003920192,-3.3559566873253988
4610.763,-1.4746966183264398,-3.3659442899226284
4610.783,-1.4751872459789086,-3.375931891657205
4610.803,-1.4756778869590954,-3.385919492511674
4610.823,-1.4761685467507117,-3.3959071378330115
4610.843,-1.4766626810606647,-3.405894464663603
4610.863,-1.477156624744971,-3.415881820816229
4610.883,-1.4776502867778867,-3.4258692254150716
4610.903,-1.4781438226103019,-3.435856545697773
4610.923,-1.4786488096625894,-3.4458551951794356
4610.943,-1.4791403244973935,-3.4558427535703804
4610.963,-1.4796329782621336,-3.4658304952343215
4610.983,-1.4801246676540334,-3.47581834158921
4611.003,-1.4806156864480922,-3.4858062378537538
4611.023,-1.481106225024252,-3.495794174842395
4611.043,-1.4815964119901806,-3.5057821464101613
4611.063,-1.482086331610974,-3.515770145499893
4611.083,-1.4825760428746355,-3.525758166905913
4611.103,-1.4830655886202655,-3.535746206929907
4611.123,-1.4835550010510798,-3.545734261816951
4611.143,-1.484044304471649,-3.5557223294147002
4611.163,-1.4845335173795244,-3.565710407222536
4611.183,-1.4850226523840435,-3.575698493917501
4611.203,-1.4855117183845639,-3.585686587416961
4611.223,-1.4860007173254326,-3.5956746858518676
4611.243,-1.4864896406653323,-3.605662786157219
4611.263,-1.4869784438072273,-3.6156508815746595
4611.283,-1.4874694627328229,-3.6256384925554435
4611.303,-1.4879610443111217,-3.635626041035242
4611.323,-1.4884526454585507,-3.6456135878775973
4611.343,-1.488944261139594,-3.6556011337124814
4611.363,-1.4894358912135413,-3.6655886791865604
4611.383,-1.489927535881668,-3.6755762237743332
4611.403,-1.4904191951217827,-3.6855637675237656
4611.423,-1.4909108688347177,-3.69555131107093
4611.443,-1.491402557066853,-3.7055388538691645
4611.463,-1.491894259934171,-3.715526395977791
4611.483,-1.4923859771784107,-3.7255139380096653
4611.503,-1.49287770898087,-3.73550147942746
4611.523,-1.493369455147852,-3.7454890202467865
4611.543,-1.4938612157759783,-3.755476560515266
4611.563,-1.4943527741495197,-3.7654588342216733
4611.583,-1.4948514888937063,-3.775443790718666
4611.603,-1.4953462865333127,-3.7854291135614457
4611.623,-1.4958429867607146,-3.7954152243055534
4611.643,-1.4963371319976235,-3.805401435337731
4611.663,-1.4968334046838874,-3.815387524046514
4611.683,-1.497329342057072,-3.825373673725039
4611.703,-1.497825039816779,-3.8353598651835568
4611.723,-1.4983205726344704,-3.845346087025742
4611.743,-1.498810483417448,-3.855332377050377
4611.763,-1.4993293250528918,-3.8653471075869343
4611.783,-1.499823481008963,-3.875334535523043
4611.803,-1.5003176645542384,-3.885321961956645
4611.823,-1.5008118621659616,-3.8953093883174086
4611.843,-1.5013060735124952,-3.905296813975723
4611.863,-1.5018002985921874,-3.9152842389257185
4611.883,-1.502294537186503,-3.925271663730034
4611.903,-1.502788789525695,-3.935259087805111
4611.923,-1.5032830553278678,-3.9452465110996178
4611.943,-1.5037773347609,-3.955233933618134
4611.963,-1.5042716274816952,-3.9652213558982723
4611.983,-1.504765933450406,-3.9752087773145375
4612.003,-1.5052602528565282,-3.9851961978678383
4612.023,-1.5057545856021595,-3.9951836175241016
4612.043,-1.506248931745802,-4.005171036266562
4612.063,-1.5067432910593266,-4.0151584540442915
4612.083,-1.5072376637673697,-4.0251458708614605
4612.103,-1.5077337556262487,-4.035119191906141
4612.123,-1.5082256925614428,-4.045107491131012
4612.143,-1.508717766975378,-4.05509560278774
4612.163,-1.5092099003702362,-4.065083632703704
4612.183,-1.5097031548152402,-4.075071304673666
4612.203,-1.5102076272813054,-4.085068128407476
4612.223,-1.510702696895858,-4.095055533715734
4612.243,-1.5111979201748234,-4.105042907088645
4612.263,-1.5117069342094378,-4.115042318415831
4612.283,-1.5122151754045787,-4.125041619658778
4612.303,-1.512723610625727,-4.135040713894732
4612.323,-1.5132323711504572,-4.145039638661764
4612.343,-1.5137415180719214,-4.155038424810433
4612.363,-1.5142510890386416,-4.165037094913742
4612.383,-1.5147611098929958,-4.175035666019762
4612.403,-1.5152715987485135,-4.18503415115251
4612.423,-1.515782568965547,-4.195032561027195
4612.443,-1.5162940301332861,-4.2050309015902
4612.463,-1.5168059898021122,-4.215029176941796
4612.483,-1.5173184533172948,-4.225027387579302
4612.503,-1.5178314267135982,-4.235025528703972
4612.523,-1.518344921205244,-4.2450235858303484
4612.543,-1.5188477376820004,-4.255010592877647
4612.563,-1.519350839347055,-4.264997567205954
4612.583,-1.5198539579463939,-4.274984540777185
4612.603,-1.5203570910688806,-4.28497151334632
4612.623,-1.520860238672099,-4.294958484964042
4612.643,-1.5213634008101948,-4.304945456289082
4612.663,-1.5218665775340394,-4.314932426775865
4612.683,-1.52236976881869,-4.3249193964706345
4612.703,-1.52287297456259,-4.334906366007925
4612.723,-1.5233761949545779,-4.344893334855344
4612.743,-1.5238794296623137,-4.354880303015936
4612.763,-1.524382678940079,-4.364867270561299
4612.783,-1.5248859426681758,-4.374854238116643
4612.803,-1.5253892208679052,-4.384841205118958
4612.823,-1.525883471107273,-4.394828759898606
4612.843,-1.5264034857205597,-4.404838569074593
4612.863,-1.5269082339765279,-4.414824893478995
4612.883,-1.5274186586347276,-4.424813539642575
4612.903,-1.5279274571366197,-4.43479979234937
4612.923,-1.5284386565060395,-4.444787991293131
4612.943,-1.52895047131924,-4.454776109975677
4612.963,-1.5294628204270408,-4.464764161878505
4612.983,-1.5299737687064296,-4.474750380630242
4613.003,-1.5304873245741195,-4.484734174896495
4613.023,-1.531030551863381,-4.494751691385174
4613.043,-1.531537503464342,-4.504738477857931
4613.063,-1.5320444775683533,-4.514725263808942
4613.083,-1.5325514656562018,-4.524712049063768
4613.103,-1.5330584675110168,-4.534698833601415
4613.123,-1.5335654830573557,-4.5446856180054045
4613.143,-1.5340725122225833,-4.554672401657241
4613.163,-1.5345795551620363,-4.56465918456242
4613.183,-1.5350866115931958,-4.57464596667184
4613.203,-1.535593681314846,-4.584632748543412
4613.223,-1.5361007645740803,-4.594619529587371
4613.243,-1.536607861256869,-4.604606309769887
4613.263,-1.5371149714048888,-4.61459308907337
4613.283,-1.5376220947724888,-4.624579867445903
4613.303,-1.5381292315663682,-4.634566644889037
4613.323,-1.5386363815587565,-4.644553421352586
4613.343,-1.5391435446062567,-4.65454019739577
4613.363,-1.539662664408508,-4.664533940275969
4613.383,-1.5401737518193919,-4.674520412770257
4613.403,-1.5406844740420964,-4.684506922440361
4613.423,-1.5411953450007376,-4.694493083872919
4613.443,-1.5417029545267364,-4.704479861601418
4613.463,-1.5422246261148906,-4.7144777114832905
4613.483,-1.5427457814558845,-4.7244764034557525
4613.503,-1.5432669310497897,-4.7344748524888995
4613.523,-1.5437883105077097,-4.744473114385946
4613.543,-1.5443100422596567,-4.754471232053029
4613.563,-1.5448321893298056,-4.764469234515774
4613.583,-1.5453547881369267,-4.774467141802019
4613.603,-1.5458778614948825,-4.784464968140559
4613.623,-1.5468357594347402,-4.7931381479103425
4613.643,-1.5477251684681774,-4.800163111304228
4613.663,-1.5484360714825907,-4.805305832003799
4613.683,-1.5491792455413376,-4.809020012767207
4613.703,-1.5502940633062605,-4.811871450420786
4613.723,-1.5518782319909632,-4.813950491067588
4613.743,-1.5537963756256632,-4.815303563352936
4613.763,-1.5560791395493516,-4.815900018560087
4613.783,-1.5587063739487401,-4.815747097487344
4613.803,-1.561503112390062,-4.815163892237337
4613.823,-1.5641817264523992,-4.814809874466846
4613.843,-1.5669424428449141,-4.8144488622633554
4613.863,-1.5696029083779375,-4.813991203742334
4613.883,-1.5722548966294836,-4.813485736541117
4613.903,-1.5748973637305625,-4.81293261818984
4613.923,-1.5775292444941138,-4.812332518513319
4613.943,-1.5801501110154472,-4.811684910359297
4613.963,-1.5836780300645783,-4.814454911762821
4613.983,-1.5875842730978318,-4.819772276032926
4614.003,-1.5911599326975967,-4.826659584657862
4614.023,-1.5944069912275711,-4.835139367226522
4614.043,-1.5974281956329228,-4.844672573077007
4614.063,-1.6004523352702946,-4.854204882807219
4614.083,-1.603241847123084,-4.8644599320352695
4614.103,-1.606168501079506,-4.874097701972015
4614.123,-1.609132854896041,-4.883799215015627
4614.143,-1.612135140617338,-4.893336963159691
4614.163,-1.6151416190167422,-4.902874292045149
4614.183,-1.6181484870050005,-4.91241151815687
4614.203,-1.621155574569068,-4.9219486828715135
4614.223,-1.6241628082957376,-4.9314858055194515
4614.243,-1.6271701551851776,-4.941022896369796
4614.263,-1.6301747904700632,-4.950560489791876
1758191507.5194964,-1.2598046219587482,-4.132150725705721
4614.283,-1.2513908090819146,-4.137554537386132
4614.303,-1.2429769874096928,-4.14295833572847
4614.323,-1.234563157802655,-4.148362121024752
4614.343,-1.2261493203191443,-4.153765893324183
4614.363,-1.2177354749604434,-4.159169652603924
4614.383,-1.2093216217221927,-4.16457339883257
4614.403,-1.2009077740753233,-4.16997717589862
4614.423,-1.192498902926267,-4.175378770083943
4614.443,-1.1840877243514463,-4.180779669880164
4614.463,-1.1756740178505434,-4.186184442283645
4614.483,-1.1672625797028644,-4.191585018237197
4614.503,-1.158845613922339,-4.196982153692287
4614.523,-1.150435365418196,-4.202390380547962
4614.543,-1.1420247189834127,-4.20779835646159
4614.563,-1.1336137717553323,-4.213206062823185
4614.583,-1.125202604820572,-4.218613570882168
4614.603,-1.11679128089742,-4.224020940243195
4614.623,-1.108379846635887,-4.229428215696097
4614.643,-1.0999683367364173,-4.234835430662799
4614.663,-1.0915567772706405,-4.2402426094004895
4614.683,-1.083142751751417,-4.245646116905857
4614.703,-1.074728746111211,-4.251049639681191
4614.723,-1.066318036531529,-4.256452324799282
4614.743,-1.0578850358644367,-4.261851299434972
4614.763,-1.049470656050463,-4.267254232883998
4614.783,-1.0410562680856896,-4.272657138155458
4614.803,-1.0326418715792387,-4.2780600294742595
4614.823,-1.0242274664701752,-4.2834629069861565
4614.843,-1.0158130527058407,-4.288865770676863
4614.863,-1.0073986301888918,-4.294268620474738
4614.883,-0.9989841989617032,-4.299671456488036
4614.903,-0.9905697584589472,-4.305074279013275
4614.923,-0.9821553091137744,-4.3104770876863014
4614.943,-0.9737408509786498,-4.3158798826281135
4614.963,-0.9653263839317872,-4.321282663726231
4614.983,-0.9569119079907664,-4.326685431051556
4615.003,-0.9484974226161464,-4.332088184921739
4615.023,-0.9400829283564245,-4.3374909251151506
4615.043,-0.9316633668813288,-4.342886214288832
4615.063,-0.923255047305432,-4.348296115570867
4615.083,-0.9148409071530886,-4.353696912028253
4615.103,-0.906391737591285,-4.359093527340891
4615.123,-0.8979786578523007,-4.364499077717635
4615.143,-0.8895563080657695,-4.369894313021171
4615.163,-0.8811302588199068,-4.375289325647433
4615.183,-0.8727118588339582,-4.380685225566
4615.203,-0.8643001655550828,-4.386092311769349
4615.223,-0.856608361287024,-4.390554421723611
4615.243,-0.850124426484431,-4.393875889692428
4615.263,-0.8453351482914402,-4.396650728521877
4615.283,-0.8418526029080271,-4.398544998910096
4615.303,-0.8391882486670929,-4.400428361805885
4615.323,-0.8374322483484443,-4.402469986275747
4615.343,-0.8367353737675904,-4.404452693158568
4615.363,-0.8368822266099262,-4.406616531712209
4615.383,-0.8378211672198429,-4.40886597326865
4615.403,-0.8393982836003688,-4.4110455850793855
4615.423,-0.8410169746397453,-4.413204325567602
4615.443,-0.8426752542682756,-4.415334577711947
4615.463,-0.8443716088084825,-4.417434639124486
4615.483,-0.8461054796772998,-4.419503821792095
4615.503,-0.8478763049165539,-4.421541456004273
4615.523,-0.8496835105252124,-4.42354688214022
4615.543,-0.8515265108796397,-4.425519451303887
4615.563,-0.8534047088566227,-4.427458525141019
4615.583,-0.8553174958528575,-4.42936347609612
4615.603,-0.8572642522429363,-4.431233687935506
4615.623,-0.8592443473172818,-4.433068555526277
4615.643,-0.8612571399692919,-4.43486748523424
4615.663,-0.8633019782512669,-4.436629895159412
4615.683,-0.8653781998873487,-4.438355215179292
4615.703,-0.867485132853882,-4.440042887205388
4615.723,-0.869622095002004,-4.441692365307051
4615.743,-0.871788394488229,-4.443303116006507
4615.763,-0.8739833302767729,-4.444874618208465
4615.783,-0.8762061918901392,-4.446406363638149
4615.803,-0.8784562600643749,-4.447897856856142
4615.823,-0.8807328067339244,-4.449348615242575
4615.843,-0.8830350951469176,-4.450758169661182
4615.863,-0.8853623805305534,-4.452126063993771
4615.883,-0.8877139100739343,-4.4534518557585425
4615.903,-0.8900889229266282,-4.454735115960257
4615.923,-0.8924866508078032,-4.455975429050241
4615.943,-0.8949063180878062,-4.45717239371391
4615.963,-0.8973471420752749,-4.458325622503468
4615.983,-0.8998083331804895,-4.459434741968691
4616.003,-0.9022890954358466,-4.460499392857707
4616.023,-0.9047886261698546,-4.461519230202328
4616.043,-0.9073061169055749,-4.462493923563269
4616.063,-0.9098407530839466,-4.463423156769268
4616.083,-0.9112153876917283,-4.467692631138126
4616.103,-0.911478474550159,-4.474285548262657
4616.123,-0.9105893525095509,-4.481994807437359
4616.143,-0.9085369939900125,-4.490840199045937
4616.163,-0.9057092016228641,-4.500432174238332
4616.183,-0.9028834525962294,-4.5100249974300475
4616.203,-0.8999293166465844,-4.520073384036295
4616.223,-0.897093328767729,-4.529659472055525
4616.243,-0.8942122744403777,-4.539448311428791
4616.263,-0.8913809604319337,-4.549043081436282
4616.283,-0.8885491873536226,-4.558637823119481
4616.303,-0.8857171095364226,-4.568232585400367
4616.323,-0.8828847675104367,-4.577827337021862
4616.343,-0.8800521863619086,-4.587422060006253
4616.363,-0.8772193781849013,-4.597016742453077
4616.383,-0.8743863481217039,-4.606611378286495
4616.403,-0.8715530986192593,-4.616205961535772
4616.423,-0.8687196294543134,-4.625800488753897
4616.443,-0.8658859390485234,-4.635394956481745
4616.463,-0.8630520253694343,-4.644989361942217
4616.483,-0.8602178861987018,-4.654583702481877
4616.503,-0.857383519759088,-4.664177975259436
4616.523,-0.854548924057404,-4.673772178336984
4616.543,-0.8517140960863682,-4.6833663091153
4616.563,-0.8488790334280328,-4.692960364885342
4616.583,-0.8460437348639702,-4.702554343442834
4616.603,-0.843208198687229,-4.712148242332509
4616.623,-0.8403724231471138,-4.721742058112262
4616.643,-0.8375364070249711,-4.731335787858566
4616.663,-0.8347001500444147,-4.740929428574893
4616.683,-0.8323043277828198,-4.749063533535308
4616.703,-0.830520088049347,-4.755321570984047
4616.723,-0.8293733201176605,-4.75951155843382
4616.743,-0.8290913984866555,-4.762916494801969
4616.763,-0.8296677292106951,-4.765538741802474
4616.783,-0.8309989406174826,-4.767464887330049
4616.803,-0.8330748705571812,-4.7686768117640606
4616.823,-0.835695110978598,-4.769335354829527
4616.843,-0.838324857894936,-4.769945593190229
4616.863,-0.8409651555460527,-4.770508397602349
4616.883,-0.8436151669772881,-4.7710235958583205
4616.903,-0.8462740347487739,-4.771491020819475
4616.923,-0.8489408979773555,-4.771910520307955
4616.943,-0.8516148931264359,-4.772281957499973
4616.963,-0.854295154239268,-4.772605211389309
4616.983,-0.8569808131818089,-4.772880176565991
4617.003,-0.859670999807537,-4.773106762770533
4617.023,-0.8623648423123403,-4.773284896030265
4617.043,-0.8650614677186057,-4.773414517799765
4617.063,-0.8677600018423974,-4.773495584976565
4617.083,-0.8704595699889797,-4.773528070638569
4617.103,-0.8731592968824142,-4.773511963607457
4617.123,-0.8758583069888165,-4.773447268202553
4617.143,-0.8785557249589591,-4.773334004833004
4617.163,-0.8812506760985968,-4.773172209830714
4617.183,-0.8839422860992805,-4.772961934835164
4617.203,-0.8866296819748751,-4.772703247501973
4617.223,-0.8893119919548372,-4.772396231442561
4617.243,-0.891988345826368,-4.772040985668593
4617.263,-0.8946578754774487,-4.771637625057875
4617.283,-0.8973197148117907,-4.771186280084611
4617.303,-0.9006322831519709,-4.774210471410502
4617.323,-0.9041328438422239,-4.779803134026756
4617.343,-0.907187225475494,-4.786936859100886
4617.363,-0.909795625150839,-4.795634227698547
4617.383,-0.912101265608472,-4.805365142616798
4617.403,-0.9144092413645237,-4.8150956615008855
4617.423,-0.9171821944924664,-4.825288021608411
4617.443,-0.9195566327330378,-4.8350185579113925
4617.463,-0.9218854243547961,-4.844733987322
4617.483,-0.9241952065190278,-4.85445957655918
4617.503,-0.926544857494938,-4.86421056005641
4617.523,-0.9288630863794463,-4.873937856710537
4617.543,-0.9311815271317512,-4.88366499620145
4617.563,-0.9334999822685067,-4.893392130967938
4617.583,-0.9358184507680339,-4.903119262668039
4617.603,-0.9381369322309171,-4.912846391268942
4617.623,-0.940455426877547,-4.922573516732303
4617.643,-0.942773934633085,-4.932300639014375
4617.663,-0.9450924551124007,-4.942027758659254
4617.683,-0.94741098975927,-4.951754874466437
4617.703,-0.9497295369979006,-4.961481986956819
4617.723,-0.9520480970531857,-4.971209096098088
4617.743,-0.9543666695537376,-4.980936201849123
4617.763,-0.956685255914254,-4.990663304210943
4617.783,-0.9590038545690722,-5.000390403123944
4617.803,-0.9613224657380789,-5.0101174985717005
4617.823,-0.9636410902356514,-5.019844590558203
4617.843,-0.9659597270861834,-5.029571679051334
4617.863,-0.9682783771135081,-5.039298763470885
4617.883,-0.9705970393247931,-5.049025844392819
4617.903,-0.9729157145267447,-5.058752921845414
4617.923,-0.9752747176226629,-5.068507677639228
4617.943,-0.9775949541616702,-5.078234382857504
4617.963,-0.9799152161390118,-5.087961080155748
4617.983,-0.9822354910005567,-5.097687773786441
4618.003,-0.9845557781919975,-5.107414463829644
4618.023,-0.986872857552515,-5.117143265222157
4618.043,-0.9891871583190357,-5.1268656416439295
4618.063,-0.9915075013109803,-5.136592323174554
4618.083,-0.9938279262414829,-5.1463189779584155
4618.103,-0.9961483641078142,-5.15604562971407
4618.123,-0.9984688144556709,-5.165772278142358
4618.143,-1.0007892771230855,-5.175498923333174
4618.163,-1.0031097528665383,-5.18522556479828
4618.183,-1.0054482834922298,-5.194951664186272
4618.203,-1.0077691917253657,-5.2046782121884405
4618.223,-1.0100901560891922,-5.214404736884577
4618.243,-1.0124111336119057,-5.224131258266026
4618.263,-1.0147447912137635,-5.23387852214648
4618.283,-1.0170821664768805,-5.243613546070262
4618.303,-1.0194032514320717,-5.2533430344239305
4618.323,-1.0217602473369813,-5.2630973781999755
4618.343,-1.0240930705886242,-5.2728226555212805
4618.363,-1.026416245892044,-5.282548610361232
4618.383,-1.0287396040230903,-5.292274563622172
4618.403,-1.0310629767024135,-5.302000514642159
4618.423,-1.0333863622039523,-5.311726463394498
4618.443,-1.0357097600314298,-5.321452409356999
4618.463,-1.038033170287919,-5.331178353203744
4618.483,-1.0403565937141652,-5.3409042944229
4618.503,-1.042680029264602,-5.350630233048924
4618.523,-1.0450034779936384,-5.360356169154279
4618.543,-1.0473269394658575,-5.370082103364178
4618.563,-1.0496504126887196,-5.379808035091946
4618.583,-1.0519738987535996,-5.389533964381504
4618.603,-1.0546692164943374,-5.397741044435141
4618.623,-1.0571193379678763,-5.404392621484924
4618.643,-1.0586756257979348,-5.409383970271191
4618.663,-1.0594014660282411,-5.413435207866555
4618.683,-1.0596252463001838,-5.4167120611263355
4618.703,-1.0590698917540864,-5.419558418261143
4618.723,-1.057894530295178,-5.421913521378863
4618.743,-1.0561148636518538,-5.423377111117345
4618.763,-1.0537362765784528,-5.423996396257419
4618.783,-1.0510490288131298,-5.424548191145926
4618.803,-1.048430703352033,-5.424907740133389
4618.823,-1.045754368977753,-5.425262076531712
4618.843,-1.0430722700712782,-5.425568276901667
4618.863,-1.0403851071275407,-5.425826155826812
4618.883,-1.0376937479756632,-5.4260356300873
4618.903,-1.0349990636815607,-5.426196632327257
4618.923,-1.032301926632449,-5.426309110933464
4618.943,-1.0296032095308674,-5.426373030237913
4618.963,-1.0269037857705574,-5.426388370049751
4618.983,-1.0242045289072237,-5.42635512603306
4619.003,-1.0215063120524566,-5.42627330944628
4619.023,-1.0188100084290101,-5.426142946892078
4619.043,-1.016116490032963,-5.425964081483515
4619.063,-1.0134266281609967,-5.425736770924092
4619.083,-1.010741293117941,-5.425461089086823
4619.103,-1.0080613533105527,-5.425137125299025
4619.123,-1.0053876756195264,-5.42476498441384
4619.143,-1.0027211247194687,-5.424344787071912
4619.163,-1.0000625632133664,-5.423876668908003
4619.183,-0.997412850960851,-5.423360781219854
4619.203,-0.9947728450860787,-5.422797290737735
4619.223,-0.9921433995293194,-5.422186379584623
4619.243,-0.9895253650050472,-5.4215282449316735
4619.263,-0.9869195884909833,-5.4208230993780795
4619.283,-0.9843269131891043,-5.420071170601324
4619.303,-0.9817481781828232,-5.419272701405553
4619.323,-0.9791842180080972,-5.418427949598782
4619.343,-0.9766358626603729,-5.4175371880044025
4619.363,-0.9741039371689201,-5.41660070432393
4619.383,-0.9715892613402308,-5.415618800911538
4619.403,-0.9690926496654256,-5.414591795002424
4619.423,-0.9666149107409719,-5.413520018574142
4619.443,-0.964156847416843,-5.412403817654275
4619.463,-0.9617192562074063,-5.411243553325105
4619.483,-0.9593029270226752,-5.4100396006214
4619.503,-0.9552557096285079,-5.41197301374561
4619.523,-0.9502833914845223,-5.416310305125242
4619.543,-0.9452910300898076,-5.42225172061503
4619.563,-0.9402719299499406,-5.42981892622684
4619.583,-0.9352430094958937,-5.4384625130757485
4619.603,-0.9302119212233819,-5.447105182992257
4619.623,-0.9247976029199425,-5.456091415982736
4619.643,-0.9198006907725248,-5.464705030114113
4619.663,-0.9147452490934286,-5.473359717974368
4619.683,-0.9097211687767404,-5.4820007293815465
4619.703,-0.9046947307141685,-5.490643755516829
4619.723,-0.899645487641757,-5.499299056915154
4619.743,-0.8946096794760448,-5.507937278588055
4619.763,-0.8895605559302545,-5.516586487502072
4619.783,-0.8845177399137873,-5.525223305269135
4619.803,-0.8794849112916941,-5.533862696334091
4619.823,-0.8744536740158962,-5.5425027829947755
4619.843,-0.8694157965644401,-5.551140952319255
4619.863,-0.8643820910097813,-5.5597811520520555
4619.883,-0.8593484014578914,-5.5684213557665245
4619.903,-0.8543147056011866,-5.577061556016606
4619.923,-0.8492810026614497,-5.585701752863551
4619.943,-0.8442472926593947,-5.594341946402648
4619.963,-0.8392135762291678,-5.602982137301231
4619.983,-0.8341798527663491,-5.61162232446347
4620.003,-0.8291461229051675,-5.620262508540563
4620.023,-0.8241123860878381,-5.628902690207175
4620.043,-0.8190786423083036,-5.6375428683246644
4620.063,-0.8140448922024167,-5.646183043518935
4620.083,-0.8090111352014014,-5.654823215839703
4620.103,-0.8044306333862752,-5.662049014279623
4620.123,-0.800515141253901,-5.667488557328427
4620.143,-0.7976862712478547,-5.671392564117833
4620.163,-0.7952811937603678,-5.674088429097354
4620.183,-0.7929909377005855,-5.675873185311937
4620.203,-0.7906811540887181,-5.676743649006176
4620.223,-0.7883786332585788,-5.676448474624845
4620.243,-0.7860883140042438,-5.67522925661742
4620.263,-0.7838279208935375,-5.673752988939399
4620.283,-0.7815946172694063,-5.672236302914517
4620.303,-0.7793889616208286,-5.670679663013913
4620.323,-0.7772116675837895,-5.669083572635713
1758191515.4025698,-1.845626557498231,-4.21071690831544
4620.343,-1.844873673789319,-4.208124352165112
4620.363,-1.8441675673368378,-4.205518654276539
4620.383,-1.843508467688384,-4.202900659188401
4620.403,-1.8428965892183484,-4.200271215187902
4620.423,-1.8423321309565832,-4.197631174621821
4620.443,-1.8418152766283538,-4.194981393261189
4620.463,-1.8413461944160956,-4.192322730058636
4620.483,-1.8409250369406707,-4.189656046944964
4620.503,-1.8405519413847822,-4.186982208568378
4620.523,-1.840227029277868,-4.1843020818536125
4620.543,-1.8399504063539251,-4.181616535864298
4620.563,-1.8397221627662452,-4.178926441356868
4620.583,-1.839542372912226,-4.176232670501424
4620.603,-1.8394110954613232,-4.173536096859064
4620.623,-1.839328373265523,-4.1708375945648495
4620.643,-1.839294233399319,-4.1681380386388645
4620.663,-1.8393086871598774,-4.165438304485133
4620.683,-1.8393717300468269,-4.162739267078475
4620.703,-1.8394833417853949,-4.1600418016075205
4620.723,-1.8396434862808069,-4.1573467823404
4620.743,-1.83985211174313,-4.154655082778642
4620.763,-1.840109150609069,-4.151967575498043
4620.783,-1.8404145195909518,-4.149285131499993
4620.803,-1.8407681197488288,-4.146608620054587
4620.823,-1.8411706135353532,-4.143938771781101
4620.843,-1.8416190676706095,-4.141278951521724
4620.863,-1.842075172877435,-4.13862847935792
4620.883,-1.8426211139926147,-4.135983772943972
4620.903,-1.8432122480106825,-4.133352459245389
4620.923,-1.8438108078640265,-4.130732184321735
4620.943,-1.8444985094595763,-4.128120901090724
4620.963,-1.84523064811916,-4.125525588507711
4620.983,-1.845969899561761,-4.12294296829057
4621.003,-1.8467973714973103,-4.120372743732947
4621.023,-1.8476684300857813,-4.117820861728645
4621.043,-1.8485461092114834,-4.115283332885623
4621.063,-1.849510950552225,-4.11276162012556
4621.083,-1.8505183977984025,-4.110260554761301
4621.103,-1.8515319718610457,-4.107775479156739
4621.123,-1.8526314033292457,-4.105309555811987
4621.143,-1.8537723335340095,-4.102866536478172
4621.163,-1.8549188791765243,-4.10044113606351
4621.183,-1.8561497332877543,-4.098038121236953
4621.203,-1.8574222535595106,-4.095658027076004
4621.223,-1.8587376697331282,-4.09330063153052
4621.243,-1.8600952994353248,-4.090967292935239
4621.263,-1.8614947005780944,-4.088658771581905
4621.283,-1.8629354196265848,-4.086375814643281
4621.303,-1.8644169901004621,-4.084119160719508
4621.323,-1.8659389321072786,-4.081889540096642
4621.343,-1.8675007527211718,-4.079687674126066
4621.363,-1.869101946495927,-4.077514275157514
4621.383,-1.870741994993332,-4.075370046337373
4621.403,-1.872420367367773,-4.073255681327747
4621.423,-1.8713673752139874,-4.068895766404467
4621.443,-1.8681545038990535,-4.063132615278041
4621.463,-1.8633763866456359,-4.057017637641888
4621.483,-1.8570132903560677,-4.050539619548362
4621.503,-1.8495993388233112,-4.0438288857874936
4621.523,-1.8421865858124093,-4.037116317852754
4621.543,-1.8343238775989752,-4.030177917180803
4621.563,-1.8268464318811641,-4.023498365391035
4621.583,-1.819413239456897,-4.016732125359588
4621.603,-1.8119798437008163,-4.01001602317873
4621.623,-1.8045712384023365,-4.003300156042633
4621.643,-1.7971488800959887,-3.9965958716577457
4621.663,-1.7897342747577714,-3.989886561383234
4621.683,-1.7823196570026014,-3.9831772786145687
4621.703,-1.7748977784378173,-3.976472545279119
4621.723,-1.767484314743477,-3.9697623754592812
4621.743,-1.7600763142748805,-3.963040140938646
4621.763,-1.752661764900691,-3.956330762565705
4621.783,-1.745247198291991,-3.9496214235236433
4621.803,-1.737832627435818,-3.942912089182157
4621.823,-1.730418052979097,-3.936202758969904
4621.843,-1.7230034737306108,-3.9294934330908267
4621.863,-1.7155888902332272,-3.9227841113162896
4621.883,-1.7081743024564295,-3.916074793567153
4621.903,-1.700759710517893,-3.909365480343998
4621.923,-1.6933451142498548,-3.9026561709960808
4621.943,-1.6859305130559896,-3.895946865598745
4621.963,-1.6785159069248523,-3.889237564086945
4621.983,-1.6711012964276268,-3.882528266253111
4622.003,-1.6636866817109226,-3.875818972619101
4622.023,-1.6562720626353582,-3.869109682554514
4622.043,-1.6498295617371344,-3.8636723557508468
4622.063,-1.644532226275774,-3.8597407153717627
4622.083,-1.640869774856566,-3.8566981049511653
4622.103,-1.63865647738008,-3.8538848420811465
4622.123,-1.6376160387388379,-3.851304849654468
4622.143,-1.6376112449065163,-3.848936452622308
4622.163,-1.638588161774264,-3.846785872173078
4622.183,-1.6404330563806544,-3.844861706811141
4622.203,-1.642365139664828,-3.8429762660195905
4622.223,-1.6443308412406787,-3.841125974094636
4622.243,-1.6463295275700893,-3.8393113542095265
4622.263,-1.648360552027329,-3.8375329928459325
4622.283,-1.650423258183362,-3.8357914654981533
4622.303,-1.6525169787757261,-3.834087335962621
4622.323,-1.6546410368379838,-3.832421155869587
4622.343,-1.656794745510543,-3.8307934648576967
4622.363,-1.6589774081003577,-3.8292047899161106
4622.383,-1.6611883186588128,-3.8276556457904216
4622.403,-1.6634267620327623,-3.8261465345168943
4622.423,-1.6656920140855822,-3.8246779451391455
4622.443,-1.6679833416433176,-3.823250353839282
4622.463,-1.670300003427695,-3.8218642235499707
4622.483,-1.6726412495357084,-3.8205200039557408
4622.503,-1.675006322048945,-3.819218131180494
4622.523,-1.6773944552427384,-3.8179590276948683
4622.543,-1.679804875790554,-3.816743102226013
4622.563,-1.6822368027463661,-3.8155707497239186
4622.583,-1.684689448440566,-3.8144423507382044
4622.603,-1.6871620181506826,-3.813358271968721
4622.623,-1.6896537106569036,-3.812318865652046
4622.643,-1.6921637182332026,-3.8113244693148194
4622.663,-1.694691227410713,-3.8103754063474153
4622.683,-1.6972354184858214,-3.809471985172734
4622.703,-1.6997954668137871,-3.808614499494542
4622.723,-1.7023705419583388,-3.807803227916386
4622.743,-1.704959808862081,-3.8070384339147223
4622.763,-1.7075624278404096,-3.8063203665976526
4622.783,-1.7101775546660578,-3.805649259037935
4622.803,-1.7128043410669371,-3.805025329049652
4622.823,-1.7154419349847911,-3.8044487798647517
4622.843,-1.7180894808293221,-3.803919798496961
4622.863,-1.7207461199299545,-3.8034385570088807
4622.883,-1.7234109904685206,-3.803005211429492
4622.903,-1.7260832281829643,-3.8026199023087996
4622.923,-1.7287619663273903,-3.802282755085641
4622.943,-1.7314463360957026,-3.8019938790551677
4622.963,-1.734135466995109,-3.8017533677670357
4622.983,-1.7368284868671817,-3.8015612990613894
4623.003,-1.7395245225510527,-3.8014177350287417
4623.023,-1.742222699934617,-3.8013227222598855
4623.043,-1.744922144145078,-3.801276291255093
4623.063,-1.747621980129495,-3.8012784567269575
4623.083,-1.750321332842397,-3.8013292178733904
4623.103,-1.7530193271757992,-3.801428557849949
4623.123,-1.7557150888206527,-3.801576444337584
4623.143,-1.758407744068486,-3.801772828923935
4623.163,-1.7610964204870845,-3.802017647484418
4623.183,-1.7641658930503716,-3.798747094306504
4623.203,-1.7672248818269063,-3.7929011443777316
4623.223,-1.7697201252375099,-3.785553160659658
4623.243,-1.771650160314792,-3.7766805645306616
4623.263,-1.773198537838562,-3.766800929961264
4623.283,-1.774749296166173,-3.7569213768974414
4623.303,-1.7763420952799396,-3.7463891523337365
4623.323,-1.7779006177194452,-3.7365370502177875
4623.343,-1.7795069234076557,-3.726577026216978
4623.363,-1.7810494879389376,-3.7166826880017454
4623.383,-1.7825904919749018,-3.706787996137681
4623.403,-1.784130943274068,-3.6968933257481815
4623.423,-1.7856708592599082,-3.6869986567695765
4623.443,-1.787210228810994,-3.677103969448858
4623.463,-1.7887490395448624,-3.667209250045539
4623.483,-1.790287281948692,-3.657314488073368
4623.503,-1.7918249481203226,-3.6474196771768406
4623.523,-1.7933620305659175,-3.63752481527047
4623.543,-1.7948985167597942,-3.62762990681743
4623.563,-1.796444633080834,-3.6177503992491724
4623.583,-1.7979897995684815,-3.607870831343189
4623.603,-1.799534938062277,-3.5979912592410384
4623.623,-1.80108005926154,-3.588111684297834
4623.643,-1.8026251644286158,-3.578232106652247
4623.663,-1.8041702523782972,-3.56835252605438
4623.683,-1.805715323202442,-3.558472941861934
4623.703,-1.8072603767948439,-3.5485933546132817
4623.723,-1.8088054143456678,-3.5387137644603683
4623.743,-1.8103504346886412,-3.5288341711708457
4623.763,-1.8118954378384748,-3.5189545747137436
4623.783,-1.8134404239118678,-3.5090749744745704
4623.803,-1.814985394012808,-3.4991953712170836
4623.823,-1.8165303469944962,-3.4893157647350335
4623.843,-1.8180752828905509,-3.479436155024557
4623.863,-1.819620201835777,-3.4695565414990237
4623.883,-1.8211651049513156,-3.459676924950511
4623.903,-1.8227099911063394,-3.44979730520129
4623.923,-1.8242548603490787,-3.439917682275891
4623.943,-1.8257997127307235,-3.430038056203796
4623.963,-1.827344549577364,-3.420158426628104
4623.983,-1.82888936967114,-3.4102787939855594
4624.003,-1.8304341730680918,-3.400399158325764
4624.023,-1.8319789598252418,-3.3905195197017854
4624.043,-1.8335237312724777,-3.3806398777785596
4624.063,-1.8350684861844455,-3.3707602330112145
4624.083,-1.836613224625959,-3.3608805854685895
4624.103,-1.8381579466515106,-3.3510009352191337
4624.123,-1.839670654788431,-3.341059941802026
4624.143,-1.8412099968483573,-3.3311769838748546
4624.163,-1.8427536052283062,-3.3212971316876763
4624.183,-1.8442971210188122,-3.3114172928390055
4624.203,-1.845840619911655,-3.3015374512026283
4624.223,-1.8473841025382296,-3.2916576072534904
4624.243,-1.8489275689412925,-3.2817777610608903
4624.263,-1.8504710191520188,-3.2718979126952124
4624.283,-1.8520144532931007,-3.262018061633377
4624.303,-1.8535578712882896,-3.2521382085262345
4624.323,-1.8551012731526026,-3.242258353429944
4624.343,-1.8566446588950682,-3.2323784963971747
4624.363,-1.8581880285192758,-3.22249863747303
4624.383,-1.8597313821148194,-3.212618776109312
4624.403,-1.8612748337206981,-3.2027391314643663
4624.423,-1.8628213529150028,-3.192866219855808
4624.443,-1.864364437037506,-3.182985858679545
4624.463,-1.8659040385422614,-3.173105596519121
4624.483,-1.8674480148641188,-3.1632254919500964
4624.503,-1.868994024862401,-3.1533457252794963
4624.523,-1.8705351068673364,-3.1434606131565594
4624.543,-1.8720680368364042,-3.1335520857379886
4624.563,-1.8736126519573153,-3.1236720498478903
4624.583,-1.8751605651145045,-3.1137931407860067
4624.603,-1.876693396203347,-3.1038979529743473
4624.623,-1.8782263423320056,-3.094002676814623
4624.643,-1.8797587463434815,-3.0841072740214983
4624.663,-1.8812905239754547,-3.074211744666403
4624.683,-1.8828216705574872,-3.0643160955769906
4624.703,-1.884352189541723,-3.0544203334574873
4624.723,-1.8858820870908015,-3.0445244647968726
4624.743,-1.8874113656142382,-3.034628495657263
4624.763,-1.8889400280883004,-3.0247324313752775
4624.783,-1.8904680745778841,-3.0148362800894772
4624.803,-1.891995498795926,-3.0049400563523068
4624.823,-1.8935322553399565,-2.9950591218835174
4624.843,-1.895068274664415,-2.98517812771735
4624.863,-1.8966042699177794,-2.975297130272429
4624.883,-1.8981402490085206,-2.9654161295588954
4624.903,-1.8996762107120926,-2.955535125916025
4624.923,-1.9012121550193988,-2.9456541192880237
4624.943,-1.9027480819258122,-2.935773109621387
4624.963,-1.9042839927037056,-2.9258920964724022
4624.983,-1.90581988608605,-2.9160110801941856
4625.003,-1.907355762082958,-2.9061300607506357
4625.023,-1.9088916218864118,-2.896249038301533
4625.043,-1.9104274643399597,-2.8863680126317766
4625.063,-1.9119632895646193,-2.8764869831344972
4625.083,-1.9134990986661897,-2.866605950578938
4625.103,-1.9150348905070136,-2.8567249147697478
4625.123,-1.9165706651252779,-2.8468438757113437
4625.143,-1.9181064237398322,-2.836962833605047
4625.163,-1.9196421653153466,-2.827081787689683
4625.183,-1.9211778909814072,-2.817200738768862
4625.203,-1.922713599612648,-2.8073196866828924
4625.223,-1.9242492912624172,-2.7974386314700457
4625.243,-1.9257849659859207,-2.7875575731733035
4625.263,-1.9273206251115627,-2.7776765114463347
4625.283,-1.9288562674194019,-2.767795446738966
4625.303,-1.930391892970826,-2.7579143791121985
4625.323,-1.9319275029990175,-2.7480333088200575
4625.343,-1.9334630963827746,-2.7381522357388195
4625.363,-1.9349986732719782,-2.7282711593489823
4625.383,-1.9365215280127117,-2.7183866941153525
4625.403,-1.938050519513756,-2.7085064101343224
4625.423,-1.9395939900716508,-2.6986269313796902
4625.443,-1.9411291305941973,-2.688745803850308
4625.463,-1.9426642793899978,-2.6788646614636407
4625.483,-1.9441994120599657,-2.668983516611526
4625.503,-1.94573452845221,-2.6591023689247613
4625.523,-1.9472696284963844,-2.6492212190605677
4625.543,-1.948804712215584,-2.6393400670843454
4625.563,-1.9503397796278212,-2.6294589130554673
4625.583,-1.951874830745293,-2.6195777570303025
4625.603,-1.9534098656658858,-2.609696598469054
4625.623,-1.9549199549136098,-2.599776138445449
4625.643,-1.9564281856554093,-2.589856253475829
4625.663,-1.9579349269185793,-2.5799361255477478
4625.683,-1.9594400981153823,-2.5700157144019524
4625.703,-1.9609436650739143,-2.560094979809931
4625.723,-1.9624455933744767,-2.550173889027719
4625.743,-1.9639457568614984,-2.540252377815855
4625.763,-1.9654631246699812,-2.530369021144356
4625.783,-1.9669826438026417,-2.5204810717025707
4625.803,-1.9685070179316473,-2.5105980501869922
1758191522.2167559,-1.9957174272290374,-3.538259190795439
4625.823,-1.9867000171428575,-3.54258180827639
4625.843,-1.9776829146747945,-3.54690497883379
4625.863,-1.968666091027894,-3.55122859513211
4625.883,-1.9596495755787948,-3.5555526207852544
4625.903,-1.9506259646435908,-3.559893563562841
4625.923,-1.9416020684265987,-3.5642342725921394
4625.943,-1.9325784035587494,-3.568575415297026
4625.963,-1.923555009822615,-3.5729170729665483
4625.983,-1.9145318925881654,-3.5772592612448544
4626.003,-1.9055090524782183,-3.5816019827163954
4626.023,-1.8964864915395252,-3.5859452404674386
4626.043,-1.8874642146754035,-3.5902890342067644
4626.063,-1.8784422405480647,-3.5946333684352094
4626.083,-1.869427820691981,-3.5989616563574858
4626.103,-1.8604135536656934,-3.603290212610061
4626.123,-1.8513992956024812,-3.6076187873040837
4626.143,-1.8423850446092436,-3.6119473771496664
4626.163,-1.8333708011422791,-3.616275983248701
4626.183,-1.8243565646522686,-3.620604604567592
4626.203,-1.8153423356069278,-3.624933242212935
4626.223,-1.8063281134287823,-3.6292618964657555
4626.243,-1.797313898108834,-3.633590566013304
4626.263,-1.7882996901217127,-3.6379192519447088
4626.283,-1.779285488923657,-3.642247953186819
4626.303,-1.7702712949940658,-3.6465766708132814
4626.323,-1.7612571077945645,-3.6509054037353277
4626.343,-1.7522429272716877,-3.6552341532657198
4626.363,-1.7432287534323816,-3.6595629180454883
4626.383,-1.7342145867689736,-3.663891699117529
4626.403,-1.72520042726639,-3.668220496440649
4626.423,-1.7161862744055805,-3.6725493088884043
4626.443,-1.7071721281500294,-3.6768781377388495
4626.463,-1.6981579885295348,-3.6812069816027146
4626.483,-1.689143856052548,-3.685535841487873
4626.503,-1.6801297302161455,-3.689864716245568
4626.523,-1.67111561153881,-3.6941936068791272
4626.543,-1.6621015000350159,-3.6985225133100763
4626.563,-1.6530873946729716,-3.7028514346352495
4626.583,-1.644073296522843,-3.7071803715946547
4626.603,-1.6350592056081417,-3.711509324105171
4626.623,-1.6260417788604515,-3.7158302129355354
4626.643,-1.6170144194881213,-3.720192148880547
4626.663,-1.607980279665313,-3.7245637485871477
4626.683,-1.5989651175725246,-3.7288887798696204
4626.703,-1.5899602458468656,-3.7331998802786597
4626.723,-1.5809513644381794,-3.7375431441072857
4626.743,-1.5719382191501825,-3.7418739607204454
4626.763,-1.5629252335715957,-3.7462052117489515
4626.783,-1.5539122563289096,-3.7505364805372072
4626.803,-1.5448992867347582,-3.7548677643703314
4626.823,-1.5358863248173729,-3.75919906316324
4626.843,-1.5268733700771586,-3.7635303771266173
4626.863,-1.5178604230890778,-3.767861705969984
4626.883,-1.5088474838894141,-3.7721930496653053
4626.903,-1.4998345520006635,-3.7765244071163098
4626.923,-1.4908216279649313,-3.7808557793891464
4626.943,-1.4818128147195828,-3.7852058462892253
4626.963,-1.4727987623703742,-3.7895358536660404
4626.983,-1.4637769411136456,-3.7939022481509226
4627.003,-1.4547658973175503,-3.7982389348479133
4627.023,-1.4457530808001833,-3.802570660808465
4627.043,-1.4367402670304554,-3.8069024124224216
4627.063,-1.4277274580596628,-3.8112341878245384
4627.083,-1.4187146617026865,-3.815566009330274
4627.103,-1.4096989887277325,-3.8199074897035072
4627.123,-1.4006721489760825,-3.824271300250119
4627.143,-1.391667470329499,-3.828604139122742
4627.163,-1.3826481504987698,-3.832973127891462
4627.183,-1.3736179914542066,-3.83733153915238
4627.203,-1.3646049543882226,-3.8416664200684245
4627.223,-1.355575073214792,-3.846029602423144
4627.243,-1.3465622368426202,-3.850361618620795
4627.263,-1.3375330820710012,-3.8547227492036105
4627.283,-1.3285207357271445,-3.859058863090003
4627.303,-1.3195087635349048,-3.863393564204152
4627.323,-1.3105057255266037,-3.8677373768956773
4627.343,-1.3014947492460904,-3.872075493518052
4627.363,-1.293504026557218,-3.8759755947027643
4627.383,-1.2868314250590513,-3.879224970811113
4627.403,-1.2818447015026304,-3.881664675154809
4627.423,-1.2781438603569897,-3.883638522939959
4627.443,-1.2753874199984596,-3.885674545420244
4627.463,-1.273454891373493,-3.8878213410374296
4627.483,-1.2723014276078233,-3.890049177514065
4627.503,-1.2721356996561362,-3.8922856404309005
4627.523,-1.2728423514203808,-3.8946030040515907
4627.543,-1.2741353191133966,-3.896970559184878
4627.563,-1.2754321044522872,-3.899326167469894
4627.583,-1.2768119935041002,-3.901646652935105
4627.603,-1.278230516160117,-3.903940223136181
4627.623,-1.2796520214866312,-3.906220876562072
4627.643,-1.2811549430951856,-3.9084634403827603
4627.663,-1.2826949678517763,-3.9106769088220514
4627.683,-1.2842371553406253,-3.9128760128759943
4627.703,-1.2858587701909592,-3.915034151974045
4627.723,-1.2875158481243263,-3.9171611195380276
4627.743,-1.2891742549630334,-3.919272325592161
4627.763,-1.2909098815967617,-3.921339800066587
4627.783,-1.2926792387724504,-3.9233741429540463
4627.803,-1.2944490505981003,-3.9253913360046795
4627.823,-1.2962936746625866,-3.9273621606194067
4627.843,-1.298170211457375,-3.9292980151690573
4627.863,-1.3000462835652624,-3.931215340312299
4627.883,-1.3019945728654212,-3.9330838043682848
4627.903,-1.3039728768074177,-3.934915581229094
4627.923,-1.3059863979085546,-3.9367136704041195
4627.943,-1.3080319549896446,-3.938475232582525
4627.963,-1.3101088772710192,-3.9401996878612198
4627.983,-1.3122164917690173,-3.9418864785888954
4628.003,-1.3143541159085426,-3.943535059521574
4628.023,-1.3165210574706863,-3.9451448975540346
4628.043,-1.3187166147983236,-3.94671547232586
4628.063,-1.3209400773245321,-3.9482462758697494
4628.083,-1.3231907253064132,-3.9497368136197197
4628.103,-1.3254678302185403,-3.951186603566147
4628.123,-1.327770655499084,-3.9525951770567684
4628.143,-1.3300984559188194,-3.9539620787816623
4628.163,-1.3324504782294793,-3.95528686693671
4628.183,-1.3348259617710987,-3.956569112987046
4628.203,-1.33722413804266,-3.957808402343457
4628.223,-1.3396442313498187,-3.9590043342810386
4628.243,-1.3420854589451294,-3.960156521897362
4628.263,-1.3430724803521175,-3.964531773162448
4628.283,-1.3427444543920135,-3.97112186111261
4628.303,-1.341169000356861,-3.9787207103383473
4628.323,-1.3383333151486427,-3.9873470677665424
4628.343,-1.334658486240689,-3.9966473880095843
4628.363,-1.3309856229106412,-4.005948851037541
4628.383,-1.327110643964833,-4.015679956356582
4628.403,-1.3234489381331644,-4.024971322091384
4628.423,-1.3196981405441668,-4.0344581295968975
4628.443,-1.3160261521106327,-4.043773201278041
4628.463,-1.3123452358021104,-4.053067457309572
4628.483,-1.3086719133048348,-4.062367849343346
4628.503,-1.3049985364630006,-4.07166823793365
4628.523,-1.301325157738477,-4.0809686247516135
4628.543,-1.2976517771070473,-4.09026900999788
4628.563,-1.2939783945979595,-4.099569393679053
4628.583,-1.2903050107866474,-4.108869775594549
4628.603,-1.286631625128372,-4.118170155978383
4628.623,-1.2829582376299475,-4.127470534856976
4628.643,-1.2792760781225962,-4.1367886717461735
4628.663,-1.2756031144076474,-4.14608902830024
4628.683,-1.2719292839089422,-4.155397595550412
4628.703,-1.2682459190966795,-4.164707389841054
4628.723,-1.2645729744404837,-4.174007176824627
4628.743,-1.2609068956170506,-4.183310182375723
4628.763,-1.2576849617531474,-4.19124698088106
4628.783,-1.2550837316353392,-4.197333965924186
4628.803,-1.2534529819559797,-4.20147735530962
4628.823,-1.2528177006417658,-4.2048813644043035
4628.843,-1.2531211647060942,-4.207493453750471
4628.863,-1.2543441644631876,-4.20941319831272
4628.883,-1.2562588577728335,-4.2108031213635675
4628.903,-1.2589011276269209,-4.211557770329229
4628.923,-1.2614641806578248,-4.2123997073271315
4628.943,-1.264041772124413,-4.213195498195983
4628.963,-1.266633088698363,-4.213944855206851
4628.983,-1.2692373567027508,-4.214647512242211
4629.003,-1.271853776422507,-4.215303225399266
4629.023,-1.274481529466807,-4.215911770952835
4629.043,-1.2771197843311388,-4.21647294399066
4629.063,-1.2797676999612202,-4.216986557103701
4629.083,-1.2824244283201494,-4.217452439445908
4629.103,-1.285089115489958,-4.217870436479058
4629.123,-1.287760903353779,-4.218240410011326
4629.143,-1.290438930170582,-4.21856223775743
4629.163,-1.2931223314826767,-4.2188358130490755
4629.183,-1.2958102403087854,-4.219061045328923
4629.203,-1.2985017877878056,-4.219237859756437
4629.223,-1.3011961034410406,-4.219366196918552
4629.243,-1.3038923157463909,-4.219446013517577
4629.263,-1.3065895520951083,-4.219477281931619
4629.283,-1.3092869396826297,-4.219459990313175
4629.303,-1.311983605206463,-4.219394142515754
4629.323,-1.3146786755119528,-4.219279758309764
4629.343,-1.3173712778843285,-4.2191168731448165
4629.363,-1.3200605403387653,-4.218905538336796
4629.383,-1.3230905319089257,-4.222213269125946
4629.403,-1.3260796474354482,-4.22809631692599
4629.423,-1.328487377595657,-4.23547468154885
4629.443,-1.3303117337591583,-4.244370982370857
4629.463,-1.3317430725204262,-4.254268355293898
4629.483,-1.333176833829054,-4.264165811682401
4629.503,-1.3349746036582808,-4.2745212567891775
4629.523,-1.336432830680456,-4.284374705701121
4629.543,-1.3379467753767762,-4.294310916036352
4629.563,-1.3393844001417392,-4.304207384977672
4629.583,-1.3408220180368424,-4.314095577156525
4629.603,-1.3422637170251734,-4.323990715038667
4629.623,-1.3437054428730364,-4.3338858450545095
4629.643,-1.345147181098493,-4.343780973557721
4629.663,-1.3465889318196314,-4.3536761006884825
4629.683,-1.3480306947793792,-4.363571225845502
4629.703,-1.3494724701102923,-4.373466349696976
4629.723,-1.3509243670281865,-4.38336542405901
4629.743,-1.3523650136796657,-4.393260972501654
4629.763,-1.3538071072552937,-4.403156053486262
4629.783,-1.3552492289021432,-4.413051128286003
4629.803,-1.356691363019994,-4.422946201698265
4629.823,-1.3581335090472748,-4.432841273744159
4629.843,-1.359575667536166,-4.4427363439529435
4629.863,-1.3610178379611946,-4.4526314128827575
4629.883,-1.362460020282344,-4.462526479959353
4629.903,-1.363902214557683,-4.472421545831984
4629.923,-1.3653444210376584,-4.482316609969031
4629.943,-1.3667866391898105,-4.492211672916838
4629.963,-1.368228868872209,-4.502106734677617
4629.983,-1.3696711103346553,-4.512001794713155
4630.003,-1.3711133634366246,-4.521896853020369
4630.023,-1.3724152041424944,-4.526465160794205
4630.043,-1.3755182460592168,-4.530581902231193
4630.063,-1.37954518000564,-4.534430692889447
4630.083,-1.3832540112377922,-4.538496409624318
4630.103,-1.386812755809769,-4.5425048993471195
4630.123,-1.3908240589854493,-4.546495272968708
4630.143,-1.3949948590980314,-4.55042124029135
4630.163,-1.3993096683134643,-4.554283480384978
4630.183,-1.403686283954258,-4.558150063902494
4630.203,-1.40812441021303,-4.562026167156375
4630.223,-1.4111141907423832,-4.566611380736172
4630.243,-1.4145744268882212,-4.570685706749595
4630.263,-1.4192669355581147,-4.574099189147208
4630.283,-1.4240423726098828,-4.577312197319044
4630.303,-1.4277663920858021,-4.580831661440995
4630.323,-1.4321440835729615,-4.583395314001593
4630.343,-1.4316388352206564,-4.587477141219389
4630.363,-1.4311408924197162,-4.591993341273556
4630.383,-1.4340429481980548,-4.595435872789746
4630.403,-1.434421112116685,-4.598363720428192
4630.423,-1.4348418107272192,-4.601592941591898
4630.443,-1.4353459340422101,-4.605230158500628
4630.463,-1.4359531535691399,-4.609278602575194
4630.483,-1.4366841175223852,-4.6137271714958406
4630.503,-1.4375337491416456,-4.618227438584001
4630.523,-1.4381119844138526,-4.622451156930767
4630.543,-1.4387734988238554,-4.6259340237354705
4630.563,-1.439346923044533,-4.628709358098432
4630.583,-1.439877940577026,-4.631097568731942
4630.603,-1.440179583255311,-4.632680791079104
4630.623,-1.4406220512594363,-4.634696665730371
4630.643,-1.44236401387487,-4.6374565908102365
4630.663,-1.4431080609747717,-4.639602866958893
4630.683,-1.4439584507023937,-4.640470928857071
4630.703,-1.4450943886260825,-4.642086592721687
4630.723,-1.4454767942108906,-4.643274605771811
4630.743,-1.4458671975732287,-4.645056623550838
4630.763,-1.446913333049288,-4.647260491461272
4630.783,-1.4476736417475,-4.649425048565527
4630.803,-1.4486793800817441,-4.650505440717218
4630.823,-1.4491595719744907,-4.6516403497111565
4630.843,-1.4497459494921408,-4.653127898764875
4630.863,-1.450281448365752,-4.655203497016925
4630.883,-1.4511895706250977,-4.657640089980983
4630.903,-1.4516293885995413,-4.659155615126353
4630.923,-1.4527853393676047,-4.660068580213455
4630.943,-1.4530017804348858,-4.660366174055717
4630.963,-1.453693545379499,-4.661470178085509
1758191528.6855235,-1.8364599230180547,-4.008409531688615
4630.983,-1.8350744074844607,-4.008572489361526
4631.003,-1.8344633329978042,-4.008677192144295
4631.023,-1.8333914567615242,-4.0091826420645855
4631.043,-1.8311053439501173,-4.010167608009838
4631.063,-1.8287494722896898,-4.010715463703492
4631.083,-1.8269257179648328,-4.011142311275823
4631.103,-1.8253137030541458,-4.011676720639649
4631.123,-1.8231139774080771,-4.012379593205589
4631.143,-1.8210690206087616,-4.013496025865725
4631.163,-1.8198780471460432,-4.013729342116259
4631.183,-1.8194859210897096,-4.013748208238311
4631.203,-1.8193829577762752,-4.013654072330439
4631.223,-1.8179922257362966,-4.014384736981942
4631.243,-1.8158629307627432,-4.0153119399180985
4631.263,-1.8143173264370889,-4.015332396489037
4631.283,-1.8125508824248378,-4.015480570160324
4631.303,-1.8108572225809967,-4.015420973078636
4631.323,-1.8092841174795253,-4.015361512978638
4631.343,-1.8077005995882143,-4.015463751850651
4631.363,-1.8058895252315965,-4.015534451685791
4631.383,-1.80415182945608,-4.015951580055729
4631.403,-1.8023965230000294,-4.016087556574337
4631.423,-1.8007098389321705,-4.016408381318497
4631.443,-1.7991408583509758,-4.016641886736032
4631.463,-1.7975312296477541,-4.016937449943125
4631.483,-1.7958591906138002,-4.017190148672148
4631.503,-1.794124967136384,-4.017523720622759
4631.523,-1.7924418293824482,-4.017815839275423
4631.543,-1.7907187035846341,-4.018032622531841
4631.563,-1.789170586176214,-4.018333740397498
4631.583,-1.7876520918826289,-4.01853118866556
4631.603,-1.7862890989551186,-4.018696790362009
4631.623,-1.7846399820841803,-4.01902294452189
4631.643,-1.783374304399126,-4.019358796018607
4631.663,-1.7818481464415836,-4.0196865396700785
4631.683,-1.7804656090188136,-4.020024252624474
4631.703,-1.7789000396855543,-4.020395254715199
4631.723,-1.7772601229862381,-4.02067891486349
4631.743,-1.775888592769966,-4.020938998010876
4631.763,-1.7743250744927626,-4.021094101795545
4631.783,-1.7730140658721345,-4.021494031923634
4631.803,-1.771626712184178,-4.021854991264582
4631.823,-1.7705209909606565,-4.022072869920441
4631.843,-1.7689801150192825,-4.02248362713084
4631.863,-1.7675059266289055,-4.022940714458902
4631.883,-1.7660198142726748,-4.023419372967571
4631.903,-1.7645757127129822,-4.0239048413692755
4631.923,-1.7631559293772179,-4.024259930879078
4631.943,-1.7616736803568334,-4.024708060775119
4631.963,-1.7602403910140465,-4.025562381225561
4631.983,-1.7588075731286308,-4.026339175398732
4632.003,-1.7571227820191182,-4.0274076147456
4632.023,-1.7549424792548594,-4.029284579873779
4632.043,-1.7517284002000746,-4.031708961723062
4632.063,-1.7478678939092889,-4.034750503889262
4632.083,-1.7447366103214978,-4.037472259434443
4632.103,-1.7419443869579436,-4.03962302940649
4632.123,-1.7399938340088403,-4.041281016972379
4632.143,-1.7391440567015293,-4.04168483051743
4632.163,-1.7386468298182103,-4.041835619047069
4632.183,-1.7383248754704979,-4.042005270336015
4632.203,-1.737714310007311,-4.042699654677153
4632.223,-1.7358577411927343,-4.0444404001842305
4632.243,-1.7344512994866432,-4.045464681373489
4632.263,-1.7340952422700069,-4.045564925314766
4632.283,-1.7336884812109155,-4.046085446125948
4632.303,-1.7325951982597452,-4.046971057429228
4632.323,-1.7305838183516282,-4.0487824272237996
4632.343,-1.728822248464714,-4.050433828343579
4632.363,-1.7285711867501277,-4.050567284380286
4632.383,-1.728182108939773,-4.051082455938267
4632.403,-1.7269455363715058,-4.052163813043401
4632.423,-1.7250905739003897,-4.053882392136427
4632.443,-1.7239061075687492,-4.054854430218922
4632.463,-1.7225765028183253,-4.055765653016506
4632.483,-1.7219197666956696,-4.05619663234981
4632.503,-1.7206620062534437,-4.057322230004527
4632.523,-1.719748959674922,-4.058021371750883
4632.543,-1.7188006013448438,-4.058628762035705
4632.563,-1.7179498616337414,-4.059313219944579
4632.583,-1.7173270233830997,-4.059765322736742
4632.603,-1.7168571574900697,-4.060139654200322
4632.623,-1.7166250683613127,-4.060296255581094
4632.643,-1.7163828212591798,-4.0604490968101645
4632.663,-1.7157643940547442,-4.06091487700138
4632.683,-1.715335112384482,-4.06123706425495
4632.703,-1.7147495154000096,-4.061827884673443
4632.723,-1.7136201636017099,-4.062991658438888
4632.743,-1.7128209564820502,-4.063544213865181
4632.763,-1.7122588594416919,-4.064055896689335
4632.783,-1.711815440120608,-4.06436696678855
4632.803,-1.7115821649313026,-4.06458854130969
4632.823,-1.7111229874168736,-4.064992081162037
4632.843,-1.7109501083515966,-4.0651104181496684
4632.863,-1.7107466734194112,-4.065252370551028
4632.883,-1.7096884448375202,-4.066617688316673
4632.903,-1.7092086183877675,-4.066987647334604
4632.923,-1.7090427195268665,-4.067091550514653
4632.943,-1.708874262850514,-4.067251480111927
4632.963,-1.7081136593593411,-4.06777293891408
4632.983,-1.70761250802577,-4.068406519872241
4633.003,-1.7053628552714986,-4.0710619175224325
4633.023,-1.7008069819768532,-4.076435311686497
4633.043,-1.6943572696371714,-4.084057744544517
4633.063,-1.6879030180605301,-4.091684831510999
4633.083,-1.6814426303272754,-4.0993191662717035
4633.103,-1.6749764968853202,-4.106960293098148
4633.123,-1.6730482444019996,-4.109485547309663
4633.143,-1.6714672995950275,-4.111656254436507
4633.163,-1.6692572022679768,-4.114253365545925
4633.183,-1.6666145449614302,-4.117177897437397
4633.203,-1.663815189657154,-4.120443073765559
4633.223,-1.662615463202918,-4.126603582041365
4633.243,-1.6606322180463418,-4.129533048946641
4633.263,-1.6580602334541514,-4.132512816781367
4633.283,-1.6561208788197608,-4.135289111362731
4633.303,-1.6543413983544923,-4.137897051003001
4633.323,-1.6526739498912835,-4.140564513227267
4633.343,-1.6509980147969103,-4.14323334013912
4633.363,-1.6494194919374263,-4.14587292233385
4633.383,-1.6479656852352325,-4.148510717068785
4633.403,-1.646828344703702,-4.151652198505324
4633.423,-1.645402197305081,-4.154301055887596
4633.443,-1.6440121506011234,-4.156973638212671
4633.463,-1.6430076427134441,-4.1599113869595765
4633.483,-1.6417403368570693,-4.162562218858547
4633.503,-1.6405053295545986,-4.165244038017556
4633.523,-1.6392473017078377,-4.167981364378502
4633.543,-1.6378947128690373,-4.170902566484979
4633.563,-1.6365644674432267,-4.173971010913789
4633.583,-1.6359258594171509,-4.177768637818295
4633.603,-1.634686462233423,-4.181238984395159
4633.623,-1.6334092443423736,-4.1849884182861805
4633.643,-1.6321284944018537,-4.189098905061762
4633.663,-1.6309084809342693,-4.193504595306086
4633.683,-1.6301848889001123,-4.198408322883169
4633.703,-1.6292180179481222,-4.2030846076876704
4633.723,-1.6286677474618731,-4.20801509551626
4633.743,-1.6280374237483077,-4.212754762437025
4633.763,-1.627643554565074,-4.217499511736991
4633.783,-1.6273580394931522,-4.222213499233662
4633.803,-1.6271817505988377,-4.226898842000096
4633.823,-1.6271157420705062,-4.231552340261004
4633.843,-1.6271595073176321,-4.236172877278836
4633.863,-1.6273112690622495,-4.240759546826477
4633.883,-1.6275666154411983,-4.245310072657802
4633.903,-1.6279225403969666,-4.249822763198795
4633.923,-1.628376535788722,-4.254296110178123
4633.943,-1.6248896357839078,-4.257121897308176
4633.963,-1.6240508141055932,-4.2615627621604135
4633.983,-1.624550713194323,-4.268481949784979
4634.003,-1.6253679823000708,-4.278448894677069
4634.023,-1.6261926789859384,-4.288414896700996
4634.043,-1.6269421574016871,-4.298701884180716
4634.063,-1.6245813117499337,-4.300494490649925
4634.083,-1.6222645066224655,-4.302680742192147
4634.103,-1.6195266950862797,-4.305190068448995
4634.123,-1.6188548942516818,-4.305295037612505
4634.143,-1.6187570369852056,-4.305448835435499
4634.163,-1.6186791818574766,-4.305083210545071
4634.183,-1.6185952798933063,-4.304969611818872
4634.203,-1.618737601176096,-4.3049727339576656
4634.223,-1.6185439041938734,-4.30497128408651
4634.243,-1.6184531359515206,-4.305464043321916
4634.263,-1.6185269024319802,-4.305515769205372
4634.283,-1.6186814301675252,-4.305508843297066
4634.303,-1.6187526198377793,-4.305554450005397
4634.323,-1.6192725211342471,-4.306269392226539
4634.343,-1.6192206904381115,-4.306209878144513
4634.363,-1.6185926899749756,-4.305722251696853
4634.383,-1.6175692826163277,-4.304812731429646
4634.403,-1.616029494455106,-4.303357984911778
4634.423,-1.6141978081837791,-4.30180996631012
4634.443,-1.6122634766433517,-4.300945577788003
4634.463,-1.6108468986611317,-4.299975912354174
4634.483,-1.6093765099812727,-4.297753744512378
4634.503,-1.6078363569280807,-4.2962063064189735
4634.523,-1.6071594333140444,-4.293901664449436
4634.543,-1.6059196866923726,-4.291315766615297
4634.563,-1.60509664723312,-4.289498916226262
4634.583,-1.6037331445102931,-4.287240433310548
4634.603,-1.6025191012864584,-4.28490738389691
4634.623,-1.6009544357574264,-4.283695229611537
4634.643,-1.599687017509025,-4.28143615595187
4634.663,-1.5990687684290508,-4.279125157595143
4634.683,-1.5982626251851808,-4.276802830802391
4634.703,-1.5971280593137427,-4.274499673910287
4634.723,-1.5959269535072327,-4.272028171546402
4634.743,-1.5948271323838215,-4.26975296163668
4634.763,-1.5936798244860153,-4.267284712357299
4634.783,-1.5924500045930048,-4.264987368653608
4634.803,-1.5918013873982044,-4.2627154391588835
4634.823,-1.5906992777514983,-4.26020763482764
4634.843,-1.5895926759434766,-4.257786870881884
4634.863,-1.5885233632320808,-4.255304539274659
4634.883,-1.5868933244982175,-4.253734111798137
4634.903,-1.5863758967846837,-4.251652873124386
4634.923,-1.5854321496896244,-4.249124094571851
4634.943,-1.5844217264028553,-4.246661664082592
4634.963,-1.582997022020077,-4.2450555341105165
4634.983,-1.5820556137318946,-4.242603157980261
4635.003,-1.5811564627013561,-4.2403860314152055
4635.023,-1.5807943686554344,-4.2381430593215415
4635.043,-1.5804314953083058,-4.236190706283735
4635.063,-1.5800277486179033,-4.23429222896579
4635.083,-1.5792113933329477,-4.231745247848065
4635.103,-1.578385063093677,-4.229311908074335
4635.123,-1.5771344816220487,-4.227809624784101
4635.143,-1.576627549977335,-4.22533939674084
4635.163,-1.575903061547099,-4.222831594165827
4635.183,-1.5751506011538314,-4.220477266317337
4635.203,-1.574337598431762,-4.218024845181323
4635.223,-1.5740373357332575,-4.217539832671594
4635.243,-1.5742194051642269,-4.218805934692741
4635.263,-1.574282944988878,-4.2212425029643015
4635.283,-1.5753601889206155,-4.225249385121507
4635.303,-1.577313396984706,-4.230629404724662
4635.323,-1.579496054896136,-4.235866062497302
4635.343,-1.5812691979630396,-4.241350672438003
4635.363,-1.5837497887710428,-4.246402292508348
4635.383,-1.5859605604114606,-4.25164291037724
4635.403,-1.5877763870931425,-4.256958143641143
4635.423,-1.5889905257208592,-4.26253427427593
4635.443,-1.5916635647271649,-4.267641332928031
4635.463,-1.592722196503647,-4.273171824424395
4635.483,-1.5951696470094805,-4.278160944322435
4635.503,-1.5978536397994774,-4.2832784087123015
4635.523,-1.6007360677613431,-4.288471006455383
4635.543,-1.6039041099972824,-4.293296794684776
4635.563,-1.6063374531109669,-4.298276842291516
4635.583,-1.609833317102303,-4.302699464894726
4635.603,-1.6129294593193602,-4.307408796798791
4635.623,-1.6164586256680165,-4.31159351494647
4635.643,-1.614450547871579,-4.313197672087036
4635.663,-1.6140281952855546,-4.314431222187715
4635.683,-1.613963065090169,-4.3145602108803285
4635.703,-1.6139614598794185,-4.314453441132733
4635.723,-1.6141735634260013,-4.3143938718013395
4635.743,-1.614328473184439,-4.3141319083130325
4635.763,-1.6144191737668117,-4.3141337665374975
4635.783,-1.6145597310537,-4.3140355871342715
4635.803,-1.6147163560272477,-4.313660955020196
4635.823,-1.6148188824480787,-4.313520136986234
4635.843,-1.6153928003648121,-4.313964686832153
4635.863,-1.6150792650888444,-4.314110226231968
4635.883,-1.615018662945162,-4.314231696413609
4635.903,-1.614824208039261,-4.314499696416434
4635.923,-1.6143014622823497,-4.314828246110274
4635.943,-1.6141876431309279,-4.315058195318901
4635.963,-1.61439164403754,-4.3160795621832335
4635.983,-1.614125565652324,-4.315983907045554
4636.003,-1.613887283316013,-4.316122360184831
4636.023,-1.613550162727302,-4.316335335300484
4636.043,-1.6137014472552618,-4.317075971919118
4636.063,-1.6137010039550606,-4.317572174370517
4636.083,-1.613574156445125,-4.317820685827189
4636.103,-1.6132420965848953,-4.317643663291808
4636.123,-1.612769132661612,-4.317624091747515
4636.143,-1.612308349600412,-4.317732714142954
4636.163,-1.611647728639393,-4.31863097820638
4636.183,-1.6104518529695306,-4.320098925755801
4636.203,-1.6087131708613671,-4.3221588320318025
4636.223,-1.6063884428710626,-4.324425778669043
4636.243,-1.6038691856751166,-4.3269799426877595
4636.263,-1.6010898405891623,-4.330115420882901
4636.283,-1.6003072009606487,-4.3313434763056495
4636.303,-1.6000094688372632,-4.3313094533498475
4636.323,-1.5998941297570295,-4.331316844453102
4636.343,-1.5998188581324444,-4.331131838961156
4636.363,-1.599745276704099,-4.3310645524416165
4636.383,-1.5997171474375456,-4.330992928659713
4636.403,-1.5997414224929452,-4.330897457925853
4636.423,-1.5997505703426866,-4.330894031650784
4636.443,-1.5997689055531443,-4.330870922818693
4636.463,-1.5997421924736825,-4.330853771706528
4636.483,-1.5997375723363911,-4.330844240084845
4636.503,-1.599728777905221,-4.330818507496168
4636.523,-1.5997000433388735,-4.330801191465336
4636.543,-1.5996954330558406,-4.330791697724051
4636.563,-1.5996867696816561,-4.330765984935294
4636.583,-1.599658041752126,-4.330748642951136
4636.603,-1.599653432987222,-4.330739151980668
4636.623,-1.5996447977870274,-4.3307134660039805
4636.643,-1.5996160491283204,-4.330696116146054
4636.663,-1.5996114351670745,-4.330686631679092
4636.683,-1.599602820129104,-4.330660972526293
4636.703,-1.5995740507949234,-4.330643615057262
4636.723,-1.5995694311149704,-4.330634137359368
4636.743,-1.5995608358043893,-4.3306085047992635
4636.763,-1.5995320455885949,-4.33059113983002
4636.783,-1.5995274202361613,-4.3305816689498275
4636.803,-1.599518845210375,-4.330556062180879
4636.823,-1.5994900330386463,-4.330538690354846
4636.843,-1.5994854021206113,-4.330529226082968
4636.863,-1.5994768479242623,-4.3305036442333
4636.883,-1.599448013508832,-4.330486265720856
4636.903,-1.5994433770532865,-4.330476808068493
1758191536.2543995,-2.733211320769824,-4.129557284729252
4636.923,-2.7332346859837764,-4.1295438667546245
4636.943,-2.733246022334996,-4.129512142335343
4636.963,-2.733254368989785,-4.129505723383596
4636.983,-2.7332777139315265,-4.129492330812306
4637.003,-2.7332890521356754,-4.129460583160617
4637.023,-2.7332973911966065,-4.129454160168151
4637.043,-2.7333207158895805,-4.129440793020693
4637.063,-2.733332055945486,-4.12940902216248
4637.083,-2.7333403873887474,-4.129402595144068
4637.103,-2.7333636918505313,-4.1293892534425165
4637.123,-2.73337503349947,-4.129357459272076
4637.143,-2.7333833573418027,-4.1293510283152965
4637.163,-2.73340664207044,-4.129337712397423
4637.183,-2.7334179850649623,-4.129305894572338
4637.203,-2.7334263013092865,-4.129299459798963
4637.223,-2.733449566680169,-4.12928616993999
4637.243,-2.7334609101839433,-4.129254327818278
4637.263,-2.7334692188950065,-4.129247889366442
4637.283,-2.7334924649378536,-4.129234625644184
4637.303,-2.7335038087196577,-4.12920275915015
4637.323,-2.73351210989334,-4.129196317059809
4637.343,-2.733535336632208,-4.129183079499675
4637.363,-2.7335466806299036,-4.129151188640645
4637.383,-2.73355497426984,-4.129144742950936
4637.403,-2.7335781817086384,-4.129131531573932
4637.423,-2.7335895256147253,-4.129099616240764
4637.443,-2.7335978117271793,-4.129093167001163
4637.463,-2.7336209998927443,-4.129079981837656
4637.483,-2.7336323436458723,-4.129048042042036
4637.503,-2.733640622237039,-4.1290415892937435
4637.523,-2.7336637911340675,-4.129028430366755
4637.543,-2.7336751343943972,-4.128996465991204
4637.563,-2.733683405475135,-4.128990009809582
4637.583,-2.73370655580273,-4.128976877572084
4637.603,-2.733939493738203,-4.128898310008698
4637.623,-2.736070695991737,-4.127862946117464
4637.643,-2.7390298472126005,-4.126099915641361
4637.663,-2.7435270085976526,-4.123759434704009
4637.683,-2.7494118754618473,-4.12115140550831
4637.703,-2.755228381712038,-4.118620838101066
4637.723,-2.760980454399531,-4.116235245622014
4637.743,-2.7669237468258747,-4.113575035197017
4637.763,-2.772759395021371,-4.110888045046155
4637.783,-2.7785830958047484,-4.108231370149145
4637.803,-2.7844110725482207,-4.105833082543165
4637.823,-2.7905109211796915,-4.103051404539223
4637.843,-2.7963886162678935,-4.100748761044322
4637.863,-2.8023786916099933,-4.098019000356013
4637.883,-2.808250271681152,-4.095424931649877
4637.903,-2.8143812714199243,-4.092487754188881
4637.923,-2.820431855741667,-4.089620182011684
4637.943,-2.8266914419430647,-4.0865085387259255
4637.963,-2.8329048524711444,-4.083261545985248
4637.983,-2.8393172986955726,-4.080049070165381
4638.003,-2.845753887309116,-4.07679708081325
4638.023,-2.852216981035139,-4.073506790950031
4638.043,-2.8587084538528815,-4.070176305779813
4638.063,-2.865144429932692,-4.066748279282274
4638.083,-2.8715479386881,-4.0633240841523275
4638.103,-2.877931315144365,-4.060355633604273
4638.123,-2.884380200970815,-4.057018123322753
4638.143,-2.8906084242312575,-4.0541361955258575
4638.163,-2.896936310466671,-4.05109483857272
4638.183,-2.9029649515357674,-4.047896415660851
4638.203,-2.9066940281140607,-4.046269732487843
4638.223,-2.9071295878859353,-4.0460851890639535
4638.243,-2.9059355249535437,-4.046632929766389
4638.263,-2.903932283545799,-4.0475178285125
4638.283,-2.9003166030510963,-4.049262408800844
4638.303,-2.895600955864394,-4.051509337053058
4638.323,-2.889499364491164,-4.054402609522678
4638.343,-2.882073236869193,-4.057801255724203
4638.363,-2.8744274724694434,-4.060827088793794
4638.383,-2.866758039850585,-4.06430849365548
4638.403,-2.8588640766504962,-4.0677625243882245
4638.423,-2.8509025523360907,-4.071371229857466
4638.443,-2.843405635506602,-4.074477630846328
4638.463,-2.83576565646992,-4.077552760031949
4638.483,-2.827526362258792,-4.081217516583339
4638.503,-2.8195697229074885,-4.084362633767883
4638.523,-2.8115048084526015,-4.087489961818463
4638.543,-2.8034553355335943,-4.090532645878018
4638.563,-2.79495424084993,-4.0942679490738785
4638.583,-2.7869673067359297,-4.097229504404906
4638.603,-2.7786317668144087,-4.100861779654283
4638.623,-2.7706953259751548,-4.103965473488584
4638.643,-2.7624492205566766,-4.1072105074808505
4638.663,-2.754266992248888,-4.110146121656571
4638.683,-2.745560492833767,-4.11393121853211
4638.703,-2.737161196719695,-4.117271232450611
4638.723,-2.7288265223552304,-4.1203809305741625
4638.743,-2.7203945952913102,-4.123446504659668
4638.763,-2.7121334057142104,-4.126380429735904
4638.783,-2.7035047234481135,-4.129940322476188
4638.803,-2.695022704684001,-4.132917340314871
4638.823,-2.686387950038531,-4.13630014397925
4638.843,-2.677657061415792,-4.1398537451925055
4638.863,-2.6690096769120784,-4.142948048018835
4638.883,-2.66044071141389,-4.146189744711178
4638.903,-2.6517680774543853,-4.149409901129283
4638.923,-2.643222722981587,-4.152367272031566
4638.943,-2.6357977637484677,-4.153558274350391
4638.963,-2.6280598735536556,-4.15604015649198
4638.983,-2.621248395753446,-4.1574717561464976
4639.003,-2.616989208563597,-4.158401822530917
4639.023,-2.61446404822886,-4.158900555688446
4639.043,-2.611511123552209,-4.159859080690121
4639.063,-2.609448062241527,-4.1597652816413415
4639.083,-2.608267304415996,-4.15909875056474
4639.103,-2.6068005682970816,-4.157490924809866
4639.123,-2.6051653608821197,-4.155482047152583
4639.143,-2.604053658800127,-4.1530304541713114
4639.163,-2.602751150247337,-4.150432965493912
4639.183,-2.601886056885605,-4.147878029578031
4639.203,-2.601066090997473,-4.1453057897765255
4639.223,-2.600292550396405,-4.142719198321402
4639.243,-2.5995656838796295,-4.140120511638282
4639.263,-2.5988855163823668,-4.137507898709356
4639.283,-2.598252480456232,-4.134883475150002
4639.303,-2.597666788280605,-4.132248096029309
4639.323,-2.597128628809378,-4.129602615693628
4639.343,-2.5966381757520685,-4.126947891614162
4639.363,-2.5961955873229092,-4.124284783999086
4639.383,-2.597444937494792,-4.121393516601974
4639.403,-2.5993063243719536,-4.119174573383627
4639.423,-2.601013856492647,-4.116843480078645
4639.443,-2.6028645890508324,-4.1145092855358065
4639.463,-2.6048065883686475,-4.111979704552597
4639.483,-2.606706598959468,-4.109949754512223
4639.503,-2.608656434712205,-4.107608477379733
4639.523,-2.610442215910868,-4.105208779585307
4639.543,-2.6124356320354627,-4.102919337121987
4639.563,-2.6144319839484846,-4.100875415997306
4639.583,-2.6164344763571203,-4.098687319564187
4639.603,-2.6183234141810727,-4.096728778936674
4639.623,-2.620191264383504,-4.09465392558192
4639.643,-2.6221657071347457,-4.092734852916526
4639.663,-2.6240886476362313,-4.090614108312355
4639.683,-2.6259637742211437,-4.088484391470678
4639.703,-2.6280546993464378,-4.086393708051163
4639.723,-2.628180296259817,-4.086057377588124
4639.743,-2.625285149949557,-4.086145361626564
4639.763,-2.6187560104087604,-4.08627836587458
4639.783,-2.6088711736927426,-4.086332942565042
4639.803,-2.598877657414853,-4.086319056936902
4639.823,-2.588877864840744,-4.0863052533346345
4639.843,-2.5788719552667767,-4.086291444326423
4639.863,-2.5688638705617124,-4.086277634116741
4639.883,-2.5588613542322234,-4.086263833349287
4639.903,-2.5481615842103142,-4.0866747795690905
4639.923,-2.5370125129078844,-4.087361208645116
4639.943,-2.5268548614491424,-4.0872695943646535
4639.963,-2.5166433288058325,-4.087409827992254
4639.983,-2.5066308612093486,-4.087404838569515
4640.003,-2.496631284869534,-4.0874155731383555
4640.023,-2.486631684178361,-4.087426474689128
4640.043,-2.4766320830694073,-4.087437391630673
4640.063,-2.4666324815438667,-4.087448321259723
4640.083,-2.456632879343321,-4.087459264291777
4640.103,-2.446633276940503,-4.087470221035239
4640.123,-2.4378832417370737,-4.088139912374874
4640.143,-2.4308173276876537,-4.089370316995157
4640.163,-2.4257069784785763,-4.090551502442453
4640.183,-2.42235220764031,-4.0915192549464505
4640.203,-2.4207995138552634,-4.09198478447095
4640.223,-2.4207390784908753,-4.091993416167554
4640.243,-2.4207413515777576,-4.091999096790562
4640.263,-2.420741335817893,-4.0919977224647575
4640.283,-2.420741332548262,-4.09199745467322
4640.303,-2.420741331496153,-4.091997400637484
4640.323,-2.420741331429517,-4.091997376284026
4640.343,-2.420741331684371,-4.091997364793989
4640.363,-2.420741332038897,-4.0919973591970775
4640.383,-2.420741332418255,-4.091997356303565
4640.403,-2.4207413327966787,-4.0919973546526105
4640.423,-2.4207413331652647,-4.091997353575826
4640.443,-2.4207413328443135,-4.091997487077956
4640.463,-2.420745835815938,-4.092014096766818
4640.483,-2.4207502619273917,-4.092030443530524
4640.503,-2.4207546898197023,-4.092046794847384
4640.523,-2.420759118043223,-4.0920631459021175
4640.543,-2.4207635466467043,-4.092079496851621
4640.563,-2.420767975627793,-4.092095847694049
4640.583,-2.420772404988561,-4.092112198427495
4640.603,-2.4207768347264564,-4.092128549053943
4640.623,-2.420781264844026,-4.092144899571394
4640.643,-2.420785695339222,-4.0921612499818325
4640.663,-2.4207901262135705,-4.092177600284264
4640.683,-2.420794557465554,-4.092193950478659
4640.703,-2.4207989890971877,-4.09221030056504
4640.723,-2.4208034211059455,-4.092226650543366
4640.743,-2.42080785349435,-4.092243000413664
4640.763,-2.4208122862603783,-4.0922593501759
4640.783,-2.420816719405542,-4.092275699830082
4640.803,-2.4208211529283274,-4.0922920493761925
4640.823,-2.4208255868307478,-4.09230839881424
4640.843,-2.420830021110782,-4.0923247481442
4640.863,-2.420834455769944,-4.092341097366088
4640.883,-2.420838890806715,-4.092357446479868
4640.903,-2.420843326223113,-4.0923737954855675
4640.923,-2.420847762016609,-4.092390144383138
4640.943,-2.420852198189726,-4.09240649317261
4640.963,-2.4208566347404434,-4.092422841853952
4640.983,-2.420861071670271,-4.0924391904271715
4641.003,-2.4208655089776814,-4.092455538893254
4641.023,-2.4208699466647157,-4.092471887250201
4641.043,-2.420874384728822,-4.092488235499991
4641.063,-2.4208788231705136,-4.092504583641616
4641.083,-2.42088326199181,-4.09252093167509
4641.103,-2.420887701190183,-4.0925372796003785
4641.123,-2.420892140768153,-4.092553627417499
4641.143,-2.4208965807236997,-4.092569975126422
4641.163,-2.4209010210583366,-4.092586322727168
4641.183,-2.4209054617705448,-4.092602670219705
4641.203,-2.420909902862341,-4.092619017604049
4641.223,-2.420914344331199,-4.092635364880165
4641.243,-2.420918786179639,-4.092651712048071
4641.263,-2.420923228405641,-4.092668059107742
4641.283,-2.4209276710107166,-4.092684406059187
4641.303,-2.420932113993348,-4.092700752902382
4641.323,-2.420936557353535,-4.092717099637321
4641.343,-2.420941001092788,-4.0927334462640115
4641.363,-2.42094544520959,-4.09274979278243
4641.383,-2.4209498897054536,-4.092766139192589
4641.403,-2.4209543345788602,-4.092782485494461
4641.423,-2.4209587798318273,-4.092798831688063
4641.443,-2.4209632254618283,-4.092815177773358
4641.463,-2.4209676714713853,-4.09283152375037
4641.483,-2.4209721178584767,-4.0928478696190735
4641.503,-2.4209765646225927,-4.092864215379446
4641.523,-2.4209810117662585,-4.092880561031517
4641.543,-2.4209854592874502,-4.092896906575252
4641.563,-2.420989907187681,-4.0929132520106615
4641.583,-2.420994355465432,-4.092929597337721
4641.603,-2.4209988041207016,-4.092945942556424
4641.623,-2.4210032531550025,-4.092962287666783
4641.643,-2.4210077025668166,-4.09297863266877
4641.663,-2.421012152358162,-4.092994977562407
4641.683,-2.4210166025265103,-4.093011322347653
4641.703,-2.4210210530743836,-4.093027667024532
4641.723,-2.421025503999256,-4.093044011593004
4641.743,-2.421029955301629,-4.093060356053073
4641.763,-2.421034406983521,-4.093076700404754
4641.783,-2.4210388590424015,-4.093093044648003
4641.803,-2.421043311480762,-4.093109388782835
4641.823,-2.4210477642965733,-4.093125732809214
4641.843,-2.4210522174893256,-4.093142076727123
4641.863,-2.4210566710615433,-4.093158420536586
4641.883,-2.4210611250112026,-4.093174764237571
4641.903,-2.421065579339828,-4.0931911078290835
4641.923,-2.42107003404588,-4.093207451313113
4641.943,-2.42107448912886,-4.093223794688637
4641.963,-2.4210789445913017,-4.0932401379546635
4641.983,-2.421083400431163,-4.093256481113193
4642.003,-2.421087856649976,-4.093272824162211
4642.023,-2.4210923132462128,-4.0932891671027045
4642.043,-2.4210967702198603,-4.093305509935669
4642.063,-2.4211012275724535,-4.093321852659106
4642.083,-2.4211056853024626,-4.093338195273994
4642.103,-2.4211101434114024,-4.093354537780346
4642.123,-2.421114601897753,-4.093370880178135
4642.143,-2.421119060761513,-4.093387222467358
4642.163,-2.421123520004193,-4.093403564648016
4642.183,-2.421127979624279,-4.093419906720096
4642.203,-2.4211324396212612,-4.0934362486835845
4642.223,-2.421136899997661,-4.093452590538496
4642.243,-2.4211413607514576,-4.0934689322848055
4642.263,-2.4211458218841635,-4.093485273922522
4642.283,-2.4211502833942617,-4.093501615451625
4642.303,-2.4211547452812434,-4.093517956872095
4642.323,-2.4211592075476323,-4.093534298183961
4642.343,-2.421163670191405,-4.093550639387189
4642.363,-2.4211681332120545,-4.093566980481763
4642.383,-2.4211725966121116,-4.093583321466696
4642.403,-2.4211770603890295,-4.093599662343974
4642.423,-2.4211815245433215,-4.0936160031125866
4642.443,-2.4211859890770158,-4.093632343771538
4642.463,-2.421190453987575,-4.093648684321806
4642.483,-2.4211949192754894,-4.093665024764398
4642.503,-2.4211993849422906,-4.093681365097296
4642.523,-2.421203850986454,-4.0936977053214925
4642.543,-2.4212083174099965,-4.0937140454370065
4642.563,-2.4212127842103923,-4.093730385443806
4642.583,-2.4212172513881396,-4.093746725341877
4642.603,-2.421221718944755,-4.093763065131239
4642.623,-2.4212261868787177,-4.093779404811864
4642.643,-2.4212306551900267,-4.093795744383744
4642.663,-2.4212351238802063,-4.093812083845886
4642.683,-2.4212395929477277,-4.093828423199267
4642.703,-2.4212440623920704,-4.093844762444885
4642.723,-2.42124853221578,-4.09386110158075
4642.743,-2.4212530024163197,-4.09387744060783
4642.763,-2.42125747299419,-4.093893779526123
4642.783,-2.4212619439514063,-4.093910118335648
4642.803,-2.4212664152854453,-4.093926457036367
4642.823,-2.4212708869968065,-4.093942795628279
4642.843,-2.421275359084984,-4.093959134111372
4642.863,-2.4212798315525,-4.093975472485666
4642.883,-2.4212843043973304,-4.093991810751132
4642.903,-2.421288777618971,-4.09400814890776
4642.923,-2.421293251219953,-4.09402448695456
4642.943,-2.421297725197738,-4.094040824892507
4642.963,-2.4213021995528297,-4.094057162721601
4642.983,-2.4213066742867393,-4.094073500441848
4643.003,-2.4213111493979484,-4.094089838053223
4643.023,-2.4213156248864576,-4.094106175555724
4643.043,-2.421320100753775,-4.094122512949355
4643.063,-2.421324576998388,-4.094138850234102
4643.083,-2.4213290536197856,-4.0941551874099416
4643.103,-2.421333530618471,-4.094171524476876
4643.123,-2.4213380079959683,-4.094187861433911
4643.143,-2.4213424857507495,-4.094204198282026
4643.163,-2.4213469638828116,-4.094220535021217
4643.183,-2.421351442393665,-4.094236871651491
4643.203,-2.421355921281794,-4.094253208172825
4643.223,-2.4213604005466913,-4.094269544585207
4643.243,-2.42136488019089,-4.09428588088765
4643.263,-2.421369360211851,-4.0943022170811245
4643.283,-2.421373840610075,-4.094318553165628
4643.303,-2.421378321385049,-4.094334889142169
1758191544.4968846,-2.7542271699041545,-4.099315125965023
4643.323,-2.7542356598258295,-4.099329784154206
4643.343,-2.754244150084128,-4.099344442142126
4643.363,-2.7542526406795367,-4.0993590999286535
4643.383,-2.754261131612051,-4.099373757513784
4643.403,-2.754269622883136,-4.099388414897143
4643.423,-2.7542781144913184,-4.099403072079092
4643.443,-2.754286606436105,-4.099417729059749
4643.463,-2.7542950987196924,-4.099432385837513
4643.483,-2.754303591339873,-4.0994470424139715
4643.503,-2.754312084297135,-4.099461698788995
4643.523,-2.754320577590984,-4.099476354962702
4643.543,-2.754329071223617,-4.099491010933492
4643.563,-2.754337565192829,-4.099505666702953
4643.583,-2.7543460594991043,-4.099520322270956
4643.603,-2.754354554142439,-4.099534977637493
4643.623,-2.754363049124298,-4.099549632802191
4643.643,-2.7543715444432086,-4.0995642877654115
4643.663,-2.754380040098676,-4.099578942527271
4643.683,-2.7543885360911853,-4.099593597087644
4643.703,-2.754397032421954,-4.099608251445171
4643.723,-2.7544055290897584,-4.099622905601198
4643.743,-2.754414026094104,-4.099637559555842
4643.763,-2.7544225234354722,-4.099652213308968
4643.783,-2.754431021115331,-4.0996668668602085
4643.803,-2.7544395191322075,-4.099681520209921
4643.823,-2.7544480174856067,-4.099696173358225
4643.843,-2.7544565161760173,-4.099710826304992
4643.863,-2.7544650152046555,-4.09972547904887
4643.883,-2.754473514570293,-4.099740131591196
4643.903,-2.7544820142724356,-4.099754783932086
4643.923,-2.754490514311569,-4.099769436071415
4643.943,-2.754499014688913,-4.099784088007824
4643.963,-2.75450751540324,-4.099798739742659
4643.983,-2.754516016454058,-4.099813391276039
4644.003,-2.7545245178418485,-4.09982804260783
4644.023,-2.7545330195666113,-4.09984269373803
4644.043,-2.7545415216298097,-4.099857344666263
4644.063,-2.7545500240292315,-4.0998719953920295
4644.083,-2.7545585267656154,-4.09988664591619
4644.103,-2.7545670298389533,-4.099901296238732
4644.123,-2.754575533248749,-4.099915946359773
4644.143,-2.7545840369969614,-4.099930596278815
4644.163,-2.754592541082112,-4.099945245996217
4644.183,-2.754601045504203,-4.099959895511984
4644.203,-2.754609550262489,-4.099974544825245
4644.223,-2.754618055359169,-4.0999891939364765
4644.243,-2.7546265607927736,-4.100003842846047
4644.263,-2.7546350665632993,-4.100018491553954
4644.283,-2.7546435726702527,-4.100033140060314
4644.303,-2.7546520791138702,-4.100047788364014
4644.323,-2.7546605858958633,-4.100062436465661
4644.343,-2.754669093014758,-4.1000770843656165
4644.363,-2.7546776004700635,-4.100091732064
4644.383,-2.7546861082622627,-4.100106379560677
4644.403,-2.7546946163906165,-4.100121026854793
4644.423,-2.7547031248558564,-4.10013567394719
4644.443,-2.7547116336594457,-4.1001503208374945
4644.463,-2.754720142799422,-4.100164967526194
4644.483,-2.7547286522762753,-4.100179614013162
4644.503,-2.7547371620897523,-4.100194260297415
4644.523,-2.754745672239603,-4.1002089063800415
4644.543,-2.75475418272778,-4.100223552260544
4644.563,-2.7547626935528156,-4.10023819793929
4644.583,-2.7547712047139696,-4.100252843415422
4644.603,-2.754779716211969,-4.100267488689777
4644.623,-2.754788228046323,-4.10028213376248
4644.643,-2.7547967402175195,-4.100296778633403
4644.663,-2.7548052527267703,-4.100311423301186
4644.683,-2.7548137655728535,-4.100326067767173
4644.703,-2.7548222787552765,-4.100340712031489
4644.723,-2.75483079227452,-4.100355356093993
4644.743,-2.754839306130091,-4.100369999954805
4644.763,-2.7548478203224764,-4.100384643613797
4644.783,-2.754856334852893,-4.100399287069614
4644.803,-2.754864849720119,-4.100413930323604
4644.823,-2.7548733649236556,-4.100428573375878
4644.843,-2.754881880463989,-4.100443216226308
4644.863,-2.75489039634038,-4.100457858874035
4644.883,-2.75489891255356,-4.100472501319903
4644.903,-2.7549074291049926,-4.100487143563539
4644.923,-2.7549159459924675,-4.1005017856044494
4644.943,-2.754924463216721,-4.100516427443488
4644.963,-2.754932980777258,-4.1005310690807715
4644.983,-2.754941498674561,-4.100545710516166
4645.003,-2.7549500169081376,-4.10056035174979
4645.023,-2.754958535478476,-4.100574992781522
4645.043,-2.75496705438483,-4.100589633610487
4645.063,-2.7549755736298933,-4.100604274237047
4645.083,-2.754984093211214,-4.100618914661814
4645.103,-2.754992613129032,-4.100633554883683
4645.123,-2.755001133383098,-4.100648194903745
4645.143,-2.755009653973899,-4.100662834721873
4645.163,-2.75501817490094,-4.100677474338181
4645.183,-2.7550266961647063,-4.100692113752541
4645.203,-2.7550352177664124,-4.100706752963596
4645.223,-2.755043739704348,-4.100721391972818
4645.243,-2.7550522619789968,-4.10073603078007
4645.263,-2.755060784589616,-4.100750669384497
4645.283,-2.7550693075369406,-4.100765307786946
4645.303,-2.755077830820474,-4.10077994598753
4645.323,-2.7550863544407043,-4.100794583986125
4645.343,-2.7550948783971374,-4.100809221782848
4645.363,-2.755103402690012,-4.100823859376593
4645.383,-2.7551119273210345,-4.1008384967679525
4645.403,-2.755120452288003,-4.100853133956448
4645.423,-2.755128977591646,-4.10086777094292
4645.443,-2.7551375032314684,-4.100882407727488
4645.463,-2.7551460292079595,-4.100897044310025
4645.483,-2.755154555520374,-4.100911680689667
4645.503,-2.7551630821694464,-4.100926316867263
4645.523,-2.755171609154685,-4.100940952842934
4645.543,-2.7551801364760826,-4.10095558861667
4645.563,-2.7551886641341237,-4.100970224188339
4645.583,-2.7551971921300256,-4.100984859556587
4645.603,-2.755205720462567,-4.100999494722765
4645.623,-2.755214249131003,-4.101014129686002
4645.643,-2.7552227781360674,-4.101028764447153
4645.663,-2.755231307477266,-4.101043399006332
4645.683,-2.7552398371545954,-4.1010580333635325
4645.703,-2.755248367168292,-4.10107266751765
4645.723,-2.755256897518112,-4.101087301469783
4645.743,-2.7552654282047695,-4.1011019352197735
4645.763,-2.755273959227852,-4.101116568767732
4645.783,-2.755282490587598,-4.10113120211255
4645.803,-2.7552910222837617,-4.10114583525533
4645.823,-2.7552995543180456,-4.101160468194584
4645.843,-2.7553080866892286,-4.101175100931661
4645.863,-2.7553166193968144,-4.101189733466676
4645.883,-2.75532515244104,-4.101204365798518
4645.903,-2.755333685821663,-4.101218997928291
4645.923,-2.755342219538676,-4.101233629855981
4645.943,-2.755350753592567,-4.101248261581464
4645.963,-2.75535928798259,-4.101262893103875
4645.983,-2.755367822709484,-4.1012775244240665
4646.003,-2.7553763577727506,-4.101292155542152
4646.023,-2.755384893172389,-4.1013067864581325
4646.043,-2.755393428908633,-4.10132141717089
4646.063,-2.755401964981239,-4.101336047681528
4646.083,-2.755410501390689,-4.101350677989909
4646.103,-2.7554190381362473,-4.101365308095181
4646.123,-2.755427575218642,-4.101379937998188
4646.143,-2.7554361126373825,-4.101394567699049
4646.163,-2.7554446503924614,-4.101409197197755
4646.183,-2.7554531884860736,-4.101423826492703
4646.203,-2.7554617269157706,-4.101438455584509
4646.223,-2.7554702656817964,-4.101453084474146
4646.243,-2.7554788047846337,-4.101467713161479
4646.263,-2.755487344223542,-4.101482341645651
4646.283,-2.7554958839992563,-4.10149696992751
4646.303,-2.7555044241112796,-4.101511598007173
4646.323,-2.755512964559608,-4.101526225884633
4646.343,-2.7555215053444795,-4.101540853558783
4646.363,-2.7555300464656494,-4.1015554810307195
4646.383,-2.755538587923603,-4.101570108300313
4646.403,-2.7555471297175957,-4.101584735366699
4646.423,-2.7555556718478726,-4.1015993622308535
4646.443,-2.7555642143149197,-4.1016139888926455
4646.463,-2.7555727571179975,-4.101628615351218
4646.483,-2.7555813002578358,-4.101643241607415
4646.503,-2.755589843733942,-4.1016578676613555
4646.523,-2.7555983875460655,-4.101672493512055
4646.543,-2.7556069316949356,-4.101687119160361
4646.563,-2.7556154761800618,-4.101701744606393
4646.583,-2.755624021001192,-4.101716369849165
4646.603,-2.7556325661590555,-4.101730994889524
4646.623,-2.755641111652914,-4.101745619726613
4646.643,-2.755649657483499,-4.101760244361277
4646.663,-2.7556582036503214,-4.101774868793638
4646.683,-2.7556667501531233,-4.101789493022707
4646.703,-2.7556752969926386,-4.1018041170493325
4646.723,-2.7556838441683786,-4.101818740873639
4646.743,-2.755692391680084,-4.101833364494632
4646.763,-2.755700939528493,-4.101847987913167
4646.783,-2.75570948771311,-4.101862611129358
4646.803,-2.7557180362341738,-4.101877234142102
4646.823,-2.755726585091437,-4.101891856952492
4646.843,-2.7557351342846457,-4.10190647955954
4646.863,-2.755743683814537,-4.1019211019641
4646.883,-2.7557522336806146,-4.101935724166286
4646.903,-2.7557607838826255,-4.101950346165115
4646.923,-2.7557693344213052,-4.101964967961434
4646.943,-2.75577788529616,-4.101979589555363
4646.963,-2.7557864365069387,-4.101994210945918
4646.983,-2.75579498805437,-4.1020088321339445
4647.003,-2.7558035399377148,-4.102023453118583
4647.023,-2.7558120921572162,-4.102038073900804
4647.043,-2.755820644713361,-4.102052694480481
4647.063,-2.7558291976054057,-4.102067314856751
4647.083,-2.755837750833593,-4.1020819350305855
4647.103,-2.755846304398163,-4.102096555000878
4647.123,-2.7558548582988687,-4.102111174768723
4647.143,-2.755863412536197,-4.102125794333996
4647.163,-2.755871967109405,-4.102140413695833
4647.183,-2.7558805220167786,-4.102155032855699
4647.203,-2.755889077260762,-4.102169651812976
4647.223,-2.7558976328406097,-4.102184270566794
4647.243,-2.7559061887565686,-4.102198889118132
4647.263,-2.755914745009123,-4.102213507466857
4647.283,-2.755923301597531,-4.102228125612108
4647.303,-2.7559318585220374,-4.102242743554859
4647.323,-2.7559404157828773,-4.102257361293998
4647.343,-2.7559489733798053,-4.102271978830622
4647.363,-2.755957531312572,-4.1022865961637525
4647.383,-2.755966089581906,-4.102301213294228
4647.403,-2.75597464818732,-4.102315830222178
4647.423,-2.7559832071285575,-4.102330446946613
4647.443,-2.7559917664063507,-4.102345063468374
4647.463,-2.756000326019961,-4.102359679786612
4647.483,-2.7560088859696297,-4.10237429590229
4647.503,-2.7560174462555938,-4.102388911814307
4647.523,-2.75602600687761,-4.102403527523756
4647.543,-2.756034567833716,-4.102418143031128
4647.563,-2.7560431291263545,-4.102432758335795
4647.583,-2.756051690754781,-4.102447373436897
4647.603,-2.756060252719243,-4.102461988335407
4647.623,-2.7560688150199724,-4.102476603030212
4647.643,-2.7560773776567298,-4.1024912175224175
4647.663,-2.756085940629259,-4.102505831811032
4647.683,-2.756094503938297,-4.10252044589691
4647.703,-2.756103067583097,-4.102535059779182
4647.723,-2.756111631563906,-4.102549673458827
4647.743,-2.7561201958804697,-4.102564286934858
4647.763,-2.756128760533525,-4.102578900208128
4647.783,-2.7561373255206183,-4.102593513279245
4647.803,-2.7561458908439453,-4.102608126146608
4647.823,-2.7561544565032583,-4.102622738811309
4647.843,-2.7561630224983014,-4.102637351272364
4647.863,-2.7561715888293263,-4.102651963530747
4647.883,-2.7561801554965664,-4.102666575585351
4647.903,-2.756188722499776,-4.1026811874372715
4647.923,-2.7561972898387026,-4.102695799085522
4647.943,-2.7562058575140824,-4.102710410530955
4647.963,-2.756214425525168,-4.102725021772707
4647.983,-2.7562229938702503,-4.1027396328122485
4648.003,-2.7562315625517724,-4.1027542436489535
4648.023,-2.756240131568987,-4.102768854281953
4648.043,-2.7562487009221432,-4.102783464712228
4648.063,-2.7562572706109876,-4.102798074938794
4648.083,-2.7562658406362512,-4.102812684962495
4648.103,-2.7562744109971966,-4.102827294782477
4648.123,-2.7562829816940666,-4.1028419043997095
4648.143,-2.756291552727092,-4.102856513813076
4648.163,-2.756300124094081,-4.102871123024184
4648.183,-2.756308695796977,-4.102885732032521
4648.203,-2.756317267836021,-4.10290034083698
4648.223,-2.756325840210967,-4.102914949438657
4648.243,-2.756334412921562,-4.102929557836568
4648.263,-2.756342985968052,-4.102944166031685
4648.283,-2.7563515593506724,-4.102958774022904
4648.303,-2.7563601330691747,-4.102973381811311
4648.323,-2.7563687071216045,-4.10298798939741
4648.343,-2.7563772815101473,-4.103002596779583
4648.363,-2.756385856234563,-4.1030172039589345
4648.383,-2.756394431294597,-4.103031810934475
4648.403,-2.7564030066902476,-4.103046417706204
4648.423,-2.75641158242225,-4.103061024274969
4648.443,-2.756420158489855,-4.103075630639902
4648.463,-2.756428734891356,-4.1030902368024815
4648.483,-2.756437311629193,-4.103104842762075
4648.503,-2.7564458887026198,-4.103119448517821
4648.523,-2.7564544661118875,-4.103134054070695
4648.543,-2.7564630438567397,-4.1031486594197135
4648.563,-2.7564716219376617,-4.103163264564744
4648.583,-2.756480200352453,-4.103177869507381
4648.603,-2.7564887791030674,-4.103192474247122
4648.623,-2.756497358189247,-4.10320707878298
4648.643,-2.7565059376117285,-4.103221683115806
4648.663,-2.7565145173697676,-4.1032362872447345
4648.683,-2.756523097463614,-4.103250891170745
4648.703,-2.7565316778917928,-4.103265494894201
4648.723,-2.756540258655517,-4.103280098413744
4648.743,-2.756548839754785,-4.1032947017293715
4648.763,-2.756557421189838,-4.10330930484205
4648.783,-2.7565660029604273,-4.1033239077507995
4648.803,-2.7565745850672836,-4.103338510456468
4648.823,-2.7565831675079586,-4.103353112959673
1758191551.546998,-2.275223022352607,-4.10045317807985
4648.843,-2.275229081179489,-4.100468995216367
4648.863,-2.275235140371416,-4.100484812206968
4648.883,-2.2752411999279682,-4.100500629052705
4648.903,-2.2752472598490554,-4.100516445752556
4648.923,-2.2752533201346745,-4.100532262306513
4648.943,-2.275259380783399,-4.100548078715713
4648.963,-2.275265441796734,-4.100563894980013
4648.983,-2.275271503174591,-4.100579711098402
4649.003,-2.275277564917052,-4.100595527071878
4649.023,-2.2752836270245322,-4.100611342899387
4649.043,-2.2752896894946,-4.100627158582146
4649.063,-2.275295752329179,-4.100642974118971
4649.083,-2.2753018155283486,-4.100658789510855
4649.103,-2.275307879092524,-4.1006746047567475
4649.123,-2.2753139430212004,-4.1006904198566865
4649.143,-2.2753200073124478,-4.100706234811834
4649.163,-2.275326071968272,-4.100722049622013
4649.183,-2.2753321369890904,-4.100737864286178
4649.203,-2.275338202374397,-4.1007536788043595
4649.223,-2.2753442681242726,-4.100769493177553
4649.243,-2.275350334236704,-4.10078530740593
4649.263,-2.2753564007136133,-4.100801121488304
4649.283,-2.2753624675554995,-4.100816935424623
4649.303,-2.2753685347619395,-4.100832749215926
4649.323,-2.2753746023308388,-4.1008485628613816
4649.343,-2.275380670264287,-4.10086437636181
4649.363,-2.2753867385627027,-4.100880189716164
4649.383,-2.275392807225573,-4.1008960029244665
4649.403,-2.2753988762529866,-4.100911815987726
4649.423,-2.275404945642925,-4.100927628906104
4649.443,-2.2754110153978155,-4.100943441678376
4649.463,-2.2754170855171516,-4.100959254304579
4649.483,-2.275423156001017,-4.100975066785712
4649.503,-2.2754292268473932,-4.100990879121933
4649.523,-2.2754352980582064,-4.101006691312067
4649.543,-2.275441369633955,-4.1010225033560594
4649.563,-2.27544744157422,-4.101038315254959
4649.583,-2.2754535138768985,-4.101054127007914
4649.603,-2.2754595865440863,-4.101069938615757
4649.623,-2.2754656595761964,-4.1010857500774325
4649.643,-2.275471732972723,-4.101101561392976
4649.663,-2.2754778067317365,-4.101117372563558
4649.683,-2.2754838808551603,-4.101133183587995
4649.703,-2.2754899553430765,-4.1011489944672865
4649.723,-2.2754960301959,-4.101164805200377
4649.743,-2.2755021054111966,-4.101180615788479
4649.763,-2.2755081809908924,-4.101196426230408
4649.783,-2.275514256934983,-4.101212236526162
4649.803,-2.2755203332435494,-4.101228046676736
4649.823,-2.2755264099150816,-4.101243856682255
4649.843,-2.2755324869509965,-4.101259666541575
4649.863,-2.275538564351295,-4.101275476254691
4649.883,-2.275544642115969,-4.101291285821588
4649.903,-2.2755507202435963,-4.101307095243408
4649.923,-2.2755567987356793,-4.101322904520004
4649.943,-2.275562877592132,-4.10133871365037
4649.963,-2.2755689568129505,-4.101354522634497
4649.983,-2.2755750363962055,-4.101370331473559
4650.003,-2.27558111634382,-4.101386140166371
4650.023,-2.2755871966562946,-4.101401948712881
4650.043,-2.2755932773311947,-4.1014177571143025
4650.063,-2.275599358370444,-4.101433565369451
4650.083,-2.275605439774126,-4.101449373479329
4650.103,-2.275611521542151,-4.101465181442924
4650.123,-2.2756176036730924,-4.101480989261359
4650.143,-2.275623686168369,-4.101496796933493
4650.163,-2.2756297690279808,-4.101512604459322
4650.183,-2.275635852249995,-4.101528411840017
4650.203,-2.2756419358363362,-4.101544219074391
4650.223,-2.2756480197875892,-4.101560026163402
4650.243,-2.275654104103163,-4.101575833106082
4650.263,-2.2756601887811287,-4.1015916399036
4650.283,-2.2756662738234095,-4.101607446554778
4650.303,-2.2756723592299997,-4.101623253059599
4650.323,-2.275678444999475,-4.101639059419198
4650.343,-2.2756845311332543,-4.10165486563243
4650.363,-2.275690617631336,-4.1016706716992894
4650.383,-2.2756967044917875,-4.101686477620944
4650.403,-2.275702791716536,-4.101702283396217
4650.423,-2.2757088793055757,-4.101718089025096
4650.443,-2.2757149672589887,-4.1017338945085795
4650.463,-2.27572105557518,-4.101749699845788
4650.483,-2.2757271442557383,-4.101765505037588
4650.503,-2.2757332333005746,-4.101781310082968
4650.523,-2.2757393227077602,-4.101797114983106
4650.543,-2.2757454124792185,-4.101812919736808
4650.563,-2.2757515026149466,-4.10182872434407
4650.583,-2.2757575931135157,-4.101844528806016
4650.603,-2.27576368397635,-4.101860333121515
4650.623,-2.2757697752034423,-4.101876137290551
4650.643,-2.275775866792865,-4.1018919413143
4650.663,-2.2757819587465424,-4.101907745191577
4650.683,-2.2757880510644677,-4.101923548922373
4650.703,-2.275794143745216,-4.101939352507815
4650.723,-2.2758002367902095,-4.101955155946768
4650.743,-2.275806330199444,-4.101970959239224
4650.763,-2.2758124239709874,-4.101986762386347
4650.783,-2.2758185181067643,-4.1020025653869565
4650.803,-2.275824612606772,-4.102018368241046
4650.823,-2.275830707469586,-4.102034170949748
4650.843,-2.2758368026966234,-4.102049973511916
4650.863,-2.275842898287967,-4.102065775928548
4650.883,-2.2758489942415174,-4.102081578198807
4650.903,-2.2758550905592845,-4.102097380322516
4650.923,-2.2758611872413463,-4.102113182300668
4650.943,-2.2758672842861074,-4.102128984132381
4650.963,-2.2758733816950745,-4.102144785817521
4650.983,-2.2758794794663175,-4.102160587357263
4651.003,-2.275885577601758,-4.102176388750416
4651.023,-2.2758916761013936,-4.102192189996974
4651.043,-2.275897774963296,-4.102207991098109
4651.063,-2.2759038741893862,-4.102223792052635
4651.083,-2.2759099737796635,-4.102239592860556
4651.103,-2.2759160737327013,-4.1022553935229915
4651.123,-2.275922174049918,-4.102271194038801
4651.143,-2.2759282747313083,-4.102286994407972
4651.163,-2.275934375774947,-4.102302794631684
4651.183,-2.275940477182754,-4.102318594708743
4651.203,-2.2759465789528033,-4.102334394640332
4651.223,-2.2759526810870163,-4.102350194425259
4651.243,-2.2759587835858897,-4.102365994063477
4651.263,-2.2759648864469955,-4.102381793556198
4651.283,-2.2759709896722544,-4.102397592902239
4651.303,-2.275977093261663,-4.102413392101595
4651.323,-2.2759831972132933,-4.102429191155434
4651.343,-2.275989301529067,-4.102444990062571
4651.363,-2.2759954062070546,-4.102460788824178
4651.383,-2.2760015112491807,-4.102476587439073
4651.403,-2.2760076166559453,-4.102492385907207
4651.423,-2.276013722424828,-4.1025081842287845
4651.443,-2.2760198285578364,-4.102523982403625
4651.463,-2.276025935053045,-4.102539780432905
4651.483,-2.2760320419123756,-4.102555578315438
4651.503,-2.276038149135826,-4.102571376051223
4651.523,-2.276044256721463,-4.10258717364142
4651.543,-2.2760503646712125,-4.102602971084851
4651.563,-2.276056472983648,-4.102618768382642
4651.583,-2.2760625816601863,-4.102634565533648
4651.603,-2.276068690700827,-4.102650362537869
4651.623,-2.2760748001035545,-4.1026661593954685
4651.643,-2.2760809098704655,-4.102681956107274
4651.663,-2.2760870199994576,-4.102697752672446
4651.683,-2.2760931304925385,-4.1027135490908035
4651.703,-2.276099241349705,-4.102729345362341
4651.723,-2.276105352569028,-4.10274514148823
4651.743,-2.2761114641524305,-4.102760937467283
4651.763,-2.2761175760984895,-4.102776733300634
4651.783,-2.27612368840862,-4.102792528987135
4651.803,-2.2761298010808075,-4.102808324526954
4651.823,-2.276135914117063,-4.102824119919915
4651.843,-2.2761420275173805,-4.102839915166007
4651.863,-2.276148141279834,-4.102855710266405
4651.883,-2.276154255406345,-4.102871505219921
4651.903,-2.276160369894983,-4.102887300027725
4651.923,-2.2761664847476712,-4.102903094688634
4651.943,-2.2761725999628992,-4.102918889202776
4651.963,-2.27617871554217,-4.102934683570006
4651.983,-2.2761848314854816,-4.102950477790324
4652.003,-2.2761909477909077,-4.102966271864902
4652.023,-2.2761970644603675,-4.102982065792549
4652.043,-2.2762031814919315,-4.102997859574439
4652.063,-2.276209298887525,-4.103013653209391
4652.083,-2.27621541664513,-4.103029446697566
4652.103,-2.276221534766757,-4.103045240038786
4652.123,-2.276227653250478,-4.1030610332342246
4652.143,-2.2762337720982138,-4.103076826282697
4652.163,-2.276239891308451,-4.103092619184321
4652.183,-2.276246010882697,-4.103108411938963
4652.203,-2.2762521308209474,-4.1031242045466145
4652.223,-2.2762582511212774,-4.103139997008456
4652.243,-2.2762643717856066,-4.103155789323298
4652.263,-2.2762704928120034,-4.1031715814923055
4652.283,-2.276276614202395,-4.103187373514302
4652.303,-2.276282735954764,-4.10320316538945
4652.323,-2.276288858071118,-4.103218957117569
4652.343,-2.276294980549531,-4.103234748699833
4652.363,-2.2763011033919227,-4.103250540135055
4652.383,-2.2763072265962787,-4.103266331423402
4652.403,-2.276313350164609,-4.103282122564695
4652.423,-2.276319474095489,-4.103297913560067
4652.443,-2.2763255983898323,-4.10331370440841
4652.463,-2.2763317230466287,-4.103329495109805
4652.483,-2.276337848067384,-4.103345285664118
4652.503,-2.276343973450174,-4.1033610760725265
4652.523,-2.2763500991969163,-4.103376866333839
4652.543,-2.2763562253076084,-4.1033926564480465
4652.563,-2.276362351780238,-4.103408446415325
4652.583,-2.2763684786168104,-4.103424236235484
4652.603,-2.2763746058154,-4.103440025909701
4652.623,-2.276380733377926,-4.10345581543679
4652.643,-2.2763868613023766,-4.10347160481692
4652.663,-2.2763929895907564,-4.103487394049905
4652.683,-2.276399118241142,-4.103503183136926
4652.703,-2.27640524725545,-4.103518972076788
4652.723,-2.276411376631667,-4.103534760869658
4652.743,-2.2764175063718057,-4.103550549515364
4652.763,-2.2764236364739325,-4.10356633801507
4652.783,-2.276429766939974,-4.103582126367601
4652.803,-2.2764358977684145,-4.103597914573075
4652.823,-2.276442028960758,-4.103613702631348
4652.843,-2.2764481605150793,-4.103629490543599
4652.863,-2.2764542924333013,-4.103645278308643
4652.883,-2.276460424713407,-4.1036610659266435
4652.903,-2.2764665573554805,-4.1036768533986026
4652.923,-2.276472690361356,-4.103692640722329
4652.943,-2.2764788237291933,-4.103708427899998
4652.963,-2.276484957460913,-4.103724214930424
4652.983,-2.276491091554501,-4.103740001813776
4653.003,-2.276497226011966,-4.103755788549877
4653.023,-2.2765033608313803,-4.103771575139893
4653.043,-2.276509496014665,-4.103787361582643
4653.063,-2.276515631559803,-4.1038031478782875
4653.083,-2.276521767468804,-4.1038189340266475
4653.103,-2.2765279037397415,-4.1038347200289
4653.123,-2.27653404037445,-4.1038505058828525
4653.143,-2.276540177371088,-4.103866291590684
4653.163,-2.276546314731575,-4.103882077151208
4653.183,-2.2765524524539003,-4.103897862564589
4653.203,-2.276558590540069,-4.103913647830649
4653.223,-2.276564728988154,-4.103929432950559
4653.243,-2.276570867798066,-4.10394521792331
4653.263,-2.276577006971814,-4.103961002748721
4653.283,-2.276583146507381,-4.103976787426957
4653.303,-2.2765892864067743,-4.103992571957834
4653.323,-2.276595426668069,-4.104008356342531
4653.343,-2.276601567293185,-4.1040241405798605
4653.363,-2.276607708280109,-4.10403992466999
4653.383,-2.276613849630845,-4.10405570861273
4653.403,-2.2766199913438845,-4.104071492408215
4653.423,-2.2766261334188083,-4.104087276057482
4653.443,-2.276632275857538,-4.104103059559348
4653.463,-2.2766384186580604,-4.104118842913984
4653.483,-2.2766445618223816,-4.104134626121201
4653.503,-2.2766507053484863,-4.104150409181171
4653.523,-2.2766568492383827,-4.10416619209371
4653.543,-2.2766629934901443,-4.104181974859996
4653.563,-2.276669138105695,-4.1041977574788415
4653.583,-2.2766752830830153,-4.104213539950409
4653.603,-2.27313075966399,-4.104557418871979
4653.623,-2.2660440359829477,-4.10524611233782
4653.643,-2.2560964688591363,-4.106214252131794
4653.663,-2.2461459361899734,-4.107182923422552
4653.683,-2.23619101921765,-4.108152026598708
4653.703,-2.2262338492002702,-4.109121350278327
4653.723,-2.216280354788736,-4.110090317876038
4653.743,-2.205681476314948,-4.111536663225767
4653.763,-2.1952156494666677,-4.112668956642396
4653.783,-2.1851734115363004,-4.1137238432355385
4653.803,-2.1751118219050354,-4.114776189237752
4653.823,-2.1651611737794223,-4.115763094811394
4653.843,-2.1552104134527026,-4.116750285298531
4653.863,-2.1452596525106835,-4.117737490151802
4653.883,-2.1353088928798414,-4.1187247074600855
4653.903,-2.125358134005852,-4.119711936895791
4653.923,-2.115407376332564,-4.120699179248411
4653.943,-2.10545661945886,-4.121686433339041
4653.963,-2.0955058637787705,-4.122673700264728
4653.983,-2.0855551089496323,-4.123660978569039
4654.003,-2.075604355368801,-4.124648269365524
4654.023,-2.0656536030645434,-4.125635572496064
4654.043,-2.0557028517536517,-4.126622886237952
4654.063,-2.0457521017793625,-4.127610212026172
4654.083,-2.0358013531726593,-4.128597549731901
4654.103,-2.0258506059622525,-4.129584899237044
4654.123,-2.0158998600145934,-4.130572261313107
4654.143,-2.0059491155195417,-4.131559634984756
4654.163,-1.995995857472051,-4.1325455891589815
4654.183,-1.986043475881262,-4.133529722428971
4654.203,-1.9760912575931846,-4.134513965015523
4654.223,-1.9661391310057401,-4.135498247448234
4654.243,-1.9561870343656491,-4.136482423327575
4654.263,-1.946235000116907,-4.137466678987568
1758191558.5338695,-2.078950282290059,-4.105129015164833
4654.283,-2.0689596167075286,-4.104334928824436
4654.303,-2.058992350785889,-4.103529652495844
4654.323,-2.049022945021741,-4.102726200502109
4654.343,-2.0390557332162484,-4.101921142206292
4654.363,-2.0290884168438286,-4.101115646970794
4654.383,-2.0191211921331376,-4.100309815296587
4654.403,-2.009153934612621,-4.099503821913895
4654.423,-1.9991867118105475,-4.098697730716843
4654.443,-1.9892194830167989,-4.097891627445577
4654.463,-1.9792522760668656,-4.097085560845811
4654.483,-1.9692850856666275,-4.096279591782555
4654.503,-1.9593179455706202,-4.095473784705733
4654.523,-1.9493509745311932,-4.094668248298062
4654.543,-1.9393624005943622,-4.093868563213258
4654.563,-1.9293846160580694,-4.09307125577704
4654.583,-1.91940681136509,-4.092274447101529
4654.603,-1.9094396455996767,-4.091469622777265
4654.623,-1.8994724774123437,-4.0906648745771905
4654.643,-1.8895053084455384,-4.089860140761013
4654.663,-1.8795381381213117,-4.089055420426036
4654.683,-1.869570966405812,-4.088250713463804
4654.703,-1.8596037936901553,-4.087446018659118
4654.723,-1.849636619520297,-4.0866413370268795
4654.743,-1.839669444528545,-4.085836668400826
4654.763,-1.829702268159174,-4.085032014074631
4654.783,-1.8197350902519205,-4.084227372621915
4654.803,-1.8097679107852869,-4.083422743941003
4654.823,-1.7998007297391778,-4.082618127928237
4654.843,-1.789820083033859,-4.081815276887529
4654.863,-1.779852845759524,-4.081009650273151
4654.883,-1.769885667766669,-4.080204969591355
4654.903,-1.7599184887595285,-4.079400310320417
4654.923,-1.7499513086161858,-4.078595664355764
4654.943,-1.7399841267803589,-4.077791031248996
4654.963,-1.7300169433724388,-4.076986410556509
4654.983,-1.720049758861075,-4.076181802604008
4655.003,-1.710082572712293,-4.075377207015925
4655.023,-1.700115384951674,-4.074572623628635
4655.043,-1.690148195744789,-4.073768053605513
4655.063,-1.6801810049908625,-4.072963495459121
4655.083,-1.6702138128628596,-4.072158950355861
4655.103,-1.660246619929859,-4.071354416745157
4655.123,-1.650279425708131,-4.070549895865462
4655.143,-1.6403122296863455,-4.069745387353798
4655.163,-1.6303450324716973,-4.068940891274231
4655.183,-1.62037783421995,-4.068136407204989
4655.203,-1.6104106347439282,-4.067331933960667
4655.223,-1.6004434342315863,-4.066527472734776
4655.243,-1.5904762328700388,-4.065723024726852
4655.263,-1.5805090306856002,-4.064918588212683
4655.283,-1.5705418276250274,-4.06411416335828
4655.303,-1.5605746231845141,-4.0633097498473125
4655.323,-1.5506074182115015,-4.0625053488417215
4655.343,-1.5406402125162462,-4.061700959205812
4655.363,-1.5306730061448846,-4.060896580859827
4655.383,-1.520705898950291,-4.060092444973315
4655.403,-1.5107416910145335,-4.059281963130127
4655.423,-1.500777750855938,-4.058472149476079
4655.443,-1.4908138703299065,-4.0576623397712
4655.463,-1.4808499924215086,-4.056852535980896
4655.483,-1.4708861403692324,-4.0560427532855705
4655.503,-1.4609223380340763,-4.055233008653006
4655.523,-1.4509586381539659,-4.054423339980257
4655.543,-1.4409951171450517,-4.053613828069342
4655.563,-1.4323678653777303,-4.053608133877811
4655.583,-1.4251218690664094,-4.053870625309255
4655.603,-1.4198334643366097,-4.054196508563612
4655.623,-1.4162603261944458,-4.0545127423000835
4655.643,-1.4134305465747035,-4.055352769448415
4655.663,-1.411405924607878,-4.056746732221183
4655.683,-1.4102081314595531,-4.058732114584804
4655.703,-1.4098275075553306,-4.061260421266775
4655.723,-1.409746092424996,-4.063953786264478
4655.743,-1.4097156800601618,-4.0666531984990755
4655.763,-1.4097338875809142,-4.0693528775053425
4655.783,-1.4098006842399113,-4.072051798093688
4655.803,-1.4099160482698927,-4.074749083299753
4655.823,-1.4100799429261803,-4.077443858234753
4655.843,-1.41029231495834,-4.080135248591862
4655.863,-1.4105530956845709,-4.082822381550503
4655.883,-1.4108622006336324,-4.085504385585247
4655.903,-1.4112195296269021,-4.088180390956163
4655.923,-1.4116249667506162,-4.090849529876721
4655.943,-1.412078380455955,-4.093510936836114
4655.963,-1.4125796252734069,-4.096163748723242
4655.983,-1.413129359951481,-4.09880730457544
4656.003,-1.4137242790959488,-4.101437877286748
4656.023,-1.414326409835754,-4.104059014914833
4656.043,-1.4150179084109693,-4.106669255055057
4656.063,-1.415753715879542,-4.109263470053319
4656.083,-1.4164964006150997,-4.111846589449271
4656.103,-1.4173275877282598,-4.1144156337218565
4656.123,-1.4170681021805074,-4.116271880507142
4656.143,-1.416489822893182,-4.117061950952258
4656.163,-1.4164966215584358,-4.1170804694029135
4656.183,-1.416497802329336,-4.117081958250555
4656.203,-1.4164982443552443,-4.117082979614323
4656.223,-1.416498507612813,-4.117083564431357
4656.243,-1.416499909570375,-4.117084255430141
4656.263,-1.4164998459323197,-4.117084078880272
4656.283,-1.4164997809903501,-4.117083898582799
4656.303,-1.4164997299079596,-4.117083693905484
4656.323,-1.4165009424309052,-4.117083933114516
4656.343,-1.416500875774652,-4.117083748034535
4656.363,-1.4165008076797128,-4.1170835588199495
4656.383,-1.4165007242802612,-4.117083266493638
4656.403,-1.4165019174891338,-4.117083457935571
4656.423,-1.416501850576598,-4.117083272136342
4656.443,-1.4165017822186639,-4.117083082182192
4656.463,-1.416501696022271,-4.117082782342159
4656.483,-1.4165028875210108,-4.117082969468811
4656.503,-1.4165028205842998,-4.117082783604873
4656.523,-1.4165027522014477,-4.11708259358376
4656.543,-1.4165026657469506,-4.1170822930555815
4656.563,-1.4165038570931097,-4.117082479784677
4656.583,-1.4165037901533413,-4.11708229391555
4656.603,-1.416503721767312,-4.117082103888973
4656.623,-1.4165036352871652,-4.117081803297394
4656.643,-1.4165048266234,-4.117081989987484
4656.663,-1.416504759682533,-4.117081804118614
4656.683,-1.4131932711732234,-4.118376418037489
4656.703,-1.4065731205648888,-4.120970384212334
4656.723,-1.3972036517422766,-4.124446475920254
4656.743,-1.3878040525459467,-4.1278504347143
4656.763,-1.378399899760732,-4.131256171843589
4656.783,-1.3689928696222473,-4.1346629506629045
4656.803,-1.3595882334813765,-4.1380688612286844
4656.823,-1.3494014866237851,-4.141269484698808
4656.843,-1.3386464261655528,-4.144319937756054
4656.863,-1.32922155748553,-4.147632431213369
4656.883,-1.319807989941376,-4.151001247413811
4656.903,-1.3103949501374104,-4.154375825303002
4656.923,-1.300981874645264,-4.157750293243881
4656.943,-1.2915687931770665,-4.1611247458384
4656.963,-1.2821557066687808,-4.164499185115117
4656.983,-1.272742615195091,-4.167873609861363
4657.003,-1.263329518893429,-4.171248021514109
4657.023,-1.2539164173069757,-4.17462241911862
4657.043,-1.2445033105370333,-4.177996802765546
4657.063,-1.235090199169063,-4.181371173460429
4657.083,-1.2256770828088503,-4.184745530358208
4657.103,-1.216263962071519,-4.188119873249223
4657.123,-1.2068508365159307,-4.191494202474595
4657.143,-1.197437706220208,-4.194868518089458
4657.163,-1.1880245717845916,-4.198242819861772
4657.183,-1.1786114321893169,-4.201617107058646
4657.203,-1.1691982880527139,-4.204991380766452
4657.223,-1.159788925618106,-4.208366785796779
4657.243,-1.150379334901976,-4.211739414569516
4657.263,-1.1409712174706361,-4.215122848225323
4657.283,-1.1315417585835283,-4.218488048567141
4657.303,-1.122131664847402,-4.221860282440774
4657.323,-1.112719432591277,-4.22523981202625
4657.343,-1.1033060142054456,-4.228613323704514
4657.363,-1.093892596270865,-4.231986817154856
4657.383,-1.0844791734309518,-4.235360295600838
4657.403,-1.075071029718569,-4.238743711889141
4657.423,-1.0656516884919995,-4.242095112404849
4657.443,-1.0562363539360322,-4.2454670650162285
4657.463,-1.046822127858568,-4.248840704450798
4657.483,-1.037408431613908,-4.2522152108635485
4657.503,-1.0279951312126696,-4.255590368313482
4657.523,-1.018582128899428,-4.25896601990909
4657.543,-1.0091693518014684,-4.262342047417986
4657.563,-0.9997567457479477,-4.265718365157885
4657.583,-0.9903442699894756,-4.269094907564206
4657.603,-0.980930761573524,-4.272468153904222
4657.623,-0.9715172385862979,-4.2758412963679
4657.643,-0.9621037276279834,-4.279214558679608
4657.663,-0.952690220445756,-4.282587782060717
4657.683,-0.9432767114765638,-4.285961006526338
4657.703,-0.9338631973423358,-4.28933421714061
4657.723,-0.9244496774131219,-4.292707412763819
4657.743,-0.9150361522059339,-4.296080594501126
4657.763,-0.9056226216527161,-4.299453761073499
4657.783,-0.8962090857503346,-4.3028269138685085
4657.803,-0.8867955439117371,-4.306200051888907
4657.823,-0.8773819961110998,-4.309573175192992
4657.843,-0.8679684428179966,-4.312946284761848
4657.863,-0.8585548835291854,-4.31631937973579
4657.883,-0.8491413187643214,-4.319692459898939
4657.903,-0.8397277485526823,-4.323065526649358
4657.923,-0.830314172342216,-4.326438579000592
4657.943,-0.8209005901441849,-4.329811617021747
4657.963,-0.8114870025051234,-4.33318464050368
4657.983,-0.8020734089234887,-4.336557649797296
4658.003,-0.7926598094329403,-4.339930644974793
4658.023,-0.7832462046302692,-4.343303627162976
4658.043,-0.7738325940041108,-4.346676595381823
4658.063,-0.7644189781323484,-4.350049549426178
4658.083,-0.7550053564772765,-4.353422489516423
4658.103,-0.7465364275151273,-4.355868725949418
4658.123,-0.7395547548885102,-4.357641582002678
4658.143,-0.7342228149383556,-4.359068750754207
4658.163,-0.7304537460765366,-4.359958115752351
4658.183,-0.727092120573849,-4.360309676595589
4658.203,-0.724196863055378,-4.359875449716994
4658.223,-0.7216278090054626,-4.358891381190854
4658.243,-0.7195076498855606,-4.3572715702702975
4658.263,-0.717852727064143,-4.354899449532391
4658.283,-0.7166457969572037,-4.352165770775607
4658.303,-0.7157248025075462,-4.34948145930539
4658.323,-0.7147556696884461,-4.346812427215811
4658.343,-0.7141540988990337,-4.344181336546714
4658.363,-0.713589258212873,-4.3415542531173905
4658.383,-0.7130442230634856,-4.338919454603799
4658.403,-0.7125855861568291,-4.336258152585068
4658.423,-0.712173883295728,-4.333592707265374
4658.443,-0.7117727496940761,-4.330934197172326
4658.463,-0.7114582666129096,-4.328252154861387
4658.483,-0.7111909868381595,-4.325568789282698
4658.503,-0.7109345647105713,-4.322893962919555
4658.523,-0.7107651760913712,-4.320199041922089
4658.543,-0.7106430782239479,-4.31750534454509
4658.563,-0.7105319761057558,-4.314821926453817
4658.583,-0.710508181006327,-4.312121965609117
4658.603,-0.7105316177928576,-4.309425752269117
4658.623,-0.7105661578330723,-4.3067415166015115
4658.643,-0.7106880278598787,-4.304044309618706
4658.663,-0.7108569336518467,-4.301353367925879
4658.683,-0.7110370331424547,-4.298676101225237
4658.703,-0.7113042210121023,-4.295989431851737
4658.723,-0.7116181120687448,-4.293311540304464
4658.743,-0.7119806940399097,-4.290636481965479
4658.763,-0.7123913624561723,-4.287968368989461
4658.783,-0.7093169875503366,-4.284702499481911
4658.803,-0.7036712250812754,-4.2812874886865115
4658.823,-0.6964914688208901,-4.278342180634739
4658.843,-0.6877550062509469,-4.27586659359087
4658.863,-0.6779904417093621,-4.273709460536235
4658.883,-0.6682259291771722,-4.271550110270145
4658.903,-0.657905658304765,-4.269521480096445
4658.923,-0.6481733165208129,-4.2673678942433595
4658.943,-0.6384072403897582,-4.265209336942371
4658.963,-0.6286424230474974,-4.263055222411221
4658.983,-0.6188776235011733,-4.26090112923634
4659.003,-0.6091128214900867,-4.258747047625637
4659.023,-0.599348017250905,-4.256592977617555
4659.043,-0.589583210273752,-4.254438918672251
4659.063,-0.5798184007065084,-4.252284870369216
4659.083,-0.5700535883472141,-4.250130832773432
4659.103,-0.5602887731707892,-4.247976805713652
4659.123,-0.5505239551075416,-4.2458227900961765
4659.143,-0.5407591341881823,-4.243668784683552
4659.163,-0.5309943101743378,-4.241514790628543
4659.183,-0.521229483458767,-4.23936080621914
4659.203,-0.5114646536362617,-4.237206832853219
4659.223,-0.5016998208861675,-4.235052870137187
4659.243,-0.49193498503958116,-4.232898918159492
4659.263,-0.4821701458085283,-4.230744976177738
4659.283,-0.4724053036938052,-4.228591044397263
4659.303,-0.4626404585479369,-4.226437122912904
4659.323,-0.4528756105814141,-4.224283211340935
4659.343,-0.44311075966018937,-4.2221293097804455
4659.363,-0.43334590600799805,-4.219975417852211
4659.383,-0.42358104945444564,-4.217821536733505
4659.403,-0.4138161901084616,-4.215667665217064
4659.423,-0.4040513275077134,-4.2135138038926945
4659.443,-0.3942864624288931,-4.2113599516721525
4659.463,-0.3845215947235263,-4.209206109745027
4659.483,-0.37475672447139624,-4.207052277990777
4659.503,-0.36499185180698573,-4.204898455219921
4659.523,-0.3552269762872801,-4.202744642040635
4659.543,-0.34546209848314063,-4.200590838698721
4659.563,-0.3356972184850446,-4.198437045091479
4659.583,-0.3259323359058846,-4.196283260768748
4659.603,-0.3161674513174176,-4.194129485991351
1758191565.382893,-1.680118069680408,-4.113067904872285
4659.623,-1.6704551451703753,-4.1104950458755445
4659.643,-1.6607922184304695,-4.107922196169707
4659.663,-1.6511292890883558,-4.105349355310943
4659.683,-1.641466357413805,-4.10277652491023
4659.703,-1.6331359500918852,-4.101128538035031
4659.723,-1.6264451180346193,-4.100224490650693
4659.743,-1.621489074808022,-4.09907372843647
4659.763,-1.6179470784136631,-4.097717051616124
4659.783,-1.6153989786866896,-4.096023126206716
4659.803,-1.6139490428320424,-4.094017267900454
4659.823,-1.6134547190015853,-4.091755500138215
4659.843,-1.6139027021226782,-4.089265487108825
4659.863,-1.6147471145503918,-4.086700789277348
4659.883,-1.6156375702283086,-4.084152431135871
4659.903,-1.616573743327847,-4.081620520873771
4659.923,-1.6175553299322656,-4.079105871187919
4659.943,-1.6185820125007013,-4.076609295382914
4659.963,-1.6196534583454891,-4.074131600864346
4659.983,-1.6207693206889588,-4.071673589184182
4660.003,-1.6219292387057869,-4.069236055288242
4660.023,-1.6231328368923292,-4.066819787708178
4660.043,-1.6243797260371482,-4.06442556800724
4660.063,-1.62566950278953,-4.062054170664472
4660.083,-1.6270017502344984,-4.059706362813788
4660.103,-1.6283760375574374,-4.0573829038766425
4660.123,-1.629791920240444,-4.055084545638392
4660.143,-1.631248940745585,-4.052812031858305
4660.163,-1.6327466279019813,-4.0505660979644915
4660.183,-1.634284497647125,-4.048347470688533
4660.203,-1.6358620527545769,-4.046156868465254
4660.223,-1.6374787832663924,-4.043995000363687
4660.243,-1.6391341663872014,-4.041862566432075
4660.263,-1.640827666889772,-4.03976025716083
4660.283,-1.6425587371099732,-4.037688753806904
4660.303,-1.6443268172050336,-4.035648727412013
4660.323,-1.6461313351581028,-4.033640839114294
4660.343,-1.6479717072532547,-4.031665739676003
4660.363,-1.649847337901631,-4.029724069465791
4660.383,-1.651757620184674,-4.027816457855952
4660.403,-1.6537019357724732,-4.025943523696408
4660.423,-1.6556796551916586,-4.024105874529566
4660.443,-1.6576901380294642,-4.02230410644998
4660.463,-1.659732733083089,-4.020538804123529
4660.483,-1.661806778794653,-4.018810540401775
4660.503,-1.661664115695929,-4.014327457083593
4660.523,-1.6596925346366005,-4.0080307878948505
4660.543,-1.6562603021913058,-4.001070701105383
4660.563,-1.6513502801068725,-3.9934323694179183
4660.583,-1.6454585671951023,-3.9853521195467922
4660.603,-1.639568594096069,-3.9772702589689923
4660.623,-1.6335535778531185,-3.9686570126816667
4660.643,-1.6276741006270699,-3.9605853704769562
4660.663,-1.6217339895988419,-3.9522706138848025
4660.683,-1.6158684266323393,-3.944179336244651
4660.703,-1.6099802675561479,-3.9360985898639598
4660.723,-1.6040946219886305,-3.9280136566599024
4660.743,-1.598214158410268,-3.9199156633046752
4660.763,-1.5923236460883061,-3.911802325382327
4660.783,-1.5864459611001287,-3.9037130217695086
4660.803,-1.580562283237916,-3.8956394104204914
4660.823,-1.5746749734394139,-3.887557825744351
4660.843,-1.5687878791216503,-3.879475941347518
4660.863,-1.5629009437255745,-3.8713938307725857
4660.883,-1.5570141180839236,-3.8633115538054854
4660.903,-1.5511273649153066,-3.855229157297144
4660.923,-1.545240653981859,-3.8471466777676167
4660.943,-1.5393569323832441,-3.8390611522955997
4660.963,-1.5334728222122176,-3.830986748627414
4660.983,-1.527597127334936,-3.8228957886700097
4661.003,-1.521714794329931,-3.8148093046742426
4661.023,-1.515832102946275,-3.806723176467386
4661.043,-1.5099494165517278,-3.7986370456995946
4661.063,-1.5040667382639896,-3.7905509090248475
4661.083,-1.4981840680767018,-3.7824647663925637
4661.103,-1.4923014059535213,-3.7743786177832788
4661.123,-1.4864187523885877,-3.766292463451315
4661.143,-1.4805361068101113,-3.7582063031124284
4661.163,-1.4746534691763746,-3.7501201367571846
4661.183,-1.4687708395769064,-3.74203396411297
4661.203,-1.4628882178292557,-3.733947785444163
4661.223,-1.4570056038829617,-3.725861600754422
4661.243,-1.4511221193359456,-3.7177753375229945
4661.263,-1.445241220975806,-3.709687400033592
4661.283,-1.4393592660166048,-3.7015950391921066
4661.303,-1.4334720342654956,-3.6934869403235684
4661.323,-1.4275904013464933,-3.6853995811596305
4661.343,-1.4217089132299379,-3.6773098439297143
4661.363,-1.4158214734314338,-3.669201967561366
4661.383,-1.4099342255212324,-3.6610932885502354
4661.403,-1.4040527373016654,-3.6530058344838428
4661.423,-1.3981714595092771,-3.644916056440644
4661.443,-1.3922902245751818,-3.636826212590674
4661.463,-1.386403146299901,-3.6287181063255884
4661.483,-1.381750765882341,-3.6216136686384406
4661.503,-1.3784524459768628,-3.6156715458623476
4661.523,-1.3761839905800364,-3.611359787427619
4661.543,-1.374764148687295,-3.6081602323145616
4661.563,-1.374307684162714,-3.6054919605387714
4661.583,-1.3747091718628577,-3.603248942053297
4661.603,-1.3759065027818258,-3.601247169216901
4661.623,-1.3780281495979727,-3.599683003383161
4661.643,-1.380289700231807,-3.5982158669542086
4661.663,-1.3825777671175128,-3.596788848013926
4661.683,-1.3848913600405575,-3.595403224561209
4661.703,-1.3872296797772348,-3.594059458568948
4661.723,-1.3895919337918183,-3.592757989475623
4661.743,-1.3919773325155047,-3.5914992419125067
4661.763,-1.3943850857754654,-3.5902836257458137
4661.783,-1.3968144015438264,-3.5891115367623385
4661.803,-1.3992644840307726,-3.5879833561920487
4661.823,-1.4017345334807243,-3.5868994507549337
4661.843,-1.4042237453560487,-3.5858601728957344
4661.863,-1.406731310298796,-3.584865860394324
4661.883,-1.4092564135439314,-3.5839168366240424
4661.903,-1.4117982355846443,-3.583013409900726
4661.923,-1.4143559518740283,-3.5821558739146875
4661.943,-1.4169287330658287,-3.5813445074222114
4661.963,-1.419515745060293,-3.5805795741508595
4661.983,-1.4221161492916223,-3.579861322780923
4662.003,-1.4247291031401175,-3.5791899868033075
4662.023,-1.4273537598760055,-3.5785657844492547
4662.043,-1.4299892691389617,-3.5779889186642118
4662.063,-1.4326347770663022,-3.577459577038881
4662.083,-1.435289426589719,-3.5769779317141843
4662.103,-1.4379513451733095,-3.576541410282242
4662.123,-1.44062109582549,-3.5761540671113194
4662.143,-1.4432974267872536,-3.575814898136908
4662.163,-1.4459794464978442,-3.57552398803992
4662.183,-1.4483449350779893,-3.571711995231535
4662.203,-1.4501936945000597,-3.565377246739734
4662.223,-1.4511942422122337,-3.55768065597363
4662.243,-1.4513405848638732,-3.5486002899692783
4662.263,-1.4509155379417102,-3.5386090656641906
4662.283,-1.450492769795282,-3.5286171903223167
4662.303,-1.4496477379537394,-3.518076843563073
4662.323,-1.4491154401961621,-3.508065902982255
4662.343,-1.4486472581422145,-3.4980201737166636
4662.363,-1.448214639347562,-3.4880294464687456
4662.383,-1.4477819956558637,-3.4780387228566445
4662.403,-1.4473492933876257,-3.4680480086750607
4662.423,-1.4469165529005483,-3.4580573005117374
4662.443,-1.4464837885616513,-3.4480665960968113
4662.463,-1.446051012484508,-3.4380758943390513
4662.483,-1.4456182466067788,-3.4280851966434067
4662.503,-1.4451855422243907,-3.4180945073547395
4662.523,-1.4447507329363327,-3.4081042548327876
4662.543,-1.4443150691600672,-3.3981140994965147
4662.563,-1.443879382067064,-3.388123945263805
4662.583,-1.4434436797558783,-3.378133791094661
4662.603,-1.4430079624318064,-3.368143636920367
4662.623,-1.4425722300756072,-3.3581534826804074
4662.643,-1.4421364825928946,-3.3481633283152195
4662.663,-1.44170072011248,-3.3381731737904534
4662.683,-1.441264942648376,-3.3281830196679625
4662.703,-1.4408291502219268,-3.3181928653253108
4662.723,-1.4403933428141882,-3.3082027107435583
4662.743,-1.4399575204808424,-3.298212555916425
4662.763,-1.439521683277958,-3.288222400848344
4662.783,-1.439085831187451,-3.278232245545684
4662.803,-1.4386499642657968,-3.268242090030334
4662.823,-1.43821408252879,-3.2582519349253793
4662.843,-1.4377781859991317,-3.2482617796693694
4662.863,-1.4373422746585216,-3.2382716243012784
4662.883,-1.4369063486369236,-3.228281468879144
4662.903,-1.43647040791489,-3.2182913134555617
4662.923,-1.436034452546487,-3.2083011580959235
4662.943,-1.4355984823952987,-3.1983110034535005
4662.963,-1.435162497627882,-3.1883208490138153
4662.983,-1.4347264982941812,-3.1783306948538375
4663.003,-1.4342904844423885,-3.1683405410552385
4663.023,-1.4338544559699253,-3.1583503876897767
4663.043,-1.4334184128800538,-3.1483602354370044
4663.063,-1.432958888499257,-3.1383475005499526
4663.083,-1.432518014441267,-3.1283576785914895
4663.103,-1.4320775593208939,-3.118367805820656
4663.123,-1.4316373769959294,-3.1083778844587773
4663.143,-1.431197321842437,-3.098387935361282
4663.163,-1.4307573069335011,-3.088397971984731
4663.183,-1.4303172790452268,-3.078408002655026
4663.203,-1.4322860224438436,-3.076796814749539
4663.223,-1.4334101318629269,-3.0756962486322816
4663.243,-1.4335786778043969,-3.0757050768268788
4663.263,-1.433717816952557,-3.076217603277944
4663.283,-1.433840703313851,-3.0767135606838156
4663.303,-1.4338838961345457,-3.0772803207944697
4663.323,-1.4342089889593068,-3.0772312459862525
4663.343,-1.434257607454215,-3.077248495483587
4663.363,-1.4342825890091933,-3.0774988343283893
4663.383,-1.434321337324453,-3.0781229319473464
4663.403,-1.4345719880727088,-3.0781054511244768
4663.423,-1.4346843224513437,-3.078754665810763
4663.443,-1.4352252457526518,-3.0792979726962915
4663.463,-1.4358269319601245,-3.0804347470462408
4663.483,-1.436781773008693,-3.081379966637895
4663.503,-1.437615251473477,-3.082506497435865
4663.523,-1.438596987712745,-3.0833726039621614
4663.543,-1.4396788945700023,-3.084347797394366
4663.563,-1.4413512524186627,-3.085247350115856
4663.583,-1.442991992164433,-3.0860269939460565
4663.603,-1.4440951127089623,-3.0870710912947996
4663.623,-1.4457211753815802,-3.0881578692046787
4663.643,-1.4475326828094488,-3.0893939136276862
4663.663,-1.449261894675479,-3.0907718527689174
4663.683,-1.4507142214566189,-3.092049569554282
4663.703,-1.4526164005664148,-3.093246582800762
4663.723,-1.4543332482932787,-3.0945984899344823
4663.743,-1.455951596741317,-3.0958139745474846
4663.763,-1.4576630548277283,-3.097115398189851
4663.783,-1.4593392361157638,-3.098464718240995
4663.803,-1.4613448013306471,-3.099638324265781
4663.823,-1.4632226453485746,-3.100642939794443
4663.843,-1.4652623116750647,-3.101807468206733
4663.863,-1.467415931310095,-3.102872625376684
4663.883,-1.4694402574791976,-3.1039263917643614
4663.903,-1.471817909154169,-3.104763431592247
4663.923,-1.4741174959326988,-3.1055323986715737
4663.943,-1.4765683821800888,-3.1062150141337868
4663.963,-1.4791816580137054,-3.1068864756111925
4663.983,-1.481778872361767,-3.107616112260399
4664.003,-1.4843624219689524,-3.108392237600328
4664.023,-1.48693154016834,-3.109214641146093
4664.043,-1.4894854102319681,-3.110083079101011
4664.063,-1.4920232148617698,-3.110997284689331
4664.083,-1.4945441388833207,-3.1119569715792634
4664.103,-1.4970473705057648,-3.1129618350507258
4664.123,-1.4995321022691908,-3.114011554054037
4664.143,-1.5019975322348247,-3.115105791644756
4664.163,-1.5044428638790306,-3.116244195759355
4664.183,-1.5068673071453365,-3.1174263997288665
4664.203,-1.51089921609385,-3.115459868897955
4664.223,-1.5158377711636846,-3.1110824631363974
4664.243,-1.5207837150041805,-3.1051007324149067
4664.263,-1.5234542171208594,-3.105219986680626
4664.283,-1.5269431727299072,-3.1049476350534624
4664.303,-1.5304101197871867,-3.1047368416299275
4664.323,-1.5338349502620579,-3.1044970950166997
4664.343,-1.537218632206468,-3.1042292914653067
4664.363,-1.5405610799148723,-3.1039345524553754
4664.383,-1.5438624370526117,-3.1036139393126434
4664.403,-1.5471228614754544,-3.1032684884862394
4664.423,-1.5503425207359993,-3.1028992122947634
4664.443,-1.553521592045503,-3.102507099579334
4664.463,-1.5566602621746928,-3.102093116856165
4664.483,-1.5597587265931332,-3.101658207969261
4664.503,-1.5628171893776501,-3.101203295162004
4664.523,-1.5658358628923654,-3.1007292797514387
4664.543,-1.5688149675207033,-3.100237042191167
4664.563,-1.5717547312424385,-3.0997274424614
4664.583,-1.5746553895355362,-3.099201320569956
4664.603,-1.57754302298722,-3.098550303226841
4664.623,-1.5803806533734814,-3.098085591371205
4664.643,-1.583204250095486,-3.097189453801958
4664.663,-1.5839163739205113,-3.097618146237392
4664.683,-1.5837437821752969,-3.098703820264706
4664.703,-1.5847736396240628,-3.0981559823388256
4664.723,-1.5865665418060244,-3.098721449401025
4664.743,-1.5890986935238651,-3.0992197228851475
4664.763,-1.5917753010832656,-3.099934294236999
4664.783,-1.5945586934627782,-3.1007687605763232
4664.803,-1.597355490009248,-3.101601512574594
4664.823,-1.6000075644255145,-3.1026124506868067
4664.843,-1.602566061711532,-3.1037014906420697
4664.863,-1.6052798461216586,-3.104690052878067
4664.883,-1.6077628582229277,-3.1058424745223943
4664.903,-1.61022749212212,-3.107121477246621
4664.923,-1.612598279142463,-3.1084711986709435
4664.943,-1.6149423584904279,-3.109734171899378
4664.963,-1.6175923149079443,-3.110839327424218
4664.983,-1.6201881993911762,-3.1121609319291372
1758191572.2149594,-1.1718375800363996,-3.8773901249843434
4665.003,-1.1725817839774024,-3.8747075730309435
4665.023,-1.1733518108750554,-3.8719267446491874
4665.043,-1.1740691157513883,-3.8691088815550962
4665.063,-1.1747694259769084,-3.866303876387665
4665.083,-1.1756361970336424,-3.8635499063914276
4665.103,-1.1764402442263704,-3.8606296397654436
4665.123,-1.1772891825165077,-3.857929090272803
4665.143,-1.1782235652741873,-3.8550883063210737
4665.163,-1.1792652585608994,-3.852332292951302
4665.183,-1.1803577732491495,-3.849816170367567
4665.203,-1.1814171125394899,-3.8471137555129817
4665.223,-1.1826424194593856,-3.8444767766536065
4665.243,-1.1839810012745702,-3.841989448394114
4665.263,-1.1851983448762051,-3.8392248339887756
4665.283,-1.1864543838061268,-3.836478832098671
4665.303,-1.1879529844096028,-3.8342651084792703
4665.323,-1.1895540240437723,-3.832091504548002
4665.343,-1.1911939721282367,-3.8299469810046536
4665.363,-1.1928722604023445,-3.827832308775759
4665.383,-1.1945883451373323,-3.825748174629856
4665.403,-1.1963416705683518,-3.823695255042594
4665.423,-1.1981316686961687,-3.8216742161828834
4665.443,-1.1999577594004183,-3.8196857140867126
4665.463,-1.2018193510999287,-3.817730394201449
4665.483,-1.2037158404593773,-3.8158088912674355
4665.503,-1.205646612595843,-3.813921828836583
4665.523,-1.2076110413859977,-3.812069819378858
4665.543,-1.2096084901612842,-3.810253464304477
4665.563,-1.2116383111308238,-3.8084733528864416
4665.583,-1.2136998459158914,-3.8067300625138856
4665.603,-1.215792426131774,-3.8050241593007144
4665.623,-1.2179153732782448,-3.803356196647398
4665.643,-1.220067998630747,-3.801726715489112
4665.663,-1.2201350628450627,-3.797241845286313
4665.683,-1.2184601800035038,-3.7908600723948456
4665.703,-1.2153571313948925,-3.783747376072958
4665.723,-1.210809608274132,-3.7758881039691237
4665.743,-1.205301830466444,-3.767541247664919
4665.763,-1.1997959136162044,-3.759192885130089
4665.783,-1.194304914340357,-3.750121865619517
4665.803,-1.1888512040207366,-3.741687821992086
4665.823,-1.1833530213333738,-3.7332667168296942
4665.843,-1.1778598496336135,-3.7249218311722743
4665.863,-1.172366345024541,-3.7165663286671413
4665.883,-1.1668728724588393,-3.7082108060722203
4665.903,-1.161379411765211,-3.699855276124552
4665.923,-1.1558859636159404,-3.6914997382199832
4665.943,-1.1503925283645438,-3.6831441928693613
4665.963,-1.1448986314715937,-3.6747888083840583
4665.983,-1.139412865964387,-3.6664283087939613
4666.003,-1.1339197073561271,-3.6580725030422547
4666.023,-1.1284242964063473,-3.6496671179796873
4666.043,-1.1229316021141595,-3.641310992393369
4666.063,-1.1174389618038505,-3.6329549278544286
4666.083,-1.1119463355354127,-3.624598855471775
4666.103,-1.106453095595012,-3.616243024426944
4666.123,-1.1009590194194683,-3.6078485233567568
4666.143,-1.0954665012086744,-3.5995050405984874
4666.163,-1.089974845288636,-3.5911483182439383
4666.183,-1.0844832115479126,-3.5827915963664014
4666.203,-1.0789915906510792,-3.574434866581154
4666.223,-1.073502546272142,-3.5660805568690264
4666.243,-1.0680164680234734,-3.5577212909700817
4666.263,-1.0625193227638827,-3.549369104644494
4666.283,-1.0570225398612814,-3.541016373610803
4666.303,-1.0515303853244353,-3.5326598286015454
4666.323,-1.0460389078688006,-3.5243030131360524
4666.343,-1.0405473886016992,-3.515946218215303
4666.363,-1.0350558813224726,-3.5075894152355507
4666.383,-1.0295643864594715,-3.4992326039290687
4666.403,-1.0240729048567412,-3.4908757834750426
4666.423,-1.0185814355677762,-3.4825189546358377
4666.443,-1.0130899798260065,-3.474162117043422
4666.463,-1.0075985371825051,-3.4658052702300357
4666.483,-1.0021071066873941,-3.4574484149661315
4666.503,-0.9966156891777995,-3.4490915504501793
4666.523,-0.9911242838133594,-3.440734677363729
4666.543,-0.985632891711793,-3.4323777954614627
4666.563,-0.9801415124178289,-3.4240209042994927
4666.583,-0.9746501458706945,-3.415664003888624
4666.603,-0.9691587911141413,-3.407307095033838
4666.623,-0.9636674493737482,-3.3989501774171913
4666.643,-0.9581761201909197,-3.390593250621625
4666.663,-0.9526848035021919,-3.382236314685278
4666.683,-0.9471934983493849,-3.3738793704406103
4666.703,-0.9417022059567964,-3.36552241759662
4666.723,-0.9362109258665422,-3.3571654557641595
4666.743,-0.9307196580151661,-3.348808485005783
4666.763,-0.9252284027357087,-3.3404515058380087
4666.783,-0.9197444293001911,-3.3320877270446676
4666.803,-0.9142533468529136,-3.3237306144054144
4666.823,-0.908762275158605,-3.315373513152616
4666.843,-0.9032712154951367,-3.3070164036756062
4666.863,-0.8977801677448713,-3.29865928590101
4666.883,-0.8922891330971442,-3.2903021596111217
4666.903,-0.8867981102819763,-3.281945025173786
4666.923,-0.8813070999945838,-3.2735878820231776
4666.943,-0.8758161012596785,-3.2652307310692374
4666.963,-0.870325114896264,-3.256873571642797
4666.983,-0.8648341412293457,-3.2485164043055197
4667.003,-0.8593431798021581,-3.2401592287228556
4667.023,-0.8538522296639734,-3.2318020457896983
4667.043,-0.8483612916584503,-3.2234448548191343
4667.063,-0.8428703661352138,-3.215087656352419
4667.083,-0.8373794526619824,-3.206730450032052
4667.103,-0.8318885520994834,-3.1983732351497163
4667.123,-0.8263976639224248,-3.1900160130156316
4667.143,-0.8209068811956896,-3.1816587357643225
4667.163,-0.8154077132239457,-3.173308525776036
4667.183,-0.8099187674597996,-3.164929196906517
4667.203,-0.8044302818125724,-3.156574716377711
4667.223,-0.7989413445631927,-3.148221711696175
4667.243,-0.7934492507273696,-3.1398642396631384
4667.263,-0.7879622476711582,-3.1314920697067303
4667.283,-0.7824681161256336,-3.123133413522772
4667.303,-0.7769782937852708,-3.1147754198265907
4667.323,-0.7714885164134815,-3.106417474203303
4667.343,-0.7659987519690473,-3.0980595214875035
4667.363,-0.7605005591387624,-3.0897090380988743
4667.383,-0.755030859739917,-3.0813401186681557
4667.403,-0.7505300394070014,-3.073677995676865
4667.423,-0.7469303506145648,-3.0673497149290596
4667.443,-0.7444267401716012,-3.062461075785129
4667.463,-0.7427356497178634,-3.0589452712644367
4667.483,-0.7416333064527765,-3.0557206965885144
4667.503,-0.7412891250924171,-3.0527242428721078
4667.523,-0.7416445044998814,-3.0500131376189814
4667.543,-0.742714682968014,-3.0475447165416703
4667.563,-0.7445050006066178,-3.0453527693189306
4667.583,-0.7468357337129198,-3.043469195304691
4667.603,-0.749204185564951,-3.042174803925334
4667.623,-0.7515961654787833,-3.040922928618679
4667.643,-0.754010292135778,-3.0397143094472066
4667.663,-0.7564253367666407,-3.0385436160805335
4667.683,-0.7588555403960515,-3.037389755261929
4667.703,-0.7598819335422564,-3.033006048278991
4667.723,-0.7596220839619373,-3.0264008013123953
4667.743,-0.7581272449862619,-3.0187709741616224
4667.763,-0.7553845188189898,-3.0100979095600024
4667.783,-0.7518256215787349,-3.000751736594817
4667.803,-0.7482685618527847,-2.9914046384318773
4667.823,-0.7441111874467332,-2.9816619912532913
4667.843,-0.7404811398199281,-2.9721416371423377
4667.863,-0.7369117261441698,-2.9628010242383884
4667.883,-0.7333419041982474,-2.953460962700338
4667.903,-0.7297731708723976,-2.9441149204394153
4667.923,-0.7261793010756573,-2.934758823863921
4667.943,-0.7226087156018192,-2.9254191270090315
4667.963,-0.7190384937777676,-2.9160734626904543
4667.983,-0.715465869357169,-2.9067216982205815
4668.003,-0.7119067622061351,-2.897380211705764
4668.023,-0.708341361696751,-2.888037775324796
4668.043,-0.7047756419368989,-2.8786954602001944
4668.063,-0.7012080617192036,-2.8693518513291894
4668.083,-0.6976402832744346,-2.8600103391916103
4668.103,-0.6940714773157363,-2.8506691586547626
4668.123,-0.690501770528072,-2.841328462273833
4668.143,-0.6869329708369389,-2.8319873351372693
4668.163,-0.6833647660254132,-2.822645929855298
4668.183,-0.6797969424957242,-2.8133043460585023
4668.203,-0.67622936170617,-2.8039626486956286
4668.223,-0.6726619259464545,-2.794620882026633
4668.243,-0.6690945682599065,-2.7852790766873
4668.263,-0.6655272403079833,-2.775937254790848
4668.283,-0.6619599082644285,-2.766595430983818
4668.303,-0.6583925443197337,-2.7572536176015845
4668.323,-0.6548251267579486,-2.7479118240085674
4668.343,-0.6512576395738939,-2.7385700579908914
4668.363,-0.6476900683900007,-2.7292283258829975
4668.383,-0.6441224013838202,-2.7198866337253462
4668.403,-0.6405546247602263,-2.7105449893520963
4668.423,-0.6369867258252312,-2.701203401007783
4668.443,-0.6334186942651011,-2.691861876531833
4668.463,-0.6298505133253899,-2.68252043210599
4668.483,-0.6262821635778778,-2.6731790897418177
4668.503,-0.6227136197520982,-2.663837890101176
4668.523,-0.6191448446633611,-2.654496924725095
4668.543,-0.6155779645708781,-2.645155018705626
4668.563,-0.6120106799443645,-2.635813302315303
4668.583,-0.6084433776610542,-2.62647159308997
4668.603,-0.6048760598196725,-2.6171298896833464
4668.623,-0.6013087276602684,-2.6077881917117467
4668.643,-0.5977413799676035,-2.598446499532197
4668.663,-0.5941740178865822,-2.5891048127964877
4668.683,-0.5906066403542131,-2.579763131815834
4668.703,-0.5870392473128745,-2.5704214566016157
4668.723,-0.5834718399956866,-2.5610797867784942
4668.743,-0.5799044172151532,-2.5517381226949305
4668.763,-0.5763369801462573,-2.542396463993571
4668.783,-0.572769527757652,-2.5330548109763074
4668.803,-0.5692020600246249,-2.5237131636455112
4668.823,-0.5656345782131913,-2.5143715216151805
4668.843,-0.56206293551975,-2.5050318637151587
4668.863,-0.558487527236536,-2.495696641916995
4668.883,-0.5549214630030865,-2.4863590414646644
4668.903,-0.5513527790328592,-2.4770233523830374
4668.923,-0.5477702281753225,-2.4676890789179904
4668.943,-0.5441910362277289,-2.4583333359994235
4668.963,-0.5406307216414533,-2.448988943381528
4668.983,-0.5370412193502989,-2.4396331441024426
4669.003,-0.5334641036445156,-2.430298363028654
4669.023,-0.5298965464373301,-2.4209613304495403
4669.043,-0.5263270677454222,-2.411620437326826
4669.063,-0.5227574788441757,-2.4022795995709583
4669.083,-0.5191878754463244,-2.392938767420205
4669.103,-0.5156182573944158,-2.3835979407256334
4669.123,-0.5120486258987956,-2.3742571191234854
4669.143,-0.5084789800172201,-2.3649163028965803
4669.163,-0.504909319801496,-2.3555754920318277
4669.183,-0.5013396465096464,-2.346234686152703
4669.203,-0.4977699591812187,-2.3368938855504777
4669.223,-0.4942002578473369,-2.327553090219231
4669.243,-0.4906305426733633,-2.3182123001117256
4669.263,-0.48706081384549493,-2.308871515799017
4669.283,-0.4834914250864258,-2.2995302048254294
4669.303,-0.47992112030940165,-2.290189440714826
4669.323,-0.47635270312099726,-2.280847868217852
4669.343,-0.47278364722653904,-2.2715066125336074
4669.363,-0.4692141725466809,-2.262165540106453
4669.383,-0.4656444163477807,-2.252824590506834
4669.403,-0.46207446305579414,-2.243483725814343
4669.423,-0.458504367699075,-2.234142921941816
4669.443,-0.45493416432882666,-2.2248021637741098
4669.463,-0.4513638728111466,-2.215461443082284
4669.483,-0.4477935042663867,-2.2061207542124963
4669.503,-0.44422306497297137,-2.196780094418572
4669.523,-0.44065255455552266,-2.187439463594222
4669.543,-0.4370819710091525,-2.1780988633102516
4669.563,-0.43351131148370264,-2.1687582942078034
4669.583,-0.4299405696096359,-2.159417759367797
4669.603,-0.42636973876732287,-2.1500772619135184
4669.623,-0.42279881147718634,-2.1407368058420357
4669.643,-0.4192277793090112,-2.1313963958109112
4669.663,-0.41565663493598537,-2.1220560365230523
4669.683,-0.4120853652905914,-2.1127157359654634
4669.703,-0.4085139569782972,-2.1033755038385986
4669.723,-0.4049423925105137,-2.0940353557816844
4669.743,-0.4013706512283537,-2.084695313909555
4669.763,-0.3977987054357229,-2.075355419689454
4669.783,-0.3942265165155068,-2.066015778591681
4669.803,-0.39065586341398617,-2.0566753463053082
4669.823,-0.38708509888318754,-2.0473349596124253
4669.843,-0.3835143179734675,-2.0379945790838363
4669.863,-0.3799435216430377,-2.028654204323701
4669.883,-0.3763727109627078,-2.019313835004532
4669.903,-0.3728018848578399,-2.009973471442348
4669.923,-0.3692310443997886,-2.000633113310097
4669.943,-0.36566018852416793,-1.991292760920458
4669.963,-0.36208931734360245,-1.9819524148566272
4669.983,-0.35851843167476993,-1.972612073621267
4670.003,-0.3549475308157895,-1.9632717386646876
4670.023,-0.3513766156968817,-1.9539314090778939
4670.043,-0.34780568528680517,-1.944591085165683
4670.063,-0.3442347395594952,-1.9352507669290888
4670.083,-0.3406689508083747,-1.9259086854011673
4670.103,-0.3370998109124855,-1.9165722671742904
4670.123,-0.3335280533769779,-1.907237759112234
4670.143,-0.32994231365869003,-1.8979047220749268
4670.163,-0.32636005734472584,-1.888550163401196
4670.183,-0.3227966466042038,-1.8792069642972544
4670.203,-0.31920411760074247,-1.869852416456788
4670.223,-0.3156239106236403,-1.860519076987146
4670.243,-0.31205326032809166,-1.8511831934446017
4670.263,-0.3084799407546429,-1.8418492315628152
4670.283,-0.30487802642779643,-1.8324958186205034
4670.303,-0.30130412039730287,-1.8231566277309432
4670.323,-0.2977301705424515,-1.8138174578293755
4670.343,-0.2941562067564757,-1.8044782932290095
4670.363,-0.29058222833976005,-1.7951391340771898
4670.383,-0.2870082364966378,-1.785799980012142
4670.403,-0.28343423028376813,-1.7764608313181527
4670.423,-0.27986020975153597,-1.7671216879826641
4670.443,-0.2762861762274339,-1.7577825496070902
4670.463,-0.2727121286071938,-1.748443416527599
1758191579.2226934,-0.7281810138049443,-3.520568740643406
4670.483,-0.7192318941053534,-3.5161070726583707
4670.503,-0.7102827677122592,-3.511645417939526
4670.523,-0.7013336346722099,-3.5071837764137532
4670.543,-0.692384059940026,-3.50272328233075
4670.563,-0.683435745804882,-3.49826044312458
4670.583,-0.6744870002845198,-3.493797490029201
4670.603,-0.6655380047127865,-3.4893351366600536
4670.623,-0.6565888405584943,-3.484873166460057
4670.643,-0.6476395600398308,-3.480411458186437
4670.663,-0.6386901975065902,-3.4759499329531587
4670.683,-0.6297407759164435,-3.4714885400788265
4670.703,-0.620791307544786,-3.4670272495069248
4670.723,-0.6118418009890636,-3.4625660418093522
4670.743,-0.6028922599740213,-3.4581049079403754
4670.763,-0.5939426866599574,-3.4536438440281207
4670.783,-0.5849930812194665,-3.4491828485022666
4670.803,-0.5760434418746904,-3.4447219250150143
4670.823,-0.5670937672416719,-3.440261076944741
4670.843,-0.5581440552741687,-3.435800310938618
4670.863,-0.5491943026165153,-3.4313396339001936
4670.883,-0.540244506298451,-3.4268790542584298
4670.903,-0.5312946635164123,-3.422418580696084
4670.923,-0.522344771788358,-3.4179582226902157
4670.943,-0.5133948269276769,-3.413497994171738
4670.963,-0.5044448261573544,-3.4090379135555136
4670.983,-0.49549476627905187,-3.4045780050192507
4671.003,-0.48654464945418324,-3.4001183002339985
4671.023,-0.47759448458097403,-3.3956588551910944
4671.043,-0.4686443291034944,-3.3911997903583444
4671.063,-0.4596947399950408,-3.386739043796019
4671.083,-0.4507451109072407,-3.382278401599098
4671.103,-0.4417954745083559,-3.377817775372606
4671.123,-0.4328458307170455,-3.3733571625536802
4671.143,-0.42389617990826495,-3.368896564830961
4671.163,-0.4149465221736147,-3.364435980871733
4671.183,-0.4059968569403502,-3.3599754116287506
4671.203,-0.39704718477961365,-3.3555148561278454
4671.223,-0.38809750512577845,-3.351054315312151
4671.243,-0.3791478185551613,-3.346593788195973
4671.263,-0.3701981245093647,-3.3421332757112268
4671.283,-0.3612484229639325,-3.3376727778858317
4671.303,-0.35229871454565015,-3.333212293653039
4671.323,-0.34334899870561864,-3.3287518239260194
4671.343,-0.3343992760401254,-3.324291367690269
4671.363,-0.3254479223636729,-3.3198397101163093
4671.383,-0.3165020297402031,-3.3153811740320864
4671.403,-0.30755550322504205,-3.3109258213207204
4671.423,-0.298599699182083,-3.306480950212996
4671.443,-0.2896318576481563,-3.302017935647465
4671.463,-0.28068559862732545,-3.2975505136810424
4671.483,-0.27171015169287016,-3.293094468267068
4671.503,-0.2627581071143277,-3.288645610627769
4671.523,-0.25381148681040416,-3.2841884987208076
4671.543,-0.24482055044441525,-3.2797397373154906
4671.563,-0.2358692971920298,-3.2752823447155137
4671.583,-0.22691802868475783,-3.2708249906588875
4671.603,-0.2179667535233322,-3.2663676498636756
4671.623,-0.2090154712772701,-3.2619103229700763
4671.643,-0.20006418258591957,-3.2574530088968734
4671.663,-0.19111288691085623,-3.252995708557736
4671.683,-0.18216158435452579,-3.2485384217812303
4671.703,-0.17321027554885904,-3.2440811475051032
4671.723,-0.1642589599837506,-3.2396238865970997
4671.743,-0.1553076376754581,-3.235166639033944
4671.763,-0.14635630871369948,-3.23070940467253
4671.783,-0.13740497310630384,-3.226252183505138
4671.803,-0.1284226102906132,-3.2218000811128635
4671.823,-0.11947044156049627,-3.2173440464600076
4671.843,-0.1105175246929197,-3.212889491888189
4671.863,-0.1015649255426298,-3.208434404729772
4671.883,-0.09261246205883222,-3.2039789755110233
4671.903,-0.083660127430391,-3.199523321565486
4671.923,-0.0747078505746378,-3.1950675270176543
4671.943,-0.06575562272534496,-3.19061164806058
4671.963,-0.05680341368834867,-3.186155724421083
4671.983,-0.047851215254805964,-3.181699785329384
4672.003,-0.03889901210577429,-3.1772438531870155
4672.023,-0.02994679877636367,-3.172787945707924
4672.043,-0.020994566660595588,-3.1683320759924523
4672.063,-0.01204231022674872,-3.163876256994279
4672.083,-0.0030900246138221947,-3.1594204995898982
4672.103,0.005862294916954081,-3.154964813194167
4672.123,0.014814652677981176,-3.1505092072526413
4672.143,0.0237670525058149,-3.146053690614032
4672.163,0.032719497693402017,-3.141598272356559
4672.183,0.041671992743776955,-3.1371429650631204
4672.203,0.050624539837037956,-3.132687778831118
4672.223,0.05957714269238125,-3.128232728007952
4672.243,0.06852980331155799,-3.1237778349412233
4672.263,0.07748252278418911,-3.1193231284952705
4672.283,0.08643529577617602,-3.1148686625601596
4672.303,0.09538573660665706,-3.110409369533506
4672.323,0.10433787217519477,-3.105953758884997
4672.343,0.11329002382286574,-3.101498181349248
4672.363,0.12224218239489744,-3.0970426176401453
4672.383,0.13119434846472158,-3.092587068682991
4672.403,0.14014652139550207,-3.088131533388294
4672.423,0.14909870132390027,-3.0836760131485064
4672.443,0.15805088872884304,-3.079220507589439
4672.463,0.16700308304068326,-3.0747650157382593
4672.483,0.17595528486402248,-3.070309538603709
4672.503,0.18490749354673516,-3.0658540750734056
4672.523,0.19385970972433295,-3.061398626208457
4672.543,0.20281193334425135,-3.056943191910426
4672.563,0.21176416382077137,-3.0524877711761835
4672.583,0.22071640170058857,-3.0480323649211143
4672.603,0.229670265277348,-3.0435857856331316
4672.623,0.2386186655195787,-3.039132297979374
4672.643,0.24756770841442885,-3.034682005522305
4672.663,0.2565260449006294,-3.030242246914489
4672.683,0.26549640423999993,-3.025784296025201
4672.703,0.2744451868124551,-3.021321944043737
4672.723,0.2834231137797969,-3.016870971243995
4672.743,0.29237760059439327,-3.012427252517465
4672.763,0.30132675305637097,-3.007975199684455
4672.783,0.31027657786693036,-3.0035263793512277
4672.803,0.31922966455500107,-2.9990724833235993
4672.823,0.3281829436665723,-2.994619166866835
4672.843,0.3371362320062232,-2.99016587041979
4672.863,0.34608952693784106,-2.9857125870611605
4672.883,0.3550428289424626,-2.9812593175845623
4672.903,0.3639961373827498,-2.9768060609108375
4672.923,0.37294945275907415,-2.9723528178914793
4672.943,0.38190277443935544,-2.9678995874584255
4672.963,0.39085610292984063,-2.963446370475005
4672.983,0.39980943769818317,-2.958993167215564
4673.003,0.4087627791647644,-2.9545399772278533
4673.023,0.4177161273183225,-2.950086800497904
4673.043,0.4266651255508371,-2.9456257445186598
4673.063,0.43562941527431837,-2.941176252023736
4673.083,0.44461313085307963,-2.936727490225187
4673.103,0.45356792705656646,-2.932276851005851
4673.123,0.46252253667209703,-2.9278257264392935
4673.143,0.4714769602445877,-2.9233742831484193
4673.163,0.4804313028609329,-2.918922636326324
4673.183,0.489385570164747,-2.9144708598311464
4673.203,0.4983398068766015,-2.9100190092068994
4673.223,0.5072940201316514,-2.9055671201990108
4673.243,0.5162482299124906,-2.9011152197475534
4673.263,0.525202442432133,-2.8966633299920055
4673.283,0.5341566690378592,-2.892211467534152
4673.303,0.5431109143677795,-2.88775964510633
4673.323,0.5520651852840689,-2.883307875864348
4673.343,0.5610194862584272,-2.878856169690969
4673.363,0.5699738223259345,-2.8744045365259554
4673.383,0.5789281970500734,-2.86995298526153
4673.403,0.5878826135084447,-2.865501524249497
4673.423,0.5968370766481426,-2.8610501646271542
4673.443,0.6057915903217094,-2.8565989180150924
4673.463,0.6147461568942276,-2.8521477938916493
4673.483,0.6237007787314017,-2.8476968084107535
4673.503,0.6326554595200227,-2.8432459847260656
4673.523,0.6416101984899207,-2.838795354132709
4673.543,0.6505649879292531,-2.8343449769967757
4673.563,0.6595175217737456,-2.8298903570179967
4673.583,0.6684716824906752,-2.8254388135675725
4673.603,0.6774258566009271,-2.8209873016834948
4673.623,0.6863800382545637,-2.8165358047112408
4673.643,0.6953342268318684,-2.8120843215191424
4673.663,0.7042884223924762,-2.8076328533709747
4673.683,0.7132426248864067,-2.8031813989965055
4673.703,0.7221968349205679,-2.7987299594133925
4673.723,0.7311510518492291,-2.7942785335169105
4673.743,0.7401052763122937,-2.7898271223777225
4673.763,0.7490595082629813,-2.7853757259067
4673.783,0.7580137471224067,-2.7809243431097377
4673.803,0.7669679934424722,-2.7764729749123465
4673.823,0.7759222466368854,-2.7720216203083785
4673.843,0.7848765072500394,-2.767570280211341
4673.863,0.7938307746881589,-2.7631189536032768
4673.883,0.802786505246754,-2.7586777178084243
4673.903,0.8117369396821131,-2.754228322972406
4673.923,0.8206880123263164,-2.749782109020123
4673.943,0.8296483452458278,-2.7453463547259536
4673.963,0.8386207547104418,-2.7408924882914008
4673.983,0.8475715664284774,-2.7364341930476868
4674.003,0.8565515908997072,-2.7319873051832513
4674.023,0.8655082074381114,-2.727547527299256
4674.043,0.8744593650532512,-2.7230995617786995
4674.063,0.8834143948219314,-2.7186496260131396
4674.083,0.8923696142311124,-2.7142002121276487
4674.103,0.9013248419003623,-2.709750817201456
4674.123,0.9102800761532092,-2.7053014353448974
4674.143,0.9192353174748483,-2.7008520673625855
4674.163,0.9281905652275853,-2.6964027121764653
4674.183,0.937145819950861,-2.6919533707027257
4674.203,0.9461010815424735,-2.687504042772843
4674.223,0.9550563493736878,-2.6830547273260663
4674.243,0.9630559150776943,-2.6795129666225797
4674.263,0.9697239579439206,-2.676683423288479
4674.283,0.9748634360540653,-2.6747154889779132
4674.303,0.9786948952579926,-2.6727594533229886
4674.323,0.9816811986971865,-2.6710233587037444
4674.343,0.9838340468518086,-2.6692068686642574
4674.363,0.9852739761022643,-2.6669679151613246
4674.383,0.9856877353861275,-2.6646882435704433
4674.403,0.9854940656173773,-2.6623922986106328
4674.423,0.9845427043817481,-2.660056382223729
4674.443,0.9833511811395339,-2.657483250437957
4674.463,0.9822065653988749,-2.655000528982787
4674.483,0.9807768292121022,-2.65259698265919
4674.503,0.9793921611140916,-2.650130716158987
4674.523,0.9779149100918858,-2.647810227944482
4674.543,0.976580839992874,-2.6451283403872137
4674.563,0.9750174382225963,-2.642929330139786
4674.583,0.9734521523327703,-2.6405028481986217
4674.603,0.9718652975256195,-2.6380813366395097
4674.623,0.9703857429615849,-2.635688980246851
4674.643,0.9687348528240503,-2.6332515113089716
4674.663,0.9669481472520741,-2.631192014923715
4674.683,0.9651359930033838,-2.6292131657762257
4674.703,0.9632509315120865,-2.627280791749088
4674.723,0.9613314025781455,-2.6253826740730437
4674.743,0.9593780300856353,-2.623519417796844
4674.763,0.9573914465058888,-2.6216916257972427
4674.783,0.955372295533194,-2.619899889040669
4674.803,0.9533212311374192,-2.61814478678024
4674.823,0.9512389175913163,-2.6164268864941156
4674.843,0.9491260286799003,-2.614746743906991
4674.863,0.9469832487256529,-2.6131049017112318
4674.883,0.9448112710509765,-2.6115018912016716
4674.903,0.9426107985460321,-2.6099382304315175
4674.923,0.9403825432541544,-2.6084144251450336
4674.943,0.9381272260965383,-2.6069309678090966
4674.963,0.9358455768619611,-2.605488338095463
4674.983,0.9335383334224907,-2.6040870026035745
4675.003,0.9312062422032108,-2.602727414521404
4675.023,0.9288500573632609,-2.6014100135482274
4675.043,0.9264705408456707,-2.600135226079143
4675.063,0.9240684622809031,-2.598903464563702
4675.083,0.9216445989302152,-2.5977151273175547
4675.103,0.9191997344904379,-2.5965705990115406
4675.123,0.9167346597166102,-2.595470250368438
4675.143,0.9142501720413788,-2.5944144379329077
4675.163,0.9117470751243156,-2.5934035033707326
4675.183,0.9092261786448393,-2.5924377746150955
4675.203,0.906688298248413,-2.5915175648454634
4675.223,0.9041342552326644,-2.5906431722506587
4675.243,0.9015648760107272,-2.589814880697588
4675.263,0.8989809924884916,-2.5890329587442813
4675.283,0.8963834408482764,-2.588297660416433
4675.303,0.893773062228015,-2.5876092249733427
4675.323,0.8911507018205643,-2.58696787572072
4675.343,0.8885172089321033,-2.586373821616132
4675.363,0.8858734367705864,-2.58582725550773
4675.383,0.8832202418127713,-2.585328355580088
4675.403,0.8805584836145426,-2.5848772844507506
4675.423,0.8778890249922817,-2.584474188903437
4675.443,0.875212731130041,-2.5841192003840834
4675.463,0.8725304696184181,-2.5838124344212146
4675.483,0.8698431100569853,-2.5835539914147114
4675.503,0.8674339079575837,-2.5797705730460563
4675.523,0.8655131055207896,-2.5734582692441785
4675.543,0.8644248393456915,-2.565774639599725
4675.563,0.864174905632691,-2.556697785423834
4675.583,0.8644867612015976,-2.5467024846688666
4675.603,0.8647962594519173,-2.536706845671979
4675.623,0.8648758972263662,-2.526190039369316
4675.643,0.8651619014990383,-2.516171165927887
4675.663,0.8654182392874158,-2.5061791782150893
4675.683,0.8657199187498,-2.496184122295277
4675.703,0.8660214911008699,-2.486189080101717
4675.723,0.8663230519775905,-2.4761940380449614
4675.743,0.8666246020818402,-2.466198995845338
1758191585.764329,-0.566703203579398,-3.7852960647713143
4675.763,-0.5569505820361569,-3.783087406179661
4675.783,-0.547197963060881,-3.7808787376226545
4675.803,-0.5374453473387112,-3.7786700566087754
4675.823,-0.5276927340906143,-3.7764613654829287
4675.843,-0.517895650434149,-3.774222060543658
4675.863,-0.5081425974976679,-3.7720128429249113
4675.883,-0.49839174777249945,-3.7697973420782103
4675.903,-0.4886232238690321,-3.7675762555687076
4675.923,-0.47885193497172984,-3.7653609779865422
4675.943,-0.4691094782255758,-3.7631330233559788
4675.963,-0.45935418386900684,-3.760923652731225
4675.983,-0.4496018545289193,-3.758713603760056
4676.003,-0.4398495417592546,-3.756503589007313
4676.023,-0.43009723160377084,-3.7542935643571504
4676.043,-0.420344923919198,-3.7520835297858266
4676.063,-0.4120595616195073,-3.749693964681338
4676.083,-0.40543150966666414,-3.747653362341883
4676.103,-0.40061614953279095,-3.7460124842030367
4676.123,-0.3972116237455732,-3.7446271431769884
4676.143,-0.39468388844381747,-3.742948769670938
4676.163,-0.39303916071339795,-3.740831139509343
4676.183,-0.39229641655360437,-3.7385062560912394
4676.203,-0.3924365912674336,-3.735779434217737
4676.223,-0.39316317411753127,-3.7331813199500146
4676.243,-0.39393598801686674,-3.7305978497862933
4676.263,-0.3947553489642978,-3.728028544923196
4676.283,-0.39562095839327927,-3.7254742694794243
4676.303,-0.39653250787709887,-3.722935881799308
4676.323,-0.3974896830724545,-3.720414227020292
4676.343,-0.3984921593823261,-3.717910137891301
4676.363,-0.3995396020951498,-3.715424437385935
4676.383,-0.4006316642067137,-3.7129579392003396
4676.403,-0.40176798761240656,-3.7105114488742412
4676.423,-0.40294820006878845,-3.708085763589346
4676.443,-0.4041719174322099,-3.705681672922791
4676.463,-0.4054387410393012,-3.7032999583449033
4676.483,-0.4067482594911772,-3.700941393531927
4676.503,-0.4081000479046425,-3.6986067441851596
4676.523,-0.4094936679318345,-3.696296768194776
4676.543,-0.41092866796602284,-3.6940122149726866
4676.563,-0.41240458265956653,-3.6917538250715594
4676.583,-0.4139209344843017,-3.6895223313182295
4676.603,-0.415477232352555,-3.687318457369963
4676.623,-0.4170694053669818,-3.685140229430063
4676.643,-0.41870268863170174,-3.6829930350248143
4676.663,-0.4203743834303934,-3.6808756006476755
4676.683,-0.4220839264854684,-3.6787886088362574
4676.703,-0.4238307570474566,-3.676732735918048
4676.723,-0.4256143030287742,-3.6747086466769385
4676.743,-0.4274339825195495,-3.6727169958616153
4676.763,-0.42928920225215833,-3.670758426500336
4676.783,-0.43117935893101483,-3.668833571882726
4676.803,-0.4331038383079663,-3.6669430543754857
4676.823,-0.435062015190547,-3.665087484488975
4676.843,-0.4370532533836029,-3.663267461692321
4676.863,-0.4390769063505539,-3.6614835737490865
4676.883,-0.4411323176092487,-3.659736397201587
4676.903,-0.44094771415048123,-3.6552541086999173
4676.923,-0.4389183243855581,-3.648974803970103
4676.943,-0.43542215771817167,-3.642045429859646
4676.963,-0.43044194383253476,-3.6344511578685577
4676.983,-0.4244774510944362,-3.6264244001469454
4677.003,-0.4185144002995826,-3.6183958460169787
4677.023,-0.41200192840968397,-3.6101394643377245
4677.043,-0.406035720060425,-3.6021613407772617
4677.063,-0.40003845733605675,-3.5941382992882946
4677.083,-0.3940764600160757,-3.586113638214387
4677.103,-0.38811591492003344,-3.5780881675715115
4677.123,-0.3821490305989035,-3.5700629612951333
4677.143,-0.37618219629366295,-3.562037746907524
4677.163,-0.3702154490000632,-3.5540125064529686
4677.183,-0.3642487984538883,-3.545987242294455
4677.203,-0.3582822484414052,-3.5379619648032072
4677.223,-0.3523134482303905,-3.5299393800947456
4677.243,-0.3463448148256974,-3.521916430182597
4677.263,-0.34037617279172655,-3.5138934849100814
4677.283,-0.3344075212127433,-3.505870548414195
4677.303,-0.3284388616790172,-3.4978476188643004
4677.323,-0.3224701922006707,-3.4898246975977956
4677.343,-0.3165015128182486,-3.481801784568493
4677.363,-0.3105328240501215,-3.4737788801797107
4677.383,-0.30456763389202063,-3.4657520086520175
4677.403,-0.2985990838020945,-3.4577290137991996
4677.423,-0.29262992184776737,-3.4497073426426437
4677.443,-0.28666211608233494,-3.4416826407356513
4677.463,-0.2806856720860907,-3.4336661678178775
4677.483,-0.2747247321284505,-3.4256375027890993
4677.503,-0.2687559177125074,-3.4176147022003764
4677.523,-0.2627870357484514,-3.4095919458597965
4677.543,-0.25681814348548077,-3.4015691975201383
4677.563,-0.2508492415249397,-3.393546456699737
4677.583,-0.24488032995330491,-3.385523723223404
4677.603,-0.23891140904841046,-3.3775009974807753
4677.623,-0.2329291846332041,-3.3694954150454848
4677.643,-0.22696042881292056,-3.36147261642205
4677.663,-0.22128717206056878,-3.3550959112604946
4677.683,-0.2165892140301838,-3.3501520850263695
4677.703,-0.21338258471083438,-3.346087100443683
4677.723,-0.2111854155104851,-3.3426512136538706
4677.743,-0.20979332594799696,-3.339560778202951
4677.763,-0.20930234333101314,-3.336866474078228
4677.783,-0.20963053520124628,-3.3345588576866723
4677.803,-0.21069518736788634,-3.3325037242017452
4677.823,-0.21272050862586345,-3.3309024656175112
4677.843,-0.2149924763234384,-3.32944451746996
4677.863,-0.21729191122748662,-3.328027429994537
4677.883,-0.2196168821213771,-3.326651980662499
4677.903,-0.22196626896204158,-3.3253185941026184
4677.923,-0.224339302025969,-3.324027708082028
4677.943,-0.22673520928748814,-3.322779744555617
4677.963,-0.2291532127493568,-3.32157511010094
4677.983,-0.23159252792000765,-3.32041419626877
4678.003,-0.2340523647200732,-3.3192973805426984
4678.023,-0.2365319259382618,-3.3182250246272775
4678.043,-0.23903040879295095,-3.317197476000091
4678.063,-0.24154700447948207,-3.3162150678394764
4678.083,-0.24408089819146858,-3.315278118427771
4678.103,-0.24663127005921529,-3.3143869319006987
4678.123,-0.24919729409919775,-3.3135417958469007
4678.143,-0.25177814011462246,-3.3127429846887546
4678.163,-0.2543729724074848,-3.311990757491667
4678.183,-0.2569809508744978,-3.311285357442462
4678.203,-0.25960123119882156,-3.3106270131581814
4678.223,-0.2622329647568945,-3.3100159383183696
4678.243,-0.2648752995225243,-3.3094523312277953
4678.263,-0.26752737932482823,-3.3089363742108295
4678.283,-0.2701883452252607,-3.308468234755398
4678.303,-0.2728573352149144,-3.3080480650122865
4678.323,-0.27553348432851926,-3.307676001053886
4678.343,-0.27821592514719085,-3.3073521638089174
4678.363,-0.28090378802879074,-3.30707665821742
4678.383,-0.2835962017370029,-3.306849573985429
4678.403,-0.2862922930540397,-3.3066709845657436
4678.423,-0.2889911875878729,-3.3065409483741006
4678.443,-0.29169200973542114,-3.3064595080977
4678.463,-0.2943938833473545,-3.306426689926353
4678.483,-0.29709593152098196,-3.30644250477644
4678.503,-0.29979727707167786,-3.306506947280241
4678.523,-0.3024970432858257,-3.306619996843859
4678.543,-0.3051943534920004,-3.3067816163869472
4678.563,-0.30788833191670506,-3.3069917536975506
4678.583,-0.3105781036159468,-3.3072503407095746
4678.603,-0.313262795083589,-3.3075572927683945
4678.623,-0.3159415341585967,-3.3079125102745497
4678.643,-0.31861345083723364,-3.308315877793424
4678.663,-0.321277677164519,-3.308767263613078
4678.683,-0.32393334749992037,-3.3092665209162253
4678.703,-0.32657959932981184,-3.309813487201923
4678.723,-0.3292155727577703,-3.3104079849161114
4678.743,-0.33184041169197587,-3.3110498198732077
4678.763,-0.3344532635864536,-3.311738783066524
4678.783,-0.3370532796986763,-3.312474650605862
4678.803,-0.33963961563308714,-3.313257182526212
4678.823,-0.3422114316492759,-3.3140861240843544
4678.843,-0.34476789262765933,-3.314961205440681
4678.863,-0.34730816873090514,-3.3158821416626014
4678.883,-0.3498314352462642,-3.3168486329677673
4678.903,-0.3536753207015864,-3.31452529363288
4678.923,-0.3582044901274198,-3.3097234023076716
4678.943,-0.36259848322507554,-3.3033228315922742
4678.963,-0.3668618548167801,-3.2953014956354005
4678.983,-0.3710314139209346,-3.286211791092477
4679.003,-0.37520322435256465,-3.2771230707320567
4679.023,-0.37995177264503405,-3.2676700309268067
4679.043,-0.3841959190294913,-3.2586376750284196
4679.063,-0.3883957001076627,-3.249545546354275
4679.083,-0.3925895229807425,-3.240455945245145
4679.103,-0.3967839726658517,-3.231366517569894
4679.123,-0.40097901377677736,-3.222277306646986
4679.143,-0.4051746095444203,-3.2131883283986946
4679.163,-0.4093570959613264,-3.204105412080923
4679.183,-0.41353968425013526,-3.1950225441197047
4679.203,-0.4177222865072316,-3.1859396831993583
4679.223,-0.42190490063843117,-3.1768568292361654
4679.243,-0.4260875276723647,-3.1677739818022497
4679.263,-0.43027016752208697,-3.1586911414378793
4679.283,-0.43445282007996044,-3.1496083074480965
4679.303,-0.4386322448683367,-3.1405262051142246
4679.323,-0.44282005828905485,-3.1314468025823605
4679.343,-0.4470003842523658,-3.1223653418604087
4679.363,-0.45118850223823126,-3.1132857124162827
4679.383,-0.4553616343542092,-3.104205069836913
4679.403,-0.4595566347612619,-3.0951180562210254
4679.423,-0.4637524652167353,-3.086031019562262
4679.443,-0.4679490724644544,-3.0769440465110627
4679.463,-0.4721463799592657,-3.0678571758326094
4679.483,-0.47634432503858404,-3.058770433734286
4679.503,-0.4805428602157157,-3.049683838951647
4679.523,-0.4847419492718047,-3.0405974064432413
4679.543,-0.4889415661783261,-3.031511147865562
4679.563,-0.4931416895683127,-3.022425070490229
4679.583,-0.4973423041541495,-3.0133391804090057
4679.603,-0.501543398567695,-3.0042534816088584
4679.623,-0.5057312978850861,-2.9951730623352
4679.643,-0.509919162743137,-2.9860926362028897
4679.663,-0.5141070177747699,-2.9770122019300156
4679.683,-0.5182948861285511,-2.9679317725951675
4679.703,-0.5224827679176991,-2.958851348829566
4679.723,-0.5266706630441823,-2.9497709299328916
4679.743,-0.5308585712956211,-2.9406905164081456
4679.763,-0.5350464928669486,-2.9316101076394867
4679.783,-0.5392344274034485,-2.9225297041174936
4679.803,-0.5434223748265015,-2.9134493057957096
4679.823,-0.5476103363525539,-2.904368912315697
4679.843,-0.5517983107558793,-2.895288524004661
4679.863,-0.5559862978145765,-2.886208140812343
4679.883,-0.5601742986145776,-2.877127762993539
4679.903,-0.564362312046786,-2.8680473897073484
4679.923,-0.5685503392119279,-2.8589670218413596
4679.943,-0.572738378724834,-2.8498866591213536
4679.963,-0.5769264316711477,-2.8408063018374983
4679.983,-0.581114497974137,-2.831725950024849
4680.003,-0.5853025766691766,-2.822645602917057
4680.023,-0.589490668567104,-2.8135652613721858
4680.043,-0.5936787735911615,-2.804484925445442
4680.063,-0.5978668916659492,-2.7954045951950217
4680.083,-0.6020550227161285,-2.7863242706845943
4680.103,-0.6062431656355766,-2.7772439511365694
4680.123,-0.610431321529329,-2.7681636374948972
4680.143,-0.6146268925167734,-2.759077585299633
4680.163,-0.6188285328893305,-2.749991453316478
4680.183,-0.6230305661697112,-2.74090542390369
4680.203,-0.6272331145153739,-2.7318195938058634
4680.223,-0.6314361781672408,-2.72273398338875
4680.243,-0.6356397492410472,-2.713648598987003
4680.263,-0.6398438214057114,-2.7045634438096275
4680.283,-0.6440483929588551,-2.6954785203868057
4680.303,-0.6482534624099673,-2.686393829833817
4680.323,-0.6524590302103397,-2.677309373958299
4680.343,-0.6566650961024042,-2.6682251551511356
4680.363,-0.6608716610586611,-2.6591411757721644
4680.383,-0.665078725656124,-2.6500574375576167
4680.403,-0.6692862889609068,-2.6409739443835596
4680.423,-0.6734806891261028,-2.631896523280575
4680.443,-0.6776751584847652,-2.622819135731981
4680.463,-0.6818696403310649,-2.6137417548273163
4680.483,-0.6860641350623261,-2.6046643811095254
4680.503,-0.690258642839607,-2.595587013958253
4680.523,-0.6944531622547138,-2.586509653001919
4680.543,-0.6986476943934034,-2.5774322990368486
4680.563,-0.7028583939153935,-2.5683500631371325
4680.583,-0.707043032622739,-2.559270091755931
4680.603,-0.7112476789935114,-2.5501896349016
4680.623,-0.7154699380105629,-2.541095476497368
4680.643,-0.7196604167394555,-2.5320166441185865
4680.663,-0.7238494765647933,-2.522937457626097
4680.683,-0.7280392146215408,-2.5138584086461124
4680.703,-0.7322294562685283,-2.504779464572036
4680.723,-0.736420065934965,-2.495700594950867
4680.743,-0.7406109409473829,-2.486621776816247
4680.763,-0.7448020042796366,-2.477542991887486
4680.783,-0.7489931981212897,-2.468464226803015
4680.803,-0.7531844801642248,-2.459385471795515
4680.823,-0.7573758164430248,-2.4503067196480384
4680.843,-0.7615671825410177,-2.4412279641149537
4680.863,-0.7657346217680715,-2.433609576331282
4680.883,-0.7694353672510872,-2.427489541851682
4680.903,-0.7724078466103579,-2.422894147305413
4680.923,-0.7745459801802338,-2.420023839825364
4680.943,-0.7759067392623784,-2.4174536794167736
4680.963,-0.7763231818993074,-2.415413600404539
4680.983,-0.7758117783145932,-2.4137172652315537
4681.003,-0.7743542704677688,-2.412345056010923
4681.023,-0.7720560030171554,-2.4112635373326086
1758191592.3993263,-0.9680751526735403,-3.6054995958035185
4681.043,-0.9670101045712128,-3.607976125556606
4681.063,-0.9659890888671406,-3.610473555646385
4681.083,-0.9650130705118873,-3.612988746559432
4681.103,-0.9640823989388558,-3.615520929992217
4681.123,-0.9631973962416771,-3.6180693364329835
4681.143,-0.9623583617231677,-3.6206331729297876
4681.163,-0.9615655753715728,-3.6232116302325914
4681.183,-0.960819298177842,-3.625803886412705
4681.203,-0.9601197745184574,-3.6284091107895655
4681.223,-0.9594672319650255,-3.6310264656236604
4681.243,-0.9588618826708384,-3.6336551075375416
4681.263,-0.9583039218162401,-3.636294187986398
4681.283,-0.9577935301646517,-3.638942854778023
4681.303,-0.9573308717711552,-3.6416002522144337
4681.323,-0.9569160964983859,-3.6442655216579287
4681.343,-0.9565493378966183,-3.6469378017179364
4681.363,-0.956230714511972,-3.649616228694701
4681.383,-0.9559603284002014,-3.6522999371670655
4681.403,-0.9557382675168153,-3.6549880597108078
4681.423,-0.9555646038903922,-3.6576797278270945
4681.443,-0.9554393931655071,-3.660374071561567
4681.463,-0.9553626763695445,-3.6630702204694137
4681.483,-0.955334478906557,-3.6657673034722005
4681.503,-0.9553548105107796,-3.668464449084643
4681.523,-0.9554236656447459,-3.6711607858926834
4681.543,-0.9555410224633573,-3.673855442607526
4681.563,-0.9557068442694725,-3.676547548681064
4681.583,-0.9559210788163807,-3.6792362340088007
4681.603,-0.9561836577489139,-3.6819206297702314
4681.623,-0.9564944977344746,-3.684599868335755
4681.643,-0.9568534994611293,-3.6872730836935705
4681.663,-0.9572605486833543,-3.6899394116231465
4681.683,-0.9577155151293545,-3.692597990108148
4681.703,-0.9582182535588425,-3.6952479594493997
4681.723,-0.958768603641338,-3.697888462338056
4681.743,-0.9593663886159982,-3.7005186446450606
4681.763,-0.9600114173005398,-3.703137655357174
4681.783,-0.9607034826448113,-3.7057446469624558
4681.803,-0.9614423628214404,-3.708338775741774
4681.823,-0.9622278201782741,-3.7109192017509374
4681.843,-0.9630596021830522,-3.7134850895147813
4681.863,-0.9639374422308734,-3.7160356080196166
4681.883,-0.9648610577093479,-3.718569931069173
4681.903,-0.9658301508254077,-3.7210872377352926
4681.923,-0.9668444097943479,-3.7235867125436632
4681.943,-0.9679035080120756,-3.726067545323924
4681.963,-0.969007103785316,-3.728528932206928
4681.983,-0.970154841886222,-3.7309700750661547
4682.003,-0.9713463511147091,-3.733390183263822
4682.023,-0.9725812475721937,-3.7357884717249
4682.043,-0.9738591321510187,-3.738164163262785
4682.063,-0.9751795928130269,-3.7405164874517665
4682.083,-0.9765422024523355,-3.7428446818532417
4682.103,-0.9748862619686344,-3.7470136177855076
4682.123,-0.9708947961018185,-3.752268447503103
4682.143,-0.9653041381566858,-3.7576519052819144
4682.163,-0.9580930676331306,-3.763172068350575
4682.183,-0.9498096588119044,-3.7687749383196847
4682.203,-0.9415272316857409,-3.774380026390301
4682.223,-0.9329930498899605,-3.7805235726038284
4682.243,-0.9247608818125832,-3.786133965944492
4682.263,-0.9164828220106686,-3.7917736500432038
4682.283,-0.9082060256873422,-3.7973848378093114
4682.303,-0.8999291379165659,-3.8029960264425506
4682.323,-0.8916522560316849,-3.8086072237622983
4682.343,-0.8833753822482244,-3.814218431571147
4682.363,-0.8750985153221448,-3.81982964799105
4682.383,-0.8668216564749467,-3.8254408750535585
4682.403,-0.8585448043493503,-3.831052110608926
4682.423,-0.8502679607235492,-3.836663356522042
4682.443,-0.8419963570405932,-3.8422813415212804
4682.463,-0.8337194131110574,-3.8478924057400903
4682.483,-0.8254386058063341,-3.8535195546302354
4682.503,-0.8171611976153067,-3.8591309487504306
4682.523,-0.8088903344144053,-3.864747592542837
4682.543,-0.8006137620323196,-3.8703592521514385
4682.563,-0.792348832827486,-3.8759856570164666
4682.583,-0.7840673738492308,-3.881597455921514
4682.603,-0.7757909051258938,-3.8872074608359077
4682.623,-0.767508768679391,-3.8928132413338434
4682.643,-0.759226826794004,-3.898412747266941
4682.663,-0.7509502171530834,-3.9040243327762463
4682.683,-0.7426736521360741,-3.9096359847431073
4682.703,-0.7343970944502571,-3.9152476478971336
4682.723,-0.72612054415476,-3.9208593214530323
4682.743,-0.717844000504547,-3.9264710054843612
4682.763,-0.7095674633368617,-3.932082699895145
4682.783,-0.7012909324973915,-3.937694404596175
4682.803,-0.6930144078436403,-3.943306119502274
4682.823,-0.6847378892422935,-3.948917844533678
4682.843,-0.6764613778586304,-3.954529581707453
4682.863,-0.6681848728637966,-3.9601413286773557
4682.883,-0.6599083735912187,-3.965753085551728
4682.903,-0.6516318812388326,-3.9713648543567075
4682.923,-0.643355394445386,-3.9769766329310285
4682.943,-0.635078913145779,-3.982588421209764
4682.963,-0.6268024390526169,-3.9882002207582867
4682.983,-0.6185259703586617,-3.9938120298827187
4683.003,-0.6102495083201022,-3.99942385061286
4683.023,-0.6019730516299505,-4.005035680791482
4683.043,-0.5936966015652668,-4.010647522448191
4683.063,-0.5854201586038412,-4.016259375055582
4683.083,-0.5771437209906985,-4.021871236918008
4683.103,-0.5688672900289297,-4.027483110064678
4683.123,-0.5605908657448737,-4.033094994429165
4683.143,-0.5523144474527028,-4.038706887672018
4683.163,-0.5440380358204273,-4.0443187917149555
4683.183,-0.5357616309817624,-4.049930706775162
4683.203,-0.5274852317003579,-4.055542630690517
4683.223,-0.519208839884486,-4.061154565307236
4683.243,-0.5109324549315767,-4.066766510453012
4683.263,-0.5026560769904376,-4.0723784663436
4683.283,-0.49437970483355054,-4.077990430817991
4683.303,-0.48610333980757026,-4.083602405902778
4683.323,-0.4778269824493866,-4.0892143910688175
4683.343,-0.4695506323385918,-4.094826386714414
4683.363,-0.461274289529525,-4.100438392776673
4683.383,-0.45299795278857374,-4.106050407099445
4683.403,-0.44472162392780157,-4.111662431253881
4683.423,-0.43644551120293773,-4.117274528503237
4683.443,-0.4281692020105425,-4.122886577295062
4683.463,-0.4198928983379337,-4.128498635974863
4683.483,-0.41161660279980583,-4.134110704460248
4683.503,-0.40334031366547857,-4.139722781067411
4683.523,-0.39506403222575887,-4.14533486783963
4683.543,-0.3867877584792559,-4.150946964729357
4683.563,-0.3785114928942952,-4.156559071230668
4683.583,-0.370235200685562,-4.1621711316702985
4683.603,-0.3619589528768562,-4.167783261701149
4683.623,-0.3536827131821794,-4.173395402352172
4683.643,-0.345406480041959,-4.179007551234223
4683.663,-0.3371301915363932,-4.184619806544413
4683.683,-0.328854883324153,-4.190229785552445
4683.703,-0.3205648015092271,-4.195862423530964
4683.723,-0.3122864258479717,-4.2014714056775695
4683.743,-0.3055101020197976,-4.206883625138621
4683.763,-0.29994957195608113,-4.211433825860748
4683.783,-0.2959720222580788,-4.214979143500453
4683.803,-0.29331414900310343,-4.217463664448978
4683.823,-0.29162843520148973,-4.219864531826622
4683.843,-0.2908977011993602,-4.222229802588193
4683.863,-0.291126188038561,-4.224533424987396
4683.883,-0.29233449338050205,-4.226751882967503
4683.903,-0.29395939584884206,-4.2289100324396784
4683.923,-0.29562285439725083,-4.231038556976845
4683.943,-0.297324347346085,-4.2331368034000745
4683.963,-0.2990633188100529,-4.235204085981574
4683.983,-0.3008392016354387,-4.237239729415567
4684.003,-0.30265141749862706,-4.239243070175157
4684.023,-0.30449937631289836,-4.241213456540356
4684.043,-0.3063824774693383,-4.243150247022011
4684.063,-0.3083001086254313,-4.245052812832973
4684.083,-0.31025164658443977,-4.24692053586886
4684.103,-0.3122364575915119,-4.248752809975136
4684.123,-0.31425389723945835,-4.250549040730446
4684.143,-0.3163033104394019,-4.252308645414078
4684.163,-0.31838468570563744,-4.254030243455994
4684.183,-0.32049657665046416,-4.255714369120465
4684.203,-0.32263840987660836,-4.2573602322066515
4684.223,-0.3248095133661976,-4.258967273031699
4684.243,-0.32700918552264957,-4.260534969888528
4684.263,-0.3292367141943333,-4.262062814612287
4684.283,-0.3314913781900819,-4.26355031191245
4684.303,-0.3337724473301423,-4.264996979467616
4684.323,-0.3360791834505753,-4.266402347745712
4684.343,-0.3384108393341131,-4.26776596172944
4684.363,-0.34076666069705003,-4.269087378201293
4684.383,-0.3431458844644072,-4.270366169399043
4684.403,-0.3455477406156965,-4.271601920254092
4684.423,-0.34797145156838727,-4.272794230295406
4684.443,-0.3504162328527401,-4.2739427131545105
4684.463,-0.35288129333514606,-4.275046996065856
4684.483,-0.3553658351221912,-4.276106721285205
4684.503,-0.35786905402336017,-4.27712154543318
4684.523,-0.3603901398395567,-4.278091139769214
4684.543,-0.3629282770070896,-4.279015189563424
4684.563,-0.3654826440562739,-4.279893395522228
4684.583,-0.3680524144637298,-4.280725473238725
4684.603,-0.3706367564768238,-4.281511153120175
4684.623,-0.37323483393772255,-4.282250180727574
4684.643,-0.3758458061023846,-4.282942316618121
4684.663,-0.37846882836681967,-4.2835873360559695
4684.683,-0.38110305178172255,-4.28418503000186
4684.703,-0.38374762386189243,-4.284735205470703
4684.723,-0.38640168906423206,-4.285237683623176
4684.743,-0.3890643883305792,-4.285692302253134
4684.763,-0.39173486023550014,-4.2860989131849525
4684.783,-0.3944122404306769,-4.286457384600877
4684.803,-0.397095662259403,-4.28676760103186
4684.823,-0.3997842573698111,-4.28702946163075
4684.843,-0.4024771556126758,-4.2872428808739915
4684.863,-0.4051734851929404,-4.287407789799447
4684.883,-0.4078723732646561,-4.287524135323319
4684.903,-0.410572946042903,-4.287591878763508
4684.923,-0.41327432902363154,-4.28761099843635
4684.943,-0.41597564751114496,-4.287581487880896
4684.963,-0.41867602652700425,-4.287503356091664
4684.983,-0.42137459133664823,-4.28737662859542
4685.003,-0.4240704678377562,-4.28720134597262
4685.023,-0.42676278228120706,-4.2869775645640615
4685.043,-0.4294506623540502,-4.286705357004735
4685.063,-0.43213323673591153,-4.286384811000427
4685.083,-0.43480963583845017,-4.286016030756751
4685.103,-0.4380253455361058,-4.2891526355355
4685.123,-0.44134547604659313,-4.294858465669399
4685.143,-0.44417092231873695,-4.302090503587605
4685.163,-0.446501099938985,-4.310871322766686
4685.183,-0.4484976877784756,-4.320670300895756
4685.203,-0.45049653565856285,-4.330468815001867
4685.223,-0.4526593485022756,-4.340720777771794
4685.243,-0.4546663649260676,-4.3505181457207165
4685.263,-0.4566586162398007,-4.360302624290864
4685.283,-0.4586724301386116,-4.370117270634952
4685.303,-0.4606685095907073,-4.379918952962154
4685.323,-0.4626650071564269,-4.389720826574342
4685.343,-0.46466133432473095,-4.399522812175391
4685.363,-0.46665742878467226,-4.409324878893724
4685.383,-0.4686532904539413,-4.419127004158098
4685.403,-0.47064892408409753,-4.428929172743473
4685.423,-0.4726443332353177,-4.4387313735055525
4685.443,-0.47463952010005156,-4.448533595992539
4685.463,-0.4766344829606942,-4.458335833783356
4685.483,-0.478629222677602,-4.468138076348905
4685.503,-0.4806237358869541,-4.477940314294088
4685.523,-0.48262231360664565,-4.48773800217485
4685.543,-0.48462068214044113,-4.497535832084035
4685.563,-0.4866190514220672,-4.507333662572211
4685.583,-0.48861742362186084,-4.517131491636347
4685.603,-0.4904635157664319,-4.525493128841967
4685.623,-0.4921186971137656,-4.5319035606999005
4685.643,-0.4933109190743519,-4.536150815910875
4685.663,-0.4946656171230723,-4.5392486237094545
4685.683,-0.4964004434283979,-4.541299845032347
4685.703,-0.498478164624595,-4.542379096538524
4685.723,-0.5008814570033172,-4.542475925959575
4685.743,-0.5025333083882425,-4.543981113560882
4685.763,-0.5041084407262,-4.546020259946182
4685.783,-0.5058575908488684,-4.547943053539342
4685.803,-0.5076640770032023,-4.548872885466574
4685.823,-0.5094568559662556,-4.5503346762360355
4685.843,-0.5111716229257306,-4.552257609407318
4685.863,-0.5128203720881568,-4.554346989549506
4685.883,-0.5145916947794631,-4.556249044272185
4685.903,-0.5162375652262664,-4.558473619817214
4685.923,-0.5180724918996052,-4.560174249552498
4685.943,-0.5200370226568469,-4.561747998602898
4685.963,-0.521978531931629,-4.563365262273408
4685.983,-0.5237617283964767,-4.565200928829604
4686.003,-0.5255802787058641,-4.566973036043485
4686.023,-0.5274152920363581,-4.568754544451656
4686.043,-0.5293429448180555,-4.570534406942721
4686.063,-0.5311192178801802,-4.572212711593027
4686.083,-0.5329348803948172,-4.574031052278546
4686.103,-0.5348150033346469,-4.575704332342122
4686.123,-0.5368648425781887,-4.577184698670057
4686.143,-0.5388063890613607,-4.578638537101169
4686.163,-0.540701156738786,-4.580222131162134
4686.183,-0.5427984864656414,-4.581778119487526
4686.203,-0.544725913346539,-4.583147730444982
4686.223,-0.5466971785235161,-4.584738929375131
4686.243,-0.5487324983053822,-4.58612935302915
4686.263,-0.5506873899054985,-4.587542239954994
4686.283,-0.5526614978795604,-4.589108008869405
4686.303,-0.5547597990420099,-4.5903071602301155
4686.323,-0.5568207558702997,-4.591768962036871
4686.343,-0.5588958289239787,-4.593176505897373
4686.363,-0.5609895852051863,-4.594380546300463
4686.383,-0.5631835141612367,-4.595732003638513
4686.403,-0.5654305481968049,-4.596915115258821
4686.423,-0.5677231249460621,-4.597856407321905
4686.443,-0.5688421815942898,-4.5987908594994344
4686.463,-0.5689837989756341,-4.6003668901597
4686.483,-0.5682699534442809,-4.601789490656292
4686.503,-0.5666043632218913,-4.603368445031862
4686.523,-0.5645242308458981,-4.6050972090486155
4686.543,-0.5622970214839015,-4.606714143174289
4686.563,-0.5598804027349304,-4.608236997263263
4686.583,-0.5574658585845378,-4.610064936504247
4686.603,-0.5551572277261052,-4.611530636994779
4686.623,-0.5527264313950782,-4.612714365060801
4686.643,-0.550572166703531,-4.612322939338088
4686.663,-0.5483075655802534,-4.611019366202445
4686.683,-0.5460931839714137,-4.609628091916753
4686.703,-0.5438691626536958,-4.60826720575582
4686.723,-0.541585232928796,-4.606923273020983
4686.743,-0.5393366616499157,-4.605697261865755
4686.763,-0.5371042824560938,-4.604377389055817
4686.783,-0.5349374211453086,-4.602928695137189
4686.803,-0.532746135737268,-4.601478833464461
4686.823,-0.530529522676821,-4.599966927779784
4686.843,-0.5284900505475981,-4.598448708423343
4686.863,-0.5263838346522592,-4.596885249963018
4686.883,-0.5242244789457008,-4.595309101745848
4686.903,-0.5221871716736338,-4.593673198151495
4686.923,-0.52007535487103,-4.592059917880562
4686.943,-0.5179370412296502,-4.590443617856938
4686.963,-0.5158626646503528,-4.588759837377355
4686.983,-0.5137803924390502,-4.587082554425638
4687.003,-0.5117197360319455,-4.5853841795896795
4687.023,-0.511263952233856,-4.585205034238219
4687.043,-0.511933813249621,-4.5875762113627765
4687.063,-0.5134841946931242,-4.593399839275941
4687.083,-0.5159200958055749,-4.602673250697999
4687.103,-0.5184029019441503,-4.612352364135935
4687.123,-0.5208873070521434,-4.6220373883164605
4687.143,-0.5233733482862256,-4.631728778321556
4687.163,-0.5258601940700662,-4.641423294964143
4687.183,-0.5283460687760652,-4.6511140208977295
4687.203,-0.5310763422705745,-4.661289046771636
4687.223,-0.5339591767610445,-4.671814093708447
4687.243,-0.5364652342921885,-4.682161388560455
4687.263,-0.5388397672357669,-4.691829512115246
4687.283,-0.5413639505067614,-4.7014885147969885
4687.303,-0.5438461219203627,-4.711175788661494
1758191600.2344203,-0.8562461531335488,-3.911938823017973
4687.323,-0.8462625849877813,-3.9116611144103444
4687.343,-0.8362675528628244,-3.9113606751467382
4687.363,-0.826272526036236,-3.91106026037458
4687.383,-0.8162774985986688,-3.9107598519723523
4687.403,-0.8062824707757232,-3.910459449161735
4687.423,-0.7962874424899314,-3.9101590518062252
4687.443,-0.7862924131408147,-3.909858662388508
4687.463,-0.7762973831867666,-3.9095582781696687
4687.483,-0.7663023525640655,-3.9092578990280664
4687.503,-0.7563073208506945,-3.908957525316216
4687.523,-0.746312288362851,-3.9086571564504933
4687.543,-0.7363172545335959,-3.9083567949342193
4687.563,-0.7263222198541991,-3.9080564380481793
4687.583,-0.7163271843001299,-3.9077560856898073
4687.603,-0.7063321473277341,-3.9074557403729737
4687.623,-0.6963371094560696,-3.907155399388774
4687.643,-0.6863420706853848,-3.906855062644516
4687.663,-0.6763470305007923,-3.906554732663747
4687.683,-0.6663519894465397,-3.906254406746849
4687.703,-0.6579207525806965,-3.9062190140721196
4687.723,-0.6512289595165254,-3.9064868807922246
4687.743,-0.646572930472054,-3.906664878110264
4687.763,-0.6432355619334754,-3.9072658115876533
4687.783,-0.6407995666034285,-3.908454909748666
4687.803,-0.639221988930398,-3.910196947959535
4687.823,-0.6385783865776589,-3.9125164701070902
4687.843,-0.6385975453858449,-3.9152172689894615
4687.863,-0.6386658090372686,-3.917916056142411
4687.883,-0.6387826386885935,-3.920613180357289
4687.903,-0.6389479905514093,-3.9233077797332068
4687.923,-0.6391618129606854,-3.9259989813376004
4687.943,-0.6394240364702655,-3.9286859128991933
4687.963,-0.6397345779444817,-3.931367703269946
4687.983,-0.6400933371331508,-3.934043483056847
4688.003,-0.6405001987629011,-3.9367123846184735
4688.023,-0.6409550316290724,-3.939373542433642
4688.043,-0.6414576889272827,-3.9420260934047935
4688.063,-0.6420080081692151,-3.94466917719449
4688.083,-0.6426058117212526,-3.9473019363433206
4688.103,-0.643250906370572,-3.9499235168437785
4688.123,-0.6439430833266876,-3.952533068175764
4688.143,-0.644682118577696,-3.955129743690572
4688.163,-0.6454677729486946,-3.957712700935361
4688.183,-0.6462997917777555,-3.9602811019917477
4688.203,-0.6471779054854069,-3.96283411365748
4688.223,-0.6481018295485013,-3.965370907763415
4688.243,-0.6490712648120421,-3.9678906614600744
4688.263,-0.6500858966860639,-3.9703925573361434
4688.283,-0.6511453962718792,-3.972875784096352
4688.303,-0.6489768447436889,-3.9768021000037868
4688.323,-0.644354448737409,-3.9815100989819663
4688.343,-0.6381294228498988,-3.9861434690622533
4688.363,-0.6302798608560352,-3.990707706142239
4688.383,-0.6213546298275007,-3.9952184553068366
4688.403,-0.612430306064664,-3.9997314062978786
4688.423,-0.6031592390435365,-4.004885882465729
4688.443,-0.5942379348960539,-4.009490248666696
4688.463,-0.5853192499304898,-4.014012203439129
4688.483,-0.5764014430136779,-4.018536096175675
4688.503,-0.5674836965203742,-4.023060110591972
4688.523,-0.5585659566629897,-4.027584139065285
4688.543,-0.54964822309547,-4.0321081791685325
4688.563,-0.5407304955812227,-4.036632232069107
4688.583,-0.5318127750178062,-4.041156298555316
4688.603,-0.5228950609529981,-4.045680377373452
4688.623,-0.5139773527734454,-4.050204468600513
4688.643,-0.5050596509934574,-4.054728571928898
4688.663,-0.49614195557135177,-4.059252687257745
4688.683,-0.48722194242737454,-4.063768449186886
4688.703,-0.47830361548716194,-4.068291289813944
4688.723,-0.46938080717058944,-4.0728286911314
4688.743,-0.46045776084501694,-4.077366665577754
4688.763,-0.4515347488062319,-4.081905494039193
4688.783,-0.44261186166815186,-4.086445067288554
4688.803,-0.43368915327250623,-4.090985327612592
4688.823,-0.4247666520331857,-4.095526226962468
4688.843,-0.41584437438037397,-4.100067731479147
4688.863,-0.40692232949951485,-4.1046098144943
4688.883,-0.3980005243501184,-4.109152458423496
4688.903,-0.38907896287254273,-4.113695647647126
4688.923,-0.3801576488074857,-4.118239371498987
4688.943,-0.37123658500034223,-4.1227836203106225
4688.963,-0.362315774702272,-4.127328384537328
4688.983,-0.35339522192779904,-4.131873658207736
4689.003,-0.344474933349748,-4.1364194365266505
4689.023,-0.3355549228731083,-4.140965714695934
4689.043,-0.32664131781240513,-4.145499138713377
4689.063,-0.31772757718562245,-4.150031040741051
4689.083,-0.30881385153528346,-4.1545629707166
4689.103,-0.29990013304829455,-4.159094914285469
4689.123,-0.2909864216412795,-4.163626871310369
4689.143,-0.2820727167453679,-4.168158841986208
4689.163,-0.27315901891878036,-4.172690826113565
4689.183,-0.2642453275446019,-4.177222823750895
4689.203,-0.2553316432301799,-4.181754834840325
4689.223,-0.24641796597059618,-4.1862868593808065
4689.243,-0.2375042951966743,-4.190818897568391
4689.263,-0.22859063146367223,-4.195350949198998
4689.283,-0.2196769741995142,-4.199883014462683
4689.303,-0.21076332395599529,-4.204415093147979
4689.323,-0.20184968071917078,-4.208947185238022
4689.343,-0.19293604391240485,-4.213479290908401
4689.363,-0.18402241402957026,-4.2180114097928785
4689.383,-0.17510879149748512,-4.222543543122114
4689.403,-0.16619517533375688,-4.2270756899312145
4689.423,-0.15726963692261756,-4.231629329161856
4689.443,-0.14836367810489862,-4.236169349227808
4689.463,-0.13945369769059415,-4.240699988015818
4689.483,-0.13054613827671935,-4.245232943021555
4689.503,-0.12164195793325933,-4.249779590724132
4689.523,-0.11271662779912232,-4.2543249295111085
4689.543,-0.1037998355868131,-4.258850964610016
4689.563,-0.09487527371659822,-4.263406000884988
4689.583,-0.085970098082036,-4.267947509666815
4689.603,-0.07706078868183588,-4.272479551814497
4689.623,-0.06815386025326997,-4.277013877804564
4689.643,-0.05924978094580277,-4.281561051736021
4689.663,-0.05032510123674436,-4.286107939664089
4689.683,-0.04141292136986928,-4.290644029045482
4689.703,-0.032500860945369775,-4.295179236847001
4689.723,-0.023588810887490493,-4.29971446349814
4689.743,-0.014676767675842957,-4.304249703232256
4689.763,-0.005764730641854544,-4.3087849560384
4689.783,0.0031472997211602124,-4.313320221566911
4689.803,0.012059323526002608,-4.317855499532917
4689.823,0.02097134134585584,-4.322390790139575
4689.843,0.029883352674156143,-4.326926093059271
4689.863,0.038795358125629655,-4.3314614083712035
4689.883,0.04770735678773887,-4.335996736889017
4689.903,0.05661934910201837,-4.340532077387599
4689.923,0.06552846964824341,-4.3450604777737025
4689.943,0.07444176567842622,-4.349595695436052
4689.963,0.08335632879249569,-4.35412365891134
4689.983,0.09226989941351678,-4.3586569587694015
4690.003,0.10118381396292936,-4.363195785513681
4690.023,0.11009661037010163,-4.367734494179113
4690.043,0.11900928203400994,-4.372273657009899
4690.063,0.1279207923016551,-4.376810407679889
4690.083,0.1368323809706926,-4.381346950568877
4690.103,0.14574403769654465,-4.385883398580962
4690.123,0.15465572023742427,-4.390419777272079
4690.143,0.16356741783137066,-4.394956139241913
4690.163,0.1724791113447685,-4.399492501891885
4690.183,0.18139079286893545,-4.4040288927752655
4690.203,0.19030245194136033,-4.408565324124335
4690.223,0.19921408186986836,-4.413101812530002
4690.243,0.20812567543948737,-4.4176383687571
4690.263,0.21703722751697896,-4.422175002827985
4690.283,0.2259487327648015,-4.426711724520023
4690.303,0.23486018459779018,-4.431248542885341
4690.323,0.24377157538306582,-4.435785468622735
4690.343,0.25268289881305794,-4.440322508884253
4690.363,0.2615941419975831,-4.444859679155994
4690.383,0.27050528657982204,-4.449396994769894
4690.403,0.2794163014018859,-4.453934478353233
4690.423,0.288327118508673,-4.45847216403944
4690.443,0.29723870460887625,-4.46300809049507
4690.463,0.3061500883512871,-4.467544622672793
4690.483,0.3150614632499024,-4.47208117251806
4690.503,0.32397283141057986,-4.4766177365503275
4690.523,0.3328841927047578,-4.481154313379453
4690.543,0.34179554731706496,-4.485690904292899
4690.563,0.35070689470913224,-4.490227509054933
4690.583,0.3596182354661263,-4.494764127823576
4690.603,0.3685295690528738,-4.499300760355823
4690.623,0.37744089645606027,-4.503837405677762
4690.643,0.3863522167464358,-4.5083740646609884
4690.663,0.3952635299549721,-4.512910737246603
4690.683,0.40417483672796445,-4.517447423429896
4690.703,0.4130861364894426,-4.521984123083299
4690.723,0.42199742927710227,-4.526520836132532
4690.743,0.4309111021314737,-4.531052620143897
4690.763,0.43981924205846246,-4.535586887892566
4690.783,0.44872499254734116,-4.540123389851768
4690.803,0.45762741577437943,-4.544673516827858
4690.823,0.46655095260921936,-4.549222421516957
4690.843,0.4754659681688576,-4.553751980617203
4690.863,0.4843887547508089,-4.5583106611356445
4690.883,0.4932920707152403,-4.562855827824773
4690.903,0.5021995956460406,-4.5673913714645895
4690.923,0.5111047001646105,-4.571929252724397
4690.943,0.5200154304597062,-4.576467216844538
4690.963,0.5289258750353313,-4.581005597705977
4690.983,0.5378363105741664,-4.585543996000053
4691.003,0.5467467402479518,-4.590082406421333
4691.023,0.5556571631900877,-4.59462082970617
4691.043,0.5645675795167614,-4.599159265563618
4691.063,0.5734779898041162,-4.603697714190958
4691.083,0.5823883935491772,-4.608236175253342
4691.103,0.5912987908083202,-4.612774648624078
4691.123,0.600209181795358,-4.617313135506944
4691.143,0.6091195663948684,-4.6218516344701115
4691.163,0.6180299446485858,-4.626390145413037
4691.183,0.6269418237184363,-4.630927746553455
4691.203,0.6358494736248836,-4.635483523697558
4691.223,0.6447601128715942,-4.640024625323643
4691.243,0.6536712269549498,-4.644563463395302
4691.263,0.6625971791425579,-4.649125423063634
4691.283,0.6715088209334373,-4.653662277835306
4691.303,0.6804199570320499,-4.658199990894163
4691.323,0.6893307673224003,-4.662738267624277
4691.343,0.6982413524727197,-4.6672769358759965
4691.363,0.7071517786092487,-4.671815880077255
4691.383,0.7160620895697143,-4.676355027159965
4691.403,0.7249723136112464,-4.6808943281592015
4691.423,0.7338824674888214,-4.685433755070583
4691.443,0.7427925625571907,-4.6899732881340075
4691.463,0.7517026038138658,-4.694512917725809
4691.483,0.7606125948027592,-4.699052639246818
4691.503,0.7695225352103949,-4.703592452990272
4691.523,0.7784324238133791,-4.70813236000028
4691.543,0.7873422571573966,-4.712672365433196
4691.563,0.7962520328368072,-4.7172124731923875
4691.583,0.8051617434647315,-4.721752692227207
4691.603,0.8140713807545256,-4.726293032809465
4691.623,0.8229809320618767,-4.730833508192936
4691.643,0.8318903791467764,-4.735374134998703
4691.663,0.8407996893518314,-4.739914934621627
4691.683,0.8497087891736327,-4.744455941893806
4691.703,0.8586184890400493,-4.748995748806291
4691.723,0.8675281414250513,-4.753535681701996
4691.743,0.8764377862054962,-4.758075629532368
4691.763,0.8839526440094422,-4.762457698221747
4691.783,0.8902082456886398,-4.766161941650689
4691.803,0.8949277123206384,-4.769145538384676
4691.823,0.8984309498098109,-4.771352186954637
4691.843,0.9016694287855058,-4.7728372449453405
4691.863,0.9046521964503301,-4.7734604908496046
4691.883,0.9071279788680507,-4.7733968713742385
4691.903,0.9090118487823516,-4.772476906329328
4691.923,0.9106348236902344,-4.770712177577035
4691.943,0.9119691215822086,-4.768346618574189
4691.963,0.9134170639438295,-4.76580406891191
4691.983,0.9148416853047067,-4.7633492890411775
4692.003,0.9163068911563689,-4.760750007468122
4692.023,0.9175570637774624,-4.758271518776492
4692.043,0.9187850237206125,-4.755743331405103
4692.063,0.9201311813476571,-4.753054619105428
4692.083,0.9212215664949323,-4.750432876639269
4692.103,0.9221479404718549,-4.74785297111157
4692.123,0.9230865917714447,-4.7451639891744515
4692.143,0.9239567560430626,-4.742547474822639
4692.163,0.9246608739457962,-4.739849264912571
4692.183,0.9255517358648968,-4.737087943602444
4692.203,0.9261824865021238,-4.7344461164331815
4692.223,0.9270663629349795,-4.731586039778988
4692.243,0.9278772471930745,-4.72871756743093
4692.263,0.9286357037823993,-4.7258318442168745
4692.283,0.9293345187116328,-4.72293256814092
4692.303,0.9299762261774557,-4.720019945127466
4692.323,0.9305602785759061,-4.717095245126178
4692.343,0.9310864553548438,-4.71415961194619
4692.363,0.931554535187191,-4.711214196606167
4692.383,0.9319643548721551,-4.708260137663817
4692.403,0.9323143717191205,-4.705298924663394
1758191606.7464254,-0.5517160143046251,-4.272421976652301
4692.423,-0.5520372481599028,-4.269459976748292
4692.443,-0.5524143642804723,-4.266500689123265
4692.463,-0.5528517459503328,-4.263552980597811
4692.483,-0.5533482925947585,-4.260614814641299
4692.503,-0.5539017607860331,-4.257685813997652
4692.523,-0.5545124940413805,-4.254767635014251
4692.543,-0.55518026334876,-4.251861376759677
4692.563,-0.5559048141125417,-4.248968102623276
4692.583,-0.5566858818224232,-4.246088884771211
4692.603,-0.5575229042902979,-4.243224666400634
4692.623,-0.558410528541645,-4.240369174693915
4692.643,-0.5593565929007366,-4.23753607699725
4692.663,-0.5603583534685571,-4.234721844078302
4692.683,-0.5614159706964195,-4.231928396964644
4692.703,-0.5625288753505496,-4.229156643050371
4692.723,-0.5607311620645286,-4.224691992403207
4692.743,-0.5568226852023873,-4.219429856147584
4692.763,-0.5513159976408587,-4.214034274864382
4692.783,-0.5441906917486963,-4.208496195078083
4692.803,-0.5359257724450678,-4.202866917086855
4692.823,-0.5275257607659845,-4.197068629093326
4692.843,-0.5188768999102371,-4.190968051441425
4692.863,-0.5106169193671837,-4.185332309459344
4692.883,-0.5023392632490811,-4.179644329615694
4692.903,-0.49407916913433025,-4.174007888503919
4692.923,-0.4858100641838361,-4.168349891168128
4692.943,-0.47755149155134236,-4.162711864766126
4692.963,-0.4692929442419442,-4.157073814529604
4692.983,-0.46103440114654143,-4.151435757559583
4693.003,-0.4527758614112551,-4.14579769405826
4693.023,-0.44451732498749064,-4.140159624095349
4693.043,-0.43625879242997917,-4.134521547759228
4693.063,-0.4280002631043234,-4.128883465117928
4693.083,-0.4197417375736326,-4.123245376271112
4693.103,-0.41148321521203307,-4.117607281297239
4693.123,-0.4032246953491825,-4.111969182663788
4693.143,-0.3949661786099205,-4.10633107809909
4693.163,-0.3867076649787017,-4.100692967706662
4693.183,-0.3784491550385839,-4.095054851604072
4693.203,-0.3701906481860935,-4.089416729886254
4693.223,-0.3619321450135165,-4.083778602674288
4693.243,-0.35367364492405257,-4.078140470063529
4693.263,-0.34541514974732085,-4.072502330412424
4693.283,-0.3371566576640289,-4.066864185576846
4693.303,-0.3288981692808287,-4.061226035674145
4693.323,-0.32063968401395954,-4.055587880792494
4693.343,-0.3123812024755204,-4.04994972104249
4693.363,-0.30412272408658997,-4.0443115565040495
4693.383,-0.2958642488675636,-4.038673387265479
4693.403,-0.287605777434806,-4.03303521342078
4693.423,-0.2793473110410562,-4.027397033283425
4693.443,-0.2710888478834564,-4.021758848671208
4693.463,-0.26283038798657576,-4.01612065964552
4693.483,-0.2545719319694994,-4.010482466271364
4693.503,-0.24631348108624065,-4.004844266831378
4693.523,-0.23942231598162608,-3.9997921612971257
4693.543,-0.2344454530982684,-3.9955171860739807
4693.563,-0.230867058476171,-3.9924926809020054
4693.583,-0.2285113960508352,-3.9900296169280756
4693.603,-0.22692691172167226,-3.9874420464785194
4693.623,-0.2261864380794373,-3.9848025640136986
4693.643,-0.22630527290160132,-3.982161996985316
4693.663,-0.22724292797084095,-3.9794965372620217
4693.683,-0.2286436132133653,-3.9768432002770413
4693.703,-0.2303086031191938,-3.974434268367072
4693.723,-0.23179231462686528,-3.9718321372288643
4693.743,-0.23337914359564882,-3.9692369302883828
4693.763,-0.23511728278956104,-3.966950463144942
4693.783,-0.23679254084513354,-3.964563722982856
4693.803,-0.23851608825743562,-3.9620853464518375
4693.823,-0.24027001528147857,-3.9598157577163606
4693.843,-0.24216665243155872,-3.9577028316512353
4693.863,-0.2440926880561182,-3.9555771564122026
4693.883,-0.2461260375042172,-3.9536213002897482
4693.903,-0.2481212588172409,-3.9514192202413074
4693.923,-0.25016497486068795,-3.9494148680414924
4693.943,-0.2521937717969144,-3.9472130438433406
4693.963,-0.25427002319171943,-3.945036958249827
4693.983,-0.2563910594445649,-3.9429008593674477
4694.003,-0.2585537511533552,-3.940807385080166
4694.023,-0.26075808334770684,-3.938756766007982
4694.043,-0.26300312699414874,-3.9367497077448395
4694.063,-0.26528822739163244,-3.9347871245485404
4694.083,-0.2676128840143787,-3.932869610575205
4694.103,-0.2699733865253294,-3.9310018647765985
4694.123,-0.2723754031401448,-3.9291869829727397
4694.143,-0.2748454179632286,-3.927467729249043
4694.163,-0.2757604514774637,-3.9227136230346136
4694.183,-0.27533888223387826,-3.916173618317568
4694.203,-0.2736479551518493,-3.908653367624942
4694.223,-0.2706756082576442,-3.9001342100769283
4694.243,-0.2667944610565791,-3.890918075073744
4694.263,-0.26281877627078576,-3.8813687654679803
4694.283,-0.25892966218709146,-3.872058766852067
4694.303,-0.25504835505663004,-3.862843719340954
4694.323,-0.25117260834398014,-3.8536250699860237
4694.343,-0.24729702009678178,-3.8444069548696684
4694.363,-0.24342145785202685,-3.8351888341224853
4694.383,-0.23954591235013029,-3.8259707053469336
4694.403,-0.2356703815874321,-3.8167525700087377
4694.423,-0.23179486782667555,-3.8075344271730307
4694.443,-0.2279193711424017,-3.7983162768431784
4694.463,-0.2240438894203911,-3.7890981199639
4694.483,-0.22016842493351063,-3.779879955609804
4694.503,-0.21629297533754577,-3.7706617841843615
4694.523,-0.21241754314173247,-3.761443605316979
4694.543,-0.20854212842924716,-3.7522254190295423
4694.563,-0.20466672908893663,-3.743007226280956
4694.583,-0.20079134739403706,-3.73378902616237
4694.603,-0.19691598122910275,-3.724570819637318
4694.623,-0.1930406328615027,-3.7153526058010145
4694.643,-0.18916529993440498,-3.7061343850722155
4694.663,-0.18528998494030094,-3.6969161570970392
4694.683,-0.18141468574610076,-3.6876979228444267
4694.703,-0.17753940459865167,-3.678479681413223
4694.723,-0.17366413935274866,-3.6692614337741882
4694.743,-0.16979083611221435,-3.6600134320692526
4694.763,-0.16592149195115427,-3.6507781853250765
4694.783,-0.16205208760557083,-3.641542803854353
4694.803,-0.15818319062529215,-3.6323071598263934
4694.823,-0.15431487473705072,-3.623071249451924
4694.843,-0.1504471476282935,-3.6138350814487312
4694.863,-0.14658000981521968,-3.604598662222324
4694.883,-0.14271346162493515,-3.595361994311142
4694.903,-0.1388475045614574,-3.5861250793529336
4694.923,-0.1349821399469493,-3.576887917761348
4694.943,-0.13111736955950345,-3.567650509688704
4694.963,-0.1272531954272718,-3.558412856220949
4694.983,-0.12338961922699032,-3.549174956690977
4695.003,-0.11952664305318446,-3.539936812287862
4695.023,-0.11566426827292535,-3.5306984235395644
4695.043,-0.11180249731015271,-3.5214597916977977
4695.063,-0.10793609280715416,-3.512237827725912
4695.083,-0.10406974370757398,-3.5030158449301574
4695.103,-0.10020341271995026,-3.4937938551888124
4695.123,-0.09633709720570151,-3.484571859524821
4695.143,-0.09247079707694052,-3.4753498579131294
4695.163,-0.08860451444383052,-3.466127849393965
4695.183,-0.08473824679524725,-3.456905834320404
4695.203,-0.08087982591018521,-3.447665507700679
4695.223,-0.07702009301417005,-3.438442380747402
4695.243,-0.07315608708288172,-3.4292097947543017
4695.263,-0.0693023846857637,-3.41998604051122
4695.283,-0.06543516168806135,-3.4107670297738952
4695.303,-0.06157691199323736,-3.4015419723715286
4695.323,-0.05770928881372993,-3.3923247306569313
4695.343,-0.05384276674360517,-3.383105174006763
4695.363,-0.04998089239669434,-3.373890390251903
4695.383,-0.04612522560360181,-3.36464799925522
4695.403,-0.042251859368846886,-3.3554304181014083
4695.423,-0.038383135555539016,-3.346209521436847
4695.443,-0.03452429810776114,-3.336995259034974
4695.463,-0.03065211865603964,-3.3277769240064883
4695.483,-0.02678097035429569,-3.3185578273562224
4695.503,-0.02291655029133198,-3.309335019580629
4695.523,-0.019052155895726224,-3.30011221357084
4695.543,-0.015187778623111015,-3.290889400077923
4695.563,-0.011323416169365516,-3.2816665799324545
4695.583,-0.007459070771140523,-3.2724437521847234
4695.603,-0.003594742478530177,-3.26322091681946
4695.623,0.0002695710786631022,-3.253998074209816
4695.643,0.004133867410529415,-3.244775223965187
4695.663,0.007998148643249608,-3.2355523670150323
4695.683,0.011862412510004817,-3.22632950242779
4695.703,0.01572666112876882,-3.217106631140064
4695.723,0.01959089222529741,-3.2078837522289922
4695.743,0.023455107912772683,-3.1986608666371055
4695.763,0.02731930614594662,-3.1894379729002296
4695.783,0.031183488803058337,-3.180215072516083
4695.803,0.03504765360558084,-3.1709921645752885
4695.823,0.03891180266593672,-3.1617692500325556
4695.843,0.04277593370853426,-3.152546327983656
4695.863,0.04664004885037945,-3.143323399387837
4695.883,0.05050414582202746,-3.134100463344823
4695.903,0.05436822698103768,-3.124877520268471
4695.923,0.058232289834205,-3.115654569809781
4695.943,0.062096336516688416,-3.106431612933141
4695.963,0.0659603647798601,-3.0972086487420807
4695.983,0.06982437677172473,-3.087985678201415
4696.003,0.07368172294689272,-3.078745133699313
4696.023,0.07753989810179777,-3.06950485216557
4696.043,0.08139771231917128,-3.060264458217724
4696.063,0.08525499687542454,-3.0510238692131573
4696.083,0.08911171606560819,-3.041783059961129
4696.103,0.09296786019862997,-3.032542019972598
4696.123,0.09682342093143545,-3.0233007423627987
4696.143,0.10067839409524112,-3.014059223654107
4696.163,0.10453277889332716,-3.004817462157042
4696.183,0.10838657018330156,-2.995575456681876
4696.203,0.11223976576965072,-2.9863332064879238
4696.223,0.1160923634464042,-2.9770907115108347
4696.243,0.11994436332363798,-2.9678479723607007
4696.263,0.12379576091384217,-2.9586049887677013
4696.283,0.1276465546415284,-2.9493617616808407
4696.303,0.1315009605522056,-2.940133890700173
4696.323,0.13535628230082533,-2.9309072905688702
4696.343,0.13921157247158278,-2.9216806788584
4696.363,0.14306684426877941,-2.9124540600719033
4696.383,0.1469221001145197,-2.903227435158138
4696.403,0.15077734009429553,-2.894000804090675
4696.423,0.15463256209559129,-2.884774165913443
4696.443,0.15848776839763382,-2.8755475215229507
4696.463,0.1623371653934457,-2.8663196450386184
4696.483,0.16618309522162206,-2.857073856388141
4696.503,0.17002869228402323,-2.8478356007405883
4696.523,0.17388164854489443,-2.8386071718551755
4696.543,0.17772629675771853,-2.829361074086813
4696.563,0.18157981092295183,-2.8201066678378623
4696.583,0.18543726013176584,-2.810881150221552
4696.603,0.18928943812830418,-2.8016524717097693
4696.623,0.1931382180209015,-2.7924111697050424
4696.643,0.19698615990624638,-2.7831689121664662
4696.663,0.2008333206505126,-2.7739258728861897
4696.683,0.2046797597605594,-2.7646821916987028
4696.703,0.20852552186271228,-2.7554379756228533
4696.723,0.21237063983401339,-2.7461933037106006
4696.743,0.21621513621421312,-2.7369482353281724
4696.763,0.22006482163443453,-2.727719278024114
4696.783,0.22391446914119081,-2.7184903090977057
4696.803,0.22776409290016372,-2.7092613306894457
4696.823,0.2316137263961477,-2.7000323527102283
4696.843,0.23546334642174543,-2.6908033681618573
4696.863,0.23931295107275224,-2.6815743767408926
4696.883,0.24316253806058677,-2.6723453775034613
4696.903,0.247012109483782,-2.663116371354224
4696.923,0.25086166307703267,-2.6538873573659267
4696.943,0.25471120096310645,-2.6446583364651066
4696.963,0.25856072086453286,-2.63542930773038
4696.983,0.26241022513114437,-2.6262002715473596
4697.003,0.2662597134478778,-2.616971228478155
4697.023,0.2701091835337563,-2.6077421776111582
4697.043,0.2739586375003592,-2.598513119891948
4697.063,0.2778080730666219,-2.589284054414998
4697.083,0.2816574923457123,-2.5800549821314487
4697.103,0.285506895256669,-2.5708259030669693
4697.123,0.289356279523785,-2.561596816324849
4697.143,0.29320564726940646,-2.552367722860727
4697.163,0.2970549986541724,-2.543138622157974
4697.183,0.30090433118450444,-2.5339095138716656
4697.203,0.30475364699727,-2.5246803989618596
4697.223,0.30860294603870486,-2.51545127746282
4697.243,0.31245177201068575,-2.506224300856526
4697.263,0.31630394487860214,-2.496996092259173
4697.283,0.32015600750996615,-2.4877678093619138
4697.303,0.32400799304816863,-2.478539491296215
4697.323,0.32785995017695185,-2.469311159811244
4697.343,0.33171191316032117,-2.4600828296053407
4697.363,0.3355639016119558,-2.4508545078776973
4697.383,0.3394159254244722,-2.4416261983961887
4697.403,0.34326799460868085,-2.432397904825344
4697.423,0.34712011460710185,-2.423169629188273
4697.443,0.35097228811855896,-2.4139413729388965
4697.463,0.3548245204772707,-2.404713137542763
4697.483,0.3586768131372068,-2.395484923181025
4697.503,0.3625291717472488,-2.386256732313623
4697.523,0.36638159966731787,-2.3770285655182772
4697.543,0.37023409935977536,-2.367800423277456
4697.563,0.3740843957512321,-2.358571652065361
4697.583,0.3779340648246429,-2.349342692379664
4697.603,0.3817837115790553,-2.3401137248079857
4697.623,0.38563334148788675,-2.330884750793079
1758191613.2581096,-1.4911496788328193,-3.5924003500787762
4697.643,-1.4812293675815367,-3.59114296112885
4697.663,-1.4713090583985342,-3.5898855544552175
4697.683,-1.4613887520994018,-3.5886281278213623
4697.703,-1.4514684483241118,-3.587370683648284
4697.723,-1.4415369629371375,-3.586096290293769
4697.743,-1.4316017412867998,-3.584817452967239
4697.763,-1.421683938977019,-3.5835504926317725
4697.783,-1.4117635755942994,-3.582298674762113
4697.803,-1.4018433750156691,-3.5810398717343213
4697.823,-1.3919231594254113,-3.579780135892916
4697.843,-1.3819957477343192,-3.578512676548394
4697.863,-1.3720753115239068,-3.577253890976612
4697.883,-1.3621439603315726,-3.575978360981996
4697.903,-1.3522239707958346,-3.5747183256366397
4697.923,-1.342303951731119,-3.573458303869023
4697.943,-1.3323839346551423,-3.57219826571006
4697.963,-1.3224639499137303,-3.5709382145510262
4697.983,-1.3125439076238734,-3.5696782110323375
4698.003,-1.3026239584615988,-3.568418078297023
4698.023,-1.2927039803133935,-3.5671579417952533
4698.043,-1.2827840119408642,-3.565897759488965
4698.063,-1.2728640461978302,-3.564637564082241
4698.083,-1.2629438544015466,-3.5633779027620465
4698.103,-1.2530239031061927,-3.5621176835926796
4698.123,-1.243103936381161,-3.560857526540767
4698.143,-1.2331839716106994,-3.559597350087223
4698.163,-1.22326400810229,-3.558337155809285
4698.183,-1.2133440464817615,-3.557076943712034
4698.203,-1.2034240867886634,-3.5558167137310086
4698.223,-1.1935041293605617,-3.5545564634345346
4698.243,-1.18358417395217,-3.5532961951222464
4698.263,-1.1736642206170345,-3.5520359087280005
4698.283,-1.1637442694103448,-3.55077560418608
4698.303,-1.1538243206849945,-3.5495152790662425
4698.323,-1.1439043742082131,-3.548254935671971
4698.343,-1.1339844300436712,-3.54699457394342
4698.363,-1.1240644882541755,-3.5457341938235625
4698.383,-1.1141445483130992,-3.54447379518591
4698.403,-1.104224611168021,-3.5432133756860282
4698.423,-1.0943046765890074,-3.5419529376476655
4698.443,-1.0843847446360073,-3.5406924810309626
4698.463,-1.0744648153684428,-3.539432005801615
4698.483,-1.0645339529134037,-3.53815275750921
4698.503,-1.054614103943252,-3.5368916245108535
4698.523,-1.0446942659613778,-3.5356304319064336
4698.543,-1.0347744309862597,-3.534369220281245
4698.563,-1.0248545989795217,-3.5331079899584967
4698.583,-1.0149347699721367,-3.5318467409425525
4698.603,-1.0050149439883829,-3.530585473240994
4698.623,-0.9950951210484664,-3.5293241868678105
4698.643,-0.9851753011646637,-3.5280628818428
4698.663,-0.9752554837532714,-3.52680155811844
4698.683,-0.9653356694053848,-3.5255402157991838
4698.703,-0.9554158581155274,-3.5242788549214743
4698.723,-0.9454960498718168,-3.5230174755265207
4698.743,-0.935576244654714,-3.521756077659683
4698.763,-0.925656442440329,-3.5204946613703876
4698.783,-0.915732548786302,-3.5192118055844857
4698.803,-0.9058125534618886,-3.5179500176241905
4698.823,-0.8958928182211229,-3.516688068057644
4698.843,-0.8859730887803595,-3.5154260892578377
4698.863,-0.8760533622224779,-3.5141640921970136
4698.883,-0.8661336384619499,-3.5129020770315154
4698.903,-0.8562139168448947,-3.5116400437478092
4698.923,-0.8462941978997812,-3.51037799247767
4698.943,-0.8363749932505983,-3.5091271042430847
4698.963,-0.8264545890279222,-3.507872766463942
4698.983,-0.8165348237781871,-3.5066110301418076
4699.003,-0.8066144980386348,-3.5053542781962523
4699.023,-0.7966834295719823,-3.504087873737319
4699.043,-0.786763876593308,-3.502837487899862
4699.063,-0.776832736404749,-3.501571222852862
4699.083,-0.7669021005672844,-3.5002928152515933
4699.103,-0.7569710808692149,-3.4990154504079136
4699.123,-0.7470401844792081,-3.4977377902041864
4699.143,-0.7371094346661154,-3.496459692271428
4699.163,-0.7271788295752316,-3.495181112264615
4699.183,-0.717248364639635,-3.4939020241731025
4699.203,-0.7073289048550041,-3.4926371296064316
4699.223,-0.6974095707678052,-3.491372018970493
4699.243,-0.6874902398898863,-3.4901068887178877
4699.263,-0.6775709328595819,-3.488841648174928
4699.283,-0.6676516390710697,-3.487576378887454
4699.303,-0.6577323514983066,-3.4863110688727517
4699.323,-0.6478130658366786,-3.4850457356839204
4699.343,-0.6378937731028078,-3.4837803882553073
4699.363,-0.6279744544511972,-3.4825151427082255
4699.383,-0.6180551374039948,-3.481249880064864
4699.403,-0.6081358216700357,-3.4799845990677087
4699.423,-0.5982165078732897,-3.4787192997196015
4699.443,-0.588297196047604,-3.477453981955964
4699.463,-0.5783778862339951,-3.476188645710803
4699.483,-0.5684585787718132,-3.474923288551014
4699.503,-0.5585392734162842,-3.4736579127747653
4699.523,-0.549822308003821,-3.4725272886534078
4699.543,-0.5426000260568977,-3.4715928050236022
4699.563,-0.5371887804916029,-3.470887459281466
4699.583,-0.5330381058173774,-3.470539163107278
4699.603,-0.5296192571334178,-3.470777381787931
4699.623,-0.526887280160897,-3.471567954861367
4699.643,-0.5248491979636974,-3.472909376389242
4699.663,-0.5235041227486269,-3.4746960786665175
4699.683,-0.5228704582235939,-3.477067116464524
4699.703,-0.5226594458452848,-3.4797603591007666
4699.723,-0.5225076456183396,-3.4824527390327717
4699.743,-0.5223656658639847,-3.4851373628656437
4699.763,-0.5223124337136679,-3.487836639635582
4699.783,-0.5223062250412374,-3.4905333609534916
4699.803,-0.5223096059795808,-3.493219974289722
4699.823,-0.5224020272793872,-3.4959178407530263
4699.843,-0.5225413000716095,-3.4986107179384436
4699.863,-0.5226902830437468,-3.5012918867438962
4699.883,-0.5229280800144207,-3.5039807595402537
4699.903,-0.5232124265814448,-3.5066620314068127
4699.923,-0.5235065435628237,-3.5093299593862404
4699.943,-0.5238890383815707,-3.5120020470680275
4699.963,-0.524317641026595,-3.5146639804544955
4699.983,-0.5247560251636761,-3.51731091961042
4700.003,-0.5252821204239416,-3.5199584869123144
4700.023,-0.5258537469013128,-3.5225934043861447
4700.043,-0.5264351198703071,-3.525211661795312
4700.063,-0.5271033045985314,-3.527827065570782
4700.083,-0.5278163078785537,-3.5304273204322905
4700.103,-0.5285769990971505,-3.5330172615491646
4700.123,-0.52938421544998,-3.5355932933472864
4700.143,-0.5302376610335479,-3.5381543767844224
4700.163,-0.5311370589855829,-3.5406996815015908
4700.183,-0.5320821177884063,-3.5432283838436844
4700.203,-0.533072531884577,-3.545739665595269
4700.223,-0.534107979789913,-3.5482327144739765
4700.243,-0.5351881264946575,-3.5507067240086845
4700.263,-0.5363126228890974,-3.5531608936295855
4700.283,-0.5374811044697951,-3.5555944297623117
4700.303,-0.5354887661349332,-3.559612914679307
4700.323,-0.5310794709453955,-3.564521458523795
4700.343,-0.5250658558741051,-3.569426484448653
4700.363,-0.5174262161012562,-3.574334544937096
4700.383,-0.5087102195226564,-3.5792368815096327
4700.403,-0.4999950394072967,-3.5841412428661914
4700.423,-0.4908134502589662,-3.589194740692063
4700.443,-0.4820308390680221,-3.594086837367995
4700.463,-0.4731833693481731,-3.598991446115782
4700.483,-0.46446463081967815,-3.603887915582463
4700.503,-0.4557460871279202,-3.6087846423139576
4700.523,-0.4470275420844331,-3.613681366880276
4700.543,-0.43830899456629074,-3.618578086657321
4700.563,-0.4295904437094635,-3.6234748019659704
4700.583,-0.42087189115647394,-3.628371514901932
4700.603,-0.41215333516399766,-3.633268223448233
4700.623,-0.4034347756923801,-3.6381649276436168
4700.643,-0.39471621325240436,-3.643061627769084
4700.663,-0.38599764727463487,-3.6479583236203643
4700.683,-0.377279078527433,-3.6528550149321064
4700.703,-0.36856050621546615,-3.657751702042975
4700.723,-0.3598419320337679,-3.6626483870442743
4700.743,-0.35112335429414504,-3.66754506791269
4700.763,-0.3424047735586007,-3.6724417449210107
4700.783,-0.33368618930652305,-3.6773384178573236
4700.803,-0.3249676018137818,-3.6822350862038515
4700.823,-0.31624901142373996,-3.6871317507728327
4700.843,-0.3075304176413849,-3.692028411344821
4700.863,-0.29881182106687404,-3.6969250681824977
4700.883,-0.2900932212192134,-3.7018217210613966
4700.903,-0.28137461840861433,-3.7067183694524233
4700.923,-0.2726560139221628,-3.7116150165140502
4700.943,-0.26393740662705417,-3.7165116591101675
4700.963,-0.2563970579094526,-3.72046307548539
4700.983,-0.25047173913948073,-3.7232469038730653
4701.003,-0.24632111096110998,-3.725325223386144
4701.023,-0.24373655452065945,-3.7274102038284402
4701.043,-0.24222127943726243,-3.7296891118357327
4701.063,-0.24174376350869706,-3.7319977506300335
4701.083,-0.24228111254031087,-3.7343118205368055
4701.103,-0.24366996798295246,-3.7366023529529766
4701.123,-0.24513514881645146,-3.7388697556945605
4701.143,-0.24664090170774203,-3.741110379319437
4701.163,-0.24818673936435517,-3.7433235484084704
4701.183,-0.24977216205147132,-3.7455085473219327
4701.203,-0.2513966567947099,-3.74766466887439
4701.223,-0.25305969913214765,-3.7497912144329044
4701.243,-0.25476075089866423,-3.751887495880968
4701.263,-0.25649926185096317,-3.7539528343951964
4701.283,-0.2582746699017061,-3.7559865607478966
4701.303,-0.26008640090815477,-3.757988015925758
4701.323,-0.2619338686839712,-3.759956551474914
4701.343,-0.2638164756270242,-3.761891529318278
4701.363,-0.26573361282752805,-3.7637923217223737
4701.383,-0.26768465942726666,-3.7656583127109364
4701.403,-0.269668983674538,-3.7674888973090757
4701.423,-0.2716859437271898,-3.7692834809907705
4701.443,-0.2737348861093525,-3.771041481693672
4701.463,-0.2758151469431577,-3.772762329258779
4701.483,-0.2779260524939868,-3.7744454650736343
4701.503,-0.280066918908774,-3.7760903426499275
4701.523,-0.2822370524871773,-3.777696427710298
4701.543,-0.284435749730726,-3.77926319926602
4701.563,-0.2866622978972482,-3.7807901485027267
4701.583,-0.28693929715089356,-3.7852670223898173
4701.603,-0.28556502835476355,-3.7917202719177854
4701.623,-0.28279841596624095,-3.798970551944257
4701.643,-0.27862387220289714,-3.8070342171774434
4701.663,-0.27351311380162174,-3.815629918436745
4701.683,-0.2684042845331881,-3.8242269330741414
4701.703,-0.26324994022215403,-3.833397914055885
4701.723,-0.25815378202170786,-3.8419645704766365
4701.743,-0.2530525084533848,-3.850560188733059
4701.763,-0.24795088362870654,-3.8591604722642443
4701.783,-0.2428493068168376,-3.8677607748212868
4701.803,-0.23774776626711394,-3.8763610999190288
4701.823,-0.23264626481103398,-3.8849614494201106
4701.843,-0.22754480560188856,-3.8935618248242445
4701.863,-0.22244339202770935,-3.9021622277218753
4701.883,-0.21734202795046834,-3.9107626600610783
4701.903,-0.21224071746493775,-3.9193631230550414
4701.923,-0.20713946424238727,-3.92796361919104
4701.943,-0.20203827262284246,-3.93656415034026
4701.963,-0.1969371634243209,-3.9451646824974707
4701.983,-0.1918361407608397,-3.9537654277098215
4702.003,-0.18673514801069235,-3.962366175995975
4702.023,-0.1816294785978596,-3.970964420431134
4702.043,-0.1765249951730351,-3.9795634107813136
4702.063,-0.1714220757463,-3.9881631392581407
4702.083,-0.16631760814261784,-3.996762097876198
4702.103,-0.16121369869017732,-4.005361319001791
4702.123,-0.1561101990649143,-4.0139607324951845
4702.143,-0.15100703659112047,-4.022560299534105
4702.163,-0.14590417236620729,-4.0311599904734825
4702.183,-0.14080161684556666,-4.039759785793386
4702.203,-0.13569945077268875,-4.048359640307337
4702.223,-0.13059457271494893,-4.0569587330665176
4702.243,-0.1254803891194571,-4.065561761424042
4702.263,-0.12036603907880104,-4.074164446246944
4702.283,-0.11526242172143705,-4.082763582960695
4702.303,-0.11015889587835542,-4.091362742088049
4702.323,-0.10505538145006593,-4.099961907686101
4702.343,-0.09995187656546432,-4.108561079243615
4702.363,-0.09484838157238121,-4.117160256387472
4702.383,-0.08974489568953736,-4.1257594392045185
4702.403,-0.08464141997731742,-4.134358628287653
4702.423,-0.07953795330794672,-4.142957823241052
4702.443,-0.07443449656955718,-4.1515570244144175
4702.463,-0.06933104964434109,-4.1601562317810235
4702.483,-0.06422761188847671,-4.168755444589763
4702.503,-0.059124183710802254,-4.17735466353091
4702.523,-0.05524070931080273,-4.184954920282669
4702.543,-0.05226670464885553,-4.191256312740982
4702.563,-0.05024101371801904,-4.195812353807821
4702.583,-0.04915501433295197,-4.199034553362041
4702.603,-0.04894624606505285,-4.2017745259054164
4702.623,-0.04955572441670598,-4.204079319410157
4702.643,-0.05107485789611799,-4.205878518522411
4702.663,-0.053462753264895586,-4.207160455178233
4702.683,-0.05601355249606844,-4.208317667032989
4702.703,-0.0584289967077593,-4.209523256133981
4702.723,-0.06086584001191123,-4.210685238937764
4702.743,-0.06332321344405291,-4.211803179153578
4702.763,-0.06580031939391186,-4.212876713120982
4702.783,-0.06829635456965993,-4.213905491989596
4702.803,-0.07081050947289193,-4.214889181337609
4702.823,-0.07334196878632303,-4.215827461458456
4702.843,-0.07588991123925208,-4.2167200276128165
4702.863,-0.07845351053306844,-4.217566589803848
4702.883,-0.08103193517706393,-4.218366873040006
1758191619.9536405,-1.0428126586418893,-3.6868652536321678
4702.903,-1.0429345046594083,-3.6895622691087695
4702.923,-1.0431048756258527,-3.6922566559183263
4702.943,-1.0433237161798596,-3.6949475401169236
4702.963,-1.0435909554463798,-3.697634049057795
4702.983,-1.0439065071224485,-3.700315311518687
4703.003,-1.0407179400896671,-3.703469850229331
4703.023,-1.0349546383305737,-3.7066817445789333
4703.043,-1.027674938656152,-3.709369657935706
4703.063,-1.0188562595748971,-3.7115327238416262
4703.083,-1.0090207771627506,-3.7133408336147267
4703.103,-0.9991854992770955,-3.7151513072510993
4703.123,-0.9887323964964614,-3.7171956034468416
4703.143,-0.9789561124672781,-3.7189673133318144
4703.163,-0.9691045431504604,-3.7208035394141667
4703.183,-0.9592689417101985,-3.722607027121014
4703.203,-0.949438656073118,-3.7244171679608526
4703.223,-0.9396045084426875,-3.726229217087767
4703.243,-0.9297704177267921,-3.728041425838822
4703.263,-0.9199363312837597,-3.7298536524852883
4703.283,-0.9101022483691691,-3.7316658946055563
4703.303,-0.9002681683408431,-3.7334781521917217
4703.323,-0.8904340917343304,-3.7352904250679733
4703.343,-0.8806000181041604,-3.7371027144312534
4703.363,-0.8707659477826597,-3.738915018932149
4703.383,-0.8609318801222223,-3.7407273385951196
4703.403,-0.8510870138098213,-3.742556753316164
4703.423,-0.8412290180600672,-3.74438705873193
4703.443,-0.8313935858614638,-3.7461960923439968
4703.463,-0.8215590760385731,-3.748018019993401
4703.483,-0.8117231926059749,-3.7498257335575365
4703.503,-0.8018909338232003,-3.7516438156297456
4703.523,-0.7920316536491876,-3.753480917802071
4703.543,-0.7821968108680991,-3.755290200288206
4703.563,-0.7723389398785414,-3.757123605620919
4703.583,-0.7624943936385378,-3.7589521340547885
4703.603,-0.7526497795944734,-3.7607810025680775
4703.623,-0.7428052128339022,-3.7626105226206272
4703.643,-0.7329607149077056,-3.764440708415709
4703.663,-0.7231162975370905,-3.7662715482390534
4703.683,-0.7132719691033784,-3.7681030293922846
4703.703,-0.7034277360165928,-3.769935141437957
4703.723,-0.6935836050892595,-3.771767876336091
4703.743,-0.6837395841853208,-3.7736012278612603
4703.763,-0.6738956836712459,-3.7754351926519645
4703.783,-0.6640519248223407,-3.7772697767449297
4703.803,-0.654219520950423,-3.779091175234332
4703.823,-0.644387148128671,-3.7809127006245657
4703.843,-0.6345547774660851,-3.7827342421777708
4703.863,-0.6247224095102714,-3.7845558000002977
4703.883,-0.6148900440965311,-3.7863773729502532
4703.903,-0.6050576808750792,-3.7881989623485888
4703.923,-0.5952253204798816,-3.7900205681446426
4703.943,-0.5853929621737171,-3.7918421893126864
4703.963,-0.5755606068002106,-3.7936638269986127
4703.983,-0.5657282536262285,-3.795485480159721
4704.003,-0.5558959034984027,-3.797307149923562
4704.023,-0.5460635564776936,-3.7991288363407576
4704.043,-0.5362312118423253,-3.8009505383837063
4704.063,-0.5263988704417899,-3.8027722571754063
4704.083,-0.5165665315554975,-3.804593991683159
4704.103,-0.5067341960328463,-3.8064157430237047
4704.123,-0.4969018631518571,-3.808237510157027
4704.143,-0.4870695335640109,-3.810059293034491
4704.163,-0.477237207524771,-3.8118810928402
4704.183,-0.4674048843036061,-3.813702908520101
4704.203,-0.4575725647400914,-3.8155247411668967
4704.223,-0.44887138206433497,-3.817264129445598
4704.243,-0.44173378578773004,-3.8186892740001404
4704.263,-0.43632769203218746,-3.8196877434133953
4704.283,-0.4322213584932418,-3.8206470111801245
4704.303,-0.4288811909773668,-3.8218837560719776
4704.323,-0.42640627665552683,-3.8234869534500535
4704.343,-0.42468116906047965,-3.8253152031626674
4704.363,-0.4238473543359522,-3.8274548153491086
4704.383,-0.4238620194861846,-3.8298746788932223
4704.403,-0.424551236038318,-3.8325169505077548
4704.423,-0.42522564871199436,-3.835131017990414
4704.443,-0.42594703039673965,-3.8377325203487533
4704.463,-0.4267151180406855,-3.840320606396791
4704.483,-0.4275296615846928,-3.842894437225013
4704.503,-0.4283903965116024,-3.8454531787680404
4704.523,-0.4292970432587119,-3.8479960017333115
4704.543,-0.4302493071704009,-3.850522082364396
4704.563,-0.43124687939649686,-3.853030602302164
4704.583,-0.43228943554354554,-3.855520749218393
4704.603,-0.43337663747667565,-3.8579917164286686
4704.623,-0.43450813202086763,-3.8604427037629434
4704.643,-0.43568355218047805,-3.862872917685633
4704.663,-0.4369025165330902,-3.8652815713473054
4704.683,-0.43816462937331263,-3.867667885136791
4704.703,-0.43946948146426595,-3.8700310866334107
4704.723,-0.4408166498118756,-3.8723704110262416
4704.743,-0.4422056973356625,-3.8746851012637817
4704.763,-0.4436361737392688,-3.876974408281965
4704.783,-0.44210054810626354,-3.8811885717683334
4704.803,-0.43826125105508335,-3.8865547288527345
4704.823,-0.4328270969389165,-3.892094824576889
4704.843,-0.4257772336295888,-3.897817807759012
4704.863,-0.41765690239843145,-3.90365400838919
4704.883,-0.4095375750804956,-3.9094922467594877
4704.903,-0.40086002829106476,-3.9154326010142904
4704.923,-0.39270677424985184,-3.9212646210455477
4704.943,-0.3845878993272268,-3.9270891513404464
4704.963,-0.3764530538235692,-3.9329186592789913
4704.983,-0.3683182667520142,-3.9387481714336583
4705.003,-0.3601832125589219,-3.944577352291186
4705.023,-0.3520584997558144,-3.9504074085510066
4705.043,-0.3439346934397747,-3.9562379515872874
4705.063,-0.3358108726738125,-3.96206847503753
4705.083,-0.3276870461306262,-3.967898988999052
4705.103,-0.3195632137124948,-3.9737294935916037
4705.123,-0.31143937475815386,-3.9795599878809975
4705.143,-0.30331553006211043,-3.9853904731579837
4705.163,-0.2951916793800093,-3.9912209501142515
4705.183,-0.288000976376813,-3.9957452180004567
4705.203,-0.28225006769217176,-3.9989050787244875
4705.223,-0.2780897083371113,-4.001358489398606
4705.243,-0.27536121548912507,-4.003287188177198
4705.263,-0.2738546420092567,-4.005192031175406
4705.283,-0.2734690966914865,-4.00708568712215
4705.303,-0.2739577037541556,-4.0090682394200226
4705.323,-0.2754218515814714,-4.011200067324835
4705.343,-0.27713432598110876,-4.0132871617969474
4705.363,-0.2788839819278486,-4.015342807807717
4705.383,-0.2806703461947537,-4.01736662762071
4705.403,-0.28249284128971264,-4.019357969393605
4705.423,-0.2843508775063212,-4.02131618914602
4705.443,-0.286243853549945,-4.02324065365974
4705.463,-0.28817115701392954,-4.025130740612171
4705.483,-0.2901321641798008,-4.0269858387035
4705.503,-0.29212624093332906,-4.028805347957429
4705.523,-0.29415274225658306,-4.030588679793747
4705.543,-0.29621101250702475,-4.032335257563633
4705.563,-0.29830038623748795,-4.03404451609331
4705.583,-0.30042018766579226,-4.0357159022968965
4705.603,-0.30256973116080366,-4.037348875350231
4705.623,-0.30474832172753813,-4.038942906807659
4705.643,-0.30695525464434065,-4.040497480468902
4705.663,-0.3091898161842234,-4.04201209310964
4705.683,-0.3114512835607315,-4.043486254155346
4705.703,-0.31373892531178665,-4.044919486095697
4705.723,-0.31605200143934914,-4.046311324445364
4705.743,-0.3183897636786537,-4.047661318170498
4705.763,-0.3207514554389489,-4.048969029554963
4705.783,-0.3231363124627231,-4.050234034664417
4705.803,-0.32554356305258086,-4.051455923063908
4705.823,-0.3279724277382374,-4.052634298332185
4705.843,-0.3304221202805803,-4.053768777955857
4705.863,-0.3328918473125566,-4.054858993700434
4705.883,-0.3353808090612012,-4.05590459159172
4705.903,-0.33788819920402063,-4.0569052320132135
4705.923,-0.340413205434123,-4.057860589727578
4705.943,-0.34295500972117443,-4.058770354493163
4705.963,-0.34551278815674447,-4.05963423061273
4705.983,-0.34808571177792835,-4.0604519370894785
4706.003,-0.35067294660841286,-4.0612232082514135
4706.023,-0.3532736539180952,-4.061947793315471
4706.043,-0.35588699044836336,-4.062625456630287
4706.063,-0.35851210894479496,-4.063255977824225
4706.083,-0.3611481581203694,-4.06383915187447
4706.103,-0.3637942832493333,-4.064374789157929
4706.123,-0.36644962607971554,-4.0648627153023975
4706.143,-0.3691133254727239,-4.065302771712859
4706.163,-0.3717845176998471,-4.06569481543551
4706.183,-0.3744623364545926,-4.066038718801641
4706.203,-0.3771459133059491,-4.066334369949651
4706.223,-0.37983437805496745,-4.0665816728835305
4706.243,-0.3825268590236387,-4.066780547228963
4706.263,-0.38522248303268264,-4.066930928279341
4706.283,-0.38792037604981416,-4.067032767099527
4706.303,-0.3906196633305714,-4.067086030638749
4706.323,-0.393319469800325,-4.0670907015741005
4706.343,-0.39607366016492523,-4.070630885564114
4706.363,-0.398579379861642,-4.076734451767425
4706.383,-0.4003850589592581,-4.0842815653085935
4706.403,-0.40148708307048786,-4.093294539782669
4706.423,-0.40211607605207494,-4.1032750585342965
4706.443,-0.4027474415288087,-4.113255635212652
4706.463,-0.40382940812800805,-4.1238062581726975
4706.483,-0.4045461098996376,-4.133820573634469
4706.503,-0.40519456214395694,-4.143807457412977
4706.523,-0.40583873168285634,-4.153786342133003
4706.543,-0.40648297543882583,-4.163765226292563
4706.563,-0.4071272342385323,-4.173744109483758
4706.583,-0.40777150753888675,-4.183722991011118
4706.603,-0.408415795289533,-4.193701870803192
4706.623,-0.4090600974044633,-4.203680749386506
4706.643,-0.40970441388493267,-4.213659626106041
4706.663,-0.410348744797475,-4.223638501510937
4706.683,-0.4109930901470277,-4.233617374959449
4706.703,-0.41163744989762335,-4.243596246410457
4706.723,-0.41228182397241303,-4.253575116425297
4706.743,-0.41292621223272613,-4.26355398437535
4706.763,-0.41357061479603763,-4.273532850254594
4706.783,-0.41421503173890317,-4.283511714662156
4706.803,-0.4148594630757036,-4.29349057700465
4706.823,-0.4155318752290456,-4.303498810079291
4706.843,-0.41617728596163867,-4.313477577830327
4706.863,-0.41682286785740275,-4.323456364292629
4706.883,-0.4174684656334768,-4.333435149386113
4706.903,-0.4181140779067412,-4.343413932313824
4706.923,-0.41875970468385676,-4.353392713739246
4706.943,-0.4194053460729198,-4.363371493148437
4706.963,-0.42005100195316464,-4.373350271210277
4706.983,-0.42070850746263283,-4.383353162178064
4707.003,-0.4213632552148432,-4.393328636944517
4707.023,-0.4220071792538202,-4.403309264629745
4707.043,-0.4226753626972457,-4.413309789564579
4707.063,-0.4233152605896904,-4.423290121329802
4707.083,-0.4239583604759094,-4.433269520491221
4707.103,-0.4245986476464682,-4.443249364776728
4707.123,-0.42523784476953586,-4.4532283054000406
4707.143,-0.4258764690647075,-4.463206551215686
4707.163,-0.4265155312014539,-4.47318515918715
4707.183,-0.4271586730099043,-4.483164550067725
4707.203,-0.4278018465326012,-4.493143927390585
4707.223,-0.4284450462278157,-4.503123298345934
4707.243,-0.42908824616050517,-4.5131026639053236
4707.263,-0.42973139977155816,-4.52308202106934
4707.283,-0.43037698465439234,-4.533060954833759
4707.303,-0.4310231198260793,-4.543039705463146
4707.323,-0.4316692826817123,-4.553018453781269
4707.343,-0.43231546013092054,-4.562997202203709
4707.363,-0.4329616521783789,-4.572975950205844
4707.383,-0.4336078587613571,-4.582954697819097
4707.403,-0.43425407977970826,-4.592933445661618
4707.423,-0.4349003152208891,-4.6029121931511146
4707.443,-0.4355465652884051,-4.612890940907676
4707.463,-0.43619282982702345,-4.622869688319337
4707.483,-0.4368391089393659,-4.632848435382199
4707.503,-0.4374854023909556,-4.64282718265484
4707.523,-0.43813171048003496,-4.652805929531444
4707.543,-0.4387780329765839,-4.662784676553389
4707.563,-0.43942436988570527,-4.672763423077461
4707.583,-0.4400707213206658,-4.682742169056367
4707.603,-0.4407170872057187,-4.6927209150219165
4707.623,-0.4413634675509663,-4.702699660309037
4707.643,-0.4420098621772546,-4.712678404833209
4707.663,-0.44265627131037494,-4.722657149129832
4707.683,-0.44330269481596285,-4.73263589251182
4707.703,-0.44394913281579335,-4.742614634903638
4707.723,-0.44459558509327785,-4.752593376801373
4707.743,-0.44524205181454357,-4.762572117533614
4707.763,-0.44588853295571507,-4.772550857011149
4707.783,-0.44653502845174337,-4.782529595742068
4707.803,-0.447181538322641,-4.792508333045451
4707.823,-0.44781764723814155,-4.8024871051008455
4707.843,-0.4484610880709918,-4.812466840195969
4707.863,-0.44910823652068604,-4.8224451018776415
4707.883,-0.44975282312561177,-4.832423778494466
4707.903,-0.4503970344044067,-4.842402590380577
4707.923,-0.4510410607225012,-4.852381475328495
4707.943,-0.4516849626998475,-4.862360388206168
4707.963,-0.45232876823112533,-4.872339297839866
4707.983,-0.45298279712900474,-4.88231902294662
4708.003,-0.45365696454508403,-4.892325616012078
4708.023,-0.45431889366632644,-4.90232295497055
4708.043,-0.4549764083672145,-4.9123021017446815
4708.063,-0.4556526626300239,-4.9223084951324445
4708.083,-0.456302791708287,-4.932286951962929
4708.103,-0.4569528447091281,-4.942265448289415
4708.123,-0.4576029119265852,-4.952243942939251
4708.143,-0.45824521609199786,-4.9622226697456835
4708.163,-0.4589039940952508,-4.972198081944224
4708.183,-0.4595518006868711,-4.982177317825318
4708.203,-0.4602009042250934,-4.992154583830848
4708.223,-0.4608492592078374,-5.002132657269605
4708.243,-0.4614971406558035,-5.012111974390104
4708.263,-0.4621805063014601,-5.02208359481753
4708.283,-0.4628309897475392,-5.032062056359234
4708.303,-0.4634815217227313,-5.04204051661989
4708.323,-0.46413206855549743,-5.05201897586496
4708.343,-0.4647826300423624,-5.061997433602266
1758191626.9534407,-1.6175814114625395,-4.1450910370304275
4708.363,-1.60805469418279,-4.148129870638208
4708.383,-1.5985279816815836,-4.151168718122698
4708.403,-1.5889998866767876,-4.154203534070486
4708.423,-1.5794717871270143,-4.157239559399803
4708.443,-1.5699436832249,-4.160275498428587
4708.463,-1.5604155953284276,-4.163311468770532
4708.483,-1.550887514968208,-4.166347451976055
4708.503,-1.5413594370107624,-4.169383424237834
4708.523,-1.531831351263293,-4.172419329927107
4708.543,-1.5223042575221093,-4.1754571886437075
4708.563,-1.5127774729617982,-4.178495826187722
4708.583,-1.5032506948492117,-4.1815344854081795
4708.603,-1.4937239207432345,-4.184573158825939
4708.623,-1.4841971499751383,-4.18761184642114
4708.643,-1.4746703830606283,-4.190650547891872
4708.663,-1.4651436194049143,-4.193689263437129
4708.683,-1.4556168595956334,-4.196727993051116
4708.703,-1.4460901036189564,-4.199766736684593
4708.723,-1.4365633509097,-4.202805494538624
4708.743,-1.427036602033615,-4.205844266315276
4708.763,-1.4175098564450654,-4.208883052215973
4708.783,-1.4079831147540258,-4.211921852089809
4708.803,-1.3984563769937433,-4.214960665888484
4708.823,-1.3889296426425237,-4.217999493814124
4708.843,-1.3794029123361768,-4.221038335715334
4708.863,-1.3698761861027513,-4.224077191397661
4708.883,-1.3603494634168554,-4.227116060916057
4708.903,-1.3508227449823103,-4.230154944413475
4708.923,-1.34129603084479,-4.233193841695408
4708.943,-1.331769320490624,-4.236232752818134
4708.963,-1.3222426146105015,-4.239271677778393
4708.983,-1.3127159132824249,-4.242310616530463
4709.003,-1.303189216561308,-4.245349568882096
4709.023,-1.2936625239649036,-4.2483885350391795
4709.043,-1.2841358361601194,-4.25142751485515
4709.063,-1.2746091531975556,-4.254466508141645
4709.083,-1.265060689638577,-4.257539336456792
4709.103,-1.2555342079073706,-4.260578003564249
4709.123,-1.2460063097696128,-4.263615842420294
4709.143,-1.2364787256543277,-4.266653513737578
4709.163,-1.2269512898064594,-4.269691155374475
4709.183,-1.217423955015951,-4.2727287870590525
4709.203,-1.2078966929814283,-4.275766391067593
4709.223,-1.1983694859836729,-4.278803949716139
4709.243,-1.1888425615596374,-4.281840158374204
4709.263,-1.1793139096309366,-4.284876601054428
4709.283,-1.16978340193334,-4.287906740422476
4709.303,-1.1602570604850269,-4.290942699020884
4709.323,-1.1507283590203856,-4.293979179184984
4709.343,-1.1412019733384968,-4.297019003174931
4709.363,-1.1316755653455974,-4.300058823736819
4709.383,-1.1221491625567737,-4.303098657659296
4709.403,-1.1126287588130257,-4.30613880413951
4709.423,-1.103094674827735,-4.309177810191551
4709.443,-1.0935696801111299,-4.312225472932256
4709.463,-1.084041065699853,-4.315264384386475
4709.483,-1.0745190163038343,-4.318311232162639
4709.503,-1.064991539157565,-4.321343974743207
4709.523,-1.055464283928781,-4.324384700343423
4709.543,-1.045938031492932,-4.3274249906081925
4709.563,-1.036411786602143,-4.330465307592647
4709.583,-1.026885546831586,-4.33350563861299
4709.603,-1.0173593114461086,-4.3365459835915035
4709.623,-1.0078330809101346,-4.339586342359911
4709.643,-0.9983068545403863,-4.342626715110192
4709.663,-0.9887785260706881,-4.345663177298549
4709.683,-0.97925090136706,-4.348700669225257
4709.703,-0.9697232949616219,-4.351738162422409
4709.723,-0.9601957021823628,-4.354775683278404
4709.743,-0.9506681160019586,-4.357813212462819
4709.763,-0.9411405303309558,-4.360850725160415
4709.783,-0.9316129330765676,-4.363888149796806
4709.803,-0.9220865091576864,-4.3669279940205294
4709.823,-0.9125602178912624,-4.369968177951953
4709.843,-0.9030339312100297,-4.373008378864722
4709.863,-0.8935076484795228,-4.376048593790827
4709.883,-0.8839813696626702,-4.3790888227965645
4709.903,-0.8744550941288564,-4.382129065934344
4709.923,-0.8649288224591702,-4.385169323196938
4709.943,-0.8554025540173373,-4.3882095944921025
4709.963,-0.8458762894304328,-4.391249879960714
4709.983,-0.8363500286690452,-4.394290179407958
4710.003,-0.8268237711799789,-4.397330493035769
4710.023,-0.8172975175397824,-4.400370820546181
4710.043,-0.8077712678005327,-4.40341116203779
4710.063,-0.7982450214082142,-4.406451517566598
4710.083,-0.7887187789924208,-4.409491886980904
4710.103,-0.7791925406272989,-4.412532270379877
4710.123,-0.7696663057825658,-4.4155726678190055
4710.143,-0.7601400751060652,-4.4186130791472555
4710.163,-0.7506138486655942,-4.421653504316785
4710.183,-0.74108762594462,-4.424693943384151
4710.203,-0.7315614076312217,-4.427734396345435
4710.223,-0.7220351937773408,-4.430774863007332
4710.243,-0.7125089838742784,-4.433815343427928
4710.263,-0.7029827786156828,-4.436855837605115
4710.283,-0.6934565780546046,-4.4398963453484175
4710.303,-0.6839303822966113,-4.442936866761418
4710.323,-0.6744041908566764,-4.445977402053154
4710.343,-0.6648567279773328,-4.449053309833895
4710.363,-0.6553137572773392,-4.452121442024606
4710.383,-0.6457864964580404,-4.455160878769325
4710.403,-0.6362594573635189,-4.4582001375539235
4710.423,-0.6267325564451746,-4.461239379807292
4710.443,-0.6172057491390018,-4.464278609356305
4710.463,-0.6076790102586552,-4.467317807605615
4710.483,-0.5981514920780548,-4.470351564172756
4710.503,-0.5886215400010637,-4.473383412318103
4710.523,-0.5790952330777843,-4.476421012128522
4710.543,-0.5695670339951695,-4.4794589501419
4710.563,-0.5600369065702424,-4.482490346164996
4710.583,-0.5505115768023287,-4.485527719988326
4710.603,-0.5409856277455625,-4.488568952580271
4710.623,-0.5314596731688577,-4.491610193103294
4710.643,-0.5219337233722797,-4.4946514471699
4710.663,-0.5124056884612362,-4.497688701745073
4710.683,-0.5028743813525749,-4.5007237557154705
4710.703,-0.49334752728080905,-4.503764311386771
4710.723,-0.48382137373003614,-4.506805502184287
4710.743,-0.47429041817263,-4.509842496276209
4710.763,-0.46475236144508797,-4.512902828908709
4710.783,-0.45522635239566794,-4.515943712106228
4710.803,-0.4457005377418395,-4.51898537647067
4710.823,-0.43617472967693427,-4.522027060978662
4710.843,-0.4266489260833547,-4.525068759424764
4710.863,-0.41712312743789687,-4.5281104717287795
4710.883,-0.40759733305752627,-4.531152198078215
4710.903,-0.39807154338147027,-4.534193938165316
4710.923,-0.3885462462908627,-4.53724428443326
4710.943,-0.379012074716976,-4.540300002563835
4710.963,-0.3694781506323603,-4.543356370855856
4710.983,-0.3599444229415395,-4.546413269536442
4711.003,-0.3504108841491582,-4.549470676648525
4711.023,-0.3408775418274256,-4.552528589347955
4711.043,-0.3313444181872374,-4.555587013172048
4711.063,-0.3218196513653479,-4.558632007873592
4711.083,-0.3122949521513013,-4.56167717676042
4711.103,-0.30277025752271747,-4.564722361162959
4711.123,-0.2932455662464634,-4.567767559674694
4711.143,-0.2837208788780589,-4.570812772272692
4711.163,-0.27419619479048674,-4.573857999010019
4711.183,-0.26467151456484445,-4.576903239879632
4711.203,-0.2551468381546412,-4.57994849468563
4711.223,-0.24562216498866776,-4.582993763630306
4711.243,-0.23609749565187987,-4.586039046561539
4711.263,-0.22657283017980345,-4.589084343577832
4711.283,-0.2170481680026084,-4.59212965473591
4711.303,-0.2075235097347696,-4.595174979883494
4711.323,-0.1979988554105951,-4.59822031897311
4711.343,-0.1884742045132227,-4.601265672207669
4711.363,-0.17894955765284118,-4.604311039288719
4711.383,-0.1694249148871599,-4.607356420168238
4711.403,-0.15990027571720247,-4.610401815049819
4711.423,-0.15037564079839655,-4.613447223781441
4711.443,-0.14085101020180257,-4.616492646316164
4711.463,-0.1313263840296275,-4.619538082753599
4711.483,-0.12180176174586237,-4.622583533005274
4711.503,-0.11227714404359196,-4.625628997067721
4711.523,-0.102752531001915,-4.628674474896402
4711.543,-0.09322792206243559,-4.631719966258082
4711.563,-0.0837033179417996,-4.63476547129952
4711.583,-0.07417871871735705,-4.637810989979119
4711.603,-0.06464361886790093,-4.640878343181411
4711.623,-0.05510988174193756,-4.643948909207285
4711.643,-0.04558607226896731,-4.64699741216135
4711.663,-0.03606251674691609,-4.650046440666714
4711.683,-0.026539120598660045,-4.6530958337260095
4711.703,-0.017015840879125107,-4.6561454985456265
4711.723,-0.00749265644967367,-4.659195384072187
4711.743,0.0020319401201080757,-4.6622454053219196
4711.763,0.011584155980763042,-4.665340565828591
4711.783,0.021109610142152888,-4.668381861361914
4711.803,0.030631402883518233,-4.671430572843092
4711.823,0.04018302827683518,-4.674527138612583
4711.843,0.04971323294760853,-4.677593989438592
4711.863,0.05923590257529772,-4.680645489431729
4711.883,0.06875857230702985,-4.683697000316689
4711.903,0.07828123719609963,-4.68674852477803
4711.923,0.08782331167210894,-4.689821838174617
4711.943,0.09735408185383686,-4.692888567658016
4711.963,0.1068970018444922,-4.695958865088549
4711.983,0.11643990172021434,-4.699028780124517
4712.003,0.12597036991481692,-4.702096302337812
4712.023,0.13548685148571254,-4.7051575206072584
4712.043,0.14500884706519188,-4.7082110415180916
4712.063,0.15453075008691503,-4.711264930083565
4712.083,0.1640526472575966,-4.714318835597342
4712.103,0.1735745399455506,-4.717372755165926
4712.123,0.1830964276925606,-4.7204266885902095
4712.143,0.19261831120882733,-4.723480635914221
4712.163,0.20214012089606093,-4.726535167586298
4712.183,0.21166672492298158,-4.7295860270634975
4712.203,0.2211898133903438,-4.7326375559582825
4712.223,0.23071292055724274,-4.735689020052474
4712.243,0.24023604966353734,-4.7387404289448085
4712.263,0.24975920110470048,-4.741791779177101
4712.283,0.25928237643672786,-4.7448430507346995
4712.303,0.2688056058577192,-4.747894113712515
4712.323,0.2783276000564196,-4.750947748488118
4712.343,0.2878495587962071,-4.7540014759050475
4712.363,0.29737151383852173,-4.757055218200557
4712.383,0.30689346491939085,-4.760108974645404
4712.403,0.3164154121180229,-4.763162745034902
4712.423,0.3259373560070081,-4.766216529716826
4712.443,0.33545929605607533,-4.7692703283902
4712.463,0.34498123287022897,-4.772324141111117
4712.483,0.3545031658465806,-4.775377967873096
4712.503,0.3640250949836787,-4.778431808627901
4712.523,0.37354702083262,-4.78148566357985
4712.543,0.3830689427864845,-4.784539532575838
4712.563,0.3925908608179441,-4.787593415568491
4712.583,0.4021127748896215,-4.7906473125098525
4712.603,0.4116346855185033,-4.793701223604314
4712.623,0.42115659209192385,-4.796755148552058
4712.643,0.43067849455290236,-4.7998090873056745
4712.663,0.4402003933974122,-4.802863040069104
4712.683,0.4497222879711933,-4.805917006690043
4712.703,0.45924417820128766,-4.808970987121204
4712.723,0.4687660639852335,-4.812024981462373
4712.743,0.4782879458588078,-4.815078989626114
4712.763,0.48780982312871446,-4.818133011608143
4712.783,0.4973316957421538,-4.821187047217405
4712.803,0.5068535642053674,-4.824241096515132
4712.823,0.5163754278280156,-4.8272951595006415
4712.843,0.5258972865331889,-4.830349236132556
4712.863,0.5354207065256656,-4.83340337019431
4712.883,0.5449274075056835,-4.836442275175392
4712.903,0.5544494471450112,-4.839495168076297
4712.923,0.5639717219028315,-4.842547676289216
4712.943,0.5734941216906546,-4.8456000106918715
4712.963,0.583016583822946,-4.8486522293519005
4712.983,0.592539070897734,-4.851704352736672
4713.003,0.6020811168616539,-4.854792730779386
4713.023,0.6116170032013875,-4.857866636395211
4713.043,0.6211368890829363,-4.86093127735808
4713.063,0.6306782348859918,-4.864021515932479
4713.083,0.640213663984622,-4.867097784506348
4713.103,0.6497315734733753,-4.8701658290718814
4713.123,0.6592483776240707,-4.873227371266387
4713.143,0.6687703798203455,-4.876279886512584
4713.163,0.6782906990048829,-4.879338739178859
4713.183,0.687810996738877,-4.882397638571575
4713.203,0.697331288855315,-4.88545655194629
4713.223,0.7068594970860604,-4.888532100595942
4713.243,0.716381137470724,-4.8915891977028405
4713.263,0.7258959498970585,-4.894644194430117
4713.283,0.7354167559337562,-4.897704911974524
4713.303,0.7449367930527467,-4.900764609974264
4713.323,0.7544568244478583,-4.903824328980371
4713.343,0.7639768507719588,-4.906884061697781
4713.363,0.7734968726864364,-4.909943808404371
4713.383,0.7830214439086751,-4.91300052278289
4713.403,0.7925426139363,-4.916058099499371
4713.423,0.8020638536125732,-4.9191153705023805
4713.443,0.8115851121627028,-4.922172587680368
4713.463,0.8211063906512186,-4.9252297566780125
4713.483,0.8306276872665375,-4.928286881615189
4713.503,0.8401490014072666,-4.931343963445397
4713.523,0.8496703335475093,-4.934400995292829
4713.543,0.8591916865096086,-4.937457950666683
4713.563,0.868713115335817,-4.940514617027928
4713.583,0.8782332480149145,-4.943574039184685
4713.603,0.8877533642081922,-4.946633506478074
4713.623,0.8972734768885164,-4.949692988220347
4713.643,0.9067935856167363,-4.952752484115447
4713.663,0.916313691027185,-4.9558119942154235
4713.683,0.9258337925717676,-4.958871518364778
4713.703,0.9353538902775578,-4.961931056514396
4713.723,0.9448739847481149,-4.964990608721732
4713.743,0.9543940753523065,-4.9680501751264625
4713.763,0.9639141621134832,-4.9711097555340285
4713.783,0.9734342456072784,-4.9741693500031605
4713.803,0.9829543251988827,-4.977228958526826
4713.823,0.9924744008595062,-4.980288581057856
4713.843,1.0019944725239103,-4.983348217695116
4713.863,1.0115145407869301,-4.986407868204045
4713.883,1.0210346049556254,-4.989467532724117
1758191633.9696577,-0.7270118718003014,-4.047158144528325
4713.903,-0.7170571413225435,-4.048104989744123
4713.923,-0.7071024113842747,-4.049051849434511
4713.943,-0.6971476826579387,-4.049998723590538
4713.963,-0.6871929552259534,-4.050945612181917
4713.983,-0.6772382291662571,-4.051892515328492
4714.003,-0.6672835039817069,-4.05283943268196
4714.023,-0.6573287803433546,-4.0537863645353145
4714.043,-0.647374058345322,-4.054733310713321
4714.063,-0.6374193380680049,-4.0556802713396065
4714.083,-0.6274646195974887,-4.056627246389599
4714.103,-0.6175099024198624,-4.057574235817481
4714.123,-0.6075539935684263,-4.058518121423249
4714.143,-0.5975994953318462,-4.05946611982244
4714.163,-0.5876447725709039,-4.060411251189232
4714.183,-0.5776899127213866,-4.061356026944564
4714.203,-0.5677349792237678,-4.062300626758428
4714.223,-0.5577800167932062,-4.063245107562518
4714.243,-0.5478250553817506,-4.06418949408703
4714.263,-0.5378695678136706,-4.065144060874808
4714.283,-0.5278877612709626,-4.066119711172213
4714.303,-0.5179149068929287,-4.06708279541849
4714.323,-0.5079600642801425,-4.068040779678448
4714.343,-0.4979785275379805,-4.069018527782212
4714.363,-0.48802394304198793,-4.069969211428901
4714.383,-0.47807175851443845,-4.070927448211402
4714.403,-0.4681166803881068,-4.071875000029063
4714.423,-0.45816233924687183,-4.072825833534089
4714.443,-0.44820800385879345,-4.073776695313706
4714.463,-0.4382424063957806,-4.074732298609171
4714.483,-0.42828761880797717,-4.07567827111519
4714.503,-0.41833360874849956,-4.076621040911434
4714.523,-0.408377546971968,-4.077563783886217
4714.543,-0.3984231956490291,-4.0785140170341
4714.563,-0.38846883700244683,-4.079464608747243
4714.583,-0.37851448024918377,-4.080415217917787
4714.603,-0.3685601254827457,-4.081365841675779
4714.623,-0.3586057720012289,-4.082316480041706
4714.643,-0.34865152297916385,-4.0832675513348
4714.663,-0.338696527410547,-4.084215847646012
4714.683,-0.3287415328492279,-4.085163996997345
4714.703,-0.3187865307920628,-4.086112090877097
4714.723,-0.30883151939847786,-4.087060134794247
4714.743,-0.2988764998591812,-4.088008132808754
4714.763,-0.2889214722851656,-4.088956084949223
4714.783,-0.2789664385475839,-4.08990398250181
4714.803,-0.26901140142801344,-4.090851790404799
4714.823,-0.2590568367896935,-4.091801839213666
4714.843,-0.24910247128754487,-4.092752407532921
4714.863,-0.2391481088785476,-4.093703003527807
4714.883,-0.22919374735354694,-4.09465361423185
4714.903,-0.2192393860520722,-4.095604239440982
4714.923,-0.20928502553111286,-4.096554879265516
4714.943,-0.1993306657707674,-4.097505533500783
4714.963,-0.18937630615074708,-4.098456202369989
4714.983,-0.17942194726072153,-4.099406885844612
4715.003,-0.16946758910614018,-4.100357583876857
4715.023,-0.1595132311044513,-4.1013082963998
4715.043,-0.14955887386999273,-4.102259023540599
4715.063,-0.13960451743392438,-4.103209765258051
4715.083,-0.12965016183767458,-4.104160521512601
4715.103,-0.11969580653857682,-4.105111292096044
4715.123,-0.1097414521836359,-4.106062077142581
4715.143,-0.09978709882916582,-4.107012876766433
4715.163,-0.08983274654473401,-4.107963690934085
4715.183,-0.07987839481315048,-4.108914519442945
4715.203,-0.06992404430354025,-4.109865362432471
4715.223,-0.05996969509301292,-4.110816220021626
4715.243,-0.05001534727627519,-4.111767091883823
4715.263,-0.04006100033986048,-4.112717978118434
4715.283,-0.030106654960694083,-4.113668878869113
4715.303,-0.02015231123265232,-4.114619793960854
4715.323,-0.010197969236095034,-4.115570723517525
4715.343,-0.00024362846111827471,-4.116521667493198
4715.363,0.009708333647164856,-4.117463604646065
4715.383,0.019662848043163067,-4.118415109154993
4715.403,0.02961682855222716,-4.119369529980677
4715.423,0.03957073325419918,-4.120323936451644
4715.443,0.04952469548248241,-4.121278075703199
4715.463,0.05947868480897481,-4.122232116808259
4715.483,0.06943267931086006,-4.123186159433877
4715.503,0.07938666266241008,-4.124140269778655
4715.523,0.08933992513693206,-4.125097097166515
4715.543,0.09929881027463687,-4.126050902369594
4715.563,0.10927224789075562,-4.127025862025229
4715.583,0.11922485612743942,-4.127984886965254
4715.603,0.1291834839121785,-4.128939540426998
4715.623,0.13913148076556087,-4.129879202428687
4715.643,0.14908851338100487,-4.130825895532021
4715.663,0.159042863360788,-4.131777736415242
4715.683,0.1689970372735419,-4.132730309956884
4715.703,0.178951207008284,-4.133682904816473
4715.723,0.18892205836237075,-4.134657038134949
4715.743,0.1988746094286852,-4.135613318707501
4715.763,0.20884326581529863,-4.136583623284599
4715.783,0.21879899206626227,-4.137546324919402
4715.803,0.2287529839701634,-4.138500532294661
4715.823,0.2387069802348304,-4.139454914325288
4715.843,0.2486609745382551,-4.14040931236178
4715.863,0.258614966876154,-4.141363724971975
4715.883,0.2685689579517476,-4.142318152190818
4715.903,0.27852005594189444,-4.143279522145514
4715.923,0.2884746679709197,-4.144231759741082
4715.943,0.29842928030598415,-4.145183910782376
4715.963,0.3083839015054844,-4.146136007177138
4715.983,0.3183385316072946,-4.147088055169676
4716.003,0.32829316985793877,-4.1480400575484575
4716.023,0.33824781546457644,-4.148992014187132
4716.043,0.34820246714677927,-4.149943913549025
4716.063,0.3581571217579475,-4.150895708528459
4716.083,0.36811119547270316,-4.1518497046964935
4716.103,0.3780651776843668,-4.152804273797172
4716.123,0.388019158129231,-4.1537588627091235
4716.143,0.39797313772112025,-4.154713466411557
4716.163,0.40792711709951945,-4.155668084625408
4716.183,0.4178810957073503,-4.156622717462098
4716.203,0.4278350735669531,-4.1575773648666114
4716.223,0.4377890512866573,-4.158532026765883
4716.243,0.4477430282803833,-4.1594867032803595
4716.263,0.4563775216281786,-4.160845052533046
4716.283,0.46346202516881474,-4.162194682483448
4716.303,0.4687434577695482,-4.163372904186402
4716.323,0.4726804018375003,-4.164236212203277
4716.343,0.47590037289178216,-4.164538332696168
4716.363,0.4789402065592844,-4.164013472049007
4716.383,0.48104167244631924,-4.162944366105875
4716.403,0.4824537595828079,-4.161304278109166
4716.423,0.4836065746220488,-4.158958600119149
4716.443,0.4837877325700569,-4.156349481282959
4716.463,0.4838443283847147,-4.1536519875204
4716.483,0.48385254005642536,-4.150954090472165
4716.503,0.4838123110174341,-4.148256590551423
4716.523,0.4837236217729715,-4.145560325283432
4716.543,0.48358648039507074,-4.142866144858906
4716.563,0.4834009185774341,-4.140174907309347
4716.583,0.48316698865043867,-4.137487474814145
4716.603,0.48288476159619936,-4.134804711504174
4716.623,0.4825543264036069,-4.132127482186689
4716.643,0.48217578866769806,-4.129456650803364
4716.663,0.48174927046135047,-4.12679308031158
4716.683,0.48127490998618994,-4.124137631642506
4716.703,0.4807528609759582,-4.121491163369879
4716.723,0.4801832926972008,-4.1188545311158
4716.743,0.4795663900531425,-4.116228587722376
4716.763,0.4789023530608593,-4.113614182343327
4716.783,0.47819139696218743,-4.111012160498143
4716.803,0.47743375193645476,-4.108423363653982
4716.823,0.47662966336385176,-4.10584862893451
4716.843,0.4757793914738915,-4.10328878900162
4716.863,0.47488321099054315,-4.100744671762377
4716.883,0.4739414118523519,-4.098217099723339
4716.903,0.47295429811296413,-4.095706890367735
4716.923,0.47192218873716246,-4.093214855352185
4716.943,0.47084541693080667,-4.090741800636108
4716.963,0.46972433012640075,-4.088288525933298
4716.983,0.46855929013406294,-4.085855824796043
4717.003,0.4673506727957109,-4.083444483896007
4717.023,0.4660988677995938,-4.08105528348637
4717.043,0.46480427898980736,-4.078688996305983
4717.063,0.4634673236841587,-4.076346388014276
4717.083,0.46208843286954454,-4.074028216763608
4717.103,0.46066805147085477,-4.071735232913863
4717.123,0.4592066373104058,-4.069468178597689
4717.143,0.45770466175389896,-4.067227787883047
4717.163,0.4561626090131039,-4.065014786308278
4717.183,0.45458097652489526,-4.062829890616087
4717.203,0.4529602744940744,-4.060673808683782
4717.223,0.45130102594402816,-4.058547239355611
4717.243,0.4496037661090995,-4.0564508716184795
4717.263,0.4478690429279322,-4.054385385243222
4717.283,0.4460974165593598,-4.052351449798074
4717.303,0.4442894589312851,-4.050349725008715
4717.323,0.4424457540416389,-4.0483808602387565
4717.343,0.44056689759691975,-4.046445494185145
4717.363,0.43865349666703596,-4.044544254766739
4717.383,0.43670616981663896,-4.042677758915243
4717.403,0.4347255466895333,-4.040846612487482
4717.423,0.43271226765265647,-4.039051409867998
4717.443,0.4306669839645616,-4.037292733724533
4717.463,0.42859035712768206,-4.035571154887309
4717.483,0.426483059112037,-4.033887232425136
4717.503,0.42434577201905976,-4.032241512878164
4717.523,0.42217918748803374,-4.030634530543104
4717.543,0.419984006894581,-4.029066806997715
4717.563,0.4177609409369222,-4.02753885132581
4717.583,0.4155107094933215,-4.02605115903291
4717.603,0.4132340410547348,-4.024604213220131
4717.623,0.4109316729168658,-4.023198483460225
4717.643,0.40860435092497555,-4.021834425516746
4717.663,0.40625282867971085,-4.02051248226486
4717.683,0.40387786760336075,-4.019233082584844
4717.703,0.4014802371143129,-4.0179966411135295
4717.723,0.3990607137132453,-4.016803558979812
4717.743,0.39662008110719,-4.015654222957459
4717.763,0.3941591297253834,-4.014549005807857
4717.783,0.3916786566116475,-4.013488265615375
4717.803,0.3891794652388194,-4.012472346013791
4717.823,0.38666236501959284,-4.011501576389605
4717.843,0.3841281712079161,-4.010576271111305
4717.863,0.3815777044309216,-4.009696730048147
4717.883,0.3801199100942988,-4.005454615007829
4717.903,0.3797275835507662,-3.9988676543928876
4717.923,0.38046536300440303,-3.991141870456799
4717.943,0.38234399140627273,-3.9822572530309936
4717.963,0.38498292405911333,-3.9726114224287463
4717.983,0.38761969278177644,-3.9629644698065967
4718.003,0.39012757279270843,-3.9526903185396955
4718.023,0.3926961834671403,-3.9429916745708735
4718.043,0.39532405803719034,-3.93334214774855
4718.063,0.39795012557823545,-3.9236923676688753
4718.083,0.400586061319174,-3.9140474257279947
4718.103,0.40322085649175987,-3.904401869429809
4718.123,0.4058549197597387,-3.894755907435616
4718.143,0.40848845631627045,-3.8851096512880594
4718.163,0.4111165346196803,-3.875461509062059
4718.183,0.4137445866369744,-3.8658133671456225
4718.203,0.41637263367355143,-3.856165222158791
4718.223,0.419000667244094,-3.8465170730591263
4718.243,0.42162868466536413,-3.8368689193394587
4718.263,0.42425668596045474,-3.827220760944134
4718.283,0.4268846711074098,-3.817572597799995
4718.303,0.42951264015776525,-3.807924429862649
4718.323,0.4321405931308388,-3.7982762570798507
4718.343,0.4347685301926498,-3.7886280788273816
4718.363,0.43739645122391346,-3.778979895644555
4718.383,0.4400243562520043,-3.769331707499718
4718.403,0.44265224640850365,-3.7596835147150878
4718.423,0.44528012062517,-3.750035316925268
4718.443,0.44790797890217554,-3.740387114108075
4718.463,0.4505358213125094,-3.7307389062734777
4718.483,0.4531636480760243,-3.721090692858212
4718.503,0.4557914590187154,-3.7114424744340386
4718.523,0.4584192542194495,-3.70179425103312
4718.543,0.461047033722338,-3.692146022685902
4718.563,0.4636747975373578,-3.682497789417355
4718.583,0.46630254574560526,-3.672849551283862
4718.603,0.46893027835786494,-3.6632013083243833
4718.623,0.471557995635166,-3.6535530600401755
4718.643,0.474185696306849,-3.643904806702181
4718.663,0.4768051425577317,-3.63424103316117
4718.683,0.4794252393057522,-3.6245771358842287
4718.703,0.4820448596928034,-3.6149130260874465
4718.723,0.4846638821723297,-3.605248715594317
4718.743,0.48728229788825084,-3.5955842217885783
4718.763,0.4899001100343964,-3.5859195545556517
4718.783,0.49251732045770874,-3.5762547203302297
4718.803,0.4951339290480878,-3.5665897216906663
4718.823,0.49774993483003577,-3.5569245609066393
4718.843,0.5003653360806649,-3.547259237907425
4718.863,0.5029801318068148,-3.5375937539919797
4718.883,0.5055943192297847,-3.5279281091174655
4718.903,0.5082078972676215,-3.518262305247146
4718.923,0.5108208633292927,-3.508596342369706
4718.943,0.5134332159922826,-3.4989302216828966
4718.963,0.5160526296562453,-3.489279699089165
4718.983,0.5186716047922048,-3.479629075488361
4719.003,0.5212905604898548,-3.4699784474432493
4719.023,0.5239095006534474,-3.460327815878823
4719.043,0.5265284253246956,-3.450677180840145
4719.063,0.5291473346488131,-3.4410265417743773
4719.083,0.531766228478856,-3.4313758992810883
4719.103,0.5343857118560807,-3.4217252654443224
4719.123,0.5370090683728561,-3.412075922105565
4719.143,0.5396163507932058,-3.4024209809933295
4719.163,0.5422386094519972,-3.392772349337035
4719.183,0.5448532051137592,-3.38312018922954
4719.203,0.5474476487629263,-3.373466447487625
4719.223,0.550065332564625,-3.3638148711384086
4719.243,0.5526935110641665,-3.354168731506012
4719.263,0.5553089678424094,-3.3444914881240053
4719.283,0.5579298023878378,-3.334838967751855
1758191641.0318584,-0.5268489303065931,-3.477265973545529
4719.303,-0.5169096933709121,-3.475963306945635
4719.323,-0.5069910507504634,-3.4746745606104374
4719.343,-0.4970743405163327,-3.4733854430769173
4719.363,-0.4871575854822076,-3.4720971557465203
4719.383,-0.4772408693043287,-3.4708093967135887
4719.403,-0.4673241843565352,-3.469522022091671
4719.423,-0.4574081093695439,-3.4682317252720365
4719.443,-0.44749203909953417,-3.466941418799915
4719.463,-0.4375759708278633,-3.465651096870681
4719.483,-0.4276599045586788,-3.4643607582709404
4719.503,-0.4177438402270151,-3.463070402982495
4719.523,-0.40782777777175044,-3.461780030953487
4719.543,-0.3979117171294784,-3.4604896422104514
4719.563,-0.387995658241513,-3.4591992367469278
4719.583,-0.3780796004644283,-3.457908814470897
4719.603,-0.36816354433788656,-3.4566183754758977
4719.623,-0.3582474898178466,-3.45532791977038
4719.643,-0.3483314368670424,-3.454037447330704
4719.663,-0.33841538544896654,-3.4527469582129897
4719.683,-0.32849933553794974,-3.4514564524042393
4719.703,-0.3185832871092483,-3.450165929971091
4719.723,-0.3086672401479331,-3.448875390948234
4719.743,-0.2987511946476643,-3.4475848353380365
4719.763,-0.28883515001031057,-3.4462942631686695
4719.783,-0.2789191068332553,-3.445003674542093
4719.803,-0.26900306513207417,-3.4437130694741382
4719.823,-0.25908702492041485,-3.442422448058251
4719.843,-0.2491709862234626,-3.441131810354275
4719.863,-0.2392549490740542,-3.439841156387453
4719.883,-0.22933891350600055,-3.438550486259716
4719.903,-0.219422879560105,-3.4372598000373507
4719.923,-0.20950648519918347,-3.4359703511508792
4719.943,-0.19958988010671785,-3.4346816031440666
4719.963,-0.18967322742093543,-3.433393120595736
4719.983,-0.1797565512540162,-3.4321047889555008
4720.003,-0.16983986057743491,-3.43081655553465
4720.023,-0.159923159598561,-3.4295283949769435
4720.043,-0.15000645022399814,-3.428240295946502
4720.063,-0.1400897326789391,-3.4269522539629262
4720.083,-0.13017300768251688,-3.4256642694738524
4720.103,-0.12025627542651042,-3.4243763402460288
4720.123,-0.11033953568676848,-3.4230884678264855
4720.143,-0.1004227879731817,-3.421800656271621
4720.163,-0.09050603179553447,-3.4205129089484707
4720.183,-0.08058926677236011,-3.419225226696504
4720.203,-0.0706724919653079,-3.417937616496
4720.223,-0.06075639223826844,-3.416647400357699
4720.243,-0.05084031788543636,-3.4153570354452065
4720.263,-0.040924246419797104,-3.414066653618093
4720.283,-0.03100817766355378,-3.4127762561146384
4720.303,-0.02109211175639985,-3.411485841739333
4720.323,-0.01117604861095962,-3.410195411726293
4720.343,-0.0012599882459035563,-3.4089049660781647
4720.363,0.00865627137260897,-3.4076149841692427
4720.383,0.018567923240612218,-3.406326785961471
4720.403,0.028478651317363254,-3.4050265826279005
4720.423,0.03839288661117891,-3.4037385370913733
4720.443,0.048309999455776055,-3.402448806759582
4720.463,0.05823895780595593,-3.401141053755429
4720.483,0.06815419650142476,-3.39984045354149
4720.503,0.0781115054632424,-3.398513956126147
4720.523,0.08802982135963595,-3.397222685558256
4720.543,0.09794314567359971,-3.3959344085389205
4720.563,0.10786145027088935,-3.3946430143755744
4720.583,0.11777478403747119,-3.393354679305467
4720.603,0.12769125168407977,-3.3920635874444804
4720.623,0.13760771410366252,-3.3907732311705026
4720.643,0.14752413824876975,-3.389483367638512
4720.663,0.15744053334537816,-3.3881938658211155
4720.683,0.1673563216779269,-3.386901385488402
4720.703,0.17727210681470817,-3.385608891048659
4720.723,0.1871878898873107,-3.3843163799572924
4720.743,0.19710367156639583,-3.383023852087317
4720.763,0.20701945132613633,-3.3817313075116533
4720.783,0.2169352292271555,-3.3804387461785463
4720.803,0.22685100533233626,-3.379146168114714
4720.823,0.23676677969972237,-3.3778535733139665
4720.843,0.2466825523783239,-3.3765609617379653
4720.863,0.25659832352921397,-3.37526833461449
4720.883,0.2665140930876666,-3.373975690765289
4720.903,0.2764298610899613,-3.3726830301672313
4720.923,0.28634562757163035,-3.3713903528769693
4720.943,0.29626139315420097,-3.370097658865197
4720.963,0.30617715726058325,-3.3688049481789153
4720.983,0.31609291990932437,-3.367512220890286
4721.003,0.3260086811071557,-3.3662194770395355
4721.023,0.33592444085253986,-3.364926716634259
4721.043,0.3458401991421654,-3.3636339397608688
4721.063,0.35575595596448806,-3.3623411464724606
4721.083,0.3656717112962629,-3.3610483367889037
4721.103,0.375587465116447,-3.359755510807189
4721.123,0.3855032173927384,-3.358462668590127
4721.143,0.3954189680854933,-3.357169810165372
4721.163,0.40533471774818414,-3.3558769355826454
4721.183,0.4152509182110318,-3.354585542865216
4721.203,0.42516725160257074,-3.3532946777104176
4721.223,0.43508362486446317,-3.3520040447300974
4721.243,0.4450000193559196,-3.3507135484344244
4721.263,0.4549164274121213,-3.3494231431450685
4721.283,0.46483284542133585,-3.348132807098531
4721.303,0.47474927191198857,-3.3468425321672233
4721.323,0.48466570547198035,-3.345552313544364
4721.343,0.4945821465962736,-3.3442621508839836
4721.363,0.5044985952261496,-3.342972043603474
4721.383,0.5144150516590466,-3.3416819942411395
4721.403,0.5243315158058145,-3.340392006379154
4721.423,0.5342479886511169,-3.3391020824586004
4721.443,0.5441644708160457,-3.337812225658623
4721.463,0.5540809623161737,-3.336522440285504
4721.483,0.5639967691930338,-3.335229991655092
4721.503,0.5739125591899721,-3.3339374443450014
4721.523,0.5838283462706416,-3.33264487934561
4721.543,0.5937441306444547,-3.3313522986628956
4721.563,0.6036599122842832,-3.330059702319461
4721.583,0.6135756911626903,-3.3287670902865174
4721.603,0.6234914672672158,-3.3274744626019723
4721.623,0.6334068546444092,-3.3261930813938556
4721.643,0.6433209160757711,-3.3248957533615884
4721.663,0.6532371368636406,-3.3236023702969653
4721.683,0.6631761772324508,-3.322296384369609
4721.703,0.6730923831327088,-3.321008101585866
4721.723,0.6830496890845096,-3.319680549005107
4721.743,0.6929611048837047,-3.3183894381209673
4721.763,0.7028741137967235,-3.3170999198210347
4721.783,0.7127848509062231,-3.315795393877642
4721.803,0.7226983268054368,-3.314489068226251
4721.823,0.732609021327561,-3.3131842474436146
4721.843,0.7425224652551551,-3.311877807189076
4721.863,0.752449949089803,-3.310568659582879
4721.883,0.7623771922965625,-3.309259462954164
4721.903,0.772304201859374,-3.307949926083406
4721.923,0.7822195953692852,-3.3066538118812194
4721.943,0.7921348784712358,-3.3053575271409894
4721.963,0.8020501750177145,-3.304061296536613
4721.983,0.8119654721861831,-3.302765060832486
4722.003,0.821880768023582,-3.3014688110635895
4722.023,0.831796061964307,-3.300172544595715
4722.043,0.841711354060501,-3.298876261354904
4722.063,0.8516266443762603,-3.2975799613675836
4722.083,0.8615419329671518,-3.296283644628022
4722.103,0.8714572198832023,-3.2949873110979673
4722.123,0.8813725052842675,-3.2936909620056727
4722.143,0.8912877896986676,-3.2923945961185677
4722.163,0.9012030725663597,-3.2910982134688576
4722.183,0.911118353923699,-3.289801814113444
4722.203,0.9210336337962259,-3.2885053980776666
4722.223,0.9309489121997492,-3.2872089653550445
4722.243,0.9408641891517426,-3.285912516018246
4722.263,0.9507794646578137,-3.2846160501079966
4722.283,0.9606947387186722,-3.2833195676694586
4722.303,0.970610011323092,-3.2820230687152767
4722.323,0.9805252824618547,-3.2807265533360446
4722.343,0.9904405521140198,-3.2794300215890515
4722.363,1.000355820250731,-3.2781334734973724
4722.383,1.0102710868421343,-3.276836909161119
4722.403,1.020186351851039,-3.275540328645165
4722.423,1.0301022833334244,-3.2742338874892933
4722.443,1.0400293185573337,-3.2729237756114435
4722.463,1.0499563058016848,-3.2716136685378134
4722.483,1.059883190162579,-3.2703030988835917
4722.503,1.0698099761942153,-3.268991972077293
4722.523,1.0797366712808647,-3.2676802570238395
4722.543,1.089663279061536,-3.266367941440028
4722.563,1.0995898010276657,-3.265055016642738
4722.583,1.1095162384122859,-3.263741478626452
4722.603,1.1194425903357739,-3.262427322746276
4722.623,1.1293688575170155,-3.261112546417704
4722.643,1.1392950383362095,-3.259797147854003
4722.663,1.1492211314125238,-3.2584811265604317
4722.683,1.1591471359556689,-3.2571644780954365
4722.703,1.1690730501400177,-3.2558472031829555
4722.723,1.1789988712705168,-3.254529300342296
4722.743,1.188912936531983,-3.2532235717272235
4722.763,1.19882699201315,-3.251917786384651
4722.783,1.2087410447415816,-3.2506119849572275
4722.803,1.2186550947457213,-3.2493061678054236
4722.823,1.2285691420022198,-3.2480003349835607
4722.843,1.2384831863770587,-3.246694485311352
4722.863,1.2483972279628885,-3.2453886199377537
4722.883,1.25832185323215,-3.2440784614882405
4722.903,1.2682343159807523,-3.242775608845366
4722.923,1.2781603097861898,-3.241452524049015
4722.943,1.288073546043922,-3.2401368093271596
4722.963,1.2980288616392197,-3.2387950541004638
4722.983,1.3079452890192416,-3.237488679401652
4723.003,1.317875183660035,-3.2361636758863663
4723.023,1.3277846603689765,-3.2348374340824395
4723.043,1.3376962390356892,-3.2335236309765256
4723.063,1.347610570520653,-3.2322218534535216
4723.083,1.357522122934343,-3.2309081114063165
4723.103,1.3674364228489664,-3.229606147882141
4723.123,1.3773504965335472,-3.2283042315338037
4723.143,1.387264650736341,-3.2270018366174393
4723.163,1.397178851584888,-3.2256990734114583
4723.183,1.4070926522810612,-3.22439120631189
4723.203,1.4170064209689628,-3.2230833271407247
4723.223,1.426920187265063,-3.2217754318021905
4723.243,1.436833951526526,-3.2204675197657635
4723.263,1.44674771382185,-3.2191595910072657
4723.283,1.456661474216325,-3.2178516455084907
4723.303,1.4665752327676727,-3.2165436832182075
4723.323,1.4764889895395181,-3.215235704163359
4723.343,1.486402744698343,-3.213927709525434
4723.363,1.4963164981817498,-3.212619698079845
4723.383,1.5062302500395732,-3.211311669868332
4723.403,1.5161440003149707,-3.2100036249005695
4723.423,1.526057749040371,-3.208695563154735
4723.443,1.5359714962512154,-3.207387484688362
4723.463,1.545885241971546,-3.2060793895274897
4723.483,1.555798986810786,-3.2047712776102935
4723.503,1.5657127301901839,-3.203463149066115
4723.523,1.5756264721160638,-3.2021550039360527
4723.543,1.5855402125827478,-3.2008468422290024
4723.563,1.5954539515866486,-3.1995386640321053
4723.583,1.6053676891122821,-3.1982304693995847
4723.603,1.6152814251394971,-3.196922258388936
4723.623,1.6251951596365946,-3.1956140310238483
4723.643,1.6351088925746795,-3.194305787404502
4723.663,1.6450226239139156,-3.1929975275962335
4723.683,1.6549345687821626,-3.1916903082329524
4723.703,1.6648490187408074,-3.190385027157643
4723.723,1.6747634589035023,-3.1890795506750136
4723.743,1.6846778835505265,-3.187773963943987
4723.763,1.6945923012114794,-3.186468335038402
4723.783,1.7045067177272808,-3.1851627042297626
4723.803,1.714421136446265,-3.1838570936472377
4723.823,1.724335559577679,-3.1825515186578084
4723.843,1.7342499881593945,-3.181245986410499
4723.863,1.744164423345615,-3.1799405042713786
4723.883,1.7540788654607464,-3.178635074513557
4723.903,1.763993315269379,-3.177329702833099
4723.923,1.7739077732691009,-3.1760243923025784
4723.943,1.7838222398688974,-3.174719144883622
4723.963,1.793736715957854,-3.1734139660012084
4723.983,1.803650687136862,-3.172106516633304
4724.003,1.8135644627400669,-3.1707986009157807
4724.023,1.8234782340525497,-3.169490656630543
4724.043,1.8333920026598907,-3.1681826965148874
4724.063,1.8433057685507301,-3.1668747207055383
4724.083,1.8532195316969402,-3.1655667292156435
4724.103,1.8631332919625936,-3.1642587208258526
4724.123,1.8730470494477205,-3.1629506967576906
4724.143,1.882958892085532,-3.161637021749572
4724.163,1.8928724635926133,-3.1603383945938477
4724.183,1.9027867711379134,-3.159034928327454
4724.203,1.9127007357133117,-3.157715865417463
4724.223,1.9226125397256186,-3.1564080196202706
4724.243,1.9325255970425754,-3.155103445003823
4724.263,1.942439053632641,-3.1537906677269496
4724.283,1.9523497901666225,-3.152462710184899
4724.303,1.9622779031159765,-3.1511339030155967
4724.323,1.9721849002551686,-3.1498269731624053
4724.343,1.982112967426129,-3.1484970720118524
4724.363,1.9920264361605577,-3.147192619718688
4724.383,2.001940267024231,-3.145888574557823
4724.403,2.0118541657024798,-3.144584070147841
4724.423,2.0217681079046055,-3.1432792191188708
4724.443,2.031681622416037,-3.1419693144618344
4724.463,2.041595125145495,-3.1406594234182967
4724.483,2.0515086256723203,-3.1393495158386915
4724.503,2.0614221241845683,-3.1380395915420123
4724.523,2.071335620750203,-3.136729650505711
4724.543,2.0812491154287605,-3.1354196926747715
4724.563,2.091162608286267,-3.1341097180720663
1758191647.9576426,-0.48120763889957363,-3.104775698027415
4724.583,-0.4712080776189541,-3.104729123265766
4724.603,-0.46120851594850426,-3.1046825328277214
4724.623,-0.45120895379920506,-3.1046359254908893
4724.643,-0.44120939112594326,-3.104589301303301
4724.663,-0.43120982788993323,-3.1045426602803934
4724.683,-0.42121026405549666,-3.1044960024050243
4724.703,-0.41121069959717155,-3.104449327739159
4724.723,-0.40121113449508067,-3.104402636312091
4724.743,-0.39121156873377744,-3.1043559281202966
4724.763,-0.3812120023091662,-3.104309203238974
4724.783,-0.37121243522135466,-3.104262461710078
4724.803,-0.3612128674795188,-3.1042157035792957
4724.823,-0.35121329909697885,-3.1041689288584515
4724.843,-0.3412137300982709,-3.10412213763687
4724.863,-0.3312141605117514,-3.10407532996924
4724.883,-0.3212145903729382,-3.104028505875196
4724.903,-0.31121501972409976,-3.103981665450541
4724.923,-0.30121544861391897,-3.103934808755054
4724.943,-0.2912150677863793,-3.103891880675748
4724.963,-0.2812151522665608,-3.1038481100693
4724.983,-0.2712152301860896,-3.103804157384785
4725.003,-0.26121530956629324,-3.1037601087954156
4725.023,-0.25121539015671385,-3.1037160275131312
4725.043,-0.24121547128319748,-3.1036719497774317
4725.063,-0.23121555309800407,-3.1036278968660986
4725.083,-0.22121563477344672,-3.1035838815612853
4725.103,-0.21121571617645377,-3.10353991067329
4725.123,-0.20121579771298742,-3.1034959903890007
4725.143,-0.19121587877329574,-3.1034521249294937
4725.163,-0.1812159592567827,-3.103408317397
4725.183,-0.17121603969499324,-3.1033645719609395
4725.203,-0.16121611931235552,-3.1033208920277984
4725.223,-0.1512161985356209,-3.1032772818531034
4725.243,-0.1412165874105759,-3.1032317056918224
4725.263,-0.13121701515655385,-3.1031852978909287
4725.283,-0.12121744391974908,-3.103138866069559
4725.303,-0.11121787335825187,-3.103092418200153
4725.323,-0.10121830350291479,-3.103045954407946
4725.343,-0.09121873438215197,-3.1029994747004426
4725.363,-0.08121916601427714,-3.102952979040822
4725.383,-0.07121959837690361,-3.1029064662691357
4725.403,-0.06121961746314515,-3.1028502672880123
4725.423,-0.05121818711424215,-3.102806156297362
4725.443,-0.041200614366782934,-3.1027435506717675
4725.463,-0.03120065062756889,-3.1026916323587175
4725.483,-0.02120612349260647,-3.102644806264363
4725.503,-0.01120335612248151,-3.1025909680106905
4725.523,-0.0011902637047798408,-3.102527616877667
4725.543,0.008807810385734792,-3.102489277045861
4725.563,0.01885300798203614,-3.1024115389402667
4725.583,0.028850844121339432,-3.102373202069461
4725.603,0.03889608242094204,-3.10229488920415
4725.623,0.0489071745004834,-3.102233959269724
4725.643,0.05891869893480827,-3.10217290287307
4725.663,0.06893044689086242,-3.1021111557709364
4725.683,0.07894235192813007,-3.1020486925646003
4725.703,0.08894189087710545,-3.1019970238207097
4725.723,0.0989414419526857,-3.1019453614210017
4725.743,0.10894097097343046,-3.101893610116375
4725.763,0.11894050566378717,-3.1018419010533482
4725.783,0.12894004061529915,-3.1017901756254376
4725.803,0.13893957583168182,-3.101738433326338
4725.823,0.14893911137551585,-3.101686674145571
4725.843,0.1576936988785921,-3.101376709867808
4725.863,0.16496991522612972,-3.1010588185609094
4725.883,0.17041764668931747,-3.10091296732232
4725.903,0.17455846173307368,-3.1005609446178437
4725.923,0.17810469540455653,-3.0998803294062722
4725.943,0.18112210579958876,-3.0987539290413357
4725.963,0.1834707676120305,-3.0971170208338004
4725.983,0.18521180137046217,-3.0950723725400913
4726.003,0.18626694536185093,-3.092737855649269
4726.023,0.18648102406838737,-3.090103703430109
4726.043,0.186367206253599,-3.087355271084512
4726.063,0.18647115099962033,-3.0844925467994653
4726.083,0.18662877995813948,-3.08148039327996
4726.103,0.18659723031802966,-3.078532783804373
4726.123,0.1865258959727064,-3.075677345894749
4726.143,0.18642370924487378,-3.0727226937784238
4726.163,0.1862924754603039,-3.069830576520917
4726.183,0.18599557661722418,-3.0670486334247804
4726.203,0.18562109326105888,-3.064178663516514
4726.223,0.18522748775317277,-3.0614385686748284
4726.243,0.18464442286684069,-3.058814414671153
4726.263,0.18425356944401577,-3.055933212438834
4726.283,0.18367677433787552,-3.053117636832899
4726.303,0.18319549346212835,-3.050122984282231
4726.323,0.18249481293374045,-3.047342624433113
4726.343,0.18174588545228942,-3.0445616986804738
4726.363,0.18106573173535842,-3.041649371327567
4726.383,0.1803442353950245,-3.0387073688021333
4726.403,0.17958709506414092,-3.035841558849207
4726.423,0.1787345037567712,-3.032993668529257
4726.443,0.17766918766143133,-3.030343432375509
4726.463,0.17676557539560458,-3.0274891251888225
4726.483,0.17560573491295045,-3.024874953950367
4726.503,0.17436808292181166,-3.0223302408902426
4726.523,0.1731670148104785,-3.0196506467653403
4726.543,0.1719867586535539,-3.0170573462308887
4726.563,0.17052870943459514,-3.01470238506934
4726.583,0.16917652580934223,-3.0121688388129098
4726.603,0.1676330835369353,-3.009893235148874
4726.623,0.16623777134533682,-3.0073262625473953
4726.643,0.16479278390905275,-3.004781607643126
4726.663,0.1633232887161819,-3.0024064514812254
4726.683,0.1618095672570313,-2.9998134244612853
4726.703,0.16004215300328173,-2.9977743440237696
4726.723,0.1582376405886787,-2.9957665870228576
4726.743,0.15639728215402127,-2.9937916243482223
4726.763,0.15452167926465654,-2.991850101073162
4726.783,0.15261143810008573,-2.989942645592151
4726.803,0.1506671768268175,-2.9880698740865523
4726.823,0.14868952365725757,-2.986232392785023
4726.843,0.1466791184870552,-2.9844307957136533
4726.863,0.14463661131663003,-2.9826656658623896
4726.883,0.14256266241626306,-2.9809375745797912
4726.903,0.14045794245941548,-2.9792470812319998
4726.923,0.1383231324276881,-2.97759473268847
4726.943,0.13615892284177541,-2.9759810642827293
4726.963,0.13396601345858344,-2.974406598945516
4726.983,0.13174511400299446,-2.9728718463130845
4727.003,0.12949694273863807,-2.9713773045112544
4727.023,0.1272222276563841,-2.9699234571715682
4727.043,0.12492170458905644,-2.96851077656384
4727.063,0.12259611853252786,-2.9671397204310908
4727.083,0.12024622251988039,-2.9658107331361485
4727.103,0.11787277761319549,-2.9645242462334256
4727.123,0.11547655224995927,-2.963280677393369
4727.143,0.11305832260994239,-2.9620804305483457
4727.163,0.1106188723061505,-2.960923894862419
4727.183,0.10815899189521692,-2.9598114462374494
4727.203,0.10567947860436971,-2.958743445488174
4727.223,0.10318113571410502,-2.9577202401304015
4727.243,0.1006647733187554,-2.956742162175536
4727.263,0.09937280103240018,-2.952446901325169
4727.283,0.09923720978122315,-2.945850272818156
4727.303,0.10027509686668758,-2.938159726402834
4727.323,0.10249797016197358,-2.9293557641559405
4727.343,0.105510858184737,-2.919820223139157
4727.363,0.10852155431545328,-2.9102837228972356
4727.383,0.11141476845099324,-2.900153458387472
4727.403,0.11440362965172973,-2.890570085021417
4727.423,0.1174060050072343,-2.8810314861169113
4727.443,0.120407751347998,-2.871493053613824
4727.463,0.12340947739027773,-2.8619546184913593
4727.483,0.12641118999342438,-2.852416180336635
4727.503,0.1294128923130881,-2.8428777391866373
4727.523,0.13241458168397752,-2.8333392952011702
4727.543,0.1354115376508037,-2.8237596544187777
4727.563,0.1384039430331538,-2.814218226747677
4727.583,0.14140623979541805,-2.8046877087804134
4727.603,0.14441480235646093,-2.7951528141281305
4727.623,0.14741020836616006,-2.785612927679387
4727.643,0.15040629723679308,-2.776032969710751
4727.663,0.15341572728425001,-2.7664987803771215
4727.683,0.15641199052767754,-2.7569592911996335
4727.703,0.1594219524112516,-2.747419142219266
4727.723,0.1624221995723043,-2.7378576908966767
4727.743,0.16541972427802637,-2.728319783695538
4727.763,0.1684134318124628,-2.7187699618234977
4727.783,0.17141375821064267,-2.7092334871577317
4727.803,0.17441334981754927,-2.6996943420518273
4727.823,0.17741340716500686,-2.6901553885950666
4727.843,0.18041345789861052,-2.680616433516573
4727.863,0.18341349585463096,-2.6710774741488374
4727.883,0.1864135230936534,-2.66153851122893
4727.903,0.18941353743942846,-2.6519995437462502
4727.923,0.19241354122845897,-2.642460572643814
4727.943,0.19541353252271626,-2.6329215971007094
4727.963,0.19841351342337973,-2.623382617888762
4727.983,0.20141348199415318,-2.613843634197872
4728.003,0.2044134403381658,-2.604304646811557
4728.023,0.20741338628435715,-2.5947656547512845
4728.043,0.21041332015516956,-2.5852266582017114
4728.063,0.21249974284402362,-2.5767774580541425
4728.083,0.21391279415989928,-2.569845818600855
4728.103,0.21481874658940456,-2.5648249422171325
4728.123,0.2152592873562665,-2.561290202854851
4728.143,0.2150270316171316,-2.558161154263617
4728.163,0.21405135566421096,-2.555568906610334
4728.183,0.2124439604068151,-2.553778760237693
4728.203,0.21033160900003134,-2.55229332574798
4728.223,0.20784308520715852,-2.551393336140036
4728.243,0.20521798005253375,-2.55076577290291
4728.263,0.20258139791812324,-2.5501853726174
4728.283,0.19993478346769045,-2.5496525161293624
4728.303,0.19727899990630424,-2.5491673779954596
4728.323,0.19461490819896174,-2.548730116804193
4728.343,0.19194337229344913,-2.5483408743264597
4728.363,0.1897216980609102,-2.544444432064528
4728.383,0.18811115462706848,-2.53804607819954
4728.403,0.18739915979405058,-2.5303186361185603
4728.423,0.18759248140463092,-2.521240518219357
4728.443,0.18839180637758995,-2.5112722610908205
4728.463,0.18918878779013737,-2.5013035532991044
4728.483,0.18961419481203648,-2.4907008778628525
4728.503,0.19033894557803777,-2.4806957654268453
4728.523,0.19110184459646676,-2.4706883681098084
4728.543,0.19188405765274227,-2.4607190160921086
4728.563,0.19266682265290083,-2.4507500401567364
4728.583,0.1934495629040242,-2.440781064020539
4728.603,0.19423228880526894,-2.430812087057857
4728.623,0.195015000745817,-2.420843108696346
4728.643,0.19579769631924904,-2.410874129037717
4728.663,0.19658037797955147,-2.4009051485669004
4728.683,0.19736304357741985,-2.390936166831304
4728.703,0.19814569548528066,-2.380967184300272
4728.723,0.19892833154363718,-2.370998200522136
4728.743,0.19971095423229782,-2.361029215380178
4728.763,0.2005042717567173,-2.3510625318623366
4728.783,0.2012742916228701,-2.341074809612178
4728.803,0.20205845382195636,-2.3311091967451767
4728.823,0.20283948195682483,-2.3211293820544654
4728.843,0.20362812652966733,-2.3111616427086235
4728.863,0.20441373750949599,-2.3011900350915337
4728.883,0.20519606060435544,-2.291220972357538
4728.903,0.20596423688253285,-2.2812510434618076
4728.923,0.20674631646074818,-2.2712819617583757
4728.943,0.20752837687000314,-2.261312930617664
4728.963,0.20831042086948176,-2.251343898833496
4728.983,0.20909310137211579,-2.2413747798138997
4729.003,0.20986820023324465,-2.2314062354208026
4729.023,0.21065024306128513,-2.2214431420158745
4729.043,0.211434015498952,-2.2114738275779176
4729.063,0.21221835210480308,-2.201504663228891
4729.083,0.2130030987787985,-2.191535616583706
4729.103,0.21378815676026375,-2.181566658924405
4729.123,0.21456110669110895,-2.171597598422554
4729.143,0.2153392027627453,-2.1616337102103644
4729.163,0.21610864111988887,-2.151651114879158
4729.183,0.21690010457358186,-2.141684556288791
4729.203,0.21768115297796972,-2.1317152588204524
4729.223,0.21846217793718245,-2.121746145374375
4729.243,0.219243187228445,-2.1117770330771655
4729.263,0.22002418171933638,-2.101807919397526
4729.283,0.22080516134863032,-2.0918388049030723
4729.303,0.2215861236798371,-2.081869689096377
4729.323,0.22236707109510925,-2.071900572456119
4729.343,0.22314800361291154,-2.061931454375348
4729.363,0.22392891882592275,-2.051962334969613
4729.383,0.22470981897459508,-2.0419932146908097
4729.403,0.22549070415779532,-2.0320240929462554
4729.423,0.22627157197786277,-2.022054969854842
4729.443,0.2270524246875949,-2.012085845868341
4729.463,0.22783326235458534,-2.002116720996759
4729.483,0.22861408257001278,-1.9921475947455427
4729.503,0.2293948877959192,-1.9821784670011893
4729.523,0.23017567800091032,-1.9722093383584245
4729.543,0.23095645079645652,-1.9622402083270312
4729.563,0.23173720862063124,-1.9522710773932237
4729.583,0.23251795155466212,-1.9423019449583083
4729.603,0.2332986772599135,-1.9323328111467448
4729.623,0.23407002511056046,-1.9223604644764778
4729.643,0.23483921426285007,-1.9123850701573202
4729.663,0.23561341772810634,-1.902415276361767
4729.683,0.23639766247814262,-1.8924461118649003
4729.703,0.23716901825515554,-1.8824761646180994
4729.723,0.23795717229575225,-1.8725080549126156
4729.743,0.2387359845149296,-1.8625401306503393
4729.763,0.23949459636774692,-1.852544195111401
4729.783,0.24027809052098503,-1.8425748530642174
4729.803,0.24104750214946838,-1.832602748502892
4729.823,0.24182479838458248,-1.822633256784934
4729.843,0.24260393428123764,-1.8126639953066068
4729.863,0.24338303462190333,-1.8026947334653174
4729.883,0.24416212045347424,-1.7927254708041211
4729.903,0.24494118984105606,-1.7827562068601268
4729.923,0.24572024517559893,-1.77278694210101
4729.943,0.24649928669640214,-1.7628176759502199
4729.963,0.24727831213716503,-1.75284840854295
4729.983,0.24805732387142068,-1.742879140344612
4730.003,0.24883631973857384,-1.7329098709055943
1758191654.7690308,-0.5700222457810353,-2.9990284770412736
4730.023,-0.5600356965225756,-2.998516621547225
4730.043,-0.5500534787696147,-2.99800436063324
4730.063,-0.5400563775087006,-2.9974900016890835
4730.083,-0.5300714900228917,-2.9969722646711823
4730.103,-0.520084870580771,-2.996459665807121
4730.123,-0.5100994817475609,-2.995949267681384
4730.143,-0.5001140996397361,-2.995428242778383
4730.163,-0.4901058828339691,-2.994895952444298
4730.183,-0.48011939895454175,-2.994382628230276
4730.203,-0.4701329245792869,-2.993869289564078
4730.223,-0.46014645077595084,-2.9933559370802323
4730.243,-0.4501611688460114,-2.992853740310307
4730.263,-0.44017753344692134,-2.9923176337023687
4730.283,-0.4301812274120783,-2.9917930220806324
4730.303,-0.4201845800594864,-2.991268293460419
4730.323,-0.4101877459873538,-2.990742904987911
4730.343,-0.40019078722556917,-2.990216839650745
4730.363,-0.3901937442388226,-2.989690124839317
4730.383,-0.3802073756923179,-2.989174185236663
4730.403,-0.3702206373539938,-2.988657501841791
4730.423,-0.36023741826530087,-2.988147328116797
4730.443,-0.35025141523944464,-2.9876374785520583
4730.463,-0.34026507322902505,-2.9871215126757193
4730.483,-0.33027873474355673,-2.986605549758485
4730.503,-0.3202923973618203,-2.9860895725335648
4730.523,-0.3103060608722563,-2.9855735783807402
4730.543,-0.3003197248489355,-2.985057569747087
4730.563,-0.2903333903054572,-2.9845415440501655
4730.583,-0.28034705622194145,-2.98402550377986
4730.603,-0.27036072318382187,-2.9835094487759997
4730.623,-0.2603743910279366,-2.982993376693049
4730.643,-0.25038805931680913,-2.982477289838336
4730.663,-0.24040172907640134,-2.9819611857909427
4730.683,-0.2304153992745331,-2.981445066909042
4730.703,-0.22042907033678505,-2.980928930749626
4730.723,-0.21044274243167377,-2.980412779748437
4730.743,-0.20045641495506508,-2.979896613862503
4730.763,-0.19047008893243011,-2.979380430701874
4730.783,-0.18048376333097949,-2.9788642326581636
4730.803,-0.1704974385813618,-2.978348017398263
4730.823,-0.16051165029157483,-2.977825194009133
4730.843,-0.15052477324854086,-2.9773131302956197
4730.863,-0.14053883563700348,-2.9767880379878267
4730.883,-0.13055252346731017,-2.9762798680966984
4730.903,-0.12056769829493555,-2.975762363453433
4730.923,-0.11055745656758478,-2.9752216487083705
4730.943,-0.10057062960545166,-2.974708448393173
4730.963,-0.09058234888042205,-2.974181863284327
4730.983,-0.08059142304227544,-2.9736528044727764
4731.003,-0.07060548100407556,-2.973129096027274
4731.023,-0.06061864451587632,-2.9726158604413633
4731.043,-0.050633173126252415,-2.9720889568365743
4731.063,-0.04064749746109267,-2.971580387605977
4731.083,-0.03064888476421778,-2.9710479855025356
4731.103,-0.020662659216753913,-2.9705297975077434
4731.123,-0.010676437146768159,-2.970011578676242
4731.143,-0.000690216124560732,-2.9694933453965158
4731.163,0.009296004047643407,-2.96897509564805
4731.183,0.019282223218667915,-2.9684568318612214
4731.203,0.02926844198981326,-2.9679385541976626
4731.223,0.03925465993270745,-2.967420260427034
4731.243,0.0492408768944088,-2.966901952962237
4731.263,0.059227093039671205,-2.9663836296014754
4731.283,0.06921330821457147,-2.965865292743621
4731.303,0.07919520592129702,-2.965346603797874
4731.323,0.08919576491335433,-2.9648237570335807
4731.343,0.09918500837837019,-2.96430838379668
4731.363,0.10918287370206613,-2.9637758099815783
4731.383,0.1191857495478803,-2.9632191469386906
4731.403,0.12917191345331977,-2.962699514696976
4731.423,0.13915806185759025,-2.9621798622617566
4731.443,0.14914420860253214,-2.9616601934180293
4731.463,0.1591303548806589,-2.9611405107560866
4731.483,0.16911342101910132,-2.960625956378364
4731.503,0.17912255240966848,-2.9600973653757645
4731.523,0.1891084755635669,-2.959583761474948
4731.543,0.19909452742673667,-2.959069724927142
4731.563,0.20908065599091163,-2.958555335830899
4731.583,0.2190668402529467,-2.95804069246023
4731.603,0.2290530667826177,-2.9575258706557452
4731.623,0.23903932525097762,-2.9570109274153165
4731.643,0.2490254666603317,-2.9564912632220315
4731.663,0.2590126009921145,-2.9559701632578808
4731.683,0.2689978203790463,-2.955461843774769
4731.703,0.27898444400948197,-2.9549407713447438
4731.723,0.2889706054055733,-2.954421370400789
4731.743,0.2989567651101291,-2.9539019548187393
4731.763,0.3089429237485364,-2.953382524731413
4731.783,0.31892908149810073,-2.9528630777012843
4731.803,0.32891523819197077,-2.9523436161340895
4731.823,0.33890139443388567,-2.9518241399493514
4731.843,0.3488875497902844,-2.9513046467557684
4731.863,0.3588737041060591,-2.9507851388130915
4731.883,0.3688598575421985,-2.9502656137756906
4731.903,0.3788460099436261,-2.9497460739097345
4731.923,0.38883216147138383,-2.9492265168776473
4731.943,0.3988183119705527,-2.948706944955161
4731.963,0.40880446203802595,-2.9481873581607974
4731.983,0.4187906112423069,-2.947667754133215
4732.003,0.4287767594270119,-2.947148135167291
4732.023,0.43876290675551055,-2.946628498956856
4732.043,0.4487490530716973,-2.946108847811662
4732.063,0.4587351989698323,-2.9455891818604005
4732.083,0.4687207803807303,-2.9450604358136703
4732.103,0.4787068306014559,-2.9445490623839214
4732.123,0.48869153178226743,-2.9440282147608277
4732.143,0.498701594256531,-2.943484067941808
4732.163,0.508688245987436,-2.9429674668822443
4732.183,0.5186763726281001,-2.9424375246994203
4732.203,0.5286672169469265,-2.941904933008281
4732.223,0.5386530941166497,-2.9413780104701495
4732.243,0.548639714134291,-2.940861253387602
4732.263,0.5586252860370445,-2.9403313411337826
4732.283,0.568611174607079,-2.939818866530984
4732.303,0.5785959996486013,-2.9392971037426343
4732.323,0.5886044079085649,-2.9387515541251816
4732.343,0.598590566976854,-2.938230009101147
4732.363,0.608576607882465,-2.9377082992675163
4732.383,0.6185626471402405,-2.9371865686299157
4732.403,0.6285486855368796,-2.936664821269869
4732.423,0.6385347229236586,-2.936143059829313
4732.443,0.648520759314306,-2.9356212843583984
4732.463,0.6585067948729346,-2.93509949267221
4732.483,0.6684928300438022,-2.9345776872294307
4732.503,0.6784788638007555,-2.934055865752056
4732.523,0.6884648971816829,-2.9335340307265465
4732.543,0.6984509134776659,-2.933012078742469
4732.563,0.7084334367091438,-2.9324925257825685
4732.583,0.7184300442383988,-2.931968143476426
4732.603,0.7284191123281669,-2.9314494123811996
4732.623,0.738403503370618,-2.9309218629623492
4732.643,0.7483891857406264,-2.9304067314418987
4732.663,0.7583780862520454,-2.92988780511581
4732.683,0.768364183696476,-2.929365941475297
4732.703,0.7783502163500223,-2.928844060454904
4732.723,0.7883362472403314,-2.9283221653740195
4732.743,0.7983222772226136,-2.9278002540740555
4732.763,0.8083044837726522,-2.9272785184250028
4732.783,0.8183323544908045,-2.926727983547713
4732.803,0.8283302119350764,-2.926192125170566
4732.823,0.8383278439587021,-2.92565619254422
4732.843,0.8483252762280692,-2.9251199318960572
4732.863,0.8583225498934086,-2.924583273703999
4732.883,0.8683196983524903,-2.92404618033333
4732.903,0.8783057030876863,-2.923521156160785
4732.923,0.8882901439763496,-2.9229887469514226
4732.943,0.8982769570365079,-2.9224642941066237
4732.963,0.908272748181276,-2.921927533754828
4732.983,0.9182585583733655,-2.921401401251582
4733.003,0.9282443655624333,-2.920875250134176
4733.023,0.9382301716704708,-2.9203490844444255
4733.043,0.9482159767175197,-2.919822904234299
4733.063,0.9582017808741371,-2.9192967070042584
4733.083,0.9681875845709514,-2.9187704952009
4733.103,0.9781733873833951,-2.9182442662852393
4733.123,0.9881591891473315,-2.917718022666666
4733.143,0.9981449900327921,-2.9171917618513885
4733.163,1.0081307898756808,-2.9166654862554697
4733.183,1.0181165892796504,-2.916139195812355
4733.203,1.0281023872141093,-2.915612888109978
4733.223,1.0380881847150778,-2.9150865655119382
4733.243,1.0480739813481965,-2.9145602256587204
4733.263,1.058059776959966,-2.9140338708467857
4733.283,1.0680455715549075,-2.913507501075495
4733.303,1.0780313652919091,-2.9129811140476076
4733.323,1.088017158614409,-2.9124547121225364
4733.343,1.0980028328913514,-2.911936962329563
4733.363,1.1079872367869728,-2.911409673106984
4733.383,1.1179969434375434,-2.910858975029269
4733.403,1.1279832617620054,-2.910335893293205
4733.423,1.1379710437305468,-2.9097994532996547
4733.443,1.147961555233479,-2.9092603443285956
4733.463,1.1579471123558254,-2.9087269700211444
4733.483,1.1679333835901038,-2.908203690163469
4733.503,1.177918672924151,-2.9076673825611716
4733.523,1.187904315310799,-2.907148259720367
4733.543,1.1978887163610503,-2.9066198739035523
4733.563,1.2078979533381091,-2.9060673241897192
4733.583,1.217884465184601,-2.9055433387396365
4733.603,1.2278702454639603,-2.9050156550475306
4733.623,1.2378559508487965,-2.9044875594534787
4733.643,1.24784165459402,-2.9039594430809754
4733.663,1.2578273573190382,-2.9034313123933346
4733.683,1.2678130590356642,-2.9029031676304156
4733.703,1.2777987599163056,-2.9023750064627336
4733.723,1.2877844603971718,-2.9018468315017425
4733.743,1.2977701598961375,-2.901318642745809
4733.763,1.3077558585735554,-2.900790437997125
4733.783,1.3177415562808374,-2.90026221965962
4733.803,1.327727226876863,-2.899733850053636
4733.823,1.3377120212292417,-2.899216470442759
4733.843,1.3476946169440716,-2.898690804424611
4733.863,1.3576967644976285,-2.8981480070005765
4733.883,1.3676812803599696,-2.897630272757743
4733.903,1.3776670221376168,-2.897101656269433
4733.923,1.3876682478660276,-2.8965584191170333
4733.943,1.3976539435772977,-2.8960295276354278
4733.963,1.4076396059843188,-2.895500617619427
4733.983,1.4176252675616212,-2.8949716936996985
4734.003,1.4276110992569155,-2.8944433877790847
4734.023,1.437595371021149,-2.893907636327933
4734.043,1.4475751527798641,-2.893379487498901
4734.063,1.457561322789255,-2.892852235801207
4734.083,1.4675474169411564,-2.8923255636427285
4734.103,1.4775334478060653,-2.8917993133346838
4734.123,1.4875194314219946,-2.8912733853093133
4734.143,1.4975053808310141,-2.8907477079875403
4734.163,1.5074910118639462,-2.890218464198347
4734.183,1.517496435314455,-2.8896704754029123
4734.203,1.527476572787172,-2.88913779816751
4734.223,1.5374778472062538,-2.888592971170406
4734.243,1.5474634572125425,-2.8880625129283524
4734.263,1.5574490360946174,-2.8875320309036367
4734.283,1.567434613695949,-2.8870015315213253
4734.303,1.5774201901913043,-2.886471017170364
4734.323,1.587405766180689,-2.8859404879382127
4734.343,1.5973913406431475,-2.8854099412637675
4734.363,1.6073769146106194,-2.8848793796510908
4734.383,1.6173624874976595,-2.884348802959052
4734.403,1.6273480594640435,-2.8838182088581084
4734.423,1.6373336303600738,-2.883287599630875
4734.443,1.647319200786309,-2.8827569752989195
4734.463,1.657304770305838,-2.8822263335047067
4734.483,1.667290338765774,-2.8816956766188473
4734.503,1.6772759061751408,-2.8811650045647936
4734.523,1.6872614731345696,-2.880634317386292
4734.543,1.697247038612567,-2.8801036127104855
4734.563,1.7072326036508516,-2.8795728929391435
4734.583,1.7172181676540912,-2.8790421581323424
4734.603,1.7272037307921355,-2.878511405869703
4734.623,1.7371892929058228,-2.877980638644727
4734.643,1.7471744145849188,-2.8774406103579215
4734.663,1.7571600040685917,-2.876917899185489
4734.683,1.7671440565048113,-2.876385880125722
4734.703,1.7771535243789038,-2.875830592833217
4734.723,1.787139597883795,-2.8753029027261925
4734.743,1.797127094354154,-2.874761781589741
4734.763,1.807117208931847,-2.874218266025184
4734.783,1.8171023271587023,-2.8736799743297032
4734.803,1.8270884267134586,-2.87315228721313
4734.823,1.8370729929671117,-2.872610739529267
4734.843,1.8470579244440233,-2.872087697934793
4734.863,1.8570434557949818,-2.871555820861771
4734.883,1.8670289481305822,-2.8710237139760486
4734.903,1.8770144390588817,-2.8704915906730237
4734.923,1.8869999289745358,-2.86995945308242
4734.943,1.8969854180434835,-2.8694272990452356
4734.963,1.9069709061194628,-2.868895130988509
4734.983,1.9169563938002907,-2.8683629491433678
4735.003,1.9269418806598033,-2.867830751128838
4735.023,1.9369273665421731,-2.867298539503386
4735.043,1.94691285161492,-2.866766311912142
4735.063,1.9568970944031754,-2.866245037910666
4735.083,1.9668834154398458,-2.8657145165799913
4735.103,1.9768677995665642,-2.865173215720861
4735.123,1.9868535239913467,-2.864629861668014
4735.143,1.9968399269053447,-2.8640991452052833
4735.163,2.0068256920487806,-2.863566043745943
4735.183,2.016811170809106,-2.863033618909345
4735.203,2.0267966454544326,-2.8625011788195622
1758191661.13982,-0.056407758387786444,-3.3238995054739977
4735.223,-0.046441876572792744,-3.3247207174323856
4735.243,-0.036476005273732424,-3.325541848082394
4735.263,-0.026491008808619678,-3.326355548333442
4735.283,-0.016526574977349412,-3.3271790565310795
4735.303,-0.006561624637974019,-3.3280059120054566
4735.323,0.0034034772656806843,-3.3288323728294897
4735.343,0.013368687723072495,-3.3296585334618856
4735.363,0.023333977695426354,-3.330484479743285
4735.383,0.03329932574060462,-3.331310277494221
4735.403,0.04326529199551613,-3.3321313803343133
4735.423,0.05323119689066798,-3.3329524391997163
4735.443,0.06319190566137337,-3.3337811362118126
4735.463,0.07317177014507388,-3.3345906596397157
4735.483,0.08315939488635413,-3.3353761815910157
4735.503,0.09312539976814642,-3.3361960835873434
4735.523,0.10309139160705405,-3.3370159616498123
4735.543,0.11305738480005934,-3.3378358247818674
4735.563,0.12302337891318196,-3.338655672991414
4735.583,0.13298937444823414,-3.3394755038430803
4735.603,0.1429553709239853,-3.3402953197180527
4735.623,0.15292136836352632,-3.3411151205157923
4735.643,0.16288736736052256,-3.341934906329402
4735.663,0.17285336780009314,-3.3427546747528494
4735.683,0.18281936922926945,-3.3435744280285653
4735.703,0.19278537163994072,-3.3443941662128247
4735.723,0.20275137551480552,-3.3452138869576498
4735.743,0.21271738039896038,-3.346033592519483
4735.763,0.2226833868805997,-3.3468532830167073
4735.783,0.23264939484256117,-3.347672956072982
4735.803,0.24261540382570418,-3.3484926139637574
4735.823,0.25258141381857147,-3.3493122567817317
4735.843,0.2625474253132857,-3.350131882144783
4735.863,0.272513437820025,-3.35095149249634
4735.883,0.2824794519365297,-3.351771087924269
4735.903,0.292452280455912,-3.3525792576831766
4735.923,0.302418950446156,-3.3533925392858617
4735.943,0.3123849615772243,-3.3542158752101514
4735.963,0.3223518287125463,-3.3550263549732935
4735.983,0.3323168053248523,-3.355853546472934
4736.003,0.34228155040372665,-3.356671351968525
4736.023,0.35227455006145864,-3.3574692914520035
4736.043,0.36224071829038046,-3.3582917540046613
4736.063,0.37220990762254663,-3.359100549252785
4736.083,0.38218145864383757,-3.3599083571820305
4736.103,0.39214655124979525,-3.36071950615132
4736.123,0.40211271787372665,-3.3615374251877506
4736.143,0.4120788810660508,-3.3623552188134878
4736.163,0.42204504513809904,-3.3631729970242987
4736.183,0.4320112101411381,-3.363990760959995
4736.203,0.44197737663560716,-3.3648085109478
4736.223,0.45194354393462993,-3.3656262444620593
4736.243,0.4619097127079836,-3.366443964266072
4736.263,0.4718758828528367,-3.367261667942095
4736.283,0.48184205387153733,-3.368079358003336
4736.303,0.49180822623124276,-3.368897032210343
4736.323,0.5005942504969837,-3.3691747943528108
4736.343,0.5077730227054497,-3.3691935667178514
4736.363,0.5132334149378299,-3.369160895181289
4736.383,0.517256520486125,-3.3691409547549696
4736.403,0.5206800243356856,-3.3685534663490233
4736.423,0.5235439417376649,-3.367530118830622
4736.443,0.5257361614958205,-3.3659953152595685
4736.463,0.5274803624277449,-3.3639974264535
4736.483,0.5286667627577905,-3.3615052985446714
4736.503,0.5288088927325117,-3.3587455602040803
4736.523,0.5292198552495913,-3.3558036728417697
4736.543,0.5294926449514118,-3.3528983995104573
4736.563,0.5298574858100783,-3.3499224091287765
4736.583,0.5301854817837116,-3.347014576463293
4736.603,0.5303200092852027,-3.3440747577109944
4736.623,0.5304506321820012,-3.3411677429301476
4736.643,0.5306143678310745,-3.3381769243573514
4736.663,0.5305785256143788,-3.335245515419391
4736.683,0.530521647167091,-3.3323476470789215
4736.703,0.530449486887845,-3.329507273405721
4736.723,0.5303374644165312,-3.3265606688469784
4736.743,0.5300997593989254,-3.3237207624531333
4736.763,0.5298508165170136,-3.3207896875156577
4736.783,0.5295852574115609,-3.3177922845048644
4736.803,0.52922317702289,-3.314824545844108
4736.823,0.5287977386568943,-3.312058262256815
4736.843,0.528292526135622,-3.309235436462049
4736.863,0.5275522130297237,-3.3065510825127546
4736.883,0.5268274439534845,-3.303746638756416
4736.903,0.5258577420053897,-3.3012271651285054
4736.923,0.5248453082372266,-3.2987280024176258
4736.943,0.5237867140686044,-3.2962446839430557
4736.963,0.5226835926886563,-3.2937808028227265
4736.983,0.5215363094706845,-3.2913371794069057
4737.003,0.5203452357600558,-3.288914604805316
4737.023,0.5191107575930116,-3.2865138630312494
4737.043,0.5178332748398272,-3.2841357307623515
4737.063,0.5196415972091437,-3.2800311470741423
4737.083,0.5238240952673687,-3.27492792742195
4737.103,0.5296094130225486,-3.2697555940334024
4737.123,0.5370189485239913,-3.2645065854367212
4737.143,0.5455039692164123,-3.259214596871593
4737.163,0.5539881453910366,-3.253920586211943
4737.183,0.5629874755405816,-3.248517664572341
4737.203,0.5714532537419087,-3.2432343215544828
4737.223,0.5799508698053456,-3.2378984962867414
4737.243,0.5884812089293566,-3.2326040548864508
4737.263,0.596962431851886,-3.2273078704919937
4737.283,0.605447548758883,-3.222017136307287
4737.303,0.6139327252376625,-3.2167262848648295
4737.323,0.6224179075472948,-3.2114354388038837
4737.343,0.6309030936272907,-3.2061445970966482
4737.363,0.6393882847272851,-3.2008537617645794
4737.383,0.6478734808237513,-3.195562932787287
4737.403,0.6563586821510624,-3.1902721102912923
4737.423,0.6648438871376273,-3.1849812920911504
4737.443,0.6733290970163462,-3.1796904802230475
4737.463,0.6818143117394968,-3.174399674692715
4737.483,0.6902995312553222,-3.1691088755106507
4737.503,0.6987847544945637,-3.163818080797148
4737.523,0.7072699824061011,-3.158527292469319
4737.543,0.7157552149221398,-3.153236510553062
4737.563,0.7242404519725263,-3.1479457350771267
4737.583,0.7327256934822025,-3.142654966074423
4737.603,0.7412109381016704,-3.1373642015420207
4737.623,0.7496961872866565,-3.1320734436961626
4737.643,0.7581814406947034,-3.126782692433851
4737.663,0.7666666982434717,-3.121491947794959
4737.683,0.775151959852009,-3.1162012098185774
4737.703,0.7836372241655383,-3.110910476506607
4737.723,0.7921224923572342,-3.105619750601105
4737.743,0.8006077643694499,-3.1003290314721523
4737.763,0.8090930401259055,-3.0950383191547384
4737.783,0.8175783195550784,-3.0897476136802515
4737.803,0.8260636025877391,-3.084456915077904
4737.823,0.8345488891606164,-3.079166223372391
4737.843,0.8430341782031884,-3.0738755366888535
4737.863,0.85151947067329,-3.068584856940117
4737.883,0.8600047665224518,-3.063294184138826
4737.903,0.8684900657100411,-3.058003518291719
4737.923,0.876975368200527,-3.0527128594013795
4737.943,0.88546067422933,-3.047422207605238
4737.963,0.8939523768674941,-3.042124762572054
4737.983,0.9024402531644387,-3.0368409325342016
4738.003,0.9109255197351405,-3.0315502164344355
4738.023,0.9194107937281448,-3.026259519051549
4738.043,0.9278960715076483,-3.0209688294662027
4738.063,0.9363813514904294,-3.015678146013267
4738.083,0.9448666352328527,-3.0103874701321436
4738.103,0.9533519217344293,-3.005096799849714
4738.123,0.961844899491062,-2.99981659550379
4738.143,0.970330343869461,-2.9945261664847926
4738.163,0.9788158020433458,-2.9892357739008477
4738.183,0.9873012649322466,-2.983945389716095
4738.203,0.9957867309331193,-2.97865501135662
4738.223,1.0042718390494305,-2.9733639544890424
4738.243,1.0127573103062144,-2.9680735818228157
4738.263,1.0212427866918137,-2.9627832211804064
4738.283,1.029728267643403,-2.9574928690559217
4738.303,1.0382137521826071,-2.9522025226982405
4738.323,1.046703762976339,-2.9468980315913336
4738.343,1.055188717134366,-2.9416067973741984
4738.363,1.0636739537407525,-2.9363160507681134
4738.383,1.072159197111473,-2.9310253148648493
4738.403,1.080644444902849,-2.9257345852749057
4738.423,1.0891296983644234,-2.9204438638489676
4738.443,1.0976149564834963,-2.915153148549708
4738.463,1.1061002189922078,-2.909862439105034
4738.483,1.114585485884181,-2.904571735391646
4738.503,1.1230707571483576,-2.899281037296033
4738.523,1.1315560340446402,-2.8939903467502677
4738.543,1.1400413155435865,-2.888699661762189
4738.563,1.1485266026339624,-2.883408984140759
4738.583,1.1570118940144767,-2.87811831177066
4738.603,1.1654971896533692,-2.8728276445821264
4738.623,1.1739824907851202,-2.8675369845526806
4738.643,1.1824677963567176,-2.8622463297332397
4738.663,1.1909531073293291,-2.856955681977021
4738.683,1.199438422376649,-2.8516650392100584
4738.703,1.2079237427120573,-2.8463744034420255
4738.723,1.2164090672602188,-2.841083772755597
4738.743,1.2248943969632342,-2.8357931490326203
4738.763,1.2333797301913252,-2.8305025307529785
4738.783,1.241865068422582,-2.8252119194266854
4738.803,1.250350411574584,-2.819921315057299
4738.823,1.2588357582901706,-2.814630715614374
4738.843,1.2673211100164883,-2.8093401232888966
4738.863,1.2758064664020585,-2.8040495379544375
4738.883,1.2842918260817773,-2.798758957591739
4738.903,1.2927771902372243,-2.7934683842580426
4738.923,1.3012625587751454,-2.788177817975377
4738.943,1.3097479305936945,-2.782887256869066
4738.963,1.3182333066116212,-2.7775967028587596
4738.983,1.3267186867404246,-2.772306155966155
4739.003,1.335204069619459,-2.7670156141752114
4739.023,1.3436894564386943,-2.761725079542713
4739.043,1.3521748473797146,-2.756434552227683
4739.063,1.3606602421049516,-2.7511440321033587
4739.083,1.3691456392696326,-2.7458535171442473
4739.103,1.3776310400818865,-2.7405630093957427
4739.123,1.3861164444811527,-2.735272508862609
4739.143,1.3946018524146833,-2.72998201554442
4739.163,1.4030872628243374,-2.724691527540631
4739.183,1.4115726766814658,-2.719401046738201
4739.203,1.4200580939529734,-2.714110573123354
4739.223,1.428543514613149,-2.7088201066773405
4739.243,1.4370289383627253,-2.703529647900665
4739.263,1.4455143644623927,-2.698239194343275
4739.283,1.4539997939206575,-2.6929487478674052
4739.303,1.4624869454595375,-2.687666246609083
4739.323,1.4709790860544836,-2.682369119199635
4739.343,1.4794606891112032,-2.6770730223974093
4739.363,1.487945772978428,-2.671781898125395
4739.383,1.4964310788521236,-2.666491258657978
4739.403,1.5049168474886978,-2.661200819320829
4739.423,1.5134009774127308,-2.655907416872203
4739.443,1.5218862672735585,-2.6506167458362024
4739.463,1.5303715698329494,-2.6453261056688877
4739.483,1.5388568769793978,-2.640035473608237
4739.503,1.5473418016800722,-2.6347441439409263
4739.523,1.5558271125474048,-2.629453515023441
4739.543,1.5643124302630422,-2.624162900430169
4739.563,1.572797751658481,-2.618872291756413
4739.583,1.5812830767423414,-2.6135816888111703
4739.603,1.5897684068140738,-2.608291093502728
4739.623,1.598251455114514,-2.6029955725007987
4739.643,1.6067366792221291,-2.5977047959486814
4739.663,1.6152219724699788,-2.592414138316857
4739.683,1.6237072708229066,-2.5871234880168648
4739.703,1.6311005580393656,-2.5829819877577087
4739.723,1.6371502795603345,-2.5802379525606316
4739.743,1.641494292445035,-2.577984929924721
4739.763,1.64438761535001,-2.5755610342510504
4739.783,1.6460497798201716,-2.5732889824989162
4739.803,1.6465427132193193,-2.5711853908265785
4739.823,1.6461960760970857,-2.569090363148772
4739.843,1.6448229790820432,-2.566967671613752
4739.863,1.6432538700115547,-2.5647702406751565
4739.883,1.6416455867711555,-2.562602075353171
4739.903,1.639998543219953,-2.5604632085472807
4739.923,1.6383132712480382,-2.558354325926651
4739.943,1.6365903163856743,-2.556276109318663
4739.963,1.6348302351507715,-2.554229231698686
4739.983,1.633033597155765,-2.5522143551309977
4740.003,1.6312009832661891,-2.5502321317140755
4740.023,1.6293329858720604,-2.548283203179277
4740.043,1.6274302087830301,-2.5463682005704857
4740.063,1.625493267736681,-2.5444877435955524
4740.083,1.6235227889395436,-2.5426424413772497
4740.103,1.621519409606101,-2.5408328918468484
4740.123,1.619483777751585,-2.539059680930993
4740.143,1.61741655193662,-2.5373233833645505
4740.163,1.6153184010311472,-2.535624561740703
4740.183,1.6131900037941413,-2.5339637669073185
4740.203,1.6110320488607297,-2.5323415376604776
4740.223,1.6088452349133255,-2.530758400013025
4740.243,1.6066302697798491,-2.529214867576257
4740.263,1.604387870762798,-2.527711440953687
1758191667.4311326,-0.4524656231687587,-3.5305553863465855
4740.283,-0.45233637618393907,-3.5278587179130674
4740.303,-0.45225568478857797,-3.5251601457977113
4740.323,-0.45222357548254255,-3.5224605446996313
4740.343,-0.45224005976445075,-3.519760789762095
4740.363,-0.4523051327827303,-3.5170617562966893
4740.383,-0.4524187743153233,-3.5143643197193075
4740.403,-0.4525809485097899,-3.51166935479762
4740.423,-0.4527916029468115,-3.508977735709752
4740.443,-0.45305067059342197,-3.5062903355011517
4740.463,-0.4497964547136685,-3.503203376257102
4740.483,-0.4439667754399126,-3.5001132928190577
4740.503,-0.4366320750343736,-3.4975788354602835
4740.523,-0.42776978577245356,-3.4956014612291915
4740.543,-0.41789858016837184,-3.494000210875487
4740.563,-0.40802755811321867,-3.492396617065855
4740.583,-0.3976868816767102,-3.4904571280230603
4740.603,-0.38780228026961766,-3.4888299475920377
4740.623,-0.3779210325213025,-3.4872123357253213
4740.643,-0.368044719794733,-3.4855911735803606
4740.663,-0.3581684438367819,-3.483970125828194
4740.683,-0.34829226820189413,-3.4823487829455324
4740.703,-0.33841619190108135,-3.4807270555966054
4740.723,-0.3285402087023705,-3.4791049120519446
4740.743,-0.31866431566406944,-3.4774823381070834
4740.763,-0.3087885119314393,-3.4758593264741586
4740.783,-0.2989127981689503,-3.474235872635595
4740.803,-0.2890371775792051,-3.4726119739002685
4740.823,-0.27916165381846814,-3.470987628342529
4740.843,-0.26929333461655885,-3.4693728676429414
4740.863,-0.2594250548751268,-3.467757749891237
4740.883,-0.24955677712857302,-3.4661426172445617
4740.903,-0.23968850132749414,-3.464527474293478
4740.923,-0.22982022718980336,-3.462912320431091
4740.943,-0.21995195515528157,-3.461297155446026
4740.963,-0.21008368465142752,-3.4596819799786847
4740.983,-0.20021541590819392,-3.4580667929262803
4741.003,-0.19034601403567536,-3.4564563868423215
4741.023,-0.18045951732688184,-3.4548187237283656
4741.043,-0.17058449928818706,-3.4531906638440675
4741.063,-0.16070938711306512,-3.4515621633551206
4741.083,-0.15084247094451933,-3.449946414778212
4741.103,-0.1409422119669611,-3.4483100433516984
4741.123,-0.13107371110268387,-3.4466973660074145
4741.143,-0.12120753935700826,-3.445074670857118
4741.163,-0.11133872951807397,-3.4434616461738834
4741.183,-0.10146359900252672,-3.4418324428427685
4741.203,-0.09159742870635658,-3.440215807933857
4741.223,-0.08169724532239866,-3.4385786420130318
4741.243,-0.0718288665785098,-3.436965213041107
4741.263,-0.0619628212320825,-3.4353417485482067
4741.283,-0.052048320127954545,-3.433694540694187
4741.303,-0.042175068097181724,-3.432066814152893
4741.323,-0.03230744327937273,-3.4304476972989595
4741.343,-0.02243980135922629,-3.428828659397981
4741.363,-0.012572160480258538,-3.427209611255636
4741.383,-0.002704521173624302,-3.425590551175998
4741.403,0.007163116845350346,-3.42397148051194
4741.423,0.017030752687093212,-3.422352397873638
4741.443,0.026898387279871372,-3.420733304457048
4741.463,0.03676602023547163,-3.419114199290309
4741.483,0.04663365153105393,-3.4174950824063304
4741.503,0.056501280927107975,-3.415875954702671
4741.523,0.06636890860931041,-3.414256815336796
4741.543,0.07623653454757584,-3.412637664332823
4741.563,0.08610415871274357,-3.4110185017134786
4741.583,0.09597178114430382,-3.4093993272121406
4741.603,0.10583940145842305,-3.407780142299327
4741.623,0.11570701990777389,-3.406160945842147
4741.643,0.12557463653519488,-3.4045417375780085
4741.663,0.1354422512414059,-3.4029225178263967
4741.683,0.14530986400159154,-3.4013032866205095
4741.703,0.15517747421286857,-3.399684043856024
4741.723,0.165045082432758,-3.398064789716489
4741.743,0.17491268871495194,-3.396445523958832
4741.763,0.18478029297280021,-3.394826246924272
4741.783,0.1946478951957451,-3.3932069586695217
4741.803,0.20452973473994254,-3.3915754766319868
4741.823,0.21439866706977978,-3.3899602933733672
4741.843,0.22281415322647194,-3.3880599301488026
4741.863,0.2295392741688716,-3.3861331641479375
4741.883,0.23447165698885722,-3.384772942253895
4741.903,0.23785770169556822,-3.383529495193983
4741.923,0.24016182940087258,-3.381864374817049
4741.943,0.24184052371177198,-3.379963128361562
4741.963,0.24268550837025643,-3.377623520513747
4741.983,0.24256983170107152,-3.3751166032635793
4742.003,0.24205623255666903,-3.3724114736477846
4742.023,0.241589962057878,-3.369661875797739
4742.043,0.24118426691569408,-3.366760070496435
4742.063,0.24084352942003295,-3.3637909890894666
4742.083,0.24035624873433797,-3.3609421386703175
4742.103,0.23959381563983514,-3.358380562650205
4742.123,0.2391434649196391,-3.3554135885540615
4742.143,0.23822790032268001,-3.3528785716065395
4742.163,0.23726605754619765,-3.3503559988742695
4742.183,0.2362589593352139,-3.3478511041479733
4742.203,0.23520693636198048,-3.3453647385103413
4742.223,0.2341103299397538,-3.3428977090901806
4742.243,0.23296949553362062,-3.3404508160473205
4742.263,0.23178480304312776,-3.338024853186805
4742.283,0.23055663685779812,-3.335620607064565
4742.303,0.22928539499312883,-3.3332388576701435
4742.323,0.22797148965242947,-3.330880377169612
4742.343,0.22661534670664515,-3.328545930489851
4742.363,0.22828586394162442,-3.3243833209884985
4742.383,0.23229585425584903,-3.3191438078166144
4742.403,0.23790551068551655,-3.3137818192153428
4742.423,0.24513592135495457,-3.308289151034563
4742.443,0.25344036270192155,-3.3027177258583973
4742.463,0.26174373447490823,-3.297144175150626
4742.483,0.270691668273643,-3.2913701099915875
4742.503,0.278972608616462,-3.285828362930488
4742.523,0.2872773247472335,-3.280258454176821
4742.543,0.2955809756221538,-3.274693414091085
4742.563,0.3038876155334264,-3.2691209706906466
4742.583,0.31219383674354856,-3.263553199392499
4742.603,0.32049698850606945,-3.2579795587235973
4742.623,0.3288226900212105,-3.2524151017163843
4742.643,0.33714710651102836,-3.2468498861439397
4742.663,0.34547179615258383,-3.24128508208837
4742.683,0.3537967822093885,-3.2357207732065274
4742.703,0.36212207804422075,-3.2301569664918524
4742.723,0.37044769021932716,-3.224593664825151
4742.743,0.37877362329521513,-3.2190308687813807
4742.763,0.3870998800269769,-3.2134685770139577
4742.783,0.3954264623858349,-3.2079067903289737
4742.803,0.4037533710317058,-3.202345507941516
4742.823,0.41208060598986973,-3.1967847291841447
4742.843,0.42040816712875895,-3.1912244531326546
4742.863,0.4287360515015262,-3.1856646809538716
4742.883,0.43706425651350006,-3.1801054148839945
4742.903,0.44539277617095296,-3.174546663266032
4742.923,0.4537216053580369,-3.1689884564705597
4742.943,0.46203322330157853,-3.163428744031303
4742.963,0.4703448731293382,-3.1578690840516943
4742.983,0.47865653261560387,-3.152309436705602
4743.003,0.486968202271831,-3.14674980258656
4743.023,0.49527988091937025,-3.1411901810154674
4743.043,0.5035915697347033,-3.1356305725964355
4743.063,0.5119032680363084,-3.1300709763523917
4743.083,0.5202149760037718,-3.124511393573496
4743.103,0.528526693417992,-3.1189518229356232
4743.123,0.5368384209424599,-3.1133922654120982
4743.143,0.5451501578690662,-3.10783272005031
4743.163,0.5534619043510245,-3.102273188164298
4743.183,0.5617736601433947,-3.096713668453033
4743.203,0.5700854258957432,-3.091154161926926
4743.223,0.5783972003668586,-3.085594667968978
4743.243,0.5867089846726472,-3.0800351872384253
4743.263,0.5950207787585504,-3.0744757197859234
4743.283,0.6033325818573635,-3.068916264661122
4743.303,0.6116443940984178,-3.063356823223225
4743.323,0.6199562152055671,-3.057797394198171
4743.343,0.6282680458004688,-3.0522379786204232
4743.363,0.6365798846195921,-3.046678575892582
4743.383,0.6448917327581546,-3.0411191866917657
4743.403,0.6532035901485007,-3.0355598110807716
4743.423,0.6615154560120526,-3.03000044811963
4743.443,0.6698273304745739,-3.024441099172101
4743.463,0.6781392132690908,-3.0188817629820424
4743.483,0.686451105002074,-3.0133224405503842
4743.503,0.6947647850517631,-3.0077659570424933
4743.523,0.7030772219303854,-3.002206948256367
4743.543,0.711391093394767,-2.9966506668741983
4743.563,0.7197036990397649,-2.991091535870961
4743.583,0.7280207558953415,-2.985537222109872
4743.603,0.7363679507153104,-2.979978599427533
4743.623,0.7446808443964072,-2.974420794007668
4743.643,0.7529937422802335,-2.9688629876540364
4743.663,0.7613066487679373,-2.9633051952852676
4743.683,0.7696195631847706,-2.9577474160769595
4743.703,0.7779324857085411,-2.952189651323935
4743.723,0.7862454161325777,-2.9466318996950873
4743.743,0.7945876277013163,-2.941080721199373
4743.763,0.8029530060152779,-2.9355219137847914
4743.783,0.8112667527482937,-2.929965389233296
4743.803,0.8195805234344731,-2.924408901677863
4743.823,0.8278984595975352,-2.9188588337340646
4743.843,0.836228890008738,-2.91331148811258
4743.863,0.844567806879126,-2.9077578928651144
4743.883,0.8528823568833434,-2.9022023829224306
4743.903,0.8611961019149804,-2.896645326146326
4743.923,0.8695097609680292,-2.891088060451031
4743.943,0.8778233559589026,-2.8855306905226734
4743.963,0.8861369011811819,-2.879973239529105
4743.983,0.8944504075950924,-2.8744157247470508
4744.003,0.9027638826516922,-2.868858157877175
4744.023,0.9110773336303999,-2.863300549833188
4744.043,0.9193907652668826,-2.8577429075183773
4744.063,0.9277041822513754,-2.852185237380188
4744.083,0.9360175878312594,-2.8466275439749973
4744.103,0.9443309831584443,-2.841069828501252
4744.123,0.9526443670697258,-2.8355120906107723
4744.143,0.9609577347732242,-2.8299543235502433
4744.163,0.9692710671591428,-2.8243965058396836
4744.183,0.977584201619258,-2.8188384456102296
4744.203,0.9858987372249459,-2.813283100559155
4744.223,0.9942132932132473,-2.8077277869958706
4744.243,1.0025278594604512,-2.802172486859582
4744.263,1.0108424347060507,-2.796617199307509
4744.283,1.0191570201426068,-2.79106192495322
4744.303,1.027471615072679,-2.785506662784482
4744.323,1.035786220179127,-2.7799514137574866
4744.343,1.0441008342750628,-2.7743961772313654
4744.363,1.0524154585276724,-2.7688409538462846
4744.383,1.0607300922129181,-2.7632857426147024
4744.403,1.0690447355000143,-2.757730544860723
4744.423,1.0773593881604198,-2.7521753592950726
4744.443,1.0856740508270437,-2.7466201868939835
4744.463,1.0939887222746638,-2.7410650270506016
4744.483,1.1023034036226496,-2.7355098804224394
4744.503,1.110618094133085,-2.7299547460831546
4744.523,1.1189327939311167,-2.7243996253703986
4744.543,1.1272475027466773,-2.7188445170061493
4744.563,1.1355622211953638,-2.713289422005877
4744.583,1.1438769487250453,-2.7077343407732375
4744.603,1.152191685048352,-2.7021792720209907
4744.623,1.160506430773289,-2.696624216771018
4744.643,1.1688211851449923,-2.6910691741120876
4744.663,1.177135948273173,-2.685514145395317
4744.683,1.185450720567375,-2.679959130324368
4744.703,1.1937655012633115,-2.6744041279722937
4744.723,1.2020802904971233,-2.6688491397175134
4744.743,1.2103885225709832,-2.663285666504022
4744.763,1.2187022298619383,-2.657728203228207
4744.783,1.227016069147577,-2.652172475520338
4744.803,1.2353299254383978,-2.646614988695026
4744.823,1.243643731630295,-2.6410592238969066
4744.843,1.2519575381528194,-2.635501664815286
4744.863,1.2602714440996112,-2.6299456999356834
4744.883,1.268586086882572,-2.6243905075795313
4744.903,1.2769007367862057,-2.618835322191198
4744.923,1.285215394632281,-2.6132801498943663
4744.943,1.2935300606235962,-2.6077249920857652
4744.963,1.3018447345376216,-2.6021698474241175
4744.983,1.3101594170587727,-2.596614716868621
4745.003,1.3184752909147242,-2.5910655713691972
4745.023,1.3267893599108795,-2.5855088411163276
4745.043,1.3351041668902586,-2.5799539027099057
4745.063,1.3434189902685214,-2.5743989903756686
4745.083,1.3517330304780544,-2.568841673944291
4745.103,1.360077939067584,-2.563287823972158
4745.123,1.3683958817168345,-2.557743172380504
4745.143,1.3767414407531922,-2.5521852848353594
4745.163,1.3850745230231307,-2.5466336976930743
4745.183,1.3934080170788752,-2.5410825877264043
4745.203,1.4017419076895679,-2.5355320013232885
4745.223,1.4100761811505644,-2.5299819372311596
4745.243,1.4184108274893752,-2.5244323943764835
4745.263,1.4267458380594438,-2.5188833684627747
4745.283,1.4350812054234339,-2.5133348571333936
4745.303,1.4434169248122302,-2.507786858504154
4745.323,1.4517529899959989,-2.502239369849923
4745.343,1.4600893980480432,-2.4966923899287297
4745.363,1.468426142681943,-2.4911459169423575
4745.383,1.4767632199994822,-2.4855999526695403
4745.403,1.4851006239504274,-2.4800544993256977
4745.423,1.4934383460071103,-2.474509568770887
4745.443,1.5017584099625858,-2.46896236438555
4745.463,1.5100789308878364,-2.463415987971851
4745.483,1.5183994661429445,-2.457869633678978
4745.503,1.526720010927564,-2.4523232917569464
4745.523,1.5350405659029283,-2.446776963073748
4745.543,1.5433611298910987,-2.441230646952954
4745.563,1.5516817040664745,-2.4356843440046374
1758191674.0423007,-1.2455662544157036,-3.0931842480375433
4745.583,-1.2356214784270556,-3.0921378807889934
4745.603,-1.2256767001294757,-3.091091530001922
4745.623,-1.2157319191046903,-3.0900451943868
4745.643,-1.205787135222194,-3.0889988751156623
4745.663,-1.1958423492605998,-3.0879525710755753
4745.683,-1.1858975605127071,-3.086906283384135
4745.703,-1.1759527691841214,-3.085860010836738
4745.723,-1.1660079757687747,-3.0848137546900394
4745.743,-1.1560631798917784,-3.083767513684077
4745.763,-1.1461183814672808,-3.082721289020057
4745.783,-1.13617358116297,-3.08167508075814
4745.803,-1.1262287786226244,-3.0806288876423125
4745.823,-1.116283973775729,-3.0795827108584004
4745.843,-1.1063391674532348,-3.0785365493244075
4745.863,-1.0963943590018466,-3.0774904041321514
4745.883,-1.0864495486679886,-3.076444274105301
4745.903,-1.0765047369780174,-3.0753981605271794
4745.923,-1.0665599234364695,-3.0743520633085724
4745.943,-1.0566151082874733,-3.0733059812733434
4745.963,-1.0466702920584203,-3.0722599156864554
4745.983,-1.036725474395201,-3.0712138653128407
4746.003,-1.0267380899167189,-3.070205467075644
4746.023,-1.0167935675362496,-3.0691576371695177
4746.043,-1.0068482656711764,-3.068117347095614
4746.063,-0.996902922304132,-3.067074315036123
4746.083,-0.9869576012784157,-3.066034323167477
4746.103,-0.977012223314725,-3.0649910455968614
4746.123,-0.9670673245706546,-3.06394771054346
4746.143,-0.9571222726740154,-3.0629039546170866
4746.163,-0.9471772192580266,-3.0618602118368345
4746.183,-0.9372321649072983,-3.060816484389506
4746.203,-0.9272871094915155,-3.0597727734957285
4746.223,-0.9173420537618417,-3.058729078018384
4746.243,-0.9073969969677242,-3.0576853990487605
4746.263,-0.8974300786351362,-3.056658691773161
4746.283,-0.8874850101428431,-3.0556152320065118
4746.303,-0.8775398518376113,-3.054572552630054
4746.323,-0.8675946915875106,-3.053529895616201
4746.343,-0.8576476258065646,-3.052494593471729
4746.363,-0.8477015362574014,-3.051460454339167
4746.383,-0.8376892223956632,-3.050453202228837
4746.403,-0.8277449682903236,-3.0494058579543117
4746.423,-0.8177996144824428,-3.048361236291005
4746.443,-0.8078542485695943,-3.0473167076404772
4746.463,-0.7979088821773771,-3.0462722558402753
4746.483,-0.7879635161724753,-3.0452278568120597
4746.503,-0.7780181511855256,-3.04418349628651
4746.523,-0.7680727868132348,-3.043139163498582
4746.543,-0.7581274226118998,-3.0420948508364014
4746.563,-0.748182058092017,-3.04105055257823
4746.583,-0.7382366924390652,-3.0400062657224654
4746.603,-0.7282913251642785,-3.0389619852365564
4746.623,-0.7183459564228766,-3.037917705404793
4746.643,-0.7084005867652271,-3.036873419435443
4746.663,-0.6984552191699803,-3.0358291104939767
4746.683,-0.6885098673591541,-3.034784725757072
4746.703,-0.6785646098287237,-3.033742626155436
4746.723,-0.6686193279543291,-3.032701122885429
4746.743,-0.6586740438411929,-3.0316596403619402
4746.763,-0.648728757021202,-3.0306181731974666
4746.783,-0.6387834673183086,-3.0295767224828585
4746.803,-0.6288381754588422,-3.0285352870908557
4746.823,-0.6188928806890726,-3.0274938681092505
4746.843,-0.6089475831591559,-3.026452464358462
4746.863,-0.5990022833176295,-3.025411077064789
4746.883,-0.5890569807434853,-3.024369704958593
4746.903,-0.5791116759003784,-3.02332834928901
4746.923,-0.5691663683820725,-3.0222870088090286
4746.943,-0.559221058080106,-3.021245684677117
4746.963,-0.5492757457888793,-3.0202043757837163
4746.983,-0.5393304308215673,-3.0191630832330763
4747.003,-0.5293851133931693,-3.0181218058611425
4747.023,-0.5194397940145415,-3.0170805449087883
4747.043,-0.5094944721714341,-3.0160393003022308
4747.063,-0.4995491480959492,-3.014998070862368
4747.083,-0.48960382231037236,-3.0139568578703497
4747.103,-0.479658494465265,-3.0129156600541087
4747.123,-0.4697131650908594,-3.0118744786776146
4747.143,-0.45976783383917685,-3.010833312488253
4747.163,-0.44982250065137946,-3.0097921626745436
4747.183,-0.43987716620748035,-3.008751029337182
4747.203,-0.4299318301622934,-3.0077099112055015
4747.223,-0.4199864924529119,-3.0066688094678002
4747.243,-0.4100411539076452,-3.005627723023382
4747.263,-0.40005847587984433,-3.0046126913681417
4747.283,-0.39007665928287366,-3.0035999910174414
4747.303,-0.3801323410149507,-3.002552813932956
4747.323,-0.37015845354337323,-3.0015335818429567
4747.343,-0.36021261410785926,-3.000492630084584
4747.363,-0.3502386699433198,-2.9994741492226273
4747.383,-0.3402930470013356,-2.9984364390796294
4747.403,-0.3303473798294479,-2.997398559050118
4747.423,-0.32040171118844,-2.9963606926885453
4747.443,-0.3104560414599614,-2.9953228428935206
4747.463,-0.30051037140754705,-2.994285008543722
4747.483,-0.29056470028996495,-2.9932471907325966
4747.503,-0.28061902825271945,-2.992209388263885
4747.523,-0.2706273045589346,-2.991196708144606
4747.543,-0.26068159193387686,-2.9901593648343354
4747.563,-0.25073584238499225,-2.9891223385841648
4747.583,-0.24079009140915655,-2.988085330479441
4747.603,-0.23084372174825843,-2.987047623673758
4747.623,-0.22089731395688345,-2.986017522732249
4747.643,-0.21092809293552417,-2.985002986674449
4747.663,-0.2009827778133017,-2.9839616290561124
4747.683,-0.19103689481070063,-2.9829220142739197
4747.703,-0.18109100579940132,-2.9818824963725428
4747.723,-0.17114511658729795,-2.98084304942572
4747.743,-0.16119922819590132,-2.9798036524163556
4747.763,-0.15125334100818155,-2.9787642921868427
4747.783,-0.1413074540858719,-2.9777249583787784
4747.803,-0.13136156697395635,-2.976685643755648
4747.823,-0.12141567976707855,-2.9756463429661744
4747.843,-0.11146979114859532,-2.9746070519831656
4747.863,-0.1015239012299073,-2.97356776674706
4747.883,-0.09157800955570468,-2.9725284820197095
4747.903,-0.08163211752449936,-2.9714891887603816
4747.923,-0.0716862283692944,-2.970449867970888
4747.943,-0.06174036060223285,-2.9694104476271876
4747.963,-0.05179456799776898,-2.968373693860438
4747.983,-0.04184876419692077,-2.967337186985217
4748.003,-0.03190295765154542,-2.9663006975534736
4748.023,-0.021957148979539064,-2.965264223516792
4748.043,-0.01201133741291516,-2.964227765959031
4748.063,-0.0020655236783430793,-2.963191323734561
4748.083,0.007880292973186076,-2.96215489793338
4748.103,0.017826112391191785,-2.961118487357971
4748.123,0.02777193412456801,-2.960082093253577
4748.143,0.03771775859881975,-2.959045714370287
4748.163,0.04766358534302893,-2.9580093519391255
4748.183,0.0576094147632709,-2.9569730046957603
4748.203,0.06755524696612283,-2.955936673818165
4748.223,0.07750108116029537,-2.9549003582148234
4748.243,0.0874469180276218,-2.9538640589731138
4748.263,0.0973927573512943,-2.9528277749108365
4748.283,0.10733859862017886,-2.9517915072872216
4748.303,0.1172844423478196,-2.9507552560297445
4748.323,0.12723028771413677,-2.9497190200532604
4748.343,0.1371761353723238,-2.9486828004511225
4748.363,0.1471219850842541,-2.947646596045949
4748.383,0.1570678363176725,-2.9466104081013667
4748.403,0.1670136894244998,-2.94557423538407
4748.423,0.1769595438683498,-2.944538079139783
4748.443,0.18690539999882314,-2.943501938116986
4748.463,0.19685125787494648,-2.9424658135045574
4748.483,0.20679711681798318,-2.941429705383717
4748.503,0.21674297718479868,-2.9403936125209027
4748.523,0.22672819655292267,-2.939383531899861
4748.543,0.23670393756868174,-2.9383683210945515
4748.563,0.24665054349090984,-2.937335595677933
4748.583,0.25660080105203165,-2.9363078533402494
4748.603,0.2665481844768459,-2.9352775907584427
4748.623,0.2765001856976756,-2.9342448843153375
4748.643,0.28644698789399037,-2.933206828329004
4748.663,0.29639268894277193,-2.9321620146609133
4748.683,0.30633717886924977,-2.931124867417371
4748.703,0.3162840384983809,-2.9300869835039483
4748.723,0.326223416259827,-2.9290413120791308
4748.743,0.3361694707320489,-2.928007259251661
4748.763,0.34611553414986346,-2.926973218456982
4748.783,0.35606164247449784,-2.9259392557760244
4748.803,0.3660067879043044,-2.924897419932885
4748.823,0.3759514109708516,-2.9238727892247933
4748.843,0.38589749265579293,-2.9228388831879615
4748.863,0.39584433604220154,-2.9218126315032804
4748.883,0.40581391328006766,-2.9208013396605885
4748.903,0.4157595492054545,-2.9197631615205393
4748.923,0.42570575614702955,-2.9187266578726896
4748.943,0.4356519715268841,-2.9176902618539495
4748.963,0.44559818855813854,-2.916653944205663
4748.983,0.4555444045032671,-2.915617679301893
4749.003,0.46549061884813586,-2.9145814507413155
4749.023,0.4754368319499378,-2.9135452472146466
4749.043,0.4853830443898077,-2.9125090623899434
4749.063,0.49532925667025723,-2.9114728907632434
4749.083,0.5052754699195762,-2.910436728264789
4749.103,0.5152216843504055,-2.909400572078686
4749.123,0.5251679003485167,-2.9083644185261948
4749.143,0.5351141175016386,-2.907328261224722
4749.163,0.5450603350407454,-2.906292091854382
4749.183,0.5550065481818143,-2.9052558882837496
4749.203,0.5649527314189117,-2.9042195461361957
4749.223,0.5748988528472123,-2.9031859990886453
4749.243,0.5848449812265757,-2.902152610000603
4749.263,0.5947911123416764,-2.901119237550299
4749.283,0.6047372457501556,-2.900085881681431
4749.303,0.6146833819192006,-2.8990525411220656
4749.323,0.624629521011817,-2.898019217017519
4749.343,0.634575662293268,-2.896985908243437
4749.363,0.6433283032860722,-2.8962368174144273
4749.383,0.6504751047712881,-2.8956383022953984
4749.403,0.6558621906002042,-2.8951557404786574
4749.423,0.6601003322856779,-2.8947194515325196
4749.443,0.6635843778292254,-2.8939457440883727
4749.463,0.6662900032564602,-2.8926403384588015
4749.483,0.6681276197904092,-2.8910893580273593
4749.503,0.6693896788291471,-2.889160999651491
4749.523,0.6699007320639525,-2.886896269175557
4749.543,0.6695959884812153,-2.8842807628753193
4749.563,0.6691831223431375,-2.881626576262557
4749.583,0.6686817026906705,-2.878973482798241
4749.603,0.6681347401611519,-2.876332825018703
4749.623,0.6675800782252068,-2.873704148834681
4749.643,0.6669363069400855,-2.8710818227778954
4749.663,0.6662477406142282,-2.8684748366964907
4749.683,0.6655516048145895,-2.865881488683747
4749.703,0.6647673798832275,-2.8632978760015337
4749.723,0.6639391677516823,-2.8607319534522655
4749.743,0.6631037602221203,-2.858181332564242
4749.763,0.662181339009509,-2.855643854747691
4749.783,0.661215871697943,-2.8531264142603834
4749.803,0.6602435979906222,-2.850625930550123
4749.823,0.6591872586888239,-2.848143421152891
4749.843,0.6580859251682694,-2.8456787630685514
4749.863,0.6569404127682942,-2.843234326924022
4749.883,0.6557510962079053,-2.840810912930804
4749.903,0.6545183610208128,-2.838409305493767
4749.923,0.6532426069328225,-2.8360302819442573
4749.943,0.6519242476298015,-2.8336746118868494
4749.963,0.6505637104537599,-2.8313430572997054
4749.983,0.6491614361524296,-2.82903637266216
4750.003,0.6477178788412239,-2.8267553041788283
4750.023,0.6462335061379548,-2.824500589502433
4750.043,0.6447087988267887,-2.822272957997027
4750.063,0.6431442505738467,-2.8200731298825525
4750.083,0.641540367661163,-2.8179018168483747
4750.103,0.6398976692881037,-2.815759720958137
4750.123,0.6382166868808798,-2.813647535086504
4750.143,0.6364979643149697,-2.8115659423286794
4750.163,0.6347420576031911,-2.809515615907913
4750.183,0.632949534817995,-2.807497218825479
4750.203,0.6311209757504797,-2.805511403954216
4750.223,0.629256971655349,-2.8035588138448495
4750.243,0.6273581253505924,-2.8016400800993697
4750.263,0.6254250508749482,-2.7997558234939093
4750.283,0.6234583732004024,-2.7979066538089286
4750.303,0.6214587284228194,-2.796093169511823
4750.323,0.61942676313698,-2.794315957749577
4750.343,0.6173631344371014,-2.7925755938812946
4750.363,0.6152685096023505,-2.790872641504968
4750.383,0.613143566395545,-2.789207652083168
4750.403,0.6109889918409686,-2.7875811652885543
4750.423,0.6088054832103887,-2.7859937080180788
4750.443,0.6065937468338302,-2.7844457949533363
4750.463,0.6043544984315089,-2.7829379278295527
4750.483,0.6020884627001835,-2.7814705957052657
4750.503,0.5997963732405865,-2.7800442746406455
4750.523,0.5974789720219158,-2.778659427196307
4750.543,0.5951370095705645,-2.777316502864204
4750.563,0.592771244292787,-2.776015937661884
4750.583,0.5903824423888624,-2.7747581536318
4750.603,0.5879713778540643,-2.7735435591732855
4750.623,0.5855388319300305,-2.772372548986289
4750.643,0.5845852034392618,-2.7679897397675854
4750.663,0.5849636491711531,-2.761402480413634
4750.683,0.5865971594967049,-2.753815991431741
4750.703,0.5894987434836124,-2.745211719081914
4750.723,0.593244788751269,-2.7359397259593883
4750.743,0.5969887502130896,-2.7266665963522088
4750.763,0.6007199035468752,-2.7168439485900597
4750.783,0.6044554215433461,-2.70758238024952
4750.803,0.6081484004464893,-2.6981760700592132
4750.823,0.6118828318355924,-2.688899956428739
4750.843,0.6156223892049113,-2.679615591671723
4750.863,0.6193576608760523,-2.670340271713248
4750.883,0.6230950139228807,-2.6610588400625397
4750.903,0.6268295727255535,-2.651782967346159
4750.923,0.6305647527828869,-2.6425078358565988
4750.943,0.6342969660128408,-2.633225490783672
4750.963,0.6380239834374068,-2.6239242704479686
1758191680.7355747,-1.2055163389368349,-3.63801159893024
4750.983,-1.1955255266466955,-3.6375946533734167
4751.003,-1.1855318299736048,-3.6371869319089587
4751.023,-1.1755198815174728,-3.636766533665488
4751.043,-1.1655243863318858,-3.636350738178026
4751.063,-1.155533095884041,-3.635939875377046
4751.083,-1.145541190706663,-3.6355211398517837
4751.103,-1.135550044485493,-3.635110178714114
4751.123,-1.1255589148341023,-3.634699299856926
4751.143,-1.1155677853672243,-3.6342884123439636
4751.163,-1.105576655170775,-3.633877515423465
4751.183,-1.0955855246093842,-3.6334666086658967
4751.203,-1.0855943936376469,-3.633055692160239
4751.223,-1.0756032620966836,-3.6326447657188545
4751.243,-1.0671911264670295,-3.6318133390417358
4751.263,-1.060702450762504,-3.6306153856940524
4751.283,-1.0556875784550044,-3.6302289911073204
4751.303,-1.0519962420271782,-3.630596873375022
4751.323,-1.0492699388148246,-3.63159809245805
4751.343,-1.0476561855012363,-3.6331215475725895
4751.363,-1.0467551868308391,-3.6351551281584285
4751.383,-1.0466761674441794,-3.637754748479663
4751.403,-1.046961915983025,-3.6405769899291704
4751.423,-1.0472878473511527,-3.6433819075654177
4751.443,-1.047860910697746,-3.646296099649801
4751.463,-1.0483628861535903,-3.649124498303892
4751.483,-1.0489952043261175,-3.6519788925827914
4751.503,-1.0498139217850941,-3.654862151485547
4751.523,-1.0502944383663708,-3.657595817534951
4751.543,-1.0512161209520103,-3.6604461320157347
4751.563,-1.0518806584506084,-3.663299423801806
4751.583,-1.0527635655128953,-3.666045747206013
4751.603,-1.0538666734201587,-3.6688433921467745
4751.623,-1.054477756565333,-3.671554024677622
4751.643,-1.0551529348028539,-3.674169618364639
4751.663,-1.055875131451757,-3.6767728017109587
4751.683,-1.0566440731839724,-3.6793625945290263
4751.703,-1.0574595102669508,-3.6819381546842695
4751.723,-1.0583211782763298,-3.684498646628159
4751.743,-1.0592287977908348,-3.6870432398489155
4751.763,-1.0601820748128976,-3.689571109216929
4751.783,-1.0611807001276539,-3.692081435155956
4751.803,-1.0622243500952757,-3.694573403695126
4751.823,-1.063312686372877,-3.6970462066721783
4751.843,-1.0644453562815466,-3.699499042137355
4751.863,-1.0656219921255934,-3.7019311143822566
4751.883,-1.0668422127261188,-3.7043416343844164
4751.903,-1.068105621912689,-3.7067298200599206
4751.923,-1.069411809974276,-3.7090948961421413
4751.943,-1.0707603530907313,-3.7114360950880347
4751.963,-1.0721508132786848,-3.713752657123157
4751.983,-1.0735827392544408,-3.716043829944393
4752.003,-1.0750556663602655,-3.718308869664791
4752.023,-1.0765691159452502,-3.720547040902281
4752.043,-1.0781225965824561,-3.722757616853452
4752.063,-1.079715603912679,-3.724939879450867
4752.083,-1.0813476202480856,-3.7270931202896884
4752.103,-1.0830181152784244,-3.729216640033461
4752.123,-1.0847265464087248,-3.731309749148287
4752.143,-1.0864723586190215,-3.7333717679484546
4752.163,-1.088254984496323,-3.735402026961661
4752.183,-1.0900738449532645,-3.7373998671991076
4752.203,-1.0919283490234033,-3.73936463988252
4752.223,-1.0938178942597712,-3.741295707336322
4752.243,-1.095741866773064,-3.743192442993629
4752.263,-1.0976996415466487,-3.7450542312334183
4752.283,-1.099690582414531,-3.746880468357625
4752.303,-1.1017140428757797,-3.748670561683017
4752.323,-1.103769365775655,-3.7504239307123695
4752.343,-1.1058558835984607,-3.7521400069575135
4752.363,-1.1057349802961545,-3.7566296378836217
4752.383,-1.1037977146605358,-3.762939753764113
4752.403,-1.1004036727275261,-3.769922161892694
4752.423,-1.095535940045858,-3.7775917521981746
4752.443,-1.08969294082108,-3.785707651919871
4752.463,-1.0838519004027614,-3.793825003751981
4752.483,-1.0780015009643142,-3.8026805018516683
4752.503,-1.072165700853405,-3.810889294917165
4752.523,-1.066334819636322,-3.81901249030258
4752.543,-1.0605049783624567,-3.8271370977993766
4752.563,-1.0546756577242438,-3.835261869084147
4752.583,-1.0488463579539042,-3.843386652623306
4752.603,-1.0430170709085056,-3.8515114446431675
4752.623,-1.0371877963182836,-3.8596362450365147
4752.643,-1.0313531312697566,-3.8677571784960265
4752.663,-1.0255159269037344,-3.875880252444475
4752.683,-1.0196876249581257,-3.884002860547496
4752.703,-1.013857515966037,-3.8921258808846604
4752.723,-1.0080250139834268,-3.9002503794956285
4752.743,-1.0021919879810597,-3.908407770248531
4752.763,-0.9963677779391596,-3.9165382770733803
4752.783,-0.9905409527995294,-3.9246803961564027
4752.803,-0.9847146052906475,-3.9328227960231943
4752.823,-0.9788887134929224,-3.940965467325299
4752.843,-0.9730632725447722,-3.9491084162083387
4752.863,-0.967238282567534,-3.957251650714462
4752.883,-0.9614137439302708,-3.9653951761904924
4752.903,-0.955589659648044,-3.9735389956607334
4752.923,-0.9497660328433415,-3.981683110463445
4752.943,-0.9439428706926446,-3.989827518962669
4752.963,-0.9381201932926552,-3.997972213614762
4752.983,-0.9322962449054845,-4.0061008518459555
4753.003,-0.9264724578008027,-4.014229593145695
4753.023,-0.9206486833307118,-4.022358345126409
4753.043,-0.9148249196468446,-4.030487105705848
4753.063,-0.9090011675113245,-4.038615875590542
4753.083,-0.903177426940536,-4.046744654788136
4753.103,-0.8973536978503642,-4.054873443204938
4753.123,-0.8915299802777965,-4.063002240843614
4753.143,-0.8857062750386291,-4.071131048408669
4753.163,-0.8798825813075112,-4.079259865093728
4753.183,-0.8740588990365971,-4.087388690794207
4753.203,-0.8682352282412509,-4.095517525451929
4753.223,-0.8624115689984985,-4.103646369056327
4753.243,-0.8565879212803449,-4.111775221495069
4753.263,-0.8507642860554786,-4.1199040835560785
4753.283,-0.8449406624245638,-4.128032954319316
4753.303,-0.8391170504832542,-4.136161833765567
4753.323,-0.8332934510991012,-4.144290722578826
4753.343,-0.827469863436259,-4.152419619883859
4753.363,-0.8216462875941681,-4.160548525660069
4753.383,-0.8158227244437354,-4.168677440588299
4753.403,-0.8099991732028783,-4.176806363844605
4753.423,-0.8041756347399429,-4.184935296110855
4753.443,-0.7983521082136995,-4.193064236514833
4753.463,-0.7925285937164414,-4.201193185038203
4753.483,-0.7867050921061073,-4.209322142369268
4753.503,-0.7808816025862272,-4.217451107690874
4753.523,-0.7750581260053971,-4.225580081696856
4753.543,-0.7692316508115682,-4.233729297086626
4753.563,-0.7634082837659297,-4.241858304603269
4753.583,-0.7575850500512274,-4.249987448900449
4753.603,-0.7517618307490614,-4.258116603162396
4753.623,-0.7459386241985893,-4.266245765575871
4753.643,-0.7401154303926448,-4.274374936113859
4753.663,-0.7342922492225441,-4.282504114670341
4753.683,-0.7284690806837716,-4.290633301248147
4753.703,-0.7226459246575986,-4.2987624957554065
4753.723,-0.716822781130547,-4.30689169820751
4753.743,-0.7109996499736053,-4.315020908527319
4753.763,-0.7051765319901157,-4.323150127496495
4753.783,-0.6993534262719903,-4.331279354348186
4753.803,-0.693528620302607,-4.339397636599272
4753.823,-0.6876988238108915,-4.347530799221381
4753.843,-0.6818758853242612,-4.355661117325052
4753.863,-0.6760528300608284,-4.363790375224701
4753.883,-0.6702297920822092,-4.3719196466600385
4753.903,-0.664406766690697,-4.38004892668592
4753.923,-0.6585777631152099,-4.388174376564036
4753.943,-0.6527504424202126,-4.396300798262942
4753.963,-0.6469331864034763,-4.404431500352041
4753.983,-0.6411152792805049,-4.412562652473767
4754.003,-0.6352901632057535,-4.420704441709787
4754.023,-0.6294643870259824,-4.428832222439505
4754.043,-0.6236383785543781,-4.4369599853592065
4754.063,-0.617812491877243,-4.445087819471872
4754.083,-0.6119866986422071,-4.453215707034642
4754.103,-0.6061609762349025,-4.461343635920872
4754.123,-0.6003353090033302,-4.4694715969171535
4754.143,-0.5945096812124582,-4.477599580472227
4754.163,-0.5886840807282808,-4.485727580293208
4754.183,-0.5828584920106141,-4.493855584089614
4754.203,-0.577032892027418,-4.501983572175282
4754.223,-0.5712071818874447,-4.510111458020918
4754.243,-0.565384139266674,-4.518240738798566
4754.263,-0.5595611819511592,-4.52637007483811
4754.283,-0.5537382357397003,-4.534499420374646
4754.303,-0.547915301127917,-4.542628775264658
4754.323,-0.5420923781161181,-4.550758139515459
4754.343,-0.5362694666126971,-4.558887513034128
4754.363,-0.531518835666233,-4.566280608163155
4754.383,-0.527817647832043,-4.572551616854952
4754.403,-0.5251076940561974,-4.5773008204400805
4754.423,-0.5231871458408351,-4.580714367433521
4754.443,-0.522141216816572,-4.583777644542573
4754.463,-0.5218345745984565,-4.58650164629697
4754.483,-0.5222152032698856,-4.588895781280829
4754.503,-0.523491402532784,-4.590899694562211
4754.523,-0.5254225730598179,-4.592542960863983
4754.543,-0.5277078000283467,-4.59397655995314
4754.563,-0.5300202643864228,-4.595369748351776
4754.583,-0.5323574491674326,-4.596721098738889
4754.603,-0.5347200747298413,-4.598030330170151
4754.623,-0.5371019496498185,-4.599296411708399
4754.643,-0.5394813537220724,-4.600551296621778
4754.663,-0.5419102691218666,-4.601730607511386
4754.683,-0.5443565053102747,-4.602866152964807
4754.703,-0.5467987318732626,-4.603989903806251
4754.723,-0.5492873205957348,-4.605036357870931
4754.743,-0.5517910081971503,-4.6060382001022075
4754.763,-0.55428906125746,-4.6070274594820315
4754.783,-0.5568303625567336,-4.607938153696213
4754.803,-0.5593841788140296,-4.6088033608945
4754.823,-0.561930885473877,-4.609655312755621
4754.843,-0.564517509665766,-4.6104275776289185
4754.863,-0.5671141090599535,-4.611153666022473
4754.883,-0.569702100958336,-4.611865850761713
4754.903,-0.5723265749373803,-4.612497449151105
4754.923,-0.5749584777854001,-4.613082328537262
4754.943,-0.5775802455824834,-4.613652687566398
4754.963,-0.5802349784357662,-4.6141417842078685
4754.983,-0.5828945974948342,-4.614583766984651
4755.003,-0.5855425225060081,-4.615010646872724
4755.023,-0.5882191818778092,-4.61535689187003
4755.043,-0.5909021870740461,-4.615655038556812
4755.063,-0.5935901180512091,-4.6159048493820345
4755.083,-0.5962820994899714,-4.616106242832355
4755.103,-0.5989772601085216,-4.616259154598351
4755.123,-0.6016747273995011,-4.6163635361233855
4755.143,-0.6043736285560819,-4.6164193537093325
4755.163,-0.6070730903063977,-4.6164265900671415
4755.183,-0.6097722391365874,-4.616385243603217
4755.203,-0.6125861344614234,-4.619877970695881
4755.223,-0.6151955091162782,-4.625938340296793
4755.243,-0.6171295097300347,-4.633453910580001
4755.263,-0.6183849698163298,-4.642447166510876
4755.283,-0.6191841068361609,-4.652415182722843
4755.303,-0.6199854956632737,-4.662383394924855
4755.323,-0.6206879437234281,-4.6728469069614444
4755.343,-0.621470271711835,-4.682791109830206
4755.363,-0.6222937411491982,-4.6928063090428696
4755.383,-0.623064515874148,-4.7027948615742865
4755.403,-0.6238558537424307,-4.7127775690672
4755.423,-0.6246632353102571,-4.72274281435541
4755.443,-0.6254649339033975,-4.73272094526652
4755.463,-0.6262721531291158,-4.742686370874253
4755.483,-0.627062243483532,-4.752667074427893
4755.503,-0.6278522397287128,-4.762633874187165
4755.523,-0.6286568100845696,-4.7726007663468195
4755.543,-0.6294477054476851,-4.7825840481888005
4755.563,-0.6302355425245062,-4.79255352771234
4755.583,-0.6310385902300154,-4.802521089730267
4755.603,-0.6318354084470471,-4.812488842971489
4755.623,-0.632632211222802,-4.822456599107144
4755.643,-0.6334290069771267,-4.832424356050128
4755.663,-0.6342257937224614,-4.842392113918857
4755.683,-0.6350225736831083,-4.852359872545443
4755.703,-0.6358128912140811,-4.862330102647239
4755.723,-0.6366026663206372,-4.872318183763089
4755.743,-0.6373966603122984,-4.88228654074649
4755.763,-0.6377960805764902,-4.890734547822026
4755.783,-0.6376813778443182,-4.897302226659571
4755.803,-0.637858399395398,-4.902071253733943
4755.823,-0.6386732896283929,-4.905442909036513
4755.843,-0.6400436435763421,-4.907721624203833
4755.863,-0.6418506918533728,-4.909123883700632
4755.883,-0.644150895350271,-4.909651547843388
4755.903,-0.646802402632354,-4.909360649838461
4755.923,-0.6494734310253499,-4.9089794665756274
4755.943,-0.6521371370519202,-4.908550972070365
4755.963,-0.6547924980641191,-4.908074882553337
4755.983,-0.6574387280340741,-4.90755126202984
4756.003,-0.6600750189373774,-4.906980223868197
4756.023,-0.662700549148786,-4.906361916540534
4756.043,-0.6653144891741735,-4.905696515884773
4756.063,-0.6679160066771995,-4.904984220810088
4756.083,-0.6705042685351286,-4.904225250534175
4756.103,-0.6730784431457109,-4.903419842798477
4756.123,-0.6756377017828763,-4.902568252309567
4756.143,-0.6781812192624749,-4.901670750687285
4756.163,-0.6807081745596337,-4.900727624682849
4756.183,-0.6832177516555126,-4.899739176965751
4756.203,-0.6857091394664129,-4.898705724656655
1758191687.4775627,-1.6431076458884097,-3.8687779822033512
4756.223,-1.6428408763559146,-3.871461993159654
4756.243,-1.6426224538558545,-3.874150380904595
4756.263,-1.6424524511676046,-3.8768422765957173
4756.283,-1.6423309251677234,-3.8795368101619845
4756.303,-1.6422579166956213,-3.8822331102685856
4756.323,-1.6422334513608792,-3.8849303051252724
4756.343,-1.642257538418437,-3.8876275221381027
4756.363,-1.6423301723239214,-3.8903238887120826
4756.383,-1.642451331426304,-3.8930185323859217
4756.403,-1.6426209780147758,-3.8957105809308907
4756.423,-1.6428390590348656,-3.8983991630699455
4756.443,-1.6431055051283523,-3.901083408254806
4756.463,-1.6398606905439232,-3.9041807316183332
4756.483,-1.6340402025570346,-3.9072901534494955
4756.503,-1.6267127708025857,-3.909849081384841
4756.523,-1.6178557296335838,-3.9118559751070454
4756.543,-1.6079899141975535,-3.913490563036365
4756.563,-1.5981240603957223,-3.9151275674558668
4756.583,-1.5878388471279903,-3.9170725090420175
4756.603,-1.5779974555550034,-3.9187176096654572
4756.623,-1.5680985300663832,-3.9203389351734543
4756.643,-1.5582345016211268,-3.921979917249134
4756.663,-1.5483704715492188,-3.9236209275736553
4756.683,-1.5385064424171324,-3.925261949199081
4756.703,-1.5286424149532714,-3.9269029816714522
4756.723,-1.5187783885857915,-3.928544022256469
4756.743,-1.5089143634558981,-3.9301850757321404
4756.763,-1.4990503401637607,-3.931826139644284
4756.783,-1.489186318193302,-3.9334672137320146
4756.803,-1.4793222976140599,-3.9351082978733944
4756.823,-1.4694582790766697,-3.936749392085981
4756.843,-1.4595942620735551,-3.938390496122831
4756.863,-1.4497302472570288,-3.9400316100108994
4756.883,-1.4398662342293982,-3.9416727356793713
4756.903,-1.4300022235308731,-3.9433138709977746
4756.923,-1.4201382146498456,-3.9449550157378472
4756.943,-1.410274208273876,-3.946596172402261
4756.963,-1.4004102038412318,-3.9482373383149336
4756.983,-1.3905462019877575,-3.9498785135306806
4757.003,-1.380682202875009,-3.951519700140911
4757.023,-1.3708182058557083,-3.9531608957739253
4757.043,-1.3609542109683674,-3.9548021003634406
4757.063,-1.3510902188659952,-3.9564433164394606
4757.083,-1.3412262289485786,-3.958084541353025
4757.103,-1.3313622419206066,-3.9597257773525194
4757.123,-1.321498257679137,-3.9613670222223005
4757.143,-1.3116342762639892,-3.9630082783749963
4757.163,-1.301770297041716,-3.96464954317834
4757.183,-1.2919054701902342,-3.9662843570743207
4757.203,-1.2820409138674338,-3.9679202347777527
4757.223,-1.272175464752836,-3.9695580678726854
4757.243,-1.2623102584640946,-3.971197442723776
4757.263,-1.2538936584196152,-3.9731370070622742
4757.283,-1.24719727474636,-3.9750064136759957
4757.303,-1.2423047125937199,-3.9765458261383806
4757.323,-1.2390938863712428,-3.977770546837194
4757.343,-1.2368818626719496,-3.9793830669206303
4757.363,-1.2355246410010454,-3.9813423461312585
4757.383,-1.2351100070936443,-3.9836570952639616
4757.403,-1.23556328326817,-3.9862748846723326
4757.423,-1.2361498055676403,-3.9889103776246424
4757.443,-1.2367831369015243,-3.991534712238334
4757.463,-1.2374636003210508,-3.9941472350252845
4757.483,-1.2381909760746774,-3.9967470973880985
4757.503,-1.2389650291540835,-3.999333455805397
4757.523,-1.2397855086521279,-4.001905471745481
4757.543,-1.2406521497783118,-4.004462310600392
4757.563,-1.241564671468287,-4.007003143322237
4757.583,-1.2425227777973926,-4.009527146051789
4757.603,-1.2435261591396916,-4.0120334998746845
4757.623,-1.2445744899304372,-4.014521392055871
4757.643,-1.2456674312382812,-4.01699001565685
4757.663,-1.2468046283647105,-4.01943857015533
4757.683,-1.247985712892567,-4.021866261740432
4757.703,-1.2492103026589734,-4.024272302894885
4757.723,-1.2504780002748412,-4.026655913861321
4757.743,-1.2517883948629889,-4.029016321802135
4757.763,-1.2531410618396266,-4.03135276173756
4757.783,-1.2545355626874533,-4.033664476125227
4757.803,-1.2559321594988988,-4.035963584901022
4757.823,-1.2543807922792896,-4.040189697807037
4757.843,-1.2505337664585936,-4.045565325963501
4757.863,-1.2450918804253095,-4.051118290306322
4757.883,-1.2380341224912887,-4.056857078814726
4757.903,-1.2299247149376615,-4.062709260316852
4757.923,-1.221816300542524,-4.0685636887098395
4757.943,-1.2129843834520224,-4.074417360547535
4757.963,-1.2048162695799756,-4.080422244030463
4757.983,-1.1966605955884373,-4.086270372368036
4758.003,-1.1885329974408487,-4.0921190486676595
4758.023,-1.1804216918516808,-4.0979671434255085
4758.043,-1.1723102566819241,-4.103815051045331
4758.063,-1.164198811600937,-4.109662944872951
4758.083,-1.1560873581323348,-4.115510826125133
4758.103,-1.1479760810272213,-4.121359189310322
4758.123,-1.1398691432312051,-4.127205771515954
4758.143,-1.1317602579110533,-4.133050651445848
4758.163,-1.1236477878580178,-4.138898000226743
4758.183,-1.115543773692483,-4.144752988908636
4758.203,-1.1074406190707407,-4.150596965360485
4758.223,-1.0993288943499013,-4.156445396451421
4758.243,-1.0912178590900103,-4.162294651485792
4758.263,-1.0831072582639814,-4.168144306096667
4758.283,-1.0749969768129102,-4.173994250253136
4758.303,-1.0668869374597938,-4.179844416420316
4758.323,-1.0587770827068983,-4.185694754623071
4758.343,-1.050667368790816,-4.19154522638383
4758.363,-1.0425577661646466,-4.197395806596319
4758.383,-1.0344462153000455,-4.203243996655158
4758.403,-1.0263347035547454,-4.209092043769631
4758.423,-1.0182197123676087,-4.21493338106809
4758.443,-1.010112798247318,-4.2207779415507485
4758.463,-1.0020035277973136,-4.226622327586911
4758.483,-0.9938919367582459,-4.232470775148174
4758.503,-0.9857799596411851,-4.238317938535776
4758.523,-0.9776679741698591,-4.244165087115796
4758.543,-0.9695559779123291,-4.25001222116038
4758.563,-0.9614439728573245,-4.255859342156525
4758.583,-0.9533319584674357,-4.261706450365957
4758.603,-0.9452199347591388,-4.267553545786163
4758.623,-0.937107901704334,-4.273400628356869
4758.643,-0.9289958581685828,-4.279247695745497
4758.663,-0.9208838052344501,-4.285094750170615
4758.683,-0.9127717428314214,-4.290941791522625
4758.703,-0.904659670987849,-4.296788819809832
4758.723,-0.896547589640302,-4.302635834930187
4758.743,-0.8884354977633565,-4.308482834684913
4758.763,-0.8803233963600947,-4.3143298212000145
4758.783,-0.872211285471606,-4.32017679450608
4758.803,-0.8640991650494232,-4.326023754524353
4758.823,-0.8559870351424826,-4.331870701298949
4758.843,-0.8478748957102864,-4.3377176347652435
4758.863,-0.8397627468097765,-4.343564554981934
4758.883,-0.8316505888678876,-4.349411461519639
4758.903,-0.8235404534632567,-4.35526195048948
4758.923,-0.8154203861286906,-4.361102170292936
4758.943,-0.807296390774553,-4.366942521425943
4758.963,-0.799180373392008,-4.372784252651058
4758.983,-0.7910700742261478,-4.378634208203277
4759.003,-0.7829522051552166,-4.384473437937052
4759.023,-0.7748452175217102,-4.390326457264567
4759.043,-0.7667329359073602,-4.396170646574051
4759.063,-0.7585850936929115,-4.402012681731477
4759.083,-0.750474170696213,-4.407861890622969
4759.103,-0.7423532410507327,-4.413701103077204
4759.123,-0.7342303925506775,-4.419540482083298
4759.143,-0.7261134967142673,-4.4253809936034525
4759.163,-0.7179962020569375,-4.4312211009656215
4759.183,-0.7098792826223962,-4.437060671735969
4759.203,-0.7017697534930769,-4.442905803080639
4759.223,-0.6936513290820562,-4.4487432650455006
4759.243,-0.6855362810498941,-4.4545860865294
4759.263,-0.6774210833568012,-4.460426408316794
4759.283,-0.6693116378158216,-4.466270364072048
4759.303,-0.661192000427813,-4.47210651765556
4759.323,-0.6530782694931506,-4.477952616392652
4759.343,-0.6449600305760883,-4.483789802341161
4759.363,-0.6368355473831148,-4.489638560994878
4759.383,-0.6287259181229826,-4.495487601852406
4759.403,-0.6205872651759685,-4.501339000223955
4759.423,-0.6124776149826044,-4.507188285754102
4759.443,-0.6043603020768583,-4.513026390897127
4759.463,-0.5962510868976392,-4.518868664951799
4759.483,-0.588137459758745,-4.524714403939562
4759.503,-0.5800243266547195,-4.530560614493321
4759.523,-0.5719115505790111,-4.53640714989431
4759.543,-0.5637990420679878,-4.542253929961425
4759.563,-0.5556867356850137,-4.548100896355725
4759.583,-0.547574585171485,-4.553948010202104
4759.603,-0.5394625557766382,-4.559795241350494
4759.623,-0.5313506222852591,-4.565642567090849
4759.643,-0.5232364915213688,-4.5714867764331
4759.663,-0.5151225875688201,-4.577331499939382
4759.683,-0.5070036904512768,-4.58316804367675
4759.703,-0.4997812330572495,-4.588007292301481
4759.723,-0.49356747654286176,-4.591737351518005
4759.743,-0.4888611232474139,-4.594539688188596
4759.763,-0.48548419249706115,-4.596702879083756
4759.783,-0.4829814999877231,-4.59883985449025
4759.803,-0.48140421502781,-4.6009685602772326
4759.823,-0.4807597763706444,-4.603090607037694
4759.843,-0.4810587685625552,-4.605212618047034
4759.863,-0.48221822259018815,-4.607329296920031
4759.883,-0.484119358701359,-4.609367157328428
4759.903,-0.48585924701415373,-4.611432405607933
4759.923,-0.4876345695811,-4.613466163336039
4759.943,-0.48944621012351675,-4.615467636554595
4759.963,-0.491293574218835,-4.617436171955424
4759.983,-0.493176062840295,-4.619371132304508
4760.003,-0.49509306575453105,-4.6212718914038105
4760.023,-0.4970439620350354,-4.623137833683154
4760.043,-0.4990281189403117,-4.624968355832734
4760.063,-0.5010448939191445,-4.626762865189559
4760.083,-0.5030936338679751,-4.6285207806357915
4760.103,-0.5051736747108401,-4.630241534100335
4760.123,-0.5072843429953898,-4.631924568427501
4760.143,-0.5094249549843025,-4.633569339177004
4760.163,-0.5115948174410689,-4.635175314463649
4760.183,-0.5137932276583183,-4.636741974870751
4760.203,-0.5160194742962859,-4.638268813221707
4760.223,-0.5182728362336902,-4.639755336227588
4760.243,-0.5205525843848917,-4.641201062612955
4760.263,-0.5228579803986115,-4.64260552528075
4760.283,-0.5251882784786627,-4.643968269483026
4760.303,-0.527542724575368,-4.645288854492418
4760.323,-0.5299205564549435,-4.646566853645261
4760.343,-0.5323210050957657,-4.647801852868117
4760.363,-0.5347432939163823,-4.648993452677373
4760.383,-0.5371866389917133,-4.650141267964139
4760.403,-0.5396502501626139,-4.651244926716937
4760.423,-0.5421333302117448,-4.652304072245654
4760.443,-0.5446350758979953,-4.653318361543604
4760.463,-0.547154677868138,-4.654287465934014
4760.483,-0.5496913212845137,-4.65521107155544
4760.503,-0.5522441852395693,-4.6560888795588
4760.523,-0.5548124440076461,-4.656920605350748
4760.543,-0.557395266792785,-4.657705978978459
4760.563,-0.5599918176859288,-4.6584447462373575
4760.583,-0.5626012567625949,-4.659136666541227
4760.603,-0.5652227392458071,-4.659781516248584
4760.623,-0.5678554170168304,-4.660379085077435
4760.643,-0.5704984376588796,-4.660929179861209
4760.663,-0.5731509456082244,-4.661431620752826
4760.683,-0.5758120820765144,-4.66188624456437
4760.703,-0.5784809853469804,-4.662292902976126
4760.723,-0.5811567908750102,-4.662651463718651
4760.743,-0.5838386317009072,-4.6629618100582935
4760.763,-0.5865256391963598,-4.663223839784428
4760.783,-0.5892169425029771,-4.663437467386443
4760.803,-0.5919116694893487,-4.663602623132726
4760.823,-0.59460894644124,-4.663719252428119
4760.843,-0.5973078990951134,-4.663787316272752
4760.863,-0.6000076521546014,-4.663806792272958
4760.883,-0.6027073300957796,-4.663777673251337
4760.903,-0.6054060574619112,-4.663699968281243
4760.923,-0.6081029588579431,-4.663573701039357
4760.943,-0.6107971594077722,-4.663398912429798
4760.963,-0.6134877850144043,-4.663175658359563
4760.983,-0.6161739629089146,-4.6629040112949625
4761.003,-0.6188548214293689,-4.662584058192631
4761.023,-0.6220148025640306,-4.6657674254749155
4761.043,-0.6252362905496568,-4.671525440359628
4761.063,-0.6279364120450885,-4.678800711398168
4761.083,-0.6301142330550965,-4.687615810206701
4761.103,-0.631938908823771,-4.697448235020935
4761.123,-0.633765909561131,-4.707280372476016
4761.143,-0.6359572480829236,-4.717577561860736
4761.163,-0.6378087093257142,-4.727389049016179
4761.183,-0.6396812117971843,-4.7372501269372
4761.203,-0.6415083750450598,-4.747080874384842
4761.223,-0.6433425799289967,-4.75691079463253
4761.243,-0.6451769506137901,-4.766740685851724
4761.263,-0.6470113345684496,-4.776570575052498
4761.283,-0.6488457302198261,-4.786400461826195
4761.303,-0.6506801365204695,-4.796230346619766
4761.323,-0.6525145547092716,-4.806060229107657
4761.343,-0.6543489846256312,-4.815890109905274
4761.363,-0.6561834263337551,-4.825719988459248
4761.383,-0.6580178784967968,-4.835549865157016
4761.403,-0.659865439139759,-4.8453933594155165
4761.423,-0.6617048681135196,-4.855222846882166
4761.443,-0.663540095051651,-4.865052582091472
4761.463,-0.6653753481374954,-4.874882309987067
4761.483,-0.6672106121779322,-4.8847120361235845
4761.503,-0.6690458881631115,-4.89454176023096
4761.523,-0.6708811762078232,-4.904371482407272
4761.543,-0.6727164758411065,-4.9142012026328326
4761.563,-0.6745517868835635,-4.924030920944391
4761.583,-0.6763871091541905,-4.933860637374743
4761.603,-0.6782224437549367,-4.943690351598143
4761.623,-0.6800577892191065,-4.953520064001088
4761.643,-0.6818931452500553,-4.963349775196587
4761.663,-0.6837285130613832,-4.973179484265203
4761.683,-0.6855638911864459,-4.9830091915884065
4761.703,-0.6873992804341272,-4.9928388967710156
4761.723,-0.6892346808027034,-5.002668600472337
4761.743,-0.6910700909434997,-5.012498302481969
4761.763,-0.6929055119642347,-5.022328002454341
4761.783,-0.6947409436926997,-5.032157700401693
4761.803,-0.6965763858470478,-5.041987396917539
4761.823,-0.6984118380850313,-5.051817091368221
4761.843,-0.7002473005412908,-5.061646783814994
4761.863,-0.7020827742347647,-5.071476474489323
1758191694.429152,-1.740685544406885,-4.229199449115528
4761.883,-1.7307871723700248,-4.2306186075247965
4761.903,-1.7208888014048123,-4.23203777536716
4761.923,-1.7109904323330976,-4.233456954239552
4761.943,-1.701092064277813,-4.2348761425865975
4761.963,-1.6911936982005145,-4.236295341443512
4761.983,-1.6812941084517654,-4.23770853318543
4762.003,-1.6713750404346452,-4.239150285021728
4762.023,-1.6614551211614486,-4.240593923125187
4762.043,-1.651534789695326,-4.242038809042254
4762.063,-1.6416352345720104,-4.243459256771386
4762.083,-1.6317372793411586,-4.24488243165956
4762.103,-1.6218405865625674,-4.246320274301931
4762.123,-1.6133693470171604,-4.2480431619426104
4762.143,-1.6065876020239385,-4.249679229751919
4762.163,-1.6016987497002484,-4.250885625145148
4762.183,-1.598451240443522,-4.252026079603059
4762.203,-1.5961005913689557,-4.253548677944385
4762.223,-1.5946711418169575,-4.255465195206412
4762.243,-1.5941727301733246,-4.257757612891759
4762.263,-1.594616067332413,-4.260403587499807
4762.283,-1.595141455280871,-4.263051175882485
4762.303,-1.595714714262394,-4.265689302190975
4762.323,-1.5963353682952326,-4.268316697899286
4762.343,-1.5970032135035552,-4.270932507315782
4762.363,-1.5977180339600725,-4.2735358817391385
4762.383,-1.59847959850597,-4.276125976236561
4762.403,-1.5992876603706103,-4.278701950314904
4762.423,-1.600141957656812,-4.281262968251841
4762.443,-1.6010422139833296,-4.283808199001946
4762.463,-1.6019881373557714,-4.286336816851993
4762.483,-1.6029794212366015,-4.288848001434522
4762.503,-1.6040157443004437,-4.291340938260075
4762.523,-1.6050967705803594,-4.293814818691533
4762.543,-1.6062221495650324,-4.296268840423289
4762.563,-1.6073915160273893,-4.298702207738971
4762.583,-1.6086044910094728,-4.301114131474983
4762.603,-1.6098606811827876,-4.303503829784487
4762.623,-1.6111596793657363,-4.305870527730139
4762.643,-1.6124985886238883,-4.308211198448259
4762.663,-1.6138419990854496,-4.310542016211779
4762.683,-1.6152675210899845,-4.312835099728339
4762.703,-1.616731064667975,-4.315100478285319
4762.723,-1.6152594992133482,-4.319337336305172
4762.743,-1.6115019812867935,-4.324761822323074
4762.763,-1.6061523964749265,-4.33038473429263
4762.783,-1.5991900870236042,-4.336215283164296
4762.803,-1.5911535830807662,-4.342165124780065
4762.823,-1.5831245923970498,-4.348127143156407
4762.843,-1.5743585701113265,-4.3541095325945
4762.863,-1.5662870361693009,-4.360065489306476
4762.883,-1.5582490619196347,-4.366015606743362
4762.903,-1.550213488446393,-4.371967301974236
4762.923,-1.5421778966994253,-4.3779189746058815
4762.943,-1.5341422947847645,-4.383870634710323
4762.963,-1.5261066836356507,-4.389822283238823
4762.983,-1.5180710625806377,-4.395773919413402
4763.003,-1.51003543248594,-4.401725544075166
4763.023,-1.5019997922524833,-4.40767715684375
4763.043,-1.4939641423679635,-4.413628757274098
4763.063,-1.4859284838065605,-4.419580346302303
4763.083,-1.4778928158073001,-4.425531923015851
4763.103,-1.4698571385278956,-4.431483487475079
4763.123,-1.4618214520247732,-4.437435039627086
4763.143,-1.4537857572714623,-4.443386580392476
4763.163,-1.4457500530695393,-4.449338109253337
4763.183,-1.4377143400035173,-4.455289625848265
4763.203,-1.4296786181705217,-4.461241130167342
4763.223,-1.4216428876121487,-4.467192622144469
4763.243,-1.4136071484659796,-4.473144101821196
4763.263,-1.4055743558170182,-4.479092464341084
4763.283,-1.397536256198682,-4.485038389528856
4763.303,-1.389496348016128,-4.490982353753498
4763.323,-1.3814676664738699,-4.496937990803887
4763.343,-1.3734087583228702,-4.50288952947684
4763.363,-1.3653748520470705,-4.508837132289765
4763.383,-1.3573001373785978,-4.514784612354619
4763.403,-1.3492628932170674,-4.520734049904719
4763.423,-1.3412256289065945,-4.52668345864831
4763.443,-1.333188356538471,-4.532632854872423
4763.463,-1.3258688255132007,-4.537501594159609
4763.483,-1.3197777146212564,-4.541473012339724
4763.503,-1.3151971557836384,-4.544411107655062
4763.523,-1.3117954151503448,-4.546239535140961
4763.543,-1.3085849398562017,-4.547606765836977
4763.563,-1.3057844130139538,-4.548213262402619
4763.583,-1.3030537647306775,-4.548001389170616
4763.603,-1.3004894424533748,-4.547269155012551
4763.623,-1.2981935638561932,-4.5457100885491135
4763.643,-1.29618094621643,-4.543549751951271
4763.663,-1.2944155112169635,-4.541256309584643
4763.683,-1.2930276748145124,-4.538940851946403
4763.703,-1.2916818711344873,-4.536603386708584
4763.723,-1.2903475662954889,-4.5342674961132845
4763.743,-1.2890867615950767,-4.531879328464359
4763.763,-1.287869344168953,-4.5294727461159745
4763.783,-1.2866642130154395,-4.527069553547514
4763.803,-1.2855340582278885,-4.524617021219595
4763.823,-1.2844483882030584,-4.522148614098598
4763.843,-1.2801011732899747,-4.52104548388295
4763.863,-1.273504029040158,-4.521197344573317
4763.883,-1.2658650257015622,-4.522569239194782
4763.903,-1.2571001114114222,-4.525136892367654
4763.923,-1.2477022271032783,-4.528555068377661
4763.943,-1.2383053446747176,-4.531977145845565
4763.963,-1.2285257204249993,-4.535930322972116
4763.983,-1.2191051107831996,-4.539445414553874
4764.003,-1.209631413928093,-4.543018856687603
4764.023,-1.2002284707077897,-4.546484303586554
4764.043,-1.1908385404425659,-4.549922591329807
4764.063,-1.181448628650642,-4.553360937762294
4764.083,-1.1720587221756114,-4.556799298574227
4764.103,-1.162668820592141,-4.56023767189471
4764.123,-1.1532789232661742,-4.563676057823544
4764.143,-1.1438890308981613,-4.567114457136779
4764.163,-1.134499143230889,-4.570552868672834
4764.183,-1.1251092603836006,-4.573991293330942
4764.203,-1.115719079848674,-4.577429066600968
4764.223,-1.106329202637983,-4.580867507213108
4764.243,-1.0969410959034172,-4.5843052001775
4764.263,-1.0875496262737843,-4.58773974510959
4764.283,-1.078157517330189,-4.5911702477012595
4764.303,-1.0687676641102561,-4.594608664429938
4764.323,-1.0593778049651008,-4.598047152982823
4764.343,-1.0499879498139004,-4.601485655085764
4764.363,-1.040595259456016,-4.6049182041248145
4764.383,-1.0312027413179512,-4.608351302103142
4764.403,-1.0218104398581895,-4.6117849406257125
4764.423,-1.0124183123937653,-4.61521898565735
4764.443,-1.0030263228011622,-4.618653337979152
4764.463,-0.9936344414222028,-4.622087925061588
4764.483,-0.9842426456765971,-4.625522690860677
4764.503,-0.9748509169271082,-4.628957591538289
4764.523,-0.9654592394560982,-4.632392590540575
4764.543,-0.9560676003345081,-4.635827648469454
4764.563,-0.9466759847618132,-4.6392627089964655
4764.583,-0.93728560465715,-4.642700150369136
4764.603,-0.927895538967715,-4.646138087651596
4764.623,-0.918505483465917,-4.649576050360447
4764.643,-0.9091154329211678,-4.653014026468902
4764.663,-0.8997253869474079,-4.656452017257442
4764.683,-0.8903353458973605,-4.659890021269495
4764.703,-0.8809453098109317,-4.663328038627323
4764.723,-0.8715552780905282,-4.666766069271621
4764.743,-0.8621652515803739,-4.6702041143973245
4764.763,-0.8527752300578822,-4.6736421726701005
4764.783,-0.8433852137562768,-4.677080245248913
4764.803,-0.8339952019214493,-4.680518331201292
4764.823,-0.8246051953459299,-4.6839564314316675
4764.843,-0.8152151938607313,-4.687394544897937
4764.863,-0.8058251976700048,-4.690832672608306
4764.883,-0.7964352066016757,-4.69427081351559
4764.903,-0.787045220269687,-4.697708968729138
4764.923,-0.7776552390834399,-4.70114713708685
4764.943,-0.7682652632376281,-4.704585319582213
4764.963,-0.7588752925223565,-4.708023515004881
4764.983,-0.7494853271793276,-4.711461724631696
4765.003,-0.7400953671795333,-4.714899948268036
4765.023,-0.7307054117408918,-4.718338184942715
4765.043,-0.7213205778227504,-4.721776244547074
4765.063,-0.7119378451829947,-4.725228414859953
4765.083,-0.7025347552771043,-4.728676851299135
4765.103,-0.6931419563037636,-4.73210758986522
4765.123,-0.6837383814514711,-4.7355654568529255
4765.143,-0.674355246632297,-4.739012728281536
4765.163,-0.6649687976671882,-4.74244996284428
4765.183,-0.6555846346699816,-4.745889806448923
4765.203,-0.6462021598470028,-4.749342904112926
4765.223,-0.636799568493838,-4.752792846054791
4765.243,-0.6274073509605733,-4.756225128259878
4765.263,-0.6180043183369139,-4.759684627967117
4765.283,-0.6086150977435267,-4.763125050509107
4765.303,-0.5992260763913747,-4.766565830677342
4765.323,-0.5898370618479875,-4.770006626733194
4765.343,-0.5804480523490928,-4.77344743568483
4765.363,-0.571059047240277,-4.776888257599099
4765.383,-0.5616700470032967,-4.7803290920610335
4765.403,-0.5522810518039241,-4.783769940237668
4765.423,-0.5428920613270145,-4.787210800665919
4765.443,-0.5335030751307919,-4.79065167449123
4765.463,-0.5241164258059527,-4.794100662802966
4765.483,-0.5147274827232334,-4.797541662214211
4765.503,-0.5053314923248958,-4.800998936032236
4765.523,-0.495942013103339,-4.804439955513784
4765.543,-0.48655018458551585,-4.807874051788634
4765.563,-0.4771607099422425,-4.811314527652815
4765.583,-0.4677698384102908,-4.814751129053522
4765.603,-0.45838016486961936,-4.818191072464203
4765.623,-0.44899025009579174,-4.8216303502921996
4765.643,-0.43960070185647027,-4.825070434434028
4765.663,-0.43021139563032784,-4.828511068635891
4765.683,-0.42082225395626854,-4.831952076986773
4765.703,-0.41143322733888693,-4.835393353547889
4765.723,-0.4020442840770112,-4.838834825755789
4765.743,-0.3926554040993462,-4.8422764491121475
4765.763,-0.38470662961826885,-4.845792378784734
4765.783,-0.3782243391440364,-4.8489590122871435
4765.803,-0.37329831507466676,-4.851063776126828
4765.823,-0.36945760157053575,-4.85263455601379
4765.843,-0.3661372744576522,-4.853593623738625
4765.863,-0.36317790903848635,-4.85379826402557
4765.883,-0.3605787352074406,-4.853235983076876
4765.903,-0.35875862842515965,-4.851935716044029
4765.923,-0.35725859917803104,-4.850001355646794
4765.943,-0.35650519204414344,-4.84756560045219
4765.963,-0.35576908222795567,-4.844968155810398
4765.983,-0.3550799521287903,-4.842358029288128
4766.003,-0.3544379156156748,-4.839735935016521
4766.023,-0.3538431789267762,-4.837102721281897
4766.043,-0.353295934021023,-4.834459241002542
4766.063,-0.3527963572453847,-4.831806350388015
4766.083,-0.35234460976355114,-4.829144908659925
4766.103,-0.3519408372528597,-4.826475777531199
4766.123,-0.35158516956790736,-4.823799821283691
4766.143,-0.3512777212817705,-4.821117906233243
4766.163,-0.35101859143454334,-4.818430900517803
4766.183,-0.3508078631344547,-4.815739673783382
4766.203,-0.35064560391517297,-4.81304509712494
4766.223,-0.3505318656164481,-4.8103480425244145
4766.243,-0.3504666844659047,-4.8076493825279405
4766.263,-0.3504500817273129,-4.8049499904383755
4766.283,-0.3504820622039565,-4.802250739530322
4766.303,-0.35056261446097675,-4.799552503079224
4766.323,-0.35069171297755497,-4.796856153875063
4766.343,-0.3508693156959721,-4.794162564186246
4766.363,-0.3510953651089978,-4.791472605310854
4766.383,-0.3513697873157182,-4.7887871472036885
4766.403,-0.35169249419408694,-4.786107058678358
4766.423,-0.35206338107402024,-4.783433206425832
4766.443,-0.35248232867909046,-4.780766455558474
4766.463,-0.3529492012069088,-4.778107668549592
4766.483,-0.35346384801472436,-4.77545770565049
4766.503,-0.35402610324397993,-4.772817424011078
4766.523,-0.354635784855228,-4.77018767797892
4766.543,-0.3552926963285836,-4.767569318473428
4766.563,-0.35599662562612616,-4.764963192942635
4766.583,-0.3567473452802808,-4.762370144534774
4766.603,-0.3575446137730837,-4.759791013032522
4766.623,-0.35838817268639456,-4.757226633186774
4766.643,-0.3592777498717062,-4.754677835325981
4766.663,-0.36021305835023865,-4.752145445033041
4766.683,-0.3611937961639816,-4.74963028284084
4766.703,-0.3622196462336094,-4.747133163228749
4766.723,-0.36329027659613206,-4.744654895344052
4766.743,-0.3644053415225957,-4.7421962823924435
4766.763,-0.36556448079202086,-4.7397581215158615
4766.783,-0.36676731922663997,-4.737341203005895
4766.803,-0.36801346803936097,-4.734946310575666
4766.823,-0.3693025236151206,-4.7325742206712516
4766.843,-0.3706340689761031,-4.730225702816288
4766.863,-0.3720076726812972,-4.727901518679629
4766.883,-0.37342289082768243,-4.725602422573154
4766.903,-0.3748792647481694,-4.72332916025093
4766.923,-0.37637632232620194,-4.721082469048431
4766.943,-0.3779135787038658,-4.718863077973078
4766.963,-0.37949053593122406,-4.716671707196302
4766.983,-0.3811066830719895,-4.714509067892141
4767.003,-0.3827614964237898,-4.712375861940894
4767.023,-0.38445443921844275,-4.710272780965537
4767.043,-0.38618496313967604,-4.708200507965548
4767.063,-0.38795250685812266,-4.7061597148025385
4767.083,-0.3897564972588708,-4.704151063615515
4767.103,-0.3915963495674343,-4.702175206038545
4767.123,-0.3934714672091158,-4.700232782953345
4767.143,-0.39538124232258526,-4.698324424375406
4767.163,-0.3973250556289369,-4.696450749195175
4767.183,-0.3993022769346508,-4.694612364898576
4767.203,-0.401312265232293,-4.692809867440909
4767.223,-0.40100691780860753,-4.688334908591735
4767.243,-0.3988081577607878,-4.682114129994985
4767.263,-0.39512553744826373,-4.6752834596717525
4767.283,-0.3899414678061093,-4.66782866406576
4767.303,-0.38376001071184485,-4.659967705481603
4767.323,-0.3775802609163012,-4.652105075196693
4767.343,-0.3713549911657265,-4.643522318562631
4767.363,-0.36521989807536637,-4.635569073640906
4767.383,-0.3590693771097774,-4.627683781346396
4767.403,-0.35290022744190935,-4.619813310002563
4767.423,-0.3467319440093207,-4.611942360855174
4767.443,-0.3405634932939924,-4.604071950924973
4767.463,-0.334395058174618,-4.596201532787307
4767.483,-0.32822663674045355,-4.5883311044325
4767.503,-0.3220582264453807,-4.580460666743359
4767.523,-0.31588982772292606,-4.57259022011932
4767.543,-0.3097214426532785,-4.56471976323688
4767.563,-0.30355306916066416,-4.556849297399891
4767.583,-0.29738470724537536,-4.548978822601682
4767.603,-0.29121635898086584,-4.541108337522747
4767.623,-0.2850480218536279,-4.533237843063907
4767.643,-0.27887969836162907,-4.525367338323071
4767.663,-0.27271138651771953,-4.51749682451141
4767.683,-0.26654308620027306,-4.5096263017444596
4767.703,-0.26037479946341946,-4.501755768721433
4767.723,-0.2542065242025095,-4.4938852267733
4767.743,-0.24803826202931242,-4.486014674195594
4767.763,-0.24187001126023208,-4.478144112740008
4767.783,-0.23570177185084354,-4.4702735424362325
4767.803,-0.22953354582948668,-4.462402962006201
4767.823,-0.2233677147901854,-4.454530586858321
4767.843,-0.21720096549426837,-4.4466588206926305
4767.863,-0.21103345366907822,-4.438787853324368
1758191701.96497,-2.38361964000905,-4.055775703052048
4767.883,-2.3740950061279427,-4.058822078154632
4767.903,-2.3645696246425363,-4.06186701368053
4767.923,-2.355041872556799,-4.064911162115673
4767.943,-2.3455141594818514,-4.067955427988015
4767.963,-2.3359864478537,-4.070999730764141
4767.983,-2.3264342188429645,-4.074039460138741
4768.003,-2.3168819117548582,-4.077078943547947
4768.023,-2.30732956148819,-4.080118199571014
4768.043,-2.297777158077942,-4.083157214986476
4768.063,-2.2882247083382565,-4.086195992784884
4768.083,-2.2787004846404937,-4.089243262877983
4768.103,-2.2691762975766285,-4.09228821978127
4768.123,-2.259655593432663,-4.095331902149996
4768.143,-2.250130597275137,-4.098371836205842
4768.163,-2.240560758154493,-4.101403502491027
4768.183,-2.2310359567381393,-4.1044483766552515
4768.203,-2.2215111386084327,-4.107493192906958
4768.223,-2.2119863163571365,-4.110537996009085
4768.243,-2.202461489152302,-4.113582784454296
4768.263,-2.192936658067952,-4.116627560481848
4768.283,-2.183409675501492,-4.119663340544064
4768.303,-2.173858205732916,-4.122697093556245
4768.323,-2.1643330052199725,-4.125740743221315
4768.343,-2.1548078073429546,-4.128784374668186
4768.363,-2.145282605070742,-4.131827990851258
4768.383,-2.1368063560998496,-4.133973376555165
4768.403,-2.1297592665568166,-4.1353028991726895
4768.423,-2.1243997223464777,-4.136130062956634
4768.443,-2.1205001596183672,-4.136623381018021
4768.463,-2.117623089542021,-4.137503057321136
4768.483,-2.115639491540765,-4.138773704981359
4768.503,-2.114555370887241,-4.140425956429452
4768.523,-2.114375966562778,-4.142470195753697
4768.543,-2.114885706127426,-4.144884245364331
4768.563,-2.1158658207770147,-4.147397954459216
4768.583,-2.116890266927665,-4.149893722343169
4768.603,-2.1179598916047833,-4.152370888995569
4768.623,-2.1190737386038734,-4.154828351412409
4768.643,-2.1202315017732114,-4.157265333395724
4768.663,-2.121432844335778,-4.159681059178132
4768.683,-2.1226774011853657,-4.162074755046991
4768.703,-2.123964784455165,-4.164445650955398
4768.723,-2.1252945861771693,-4.1667929829435515
4768.743,-2.1266663807112343,-4.169115993913297
4768.763,-2.1280797278779,-4.171413932801251
4768.783,-2.129534171359428,-4.17368605750617
4768.803,-2.1310292412858343,-4.175931633737071
4768.823,-2.1325644538845454,-4.17814993550976
4768.843,-2.134139313069246,-4.180340245345297
4768.863,-2.135753309002823,-4.18250185514492
4768.883,-2.1374059187719574,-4.1846340662993615
4768.903,-2.139096608279517,-4.186736189091207
4768.923,-2.1408248299131363,-4.188807544126033
4768.943,-2.1425900253694916,-4.190847461342111
4768.963,-2.144391623129935,-4.192855281421837
4768.983,-2.1462290413331515,-4.194830354655885
4769.003,-2.148101685670836,-4.196772042511527
4769.023,-2.150008950889519,-4.198679717021718
4769.043,-2.15195022088147,-4.200552760924701
4769.063,-2.153924868068184,-4.202390568560801
4769.083,-2.155932255113549,-4.204192544751004
4769.103,-2.1579717333046986,-4.205958106588165
4769.123,-2.160042644060399,-4.207686682404151
4769.143,-2.162144318262765,-4.209377712883592
4769.163,-2.1642760775028966,-4.211030650209823
4769.183,-2.1664372332589936,-4.212644958738098
4769.203,-2.1686270874740936,-4.214220115779064
4769.223,-2.1708449330420336,-4.215755610542741
4769.243,-2.1730900538747533,-4.2172509449082725
4769.263,-2.1753617244235093,-4.218705634222749
4769.283,-2.1776592106081885,-4.220119206956761
4769.303,-2.1799817703895017,-4.221491203986499
4769.323,-2.1823286532444435,-4.2228211797550825
4769.343,-2.1846991005188166,-4.224108702712613
4769.363,-2.187092346134499,-4.2253533541497115
4769.383,-2.189507616076962,-4.2265547302138025
4769.403,-2.1919441296314095,-4.227712440054171
4769.423,-2.194401098621444,-4.228826106928404
4769.443,-2.1968777281732628,-4.229895369137438
4769.463,-2.1993732169286777,-4.230919878568618
4769.483,-2.2018867572009393,-4.231899302367525
4769.503,-2.2044175358131173,-4.23283332087094
4769.523,-2.2069647330613607,-4.23372163118681
4769.543,-2.2095275246803308,-4.234563943418457
4769.563,-2.2121050804765194,-4.235359983634326
4769.583,-2.214696566001553,-4.236109492018991
4769.603,-2.217301141648465,-4.2368122252987215
4769.623,-2.2199179638658424,-4.237467954175185
4769.643,-2.221737757204966,-4.241568153696023
4769.663,-2.22269919317688,-4.248096588081258
4769.683,-2.222633521788268,-4.255857541241712
4769.703,-2.2215317043989677,-4.264871814635049
4769.723,-2.2197387183687916,-4.274710147758519
4769.743,-2.2179479912312883,-4.284549271498369
4769.763,-2.216329911977391,-4.29490229611653
4769.783,-2.2145716832901705,-4.304706413148688
4769.803,-2.2127945074851505,-4.314560296924311
4769.823,-2.211012329839453,-4.324399642668238
4769.843,-2.2092278571868036,-4.334238451525468
4769.863,-2.2074456383687617,-4.3440779394556515
4769.883,-2.205663109828086,-4.35391735879718
4769.903,-2.2038803352821015,-4.36375676334781
4769.923,-2.202097438508541,-4.373596160629288
4769.943,-2.2003145116912597,-4.383435553296032
4769.963,-2.1985316268947197,-4.393274939433439
4769.983,-2.19674885795644,-4.403114307864942
4770.003,-2.1949662922822233,-4.412953622982766
4770.023,-2.193187065376227,-4.422791805972288
4770.043,-2.191401242814375,-4.432630657803202
4770.063,-2.1896176448793883,-4.442469894870285
4770.083,-2.1878340682908046,-4.4523091367438346
4770.103,-2.1860505036202857,-4.46214838052852
4770.123,-2.1842669520171465,-4.471987626954523
4770.143,-2.1824834118341934,-4.481826875801055
4770.163,-2.180699883568125,-4.491666126707154
4770.183,-2.1789163671566745,-4.5015053796794335
4770.203,-2.177132863308903,-4.511344635168862
4770.223,-2.1753664640888197,-4.521206291622998
4770.243,-2.1735945427557914,-4.531065902177494
4770.263,-2.171812261455024,-4.540905383892492
4770.283,-2.1700300363891754,-4.550744871660132
4770.303,-2.1682478237088327,-4.560584362208095
4770.323,-2.1664610916189386,-4.57042610174618
4770.343,-2.164692052149618,-4.580288634766566
4770.363,-2.162915196335283,-4.59012795271838
4770.383,-2.16114116870561,-4.599970723791798
4770.403,-2.1593699897841234,-4.6098323126755485
4770.423,-2.1575923021731866,-4.61967173130466
4770.443,-2.1558178051243826,-4.629513842768474
4770.463,-2.1540465100907533,-4.639375482597605
4770.483,-2.152268874944108,-4.649214992520166
4770.503,-2.1504945601131764,-4.659057196959262
4770.523,-2.1487235453340054,-4.668918936123196
4770.543,-2.14694626291051,-4.678758545746146
4770.563,-2.145175005165294,-4.688617356485036
4770.583,-2.1433854462659543,-4.698457269278836
4770.603,-2.1416215676955948,-4.708324758667917
4770.623,-2.139839270599999,-4.7181654048445845
4770.643,-2.1380695170063544,-4.728006059361082
4770.663,-2.1362833911439787,-4.7378446709023425
4770.683,-2.1345194192191137,-4.747704515210981
4770.703,-2.1327662748287097,-4.7575829589280865
4770.723,-2.130988620394007,-4.767428909685266
4770.743,-2.1292194872529993,-4.777288231447384
4770.763,-2.1274342640655157,-4.787128354608143
4770.783,-2.125682034514274,-4.797008126283281
4770.803,-2.123931111184025,-4.806887918145138
4770.823,-2.1221822191405635,-4.816768358949675
4770.843,-2.1204354264028202,-4.826649356109086
4770.863,-2.118669746436021,-4.836491286179722
4770.883,-2.116901933251391,-4.846334583533797
4770.903,-2.1151301880386675,-4.856176739460644
4770.923,-2.1133623704907105,-4.866018996422943
4770.943,-2.1115948109719826,-4.875861258446868
4770.963,-2.1098274810234723,-4.885703477202801
4770.983,-2.108060816843313,-4.895545696058964
4771.003,-2.1062941633536636,-4.905387899337335
4771.023,-2.104526963589848,-4.9152300684400805
4771.043,-2.10275933057112,-4.9250722035611
4771.063,-2.1009914370275795,-4.934914325466162
4771.083,-2.09922338320877,-4.944756437975088
4771.103,-2.0974552529493784,-4.95459855030503
4771.123,-2.0956871010715137,-4.964440665784106
4771.143,-2.09391896939707,-4.974282788193937
4771.163,-2.092150891787054,-4.984124918110948
4771.183,-2.090382897474829,-4.993967056044053
4771.203,-2.0886150133755494,-5.003809199974057
4771.223,-2.0868472727942518,-5.013651344204603
4771.243,-2.0850797208118217,-5.023493474104175
4771.263,-2.083312428538885,-5.0333355474234835
4771.283,-2.0815485631958284,-5.043176440270704
4771.303,-2.0797780852994303,-5.053018075488431
4771.323,-2.078009833211377,-5.062860082560317
4771.343,-2.0762416030320177,-5.072702093906822
4771.363,-2.0744733845316943,-5.082544107691099
4771.383,-2.0727051781215398,-5.092386123529458
4771.403,-2.070936983444466,-5.1022281419470215
4771.423,-2.0691688004777133,-5.112070162284227
4771.443,-2.067400630449659,-5.121912185289179
4771.463,-2.065632472001427,-5.131754210222909
4771.483,-2.0638587505784938,-5.1415952867353445
4771.503,-2.0620837527099094,-5.151436007465598
4771.523,-2.0603153539599806,-5.161277993150388
4771.543,-2.0593884433794627,-5.169894816611288
4771.563,-2.0589122948518463,-5.176928990969273
4771.583,-2.058659421066007,-5.182088310016544
4771.603,-2.058797155407796,-5.185463274620584
4771.623,-2.05945724738605,-5.18822777454175
4771.643,-2.0607930067962488,-5.190222682390344
4771.663,-2.062837177085687,-5.1913910427689585
4771.683,-2.065470915361552,-5.1918271469822
4771.703,-2.06814941927438,-5.192162371134675
4771.723,-2.070833857603868,-5.192449232447588
4771.743,-2.073523035915715,-5.192687730239847
4771.763,-2.076216079363677,-5.192877787929577
4771.783,-2.0789121141106746,-5.193019343083981
4771.803,-2.081610265608275,-5.193112349533531
4771.823,-2.0843096584747767,-5.193156776595333
4771.843,-2.0870094170641367,-5.193152609414331
4771.863,-2.089708665791313,-5.193099849040997
4771.883,-2.092406528974782,-5.192998512613336
4771.903,-2.095102131732105,-5.192848632507131
4771.923,-2.0977945997296428,-5.192650257536824
4771.943,-2.10048305989206,-5.1924034516758315
4771.963,-2.103166640395624,-5.192108295293436
4771.983,-2.105844471281806,-5.19176488384095
4772.003,-2.1085156843343382,-5.191373328782358
4772.023,-2.111175193339368,-5.1909755675503755
4772.043,-2.1138309464626492,-5.190487406423383
4772.063,-2.116474776081437,-5.1899537562300715
4772.083,-2.1191091925000167,-5.189413017543577
4772.103,-2.1217343788296072,-5.1887824705421455
4772.123,-2.1243452919879924,-5.1881070663699385
4772.143,-2.126945157917235,-5.187425071204628
4772.163,-2.1295323074525,-5.186653944728339
4772.183,-2.1321027046742738,-5.1858387649675635
4772.203,-2.1346603343392,-5.185017353095666
4772.223,-2.137202013820507,-5.184107854585345
4772.243,-2.1397244555248314,-5.183155256156295
4772.263,-2.142232552865953,-5.182196812307728
4772.283,-2.144721404397637,-5.181151566340391
4772.303,-2.147188622117795,-5.180064297319063
4772.323,-2.1496399162687365,-5.178971615908356
4772.343,-2.1520687346989704,-5.177793639390399
4772.363,-2.1544736167756118,-5.176574833727601
4772.383,-2.1568609929042295,-5.175351095104544
4772.403,-2.159222745075979,-5.174043789555667
4772.423,-2.1615583552341913,-5.172696960357429
4772.443,-2.1638712728054257,-5.1713069215008876
4772.463,-2.166159745584068,-5.169875031647322
4772.483,-2.168422075145334,-5.168402188404956
4772.503,-2.170657521906483,-5.166888872529382
4772.523,-2.172865362743204,-5.165335574619728
4772.543,-2.1750448837370255,-5.163742798034381
4772.563,-2.177195379733806,-5.162111058746671
4772.583,-2.1793161551155222,-5.16044088522476
4772.603,-2.1814065240794562,-5.158732818363493
4772.623,-2.185780815586119,-5.1597241133598954
4772.643,-2.1915887595302186,-5.162855317454873
4772.663,-2.1977706255406413,-5.1675466241138635
4772.683,-2.2043378904591933,-5.173817626683937
4772.703,-2.211152552056098,-5.181136121782105
4772.723,-2.2179690997890953,-5.1884533722962445
4772.743,-2.2250158655610033,-5.196219941397668
4772.763,-2.2318028734949475,-5.2035317121333895
4772.783,-2.238665596959124,-5.210872006307218
4772.803,-2.2454892515137357,-5.218208780129458
4772.823,-2.2523033973673847,-5.225527630336519
4772.843,-2.25911819058431,-5.232849543672703
4772.863,-2.2659416634004406,-5.240184759624992
4772.883,-2.272754201350206,-5.247504607084692
4772.903,-2.279567918585137,-5.254823367481354
4772.923,-2.2863816291137606,-5.262142130625656
4772.943,-2.293195333286648,-5.26946089877035
4772.963,-2.300009031883537,-5.276779671975094
4772.983,-2.3068227252358007,-5.284098449566194
4773.003,-2.313636412670318,-5.291417232472728
4773.023,-2.320450095090627,-5.298736020174248
4773.043,-2.3272637719553906,-5.306054813033352
4773.063,-2.3340774435789853,-5.31337361040165
4773.083,-2.3408924151777364,-5.320691484485101
4773.103,-2.346536936270718,-5.327216893730455
1758191708.5979083,-1.9627785799541626,-4.014711259210033
4773.123,-1.9566671914870288,-4.017277136149697
4773.143,-1.9523787529180918,-4.019281730100992
4773.163,-1.9495276711114928,-4.021504196694371
4773.183,-1.947869794566702,-4.023771802631708
4773.203,-1.94735729221673,-4.025895013747007
4773.223,-1.9481381107855387,-4.027942102785654
4773.243,-1.9493881002824742,-4.030208285692151
4773.263,-1.951147715522476,-4.032444853037456
4773.283,-1.9530179302477793,-4.034623718215552
4773.303,-1.9547678672433113,-4.036886790702692
4773.323,-1.9568924743790752,-4.0390319653546545
4773.343,-1.958726886769517,-4.041215772914997
4773.363,-1.9608973568841235,-4.043266584056729
4773.383,-1.9629752970701904,-4.04528386682996
4773.403,-1.964732381199626,-4.047332450393273
4773.423,-1.9665061191824509,-4.049367405298668
4773.443,-1.968316247508024,-4.051370128335491
4773.463,-1.9701621292005391,-4.05333995660524
4773.483,-1.9720431669659948,-4.055276252721304
4773.503,-1.9739587526196063,-4.057178389920744
4773.523,-1.9759082666555228,-4.059045752507641
4773.543,-1.9778910785515467,-4.060877735829846
4773.563,-1.9799065471440338,-4.06267374670401
4773.583,-1.9819540202310095,-4.064433203172647
4773.603,-1.9840328356576906,-4.06615553509465
4773.623,-1.9861423207421083,-4.067840184450742
4773.643,-1.9882817924802205,-4.06948660499926
4773.663,-1.9904505585903354,-4.071094262939641
4773.683,-1.9926479170905542,-4.072662636703459
4773.703,-1.9948731563204423,-4.074191217685408
4773.723,-1.9971255555369691,-4.075679509832328
4773.743,-1.999404385340636,-4.077127030322718
4773.763,-2.0017089073714924,-4.078533309197634
4773.783,-2.004038375074232,-4.079897890050537
4773.803,-2.0063920335621304,-4.081220329943136
4773.823,-2.0087691200648297,-4.082500199510438
4773.843,-2.0111688641853944,-4.083737083177055
4773.863,-2.0135904880587034,-4.084930579471748
4773.883,-2.0160332066595688,-4.086080300779368
4773.903,-2.0184962281321557,-4.087185873928828
4773.923,-2.0195667081097177,-4.0915416241358065
4773.943,-2.0193646028904224,-4.098136470975617
4773.963,-2.0179345388353425,-4.105763766296209
4773.983,-2.015264064363854,-4.114442383333058
4774.003,-2.0117671155374786,-4.123811331746833
4774.023,-2.0082723192768124,-4.133181293550459
4774.043,-2.004899320688306,-4.143185270270317
4774.063,-2.001461977013558,-4.152611095510827
4774.083,-1.9979947750994096,-4.161984468525698
4774.103,-1.9945102087231004,-4.171357307202024
4774.123,-1.9910256146254524,-4.180730143538044
4774.143,-1.987541032782834,-4.190102983635944
4774.163,-1.984056462981394,-4.199475827129878
4774.183,-1.9805719056158442,-4.2088486743224225
4774.203,-1.9770873603532089,-4.218221524995559
4774.223,-1.9736028270989252,-4.22759437911429
4774.243,-1.9701183059964453,-4.236967236827957
4774.263,-1.9666337971875782,-4.246340098291735
4774.283,-1.9631492997378326,-4.255712963625192
4774.303,-1.9596648147278757,-4.265085832210346
4774.323,-1.9561848527147256,-4.274459906446318
4774.343,-1.9526924796346452,-4.283838273546255
4774.363,-1.9491998213433113,-4.2932157079572875
4774.383,-1.9457069618728855,-4.30259306485201
4774.403,-1.9422138346643483,-4.311970295441324
4774.423,-1.9387204404906133,-4.321347399018165
4774.443,-1.9352267801197824,-4.330724375791258
4774.463,-1.9317447995548556,-4.340112803843173
4774.483,-1.928256445579227,-4.34948436808302
4774.503,-1.9247723102222019,-4.358857683052666
4774.523,-1.9212854879725927,-4.368229697163746
4774.543,-1.9177997618810756,-4.377602102548471
4774.563,-1.9143140568755996,-4.386974514857766
4774.583,-1.9108283639335886,-4.396346931473801
4774.603,-1.9073426824234436,-4.405719352874261
4774.623,-1.9038570125149223,-4.415091778593145
4774.643,-1.9003713542793914,-4.42446420882383
4774.663,-1.8968890918101793,-4.433840116726454
4774.683,-1.8934126583178132,-4.4432166518653
4774.703,-1.8899340716232427,-4.452593483713414
4774.723,-1.8864560714464882,-4.46198529819883
4774.743,-1.8829788097022697,-4.4713561544033
4774.763,-1.8795025173152824,-4.4807333226421475
4774.783,-1.8760176763718706,-4.490106058787419
4774.803,-1.872532859482197,-4.499478807937508
4774.823,-1.86904805404297,-4.5088515619583225
4774.843,-1.865563260082138,-4.518224320923613
4774.863,-1.8620784777618813,-4.527597084981116
4774.883,-1.858593706775594,-4.536969853922122
4774.903,-1.855108947067435,-4.546342627710385
4774.923,-1.8516241990738531,-4.555715406654132
4774.943,-1.8481394625172318,-4.565088190532215
4774.963,-1.844654737369996,-4.574460979292656
4774.983,-1.841170023852616,-4.583833773056225
4775.003,-1.8376853217114646,-4.593206571586889
4775.023,-1.8342006311802976,-4.602579374997351
4775.043,-1.8307159522580814,-4.611952183219604
4775.063,-1.8272312849478056,-4.621324996184208
4775.083,-1.823746629256943,-4.63069781381731
4775.103,-1.8202619854362407,-4.640070636219999
4775.123,-1.8167773530166513,-4.649443462963589
4775.143,-1.814473715817903,-4.657749632008842
4775.163,-1.8128239090596059,-4.6646059439207
4775.183,-1.8114866121118463,-4.669915970640279
4775.203,-1.8102773430977874,-4.6735644052530985
4775.223,-1.8087287021664178,-4.676085872228856
4775.243,-1.8068090146053395,-4.6778261523757525
4775.263,-1.8048462732282367,-4.678438771266841
4775.283,-1.8026685166219343,-4.678254048079812
4775.303,-1.8002183893565098,-4.677297919307211
4775.323,-1.7975677593753403,-4.67634526029249
4775.343,-1.7949998668287392,-4.675289844355237
4775.363,-1.7924970908355087,-4.674150828828506
4775.383,-1.7900926611347474,-4.672911163732404
4775.403,-1.7877254227147668,-4.671616731610528
4775.423,-1.785381780014293,-4.670279981868882
4775.443,-1.7830626479299312,-4.66890158389641
4775.463,-1.7807687461748365,-4.667481892057269
4775.483,-1.7785007955712353,-4.666021298380811
4775.503,-1.7762595167064894,-4.66452023205343
4775.523,-1.774045626282506,-4.662979150748473
4775.543,-1.7718598356992665,-4.6613985348968185
4775.563,-1.7697028486859814,-4.659778883806731
4775.583,-1.767575361039773,-4.658120713858144
4775.603,-1.7654780595363055,-4.656424556234682
4775.623,-1.7634116219981113,-4.654690955883969
4775.643,-1.761376716163854,-4.652920471019842
4775.663,-1.7593739999820008,-4.651113672289024
4775.683,-1.7574041212157414,-4.649271142454176
4775.703,-1.7554677170454847,-4.64739347597885
4775.723,-1.7535654141981132,-4.64548127876386
4775.743,-1.7516978281261169,-4.643535168169534
4775.763,-1.7498655634445381,-4.641555772147331
4775.783,-1.748069213469361,-4.639543729746325
4775.803,-1.7463093597131287,-4.637499690608368
4775.823,-1.744586572399493,-4.635424314518494
4775.843,-1.7429014098159121,-4.633318271552522
4775.863,-1.7412544180196055,-4.631182241717037
4775.883,-1.7396461310142037,-4.629016914830245
4775.903,-1.7380770704867723,-4.626822990181451
4775.923,-1.73654774517822,-4.624601176387449
4775.943,-1.7350586515709476,-4.622352191267494
4775.963,-1.7336102729436291,-4.620076761595839
4775.983,-1.7322030795222685,-4.617775622638871
4776.003,-1.7308375282606432,-4.615449518260603
4776.023,-1.7295140629306658,-4.613099200649519
4776.043,-1.7282331136033768,-4.610725429556174
4776.063,-1.7269950962585587,-4.6083289729769925
4776.083,-1.7258004136922662,-4.605910605852699
4776.103,-1.7246494540621435,-4.603471110895123
4776.123,-1.7235425917848648,-4.601011277448503
4776.143,-1.722480187094501,-4.59853190159962
4776.163,-1.7214625853109213,-4.596033786011012
4776.183,-1.7204901171792533,-4.593517739440987
4776.203,-1.7195630991912774,-4.5909845766299044
4776.223,-1.7186818331084317,-4.588435117881206
4776.243,-1.7178466055713129,-4.585870188749528
4776.263,-1.7170576883794102,-4.583290619981101
4776.283,-1.7163153378096754,-4.580697247198473
4776.303,-1.715619795316167,-4.5780909103372665
4776.323,-1.714971287465351,-4.575472453733869
4776.343,-1.714370024771412,-4.572842725518681
4776.363,-1.713816202928584,-4.57020257758625
4776.383,-1.7133100020604182,-4.567552865304924
4776.403,-1.7128515866071645,-4.564894447005488
4776.423,-1.7088987402311857,-4.562773899973547
4776.443,-1.702460293416214,-4.561328173051122
4776.463,-1.6947161790865257,-4.5608147936685555
4776.483,-1.6856449526342336,-4.561241199268375
4776.503,-1.6757003591658655,-4.5622955268339105
4776.523,-1.6657550584880805,-4.563347520192544
4776.543,-1.6552343857470495,-4.564098030565687
4776.563,-1.6452782817905267,-4.565036397902498
4776.583,-1.6352915287112026,-4.566061627090112
4776.603,-1.6253462335918836,-4.567102252969508
4776.623,-1.615400929352824,-4.568143153318545
4776.643,-1.6054556226041585,-4.569184041421037
4776.663,-1.5955103134019204,-4.570224914605067
4776.683,-1.5855650020621315,-4.571265774094751
4776.703,-1.5756196882210662,-4.572306618853671
4776.723,-1.565674371866148,-4.573347448983829
4776.743,-1.5557290535622748,-4.574388264412481
4776.763,-1.5457837327429034,-4.575429065406964
4776.783,-1.5358384094617097,-4.576469852202821
4776.803,-1.5258930836967433,-4.577510624747113
4776.823,-1.5159477554754637,-4.578551383126908
4776.843,-1.506002424835283,-4.579592127426253
4776.863,-1.4960570918196772,-4.580632857726546
4776.883,-1.4861117567518354,-4.581673572935642
4776.903,-1.476166419419556,-4.582714274299746
4776.923,-1.466221079889431,-4.583754961891465
4776.943,-1.4562757384597353,-4.584795634467448
4776.963,-1.4463303949810962,-4.585836293407563
4776.983,-1.4363850492341121,-4.586876937776767
4777.003,-1.4264397021767536,-4.587917568462763
4777.023,-1.416494352983128,-4.588958184553199
4777.043,-1.4065490020889342,-4.589998787243743
4777.063,-1.3966036498566492,-4.591039375414934
4777.083,-1.3866454187332604,-4.5920671157106625
4777.103,-1.3766874661305442,-4.593097847514835
4777.123,-1.3667295683096379,-4.5941285473743365
4777.143,-1.35677165938045,-4.595158806014352
4777.163,-1.3468137197104337,-4.596188550507017
4777.183,-1.3368557385729494,-4.597217757090064
4777.203,-1.326897710912394,-4.598246416356805
4777.223,-1.3169396343501867,-4.599274522492133
4777.243,-1.3069815085030034,-4.600302071844093
4777.263,-1.297023332375062,-4.601329059859048
4777.283,-1.2870651083127913,-4.60235548679805
4777.303,-1.277106837785188,-4.603381348660832
4777.323,-1.2671608226767075,-4.6044155234122055
4777.343,-1.2583637754527983,-4.604706384653604
4777.363,-1.2512316710345623,-4.60478999308199
4777.383,-1.2458995937374147,-4.604587556683979
4777.403,-1.2420201775592272,-4.604500902089265
4777.423,-1.2387936108292432,-4.603870686156277
4777.443,-1.2361465484589862,-4.602723290460219
4777.463,-1.2340166873645608,-4.60102374215952
4777.483,-1.2325022221564346,-4.598746238586324
4777.503,-1.2315468290210374,-4.596017168398583
4777.523,-1.2314450295038013,-4.593319496500409
4777.543,-1.2313917290791498,-4.590620293058501
4777.563,-1.2313870197699461,-4.587920559788444
4777.583,-1.2314309043515328,-4.585221173768133
4777.603,-1.2315233689677287,-4.5825230108019035
4777.623,-1.2316643835811092,-4.579826946213192
4777.643,-1.2318539026426465,-4.577133854516372
4777.663,-1.2320504238884893,-4.574450260294473
4777.683,-1.2287451669996707,-4.57139300317514
4777.703,-1.2228730862950261,-4.56835731635072
4777.723,-1.2155002193225615,-4.56588961251118
4777.743,-1.2066582284755625,-4.563959839568813
4777.763,-1.1967782614039055,-4.56243058848085
4777.783,-1.186894068042333,-4.560906149770281
4777.803,-1.1763661129225027,-4.559711402608563
4777.823,-1.1663615265800262,-4.55808136483747
4777.843,-1.1564804583847303,-4.556549415619274
4777.863,-1.1465873461607516,-4.555032587090997
4777.883,-1.1367037391761972,-4.5535135525176065
4777.903,-1.126820125354543,-4.551994554336524
4777.923,-1.1169365091151038,-4.550475572173752
4777.943,-1.1070528907720487,-4.548956604479158
4777.963,-1.0971692700419318,-4.547437652362124
4777.983,-1.0872856471879837,-4.545918714463332
4778.003,-1.0774020225032657,-4.544399792028905
4778.023,-1.0675183954054452,-4.542880884740086
4778.043,-1.057634765861491,-4.541361992558087
4778.063,-1.0477512480206732,-4.539849710748305
4778.083,-1.0378429230406263,-4.538346291148382
4778.103,-1.0279589522019237,-4.536828165148009
4778.123,-1.0180749009779433,-4.535309538279016
4778.143,-1.0081905516568772,-4.533792192657327
4778.163,-0.9982913345162202,-4.53228452035836
4778.183,-0.9883922475297684,-4.530776938375513
4778.203,-0.978493221399566,-4.529269747970479
4778.223,-0.9685942139525457,-4.527763030526761
4778.243,-0.9586951974233971,-4.526256822982405
4778.263,-0.9487961534269658,-4.524751146939675
4778.283,-0.9388970688052499,-4.523246014415356
4778.303,-0.9289979337402576,-4.5217414343331015
4778.323,-0.9190987411788917,-4.520237413870047
4778.343,-0.9091994867867667,-4.518733956177335
4778.363,-0.8993001674328376,-4.5172310649938
4778.383,-0.8894007829943481,-4.515728742436179
4778.403,-0.8795013360750484,-4.514226993220143
4778.423,-0.8696018348042848,-4.512725826335292
4778.443,-0.8597159456680625,-4.511217597369289
4778.463,-0.8498308807515077,-4.5097080372310065
4778.483,-0.8399458115123326,-4.50819850953949
4778.503,-0.8300607393662224,-4.506688997467502
4778.523,-0.820175664602062,-4.505179499723519
4778.543,-0.8102905875508098,-4.503670017705711
1758191715.6234772,-1.9233132001778523,-3.119698577574277
4778.563,-1.9136186162086515,-3.1221497680811843
4778.583,-1.903924035735028,-3.124600974129645
4778.603,-1.8942294587851736,-3.1270521956774537
4778.623,-1.8845348857892785,-3.1295034315495003
4778.643,-1.8748403164075347,-3.1319546829845675
4778.663,-1.865145750701052,-3.1344059500868893
4778.683,-1.8554511887026475,-3.136857232813087
4778.703,-1.8457566310593445,-3.139308531156355
4778.723,-1.8360620772179974,-3.1417598451752813
4778.743,-1.8263675270210635,-3.1442111737918403
4778.763,-1.8166729807138298,-3.1466625181219228
4778.783,-1.8069784389357177,-3.1491138781438113
4778.803,-1.7972839011257191,-3.1515652538985663
4778.823,-1.7875893671026262,-3.1540166442155284
4778.843,-1.7778948371265466,-3.1564680503361298
4778.863,-1.7682003117963263,-3.1589194720696785
4778.883,-1.7585057905625874,-3.161370909580308
4778.903,-1.748811273214068,-3.163822361599792
4778.923,-1.7391167599931052,-3.16627382934478
4778.943,-1.729422251479767,-3.1687253125996033
4778.963,-1.7197284885703665,-3.171178511067816
4778.983,-1.710035591260327,-3.17363234194662
4779.003,-1.7003436021515745,-3.176091147178665
4779.023,-1.6906501183625355,-3.1785423975649865
4779.043,-1.6809573810239997,-3.1809965191088483
4779.063,-1.6712655581176794,-3.1834557877782323
4779.083,-1.661573706685467,-3.185914988394563
4779.103,-1.651877356933831,-3.1883592605805413
4779.123,-1.6421830417775312,-3.190811542905028
4779.143,-1.6324887535898587,-3.193263882328295
4779.163,-1.6227944696317496,-3.195716237671668
4779.183,-1.613100189439073,-3.198168607406382
4779.203,-1.6034059137421366,-3.2006209924048012
4779.223,-1.5937116416953552,-3.2030733915610274
4779.243,-1.584017373440337,-3.2055258058636062
4779.263,-1.5743231089313157,-3.207978235278677
4779.283,-1.5646288484645279,-3.21043067835071
4779.303,-1.5549345916231307,-3.212883136335532
4779.323,-1.5452311431498378,-3.2153519158646544
4779.343,-1.53553918481171,-3.217800313331028
4779.363,-1.5258481039341611,-3.2202526866881294
4779.383,-1.5161611987107033,-3.222725578213194
4779.403,-1.5064732757654966,-3.225176302095176
4779.423,-1.4967776182630919,-3.22762517220524
4779.443,-1.487082076211874,-3.230074539767054
4779.463,-1.4773866347318616,-3.2325242866418407
4779.483,-1.467691271320368,-3.2349742969679287
4779.503,-1.457995968304244,-3.237424494813543
4779.523,-1.4483007105962085,-3.239874828573236
4779.543,-1.4386054871283103,-3.242325262646172
4779.563,-1.4289102893418095,-3.2447757712376797
4779.583,-1.4192151105291806,-3.2472263346703083
4779.603,-1.4095199456622367,-3.2496769388041704
4779.623,-1.3998247904379004,-3.2521275693008644
4779.643,-1.390129640496913,-3.2545782117637603
4779.663,-1.3804344915917086,-3.2570288459756007
4779.683,-1.370739337409312,-3.259479418616462
4779.703,-1.3610450264823781,-3.2619319195955967
4779.723,-1.3513509832168584,-3.26438524404783
4779.743,-1.3416569458848866,-3.266838591844362
4779.763,-1.331962912519612,-3.269291955068943
4779.783,-1.322268882310266,-3.27174533253035
4779.803,-1.3125748555211316,-3.2741987254971616
4779.823,-1.3028808321754286,-3.276652133923608
4779.843,-1.2931868129007582,-3.2791055577312522
4779.863,-1.2834927971665484,-3.2815589971329815
4779.883,-1.2737987847890573,-3.2840124509151627
4779.903,-1.2641047760431001,-3.286465920355729
4779.923,-1.254410771549215,-3.2889194053044504
4779.943,-1.2447167707810831,-3.291372905972439
4779.963,-1.235022773772983,-3.2938264223134746
4779.983,-1.225328780367548,-3.2962799532529656
4780.003,-1.2156347913989285,-3.2987334998023066
4780.023,-1.205940806336269,-3.301187062159333
4780.043,-1.1962468252072065,-3.303640640262154
4780.063,-1.1865528486343835,-3.306094234009413
4780.083,-1.1768588758640606,-3.3085478424107255
4780.103,-1.1671649071282055,-3.3110014665603944
4780.123,-1.1574709424674539,-3.313455106520429
4780.143,-1.1477769816732672,-3.315908761028215
4780.163,-1.1380830255794245,-3.3183624311975524
4780.183,-1.1283890735977402,-3.320816117033582
4780.203,-1.1186951257494613,-3.3232698185734315
4780.223,-1.109003540570262,-3.3257284361536046
4780.243,-1.0993087913753137,-3.32819345800982
4780.263,-1.0896167300969049,-3.3306478399984765
4780.283,-1.0799253300882465,-3.3331090874165668
4780.303,-1.0702322509229756,-3.3355731432930122
4780.323,-1.0605393772927336,-3.338028053520318
4780.343,-1.0508263619955838,-3.340507566326193
4780.363,-1.0411088805284088,-3.342996942568872
4780.383,-1.0314156472500073,-3.3454534723976286
4780.403,-1.0217224293433589,-3.3479100383119444
4780.423,-1.0120292155647186,-3.3503666200583067
4780.443,-1.002336005525215,-3.35282321611434
4780.463,-0.9926427993848961,-3.355279827534937
4780.483,-0.9829495974677139,-3.357736452999904
4780.503,-0.9732563993321016,-3.36019309360653
4780.523,-0.9635632049305726,-3.362649749322574
4780.543,-0.9538700139734898,-3.365106418801214
4780.563,-0.9441768272161473,-3.367563103083852
4780.583,-0.9344843598866881,-3.3700274475953176
4780.603,-0.9247888580124011,-3.372475896999303
4780.623,-0.9150977524320767,-3.3749361882471747
4780.643,-0.9053819502082844,-3.377409839389252
4780.663,-0.8956871370608179,-3.379861655190816
4780.683,-0.8859923467306177,-3.382313962214455
4780.703,-0.8762976724363789,-3.3847667569565365
4780.723,-0.8666030936385613,-3.3872199033780275
4780.743,-0.8569085896078276,-3.3896732967508156
4780.763,-0.8472141417069925,-3.392126864823253
4780.783,-0.8375197364322469,-3.394580560547798
4780.803,-0.8278253638298677,-3.3970343507383296
4780.823,-0.8181310152535148,-3.399488211027404
4780.843,-0.8084366848271998,-3.401942122677435
4780.863,-0.7987423669759423,-3.404396071358617
4780.883,-0.7890480578121374,-3.4068500438954525
4780.903,-0.779353753457715,-3.4093040251804467
4780.923,-0.7696594491404807,-3.411757992685182
4780.943,-0.7599651365130882,-3.4142118778959785
4780.963,-0.7502718244858001,-3.416668183685916
4780.983,-0.7405786267337883,-3.4191248475950697
4781.003,-0.7308854339210863,-3.4215815299329018
4781.023,-0.7211922444745951,-3.4240382277769488
4781.043,-0.7114990584029767,-3.4264949410455183
4781.063,-0.7018058763262321,-3.4289516696549804
4781.083,-0.6921126974938193,-3.4314084126431292
4781.103,-0.6824195221496432,-3.433865171139587
4781.123,-0.6727263509376781,-3.436321945140787
4781.143,-0.6630331833026847,-3.4387787347149423
4781.163,-0.6533400193056335,-3.4412355399674954
4781.183,-0.6436468587619971,-3.4436923596847273
4781.203,-0.6339537025364241,-3.4461491950328567
4781.223,-0.6242605500766393,-3.4486060460742722
4781.243,-0.614567401441265,-3.4510629129064196
4781.263,-0.6048742572480762,-3.4535197953673737
4781.283,-0.5951811167352843,-3.455976692409762
4781.303,-0.5854879801745191,-3.4584336052897293
4781.323,-0.5757948475882547,-3.460890533940011
4781.343,-0.5661017196105335,-3.4633474783251503
4781.363,-0.5564085954533164,-3.465804437302929
4781.383,-0.5467154753739664,-3.4682614121066067
4781.403,-0.5370223599652346,-3.4707184025364084
4781.423,-0.5273292484547171,-3.473175407577534
4781.443,-0.5176361410568157,-3.4756324282983453
4781.463,-0.5079430377789181,-3.478089464661747
4781.483,-0.4982312504634374,-3.4805729728904584
4781.503,-0.4885399063350169,-3.4830338896169937
4781.523,-0.4788479005802533,-3.485492181768833
4781.543,-0.469156675318624,-3.4879501158690185
4781.563,-0.459465436555709,-3.490407928924483
4781.583,-0.4497741887096049,-3.492865657872568
4781.603,-0.44008293270585086,-3.4953233315021093
4781.623,-0.4304048474679586,-3.497778789568786
4781.643,-0.4207121235100999,-3.50023732018128
4781.663,-0.4110194107380511,-3.5026958797078502
4781.683,-0.40132670182457403,-3.5051544538403956
4781.703,-0.39163399743949273,-3.507613043342858
4781.723,-0.3819412967221918,-3.5100716470359687
4781.743,-0.37224859984472636,-3.5125302660528894
4781.763,-0.36255590673483057,-3.5149889002113515
4781.783,-0.3528632177133351,-3.517447548199257
4781.803,-0.34317053233892214,-3.519906211123956
4781.823,-0.333477850564358,-3.522364888964124
4781.843,-0.3237856296641274,-3.524826308891026
4781.863,-0.31409607428929087,-3.527284299008328
4781.883,-0.3044106338935798,-3.5297629694261072
4781.903,-0.29471665499386135,-3.5322155672075533
4781.923,-0.2850139952929789,-3.5346908333522564
4781.943,-0.27531135356322506,-3.5371657293616203
4781.963,-0.2656089161204322,-3.539640891015928
4781.983,-0.25590668416999923,-3.5421164545640043
4782.003,-0.2462046472271647,-3.5445924769025927
4782.023,-0.23650279552092493,-3.5470689909376953
4782.043,-0.22680112117476575,-3.5495460173842313
4782.063,-0.21709961810992312,-3.552023570108528
4782.083,-0.2073982810917871,-3.55450165870161
4782.103,-0.19769710774254978,-3.556980289507363
4782.123,-0.18799609633892447,-3.559459466841445
4782.143,-0.17829524632720656,-3.56193919394606
4782.163,-0.1685945603695642,-3.564419473984844
4782.183,-0.15889404475595664,-3.56690030962531
4782.203,-0.14919371714775975,-3.569381711102706
4782.223,-0.13950333546551263,-3.571849503842812
4782.243,-0.1298130122339732,-3.5743174810899943
4782.263,-0.1201226928618578,-3.576785475363066
4782.283,-0.11043237743786277,-3.579253484958694
4782.303,-0.10074206541782854,-3.5817215100672977
4782.323,-0.09105175660330485,-3.584189549470089
4782.343,-0.08136145126730102,-3.586657604440793
4782.363,-0.07167115002276914,-3.5891256748278675
4782.383,-0.06198085232871311,-3.591593760773304
4782.403,-0.0522905582436384,-3.594061862383493
4782.423,-0.042600268167846005,-3.5965299783361293
4782.443,-0.03290998179520053,-3.598998110017487
4782.463,-0.023219699160314605,-3.6014662573835894
4782.483,-0.013529420908760465,-3.603934420425007
4782.503,-0.005128098169603681,-3.6064125138692256
4782.523,0.0018219794657040479,-3.608488513248547
4782.543,0.007006400713217469,-3.6100193432466323
4782.563,0.011088708618606205,-3.611169617714752
4782.583,0.01448178061101116,-3.6117410482175987
4782.603,0.017464251781822576,-3.611580282690586
4782.623,0.02008418756825729,-3.6108576605523526
4782.643,0.021817145983679835,-3.6096227944119055
4782.663,0.023236057091364833,-3.607726316122497
4782.683,0.023913579757249656,-3.6052939363295717
4782.703,0.024953393920931724,-3.602572140594409
4782.723,0.025672072837130695,-3.599791588101252
4782.743,0.026478079944323586,-3.597024469337516
4782.763,0.027007836967818954,-3.5942804880285375
4782.783,0.027747554691049506,-3.5915185996130927
4782.803,0.028164943487798612,-3.5887842262820637
4782.823,0.02881559472773774,-3.585922675975078
4782.843,0.029376281418126732,-3.5830722881885255
4782.863,0.029541791681308088,-3.5802849133022923
4782.883,0.029933867206102194,-3.577425315948988
4782.903,0.02991612778593673,-3.5747274504712467
4782.923,0.029848480945801444,-3.572028900355511
4782.943,0.029732272461039978,-3.5693318723874974
4782.963,0.029567542728136866,-3.566637382600048
4782.983,0.029354345855056346,-3.5639463046976143
4783.003,0.02909275177756353,-3.5612595097203243
4783.023,0.028782845438934175,-3.55857786742346
4783.043,0.02842472832801549,-3.5559022455744724
4783.063,0.028018516452248395,-3.5532335100775696
4783.083,0.027564342715324125,-3.55057252432476
4783.103,0.027062354174799935,-3.5479201493934065
4783.123,0.02651271317825251,-3.545277243266771
4783.143,0.025915598704046163,-3.5426446608762774
4783.163,0.025271204381808424,-3.5400232536805767
4783.183,0.024579738436133876,-3.5374138695938635
4783.203,0.02384142551260642,-3.5348173526845184
4783.223,0.023056503902262136,-3.5322345426731943
4783.243,0.02222522769636041,-3.5296662749010532
4783.263,0.021347866405024327,-3.5271133799542755
4783.283,0.020424703672715646,-3.5245766835591903
4783.303,0.019456037338538762,-3.5220570063286973
4783.323,0.01844218106507632,-3.519555163217391
4783.343,0.017383462529216725,-3.517071963402649
4783.363,0.016280224225925698,-3.514608210174035
4783.383,0.015132822073418786,-3.512164701021399
4783.403,0.01394162735192382,-3.5097422263622553
4783.423,0.012707024830564575,-3.5073415703500848
4783.443,0.011429413860520416,-3.5049635097284266
4783.463,0.010109207182108693,-3.5026088144781355
4783.483,0.008746831142402675,-3.500278247250575
4783.503,0.007342726524801016,-3.497972562531376
4783.523,0.005897347133880192,-3.4956925071722167
4783.543,0.004411159898863901,-3.4934388201299136
4783.563,0.002884645956314824,-3.4912122314077867
4783.583,0.0013182991438569023,-3.4890134623784936
4783.603,-0.00028737443383910436,-3.4868432263180082
4783.623,-0.001931854618549503,-3.484702226442005
4783.643,-0.003614609749674806,-3.4825911572481068
4783.663,-0.0053350949171723444,-3.480510703455822
4783.683,-0.0070927528482341625,-3.4784615395342247
4783.703,-0.008887014712397443,-3.4764443303246138
4783.723,-0.01071729949163987,-3.4744597306233946
4783.743,-0.012583014012101183,-3.4725083839699122
4783.763,-0.014483554011760715,-3.4705909237306156
4783.783,-0.016418303737708265,-3.4687079723353396
4783.803,-0.01838663642811007,-3.4668601410871425
4783.823,-0.020387913689657512,-3.465048029353033
4783.843,-0.02242148708658972,-3.4632722251930828
4783.863,-0.024486697375948562,-3.461533305227453
4783.883,-0.026582874759930156,-3.459831833256075
4783.903,-0.028709340110803873,-3.4581683620545802
4783.923,-0.030865403631586647,-3.4565434308892544
4783.943,-0.03305036641307879,-3.4549575670208954
4783.963,-0.03526352038577387,-3.4534112855758154
4783.983,-0.03750414762900815,-3.4519050875470727
4784.003,-0.03977152170457423,-3.45043946163222
4784.023,-0.042064907397222955,-3.449014883211569
4784.043,-0.044383561270142466,-3.4476318141932203
4784.063,-0.04672673162256404,-3.4462907029645384
4784.083,-0.04909365911637357,-3.4449919848884876
4784.103,-0.051483576214448656,-3.4437360803635606
4784.123,-0.05389570848097195,-3.4425233969406386
4784.143,-0.05632927383393851,-3.4413543269775224
4784.163,-0.058783483699365306,-3.4402292498726768
4784.183,-0.06125754234074801,-3.439148529527331
4784.203,-0.06375064832062544,-3.438112516497718
4784.223,-0.06626199357044862,-3.437121546388095
4784.243,-0.06879076442416106,-3.4361759400204974
4784.263,-0.0713361414964922,-3.4352760035584424
4784.283,-0.07276001024935068,-3.4310227031492464
4784.303,-0.07309922295514103,-3.424433505121838
1758191723.075404,-1.3128164390555994,-3.8376142816592
4784.323,-1.3052547216064345,-3.8358708532677293
4784.343,-1.2962329783681756,-3.8348431267985927
4784.363,-1.2862476978629176,-3.8342963927142
4784.383,-1.2762622508578718,-3.8337473215719546
4784.403,-1.2656208325976486,-3.8334427342618222
4784.423,-1.255632381892894,-3.8329194104876625
4784.443,-1.2456493256906385,-3.8323745900289845
4784.463,-1.2356650019689488,-3.8318305793399046
4784.483,-1.2256800692426668,-3.8312878904775567
4784.503,-1.2156951317979954,-3.8307452194500655
4784.523,-1.2057101938904067,-3.830202565324125
4784.543,-1.1957252557959694,-3.8296599257378814
4784.563,-1.1857403169270335,-3.8291173006069874
4784.583,-1.1757428456869126,-3.8285840338484656
4784.603,-1.16574498877123,-3.8280514862352004
4784.623,-1.1557468453673252,-3.8275197219089554
4784.643,-1.1457484878068716,-3.826988709455902
4784.663,-1.1357499657230956,-3.8264584184712205
4784.683,-1.1257513134329522,-3.825928820526544
4784.703,-1.1157525550262777,-3.8253998952734745
4784.723,-1.1057537083340587,-3.824871626383464
4784.743,-1.095754788497283,-3.824344000635023
4784.763,-1.0857558069476625,-3.823817008015182
4784.783,-1.0757567740977478,-3.823290640672846
4784.803,-1.065757700708897,-3.8227648929778373
4784.823,-1.0557585998739945,-3.822239765956466
4784.843,-1.045759489521776,-3.8217152802827505
4784.863,-1.0357741096949122,-3.821180815295054
4784.883,-1.0257887309895173,-3.8206464377362663
4784.903,-1.015803351626996,-3.8201120764938743
4784.923,-1.0058179715308826,-3.8195777309658245
4784.943,-0.9958325906442764,-3.8190434012133334
4784.963,-0.9858472087007637,-3.8185090895990825
4784.983,-0.9758618258702801,-3.8179747937700217
4785.003,-0.9658764415100691,-3.8174405137238825
4785.023,-0.9558910561721174,-3.816906249488211
4785.043,-0.9459056695965781,-3.81637200344061
4785.063,-0.935920281961523,-3.815837773241312
4785.083,-0.9259348932376807,-3.8153035588438016
4785.103,-0.9159495033946485,-3.8147693602317827
4785.123,-0.9059641121849784,-3.814235179793346
4785.143,-0.8959787198104999,-3.813701015087641
4785.163,-0.8859933262563822,-3.8131668660783578
4785.183,-0.8760079315074494,-3.8126327327597216
4785.203,-0.8660225355617435,-3.8120986150457044
4785.223,-0.8560371381991203,-3.8115645152554705
4785.243,-0.8460517396391923,-3.8110304309919427
4785.263,-0.8360663398954213,-3.810496362152914
4785.283,-0.8260809389808418,-3.8099623086687493
4785.303,-0.8160955369115441,-3.809428270503178
4785.323,-0.8061101334934,-3.808894249916364
4785.343,-0.7961247289743515,-3.8083602444551867
4785.363,-0.7861393233812739,-3.8078262540755943
4785.383,-0.7761539161598392,-3.807292278603352
4785.403,-0.7661690670040342,-3.8067567220482457
4785.423,-0.756171799349009,-3.8062323281007733
4785.443,-0.7461311603499508,-3.805743636113307
4785.463,-0.7361117121657995,-3.8052376899271674
4785.483,-0.7260993195634203,-3.804728772800121
4785.503,-0.7161189965815807,-3.8041965121244337
4785.523,-0.7061333811710903,-3.803666512410445
4785.543,-0.6961477597375617,-3.8031365290118986
4785.563,-0.6861621376496513,-3.8026065601109047
4785.583,-0.6761765147945282,-3.8020766080102937
4785.603,-0.6661908914306214,-3.8015466703144245
4785.623,-0.6562052673861805,-3.8010167493088893
4785.643,-0.6462196429183623,-3.8004868425755984
4785.663,-0.6362340180618883,-3.7999569501155253
4785.683,-0.6262507015634511,-3.7994202050065113
4785.703,-0.6162682404326321,-3.798884259257514
4785.723,-0.606286024032562,-3.7983483604767136
4785.743,-0.5963039204626762,-3.7978124893857577
4785.763,-0.5863218936254855,-3.7972766448368
4785.783,-0.5763399507488075,-3.796740839108288
4785.803,-0.5663581062492999,-3.7962050816181483
4785.823,-0.5563763798518203,-3.7956693832580384
4785.843,-0.546394828642768,-3.7951337654628565
4785.863,-0.5364134301989503,-3.7945982300408514
4785.883,-0.5264322512405578,-3.7940628788101707
4785.903,-0.5164362751402201,-3.7935454754597524
4785.923,-0.5064504060388371,-3.793018014871777
4785.943,-0.4964649102801432,-3.7924881089433593
4785.963,-0.48647940404387274,-3.7919580727429154
4785.983,-0.47649389492898314,-3.7914279890001388
4786.003,-0.46650941983771615,-3.7909040168785895
4786.023,-0.4565278409426375,-3.7903662843347696
4786.043,-0.4465149328759007,-3.7898478064197865
4786.063,-0.43650210744981893,-3.789336873259312
4786.083,-0.4265165249266876,-3.7888226836167256
4786.103,-0.41653082609994974,-3.7882946864567217
4786.123,-0.4065451030248719,-3.7877667694097177
4786.143,-0.3965593790574015,-3.787238868678955
4786.163,-0.38657365439162883,-3.7867109837818647
4786.183,-0.3765879287641003,-3.7861831170805487
4786.203,-0.3666022023372488,-3.785655266226604
4786.223,-0.3566164750568706,-3.785127431278954
4786.243,-0.34663074687607004,-3.784599612217434
4786.263,-0.33664501753409093,-3.7840718114282073
4786.283,-0.3266592872006197,-3.7835440265427955
4786.303,-0.3166735558322843,-3.7830162575982746
4786.323,-0.3066878233941703,-3.7824885045510843
4786.343,-0.2967020898537232,-3.7819607673883384
4786.363,-0.2867163549627207,-3.781433048501972
4786.383,-0.2767306189152821,-3.780905345454275
4786.403,-0.2667448816903171,-3.780377658212383
4786.423,-0.2579005310723214,-3.780111646492122
4786.443,-0.25064765433178815,-3.779887857524462
4786.463,-0.24514830489849476,-3.7799152017912783
4786.483,-0.24100493308616386,-3.77992082707586
4786.503,-0.23760521822741443,-3.7804299434353004
4786.523,-0.23488040023871182,-3.78155887868742
4786.543,-0.23285212278085615,-3.7830262458425197
4786.563,-0.23157798123606693,-3.784913483623428
4786.583,-0.23108240821914497,-3.7873188567281506
4786.603,-0.23108102345117343,-3.790016765687312
4786.623,-0.23108859914311058,-3.7927064887543263
4786.643,-0.23118611981958043,-3.795404678850501
4786.663,-0.231330406314815,-3.7980978268882986
4786.683,-0.23148323742883714,-3.8007818039200174
4786.703,-0.23172607810067378,-3.8034704698942368
4786.723,-0.23201539215502967,-3.806151709845146
4786.743,-0.23231312301202442,-3.808821914824724
4786.763,-0.23270059111226368,-3.81149344144257
4786.783,-0.23313408015506562,-3.814154872275135
4786.803,-0.23357590444211232,-3.816803678405514
4786.823,-0.23410688598227958,-3.819450317994725
4786.843,-0.23468330196169396,-3.822084306386636
4786.863,-0.23526792569511631,-3.824704039993572
4786.883,-0.23594089366884066,-3.8273181360595787
4786.903,-0.23665857774417165,-3.82991709094432
4786.923,-0.2339853356551131,-3.833518156726505
4786.943,-0.2287750293627156,-3.8375676352380386
4786.963,-0.2219863680742351,-3.841329361884268
4786.983,-0.21359685437546527,-3.8448059809878323
4787.003,-0.20415006991311904,-3.8480864612596495
4787.023,-0.1947037368476166,-3.85136911703205
4787.043,-0.18573116841884843,-3.8541131413265375
4787.063,-0.17642932829360683,-3.8567060159855813
4787.083,-0.16875971941533593,-3.859643277754274
4787.103,-0.1638747882901918,-3.8605138356174806
4787.123,-0.16038086583972758,-3.860895310555146
4787.143,-0.15760454046009914,-3.8605445399465785
4787.163,-0.15503445813654612,-3.8595871848215015
4787.183,-0.15302046543171807,-3.857976439422122
4787.203,-0.1513698649598011,-3.8557020657468075
4787.223,-0.15034911044814975,-3.8530136957847207
4787.243,-0.14910616514184247,-3.8502838332253595
4787.263,-0.14845266735927562,-3.847653492151891
4787.283,-0.147866712913508,-3.845018215889829
4787.303,-0.14732826393325602,-3.8423726901574193
4787.323,-0.1468375171273886,-3.839717897426117
4787.343,-0.14639463147366646,-3.8370546998358486
4787.363,-0.14599975146370242,-3.8343839606300767
4787.383,-0.14565300463050446,-3.831706545789088
4787.403,-0.14535450418227303,-3.8290233230540047
4787.423,-0.1451043463727697,-3.8263351624646114
4787.443,-0.14490261238595348,-3.823642935539142
4787.463,-0.1447493682489983,-3.8209475147273224
4787.483,-0.14464466297989828,-3.8182497736474885
4787.503,-0.14458853112332007,-3.8155505866224497
4787.523,-0.14458099016319412,-3.8128508284054905
4787.543,-0.14462162708773352,-3.8101520686697365
4787.563,-0.14471100473559048,-3.807453847984458
4787.583,-0.14484892795512685,-3.804757677619365
4787.603,-0.14503535643311852,-3.8020644361824503
4787.623,-0.1452702284403859,-3.7993749964589547
4787.643,-0.14555346775779351,-3.796690229929737
4787.663,-0.1458849825483349,-3.7940110063851002
4787.683,-0.14626466398341348,-3.791338193706455
4787.703,-0.14669238890906422,-3.788672657859018
4787.723,-0.14716801804739799,-3.786015262094177
4787.743,-0.14769139718909438,-3.7833668671646556
4787.763,-0.14826235610435207,-3.780728330583805
4787.783,-0.14888070904152248,-3.778100506952597
4787.803,-0.1460715470632941,-3.7746038179172254
4787.823,-0.14071078699200987,-3.7707571104621294
4787.843,-0.13378392405958142,-3.7672585316484453
4787.863,-0.12526835714819523,-3.764106301730563
4787.883,-0.11570260137775312,-3.761190981177863
4787.903,-0.10613716275287377,-3.758273436409284
4787.923,-0.09594933474684976,-3.7555128620437355
4787.943,-0.0863056792131526,-3.752661874444012
4787.963,-0.07672219066640747,-3.7497369173866155
4787.983,-0.06715484468493235,-3.746828539832421
4788.003,-0.057587589430345684,-3.7439191194065526
4788.023,-0.04802023085660558,-3.7410092064668907
4788.043,-0.03845279606015969,-3.7380990540167933
4788.063,-0.028885318286325477,-3.7351887512220507
4788.083,-0.019317820372785906,-3.7322783449726042
4788.103,-0.009750316525723276,-3.7293678577439384
4788.123,-0.00018281630619368557,-3.726457298522824
4788.143,0.00938467463658809,-3.723546674807554
4788.163,0.01895215184616668,-3.7206359883845814
4788.183,0.02851961169506366,-3.717725239343347
4788.203,0.038087051065134145,-3.7148144268012273
4788.223,0.04765446714735396,-3.711903549447806
4788.243,0.057221856117995386,-3.7089926034918927
4788.263,0.06678921589831349,-3.7060815898158945
4788.283,0.07635654246730963,-3.7031705049459274
4788.303,0.08592383344138516,-3.700259350312477
4788.323,0.09549108436859036,-3.697348123135422
4788.343,0.10505829234748547,-3.694436822301797
4788.363,0.1146254533436216,-3.691525448718349
4788.383,0.1241925609024744,-3.688614001695715
4788.403,0.13378592879907597,-3.685714452848437
4788.423,0.14335071844094355,-3.6828055669733764
4788.443,0.15290775699107834,-3.679890074969307
4788.463,0.16247549851849322,-3.6769817115745123
4788.483,0.17204166038797805,-3.674068110986002
4788.503,0.1816089849824164,-3.6711599067271825
4788.523,0.19117643268704995,-3.6682519509580245
4788.543,0.20074388472907706,-3.665344009413845
4788.563,0.21031133999388074,-3.662436080010055
4788.583,0.21987879800173937,-3.6595281629350906
4788.603,0.22944625929298562,-3.656620257751139
4788.623,0.23901305910283221,-3.653707341652808
4788.643,0.24858046559037084,-3.650799312280753
4788.663,0.25814791546012567,-3.6478913729938296
4788.683,0.267715369472409,-3.6449834468213793
4788.703,0.27728282728603176,-3.6420755329552064
4788.723,0.2868502884464434,-3.63916763157916
4788.743,0.29641775334331666,-3.6362597419888734
4788.763,0.3059852221889498,-3.633351864309421
4788.783,0.31555269533140257,-3.6304440010683545
4788.803,0.3251201725212475,-3.627536149499689
4788.823,0.33468765330508715,-3.6246283098135983
4788.843,0.3442551380623473,-3.6217204813254154
4788.863,0.3538226277912015,-3.6188126665018934
4788.883,0.36339012122679043,-3.61590486323816
4788.903,0.37295761889760587,-3.612997071107518
4788.923,0.38252512095892677,-3.6100892924095085
4788.943,0.3920926272914506,-3.6071815246478933
4788.963,0.40166013790183414,-3.6042737677282344
4788.983,0.4112276530879405,-3.6013660242068544
4789.003,0.42079517254432836,-3.5984582913451866
4789.023,0.4303626963911358,-3.5955505714543143
4789.043,0.43993022446927704,-3.592642862050585
4789.063,0.44949775754526033,-3.589735165375809
4789.083,0.45906529411983493,-3.5868274790998678
4789.103,0.4686328356063227,-3.583919805395626
4789.123,0.47820038065269976,-3.5810121421884356
4789.143,0.48776793033374033,-3.5781044911567106
4789.163,0.4973354842430725,-3.5751968528063442
4789.183,0.5069030420111799,-3.5722892244225486
4789.203,0.5164706041935296,-3.569381608017633
4789.223,0.526038170368043,-3.5664740041069094
4789.243,0.5356057401510268,-3.5635664099854405
4789.263,0.5451733135852949,-3.5606588280000677
4789.283,0.5547408912404114,-3.5577512580275643
4789.303,0.5643084717232565,-3.55484369802266
4789.323,0.5738760560735215,-3.5519361496939412
4789.343,0.5834671270332406,-3.5490408380521
4789.363,0.5930584101955054,-3.54614749801094
4789.383,0.6026498996532362,-3.543255009619086
4789.403,0.6122415734583264,-3.540363438523044
4789.423,0.6218334890382942,-3.5374727797231427
4789.443,0.6314257065167099,-3.5345830319738645
4789.463,0.6410182877373598,-3.5316941974734757
1758191729.8177977,-1.3669399811164966,-3.8476006068868838
4789.483,-1.3572178351015107,-3.850018325147124
4789.503,-1.3474957769311653,-3.8524370724372274
4789.523,-1.3377737432567047,-3.854856916447745
4789.543,-1.3280516003798823,-3.857277952572315
4789.563,-1.318343593684109,-3.859676291865508
4789.583,-1.3086357628209186,-3.8620743118632177
4789.603,-1.2989279373792166,-3.864472339866099
4789.623,-1.2892201160019092,-3.8668703790909182
4789.643,-1.2795122980545401,-3.8692684294514614
4789.663,-1.2698044840341933,-3.871666492967453
4789.683,-1.2600966739903936,-3.8740645674778347
4789.703,-1.2520109694897266,-3.8768310052852755
4789.723,-1.2454378014825425,-3.879209904487775
4789.743,-1.2402886206461763,-3.880689453551449
4789.763,-1.2365884010059442,-3.8815605372373563
4789.783,-1.233268744740345,-3.8816065462929
4789.803,-1.2306630469077682,-3.8810881834947275
4789.823,-1.2286079209280343,-3.879837279312376
4789.843,-1.22732069431949,-3.8780168676220326
4789.863,-1.2265314394128728,-3.875684391318694
4789.883,-1.2259120622669042,-3.8729888219260857
4789.903,-1.2252075948971903,-3.8703215071612056
4789.923,-1.2248127984933366,-3.8676222945267362
4789.943,-1.224444161347436,-3.86492225202412
4789.963,-1.224085239985836,-3.862264474169194
4789.983,-1.223865604312667,-3.8595406897885147
4790.003,-1.223544682141191,-3.8567888749236503
4790.023,-1.2231494042087838,-3.854101784857275
4790.043,-1.222796598374069,-3.8513725395765186
4790.063,-1.2227421306426909,-3.8486401019126686
4790.083,-1.222734275442303,-3.845921036534858
4790.103,-1.222746474523735,-3.8432353580363583
4790.123,-1.2228752894351893,-3.8405086993739617
4790.143,-1.222917126834412,-3.8377417266943437
4790.163,-1.22287934998963,-3.8350195663904314
4790.183,-1.222881089559905,-3.8322635133787726
4790.203,-1.223180432681223,-3.8295501138611865
4790.223,-1.223526158522298,-3.8268532684963046
4790.243,-1.2239037196945657,-3.824183069183933
4790.263,-1.224378839166547,-3.8214977647149446
4790.283,-1.2247796836829263,-3.818761660176834
4790.303,-1.2252475049795626,-3.8159836286988535
4790.323,-1.2258360050967623,-3.813297002203326
4790.343,-1.2263004843141068,-3.810555058802963
4790.363,-1.2268257873525488,-3.8077403098212166
4790.383,-1.2272461905191865,-3.804907630593174
4790.403,-1.227778627408943,-3.8021898608628946
4790.423,-1.2283599799507314,-3.799446306662143
4790.443,-1.2290251569247923,-3.7967226991239444
4790.463,-1.2297584681505025,-3.794045475603128
4790.483,-1.2306413563217546,-3.7912786189778034
4790.503,-1.2313316074608516,-3.7884219313314778
4790.523,-1.232108272923574,-3.7855122239814647
4790.543,-1.2329293770132992,-3.782608253647825
4790.563,-1.23410531095008,-3.780149919488396
4790.583,-1.2353387272564345,-3.777748633970313
4790.603,-1.2366152282023917,-3.7753698261154147
4790.623,-1.237934342730787,-3.773014363181172
4790.643,-1.239295643756326,-3.770683009930221
4790.663,-1.2406986911493605,-3.7683765225987274
4790.683,-1.2421430304673169,-3.7660956489916937
4790.703,-1.243628193915684,-3.7638411288087985
4790.723,-1.245153701209428,-3.761613694106995
4790.743,-1.2467190577707132,-3.7594140670761367
4790.763,-1.2483237569278,-3.7572429616762038
4790.783,-1.2499672784235665,-3.7551010823461093
4790.803,-1.2516490899349877,-3.7529891245148086
4790.823,-1.253368646337354,-3.7509077733940313
4790.843,-1.2551253900848625,-3.748857704210308
4790.863,-1.2569187517250322,-3.7468395823889438
4790.883,-1.2587481498311162,-3.744854063017904
4790.903,-1.2606129913625064,-3.7429017902875077
4790.923,-1.2625126713392598,-3.7409833974654485
4790.943,-1.2644465740791935,-3.7390995072077438
4790.963,-1.266414072167099,-3.737250730389971
4790.983,-1.2684145276631196,-3.7354376666357156
4791.003,-1.2704472919700345,-3.73366090427706
4791.023,-1.2725117056565713,-3.731921019180713
4791.043,-1.2746070994719536,-3.730218575755192
4791.063,-1.2767327938494057,-3.7285541259159776
4791.083,-1.278888099610687,-3.7269282090383324
4791.103,-1.2810723177394543,-3.7253413521834906
4791.123,-1.2832847402911507,-3.7237940696846206
4791.143,-1.2855246499158592,-3.7222868628423207
4791.163,-1.2877913205791707,-3.7208202197557294
4791.183,-1.290084017501687,-3.7193946158114226
4791.203,-1.2924019999668215,-3.718010516836669
4791.223,-1.292959341916315,-3.713559991693066
4791.243,-1.2919927874616535,-3.7070332608025347
4791.263,-1.2896865765764685,-3.6996237905525557
4791.283,-1.286026248218436,-3.691314170168055
4791.303,-1.281464750340418,-3.6824148941622616
4791.323,-1.276905206758975,-3.6735142697472205
4791.343,-1.2717297987855751,-3.6642164761795613
4791.363,-1.2671896946883259,-3.6553479325537097
4791.383,-1.2626213672839037,-3.646451520378123
4791.403,-1.2580526172670845,-3.6375565593074173
4791.423,-1.253483969562306,-3.628661562249169
4791.443,-1.2489153428593023,-3.619766548857753
4791.463,-1.2443467060846476,-3.6108715345225693
4791.483,-1.2397780420789555,-3.6019765307557954
4791.503,-1.235209341028345,-3.593081543424944
4791.523,-1.230640594527965,-3.584186578550772
4791.543,-1.2260717972030508,-3.5752916391901906
4791.563,-1.2215029428393713,-3.5663967298971833
4791.583,-1.2169340272359337,-3.557501852893707
4791.603,-1.2123650452933001,-3.548607012237318
4791.623,-1.2077959920854142,-3.5397122106165915
4791.643,-1.203226862294145,-3.530817452251199
4791.663,-1.1986576505543984,-3.521922740238419
4791.683,-1.1940953064753592,-3.5130247596147877
4791.703,-1.1895282395372948,-3.5041288980331284
4791.723,-1.1849610932008576,-3.495233135561022
4791.743,-1.1803939326451969,-3.4863373821166386
4791.763,-1.1758267584124227,-3.47744163685726
4791.783,-1.1712595714126053,-3.4685458987409428
4791.803,-1.1666923707941408,-3.45965016882457
4791.823,-1.1621251565748083,-3.4507544471084266
4791.843,-1.1575492113248176,-3.4418493394547536
4791.863,-1.1529825829733533,-3.432953280620249
4791.883,-1.1484065931501026,-3.4240485378051275
4791.903,-1.1438204539243264,-3.4151477616467254
4791.923,-1.1392454631944777,-3.406255341255282
4791.943,-1.1349173709698905,-3.3984376019233817
4791.963,-1.1313417410594968,-3.392188122936378
4791.983,-1.1286352246233238,-3.3873212162198167
4792.003,-1.126635017030191,-3.383635958223204
4792.023,-1.1254507267899951,-3.380170684723714
4792.043,-1.1249747109488122,-3.377149484752451
4792.063,-1.12508671725084,-3.3744929479655457
4792.083,-1.1259613285822594,-3.3723295839080496
4792.103,-1.1275392649671239,-3.3706339069291507
4792.123,-1.129746356500349,-3.369294406871946
4792.143,-1.1322201812088861,-3.368212523447125
4792.163,-1.1347093160995887,-3.3671753001573044
4792.183,-1.1371927777350344,-3.366151528278474
4792.203,-1.139721402558494,-3.365204565961959
4792.223,-1.1422626611765538,-3.3643032394969237
4792.243,-1.1447967783638568,-3.3634160342970794
4792.263,-1.1473726727373985,-3.362606878299959
4792.283,-1.1499587688955146,-3.361844036102365
4792.303,-1.1525361486294416,-3.361095954484608
4792.323,-1.1551518794905242,-3.3604269435963667
4792.343,-1.1577753413734406,-3.3598047929885135
4792.363,-1.1603885040915416,-3.3591980271537882
4792.383,-1.1630358649347023,-3.358670119369228
4792.403,-1.1656923483757,-3.3581899285416776
4792.423,-1.168357033844406,-3.357757628741489
4792.443,-1.1710290578569245,-3.3573733589447525
4792.463,-1.1737075552295504,-3.3570372431532745
4792.483,-1.1763916588360652,-3.3567493893291154
4792.503,-1.1790804996705038,-3.3565098898295105
4792.523,-1.1817732074676897,-3.356318821545961
4792.543,-1.1844689109525994,-3.3561762456928745
4792.563,-1.1871667375873962,-3.3560822079610446
4792.583,-1.1898658144608225,-3.3560367381280103
4792.603,-1.1925652685233414,-3.356039850674151
4792.623,-1.1952642262458735,-3.356091543749975
4792.643,-1.197961814612455,-3.3561918006223954
4792.663,-1.200657160988024,-3.3563405883776434
4792.683,-1.2033493934840471,-3.3565378585501637
4792.703,-1.2060376414062846,-3.356783547299178
4792.723,-1.2087210351978843,-3.3570775749575237
4792.743,-1.211398707030665,-3.357419846562976
4792.763,-1.2140697906661257,-3.357810251285222
4792.783,-1.2167334222457418,-3.358248662999992
4792.803,-1.2193887401495016,-3.3587349401767033
4792.823,-1.2220348853359702,-3.359268925773372
4792.843,-1.2246710017935596,-3.359850447286889
4792.863,-1.227296236631494,-3.3604793168800633
4792.883,-1.229909740456074,-3.361155331681448
4792.903,-1.2325106675402548,-3.361878273470001
4792.923,-1.2350981759097017,-3.362647908785467
4792.943,-1.237671427992236,-3.3634639891120948
4792.963,-1.240229590670537,-3.364326251019931
4792.983,-1.242771835572968,-3.3652344160176013
4793.003,-1.2452973394984164,-3.3661881907267714
4793.023,-1.2478052841601441,-3.367187267113482
4793.043,-1.2502948573101467,-3.3682313222915825
4793.063,-1.2527652520153794,-3.369320018882273
4793.083,-1.2552156677692703,-3.3704530047232493
4793.103,-1.2576453100130933,-3.371629913771624
4793.123,-1.2600533913016385,-3.3728503652521367
4793.143,-1.2624391307798517,-3.374113964386444
4793.163,-1.2648017546611166,-3.375420302152739
4793.183,-1.2671404967520434,-3.376768955983435
4793.203,-1.2694545982916343,-3.3781594891170723
4793.223,-1.2717433087762207,-3.379591451337906
4793.243,-1.2740058854763483,-3.3810643789453554
4793.263,-1.2762415945869985,-3.3825777947755378
4793.283,-1.2784497105583719,-3.3841312085288453
4793.303,-1.2827415649563858,-3.382827904823773
4793.323,-1.2883090670011368,-3.3792871248503737
4793.343,-1.29413741223423,-3.3741634224850348
4793.363,-1.300236460866444,-3.3674364141860424
4793.383,-1.3065070533419012,-3.3596464433730797
4793.403,-1.3127796582368205,-3.351857762171379
4793.423,-1.319601579260193,-3.343835016063703
4793.443,-1.3258891180200267,-3.3360501088866403
4793.463,-1.332170623048317,-3.328269966676378
4793.483,-1.3384456600127126,-3.3204837367845497
4793.503,-1.344721201101733,-3.3126979309904563
4793.523,-1.3509970139526304,-3.3049123608541726
4793.543,-1.3572729682049394,-3.2971269151005203
4793.563,-1.363548987641058,-3.289341528974439
4793.583,-1.369825028096443,-3.2815561633856483
4793.603,-1.3761010625968775,-3.2737707957878177
4793.623,-1.3823770750764879,-3.2659854115166835
4793.643,-1.3886530544155928,-3.2582000012565904
4793.663,-1.3949289920251406,-3.250414558576733
4793.683,-1.4012048829287513,-3.2426290791343138
4793.703,-1.4074807232135644,-3.234843558970111
4793.723,-1.4137565088799628,-3.227057995719139
4793.743,-1.4200322356758344,-3.2192723857894814
4793.763,-1.4263078991318259,-3.2114867260195505
4793.783,-1.4325834952548244,-3.2037010139431685
4793.803,-1.4388590160834438,-3.1959152448502093
4793.823,-1.4451361324441139,-3.188131266057647
4793.843,-1.4514135807613648,-3.1803475877383267
4793.863,-1.4576910466105701,-3.172563923884974
4793.883,-1.4635037248242624,-3.1663669111512487
4793.903,-1.468491222734703,-3.161441455344182
4793.923,-1.4719288598179483,-3.157470533769266
4793.943,-1.4740389556366278,-3.154499308859416
4793.963,-1.4751184291859079,-3.1520156480238524
4793.983,-1.475177718006163,-3.150063905905417
4794.003,-1.4744490691166248,-3.1485277040132797
4794.023,-1.4727288716047213,-3.1469582600963144
4794.043,-1.4705651684920118,-3.1452399212951203
4794.063,-1.4680373161538829,-3.143879679214833
4794.083,-1.4657736054031913,-3.142388198997282
4794.103,-1.4634920567616,-3.140945785857069
4794.123,-1.4611845386020392,-3.139544761437644
4794.143,-1.4588521794877924,-3.138185495811777
4794.163,-1.4564957377068213,-3.136868426814697
4794.183,-1.454115975691699,-3.1355939805464725
4794.203,-1.451713663489554,-3.1343625690015995
4794.223,-1.449289578162226,-3.1331745904292854
4794.243,-1.4468445041123241,-3.1320304291383048
4794.263,-1.4443792322542854,-3.130930455290955
4794.283,-1.441894559950998,-3.129875024613058
4794.303,-1.4393912910494502,-3.1288644785440765
4794.323,-1.43687023514249,-3.1278991444412867
4794.343,-1.43433220766518,-3.1269793347338406
4794.363,-1.4317780298331164,-3.126105347254998
4794.383,-1.4292085276585642,-3.1252774652915893
4794.403,-1.4266245323606477,-3.1244959569085173
4794.423,-1.4240268799954034,-3.1237610756320557
4794.443,-1.4214164111182004,-3.1230730597185516
4794.463,-1.4187939703123982,-3.1224321326136217
4794.483,-1.4161604064593885,-3.1218385024127255
4794.503,-1.4135165717944322,-3.121292361884824
4794.523,-1.4108633222378846,-3.1207938886421682
4794.543,-1.4082015168694793,-3.1203432449202846
4794.563,-1.4055320174913442,-3.1199405773054143
4794.583,-1.4028556888369412,-3.1195860171826997
4794.603,-1.4001733978077089,-3.1192796803465264
4794.623,-1.3974860134565614,-3.119021666766882
4794.643,-1.394794406528013,-3.118812060821281
1758191736.434825,-1.8282146805706234,-3.445836510264161
4794.663,-1.8282826623598332,-3.448535423981084
4794.683,-1.8283992088386611,-3.45123269006835
4794.703,-1.828564282923546,-3.4539274341030737
4794.723,-1.828777832269463,-3.4566187823218635
4794.743,-1.829039787739267,-3.4593058619675228
4794.763,-1.8293500656813284,-3.4619878013167185
4794.783,-1.8297085655240257,-3.4646637305787213
4794.803,-1.8301151717834907,-3.4673327816852555
4794.823,-1.8305697532544731,-3.4699940888269305
4794.843,-1.8310721627282445,-3.4726467885805086
4794.863,-1.8316222377190592,-3.4752900202966712
4794.883,-1.8322198002070162,-3.4779229265258413
4794.903,-1.8328646567197016,-3.480544653047922
4794.923,-1.8335565980953563,-3.483154349355518
4794.943,-1.8342954000406728,-3.4857511687409994
4794.963,-1.8350808233267746,-3.4883342689308505
4794.983,-1.8359126130011956,-3.4909028120728234
4795.003,-1.8367904995099753,-3.49345596508547
4795.023,-1.8377141981352292,-3.4959928998167378
4795.043,-1.8386834092286095,-3.4985127935334157
4795.063,-1.8396978182929002,-3.5010148294141503
4795.083,-1.8407570961937099,-3.5034981960373743
4795.103,-1.8418608994646735,-3.5059620882895848
4795.123,-1.8430088700148453,-3.50840570759089
4795.143,-1.844200635599286,-3.510828261781727
4795.163,-1.8454358095586907,-3.5132289656974134
4795.183,-1.8467139911705532,-3.5156070415867666
4795.203,-1.8480347659832246,-3.517961718626932
4795.223,-1.8493977055611979,-3.520292234063401
4795.243,-1.8508023680525625,-3.5225978327823926
4795.263,-1.8492192655453885,-3.5267944816963963
4795.283,-1.8453197766519933,-3.532116668347176
4795.303,-1.839823516730868,-3.5375947582361325
4795.323,-1.8327095969812073,-3.5432373857978887
4795.343,-1.8245234144197264,-3.5489812786135424
4795.363,-1.8163383955953432,-3.554727237723308
4795.383,-1.8076269232038589,-3.5608575862265734
4795.403,-1.7994288458848013,-3.566662845772875
4795.423,-1.7911159350821493,-3.572431071425764
4795.443,-1.7829300129735057,-3.5781759037080745
4795.463,-1.774744758802958,-3.583920104147653
4795.483,-1.7665595402980614,-3.5896643119209157
4795.503,-1.7583743328353358,-3.5954085353327816
4795.523,-1.7501891368616525,-3.6011527753447687
4795.543,-1.7420039517646804,-3.6068970309232964
4795.563,-1.7338187783011187,-3.6126413029902475
4795.583,-1.7256336153745864,-3.6183855908554197
4795.603,-1.717448464229694,-3.6241298951022243
4795.623,-1.7092633242565678,-3.6298742147031438
4795.643,-1.7010781962081023,-3.6356185505885095
4795.663,-1.6928930801529807,-3.6413629027141727
4795.683,-1.6847079754727379,-3.647107270065079
4795.703,-1.6765228829111363,-3.6528516535817275
4795.723,-1.6683378018420354,-3.6585960522566277
4795.743,-1.6601527329996153,-3.6643404670420936
4795.763,-1.6519676757479975,-3.670084896941139
4795.783,-1.6437826308104206,-3.6758293429174205
4795.803,-1.6355975975393122,-3.6815738039857724
4795.823,-1.627412576645603,-3.687318281122014
4795.843,-1.619227147050244,-3.6930626155541013
4795.863,-1.6110484344651432,-3.698815660034537
4795.883,-1.602865419358739,-3.7045453347310313
4795.903,-1.5946808402360506,-3.7102905031634594
4795.923,-1.5864961444415937,-3.71603543617453
4795.943,-1.5783125989648061,-3.7217715107608837
4795.963,-1.570132971276481,-3.7275158831497994
4795.983,-1.5619622963537685,-3.73328123218378
4796.003,-1.55375053096402,-3.7390577656653297
4796.023,-1.5455614610377357,-3.7447973271571953
4796.043,-1.5373845401965072,-3.7505486674379656
4796.063,-1.5291971935921769,-3.7563056780407944
4796.083,-1.5210160974518716,-3.7620549133735106
4796.103,-1.512830976159928,-3.7678114420332505
4796.123,-1.5046463894358286,-3.7735683995127474
4796.143,-1.4964602893249344,-3.7793105604899764
4796.163,-1.488273966801614,-3.785052755520312
4796.183,-1.480076458614481,-3.7908115917737484
4796.203,-1.471878585807097,-3.796571354423059
4796.223,-1.463696481730155,-3.802319125240051
4796.243,-1.4555162649907358,-3.8080750031450834
4796.263,-1.4473373776541307,-3.8138243553325193
4796.283,-1.4391556085912034,-3.819571117704823
4796.303,-1.4309788619897876,-3.8253247852018486
4796.323,-1.4227789907443722,-3.8310955246299145
4796.343,-1.414597373041882,-3.8368464452138586
4796.363,-1.4064158773464248,-3.8425975098415828
4796.383,-1.3982344373553124,-3.8483486701107554
4796.403,-1.3900530516687055,-3.854099921495888
4796.423,-1.38187171926826,-3.8598512600936514
4796.443,-1.3736904393720404,-3.865602682828969
4796.463,-1.3655092113751677,-3.8713541872666353
4796.483,-1.357328034812677,-3.8771057714823196
4796.503,-1.3491469089043977,-3.882857434378868
4796.523,-1.340965834053314,-3.8886091746614126
4796.543,-1.332784810067917,-3.89436099137286
4796.563,-1.324603836140239,-3.9001128827958187
4796.583,-1.3164229128843392,-3.9058648493277093
4796.603,-1.308242040270787,-3.9116168905205138
4796.623,-1.3000612183064464,-3.9173690060279167
4796.643,-1.2918804463409375,-3.9231211946099447
4796.663,-1.2837031494163729,-3.928877716227334
4796.683,-1.2755187137579247,-3.934607200882347
4796.703,-1.2673403293167338,-3.940364358615359
4796.723,-1.2591154066248242,-3.9461569566652615
4796.743,-1.250930185669702,-3.9519006670647854
4796.763,-1.2427513738746196,-3.957655160620755
4796.783,-1.2345704092618572,-3.963405428213367
4796.803,-1.2263894563430506,-3.969155709670095
4796.823,-1.2182085160884684,-3.9749060090133277
4796.843,-1.2100275885733847,-3.9806563262191244
4796.863,-1.2018466731959336,-3.986406660273495
4796.883,-1.1936657707230784,-3.99215701211598
4796.903,-1.1854848807458995,-3.9979073820562925
4796.923,-1.1773040038303249,-4.003657769722371
4796.943,-1.169123140070661,-4.009408175119304
4796.963,-1.1609422895367005,-4.015158598224621
4796.983,-1.152761451610672,-4.020909038049435
4797.003,-1.1445806270404573,-4.026659495561782
4797.023,-1.1363998158827866,-4.0324099707603045
4797.043,-1.1282190181901555,-4.038160463648449
4797.063,-1.1200382340075121,-4.043910974236772
4797.083,-1.111857537449569,-4.049661596977839
4797.103,-1.1036705705941492,-4.0554025886817415
4797.123,-1.0954983199239818,-4.061163010628818
4797.143,-1.0873184165586254,-4.066914646053907
4797.163,-1.0791417812482444,-4.072670406821518
4797.183,-1.070960822211753,-4.078421645830405
4797.203,-1.062778021731087,-4.084176210015598
4797.223,-1.0545977490314005,-4.089927389405028
4797.243,-1.0464173942167045,-4.095678653735201
4797.263,-1.038243969358489,-4.1014351719159965
4797.283,-1.0300655482258019,-4.107196094133047
4797.303,-1.0218707344126043,-4.112957503972592
4797.323,-1.0136878830323313,-4.118705918900434
4797.343,-1.0055014830736257,-4.124465919655363
4797.363,-0.9973201120015364,-4.1302199034317475
4797.383,-0.9891358484600202,-4.135981478119264
4797.403,-0.9809447445489607,-4.141751036557132
4797.423,-0.9727613792444868,-4.147511961810561
4797.443,-0.9645798532737387,-4.15326183398715
4797.463,-0.9564004807707012,-4.159018251315194
4797.483,-0.9482256745429802,-4.164773423816657
4797.503,-0.9400571211707368,-4.170532452090461
4797.523,-0.9318762374568499,-4.176287120523471
4797.543,-0.923694922120718,-4.182032302135636
4797.563,-0.9155157684016062,-4.187785574254437
4797.583,-0.907326243786633,-4.193545615110077
4797.603,-0.8991516410433421,-4.199301021616879
4797.623,-0.8909657015204032,-4.205062174335051
4797.643,-0.8827877682974897,-4.210813465691687
4797.663,-0.8746102362447145,-4.2165512536246315
4797.683,-0.8664284016618241,-4.222300217230885
4797.703,-0.8582485730782572,-4.228051028025645
4797.723,-0.8500687180628557,-4.2338017975136895
4797.743,-0.8418888294061043,-4.23955252158183
4797.763,-0.8337089089447488,-4.2453032027359185
4797.783,-0.8255289566585496,-4.251053840797116
4797.803,-0.8173489734257076,-4.2568044368670295
4797.823,-0.8091689597823063,-4.262554991580571
4797.843,-0.8009889167647745,-4.268305506289599
4797.863,-0.7928088434640083,-4.274055979564996
4797.883,-0.7846307824432366,-4.279808480921292
4797.903,-0.7764327603688203,-4.285581170552019
4797.923,-0.7682522268286667,-4.291338585207367
4797.943,-0.760067251268149,-4.297085792787994
4797.963,-0.7518828974590613,-4.302830600810243
4797.983,-0.743701438801229,-4.308580339411749
4798.003,-0.735524433148343,-4.314337766283522
4798.023,-0.7273444770994246,-4.320090897226504
4798.043,-0.7191676765444375,-4.325856340353064
4798.063,-0.7109859155907271,-4.331604801051451
4798.083,-0.7028060886026215,-4.337357096316674
4798.103,-0.694624896681509,-4.343106846897388
4798.123,-0.6864478527238979,-4.348864285455273
4798.143,-0.6782680313452304,-4.354617570025553
4798.163,-0.6700915178167703,-4.360383010624067
4798.183,-0.6619099581459172,-4.366131747489494
4798.203,-0.6537304550496178,-4.3718845960856525
4798.223,-0.6455494075161726,-4.3776345082674855
4798.243,-0.6373723695448222,-4.383391996010899
4798.263,-0.6292012669151914,-4.3891487681864545
4798.283,-0.6210253456318272,-4.394905992897338
4798.303,-0.612850022457628,-4.400664153359713
4798.323,-0.6046703926377691,-4.4064096991755495
4798.343,-0.596465881556626,-4.4121913795154715
4798.363,-0.5882753227968455,-4.41794028551179
4798.383,-0.5800967558054735,-4.423693913618283
4798.403,-0.5719205983712954,-4.429450289195744
4798.423,-0.5637409218916386,-4.435209002971559
4798.443,-0.5555653540915648,-4.440966190872603
4798.463,-0.5473823573383405,-4.446713213681248
4798.483,-0.5392027944314111,-4.4524663760984735
4798.503,-0.5310253575964075,-4.45822275784035
4798.523,-0.5228436846585743,-4.4639718893134175
4798.543,-0.5146660420874237,-4.4697259714840945
4798.563,-0.5064877253562664,-4.475480481851022
4798.583,-0.498302311321624,-4.481242270326341
4798.603,-0.4901238526926091,-4.486995377605959
4798.623,-0.48194676001092235,-4.492747169315258
4798.643,-0.47377059955451295,-4.498502936290725
4798.663,-0.4655952916468792,-4.50426534894706
4798.683,-0.45741374379544947,-4.510023941133269
4798.703,-0.44923780404570146,-4.5157800335634715
4798.723,-0.4410576026635362,-4.521538616961609
4798.743,-0.43288404176100587,-4.527291130293413
4798.763,-0.4247023185203629,-4.533041070331782
4798.783,-0.4165210775494433,-4.538800472536762
4798.803,-0.4083378625133624,-4.544547978256627
4798.823,-0.40016111486257605,-4.550301170454675
4798.843,-0.3919477457753654,-4.5560848366483455
4798.863,-0.3837694716300888,-4.561845891195574
4798.883,-0.37560176669719786,-4.567606402487661
4798.903,-0.36741888754691415,-4.573366485080478
4798.923,-0.36022998688315067,-4.578428373912904
4798.943,-0.35434736457444566,-4.582565099481483
4798.963,-0.34986337881324897,-4.585723740324274
4798.983,-0.3463313567336137,-4.58798736466025
4799.003,-0.34316367190535035,-4.589456417199362
4799.023,-0.3402916019871281,-4.590171173985591
4799.043,-0.3377360259138224,-4.59020981767027
4799.063,-0.33551943807991713,-4.58953013204994
4799.083,-0.3336576908845929,-4.5881211118680945
4799.103,-0.33215211859129845,-4.585970966678039
4799.123,-0.3307485854882269,-4.583664633015154
4799.143,-0.32938701450542174,-4.581336832588046
4799.163,-0.3280386109107761,-4.579012135637303
4799.183,-0.3267612254886836,-4.576633034739764
4799.203,-0.3255273443700855,-4.574235386988248
4799.223,-0.32430743673632734,-4.571842281439971
4799.243,-0.32316031737729395,-4.569397960555489
4799.263,-0.3220576768816674,-4.5669373746730555
4799.283,-0.32096979996371916,-4.5644828470273255
4799.303,-0.3199562387756499,-4.561980328692984
4799.323,-0.3189880267964419,-4.5594639140130555
4799.343,-0.3180353493057567,-4.55695507271956
4799.363,-0.31715827436455846,-4.554401576597687
4799.383,-0.3163272923696475,-4.551836603737166
4799.403,-0.31551260116069246,-4.549280728674456
4799.423,-0.31477360965206075,-4.546684320634486
4799.443,-0.3140814651885014,-4.544075029045059
4799.463,-0.31343639670769774,-4.541453713272116
4799.483,-0.3128386126185533,-4.538821222185558
4799.503,-0.3122883058831665,-4.5361784082587215
4799.523,-0.31178565379699835,-4.533526127298286
4799.543,-0.31133081819451464,-4.53086523763833
4799.563,-0.31092394593343303,-4.52819660062515
4799.583,-0.31056516817519986,-4.525521079929727
4799.603,-0.31025460045133707,-4.522839541377613
4799.623,-0.3099923427118157,-4.520152852617011
4799.643,-0.3097784791033669,-4.517461883014542
4799.663,-0.3096130788261839,-4.514767503018148
4799.683,-0.3094961948536636,-4.512070584237401
4799.703,-0.3094278650181639,-4.509371999126117
4799.723,-0.30940811109862354,-4.506672620641638
4799.743,-0.30943693919401155,-4.503973321681803
4799.763,-0.3095143400197127,-4.501274975521565
4799.783,-0.30964028864343385,-4.498578454843734
4799.803,-0.30981474451311536,-4.495884631979645
4799.823,-0.31003765129238897,-4.493194378122956
1758191743.061316,-0.9019648622771146,-3.984285602924152
4799.843,-0.9010815528438058,-3.98173472837403
4799.863,-0.9002442895996701,-3.9791683621795646
4799.883,-0.8994533439708562,-3.9765873343187987
4799.903,-0.8987089721713584,-3.9739924797112742
4799.923,-0.8980114154074681,-3.9713846377774753
4799.943,-0.8973609001665902,-3.9687646522702744
4799.963,-0.8967576372968871,-3.966133370924989
4799.983,-0.896201822984997,-3.9634916451469655
4800.003,-0.8956936376813555,-3.9608403298772337
4800.023,-0.8952332467474305,-3.958180283492354
4800.043,-0.8948208000234259,-3.955512367070075
4800.063,-0.8944564318328375,-3.9528374443849112
4800.083,-0.8941402610650045,-3.9501563818003174
4800.103,-0.8938723909375829,-3.947470047587517
4800.123,-0.8936529091958008,-3.9447793121679644
4800.143,-0.8934818875867087,-3.9420850472614033
4800.163,-0.8933593825362715,-3.9393881259616514
4800.183,-0.893285434617429,-3.9366894223275035
4800.203,-0.8932600685913682,-3.9339898113176144
4800.223,-0.8932832933946522,-3.931290168013876
4800.243,-0.8933551022921908,-3.928591367712534
4800.263,-0.893475472699446,-3.9258942856336008
4800.283,-0.893644366254523,-3.923199796328022
4800.303,-0.8938617289489025,-3.9205087737897064
4800.323,-0.8941274908202881,-3.9178220906919745
4800.343,-0.8944415661314551,-3.915140618634438
4800.363,-0.8948038536573393,-3.912465227203561
4800.383,-0.8952142362730496,-3.9097967842504255
4800.403,-0.8956725812174358,-3.907136155297625
4800.423,-0.8961787403234989,-3.9044842034951865
4800.443,-0.8967325495749323,-3.901841788864757
4800.463,-0.8973338297054693,-3.8992097683715032
4800.483,-0.897982385921729,-3.896588995629877
4800.503,-0.8986780081230273,-3.893980320720224
4800.523,-0.899420470779262,-3.8913845893761247
4800.543,-0.9002095332657718,-3.88880264330489
4800.563,-0.9010449397526249,-3.886235319699273
4800.583,-0.9019264194368009,-3.8836834509321743
4800.603,-0.902853686512397,-3.8811478642273607
4800.623,-0.9038264403966632,-3.8786293813682255
4800.643,-0.9048443656505413,-3.8761288188461425
4800.663,-0.9059071322983188,-3.873646986943831
4800.683,-0.9070143958098423,-3.8711846898980182
4800.703,-0.9081657972280681,-3.868742725603711
4800.723,-0.9093609632846109,-3.8663218853137375
4800.743,-0.9105995065683054,-3.8639229533601775
4800.763,-0.9118810255696251,-3.8615467070007
4800.783,-0.9100794866900167,-3.8574391036347224
4800.803,-0.9059055325655563,-3.852329262768892
4800.823,-0.9001288535460543,-3.8471476805688942
4800.843,-0.8927281000652606,-3.8418868299953384
4800.863,-0.884251335709648,-3.836581253331667
4800.883,-0.8757755554542808,-3.831273550847749
4800.903,-0.8666175832831323,-3.8258435775530377
4800.923,-0.8581001693708366,-3.820562234483299
4800.943,-0.8496221802432034,-3.8152592942095356
4800.963,-0.8411439699501295,-3.809957086682127
4800.983,-0.8326657498815253,-3.804654899939096
4801.003,-0.8241875218162438,-3.799352727050377
4801.023,-0.8157092857650313,-3.7940505678828695
4801.043,-0.8072310417255302,-3.788748422363782
4801.063,-0.7987527896908492,-3.783446290418215
4801.083,-0.7902745296317935,-3.7781441720020976
4801.103,-0.7817962615564097,-3.772842067008518
4801.123,-0.7733179854504151,-3.7675399753629666
4801.143,-0.7648397012741297,-3.762237897022252
4801.163,-0.7563614090074013,-3.7569358319155146
4801.183,-0.7478813791114431,-3.751639980786566
4801.203,-0.7394030343323595,-3.7463379559790346
4801.223,-0.7309253808006729,-3.7410350073464786
4801.243,-0.7224411603026264,-3.735731253456497
4801.263,-0.7139656211047292,-3.730425266973132
4801.283,-0.70548905331631,-3.7251196459166365
4801.303,-0.6970123853512233,-3.7198141812738945
4801.323,-0.6885356383243951,-3.7145088572177873
4801.343,-0.6800588343136607,-3.7092036376489133
4801.363,-0.6715819895733455,-3.7038984944688784
4801.383,-0.6631051154098837,-3.6985934071396613
4801.403,-0.6546282202098052,-3.6932883608397065
4801.423,-0.6461513095405188,-3.687983343481391
4801.443,-0.6376743888407047,-3.6826783447025058
4801.463,-0.6291974628134176,-3.6773733556279358
4801.483,-0.6207205405616565,-3.672068363941151
4801.503,-0.6122436361114085,-3.6667633499937455
4801.523,-0.6037668105563383,-3.6614582372099584
4801.543,-0.595288769609652,-3.656155736424763
4801.563,-0.5868106542226814,-3.6508533747941034
4801.583,-0.578332529506341,-3.645551027506411
4801.603,-0.56985439606108,-3.640248693413989
4801.623,-0.5613762538852857,-3.634946372554098
4801.643,-0.5528981029721867,-3.629644064979997
4801.663,-0.5444199432975664,-3.6243417707821783
4801.683,-0.5359417749003558,-3.6190394899620504
4801.703,-0.5274635977601964,-3.61373722261789
4801.723,-0.5189854119007301,-3.608434968788932
4801.743,-0.5105072173258576,-3.6031327285463175
4801.763,-0.5020290140433503,-3.597830501962981
4801.783,-0.4935508021034985,-3.5925282890491124
4801.803,-0.4859270993140909,-3.5880648262532016
4801.823,-0.47965691356815743,-3.5846081195259947
4801.843,-0.4749305746647695,-3.5819211197936607
4801.863,-0.47133874018668115,-3.5800324944673307
4801.883,-0.46799328140163715,-3.5787969119105174
4801.903,-0.4651535916265484,-3.578366957168473
4801.923,-0.46267688769849735,-3.578674392709487
4801.943,-0.4606255927836824,-3.579731768264302
4801.963,-0.4589969454660045,-3.5815618599619636
4801.983,-0.4576887952118815,-3.5839235026081306
4802.003,-0.45639307719407574,-3.5862803050993968
4802.023,-0.45517143832454077,-3.588688459726147
4802.043,-0.4539934484915134,-3.5911142371493128
4802.063,-0.4528279169980468,-3.5935363125260746
4802.083,-0.45173796071896777,-3.596006671924323
4802.103,-0.4506926464498934,-3.598492181537332
4802.123,-0.44966051271702295,-3.6009725032539164
4802.143,-0.44870543503613836,-3.603497850962204
4802.163,-0.4477958153000859,-3.6060359386420755
4802.183,-0.4469000118385296,-3.6085672801592303
4802.203,-0.44608258868359174,-3.6111402925754783
4802.223,-0.4453112783708482,-3.613723650230225
4802.243,-0.44455441140777185,-3.616298687349567
4802.263,-0.4438770004963531,-3.6189119491644868
4802.283,-0.44324623334227276,-3.621533111367895
4802.303,-0.4426305186503624,-3.624144374231692
4802.323,-0.4420950781467597,-3.626790347743064
4802.343,-0.44160668407268583,-3.629441738714625
4802.363,-0.4411339365279534,-3.632081636459537
4802.383,-0.44074202218926595,-3.634752671603931
4802.403,-0.44039740868326543,-3.637426670788904
4802.423,-0.4401007163839582,-3.6401097730083496
4802.443,-0.4398523390947956,-3.6427978751913956
4802.463,-0.4396523805692016,-3.6454900075004075
4802.483,-0.43950090537091385,-3.6481852976683724
4802.503,-0.43939796207461407,-3.650882873444576
4802.523,-0.43934358371155363,-3.6535818621205025
4802.543,-0.4393377874049563,-3.656281390158966
4802.563,-0.439380574983232,-3.658980584312454
4802.583,-0.4394719324591482,-3.661678571162861
4802.603,-0.4396118300592581,-3.6643744780722147
4802.623,-0.439800222536237,-3.667067432763475
4802.643,-0.4400370489266326,-3.669756564076294
4802.663,-0.44032223266270154,-3.672441002087002
4802.683,-0.44065568166371155,-3.675119878442491
4802.703,-0.44103728832277417,-3.677792326340553
4802.723,-0.4414669295123219,-3.680457481426978
4802.743,-0.4419444663219703,-3.683114481129517
4802.763,-0.4424697448225106,-3.6857624659532315
4802.783,-0.44304259544870556,-3.688400578948213
4802.803,-0.443662833517492,-3.6910279663110144
4802.823,-0.44433025881707633,-3.69364377767769
4802.843,-0.44504465586915803,-3.696247166306332
4802.863,-0.4458057941820317,-3.6988372892238477
4802.883,-0.44661342814181393,-3.7014133077060642
4802.903,-0.4474672968680259,-3.7039743875761215
4802.923,-0.44836712455506245,-3.70651969919964
4802.943,-0.44931262077095796,-3.7090484179429524
4802.963,-0.4503034798277084,-3.711559724466538
4802.983,-0.45133938157963,-3.7140528048425803
4803.003,-0.45241999111550374,-3.716526850965462
4803.023,-0.4535449590531299,-3.7189810606427667
4803.043,-0.45471392155837864,-3.7214146382623063
4803.063,-0.4559265005686177,-3.723826794350289
4803.083,-0.45718230346283406,-3.7262167466924256
4803.103,-0.45848092392036083,-3.728583719950166
4803.123,-0.4598219414599205,-3.7309269461133794
4803.143,-0.4612049216680637,-3.7332456648674723
4803.163,-0.46262941654476886,-3.73553912409079
4803.183,-0.4640949645382772,-3.7378065792177857
4803.203,-0.4626242099439742,-3.742044043548976
4803.223,-0.45886778185539884,-3.7474682739528182
4803.243,-0.4535193479423905,-3.7530909871548768
4803.263,-0.4465582175316944,-3.758921262319989
4803.283,-0.43852812750392434,-3.764881409663925
4803.303,-0.4304993097981317,-3.7708435110732808
4803.323,-0.42220674245175505,-3.7773162482758122
4803.343,-0.4142018611833695,-3.783255766653007
4803.363,-0.4062127061947116,-3.7892336686889703
4803.383,-0.3981815470367332,-3.7952153570342486
4803.403,-0.3901550051061485,-3.8011945373115608
4803.423,-0.38212855782774197,-3.8071737260247187
4803.443,-0.37410236782964795,-3.8131531286351956
4803.463,-0.36607644142603224,-3.819132772059922
4803.483,-0.358050779574725,-3.825112672564005
4803.503,-0.35002538395968374,-3.831092839591656
4803.523,-0.3420002579993265,-3.8370732763569637
4803.543,-0.33397541050289786,-3.843053982556936
4803.563,-0.3259508614628372,-3.849034940465066
4803.583,-0.3179278843713788,-3.8550036185953673
4803.603,-0.30990542642592533,-3.860972857070629
4803.623,-0.301882980629185,-3.866942111438285
4803.643,-0.29386054024550345,-3.87291137433692
4803.663,-0.28583810596340997,-3.8788806463391476
4803.683,-0.27781567775049726,-3.8848499273513113
4803.703,-0.2697932556538464,-3.8908192175744634
4803.723,-0.26177083959284236,-3.896788516633736
4803.743,-0.2537484295618785,-3.902757824448841
4803.763,-0.2457260262121444,-3.9087271410951923
4803.783,-0.23770362890250282,-3.9146964663446777
4803.803,-0.22968123764668597,-3.9206658001238908
4803.823,-0.2216588527339204,-3.9266351435226086
4803.843,-0.21363647449220602,-3.932604495173623
4803.863,-0.2056141024309241,-3.9385738554351852
4803.883,-0.19759173677866057,-3.9445432251087853
4803.903,-0.18956937728500028,-3.950512602966702
4803.923,-0.18154702482630958,-3.956481989964468
4803.943,-0.17352467856955237,-3.962451385010802
4803.963,-0.16550233938696782,-3.9684207890608363
4803.983,-0.15748000650803173,-3.9743902013126946
4804.003,-0.1494576807295307,-3.9803596224305102
4804.023,-0.14143536120411399,-3.986329051321296
4804.043,-0.13341304878700885,-3.9922984889382023
4804.063,-0.12539074347313364,-3.998267935211081
4804.083,-0.11736844439958148,-4.00423738904438
4804.103,-0.10934615240185641,-4.010206851391046
4804.123,-0.1013238674570365,-4.01617632217887
4804.143,-0.09331036025589307,-4.022151660946869
4804.163,-0.08528342818988255,-4.028114983065822
4804.183,-0.0772611984059809,-4.034084530963435
4804.203,-0.06923899435781987,-4.040054106917397
4804.223,-0.06121679748927542,-4.046023691519157
4804.243,-0.053194607527370985,-4.051993284472962
4804.263,-0.045168970710108294,-4.057958369621202
4804.283,-0.03714184495509139,-4.0639213876342355
4804.303,-0.0291194206563902,-4.069890702782481
4804.323,-0.02109709263129545,-4.0758601069535265
4804.343,-0.013074772371789311,-4.081829519684664
4804.363,-0.0050524592540909605,-4.0877989415898375
4804.383,0.0029698478211848053,-4.093768371192788
4804.403,0.006248798012549541,-4.098026124887905
4804.423,0.008281938262628446,-4.102762688668749
4804.443,0.009666252005228516,-4.108132775795385
4804.463,0.010761087300616024,-4.1135006155227885
4804.483,0.0129494809869378,-4.118656395319369
4804.503,0.014200103618356035,-4.124098790167959
4804.523,0.015683103121695328,-4.129535777670294
4804.543,0.016794290130223124,-4.135075419096433
4804.563,0.01786101677095521,-4.140666171188064
4804.583,0.018885856323829064,-4.146307850863621
4804.603,0.01987407921591701,-4.152003154405089
4804.623,0.02083096139213779,-4.157754498612412
4804.643,0.021761549249242507,-4.163563601234646
4804.663,0.02373283818023335,-4.16965033760337
4804.683,0.025517000771001,-4.174744271315556
4804.703,0.025922831229217264,-4.180537678871182
4804.723,0.025308057641150825,-4.183918221189158
4804.743,0.024825691396420362,-4.18658207075625
4804.763,0.024983506636927708,-4.189471976941802
4804.783,0.02333772574668884,-4.191706703851855
4804.803,0.021182922849360648,-4.193106915553623
4804.823,0.02273947802324401,-4.1940506618485776
4804.843,0.02446936957269784,-4.195204715723741
4804.863,0.026092327828400173,-4.196551618812319
4804.883,0.02787077008154872,-4.197826684976405
4804.903,0.02958261429377203,-4.198891921024353
4804.923,0.03128979427068047,-4.200125269938652
4804.943,0.0329061080493747,-4.201307658061639
4804.963,0.034264029280405575,-4.202634738212629
4804.983,0.03596039801163108,-4.203849956339306
4805.003,0.03762420951780055,-4.205059166067899
4805.023,0.03921045738501936,-4.206208376643635
1758191749.7726965,-1.6252430513717306,-4.029216624803479
4805.043,-1.6232530017652893,-4.028687924764062
4805.063,-1.6213852668436914,-4.027970477344875
4805.083,-1.6193641076753307,-4.027348660887895
4805.103,-1.6175466795817053,-4.026805206280587
4805.123,-1.6156962099472956,-4.026284476559531
4805.143,-1.614141413333743,-4.0257150544931175
4805.163,-1.612716971339831,-4.025854686499395
4805.183,-1.6118370122100651,-4.025636554897183
4805.203,-1.611037618563383,-4.025810522466597
4805.223,-1.6099523374256202,-4.026241059031884
4805.243,-1.6079270398460548,-4.0268492066228045
4805.263,-1.6016328814748135,-4.02824317032904
4805.283,-1.5990050446048283,-4.027667318940143
4805.303,-1.59531702327995,-4.026801328203048
4805.323,-1.5908744585990937,-4.026265635467858
4805.343,-1.5869241766454956,-4.0257944923818085
4805.363,-1.5840551290670415,-4.025317668958759
4805.383,-1.5819940609732983,-4.025599722284684
4805.403,-1.5811797893222286,-4.025466260372654
4805.423,-1.5806355946708341,-4.025258619110393
4805.443,-1.5796714893401336,-4.025319180169718
4805.463,-1.578408815095423,-4.025287933904101
4805.483,-1.5779356463614735,-4.025089632442004
4805.503,-1.5763355173452867,-4.025289988651647
4805.523,-1.57447411486003,-4.025116073046353
4805.543,-1.5729019883995967,-4.024863932296893
4805.563,-1.5713727592883613,-4.025290501747532
4805.583,-1.5695203582163255,-4.025598906598171
4805.603,-1.5677343119115514,-4.0258203971318345
4805.623,-1.56507907124351,-4.026633272691974
4805.643,-1.5635256957831485,-4.026417671431423
4805.663,-1.561490163965864,-4.026303754491451
4805.683,-1.5590172085815401,-4.026158903740038
4805.703,-1.5554226598814849,-4.0272269793285345
4805.723,-1.5529517362670235,-4.027303625003564
4805.743,-1.550767916478682,-4.028058181422957
4805.763,-1.5491558590484618,-4.028718861389636
4805.783,-1.5473864186367505,-4.0294180262399255
4805.803,-1.5459369817582564,-4.029941940311951
4805.823,-1.5433789017665007,-4.031206269101229
4805.843,-1.5399562533604634,-4.0329772417706735
4805.863,-1.5377810527044296,-4.03320251076091
4805.883,-1.5343988286584438,-4.034145573906218
4805.903,-1.5318703977829036,-4.0348301588195215
4805.923,-1.5302582894637498,-4.035346881335724
4805.943,-1.5292128865115597,-4.035524655198512
4805.963,-1.528856076556427,-4.035564844168901
4805.983,-1.527920461330054,-4.036173556725224
4806.003,-1.5259762318232837,-4.0372044296274066
4806.023,-1.523767405760375,-4.038226029098244
4806.043,-1.5215124832821576,-4.039459192735338
4806.063,-1.5187788272405622,-4.04072022848276
4806.083,-1.5165773997371956,-4.041001278431214
4806.103,-1.5126049060027071,-4.0427768288815455
4806.123,-1.5105741380065807,-4.04336028609034
4806.143,-1.5094361625721289,-4.04362474164832
4806.163,-1.5089607003649212,-4.043759177206565
4806.183,-1.5086970545034264,-4.043758139364788
4806.203,-1.5085009693284719,-4.043823656020206
4806.223,-1.5080802659850443,-4.0438089396494705
4806.243,-1.507020399917839,-4.044193192610512
4806.263,-1.5055455096870327,-4.044901043100959
4806.283,-1.505258104163126,-4.044958794338024
4806.303,-1.5044211470108166,-4.0455649326403895
4806.323,-1.5041978458409064,-4.045674027903974
4806.343,-1.5033940588749497,-4.045946739745773
4806.363,-1.50322064445288,-4.046022641201129
4806.383,-1.5026391119056337,-4.046235140489387
4806.403,-1.5021173518185655,-4.046462455121444
4806.423,-1.5019317331315951,-4.046543096581078
4806.443,-1.5009885201960422,-4.046924539910748
4806.463,-1.5005097701417476,-4.046864694983049
4806.483,-1.4999176080754066,-4.04686555261192
4806.503,-1.4996901287554074,-4.04691892907443
4806.523,-1.4990623930263705,-4.04704962943521
4806.543,-1.4985937668415967,-4.047269630514049
4806.563,-1.4982536984002306,-4.047478642040181
4806.583,-1.4978916782619847,-4.0476374562501825
4806.603,-1.49765133943723,-4.047693953797433
4806.623,-1.4969718231100255,-4.04824238165004
4806.643,-1.4967958626774311,-4.0483219011409775
4806.663,-1.4958444699862867,-4.049048211117179
4806.683,-1.495467640843215,-4.049450864467472
4806.703,-1.495008354458153,-4.0497265747673925
4806.723,-1.4944382708837607,-4.050163365751903
4806.743,-1.4941380739372097,-4.0502408663004825
4806.763,-1.4938780822018471,-4.050314636665459
4806.783,-1.4936218257951075,-4.050387961194295
4806.803,-1.4931958540130519,-4.050590696203582
4806.823,-1.4930197727591485,-4.0506692329826635
4806.843,-1.4924862813996018,-4.050695107696243
4806.863,-1.4922628965398843,-4.050823222677726
4806.883,-1.4917526501661824,-4.050892845947487
4806.903,-1.4915891541954385,-4.050936364630387
4806.923,-1.4909844233058391,-4.050969693116828
4806.943,-1.4908039537450957,-4.051019475609501
4806.963,-1.4904961308116869,-4.051140296403864
4806.983,-1.4902599666777396,-4.0512129392887575
4807.003,-1.4898176146589055,-4.051399841900175
4807.023,-1.4895622247358584,-4.051477611138191
4807.043,-1.4891479344126075,-4.051684816469895
4807.063,-1.4889740757277172,-4.051768306257995
4807.083,-1.4887756492361286,-4.051826201493867
4807.103,-1.488592685093914,-4.051916530374666
4807.123,-1.4883314286947786,-4.052002235034509
4807.143,-1.4874909014469837,-4.052298527515211
4807.163,-1.4864623672402006,-4.053167225422839
4807.183,-1.4857808882115477,-4.053336324782269
4807.203,-1.4855120253688774,-4.053422087373012
4807.223,-1.4851044271598033,-4.0535461296575015
4807.243,-1.484835469604432,-4.053636700676809
4807.263,-1.4844323349033341,-4.053755927510463
4807.283,-1.484163314804149,-4.053847475609769
4807.303,-1.4837597567988798,-4.053969156328458
4807.323,-1.4834909184180292,-4.054061579405888
4807.343,-1.4830871439986186,-4.054185500681665
4807.363,-1.4828184824537796,-4.0542788167858355
4807.383,-1.4824148112886528,-4.054404522969706
4807.403,-1.4821463185968584,-4.054498732486512
4807.423,-1.481743128677896,-4.054625607761778
4807.443,-1.481474791180998,-4.054720709658991
4807.463,-1.4810720920383391,-4.054848760168272
4807.483,-1.4808039154075454,-4.054944759323135
4807.503,-1.480401684165857,-4.0550740570528765
4807.523,-1.479505512956378,-4.055845945110636
4807.543,-1.4789248600706726,-4.056545287735077
4807.563,-1.4785079643621424,-4.056708627187607
4807.583,-1.4782763609041545,-4.056793398702926
4807.603,-1.4781336079336334,-4.0568462119292406
4807.623,-1.4779021929348093,-4.056932389152318
4807.643,-1.4777587983040734,-4.056984721906798
4807.663,-1.4769988759506907,-4.057273077117128
4807.683,-1.4766047491176222,-4.057451081749827
4807.703,-1.4763103836580875,-4.057567619613573
4807.723,-1.4761132063004958,-4.057647433744441
4807.743,-1.475683043499925,-4.057994394950804
4807.763,-1.4751451010328216,-4.058243348351784
4807.783,-1.475235741852377,-4.058226807034287
4807.803,-1.475355585372898,-4.058210975502125
4807.823,-1.4755043849739196,-4.058192486247051
4807.843,-1.4756825877203212,-4.0581711814201045
4807.863,-1.4758907255936198,-4.0581468642081635
4807.883,-1.4761294200413193,-4.05811930100063
4807.903,-1.4763993833008275,-4.058088219694619
4807.923,-1.4767014198316044,-4.058053308647062
4807.943,-1.4770364269635388,-4.058014211257201
4807.963,-1.476643269521838,-4.058152039096749
4807.983,-1.4764077033455905,-4.058189359307949
4808.003,-1.4761306646881223,-4.058225346292212
4808.023,-1.4756490560915272,-4.057769149125327
4808.043,-1.4757145227570798,-4.0571565498616255
4808.063,-1.4754931482079796,-4.057269046869937
4808.083,-1.4754951901558788,-4.057273176809484
4808.103,-1.4754951840016988,-4.057273169006655
4808.123,-1.4754951856727794,-4.057273170921182
4808.143,-1.4754951863617252,-4.057273171245644
4808.163,-1.4754951865559254,-4.05727317082802
4808.183,-1.475495186530858,-4.057273170101055
4808.203,-1.4754951864116688,-4.057273169253306
4808.223,-1.475495186254339,-4.057273168366558
4808.243,-1.4754951860836765,-4.0572731674760645
4808.263,-1.4754951859105512,-4.057273166596751
4808.283,-1.4754951857396388,-4.057273165734661
4808.303,-1.4754951855728753,-4.057273164891961
4808.323,-1.4754951854109877,-4.057273164069134
4808.343,-1.475495185254178,-4.057273163265943
4808.363,-1.475495185102416,-4.057273162481851
4808.383,-1.4754951849555793,-4.057273161716209
4808.403,-1.4754951848135056,-4.05727316096833
4808.423,-1.4754951846760211,-4.05727316023753
4808.443,-1.4754951845429505,-4.057273159523143
4808.463,-1.4754951844141213,-4.05727315882452
4808.483,-1.4754951842893667,-4.057273158141039
4808.503,-1.4754951841685262,-4.0572731574721015
4808.523,-1.4754951840514445,-4.057273156817129
4808.543,-1.4754951839379724,-4.057273156175569
4808.563,-1.4754951838279673,-4.0572731555468895
4808.583,-1.4754951837212908,-4.057273154930579
4808.603,-1.4754951836178112,-4.057273154326147
4808.623,-1.475495183517402,-4.0572731537331235
4808.643,-1.4754951834199417,-4.057273153151057
4808.663,-1.4754951833253132,-4.057273152579511
4808.683,-1.4754951832334047,-4.0572731520180705
4808.703,-1.4754951831441083,-4.057273151466334
4808.723,-1.4754951830573195,-4.0572731509239155
4808.743,-1.4754951829729392,-4.057273150390446
4808.763,-1.4754951828908731,-4.057273149865573
4808.783,-1.475495182811028,-4.057273149348953
4808.803,-1.4754951827333158,-4.057273148840259
4808.823,-1.475495182657653,-4.057273148339178
4808.843,-1.4754951825839573,-4.0572731478454065
4808.863,-1.4754951825121512,-4.057273147358656
4808.883,-1.4754951824421596,-4.057273146878647
4808.903,-1.475495182373911,-4.057273146405114
4808.923,-1.4754951823073355,-4.057273145937798
4808.943,-1.4754951822423672,-4.0572731454764535
4808.963,-1.475495182178943,-4.057273145020845
4808.983,-1.475495182117001,-4.057273144570743
4809.003,-1.4754951820564821,-4.05727314412593
4809.023,-1.4754951819973305,-4.057273143686197
4809.043,-1.4754951819394915,-4.057273143251341
4809.063,-1.4754951818829134,-4.0572731428211695
4809.083,-1.4754951818275461,-4.057273142395497
4809.103,-1.475495181773342,-4.057273141974145
4809.123,-1.4754951817202542,-4.057273141556942
4809.143,-1.475495181668239,-4.057273141143723
4809.163,-1.4754951816172541,-4.057273140734331
4809.183,-1.4754951815672577,-4.057273140328614
4809.203,-1.4754951815182114,-4.0572731399264255
4809.223,-1.475495181470077,-4.057273139527626
4809.243,-1.4754951814228188,-4.057273139132082
4809.263,-1.4754951813764021,-4.057273138739664
4809.283,-1.4754951813307928,-4.057273138350246
4809.303,-1.4754951812859598,-4.057273137963713
4809.323,-1.4754951812418717,-4.057273137579947
4809.343,-1.475495181198499,-4.05727313719884
4809.363,-1.4727323666478351,-4.0594381643504995
4809.383,-1.467245577872074,-4.063718595569498
4809.403,-1.463165080710568,-4.0660588435984195
4809.423,-1.4599772602853538,-4.067593247799458
4809.443,-1.4568922554670471,-4.069059713326902
4809.463,-1.4538696853379993,-4.070706877909975
4809.483,-1.4510551830160006,-4.072595869078772
4809.503,-1.4481724595673156,-4.0743817766261
4809.523,-1.4451599188257145,-4.076114640538098
4809.543,-1.4422264673736778,-4.077966947535356
4809.563,-1.4394295520672207,-4.07998127476305
4809.583,-1.4366336052188406,-4.0819377567434625
4809.603,-1.4339607291676382,-4.084011555436352
4809.623,-1.4313750547894766,-4.086158872743595
4809.643,-1.4288181272241158,-4.08828534881046
4809.663,-1.42633443910347,-4.0904736162248465
4809.683,-1.4239200743582834,-4.09268872767188
4809.703,-1.4215609777968319,-4.094922645611587
4809.723,-1.4192567650119412,-4.097172178641301
4809.743,-1.416988054376902,-4.0994150949602925
4809.763,-1.4147763711242871,-4.101675859781302
4809.783,-1.4129106278462715,-4.103368376597799
4809.803,-1.4115174780699733,-4.103859844105287
4809.823,-1.4115149109791827,-4.103999397691976
4809.843,-1.4115136371087051,-4.103999311698052
4809.863,-1.411509900084008,-4.104006489778577
4809.883,-1.4115123400395118,-4.104006336606536
4809.903,-1.411512691389629,-4.10400712310653
4809.923,-1.411545073519157,-4.104014424319664
4809.943,-1.4115415349346474,-4.104023375927449
4809.963,-1.4115394363324214,-4.104029256124429
4809.983,-1.4115335200768475,-4.104032490460741
4810.003,-1.4115336003627672,-4.104031491944178
4810.023,-1.4115271016726412,-4.104042222760636
4810.043,-1.4115235873696033,-4.104036232328997
4810.063,-1.4115233315691316,-4.10403606105081
4810.083,-1.4115237702622587,-4.104035478477041
4810.103,-1.4115249852989198,-4.10403510048618
4810.123,-1.411525318551546,-4.104036043619955
4810.143,-1.4115208479377392,-4.104049366460081
4810.163,-1.411520875828596,-4.104045591616989
4810.183,-1.4115164032362153,-4.104046470471095
4810.203,-1.4115085274560142,-4.1040405906578945
4810.223,-1.4115102337212104,-4.104040558636288
4810.243,-1.4115104545276422,-4.1040418198309645
4810.263,-1.4115101082506594,-4.1040460713368505
4810.283,-1.4115021095948266,-4.104040117186983
4810.303,-1.4115022648352742,-4.104041709721624
4810.323,-1.410923994442859,-4.105115534967491
4810.343,-1.4095964289991434,-4.106706561337611
4810.363,-1.4088741749732248,-4.107497816171899
4810.383,-1.407606000561321,-4.108965226792317
4810.403,-1.4067340352320914,-4.109852496070602
4810.423,-1.405848522461153,-4.111011334977368
4810.443,-1.4045332834728166,-4.1131432498625
4810.463,-1.402730176741555,-4.115767905447709
4810.483,-1.4013069286347553,-4.117504850769386
4810.503,-1.3998618127137445,-4.1193405458876535
1758191756.7890172,-2.436455892106606,-3.498025301665369
4810.523,-2.4341556935307653,-3.4978309673302235
4810.543,-2.431187564982485,-3.4977370341150307
4810.563,-2.4287150998321643,-3.4975673765017494
4810.583,-2.4265715934128966,-3.4975282721928678
4810.603,-2.42466531827132,-3.497437106625874
4810.623,-2.4230444795314408,-3.4972689196823343
4810.643,-2.4210602379876622,-3.4973174610839552
4810.663,-2.419135957007151,-3.497345250088098
4810.683,-2.4178671844103543,-3.497133760531016
4810.703,-2.416751636130054,-3.497130096341383
4810.723,-2.4157025918036115,-3.4973211616671382
4810.743,-2.4142140750098307,-3.4973275465546227
4810.763,-2.4126900143999643,-3.497492833714609
4810.783,-2.4110126273750416,-3.497506914221776
4810.803,-2.4082323034509954,-3.4978626113253273
4810.823,-2.4056872586726583,-3.4979954127887893
4810.843,-2.4017335170549936,-3.4984662998795053
4810.863,-2.3996460967215905,-3.4986292343958545
4810.883,-2.3976986922631607,-3.4990408248015994
4810.903,-2.3956940016149324,-3.4992266496193034
4810.923,-2.390812714423333,-3.500294048188903
4810.943,-2.3892045613049664,-3.500502820887469
4810.963,-2.382603179745306,-3.5018689392442335
4810.983,-2.379474889889132,-3.5024798310604752
4811.003,-2.3765467858241167,-3.5028833432784228
4811.023,-2.3725831897524277,-3.504504311411953
4811.043,-2.3695218748092386,-3.505065335577041
4811.063,-2.3664595394594854,-3.5056632657295914
4811.083,-2.3633022818727443,-3.507400544097957
4811.103,-2.3600940665832733,-3.508229541101425
4811.123,-2.3559678839309584,-3.5088038704191162
4811.143,-2.3514015558245007,-3.5123711118092458
4811.163,-2.347512880015422,-3.513428752969235
4811.183,-2.3450014700131057,-3.514402379405872
4811.203,-2.343830956250781,-3.514875076475697
4811.223,-2.3434395674604587,-3.5150444699193644
4811.243,-2.342753229623143,-3.5150755911566978
4811.263,-2.3423350027633676,-3.5152469861663773
4811.283,-2.341572013157018,-3.5155270727038173
4811.303,-2.3411434107832267,-3.515977761373537
4811.323,-2.3401857379521362,-3.5163567413884262
4811.343,-2.339751817890268,-3.5165767734017432
4811.363,-2.3384706733088225,-3.5170629255882324
4811.383,-2.3372799243464715,-3.5174734674772092
4811.403,-2.3359934526438346,-3.517996127932439
4811.423,-2.334409440353576,-3.5184734238129316
4811.443,-2.332766568084069,-3.5195427679078017
4811.463,-2.331235913848392,-3.520397861138295
4811.483,-2.329863978968914,-3.5208506181039194
4811.503,-2.3285406321717783,-3.5216637575846055
4811.523,-2.327241928617154,-3.522201157109088
4811.543,-2.325650364423214,-3.5231023149549436
4811.563,-2.3240333051656705,-3.523745762258945
4811.583,-2.322177745577018,-3.5246986619067395
4811.603,-2.3199707133580194,-3.5257475176691204
4811.623,-2.3174342171079805,-3.5274470068982566
4811.643,-2.3142047638815,-3.529243123783835
4811.663,-2.31315197884949,-3.5299339643027494
4811.683,-2.3121014193613436,-3.5300039044273968
4811.703,-2.3106121342564347,-3.530246923642837
4811.723,-2.3093363082765603,-3.5303392588174014
4811.743,-2.3075594563680313,-3.5292355164077396
4811.763,-2.3056115303703235,-3.527948972673657
4811.783,-2.3041277901370294,-3.5257149095662235
4811.803,-2.302641107507732,-3.523411258626935
4811.823,-2.301209262444057,-3.52103781307165
4811.843,-2.299603335120837,-3.518595322779214
4811.863,-2.2982673106601874,-3.516142091694732
4811.883,-2.2971575162508384,-3.5136808505352386
4811.903,-2.2987706786911732,-3.5115451692172726
4811.923,-2.3001806882559594,-3.5094169435702662
4811.943,-2.301751387178384,-3.5078333434051867
4811.963,-2.3026351794333584,-3.506024030987393
4811.983,-2.303228170685439,-3.5041443993102863
4812.003,-2.3047897624882947,-3.502626917284201
4812.023,-2.3064086403645807,-3.5009271018577452
4812.043,-2.308197992876421,-3.4989053110305055
4812.063,-2.3098262040900566,-3.496871182602358
4812.083,-2.3113915322396066,-3.4950414680609136
4812.103,-2.312101404123335,-3.4930263019908576
4812.123,-2.3137675870629013,-3.4914184487164865
4812.143,-2.315427897527111,-3.489608319641645
4812.163,-2.3171757606175483,-3.48765868429915
4812.183,-2.3179005803087454,-3.4857921399332916
4812.203,-2.319465293049407,-3.4843050650080682
4812.223,-2.32124030100888,-3.482401141112787
4812.243,-2.322930234194088,-3.480683966422855
4812.263,-2.323757275372729,-3.478790820238022
4812.283,-2.325562077670569,-3.4770764631390754
4812.303,-2.327332758924287,-3.475224259984175
4812.323,-2.329037637306124,-3.47339459357143
4812.343,-2.330875530529752,-3.471877272113891
4812.363,-2.332639627600608,-3.4700288055216464
4812.383,-2.334455077826976,-3.4685589586132832
4812.403,-2.3362435817639313,-3.4669407578552702
4812.423,-2.337816274682699,-3.465311242016958
4812.443,-2.339627197967561,-3.46378350575885
4812.463,-2.3413832117541755,-3.4623436791486792
4812.483,-2.3432311031151776,-3.4606932538227815
4812.503,-2.3449826090755215,-3.4589260965653867
4812.523,-2.3458912882748653,-3.457341553826534
4812.543,-2.347651203649361,-3.456136438634998
4812.563,-2.3494258198538134,-3.454742212758441
4812.583,-2.3499676766170294,-3.4528260373909654
4812.603,-2.349627067796398,-3.450221752541723
4812.623,-2.3489817502261903,-3.447282404068369
4812.643,-2.348827603621238,-3.4445492938701663
4812.663,-2.3485494247068632,-3.4418605611250697
4812.683,-2.3484292576290975,-3.4390872223935127
4812.703,-2.3484788581912466,-3.4363882256372658
4812.723,-2.348577024603113,-3.433690469319124
4812.743,-2.34872372566604,-3.4309949105037223
4812.763,-2.348918914186393,-3.4283024216802973
4812.783,-2.3491625270288723,-3.425613873716674
4812.803,-2.3458906191247952,-3.4225459162856233
4812.823,-2.3400430592371193,-3.4194894816428953
4812.843,-2.33269372833549,-3.4169973515216383
4812.863,-2.323820004909074,-3.415071059480211
4812.883,-2.313939587278969,-3.4135261705018682
4812.903,-2.3040595739840537,-3.411979439457032
4812.923,-2.293716414205141,-3.4103267503771932
4812.943,-2.2838468829145055,-3.4087838292147166
4812.963,-2.273775523536564,-3.4071758816976687
4812.983,-2.2638982239432917,-3.405619794154705
4813.003,-2.254019232078245,-3.4040703844452955
4813.023,-2.2441403090836314,-3.402521919470799
4813.043,-2.2342613870425083,-3.4009734622638947
4813.063,-2.224382464918095,-3.3994250022152053
4813.083,-2.214503542664746,-3.3978765393023043
4813.103,-2.2046246202409803,-3.396328075719816
4813.123,-2.1947456976393505,-3.3947796093565885
4813.143,-2.1848667748436634,-3.393231140241537
4813.163,-2.174987852343579,-3.391682668068065
4813.183,-2.1651089296372725,-3.390134193176735
4813.203,-2.1552300063876135,-3.3885857172245006
4813.223,-2.1453510829447184,-3.387037238559567
4813.243,-2.13547215932249,-3.38548875717485
4813.263,-2.125593236040087,-3.3839402727304804
4813.283,-2.115714312624307,-3.382391785536709
4813.303,-2.105835389106579,-3.38084329557237
4813.323,-2.095956465508034,-3.3792948049615865
4813.343,-2.0860775418818336,-3.3777463115282442
4813.363,-2.076198618767876,-3.376197814915409
4813.383,-2.0663196957151753,-3.3746493154204638
4813.403,-2.0564407727715115,-3.373100813012523
4813.423,-2.0465618499885556,-3.37155230766132
4813.443,-2.036682927915617,-3.370003799009752
4813.463,-2.02680400610892,-3.3684552873579303
4813.483,-2.0169250846080833,-3.3669067748294137
4813.503,-2.0070461634804317,-3.3653582592531825
4813.523,-1.998640631109019,-3.3640177739842403
4813.543,-1.992117272856605,-3.362847687282338
4813.563,-1.9877022597049316,-3.362152667514584
4813.583,-1.9842058982107977,-3.362256925934353
4813.603,-1.9816635565757155,-3.3631573629380678
4813.623,-1.9799064383748628,-3.3647116717126733
4813.643,-1.978951611738851,-3.366907560927635
4813.663,-1.9786432926224997,-3.3695919456151664
4813.683,-1.978384399823337,-3.3722790541018615
4813.703,-1.9781739196166774,-3.3749703687438806
4813.723,-1.9780119063677226,-3.377665043146968
4813.743,-1.9778984130462347,-3.380362205813947
4813.763,-1.9778334768083006,-3.3830609840825105
4813.783,-1.9778171187527196,-3.3857605047323265
4813.803,-1.9778493449300836,-3.3884598940039803
4813.823,-1.977930145728519,-3.3911582782980707
4813.843,-1.9780594959161724,-3.393854783808578
4813.863,-1.9782373538946725,-3.396548537621731
4813.883,-1.9784636628345393,-3.3992386671305583
4813.903,-1.9787383499253823,-3.401924301271857
4813.923,-1.979061327110195,-3.4046045698265983
4813.943,-1.9794324906125988,-3.407278604264608
4813.963,-1.9798517206550554,-3.4099455380083055
4813.983,-1.9803188822019746,-3.412604506752588
4814.003,-1.9808338242315673,-3.415254648558114
4814.023,-1.9813963812547475,-3.4178951039935113
4814.043,-1.9820063712105027,-3.420525017044455
4814.063,-1.9826635964287997,-3.4231435351259902
4814.083,-1.983367845276808,-3.4257498088751825
4814.103,-1.9841188894550634,-3.428342992994919
4814.123,-1.9849164860937034,-3.430922246609951
4814.143,-1.9823543627735234,-3.4346038219142923
4814.163,-1.977270686076659,-3.4388096735824867
4814.183,-1.970600677263106,-3.4427760164743315
4814.203,-1.962321937253781,-3.446505965281784
4814.223,-1.9529789792291408,-3.450071697898824
4814.243,-1.9436366802220364,-3.4536397132548236
4814.263,-1.9339010530918288,-3.4576929667112615
4814.283,-1.9245848826238448,-3.46131313680405
4814.303,-1.9152432352790318,-3.464882106205448
4814.323,-1.905903244639596,-3.4684545018051156
4814.343,-1.8965628223415423,-3.4720263645663354
4814.363,-1.8872224852366122,-3.475598372638381
4814.383,-1.8778822294371798,-3.479170481890296
4814.403,-1.8685420522239966,-3.4827425871869693
4814.423,-1.8592033333657945,-3.4863176374125207
4814.443,-1.8498647539892705,-3.489892993325185
4814.463,-1.840526179950992,-3.493468364005129
4814.483,-1.831187609295055,-3.497043744939334
4814.503,-1.8218490427071676,-3.500619138086389
4814.523,-1.8125104788659907,-3.5041945410691993
4814.543,-1.8031719190992441,-3.5077699561478832
4814.563,-1.7938333634226937,-3.5113453832714225
4814.583,-1.7844948111380834,-3.514920820043637
4814.603,-1.7751562624054382,-3.51849626880143
4814.623,-1.765817717859666,-3.5220717294711013
4814.643,-1.7564791775447588,-3.525647202014095
4814.663,-1.7471406407876675,-3.5292226840446044
4814.683,-1.7378021083656696,-3.5327981778757125
4814.703,-1.7284635803368626,-3.536373683472494
4814.723,-1.7191250561667015,-3.5399492008327322
4814.743,-1.709786536511298,-3.5435247298904504
4814.763,-1.7004480207101267,-3.5471002682625854
4814.783,-1.691109509548578,-3.550675818263061
4814.803,-1.681771003088797,-3.55425137985594
4814.823,-1.6739062548277455,-3.557968701447203
4814.843,-1.6675907061500492,-3.561083254663514
4814.863,-1.663069144435085,-3.5635425031653893
4814.883,-1.6601381808803537,-3.5654024755245444
4814.903,-1.6581757787935698,-3.5674164843947493
4814.923,-1.6571816754203956,-3.5696008152421594
4814.943,-1.6571879022335898,-3.5719424097254757
4814.963,-1.6581619377029975,-3.5743740675120406
4814.983,-1.6592639385967969,-3.576844927284452
4815.003,-1.6604042719957481,-3.5792821662474457
4815.023,-1.6615864999731742,-3.5817129025581145
4815.043,-1.6627794281792272,-3.584116380571599
4815.063,-1.6640531804194405,-3.5864965040945975
4815.083,-1.6653692989628128,-3.588853690437737
4815.103,-1.6667276303254555,-3.591186816685567
4815.123,-1.668127737398791,-3.593495121644994
4815.143,-1.6695691667141255,-3.595777856652051
4815.163,-1.6710514506329712,-3.598034281470417
4815.183,-1.6725741088336386,-3.600263664260353
4815.203,-1.6741366483024844,-3.6024652814890517
4815.223,-1.6757385622379015,-3.6046384197535613
4815.243,-1.6773793313514223,-3.606782374254125
4815.263,-1.6790378786014655,-3.60889458803474
4815.283,-1.6807172310618534,-3.610996432407294
4815.303,-1.6797196246396255,-3.6153866682432523
4815.323,-1.6765925749089563,-3.6212106260589128
4815.343,-1.6719065016147467,-3.6274146592960097
4815.363,-1.6656416516231547,-3.634009877915688
4815.383,-1.6583484118639606,-3.640852303369844
4815.403,-1.651056326220144,-3.6476967414837054
4815.423,-1.643051378541964,-3.654633808001576
4815.443,-1.6356151796449907,-3.6616020074907603
4815.463,-1.628326172970585,-3.6684056908617633
4815.483,-1.621012140631674,-3.6752430155244897
4815.503,-1.6136976799445253,-3.68207999565974
4815.523,-1.6063827278085114,-3.688916542155037
4815.543,-1.5990673074276505,-3.6957526332218094
4815.563,-1.5917514417533267,-3.7025882666507
4815.583,-1.5844351455621453,-3.709423444015158
4815.603,-1.577118424898582,-3.716258162880095
4815.623,-1.5698012840161344,-3.723092421579722
4815.643,-1.5625004383723573,-3.7299255059975973
4815.663,-1.5551995561477188,-3.736758546725601
4815.683,-1.5478986634402632,-3.7435915750051354
4815.703,-1.5405977605071803,-3.75042459121628
4815.723,-1.5332968474169015,-3.7572575955047305
4815.743,-1.5259959241202408,-3.7640905879166726
4815.763,-1.5186949902156708,-3.7709235689885
4815.783,-1.51139104560697,-3.777753588759393
4815.803,-1.5040899901315543,-3.7845864452857714
4815.823,-1.4967875129756292,-3.791415305942774
4815.843,-1.4894771462135976,-3.798241976823489
4815.863,-1.4821779577592555,-3.805071194446011
4815.883,-1.4748596943836152,-3.811903521310399
4815.903,-1.4675411325558623,-3.818735575099149
4815.923,-1.4602222013612949,-3.8255672372225793
4815.943,-1.452902889380831,-3.832398493036267
4815.963,-1.445583195108151,-3.839229340498436
4815.983,-1.4382631181115126,-3.846059779829221
4816.003,-1.430942658840102,-3.8528898105067286
4816.023,-1.4236218157118445,-3.859719430961912
4816.043,-1.4163005905396042,-3.866548642768803
4816.063,-1.40897898348835,-3.8733774459835373
4816.083,-1.4016737635698808,-3.8802059372910698
4816.103,-1.39436853589842,-3.8870343299924985
4816.123,-1.3870632541939907,-3.893862654964176
4816.143,-1.379758017544329,-3.900691041970091
4816.163,-1.372452770575843,-3.9075194190505305
4816.183,-1.3651475109798081,-3.914347783886653
1758191764.278616,-1.7423557642755274,-4.075389861209105
4816.203,-1.7323591516405743,-4.07563711381663
4816.223,-1.7223625379405778,-4.0758843513262155
4816.243,-1.712365923174291,-4.076131573658005
4816.263,-1.702369307130693,-4.076378778503236
4816.283,-1.6923726900585214,-4.076625968145888
4816.303,-1.6823760719889616,-4.076873142567736
4816.323,-1.6723794529658909,-4.077120301821483
4816.343,-1.6623828327929735,-4.0773674434361205
4816.363,-1.6523862117613537,-4.077614569831832
4816.383,-1.6423895899209562,-4.0778616809060955
4816.403,-1.6323929671055455,-4.078108774330846
4816.423,-1.622396343608926,-4.078355852374052
4816.443,-1.6123997195000976,-4.078602915004996
4816.463,-1.6024030948603296,-4.078849962267277
4816.483,-1.5924064695226996,-4.079096991684345
4816.503,-1.5824098438065928,-4.079344005674214
4816.523,-1.5724132177816335,-4.079591004135666
4816.543,-1.562416591526601,-4.079837987043597
4816.563,-1.5524199648909023,-4.080084952076907
4816.583,-1.5424101017008303,-4.080320114348883
4816.603,-1.5324002916423278,-4.080555806499407
4816.623,-1.5223905367864148,-4.080791140897386
4816.643,-1.5123808086769173,-4.081025957326429
4816.663,-1.5036190512672933,-4.080931556906808
4816.683,-1.496394416067123,-4.0807315089423595
4816.703,-1.4909962296805541,-4.080425583828049
4816.723,-1.4870381294584545,-4.080061391426041
4816.743,-1.4836633961045995,-4.079258047770013
4816.763,-1.4808840818907356,-4.078218859322869
4816.783,-1.4785599522234147,-4.076590735772477
4816.803,-1.4768171873095237,-4.074535452261003
4816.823,-1.4757445542825067,-4.072128156073902
4816.843,-1.475386221602933,-4.069291336362261
4816.863,-1.4752430243268377,-4.06641125218832
4816.883,-1.475002439332517,-4.0635370687073955
4816.903,-1.4749311165550025,-4.060632484196339
4816.923,-1.471464707343058,-4.057428655932261
4816.943,-1.4656539858510407,-4.054358068352396
4816.963,-1.458341657734896,-4.0518518098065055
4816.983,-1.4495052318930566,-4.049911003540634
4817.003,-1.4396245593654617,-4.048366505037987
4817.023,-1.4297447159846741,-4.0468194702660165
4817.043,-1.4191977343932352,-4.045602160046272
4817.063,-1.40923695600927,-4.044145974471581
4817.083,-1.3993546323295163,-4.04263293314266
4817.103,-1.389474654324889,-4.041101052020668
4817.123,-1.37954544086446,-4.039599125349948
4817.143,-1.3696493565680472,-4.038079793541328
4817.163,-1.3597674015661072,-4.0365500748149925
4817.183,-1.349885443044138,-4.035020377541016
4817.203,-1.3400034826389051,-4.033490696123626
4817.223,-1.3300938568175087,-4.031972188221864
4817.243,-1.3201974593130457,-4.0304530691063905
4817.263,-1.3102884549623857,-4.028931610520817
4817.283,-1.3004074945228445,-4.027412933505515
4817.303,-1.290525504188454,-4.0258810274989925
4817.323,-1.280626211352559,-4.024365816486905
4817.343,-1.270750445579396,-4.022839945888856
4817.363,-1.2608682444313244,-4.021312330075591
4817.383,-1.2509858986888607,-4.01978516756131
4817.403,-1.2411035497016962,-4.018258022361077
4817.423,-1.2312211980289012,-4.016730893484813
4817.443,-1.2213388448015334,-4.015203778579144
4817.463,-1.2114552287736176,-4.0136746565537615
4817.483,-1.2015728477079717,-4.012144094260483
4817.503,-1.1916905106127549,-4.0106168677414775
4817.523,-1.181808169210675,-4.009089667154068
4817.543,-1.171925825222238,-4.007562482757133
4817.563,-1.16204347862574,-4.006035311900703
4817.583,-1.1521611287522069,-4.004508156815194
4817.603,-1.1422787761309978,-4.002981015198431
4817.623,-1.1323964207004515,-4.0014538893730105
4817.643,-1.122514062445766,-3.9999267768243265
4817.663,-1.1126317007242492,-3.99839967980648
4817.683,-1.1027493366891012,-3.9968725961191405
4817.703,-1.0928669691367412,-3.9953455278753185
4817.723,-1.082984598631508,-3.9938184751908654
4817.743,-1.0731022251988225,-3.99229143557738
4817.763,-1.0632198482375073,-3.9907644113143745
4817.783,-1.0533374683173273,-3.989237402603703
4817.803,-1.0434550855101319,-3.9877104068987004
4817.823,-1.0335726992383347,-3.986183426491417
4817.843,-1.023690310147529,-3.9846564590666773
4817.863,-1.01380791825224,-3.983129507075414
4817.883,-1.0039255230298803,-3.981602570363048
4817.903,-0.9940431251156016,-3.9800756490809106
4817.923,-0.9841607246063298,-3.9785487407741784
4817.943,-0.9742783209658125,-3.977021847752889
4817.963,-0.9643959148474675,-3.9754949701752653
4817.983,-0.9545135063418325,-3.9739681056638636
4818.003,-0.9446310955220056,-3.972441256613227
4818.023,-0.9347486818966076,-3.9709144228815787
4818.043,-0.924866266160685,-3.9693876021739665
4818.063,-0.9149838483714502,-3.967860796958304
4818.083,-0.9050998711669794,-3.9663338291784904
4818.103,-0.8952190206473576,-3.964798984035474
4818.123,-0.8853370857262813,-3.96327071516438
4818.143,-0.8754551301090938,-3.9617418961945674
4818.163,-0.8655731249376414,-3.960212836331186
4818.183,-0.8556910962183075,-3.958683637983688
4818.203,-0.8458090671899501,-3.957154340073056
4818.223,-0.8359270558808186,-3.955624966496905
4818.243,-0.8260450759413064,-3.9540955278671808
4818.263,-0.816160018295096,-3.9525756655478705
4818.283,-0.8062434172793258,-3.9510704126378267
4818.303,-0.7963392100566367,-3.949554916787226
4818.323,-0.7864538755262946,-3.9480383897680564
4818.343,-0.7765370408156244,-3.9465353378764885
4818.363,-0.7666320728918162,-3.9450222950387874
4818.383,-0.756747229988117,-3.9435098569291194
4818.403,-0.746863415648736,-3.941998393450166
4818.423,-0.7369802561548013,-3.9404764716941356
4818.443,-0.7270970936855625,-3.938954569600077
4818.463,-0.7172139299457069,-3.9374326810313605
4818.483,-0.7073285118665683,-3.935909303231541
4818.503,-0.6974489778665984,-3.9343897026228802
4818.523,-0.6875593107617423,-3.932864007512994
4818.543,-0.6776791686222243,-3.931364731688331
4818.563,-0.6677964282895071,-3.9298361116424205
4818.583,-0.6579139211439036,-3.9283092590647697
4818.603,-0.6480305626218142,-3.9267809836843677
4818.623,-0.6381474820459199,-3.9252587608300105
4818.643,-0.6282643479621176,-3.9237367024630565
4818.663,-0.6183812119441388,-3.9222146596079335
4818.683,-0.6084980732503642,-3.9206926329796232
4818.703,-0.598614932407354,-3.9191706201634093
4818.723,-0.5887018507523523,-3.917659662116825
4818.743,-0.5788190428411382,-3.9161379395135203
4818.763,-0.5689357393672194,-3.9146169788365963
4818.783,-0.5590524326842673,-3.9130960366723553
4818.803,-0.549169123440504,-3.911575108169313
4818.823,-0.5392858115469049,-3.9100541956616133
4818.843,-0.5294024969692158,-3.9085332966188284
4818.863,-0.519519179027205,-3.9070124133521666
4818.883,-0.509635858294324,-3.9054915434219017
4818.903,-0.5009099337611832,-3.9045978328301434
4818.923,-0.49374816965757196,-3.9040216270541395
4818.943,-0.4883833025165014,-3.9036569651963244
4818.963,-0.48448495576170914,-3.9035516385155073
4818.983,-0.4811710790489415,-3.9038665034252102
4819.003,-0.478596750578123,-3.9048365888808125
4819.023,-0.4767144023342409,-3.9063917691612566
4819.043,-0.47544740323518564,-3.908423326029113
4819.063,-0.4749176059284267,-3.910951546595781
4819.083,-0.47497802646133097,-3.913869087358707
4819.103,-0.47477670466376853,-3.9165543844299804
4819.123,-0.4746232362195753,-3.919251179615078
4819.143,-0.4745187376669245,-3.9219496058862133
4819.163,-0.4744612088024694,-3.924646011244533
4819.183,-0.4744130122237549,-3.9273347850998266
4819.203,-0.47445412387482105,-3.930034714698734
4819.223,-0.4745420787210342,-3.9327298541323805
4819.243,-0.4746394450316166,-3.9354156678592527
4819.263,-0.47482605744351564,-3.938109302022362
4819.283,-0.4750592442844514,-3.9407954987565654
4819.303,-0.4753017663321215,-3.9434707248496355
4819.323,-0.4720490269073709,-3.9465824343992493
4819.343,-0.46622890623927354,-3.9497156033053087
4819.363,-0.45889877556424774,-3.952305770189432
4819.383,-0.45003600140241856,-3.9543513662602896
4819.403,-0.44017841350618714,-3.9560356376908885
4819.423,-0.4303206374931559,-3.957722181386901
4819.443,-0.4198775043809664,-3.9591566068366717
4819.463,-0.40998886173192495,-3.9608714191560277
4819.483,-0.40011147347185716,-3.962534116435439
4819.503,-0.3902566364453791,-3.964219538788718
4819.523,-0.3803988741675518,-3.9658980523023004
4819.543,-0.37054111373853177,-3.9675765451755254
4819.563,-0.3606833506419802,-3.969255023923756
4819.583,-0.35082558515261825,-3.9709334909138896
4819.603,-0.3409678170174752,-3.9726119438505894
4819.623,-0.33111004622290946,-3.9742903825890576
4819.643,-0.3212522728688649,-3.975968807256368
4819.663,-0.31139449645165,-3.9776472180621942
4819.683,-0.30153671757250855,-3.979325614764987
4819.703,-0.2916789362277985,-3.9810039972077096
4819.723,-0.2818211525277187,-3.982682365508623
4819.743,-0.271963366526174,-3.984360719648275
4819.763,-0.2621055777274035,-3.986039059832274
4819.783,-0.25224778668224196,-3.987717385681305
4819.803,-0.24238999350313328,-3.9893956973187428
4819.823,-0.23253219824385724,-3.991073994733367
4819.843,-0.222674400958755,-3.992752277917423
4819.863,-0.21281660164254967,-3.9944305467297716
4819.883,-0.20295879984966717,-3.9961088015342976
4819.903,-0.19310099646785092,-3.997787044408536
4819.923,-0.183243191252402,-3.9994652730697373
4819.943,-0.17338538424295383,-4.001143487536338
4819.963,-0.16352729289504164,-4.0028135053044505
4819.983,-0.15366943516974146,-4.0044914832141405
4820.003,-0.1438115882398781,-4.006169458305784
4820.023,-0.13395373962010576,-4.007847418584613
4820.043,-0.1251134797047338,-4.008613237165537
4820.063,-0.11812094483590435,-4.009136092157503
4820.083,-0.11280403441652419,-4.009451757448868
4820.103,-0.10900616090843428,-4.009554880288696
4820.123,-0.10582517631922021,-4.009122021755054
4820.143,-0.10326268263155422,-4.008180314451745
4820.163,-0.10119989806229661,-4.006542634735202
4820.183,-0.09958222786207162,-4.004349606917683
4820.203,-0.09847745133102366,-4.001793454980936
4820.223,-0.097778449153002,-3.998938759826769
4820.243,-0.09733060332724722,-3.9960853379130947
4820.263,-0.0969254472837809,-3.9932751989651445
4820.283,-0.09680179891962334,-3.9905790915467345
4820.303,-0.096726590368483,-3.987880362293266
4820.323,-0.09669996807924411,-3.985180712054824
4820.343,-0.09672194106550051,-3.9824810226346883
4820.363,-0.09679250275581952,-3.97978216887714
4820.383,-0.09691074875659705,-3.977085308494385
4820.403,-0.09703761299040567,-3.974398383159557
4820.423,-0.09725438874274707,-3.971706607445335
4820.443,-0.09391318379246254,-3.9686723926474388
4820.463,-0.08801476490012283,-3.965685446756449
4820.483,-0.0806201926192564,-3.9632785668593353
4820.503,-0.07170702586773359,-3.9614538933025525
4820.523,-0.06181083801613705,-3.9600139356334374
4820.543,-0.05191466546203758,-3.958571802576622
4820.563,-0.04139791104905394,-3.9574474744432098
4820.583,-0.03152645126051841,-3.9560560046628304
4820.603,-0.021555747268005007,-3.9546608195470028
4820.623,-0.011659226015082026,-3.953222379137961
4820.643,-0.0017639523384057193,-3.951800856931703
4820.663,0.008132205008785844,-3.9503620526105356
4820.683,0.018028529409029617,-3.948933925378202
4820.703,0.027924316482076533,-3.9475079794201187
4820.723,0.03781970375526973,-3.94608681099008
4820.743,0.047716490340865635,-3.9446563590366517
4820.763,0.05761333621420547,-3.9432261582598462
4820.783,0.06751018464372185,-3.941795976132578
4820.803,0.07740703518556348,-3.940365808115393
4820.823,0.08730388792117358,-3.938935654102573
4820.843,0.09720069754758728,-3.9375060915143876
4820.863,0.10709758603321205,-3.9360756342736405
4820.883,0.11699445116115864,-3.934645554164418
4820.903,0.12689131845659243,-3.933215493978538
4820.923,0.13678818835412962,-3.9317854476512375
4820.943,0.14668506091177008,-3.9303554175338205
4820.963,0.15658193563112163,-3.928925401242254
4820.983,0.16647881371285672,-3.9274954008909213
4821.003,0.176375694066653,-3.926065414246701
4821.023,0.18627257787935605,-3.924635443433898
4821.043,0.19616946404580954,-3.923205486229132
4821.063,0.20606635373714183,-3.921775544766293
4821.083,0.2159632458318011,-3.9203456168313098
4821.103,0.2258601409047228,-3.918915704707655
4821.123,0.23575703897549985,-3.9174858059090316
4821.143,0.24565394000474933,-3.916055922795469
4821.163,0.25555084401211386,-3.9146260529611867
4821.183,0.26544775095838613,-3.9131961988463204
4821.203,0.27534466081183057,-3.9117663604373347
4821.223,0.28524157354985796,-3.9103365352665778
4821.243,0.29513848910898227,-3.9089067257841146
4821.263,0.30503540801312284,-3.907476931845155
4821.283,0.3149323290608415,-3.9060471512712556
4821.303,0.32482925332512724,-3.904617386239387
4821.323,0.3347261795929139,-3.9031876345753536
4821.343,0.3446231083301245,-3.9017578985279
4821.363,0.3545200400528873,-3.9003281780343224
4821.383,0.3644169735343787,-3.898898470924937
4821.403,0.3743139098295201,-3.8974687793835505
4821.423,0.3842108482695401,-3.8960391035588064
4821.443,0.3941223626666605,-3.894622695124787
4821.463,0.404018878367941,-3.893192188366457
4821.483,0.4139508971287617,-3.8917822289475072
4821.503,0.4238481504731583,-3.890351323761362
4821.523,0.43374521847498376,-3.8889204052404582
4821.543,0.44364218928897553,-3.887489539195441
4821.563,0.4535390921296592,-3.886058701135359
4821.583,0.4634359407595774,-3.884627863593085
4821.603,0.4733327410715598,-3.8831970090949675
4821.623,0.4832294919470301,-3.881766125895312
4821.643,0.4931253579628108,-3.880334249431646
4821.663,0.5030229553527725,-3.8789014539735325
4821.683,0.5129193954348289,-3.8774622803881447
4821.703,0.5228148385253328,-3.876030356139596
4821.723,0.5327125051981997,-3.874597648011561
4821.743,0.542608891554848,-3.873157984611395
4821.763,0.5525032047095467,-3.871726437042895
4821.783,0.5624016951495889,-3.8703093127994084
4821.803,0.5722987890405093,-3.868880762673193
1758191771.4229252,-1.8297400779664441,-3.895843807878291
4821.823,-1.8197721004790803,-3.8966391411596195
4821.843,-1.8098041253878079,-3.8974344909898946
4821.863,-1.7998387848362307,-3.8982419967736504
4821.883,-1.7898284717270958,-3.8990685531748115
4821.903,-1.7798624547310675,-3.899869198878662
4821.923,-1.7698962346385503,-3.900656312621135
4821.943,-1.759931919070693,-3.901454329209181
4821.963,-1.7499620494680048,-3.9022523433664316
4821.983,-1.7399941863975252,-3.903049021190803
4822.003,-1.730026326016813,-3.9038457697165265
4822.023,-1.720058467474622,-3.9046425330734396
4822.043,-1.710090610074887,-3.9054393107098657
4822.063,-1.700122754276287,-3.9062361048691585
4822.083,-1.6901548994133948,-3.9070329131674457
4822.103,-1.6801855528578369,-3.9078381391107597
4822.123,-1.6702176788157872,-3.90863503671461
4822.143,-1.6602498400772157,-3.9094320628481385
4822.163,-1.6502820028803644,-3.9102291041759267
4822.183,-1.640314166148096,-3.911026161955032
4822.203,-1.6303463304236752,-3.9118232337462233
4822.223,-1.6203784955973275,-3.91262032188341
4822.243,-1.6104106610363542,-3.9134174239281014
4822.263,-1.6004428272422118,-3.914214542229552
4822.283,-1.590474993598016,-3.9150116743557786
4822.303,-1.5805071606230667,-3.915808822587638
4822.323,-1.5705393277169626,-3.9166059845733665
4822.343,-1.5605714954161154,-3.9174031626736787
4822.363,-1.5506036631397617,-3.918200354467299
4822.383,-1.5406358314431883,-3.9189975623195594
4822.403,-1.5306679997645634,-3.9197947838134564
4822.423,-1.5207001686780515,-3.920592021318243
4822.443,-1.5107323382028097,-3.9213892748127606
4822.463,-1.5007645078063112,-3.9221865418849937
4822.483,-1.4907966780876354,-3.922983824908976
4822.503,-1.48082884853096,-3.923781121475326
4822.523,-1.4708610197522027,-3.924578433885903
4822.543,-1.4608931918115944,-3.9253757622001078
4822.563,-1.4509253642125248,-3.926173104011565
4822.583,-1.440957537590783,-3.9269704616989487
4822.603,-1.4309897120227948,-3.9277678352494
4822.623,-1.4210218870283873,-3.928565222258143
4822.643,-1.4110540632537563,-3.9293626251053917
4822.663,-1.401086240786789,-3.93016004377926
4822.683,-1.3911184191524903,-3.930957475875947
4822.703,-1.3811178959773547,-3.9317984314874823
4822.723,-1.3711501241050756,-3.9325987335372794
4822.743,-1.3611827575980848,-3.933401581022242
4822.763,-1.3512154670961365,-3.934204407331513
4822.783,-1.3412481189340788,-3.9350069412161943
4822.803,-1.3312807383970826,-3.9358093479680587
4822.823,-1.3213133440618163,-3.9366117253578308
4822.843,-1.3113459487663097,-3.9374141365925794
4822.863,-1.3013785618327478,-3.9382166241946686
4822.883,-1.291397933514008,-3.9390376490857344
4822.903,-1.2814100764230432,-3.939862436437114
4822.923,-1.27144355599391,-3.940669712729447
4822.943,-1.2614715487757033,-3.941474571483974
4822.963,-1.2527040427486245,-3.942614468490144
4822.983,-1.2454278005051749,-3.9438053814532794
4823.003,-1.2399823606375746,-3.9445608168749016
4823.023,-1.2361177941279504,-3.9452873535787725
4823.043,-1.2329588913099265,-3.9463460394715546
4823.063,-1.2305964614082996,-3.947862746305956
4823.083,-1.228826592981042,-3.9497971414194804
4823.103,-1.2280824288888779,-3.95206588630795
4823.123,-1.2281543587103376,-3.9546445933503285
4823.143,-1.2288537847330159,-3.9574564734128446
4823.163,-1.2295360218126907,-3.9602323698365924
4823.183,-1.2300025455243409,-3.962880049865213
4823.203,-1.2305249998531052,-3.965528490017388
4823.223,-1.2310951235323357,-3.9681672912245
4823.243,-1.231712649619769,-3.970795396517785
4823.263,-1.232377376658548,-3.9734119526045943
4823.283,-1.2330890885904817,-3.9760161116620747
4823.303,-1.2338475547828807,-3.9786070298763163
4823.323,-1.234652528742426,-3.981183867756187
4823.343,-1.2355037489147644,-3.9837457905430913
4823.363,-1.2364009388768116,-3.9862919684758396
4823.383,-1.2373438078133054,-3.9888215766749715
4823.403,-1.238332049598001,-3.991333796036257
4823.423,-1.2393653434503349,-3.9938278130649882
4823.443,-1.2404433539458557,-3.9963028202576814
4823.463,-1.2415657318099453,-3.9987580160780034
4823.483,-1.242732113012604,-4.001192605854395
4823.503,-1.2439421191054076,-4.003605801563796
4823.523,-1.245195357827793,-4.0059968221441515
4823.543,-1.2464914232615536,-4.008364893508754
4823.563,-1.2478298946752533,-4.010709249578791
4823.583,-1.2492103388934597,-4.013029131570247
4823.603,-1.2506323085253592,-4.015323788789468
4823.623,-1.2520953433596589,-4.01759247840322
4823.643,-1.2535989690106484,-4.01983446683761
4823.663,-1.2551426990225933,-4.022049028365158
4823.683,-1.2567260329677348,-4.0242354469550365
4823.703,-1.2583484587210807,-4.0263930148759535
4823.723,-1.260009450588129,-4.028521034522283
4823.743,-1.26170847152091,-4.0306188171388175
4823.763,-1.2634449718246274,-4.032685684058223
4823.783,-1.2652183889419615,-4.034720967021639
4823.803,-1.2670281496927516,-4.036724006977765
4823.823,-1.268873668191209,-4.038694156439754
4823.843,-1.2707543479489873,-4.040630777222812
4823.863,-1.272669580386615,-4.042533243219727
4823.883,-1.2746187460346752,-4.044400938689212
4823.903,-1.2766012139875833,-4.046233259488815
4823.923,-1.2786163437723077,-4.048029611954468
4823.943,-1.2806634833894035,-4.049789414811065
4823.963,-1.282741970841023,-4.051512098318399
4823.983,-1.28485113391262,-4.0531971042438375
4824.003,-1.2869902902228327,-4.054843887327034
4824.023,-1.2891587479349025,-4.0564519137812765
4824.043,-1.2913558052166687,-4.058020662808624
4824.063,-1.2935807516178237,-4.059549625918555
4824.083,-1.295832867213284,-4.061038307039027
4824.103,-1.2981114230775253,-4.062486223943809
4824.123,-1.300415681764229,-4.063892906816251
4824.143,-1.3027448972628386,-4.065257899430212
4824.163,-1.3050983157116318,-4.066580758745044
4824.183,-1.3074751750506945,-4.067861055017392
4824.203,-1.309874705387415,-4.0690983730929124
4824.223,-1.3107078067858269,-4.073505722847624
4824.243,-1.3101489918585842,-4.080080085338796
4824.263,-1.308308106649837,-4.087618871701396
4824.283,-1.3051717200122441,-4.0961402855580396
4824.303,-1.301172939460636,-4.105306193981585
4824.323,-1.297176167303919,-4.114473168294372
4824.343,-1.293110620648718,-4.124139758747598
4824.363,-1.289161629719219,-4.133359751792135
4824.383,-1.2851166331994275,-4.142571531759347
4824.403,-1.281131317399019,-4.151761099861582
4824.423,-1.2771385316776644,-4.160928930695789
4824.443,-1.2731457647835642,-4.1700967558500075
4824.463,-1.2691530045904822,-4.1792645840492035
4824.483,-1.2651602504553123,-4.188432415630473
4824.503,-1.2611675028504719,-4.197600250177523
4824.523,-1.2571747612525495,-4.20676808791998
4824.543,-1.253182025643023,-4.2159359287599205
4824.563,-1.2491892965061013,-4.225103772275789
4824.583,-1.2459883587800211,-4.225975480158747
4824.603,-1.242702281152135,-4.226909394707878
4824.623,-1.2396342736618968,-4.227475743761614
4824.643,-1.2366082462375578,-4.228060418538403
4824.663,-1.2336227368694268,-4.2286626184506675
4824.683,-1.2306764747681473,-4.2292803494978335
4824.703,-1.2277695474964356,-4.229912904528075
4824.723,-1.2248753458325623,-4.230402331341554
4824.743,-1.2219991659119005,-4.231325263742971
4824.763,-1.219174771215719,-4.232043301285189
4824.783,-1.2163957550002882,-4.232574499136064
4824.803,-1.2136392953636383,-4.2335344004965965
4824.823,-1.2109320210352608,-4.234287231530182
4824.843,-1.208265783685786,-4.234853615720697
4824.863,-1.205626901018114,-4.23584432421651
4824.883,-1.203034590370099,-4.236626363959757
4824.903,-1.2004785964281997,-4.237221812197527
4824.923,-1.1979552248727527,-4.23823818830705
4824.943,-1.1954755186376327,-4.239044059371731
4824.963,-1.1930271612675767,-4.239662873174114
4824.983,-1.1906164931248218,-4.240699574544736
4825.003,-1.1882465251730845,-4.24152408799136
4825.023,-1.1859030726719955,-4.242161000012797
4825.043,-1.1836022124315146,-4.243213072235173
4825.063,-1.1813390674141253,-4.2440514115909895
4825.083,-1.1790952014844123,-4.244702457194291
4825.103,-1.1768966479333662,-4.24576732926416
4825.123,-1.1747301408914752,-4.246616941188628
4825.143,-1.1725790576936566,-4.247279062267981
4825.163,-1.17048676280584,-4.248351639577139
4825.183,-1.1684220269560022,-4.249207771458374
4825.203,-1.1663600642489884,-4.2498775229404675
4825.223,-1.1643724704709895,-4.2509541389128325
4825.243,-1.1624072391661924,-4.251813300828563
4825.263,-1.1604316528362149,-4.252487258833559
4825.283,-1.1585465774443375,-4.253563761660593
4825.303,-1.1566782744701622,-4.254422816033682
4825.323,-1.1547864487983555,-4.255097770169746
4825.343,-1.1530014523401948,-4.256170676645139
4825.363,-1.1512356105492472,-4.257022779632806
4825.383,-1.149500199470678,-4.257872110342387
4825.403,-1.147793664477139,-4.258718683522918
4825.423,-1.1461156401760504,-4.2595621974592985
4825.443,-1.1444657748139622,-4.260402357972166
4825.463,-1.144234891127018,-4.259768079687426
4825.483,-1.1443224783065953,-4.259020083535713
4825.503,-1.1433989884120592,-4.258197495012583
4825.523,-1.1425153523849325,-4.257852807558662
4825.543,-1.1412739279838062,-4.257233840312673
4825.563,-1.1396285234973027,-4.256573440292723
4825.583,-1.1376535677798927,-4.255520695109648
4825.603,-1.1354082407472723,-4.254677778593052
4825.623,-1.1330276838648174,-4.2539517250389665
4825.643,-1.130645970913794,-4.2531391166263095
4825.663,-1.1282221055081738,-4.2524080203143155
4825.683,-1.1255845338218713,-4.25180177252654
4825.703,-1.1229551971340406,-4.251234325373112
4825.723,-1.120084414398833,-4.250898309870034
4825.743,-1.1171334671011919,-4.250478254607182
4825.763,-1.114407886574675,-4.249777879843007
4825.783,-1.1117266889293929,-4.2491861368386274
4825.803,-1.1088386225491564,-4.248554647917657
4825.823,-1.1060272384716376,-4.247817060618067
4825.843,-1.103293950818417,-4.246996905008308
4825.863,-1.100713109867491,-4.246157939540705
4825.883,-1.0982437585257354,-4.245071639090215
4825.903,-1.0955183404690136,-4.244108682162977
4825.923,-1.0929276500904894,-4.243051195232102
4825.943,-1.0904751823642365,-4.241828608079493
4825.963,-1.0881017524609875,-4.2406055312342685
4825.983,-1.0864978854809002,-4.240158790888515
4826.003,-1.0861265553112107,-4.240414154646323
4826.023,-1.0861302178237857,-4.240413456831995
4826.043,-1.0861317713140695,-4.240414058312448
4826.063,-1.086131596447605,-4.240413959642431
4826.083,-1.0861327119547264,-4.240413222644888
4826.103,-1.086133398121609,-4.240413363387425
4826.123,-1.0861331945616206,-4.240413248195967
4826.143,-1.0861339325695871,-4.240412282357371
4826.163,-1.0861343002092023,-4.240412270340653
4826.183,-1.086134087836087,-4.240412150101062
4826.203,-1.0861346611644607,-4.240411108111432
4826.223,-1.0861349052837863,-4.240411036602915
4826.243,-1.0861346895963755,-4.24041091446213
4826.263,-1.0861352000448068,-4.24040984393404
4826.283,-1.0861353976076353,-4.240409749882134
4826.303,-1.086135180654965,-4.240409627016339
4826.323,-1.086135666872644,-4.240408545428814
4826.343,-1.0861358466899715,-4.240408442786368
4826.363,-1.0861356292561701,-4.240408319645808
4826.383,-1.0861361062044859,-4.240407233812895
4826.403,-1.086136279273263,-4.240407127902425
4826.423,-1.086136061655386,-4.24040700465772
4826.443,-1.0861365350661478,-4.240405917205157
4826.463,-1.0861367055772815,-4.240405810055153
4826.483,-1.0861364878885917,-4.240405686771257
4826.503,-1.0861369599469766,-4.240404598699793
4826.523,-1.0844281690311128,-4.2435439704829525
4826.543,-1.081010548347556,-4.249800001982168
4826.563,-1.076031336804045,-4.258462147394726
4826.583,-1.0710489726003245,-4.267129007121097
4826.603,-1.0660643433042003,-4.275800128876441
4826.623,-1.0610782439861794,-4.284473814233311
4826.643,-1.0560934930996448,-4.2931451528689255
4826.663,-1.0508944510628229,-4.302328010300187
4826.683,-1.0455378029948317,-4.311887843030117
4826.703,-1.0405657281214056,-4.320626009720887
4826.723,-1.0355420971444227,-4.329402402499973
4826.743,-1.0305644670423195,-4.338075195311897
4826.763,-1.0255873848937422,-4.346748118879067
4826.783,-1.020610311465926,-4.355421047026123
4826.803,-1.015633242185227,-4.364093977390765
4826.823,-1.0106561747256029,-4.372766908889339
4826.843,-1.005679110856481,-4.381439842795378
4826.863,-1.0007020488789444,-4.390112777847467
4826.883,-0.9957249905650617,-4.39878571531903
4826.903,-0.9907479342162612,-4.407458653947613
1758191777.7660532,-2.283353991875953,-3.972843293813107
4826.923,-2.273364959080718,-3.9723848464526803
4826.943,-2.263375926250408,-3.9719264031177954
4826.963,-2.2533868933296497,-3.9714679621519755
4826.983,-2.2433978599963997,-3.9710095257018416
4827.003,-2.2334088265991143,-3.970551091663752
4827.023,-2.2234197932540773,-3.9700926625779482
4827.043,-2.213430759870984,-3.969634235925665
4827.063,-2.2034417261271284,-3.9691758138309075
4827.083,-2.1934526923698834,-3.968717394165202
4827.103,-2.1834636582755977,-3.9682589790383145
4827.123,-2.173475497751476,-3.9678037399092765
4827.143,-2.1634821486559157,-3.9673488616627544
4827.163,-2.1534752313879593,-3.9668942980706134
4827.183,-2.143486863643672,-3.966438401712906
4827.203,-2.1334957376475936,-3.965982951403105
4827.223,-2.1234889389083365,-3.965528180639793
4827.243,-2.1135005248641576,-3.965072139558536
4827.263,-2.1035094172415194,-3.9646166223806314
4827.283,-2.0935025915274976,-3.964161855207205
4827.303,-2.083514151993893,-3.96370586324799
4827.323,-2.073523019428879,-3.9632504334189638
4827.343,-2.0635161739938335,-3.9627957821730844
4827.363,-2.0535277176757423,-3.9623399286033085
4827.383,-2.045177146352541,-3.962075461915368
4827.403,-2.03863981562411,-3.962022638498779
4827.423,-2.03410597906299,-3.962018066892714
4827.443,-2.030815094826582,-3.9625938906555196
4827.463,-2.028496174386583,-3.9637971183581318
4827.483,-2.0269509850064815,-3.965516877119832
4827.503,-2.0263059754659998,-3.9677804782702313
4827.523,-2.0262404375356264,-3.970447702266592
4827.543,-2.0264678185022045,-3.9732472041904927
4827.563,-2.0265493058919493,-3.9759454484763186
4827.583,-2.026679426944889,-3.9786419411422527
4827.603,-2.0268580579138025,-3.981335670871193
4827.623,-2.027085141075699,-3.9840257639780696
4827.643,-2.0273606041133774,-3.986711348886256
4827.663,-2.0276843581692567,-3.9893915552969723
4827.683,-2.028056299552456,-3.992065514472837
4827.703,-2.0284763082394446,-3.9947323596519753
4827.723,-2.0289442491544034,-3.9973912260504156
4827.743,-2.0294599715890205,-4.000041251495108
4827.763,-2.0300233086889907,-4.002681576497948
4827.783,-2.0306340787328208,-4.005311344775699
4827.803,-2.0312920844618922,-4.007929703241445
4827.823,-2.031997112920019,-4.010535802352286
4827.843,-2.032748935929665,-4.013128796861218
4827.863,-2.033547310135958,-4.01570784550261
4827.883,-2.034391977191192,-4.018272111328917
4827.903,-2.0352826636527217,-4.020820762514761
4827.923,-2.036219080602662,-4.023352972241659
4827.943,-2.0372009247148735,-4.025867919163758
4827.963,-2.0382278777528087,-4.0283647872627375
4827.983,-2.0392996068231333,-4.030842766484888
4828.003,-2.0404157644317857,-4.033301053232403
4828.023,-2.041575988668615,-4.035738850177977
4828.043,-2.0427799033040945,-4.0381553667391605
4828.063,-2.0440271178459306,-4.040549819409995
4828.083,-2.045317227769616,-4.042921431698582
4828.103,-2.0466498149445873,-4.0452694346405496
4828.123,-2.0480244471452616,-4.047593067158062
4828.143,-2.04944067851606,-4.049891576071024
4828.163,-2.050898049743299,-4.052164216549706
4828.183,-2.0523960883277494,-4.054410251777678
4828.203,-2.0539343084783646,-4.056628954107298
4828.223,-2.0555122116412825,-4.058819604560968
4828.243,-2.0542567109830943,-4.063125598092136
4828.263,-2.0507782921592264,-4.068732050194922
4828.283,-2.0457198233347316,-4.074616797576579
4828.303,-2.039061142979395,-4.080790071582446
4828.323,-2.0313412090318628,-4.08714679686353
4828.343,-2.0236225782835056,-4.093505495154686
4828.363,-2.0152457863947255,-4.100077101337431
4828.383,-2.007449287899235,-4.106432727630844
4828.403,-1.9997149928322457,-4.112771450919605
4828.423,-1.9919920769143062,-4.119123617810225
4828.443,-1.9842691536755328,-4.125475767990427
4828.463,-1.9765273424031866,-4.131825901885978
4828.483,-1.9687858347492362,-4.13817643965137
4828.503,-1.9610441997268508,-4.144526634005719
4828.523,-1.9533023333121378,-4.150876401679455
4828.543,-1.9455601935640578,-4.157225729297357
4828.563,-1.937817753418046,-4.163574612883073
4828.583,-1.9300749951799914,-4.169923051987117
4828.603,-1.9223319050542307,-4.176271046173258
4828.623,-1.9145884737471723,-4.182618594408019
4828.643,-1.906844694221569,-4.188965696276464
4828.663,-1.899100561328934,-4.195312351425762
4828.683,-1.8913735212466463,-4.20165950350664
4828.703,-1.883646470139873,-4.208006639559119
4828.723,-1.8759194082698596,-4.214353763712189
4828.743,-1.8681923348415943,-4.220700875127414
4828.763,-1.8604652506368398,-4.227047974698214
4828.783,-1.852738155624793,-4.2333950623880385
4828.803,-1.8450110498278907,-4.239742138206406
4828.823,-1.8372839332452549,-4.246089202127787
4828.843,-1.8295568058803315,-4.2524362541176295
4828.863,-1.821829666924815,-4.258783293213408
4828.883,-1.8141025172016974,-4.2651303202880895
4828.903,-1.8063753567223628,-4.2714773352878295
4828.923,-1.7986481854781389,-4.2778243381241365
4828.943,-1.790921003511404,-4.284171328760692
4828.963,-1.7831938100556783,-4.290518306234188
4828.983,-1.775466605923495,-4.296865271366798
4829.003,-1.7677393911182746,-4.303212224055318
4829.023,-1.7600121656940084,-4.309559164251919
4829.043,-1.7522849296839036,-4.315906091878896
4829.063,-1.7445576830973548,-4.322253006831818
4829.083,-1.7368304252077087,-4.32859990816803
4829.103,-1.7291031568413566,-4.3349467967075235
4829.123,-1.7213758780387487,-4.341293672377832
4829.143,-1.713648588815328,-4.347640535083058
4829.163,-1.705921289237944,-4.3539873847860955
4829.183,-1.6981958654183213,-4.360336979383006
4829.203,-1.6904702359516477,-4.366686391012476
4829.223,-1.6827444880778029,-4.373035656575389
4829.243,-1.6750186866410182,-4.379384853442312
4829.263,-1.667292869607588,-4.385734028011175
4829.283,-1.6595670581037354,-4.392083206927711
4829.303,-1.6518412646676628,-4.398432406061091
4829.323,-1.6441154972633483,-4.404781635299402
4829.343,-1.6363897599989834,-4.411130900014452
4829.363,-1.6286640551910263,-4.417480203282732
4829.383,-1.6209383858632551,-4.423829548912412
4829.403,-1.6132127549030804,-4.4301789406164165
4829.423,-1.6054871634667218,-4.43652838015339
4829.443,-1.597761614333718,-4.4428778712108645
4829.463,-1.5900361103520262,-4.449227417479719
4829.483,-1.5823091327535599,-4.455574647310394
4829.503,-1.574582094109532,-4.4619217964296105
4829.523,-1.5668550448401144,-4.468268931679752
4829.543,-1.5591279853966067,-4.474616053733373
4829.563,-1.5514009158152469,-4.4809631627109185
4829.583,-1.5436738368885308,-4.487310259595243
4829.603,-1.5359467478018787,-4.493657343556419
4829.623,-1.5282283594631076,-4.500011777990893
4829.643,-1.5205012966044829,-4.506358915147075
4829.663,-1.512758395515221,-4.512703885917845
4829.683,-1.5049523991533067,-4.51905338733274
4829.703,-1.4972095487208654,-4.525396290966681
4829.723,-1.4894805524511066,-4.531741105550004
4829.743,-1.4825498897113198,-4.53712923668561
4829.763,-1.4768345291910339,-4.541539574277957
4829.783,-1.4723344143547945,-4.544862381694605
4829.803,-1.4691660556316417,-4.547650771364779
4829.823,-1.4668264095003356,-4.55026344734385
4829.843,-1.4653756533442808,-4.552810759825628
4829.863,-1.464849759606382,-4.555091472213127
4829.883,-1.4651902555965095,-4.557254147142238
4829.903,-1.4665618787117707,-4.559271995094854
4829.923,-1.4684751153264508,-4.561254084853583
4829.943,-1.4703303504326015,-4.563215159423041
4829.963,-1.4722206174039258,-4.56514254907154
4829.983,-1.4741452604931455,-4.567035594734416
4830.003,-1.4761036550506503,-4.568893683423812
4830.023,-1.4780951662363444,-4.570716213754755
4830.043,-1.480119148386741,-4.5725025957283245
4830.063,-1.4821749451805213,-4.574252251413425
4830.083,-1.4842618903506866,-4.575964614681735
4830.103,-1.486379307704473,-4.577639131461709
4830.123,-1.4885265110013042,-4.579275259995499
4830.143,-1.4907028043243407,-4.580872471271385
4830.163,-1.4929074826090345,-4.582430248527099
4830.183,-1.4951398316140778,-4.58394808832755
4830.203,-1.4973991282086383,-4.585425499639889
4830.223,-1.4996846407770146,-4.586862004682946
4830.243,-1.5019956290085343,-4.588257139284004
4830.263,-1.5043313444883564,-4.589610452427706
4830.283,-1.5066910312948747,-4.590921506315401
4830.303,-1.5090739252351473,-4.592189877569525
4830.323,-1.511479254932255,-4.593415155970863
4830.343,-1.5139062419072902,-4.594596945640906
4830.363,-1.5163541006056738,-4.595734864636884
4830.383,-1.518822039010993,-4.596828544923889
4830.403,-1.5213092585309542,-4.5978776330948214
4830.423,-1.52381495428721,-4.598881789950302
4830.443,-1.5263383156483212,-4.599840690904467
4830.463,-1.5288785262702118,-4.60075402612893
4830.483,-1.5314347645292066,-4.601621500287736
4830.503,-1.5340062034788389,-4.602442832534975
4830.523,-1.5365920112751557,-4.603217757409142
4830.543,-1.539191351592005,-4.60394602400896
4830.563,-1.5418033837296163,-4.604627396792267
4830.583,-1.5444272627235618,-4.605261655017011
4830.603,-1.5470621399500055,-4.6058485933430475
4830.623,-1.5497071628980565,-4.606388021406135
4830.643,-1.5523614760414892,-4.606879764443967
4830.663,-1.5550242207240172,-4.607323662783402
4830.683,-1.557694535522692,-4.6077195721705415
4830.703,-1.5603715563333014,-4.608067363917814
4830.723,-1.5630544168262066,-4.608366924988321
4830.743,-1.5657422488092632,-4.60861815769298
4830.763,-1.5684341821838956,-4.608820979931197
4830.783,-1.571129345619537,-4.608975325228719
4830.803,-1.5738268663165256,-4.6090811427530864
4830.823,-1.57652587082781,-4.609138397648308
4830.843,-1.5792254848735603,-4.609147070257943
4830.863,-1.5819248340987664,-4.609107156972459
4830.883,-1.5846230437140774,-4.60901866995974
4830.903,-1.587319239474986,-4.608881636895647
4830.923,-1.5900125476362723,-4.608696101313735
4830.943,-1.5927020951223192,-4.608462122712499
4830.963,-1.595387010121183,-4.608179775797961
4830.983,-1.5980664219461092,-4.607849151509017
4831.003,-1.6007394616730584,-4.607470356085018
4831.023,-1.6034052625557988,-4.607043511748566
4831.043,-1.6060629600697456,-4.606568756193394
4831.063,-1.6087116920446745,-4.606046242736684
4831.083,-1.6113505993685584,-4.605476140276272
4831.103,-1.613978826054404,-4.604858633046983
4831.123,-1.616595519520096,-4.60419392093186
4831.143,-1.6191998308604398,-4.603482218943204
4831.163,-1.621790915288493,-4.602723757606762
4831.183,-1.6243679323631386,-4.601918782486379
4831.203,-1.6269300463010783,-4.6010675544373445
4831.223,-1.6294764258381031,-4.600170349133537
4831.243,-1.6320062452054795,-4.599227457465606
4831.263,-1.6345186839583772,-4.5982391849602315
4831.283,-1.6370129273073606,-4.597205851961405
4831.303,-1.6394881664279524,-4.596127793432299
4831.323,-1.6419435987758795,-4.595005358858593
4831.343,-1.6443784283980878,-4.5938389121342125
4831.363,-1.6467918657440979,-4.592628831449324
4831.383,-1.6491831287722976,-4.5913755090707875
4831.403,-1.6515514422582345,-4.590079351281799
4831.423,-1.6538960386173185,-4.58874077831445
4831.443,-1.6562161580090389,-4.587360224146482
4831.463,-1.6585110487302035,-4.585938136208299
4831.483,-1.6607799672604804,-4.584474975480856
4831.503,-1.665015728914534,-4.585950242689641
4831.523,-1.6704358889512578,-4.589712375634859
4831.543,-1.676052755808768,-4.595066752971337
4831.563,-1.681875476369641,-4.602034052093343
4831.583,-1.6878268707424167,-4.610070648942524
4831.603,-1.6937802778128985,-4.618106041741969
4831.623,-1.7002016119288121,-4.626604269800905
4831.643,-1.706245729889434,-4.634662339054285
4831.663,-1.71245426953433,-4.642870790644148
4831.683,-1.7184171840983742,-4.650898059133756
4831.703,-1.724378241286424,-4.658926895023999
4831.723,-1.7303377092149306,-4.666956946189875
4831.743,-1.736297458518041,-4.67498677159754
4831.763,-1.7422574086005869,-4.683016437982773
4831.783,-1.7482175118754213,-4.691045983990427
4831.803,-1.7541777356844517,-4.699075435460965
4831.823,-1.7601380625632657,-4.7071048071588635
1758191784.0779629,-3.072762897307719,-4.189590328883091
4831.843,-3.0630769334866956,-4.192075958929551
4831.863,-3.0533909991661017,-4.194561693896036
4831.883,-3.043705094097124,-4.197047532003652
4831.903,-3.0340192187822397,-4.199533475818037
4831.923,-3.0243333756443844,-4.202019529572567
4831.943,-3.014647567676396,-4.2045057002897375
4831.963,-3.004961798190434,-4.206991994791399
4831.983,-2.995276071378127,-4.209478422690924
4832.003,-2.9855903953174567,-4.2119649972032
4832.023,-2.97590478081876,-4.214451734816685
4832.043,-2.9662192440410506,-4.216938656824111
4832.063,-2.956533812977821,-4.219425787305718
4832.083,-2.9468485467998797,-4.22191316510317
4832.103,-2.937160535338207,-4.224394814624065
4832.123,-2.9274747537899675,-4.226880610170441
4832.143,-2.9177889810190942,-4.229366434416552
4832.163,-2.9081032121750274,-4.2318522751145835
4832.183,-2.898417447787541,-4.234338132027288
4832.203,-2.8887316878495106,-4.236824005169862
4832.223,-2.8790459317715023,-4.239309894682801
4832.243,-2.869360180124431,-4.241795800437233
4832.263,-2.8596744323187977,-4.244281722567261
4832.283,-2.8499886889227515,-4.246767660927977
4832.303,-2.8403029499254604,-4.249253615505804
4832.323,-2.8306172147314372,-4.251739586410239
4832.343,-2.8209314839085597,-4.254225573479497
4832.363,-2.8112457574422938,-4.2567115766839265
4832.383,-2.8015600347414487,-4.259197596134288
4832.403,-2.7918732448511574,-4.2616782961085935
4832.423,-2.782192093851118,-4.264163339222047
4832.443,-2.7725123145218906,-4.266651225704317
4832.463,-2.7628319112981155,-4.269153014011944
4832.483,-2.753129804743712,-4.2716488329537565
4832.503,-2.743442153554634,-4.274127010431551
4832.523,-2.7337392188133944,-4.276633878304629
4832.543,-2.724059245932671,-4.279129901537332
4832.563,-2.7143784934210613,-4.281616619106055
4832.583,-2.704699116809176,-4.284106282309336
4832.603,-2.695013870110138,-4.286594252310339
4832.623,-2.685328687072166,-4.289082380938173
4832.643,-2.675643508811914,-4.291570526139415
4832.663,-2.6659583342006723,-4.2940586868161095
4832.683,-2.656273163800129,-4.296546862767759
4832.703,-2.6465879975957662,-4.299035053928175
4832.723,-2.636902835001825,-4.301523260402454
4832.743,-2.627217676586795,-4.304011482001293
4832.763,-2.617532522343268,-4.306499718680533
4832.783,-2.6078473716867188,-4.308987970551807
4832.803,-2.5981622251924157,-4.311476237442733
4832.823,-2.5884770822772367,-4.313964519469422
4832.843,-2.5787914627824664,-4.316452323111279
4832.863,-2.5691062682721473,-4.3189411502834805
4832.883,-2.5594209969932664,-4.321427717796375
4832.903,-2.549736485884693,-4.323918653038592
4832.923,-2.540051817127437,-4.326409109794205
4832.943,-2.5303670458620386,-4.328899251196116
4832.963,-2.5206822116687038,-4.331389200197188
4832.983,-2.5109973392619316,-4.333879030248749
4833.003,-2.501312445859345,-4.336368798408034
4833.023,-2.491627543362445,-4.33885854266385
4833.043,-2.4819426405919565,-4.341348293020115
4833.063,-2.4722577434013164,-4.343838071229751
4833.083,-2.4625728575101484,-4.3463278953655635
4833.103,-2.452887987447548,-4.348817780409561
4833.123,-2.44320313681825,-4.351307739127952
4833.143,-2.433518309159782,-4.353797783430439
4833.163,-2.4238335079095785,-4.356287924444005
4833.183,-2.414148736412049,-4.3587781734104425
4833.203,-2.4044639981896556,-4.361268537329355
4833.223,-2.3947792979444964,-4.36375902765836
4833.243,-2.3850946424197352,-4.36624965740005
4833.263,-2.3754100399202485,-4.368740440759265
4833.283,-2.365725502186434,-4.3712313912648
4833.303,-2.3560410498985136,-4.373722530660059
4833.323,-2.3463567181106564,-4.3762138879296995
4833.343,-2.3366725858835635,-4.37870550667314
4833.363,-2.3269877547360855,-4.381195096311578
4833.383,-2.3173030382119033,-4.383685035171513
4833.403,-2.3076183272487594,-4.386174993131416
4833.423,-2.297933620179185,-4.388664967459971
4833.443,-2.288248917566584,-4.3911549580193565
4833.463,-2.2785642194001445,-4.393644964806596
4833.483,-2.268879525093531,-4.396134987980223
4833.503,-2.2591948352169875,-4.398625027400299
4833.523,-2.2495101497584287,-4.401115083060107
4833.543,-2.23982546812914,-4.40360515509401
4833.563,-2.23014079089337,-4.406095243337934
4833.583,-2.220456117463949,-4.408585347927379
4833.603,-2.21077144840232,-4.4110754686811555
4833.623,-2.20108678369555,-4.4135656055679275
4833.643,-2.191402122748483,-4.416055758689187
4833.663,-2.1817220988525734,-4.418553683503332
4833.683,-2.17204208874981,-4.421043171721689
4833.703,-2.16236345445065,-4.423535516169396
4833.723,-2.15268419750032,-4.4260417467411015
4833.743,-2.1429832281594465,-4.428542028420912
4833.763,-2.1332967163018672,-4.431024660303211
4833.783,-2.1235949247637547,-4.433536001733268
4833.803,-2.113916082441019,-4.436036469613303
4833.823,-2.1042364783403684,-4.438527643657533
4833.843,-2.0956874344013348,-4.440815090819866
4833.863,-2.0886984514969154,-4.4427063618936655
4833.883,-2.083424875368085,-4.4441221824976305
4833.903,-2.0793096653921808,-4.445034696743544
4833.923,-2.0756908587893466,-4.445376025680096
4833.943,-2.0728264502499862,-4.445139063312658
4833.963,-2.0704912857394593,-4.4443269458888555
4833.983,-2.0685858254065486,-4.442890939485568
4834.003,-2.0671427621488925,-4.440958567519768
4834.023,-2.0664794769007226,-4.438437584728625
4834.043,-2.0659800672856723,-4.435787541901408
4834.063,-2.065491664223529,-4.433144796710374
4834.083,-2.065088768218359,-4.430475040245298
4834.103,-2.064732893860753,-4.427801609156663
4834.123,-2.0643880449813405,-4.425137345700515
4834.143,-2.064129768927909,-4.422450021163525
4834.163,-2.0639186697613017,-4.4197615168629145
4834.183,-2.06371889873634,-4.417083800371314
4834.203,-2.0636059503605733,-4.414386545811954
4834.223,-2.0635402225765773,-4.411690709681459
4834.243,-2.0634860896445617,-4.40900729868115
4834.263,-2.063518805824563,-4.4063079167348675
4834.283,-2.0635986428505837,-4.40361252052814
4834.303,-2.0636902963138657,-4.400931197448013
4834.323,-2.0638685929423466,-4.398237500846928
4834.343,-2.0640941899283067,-4.395547675283176
4834.363,-2.0643681640844123,-4.392862049225913
4834.383,-2.064690427537324,-4.390181792775108
4834.403,-2.0650608755324704,-4.387507776232128
4834.423,-2.065479387592881,-4.384840865226698
4834.443,-2.06594582785856,-4.382181922864351
4834.463,-2.0664600451246016,-4.3795318095987845
4834.483,-2.0670218725810354,-4.376891383045335
4834.503,-2.0676311280503237,-4.374261497542978
4834.523,-2.068287614266085,-4.371643003978505
4834.543,-2.0689911185757053,-4.369036749530106
4834.563,-2.0697414133898517,-4.3664435774423085
4834.583,-2.0705382555677794,-4.363864326609061
4834.603,-2.0713813875732856,-4.361299831423465
4834.623,-2.07227053668121,-4.358750921628773
4834.643,-2.0732054153882196,-4.356218421789247
4834.663,-2.0741857211906543,-4.353703151249998
4834.683,-2.0752111374722393,-4.351205923762887
4834.703,-2.076281332690295,-4.348727547436325
4834.723,-2.0773959607748846,-4.346268824113838
4834.743,-2.0785546615573995,-4.343830549531554
4834.763,-2.0797570606880105,-4.341413512844444
4834.783,-2.0810027695608424,-4.339018496480819
4834.803,-2.082291385488739,-4.336646275718779
4834.823,-2.0836224920437303,-4.334297618742654
4834.843,-2.08499565900931,-4.331973285995215
4834.863,-2.0864104424137606,-4.329674030325582
4834.883,-2.0878663849270698,-4.327400596727991
4834.903,-2.089363015730992,-4.325153721711909
4834.923,-2.0908998510189467,-4.322934133393586
4834.943,-2.092476393624465,-4.320742551368595
4834.963,-2.0940921334402165,-4.318579686004556
4834.983,-2.0957465475874124,-4.316446238585955
4835.003,-2.0974391007136606,-4.314342900990313
4835.023,-2.099169244821117,-4.312270355508731
4835.043,-2.1009364198936384,-4.310229274717227
4835.063,-2.102740053508025,-4.308220320612975
4835.083,-2.104579561416709,-4.30624414514828
4835.103,-2.1064543478766025,-4.3043013899749685
4835.123,-2.1083638052368636,-4.302392685344837
4835.143,-2.1103073147675,-4.3005186511153335
4835.163,-2.1122842463353586,-4.2986798954750025
4835.183,-2.114293959058897,-4.296877015117934
4835.203,-2.116335801315618,-4.295110595418771
4835.223,-2.1184091110456973,-4.293381209853834
4835.243,-2.120513215973326,-4.2916894199156985
4835.263,-2.1226474334894885,-4.290035774475144
4835.283,-2.1248110713704316,-4.288420810323132
4835.303,-2.1270034280624213,-4.286845051818669
4835.323,-2.1271815729149535,-4.282363134280451
4835.343,-2.1256652271063596,-4.275941789898296
4835.363,-2.1227392853565004,-4.26875436456907
4835.383,-2.118387800524676,-4.260784837317627
4835.403,-2.113088515086306,-4.252304103164167
4835.423,-2.107791133772575,-4.243821944945782
4835.443,-2.102479705250274,-4.234704910016162
4835.463,-2.097236346222747,-4.226203876469533
4835.483,-2.091979901547572,-4.217674150745359
4835.503,-2.0866912145056187,-4.209166017893169
4835.523,-2.0814086949364943,-4.200677123260568
4835.543,-2.07611650544996,-4.19214564583723
4835.563,-2.0708291300427972,-4.183658247527467
4835.583,-2.0655378831122655,-4.175173161512736
4835.603,-2.0602424187344446,-4.166692557558108
4835.623,-2.054960634609545,-4.158203272643945
4835.643,-2.049688158747772,-4.14970759597448
4835.663,-2.0443940589457683,-4.141225629570194
4835.683,-2.039102678285797,-4.132710909237042
4835.703,-2.033811708014814,-4.124225520267429
4835.723,-2.028527087477614,-4.115740064019938
4835.743,-2.0232466492076444,-4.107248583750919
4835.763,-2.0179557518480222,-4.09876335948757
4835.783,-2.0126642264812546,-4.0902153309835745
4835.803,-2.0073805845311226,-4.081708543248376
4835.823,-2.002090709485477,-4.073178414975746
4835.843,-1.9968062052229483,-4.064688350672923
4835.863,-1.991525615018405,-4.056184659628658
4835.883,-1.9862388608191406,-4.047698120177623
4835.903,-1.9809497587133336,-4.039200102771797
4835.923,-1.9756699668267246,-4.030694760102005
4835.943,-1.9703881850179272,-4.022202755284551
4835.963,-1.9651038375888976,-4.013713476223062
4835.983,-1.9598195010472774,-4.00522419113867
4836.003,-1.9545351753545626,-3.996734898982551
4836.023,-1.9492508605136514,-3.9882455997741877
4836.043,-1.9439665565269253,-3.9797562935467274
4836.063,-1.9386822646347444,-3.9712669798298084
4836.083,-1.9333979836115782,-3.9627776591565484
4836.103,-1.9281137134677753,-3.954288331557101
4836.123,-1.9228294554504544,-3.945798996562015
4836.143,-1.917545208335857,-3.9373096547030495
4836.163,-1.9122609727256652,-3.9288203053416466
4836.183,-1.9069767482343845,-3.920330948957099
4836.203,-1.9016925357094074,-3.911841585529529
4836.223,-1.8964083341153746,-3.9033522153712785
4836.243,-1.8911241446849798,-3.8948628380159533
4836.263,-1.8858399661772163,-3.886373454002245
4836.283,-1.8805557998145874,-3.8778840628660842
4836.303,-1.8752716443448987,-3.8693946651484934
4836.323,-1.8699875005311934,-3.8609052599939666
4836.343,-1.8647033675560638,-3.8524158483394335
4836.363,-1.8594207088876475,-3.843925352247558
4836.383,-1.85413609188803,-3.835435814672449
4836.403,-1.8488506537281815,-3.8269467104959074
4836.423,-1.8435647538873283,-3.8184578542045102
4836.443,-1.8382785778682367,-3.8099691478364774
4836.463,-1.8329922272849202,-3.801480538128805
4836.483,-1.827705756148587,-3.7929919968624564
4836.503,-1.8224191950315953,-3.7845035080634664
4836.523,-1.8171325618628382,-3.7760150624020743
4836.543,-1.8118458632709487,-3.7675266563984384
4836.563,-1.8065591020898821,-3.7590382883999696
4836.583,-1.8012722782068145,-3.7505499593314684
4836.603,-1.7959853904292915,-3.742061669469847
4836.623,-1.7906984343457801,-3.73357342256357
4836.643,-1.7854114066572175,-3.7250852206693623
4836.663,-1.780127020711847,-3.7165959739548446
4836.683,-1.7748426844888932,-3.708106694975374
4836.703,-1.7695583596473932,-3.699617409301017
4836.723,-1.7642740451664072,-3.6911281168814907
4836.743,-1.7589897420661749,-3.682638817315334
4836.763,-1.7537054495549302,-3.6741495113654437
4836.783,-1.7484211680317183,-3.6656601984445945
4836.803,-1.7431368973162795,-3.657170878631634
4836.823,-1.7378445836882757,-3.6486884324807187
4836.843,-1.7325660334831137,-3.6401970881769374
4836.863,-1.727290000905139,-3.6317041962921515
4836.883,-1.7220092821414086,-3.6231963343751374
4836.903,-1.7167213481108792,-3.6146648623241244
4836.923,-1.7114387840587957,-3.606173595506149
4836.943,-1.7061610960765974,-3.5976806565111104
4836.963,-1.700869877757962,-3.5891702233814096
4836.983,-1.6956065270264868,-3.5806725143603058
4837.003,-1.690316907423006,-3.5721877455784234
4837.023,-1.6850299352495033,-3.563669976796792
4837.043,-1.67974346638648,-3.5551817814650577
4837.063,-1.6744633522241872,-3.546693536432814
4837.083,-1.6691874684649086,-3.5381992209199074
4837.103,-1.663901015701729,-3.5297112473712695
4837.123,-1.6586245847440966,-3.5212185202247883
4837.143,-1.6533502306697745,-3.5127248105045465
4837.163,-1.6480708530561223,-3.5042151364469327
4837.183,-1.6427874887095875,-3.4957243986289055
4837.203,-1.6375138661996784,-3.4872288888289504
4837.223,-1.6322243898021158,-3.4787441834541477
4837.243,-1.626942869055007,-3.470252940091942
4837.263,-1.6216614328030738,-3.461761847681613
4837.283,-1.6163800084007987,-3.4532707502149256
4837.303,-1.611098595763056,-3.444779645165895
4837.323,-1.6058171936073045,-3.436288533074918
4837.343,-1.600535803583708,-3.427797413895023
4837.363,-1.5952544252158782,-3.4193062872878826
4837.383,-1.5899730584781675,-3.410815153309744
4837.403,-1.5846917033456183,-3.4023240120144616
4837.423,-1.5794103585594086,-3.3938328639567157
4837.443,-1.574129025330322,-3.385341708689538
4837.463,-1.5688477040804398,-3.3768505466614678
4837.483,-1.5635663945318206,-3.368359377307573
4837.503,-1.558285097048787,-3.359868200235324
4837.523,-1.5541898959212992,-3.352172789010765
4837.543,-1.551162455779412,-3.345811535339926
4837.563,-1.54891020147069,-3.3409553243479677
1758191791.040771,-2.287902848628719,-3.6527101776744964
4837.583,-2.28436880974238,-3.6519254225268907
4837.603,-2.281449845561062,-3.6506782663660684
4837.623,-2.279163242673418,-3.6489856045269358
4837.643,-2.277559286734733,-3.6468847314460175
4837.663,-2.2767179499972605,-3.644469065081331
4837.683,-2.2766199658689827,-3.641679596055167
4837.703,-2.276439107061069,-3.6386657886664526
4837.723,-2.276322264959516,-3.6356195721823124
4837.743,-2.276259398099675,-3.632586503398475
4837.763,-2.276257787072547,-3.629554607071612
4837.783,-2.276311882753545,-3.6265177982730092
4837.803,-2.276424762633379,-3.6234876649955576
4837.823,-2.276576069538367,-3.6204768832488448
4837.843,-2.2734643495822264,-3.616756956428824
4837.863,-2.2681216711540095,-3.6129304531098643
4837.883,-2.261214876327251,-3.6094602021783766
4837.903,-2.2527220221096504,-3.6063441112258734
4837.923,-2.2431409954471384,-3.6034797258255122
4837.943,-2.2333612087317833,-3.600347025792901
4837.963,-2.2234508698358972,-3.5974279702213137
4837.983,-2.2138737468145626,-3.594552603046891
4838.003,-2.2042948740121813,-3.591682282299345
4838.023,-2.1947160184922767,-3.588811904560858
4838.043,-2.185137169190684,-3.585941510882446
4838.063,-2.1755583245448924,-3.583071102500928
4838.083,-2.1659794859847397,-3.5802006786376412
4838.103,-2.1564006529081623,-3.5773302391724466
4838.123,-2.146821825292423,-3.5744597841000996
4838.143,-2.1372429759958687,-3.571589374050844
4838.163,-2.127664364566948,-3.5687180498816726
4838.183,-2.118085560061102,-3.5658475270728047
4838.203,-2.1085067995011313,-3.562976893772146
4838.223,-2.098928064067722,-3.5601060527776553
4838.243,-2.0893492781865795,-3.557235470746038
4838.263,-2.0797706371585556,-3.5543641509203754
4838.283,-2.0701973498368695,-3.551509160932126
4838.303,-2.060595327690264,-3.548607734979473
4838.323,-2.0510083519198106,-3.5457212485144503
4838.343,-2.041421426708223,-3.5428341321999812
4838.363,-2.0318346026693983,-3.539946365084363
4838.383,-2.022247899551389,-3.5370579658538555
4838.403,-2.01266132973512,-3.5341689554645734
4838.423,-2.0030749025380103,-3.5312793479107274
4838.443,-1.993488624516158,-3.528389154326837
4838.463,-1.9839025007134037,-3.5254983842420944
4838.483,-1.9743165343535365,-3.522607042347918
4838.503,-1.964730728007684,-3.51971513300908
4838.523,-1.9551450841208702,-3.5168226596490633
4838.543,-1.9455684724632272,-3.5139444882143622
4838.563,-1.9359919344116636,-3.5110664069823474
4838.583,-1.9264154002975395,-3.5081883120215904
4838.603,-1.9168388700109784,-3.505310201380398
4838.623,-1.9072623435220712,-3.5024320750478863
4838.643,-1.897685820820435,-3.4995539329879843
4838.663,-1.8881093021913569,-3.4966757740828
4838.683,-1.8785327873292468,-3.4937975994817188
4838.703,-1.8689562762427114,-3.4909194091805733
4838.723,-1.8593797689587814,-3.4880412031381414
4838.743,-1.8498032654929084,-3.4851629813840876
4838.763,-1.8402267658802427,-3.4822847439120603
4838.783,-1.8306502701622485,-3.479406490714916
4838.803,-1.8210737787031308,-3.4765282205972894
4838.823,-1.8114972912457203,-3.4736499347408825
4838.843,-1.8019208078544642,-3.4707716331396212
4838.863,-1.7923443286074139,-3.4678933157515215
4838.883,-1.7827678541468408,-3.4650149827598913
4838.903,-1.7731913839744815,-3.4621366340085946
4838.923,-1.763614918477601,-3.4592582683424378
4838.943,-1.7540384574461654,-3.4563798868763
4838.963,-1.7444620009586356,-3.4535014896463503
4838.983,-1.7348855491021986,-3.450623076653712
4839.003,-1.725309101965865,-3.447744647901631
4839.023,-1.7157326596455826,-3.444866203358437
4839.043,-1.7061539884463912,-3.4419944007734324
4839.063,-1.6965762720624276,-3.43911910636928
4839.083,-1.6869986127616625,-3.4362435463648597
4839.103,-1.67742100196157,-3.4333678329115034
4839.123,-1.6678434137012945,-3.430492052358846
4839.143,-1.6582658325804414,-3.427616255591879
4839.163,-1.6486882485298495,-3.4247404724498773
4839.183,-1.639110656842127,-3.4218647193551828
4839.203,-1.629533053872531,-3.4189890059772066
4839.223,-1.6199554369858802,-3.41611334027079
4839.243,-1.610377805867416,-3.4132377250867263
4839.263,-1.6008001590318335,-3.410362165006595
4839.283,-1.5912224944750806,-3.4074866642739448
4839.303,-1.5816448119734867,-3.404611224897584
4839.323,-1.5720671090831504,-3.40173585223034
4839.343,-1.5624902646421097,-3.3988583161595507
4839.363,-1.5529136889996105,-3.395980352689503
4839.383,-1.5433371231048427,-3.393102361145565
4839.403,-1.5337605623859103,-3.390224354855018
4839.423,-1.5241840070563797,-3.3873463328188227
4839.443,-1.514607457056018,-3.384468295076516
4839.463,-1.5050309123297283,-3.381590241628991
4839.483,-1.495454372795778,-3.378712172546442
4839.503,-1.4858782799949444,-3.3758317119416046
4839.523,-1.4762922284562585,-3.3729475501846182
4839.543,-1.4667059834843341,-3.370044190017014
4839.563,-1.4571230078643818,-3.367151794806393
4839.583,-1.4475464774665352,-3.3642764642942633
4839.603,-1.4379699341085987,-3.3614019224582976
4839.623,-1.4283933069364747,-3.3585280756458467
4839.643,-1.4188165864457871,-3.35565486363291
4839.663,-1.4092397639801029,-3.352782232081472
4839.683,-1.3996628279950363,-3.3499101251103123
4839.703,-1.3900848349628219,-3.3470413786191395
4839.723,-1.3805118681139326,-3.3441661012098267
4839.743,-1.3709356046717438,-3.3412926673262255
4839.763,-1.3613506595993652,-3.3384003482152513
4839.783,-1.3517656591855705,-3.335507445540521
4839.803,-1.3421893499359678,-3.3326282679769808
4839.823,-1.3326131223870563,-3.329749151158672
4839.843,-1.3230368990609478,-3.326870019836962
4839.863,-1.3134606795524588,-3.3239908728102714
4839.883,-1.3038844638400922,-3.321111710037258
4839.903,-1.2943082524722518,-3.3182325317056702
4839.923,-1.2847320448652977,-3.315353337661137
4839.943,-1.2751558410191177,-3.3124741278997663
4839.963,-1.265579640953886,-3.309594902380973
4839.983,-1.2560034446778738,-3.3067156611347084
4840.003,-1.2464272522193185,-3.3038364041547306
4840.023,-1.2368510639180332,-3.300957130281433
4840.043,-1.2272748795232011,-3.298077840624276
4840.063,-1.2176986990756982,-3.2951985352118536
4840.083,-1.208122522634666,-3.2923192140375095
4840.103,-1.198546350263913,-3.289439877094529
4840.123,-1.1889701820442409,-3.2865605243413656
4840.143,-1.1793940183456413,-3.2836811546564375
4840.163,-1.1698178595198594,-3.280801769340952
4840.183,-1.1602417050729166,-3.2779223682394076
4840.203,-1.150665555100438,-3.2750429513144828
4840.223,-1.1410894096806958,-3.2721635186023073
4840.243,-1.1315132689010081,-3.2692840701041272
4840.263,-1.1219371331553745,-3.2664046046709463
4840.283,-1.1123610022345978,-3.2635251234236478
4840.303,-1.102763409301797,-3.2606256822044233
4840.323,-1.093178092983397,-3.2577314409225164
4840.343,-1.083592694193731,-3.2548369162157575
4840.363,-1.0740074104843111,-3.2519417805114843
4840.383,-1.064422283569617,-3.2490460145057853
4840.403,-1.0548373265744495,-3.2461496313797142
4840.423,-1.0452525459436222,-3.2432526390148406
4840.443,-1.0356679452639537,-3.2403550430514696
4840.463,-1.0260835272877893,-3.2374568435333675
4840.483,-1.0164992928722296,-3.2345580413275092
4840.503,-1.0069152440125573,-3.2316586349701635
4840.523,-0.9973313824400233,-3.2287586237250907
4840.543,-0.9877477098437482,-3.225858007685651
4840.563,-0.9781642275443708,-3.2229567843800955
4840.583,-0.968580938174475,-3.220054952346374
4840.603,-0.9602202405756349,-3.2172908757256087
4840.623,-0.9532304372165727,-3.2149852882066168
4840.643,-0.9479639803152595,-3.2132339954581335
4840.663,-0.9440688628960813,-3.2117765218157825
4840.683,-0.9407941533898639,-3.2101053867013554
4840.703,-0.9383655482570639,-3.2080983646536123
4840.723,-0.9364123380739076,-3.205931383416573
4840.743,-0.9352217123690579,-3.2035642059004386
4840.763,-0.9348429590905704,-3.201088659271809
4840.783,-0.9351013238672411,-3.1983646095055565
4840.803,-0.9360571103249781,-3.195838501193087
4840.823,-0.9370552393994672,-3.1933328502956457
4840.843,-0.9380587042586437,-3.190838531619262
4840.863,-0.9391488249246096,-3.188368416751297
4840.883,-0.9402806221826456,-3.185920371892988
4840.903,-0.9414168749516674,-3.1834852557990603
4840.923,-0.9426385566106966,-3.1810776561354075
4840.943,-0.9439006647910145,-3.178694466235714
4840.963,-0.9451665643008161,-3.1763257573184784
4840.983,-0.9465162698338081,-3.1739876479181155
4841.003,-0.94790504048468,-3.1716761934319475
4841.023,-0.9492969322196317,-3.169380733380388
4841.043,-0.9507707653498348,-3.16711887950432
4841.063,-0.9522821961023472,-3.164885822259599
4841.083,-0.9537960359712802,-3.1626702587837046
4841.103,-0.9553897391099138,-3.160491210977451
4841.123,-0.9570212713937991,-3.1583408879168857
4841.143,-0.9586914114346453,-3.1562200063729327
4841.163,-0.9603994475430003,-3.15412953387376
4841.183,-0.9621448242730858,-3.1520701492380683
4841.203,-0.9639269758340204,-3.150042518860061
4841.223,-0.9657453250073097,-3.148047298732134
4841.243,-0.9675992823533023,-3.1460851338709515
4841.263,-0.9694882477338072,-3.1441566595071277
4841.283,-0.9714116088638536,-3.142262498634962
4841.303,-0.9733687432929473,-3.1404032642322317
4841.323,-0.975359017107232,-3.1385795574030007
4841.343,-0.9773817860544275,-3.1367919676566163
4841.363,-0.9794363957872272,-3.135041073475145
4841.383,-0.9815221810404834,-3.1333274404946536
4841.403,-0.9836384666860662,-3.131651622779402
4841.423,-0.985784568433372,-3.1300141624710425
4841.443,-0.987959791627843,-3.128415588759072
4841.463,-0.9901634329024059,-3.1268564189279036
4841.483,-0.9923947791858024,-3.1253371569343096
4841.503,-0.9946531088358515,-3.123858294069812
4841.523,-0.9969376914300063,-3.122420308976186
4841.543,-0.9992477881437354,-3.1210236668811215
4841.563,-1.0015826518913962,-3.119668819787825
4841.583,-1.0039415274449544,-3.11835620583359
4841.603,-1.0063236520965801,-3.117086250603578
4841.623,-1.0087282549993304,-3.1158593644607433
4841.643,-1.0111545586618207,-3.114675945487371
4841.663,-1.0136017781053082,-3.1135363767107664
4841.683,-1.0160691216529203,-3.112441027729981
4841.703,-1.0185557910191636,-3.111390253914219
4841.723,-1.0210609815292542,-3.1103843955920496
4841.743,-1.0235838821559968,-3.1094237787400894
4841.763,-1.026123676676423,-3.108508716045596
4841.783,-1.0286795426078625,-3.1076395042313614
4841.803,-1.0312506524879355,-3.106816425152748
4841.823,-1.033836173499653,-3.106039746542899
4841.843,-1.036435268381596,-3.105309720482891
4841.863,-1.0390470952476523,-3.1046265851426824
4841.883,-1.0416708076258068,-3.103990561768151
4841.903,-1.0443055554237206,-3.1034018574771647
4841.923,-1.0469504846658804,-3.102860664177172
4841.943,-1.049604738258473,-3.1023671581849968
4841.963,-1.05226745559985,-3.1019214999515694
4841.983,-1.0549377734267869,-3.1015238348070198
4842.003,-1.057614825899826,-3.1011742925744614
4842.023,-1.0602977448652269,-3.100872986723157
4842.043,-1.0629856603846395,-3.1006200157591253
4842.063,-1.065677700711223,-3.1004154622820943
4842.083,-1.068372992912829,-3.1002593926726143
4842.103,-1.0710706627359396,-3.100151858668461
4842.123,-1.0737698353384133,-3.1000928950771294
4842.143,-1.0764696353140348,-3.1000825213681518
4842.163,-1.079169187213015,-3.1001207418857377
4842.183,-1.0818676154407794,-3.1002075438588985
4842.203,-1.0845640450606675,-3.10034289936566
4842.223,-1.0872576015999034,-3.100526764753523
4842.243,-1.0899474116878345,-3.100759080499069
4842.263,-1.0926326032482472,-3.1010397713137605
4842.283,-1.0953123058389151,-3.1013687462303787
4842.303,-1.0979856506492283,-3.101745898559187
4842.323,-1.1006517709957035,-3.102171106608558
4842.343,-1.103309802942966,-3.102644231843206
4842.363,-1.1066469413424374,-3.099647252838992
4842.383,-1.1101931376859315,-3.0940833338220792
4842.403,-1.113305752156483,-3.086974798275172
4842.423,-1.1159851928105595,-3.078299022607411
4842.443,-1.1183702415941301,-3.068587343157539
4842.463,-1.1207576502080725,-3.0588759666946572
4842.483,-1.1237210641261866,-3.0486705043999844
4842.503,-1.1262473978292034,-3.038920056270712
4842.523,-1.1286703118372006,-3.0292628261658225
4842.543,-1.1310688786760392,-3.0195546675702167
4842.563,-1.133468409344587,-3.0098467913847826
4842.583,-1.1358684122230518,-3.000139044261295
4842.603,-1.138268646577942,-2.990431360834946
4842.623,-1.1406689836395754,-2.980723705483433
4842.643,-1.1430693557196654,-2.971016060212448
4842.663,-1.1454697211033051,-2.961308413979115
4842.683,-1.1478700593975752,-2.951600760995982
4842.703,-1.150270355270967,-2.9418930974069983
4842.723,-1.1526705993160546,-2.932185419995559
1758191797.513711,-1.4505812356485075,-3.676525499581913
4842.743,-1.440756138084747,-3.678387659781206
4842.763,-1.4309310514191493,-3.6802498818261826
4842.783,-1.4211059757928866,-3.6821121683536164
4842.803,-1.4112809118846197,-3.6839745228422442
4842.823,-1.4014558606550633,-3.6858369519508605
4842.843,-1.391630822124439,-3.6876994581232867
4842.863,-1.3818055867624606,-3.689559087460055
4842.883,-1.3719803468895866,-3.691418681668587
4842.903,-1.3621551052119887,-3.693278260740905
4842.923,-1.3523298611848802,-3.695137824970788
4842.943,-1.3425046147636257,-3.6969973719202036
4842.963,-1.332679366591954,-3.6988569038993626
4842.983,-1.3228541166880121,-3.700716420988549
4843.003,-1.3130326392460827,-3.7025862353752363
4843.023,-1.3031917623349578,-3.704435202061955
4843.043,-1.2933177286493278,-3.7062753421975296
4843.063,-1.2834766013425205,-3.7081232140719016
4843.083,-1.2736358051365617,-3.7099711273037426
4843.103,-1.2648843850970548,-3.7113033640152797
4843.123,-1.2576879780306804,-3.7122091681707436
4843.143,-1.252274377354844,-3.712847474051372
4843.163,-1.2482500544816604,-3.7132574718604934
4843.183,-1.2447449065299683,-3.713032391016057
4843.203,-1.2417534752298238,-3.712227408170332
4843.223,-1.2392051358259821,-3.710945459889376
4843.243,-1.23716038842892,-3.7091793779988604
4843.263,-1.235629628959181,-3.7068871015102682
4843.283,-1.234903181704405,-3.7040997854772364
4843.303,-1.2346063970695456,-3.7014170545304976
4843.323,-1.234357038870325,-3.6987289462546755
4843.343,-1.234156099024136,-3.696036744043896
4843.363,-1.234003648860749,-3.6933413677768976
4843.383,-1.2338997375385137,-3.6906436916032272
4843.403,-1.2338443981935863,-3.6879445900534065
4843.423,-1.2338376481871867,-3.6852449379135512
4843.443,-1.233879489075414,-3.6825456100597656
4843.463,-1.2339699072982178,-3.679847481418941
4843.483,-1.2341088728741676,-3.6771514261232214
4843.503,-1.2342963401003044,-3.6744583177549086
4843.523,-1.2345322481627319,-3.6717690287015587
4843.543,-1.234816519274265,-3.6690844301233256
4843.563,-1.235149061274127,-3.6664053915527566
4843.583,-1.2355297663973759,-3.6637327807459936
4843.603,-1.2359585100045671,-3.6610674629295556
4843.623,-1.2364351532152937,-3.6584103013877183
4843.643,-1.23695954099998,-3.6557621562709914
4843.663,-1.2375315029220713,-3.6531238849185104
4843.683,-1.2381508530718806,-3.6504963414560163
4843.703,-1.2388173911272644,-3.647880376361726
4843.723,-1.2395309000691863,-3.645276836274084
4843.743,-1.240291149108283,-3.6426865638866177
4843.763,-1.2410978917211284,-3.640110397527765
4843.783,-1.2419508663214582,-3.6375491708187595
4843.803,-1.2428497964880592,-3.635003712438509
4843.823,-1.243794391077188,-3.6324748460230194
4843.843,-1.2447843447684588,-3.629963390109524
4843.863,-1.2458193365047563,-3.627470156833816
4843.883,-1.2468990312986832,-3.6249959530138836
4843.903,-1.2480230801616867,-3.6225415794229447
4843.923,-1.2491911190668594,-3.6201078298616234
4843.943,-1.250402770096969,-3.6176954916344255
4843.963,-1.2516576414631246,-3.6153053453700768
4843.983,-1.252955327312606,-3.6129381643953358
4844.003,-1.2542954076638733,-3.6105947145696105
4844.023,-1.2556774496803256,-3.608275754413986
4844.043,-1.2571010061999726,-3.6059820341901987
4844.063,-1.2585656172927249,-3.603714296314501
4844.083,-1.2600708088041066,-3.6014732746634937
4844.103,-1.2586749286084302,-3.597210720125566
4844.123,-1.2550145019743901,-3.5917209400832615
4844.143,-1.2497658567352705,-3.586004704478472
4844.163,-1.2429084184755317,-3.5800524641600733
4844.183,-1.2349849282984526,-3.573951687807213
4844.203,-1.2270625410181326,-3.567848989743601
4844.223,-1.21875489596156,-3.5614706134342726
4844.243,-1.2108332497037058,-3.5553686812487753
4844.263,-1.2029102535988654,-3.549268875436724
4844.283,-1.1949638539542855,-3.5431701651726035
4844.303,-1.1870170136728364,-3.5370713720895135
4844.323,-1.1790697992892631,-3.5309729130042067
4844.343,-1.171122133518534,-3.5248749889786426
4844.363,-1.1631739958241136,-3.5187776640337556
4844.383,-1.155225397049502,-3.512680955349549
4844.403,-1.147276350810414,-3.5065848772041295
4844.423,-1.1393268832037717,-3.5004894114265706
4844.443,-1.131369710543237,-3.494374509306692
4844.463,-1.123443170608192,-3.4882781828550153
4844.483,-1.1155157490301837,-3.482182925421622
4844.503,-1.107588185311202,-3.476087793018004
4844.523,-1.0996605626779996,-3.469992734794264
4844.543,-1.0917328856567594,-3.4638977559959496
4844.563,-1.0838051489396532,-3.457802867560958
4844.583,-1.0758773490982914,-3.451708079428587
4844.603,-1.0679494794156736,-3.445613405071617
4844.623,-1.0600215368073092,-3.439518858981023
4844.643,-1.0520935171834715,-3.4334244589171896
4844.663,-1.044167456139109,-3.4273278753395786
4844.683,-1.036241399831961,-3.4212312797572344
4844.703,-1.0283153443798116,-3.415134684313935
4844.723,-1.020393646125088,-3.4090334749620745
4844.743,-1.012470123910574,-3.4029329470659584
4844.763,-1.0045373923132481,-3.396841982913783
4844.783,-0.9966047746502841,-3.3907413241017204
4844.803,-0.9886596114402373,-3.3846321575504588
4844.823,-0.9807333940637909,-3.3785369822747224
4844.843,-0.9728087357927068,-3.372428624879761
4844.863,-0.9648834557109756,-3.3663304958211957
4844.883,-0.9569446353522418,-3.3602181261585677
4844.903,-0.9490112971878368,-3.35412300896225
4844.923,-0.9410779816570337,-3.3480279286868027
4844.943,-0.9331444652974825,-3.341933019910598
4844.963,-0.9252107531915374,-3.3358382979169097
4844.983,-0.9172768667181223,-3.3297437751071803
4845.003,-0.9093428332317053,-3.3236494631604976
4845.023,-0.9014086858834164,-3.317555380803802
4845.043,-0.8934744831320812,-3.31146155028077
4845.063,-0.8855464348781652,-3.305366693605159
4845.083,-0.8775853930743762,-3.299250338245843
4845.103,-0.869657645617188,-3.2931566956533063
4845.123,-0.861727942418916,-3.2870612883660155
4845.143,-0.8537850001730632,-3.2809570398221948
4845.163,-0.8458571104410039,-3.2748635189213497
4845.183,-0.837927832982344,-3.268772995821754
4845.203,-0.8300004457463189,-3.262678118395517
4845.223,-0.822073014158721,-3.256583308363197
4845.243,-0.8141455814419413,-3.2504884984767406
4845.263,-0.8062181479630036,-3.244393688138485
4845.283,-0.7982907137291909,-3.238298877347915
4845.303,-0.7903632787545443,-3.232204066114248
4845.323,-0.7824358430598346,-3.2261092544489225
4845.343,-0.7745084066751661,-3.2200144423678183
4845.363,-0.7665809696366703,-3.2139196298890207
4845.383,-0.758653531988927,-3.2078248170350223
4845.403,-0.7507260937815177,-3.2017300038304084
4845.423,-0.7427986550713058,-3.195635190303978
4845.443,-0.7348712159189074,-3.189540376486356
4845.463,-0.7269437763908476,-3.1834455624120515
4845.483,-0.719016336555928,-3.1773507481170093
4845.503,-0.7110888964873431,-3.1712559336405763
4845.523,-0.7031614562589719,-3.1651611190230224
4845.543,-0.6952340159474332,-3.159066304307456
4845.563,-0.6873065756283667,-3.152971489537294
4845.583,-0.6793791353784738,-3.146876674758134
4845.603,-0.6714516952718055,-3.140781860015189
4845.623,-0.6635242553818248,-3.1346870453551525
4845.643,-0.6555968157777128,-3.128592230823598
4845.663,-0.6476693765265145,-3.1224974164668335
4845.683,-0.6408670018285889,-3.117307512116617
4845.703,-0.6355156128978849,-3.113322033849983
4845.723,-0.632084542807368,-3.1106129810687966
4845.743,-0.6298080872418783,-3.10801865459541
4845.763,-0.628703252492434,-3.1055554442168978
4845.783,-0.628615664884283,-3.103210650433616
4845.803,-0.6295479724927567,-3.1010049171427307
4845.823,-0.6312798319819565,-3.09893081332346
4845.843,-0.633047712117811,-3.0968905694764723
4845.863,-0.6348520229818274,-3.0948824888836928
4845.883,-0.6366921893900833,-3.092907196317594
4845.903,-0.6385676169695671,-3.0909653320504975
4845.923,-0.6404776984516327,-3.089057524415992
4845.943,-0.6424218165671665,-3.087184392374336
4845.963,-0.644399341873633,-3.0853465428410343
4845.983,-0.6464096346967042,-3.08354457192432
4846.003,-0.6484520441890367,-3.081779063771366
4846.023,-0.6505259091593102,-3.080050591221329
4846.043,-0.6526305583018989,-3.078359715394518
4846.063,-0.6547653097502152,-3.0767069844988244
4846.083,-0.6569294718142723,-3.0750929347078664
4846.103,-0.6591223438756639,-3.073518090577035
4846.123,-0.6613432150524843,-3.0719829630440887
4846.143,-0.6635913657108833,-3.0704880506104844
4846.163,-0.6658660669079484,-3.069033838315159
4846.183,-0.6681665812154597,-3.0676207985418134
4846.203,-0.6704921631705909,-3.066249390407376
4846.223,-0.6728420582757781,-3.064920058830673
4846.243,-0.6752155045882109,-3.0636332356207845
4846.263,-0.6776117324158497,-3.062389338674879
4846.283,-0.680029964614536,-3.0611887717678883
4846.303,-0.6824694167835503,-3.060031924471376
4846.323,-0.6849292977686472,-3.05891917265387
4846.343,-0.6859872134007575,-3.0545602992028025
4846.363,-0.685766104640055,-3.0479660932508237
4846.383,-0.6843140157604274,-3.0403430281406982
4846.403,-0.6816184780490242,-3.0316722504801126
4846.423,-0.6780944364988349,-3.0223134767139554
4846.443,-0.6745725462046315,-3.0129536742232683
4846.463,-0.6711798948251477,-3.002949252366877
4846.483,-0.6677179929529853,-2.9935761702521457
4846.503,-0.6642149344395742,-2.984226305693943
4846.523,-0.6606995076315945,-2.974875542558226
4846.543,-0.6571855418704633,-2.965490203203176
4846.563,-0.6536877371096506,-2.956091574458697
4846.583,-0.6501825847419348,-2.946682927861744
4846.603,-0.6466784294066928,-2.9373185245072175
4846.623,-0.6431689303231399,-2.9279545835959655
4846.643,-0.639666081824616,-2.918576697681628
4846.663,-0.6361518808576556,-2.9092156231779773
4846.683,-0.6326512407179253,-2.899848745496563
4846.703,-0.6291401483097118,-2.8904955702898643
4846.723,-0.625628957300635,-2.88110921658059
4846.743,-0.6221285719128471,-2.871742316015039
4846.763,-0.6186156740619089,-2.8623799199360143
4846.783,-0.6151125540279735,-2.8529711572614724
4846.803,-0.6116130348178981,-2.843604437796079
4846.823,-0.6080958484031288,-2.834245185205268
4846.843,-0.6045931927117356,-2.8248804978109083
4846.863,-0.6010926163149074,-2.815493808230241
4846.883,-0.5975865043714436,-2.806127742407275
4846.903,-0.5940790741263141,-2.7967634431561796
4846.923,-0.5905716570030767,-2.7873991334429404
4846.943,-0.5870642541222854,-2.778034818188469
4846.963,-0.5835568640616146,-2.7686704976706618
4846.983,-0.580049487206042,-2.7593061722974745
4847.003,-0.5765421243307112,-2.749941841478382
4847.023,-0.5730347740355832,-2.7405775054174266
4847.043,-0.5695274365791598,-2.731213164615618
4847.063,-0.56602011285116,-2.7218488184032843
4847.083,-0.5625128015664042,-2.7124844669097494
4847.103,-0.5590133820790931,-2.703117142371541
4847.123,-0.5555176243727815,-2.6937263486134
4847.143,-0.552011389031707,-2.6843615920423813
4847.163,-0.548505190750842,-2.6749968232599413
4847.183,-0.544999005727554,-2.665632048846783
4847.203,-0.5414928338103536,-2.6562672695037604
4847.223,-0.5379866744931816,-2.646902484809584
4847.243,-0.5344805279558587,-2.637537695320127
4847.263,-0.5309743938183412,-2.628172900533325
4847.283,-0.5274682731174273,-2.6188081004113304
4847.303,-0.5239621647195709,-2.6094432957134845
4847.323,-0.520456068127539,-2.6000784860270834
4847.343,-0.51694998450764,-2.590713671235253
4847.363,-0.5134439137104124,-2.5813488514156866
4847.383,-0.5099378547363286,-2.5719840272464527
4847.403,-0.5064318082984084,-2.562619198207577
4847.423,-0.5029257742606614,-2.553254364378596
4847.443,-0.49941975249180937,-2.543889525836486
4847.463,-0.4959137428670675,-2.534524682658619
4847.483,-0.4924077452673899,-2.5251598349188713
4847.503,-0.48890175958121374,-2.515794982690574
4847.523,-0.4853957870219777,-2.5064301258472828
4847.543,-0.48188982617476,-2.4970652646518183
4847.563,-0.47838387695042,-2.487700399166358
4847.583,-0.47487449905564016,-2.478327523713347
4847.603,-0.47137564512417435,-2.4689392481952828
4847.623,-0.467869965557817,-2.459574263913307
4847.643,-0.4643643173018572,-2.4502092864350646
4847.663,-0.46085633232639395,-2.4408318666668984
4847.683,-0.45734864575741013,-2.4314666752991796
4847.703,-0.45384365709952335,-2.42210456491933
4847.723,-0.45033083275571767,-2.4127387464620966
4847.743,-0.4468458217329096,-2.4033683289090852
4847.763,-0.4433373249330643,-2.3940149423949113
4847.783,-0.4398351518526711,-2.3846520873421984
4847.803,-0.43633746972182297,-2.3752842492328448
4847.823,-0.432827658969996,-2.3659208140609143
4847.843,-0.4293316670201738,-2.356493648017093
4847.863,-0.42582605315257144,-2.3471277204572485
4847.883,-0.4223279651607863,-2.337760174730097
4847.903,-0.41881427705569163,-2.3283996431199503
4847.923,-0.41531140889659046,-2.3190039080838973
4847.943,-0.41180324188978895,-2.3096396821928598
4847.963,-0.408302063679307,-2.3002767091304657
4847.983,-0.4048059331678658,-2.290908291449092
4848.003,-0.4012983078222414,-2.281543917767895
4848.023,-0.39780052576110286,-2.272133239069632
4848.043,-0.3942901081678547,-2.262761209711977
4848.063,-0.39078253804743013,-2.2533968027059217
4848.083,-0.3872770110613807,-2.24402134340996
4848.103,-0.3837795358659196,-2.2346360535937833
4848.123,-0.38026807967110765,-2.225274067877769
4848.143,-0.37677002425232187,-2.2159082310621816
1758191804.1837828,-1.5181806442584276,-3.237299028503857
4848.163,-1.5092375290441329,-3.2417726023210998
4848.183,-1.500294402070641,-3.2462461639368616
4848.203,-1.4913512684104808,-3.250719713263816
4848.223,-1.482408128600378,-3.255193250001088
4848.243,-1.473464982204493,-3.2596667746181236
4848.263,-1.4645218288091058,-3.26414028579034
4848.283,-1.4555786693118595,-3.2686137846105368
4848.303,-1.446635503285193,-3.2730872715520305
4848.323,-1.437692330420455,-3.2775607454095477
4848.343,-1.428749151529096,-3.282034207169576
4848.363,-1.4198093014635382,-3.2865135923836517
4848.383,-1.410852784857035,-3.290982418682793
4848.403,-1.4019094712367028,-3.295455614720473
4848.423,-1.3929661455057243,-3.2999287850335652
4848.443,-1.384022813353801,-3.3044019425633597
4848.463,-1.3750794743680876,-3.3088750878690836
4848.483,-1.36613612839681,-3.313348219928786
4848.503,-1.3571927763085965,-3.3178213397951515
4848.523,-1.3482494177406452,-3.3222944480118737
4848.543,-1.3393060532332222,-3.3267675443379083
4848.563,-1.330362681996849,-3.3312406279100872
4848.583,-1.321419304555157,-3.335713700276954
4848.603,-1.3134700896007077,-3.338889255907443
4848.623,-1.3068935299094118,-3.3414202653695284
4848.643,-1.3019917826173861,-3.343473014922993
4848.663,-1.2984469966520686,-3.345310233268211
4848.683,-1.29607965682817,-3.3467024352777286
4848.703,-1.2948352495429263,-3.3480223213405633
4848.723,-1.2945741188747035,-3.349678593972044
4848.743,-1.2950042100181516,-3.3519466011882115
4848.763,-1.2962384380755727,-3.354199496773459
4848.783,-1.297609647918584,-3.356523436403762
4848.803,-1.2990233465107413,-3.3588231889881444
4848.823,-1.3004782098007566,-3.3610971215829006
4848.843,-1.3019737574659063,-3.3633444927855844
4848.863,-1.3035095044522087,-3.3655645755439556
4848.883,-1.3050849529414352,-3.3677566517418236
4848.903,-1.3066995921783884,-3.3699200122990143
4848.923,-1.3083528995242037,-3.372053957187329
4848.943,-1.31004433925624,-3.3741577963214513
4848.963,-1.3117733634515796,-3.3762308492944
4848.983,-1.3135394126188675,-3.3782724454414423
4849.003,-1.3153419145921836,-3.3802819249541227
4849.023,-1.3171802861575628,-3.3822586376705286
4849.043,-1.3190539319629178,-3.38420194490829
4849.063,-1.3209622459804649,-3.386111217775473
4849.083,-1.3229046108630849,-3.3879858389648465
4849.103,-1.3248803977164785,-3.3898252025789257
4849.123,-1.3268889679667433,-3.391628713425523
4849.143,-1.3289296718802188,-3.393395788086589
4849.163,-1.331001848894349,-3.395125855337791
4849.183,-1.3331048294169632,-3.3968183550722144
4849.203,-1.3352379330120758,-3.3984727401713815
4849.223,-1.337400469991319,-3.4000884750581655
4849.243,-1.339591740682336,-3.4016650373408157
4849.263,-1.3418110368248994,-3.4032019158866187
4849.283,-1.3440576404599907,-3.404698613705032
4849.303,-1.3463308250408226,-3.4061546456737326
4849.323,-1.348629855187696,-3.4075695407111413
4849.343,-1.3509539874579592,-3.40894283958943
4849.363,-1.3533024695167535,-3.4102740980268442
4849.383,-1.355674542066118,-3.411562883702932
4849.403,-1.3580694368201678,-3.412808779730869
4849.423,-1.3604863792577155,-3.4140113811544164
4849.443,-1.3629245867333253,-3.415170298005788
4849.463,-1.3653832700560184,-3.416285154075102
4849.483,-1.3678616329980275,-3.4173555877124664
4849.503,-1.370358872736699,-3.418381251629958
4849.523,-1.372874180740175,-3.4193618117103703
4849.543,-1.37540674198349,-3.4202969498776423
4849.563,-1.3779557357512389,-3.4211863626458965
4849.583,-1.3805203361561689,-3.4220297606684174
4849.603,-1.3830997120871982,-3.42282686959129
4849.623,-1.385693027506868,-3.423577430028705
4849.643,-1.38829944154343,-3.4242811982204837
4849.663,-1.3909181091270926,-3.4249379459258047
4849.683,-1.3935481813090242,-3.4255474585083614
4849.703,-1.3961888051858367,-3.4261095383269726
4849.723,-1.398839124538618,-3.426624002434559
4849.743,-1.4014982798547149,-3.4270906833211305
4849.763,-1.4041654087895357,-3.427509429120551
4849.783,-1.4068396464436463,-3.4278801034835467
4849.803,-1.409520125486965,-3.428202586454009
4849.823,-1.4118384272251154,-3.4320424047847635
4849.843,-1.413608173460472,-3.4383985761797904
4849.863,-1.4145128606454325,-3.4461058542030996
4849.883,-1.4145462204459385,-3.455185963992212
4849.903,-1.4139959895860157,-3.4651711046044307
4849.923,-1.4134481162739896,-3.4751565721956132
4849.943,-1.4132106625789607,-3.4857142381518527
4849.963,-1.4127265452927573,-3.495719710853244
4849.983,-1.4122312601456692,-3.505686645915674
4850.003,-1.411693278687168,-3.5156717231137775
4850.023,-1.4111553410371722,-3.5256568641083685
4850.043,-1.4106174144581007,-3.535642006207547
4850.063,-1.4100712630478396,-3.54562628650425
4850.083,-1.409529519881976,-3.555612570991679
4850.103,-1.4089835542933415,-3.565597193109767
4850.123,-1.4084450732868843,-3.575589387729488
4850.143,-1.4079146349388292,-3.5855781843122596
4850.163,-1.4073789610073095,-3.595563125001301
4850.183,-1.406843629621274,-3.605548450576612
4850.203,-1.406309065988608,-3.61553371448439
4850.223,-1.4057736794475186,-3.6255189887221135
4850.243,-1.405237733775921,-3.6355042757664773
4850.263,-1.4047014284033976,-3.6454895723024934
4850.283,-1.4041648895201653,-3.655474875455286
4850.303,-1.403628212437753,-3.6654601845569914
4850.323,-1.4030914618336159,-3.675445498104481
4850.343,-1.4025546847961219,-3.685430816321953
4850.363,-1.4020179158804567,-3.695416139120597
4850.383,-1.401481181274471,-3.7054014665717405
4850.403,-1.4009444990026083,-3.715386798403141
4850.423,-1.4004078880335877,-3.7253721346391577
4850.443,-1.399871360534071,-3.7353574753098635
4850.463,-1.3993349326310354,-3.7453428199608667
4850.483,-1.3987986164083621,-3.755328167550109
4850.503,-1.3982624200329663,-3.765313516324475
4850.523,-1.3977263611903228,-3.7752988641842737
4850.543,-1.3971904543538376,-3.7852842059352807
4850.563,-1.396654722941444,-3.7952695332815125
4850.583,-1.3961192049471824,-3.8052548283865044
4850.603,-1.3955839547987254,-3.8152400499313095
4850.623,-1.3950461197645185,-3.8252245412967576
4850.643,-1.394509463155855,-3.8352097509424743
4850.663,-1.3939728268497495,-3.845194962963621
4850.683,-1.3934362037230623,-3.855180175432404
4850.703,-1.3928995939362283,-3.8651653884244492
4850.723,-1.3923629994060829,-3.87515060259335
4850.743,-1.3918264180843152,-3.885135817290182
4850.763,-1.3912898499013242,-3.895121032515576
4850.783,-1.3907532945007308,-3.9051062481783485
4850.803,-1.3902167519021393,-3.9150914649373885
4850.823,-1.3896802222100069,-3.9250766822273473
4850.843,-1.3891437075058262,-3.9350619001322884
4850.863,-1.3886072055303997,-3.945047118566226
4850.883,-1.3880707157182461,-3.955032337999462
4850.903,-1.387534238437543,-3.965017557957374
4850.923,-1.3870195709131627,-3.9750241145416014
4850.943,-1.3864995914161438,-3.9850295715080213
4850.963,-1.3859644492678191,-3.9950148678315007
4850.983,-1.3854293676248732,-4.005000162989393
4851.003,-1.3848942984906614,-4.01498545854583
4851.023,-1.3843592440489163,-4.024970754785046
4851.043,-1.3838242012288078,-4.034956051994772
4851.063,-1.3832891703517542,-4.044941349695948
4851.083,-1.3827541512702224,-4.054926647880565
4851.103,-1.3822191460053053,-4.0649119466273556
4851.123,-1.3816841520578507,-4.074897246408958
4851.143,-1.3811491716389133,-4.084882546737585
4851.163,-1.3806142024408121,-4.094867847519501
4851.183,-1.3800792464953644,-4.104853148833092
4851.203,-1.3795443013171644,-4.114838451151402
4851.223,-1.379009369134106,-4.124823753985452
4851.243,-1.3784744476581623,-4.1348090572437926
4851.263,-1.3779395389439129,-4.144794361003681
4851.283,-1.377406906461104,-4.15478026382062
4851.303,-1.376872117101822,-4.164765567730012
4851.323,-1.3763373218157309,-4.174750878431563
4851.343,-1.3758025397743097,-4.184736189783553
4851.363,-1.3752658853185926,-4.194722218661582
4851.383,-1.3747462302719906,-4.2047125039991675
4851.403,-1.374212810245022,-4.214699123281539
4851.423,-1.3736744186657492,-4.224684176613587
4851.443,-1.3731370227850639,-4.234669697511418
4851.463,-1.3726006535477544,-4.244655204438743
4851.483,-1.3720649766272193,-4.254640712180782
4851.503,-1.371529768308745,-4.2646262196625955
4851.523,-1.3709948945165882,-4.274611728185161
4851.543,-1.3704602630204739,-4.284597237438966
4851.563,-1.3699258163359616,-4.294582748056361
4851.583,-1.3693915157910082,-4.304568260562448
4851.603,-1.3688573397026504,-4.3145537754716585
4851.623,-1.3683232743808074,-4.324539292963762
4851.643,-1.3677893111830701,-4.334524812465228
4851.663,-1.3672554510081163,-4.344510334598581
4851.683,-1.3667216959733899,-4.354495859255891
4851.703,-1.3661880480234805,-4.364481385979223
4851.723,-1.3656545134534726,-4.374466914038767
4851.743,-1.365121099995682,-4.384452442095067
4851.763,-1.3645878187538925,-4.394437968827053
4851.783,-1.3640546829835811,-4.404423491384866
4851.803,-1.3635217131494952,-4.414409004735153
4851.823,-1.3629889313658865,-4.424394499276321
4851.843,-1.3624563757481722,-4.4343799562373345
4851.863,-1.3619241124643342,-4.444365328203747
4851.883,-1.3613899149911914,-4.454350573605552
4851.903,-1.3608562638780324,-4.464335944652822
4851.923,-1.3603226303217766,-4.474321317399279
4851.943,-1.3597890100600207,-4.484306691247962
4851.963,-1.3592554031756776,-4.4942920656207574
4851.983,-1.3587218093185671,-4.504277440427802
4852.003,-1.3581882287028764,-4.51426281576305
4852.023,-1.3576546635216704,-4.524248192372495
4852.043,-1.357121111151087,-4.534233569419538
4852.063,-1.3565875717945708,-4.544218946998432
4852.083,-1.3560540453681222,-4.554204325108095
4852.103,-1.355520531313946,-4.5641897042220085
4852.123,-1.354987030007635,-4.574175083864566
4852.143,-1.3544535435187142,-4.584160464119076
4852.163,-1.3539200695761457,-4.5941458448976995
4852.183,-1.3533877303460182,-4.604130997908515
4852.203,-1.3528503033002435,-4.614117020642703
4852.223,-1.3523167612829168,-4.62410240664486
4852.243,-1.3517833320421255,-4.634087790218492
4852.263,-1.3512499160256168,-4.6440731742705825
4852.283,-1.3515254756770485,-4.652567670136276
4852.303,-1.3517070115085181,-4.659644145603288
4852.323,-1.3515911329530084,-4.664960433601101
4852.343,-1.3511604767834038,-4.668955744394116
4852.363,-1.35028224394547,-4.672119897168157
4852.383,-1.3491358355313063,-4.674348834293578
4852.403,-1.347281073115535,-4.676020556938175
4852.423,-1.3450095648008045,-4.6767413488442555
4852.443,-1.3424298441624365,-4.676614681321996
4852.463,-1.339506631301107,-4.676597277934452
4852.483,-1.3367046815013073,-4.676396500338899
4852.503,-1.3337483141454456,-4.676319859399192
4852.523,-1.331031121003623,-4.675919700764102
4852.543,-1.3281747117881575,-4.6757451774703815
4852.563,-1.3252591518303807,-4.675579932055676
4852.583,-1.322405859212909,-4.675258144666729
4852.603,-1.3196466687727737,-4.674855607395479
4852.623,-1.3168177745747618,-4.6743349440531246
4852.643,-1.313892638728019,-4.67400995546514
4852.663,-1.3109311195320756,-4.673545099693403
4852.683,-1.3080428413230056,-4.672971204654184
4852.703,-1.305305219703496,-4.672202502186387
4852.723,-1.3025961293516148,-4.671524223764556
4852.743,-1.299763815639339,-4.670801058154393
4852.763,-1.2971373687175805,-4.669822884567075
4852.783,-1.2942328803396663,-4.669022729624583
4852.803,-1.291624285590539,-4.66807375174001
4852.823,-1.2888488507453495,-4.667084686217379
4852.843,-1.2860793889885902,-4.666144800021454
4852.863,-1.283319221797206,-4.66508240737944
4852.883,-1.2806290370893967,-4.663926930923519
4852.903,-1.2779830106272367,-4.662706651243528
4852.923,-1.2752394090338683,-4.661536402991406
4852.943,-1.2725575746935835,-4.660287776244739
4852.963,-1.2701438459097432,-4.658862254391487
4852.983,-1.2679451990071966,-4.6573945338959515
4853.003,-1.265781921783042,-4.655781484968678
4853.023,-1.2636453626037913,-4.6541314723253695
4853.043,-1.2615387906123936,-4.652443276822444
4853.063,-1.2594629309282357,-4.650717435940475
4853.083,-1.2574184563438604,-4.64895450718124
4853.103,-1.255406028904234,-4.6471550608518575
4853.123,-1.253426300995038,-4.645319678718469
4853.143,-1.251479913814533,-4.643448954651134
4853.163,-1.2495674985175875,-4.641543493491462
4853.183,-1.247689675597582,-4.639603911827875
4853.203,-1.245847053614029,-4.637630837526801
4853.223,-1.2440402306524836,-4.635624909200983
4853.243,-1.2422697926797774,-4.633586776590924
4853.263,-1.240536314374084,-4.631517099563523
4853.283,-1.2388403585426464,-4.6294165483517995
4853.303,-1.2371824754376717,-4.627285803784544
4853.323,-1.235563203418502,-4.625125556177816
4853.343,-1.233983068229827,-4.622936505709363
4853.363,-1.2324425826246188,-4.620719362006378
4853.383,-1.2309422473273313,-4.618474843525937
4853.403,-1.2294825490049879,-4.616203678248643
4853.423,-1.2280639619323785,-4.613906602376376
4853.443,-1.2266869465740176,-4.6115843608898235
4853.463,-1.2253519497845788,-4.609237706962505
4853.483,-1.2240594052995843,-4.606867401438807
4853.503,-1.2228097323163987,-4.604474213140181
4853.523,-1.2216033365007675,-4.602058918270978
4853.543,-1.22044060956934,-4.599622299977545
4853.563,-1.219321928496804,-4.597165148563869
4853.583,-1.2149605324669495,-4.596117824968141
1758191811.0039492,-1.115742423571472,-3.7364060203208473
4853.603,-1.109144577560966,-3.736377025932167
4853.623,-1.1014719621257063,-3.7375391564276725
4853.643,-1.092705247574372,-3.739904130976093
4853.663,-1.0832196409281185,-3.7430709608742125
4853.683,-1.0737330622899952,-3.746235602945394
4853.703,-1.0635570320788945,-3.749203104743216
4853.723,-1.0540667558221315,-3.752307539964738
4853.743,-1.0445758719289713,-3.7554596343871514
4853.763,-1.0350867503093084,-3.758613913502604
4853.783,-1.0255976202254828,-3.761768166177603
4853.803,-1.0161084858319824,-3.7649224056665114
4853.823,-1.0066193467442357,-3.7680766312841345
4853.843,-0.9971302030196953,-3.7712308431578956
4853.863,-0.9876410547108244,-3.774385041406358
4853.883,-0.9781519018685864,-3.777539226138614
4853.903,-0.9686627450015561,-3.780693397050986
4853.923,-0.9591772542704287,-3.783845994435164
4853.943,-0.9496929201054213,-3.787009536380715
4853.963,-0.9401553604582371,-3.790153290814976
4853.983,-0.9306659475923096,-3.7933069136352846
4854.003,-0.9211765807172962,-3.7964604517134886
4854.023,-0.9116872095176471,-3.7996139757653435
4854.043,-0.9021978340974244,-3.8027674865176215
4854.063,-0.8927084539472281,-3.8059209830100067
4854.083,-0.8832178032938277,-3.8090659742124693
4854.103,-0.8737297508973909,-3.8122237334614413
4854.123,-0.8642402138121101,-3.8153771403258965
4854.143,-0.854750791896883,-3.818530512670486
4854.163,-0.8452613663502088,-3.821683869891954
4854.183,-0.8368001928640281,-3.8240488457593362
4854.203,-0.8298977568293621,-3.8258690134673685
4854.223,-0.8246070131933723,-3.826902279983515
4854.243,-0.8207513324917023,-3.827739236176731
4854.263,-0.8173659298512851,-3.8278844725632326
4854.283,-0.8143742460142128,-3.8274972056202845
4854.303,-0.8119021865893108,-3.826265123871532
4854.323,-0.8099285953735512,-3.8244717718117625
4854.343,-0.8083413910192502,-3.8220872521590143
4854.363,-0.8072079611756328,-3.8193082975039103
4854.383,-0.8062064256823472,-3.8165490798516433
4854.403,-0.8053016810343141,-3.813806762530754
4854.423,-0.804471245125879,-3.811049966353734
4854.443,-0.8039838972347171,-3.8083948082164185
4854.463,-0.8035440870920544,-3.8057311967739613
4854.483,-0.8031523214719153,-3.8030600770807275
4854.503,-0.8028086983051884,-3.800382350721723
4854.523,-0.8025133290861594,-3.797698885570548
4854.543,-0.8022663093075612,-3.795010551593411
4854.563,-0.8020677180769561,-3.7923182200769414
4854.583,-0.8019176191287665,-3.7896227634412445
4854.603,-0.801816060140066,-3.7869250552188176
4854.623,-0.801763073599759,-3.7842259694871125
4854.643,-0.8017586756983351,-3.781526380751742
4854.663,-0.8018028671729022,-3.778827163396683
4854.683,-0.8018956326180902,-3.7761291918807793
4854.703,-0.8020369416325126,-3.7734333400236992
4854.723,-0.8022267474368321,-3.7707404808221088
4854.743,-0.8024649875517867,-3.7680514862628924
4854.763,-0.8027515844456359,-3.7653672270759584
4854.783,-0.8030864443365904,-3.762688572286115
4854.803,-0.8034694581694491,-3.7600163890725207
4854.823,-0.8039005011064272,-3.757351542363402
4854.843,-0.8043794328860525,-3.754694894830284
4854.863,-0.8049060981501073,-3.7520473061778423
4854.883,-0.8054803254362566,-3.7494096332662235
4854.903,-0.8061019281776576,-3.7467827295736935
4854.923,-0.8067707047642774,-3.744167445282235
4854.943,-0.8074864384903455,-3.7415646264532785
4854.963,-0.8082488968437942,-3.7389751150140915
4854.983,-0.8090578328678781,-3.736399748890386
4855.003,-0.8099129847263593,-3.733839361224225
4855.023,-0.8108140749977883,-3.731294780049213
4855.043,-0.811760812128588,-3.7287668286943108
4855.063,-0.8127528893425413,-3.726256324518694
4855.083,-0.8137899857031515,-3.7237640797188916
4855.103,-0.8148717656827298,-3.7212909005542683
4855.123,-0.8159978791816925,-3.7188375867566488
4855.143,-0.8171679621513678,-3.716404931919105
4855.163,-0.8183816360312712,-3.7139937228915683
4855.183,-0.819638508314361,-3.7116047398259515
4855.203,-0.8209381728460156,-3.709238755351096
4855.223,-0.8222802093038762,-3.7068965349857526
4855.243,-0.8236641840039816,-3.704578836629705
4855.263,-0.8250896494290556,-3.702286410231473
4855.283,-0.8265561448415571,-3.7000199975880164
4855.303,-0.8280631962616872,-3.697780332367305
4855.323,-0.8296103164876495,-3.6955681396007574
4855.343,-0.8311970055346897,-3.693384135439088
4855.363,-0.8328227504747387,-3.6912290273466395
4855.383,-0.8344870254709783,-3.689103513259918
4855.403,-0.8361892924392126,-3.6870082816862584
4855.423,-0.8379290008518988,-3.6849440115650167
4855.443,-0.8397055881913089,-3.682911371936589
4855.463,-0.8415184794648761,-3.680911021592639
4855.483,-0.8433670883186691,-3.678943609120768
4855.503,-0.8452508164016151,-3.67700977253337
4855.523,-0.8471690540404692,-3.675110138998771
4855.543,-0.8491211802623845,-3.6732453246803405
4855.563,-0.8511065629761151,-3.6714159345908706
4855.583,-0.8531245593022162,-3.669622562498758
4855.603,-0.855174515388806,-3.667865790348625
4855.623,-0.8572557673130718,-3.6661461883592996
4855.643,-0.8593676406756056,-3.6644643147092597
4855.663,-0.8615094510290789,-3.6628207154991594
4855.683,-0.8636805042915998,-3.6612159242183107
4855.703,-0.8658800966912187,-3.659650461879299
4855.723,-0.868107515205755,-3.6581248366830543
4855.743,-0.8703620377225505,-3.656639543911343
4855.763,-0.8726429331922811,-3.655195065814635
4855.783,-0.8730834434672667,-3.65073134770511
4855.803,-0.8719459698660971,-3.644232093331869
4855.823,-0.8694462893488617,-3.6368854315981354
4855.843,-0.865569360161699,-3.628674443518326
4855.863,-0.8607762971547424,-3.619897732513146
4855.883,-0.8559852029852735,-3.611119658552162
4855.903,-0.8512029337298839,-3.6017262543716235
4855.923,-0.8464668041350853,-3.592877300440365
4855.943,-0.8417028807524529,-3.584109177985927
4855.963,-0.8369186001562683,-3.575308642216905
4855.983,-0.832134971301201,-3.566494688816712
4856.003,-0.8273727279047699,-3.5576851664667695
4856.023,-0.8225934808127913,-3.548901607466869
4856.043,-0.8178142550661697,-3.5401180372688392
4856.063,-0.8130350397674183,-3.5313344615852835
4856.083,-0.8082552431362291,-3.52255110862091
4856.103,-0.8034731170244228,-3.5137702941057403
4856.123,-0.7986940784436891,-3.5049865862335965
4856.143,-0.7939226451599656,-3.496198843367366
4856.163,-0.7891491719993037,-3.4874010371574626
4856.183,-0.7843702028048217,-3.478618640073327
4856.203,-0.7795980134757995,-3.4698313382316424
4856.223,-0.7748154842297489,-3.461049763294494
4856.243,-0.7700344922848079,-3.45220730803558
4856.263,-0.7652604227123739,-3.443405432998497
4856.283,-0.760480478891476,-3.4345808684578802
4856.303,-0.7557028026846405,-3.4258065191951976
4856.323,-0.7509205388110416,-3.4170006121963787
4856.343,-0.7461401263621019,-3.4081756907043905
4856.363,-0.741364015402788,-3.3993897456517455
4856.383,-0.7365932970868402,-3.3906021243464592
4856.403,-0.7318098735115863,-3.3817969952145877
4856.423,-0.7270539074615653,-3.3730061202540096
4856.443,-0.7222729826606329,-3.3642238130443682
4856.463,-0.7174944767160867,-3.3553799747926023
4856.483,-0.7127229679061421,-3.3465770891875097
4856.503,-0.7079535076517066,-3.337789475909929
4856.523,-0.7031704199651334,-3.3290096023917295
4856.543,-0.6983953517274736,-3.3202237274570185
4856.563,-0.6936202786251712,-3.3114378911171425
4856.583,-0.6888452165164559,-3.3026520490755584
4856.603,-0.684070165448129,-3.2938662008444544
4856.623,-0.6792951247884641,-3.28508034626618
4856.643,-0.6745200951916498,-3.2762944855537675
4856.663,-0.6697450766748541,-3.267508618737422
4856.683,-0.6649700692556444,-3.2587227458462755
4856.703,-0.6601950727505325,-3.249936867130431
4856.723,-0.655420087581266,-3.2411509821833766
4856.743,-0.6506451139996243,-3.2323650916595645
4856.763,-0.6458701509410226,-3.223579195004016
4856.783,-0.6424619154603104,-3.2158783929365593
4856.803,-0.6398801976642096,-3.2094207554929604
4856.823,-0.6376582726938615,-3.2046863891466093
4856.843,-0.6357657770117265,-3.201395025636534
4856.863,-0.6340872663105162,-3.1994183682789554
4856.883,-0.6325496974793529,-3.198374095811284
4856.903,-0.6310085018667735,-3.198413023089455
4856.923,-0.6288098149763555,-3.1992469383006643
4856.943,-0.6265159148693351,-3.200675188481701
4856.963,-0.6242491158744312,-3.2021441995248128
4856.983,-0.6220091312323894,-3.203653879379091
4857.003,-0.6197967054424246,-3.205203637198508
4857.023,-0.6176125450902675,-3.206792974503606
4857.043,-0.6154573510278375,-3.2084213797082084
4857.063,-0.6133318170590834,-3.2100883276072616
4857.083,-0.6112366288622828,-3.2117932802187896
4857.103,-0.6091724630466854,-3.2135356867902276
4857.123,-0.6071399867020641,-3.2153149837292228
4857.143,-0.6051398571456184,-3.2171305958531495
4857.163,-0.6031727214616133,-3.218981935987021
4857.183,-0.6012392162389696,-3.2208684049572387
4857.203,-0.5993399673216833,-3.222789392552335
4857.223,-0.5974755895622531,-3.2247442769992007
4857.243,-0.5956466866973564,-3.226732425599254
4857.263,-0.593853850852948,-3.2287531948420316
4857.283,-0.5920976626905095,-3.230805930420181
4857.303,-0.5903786910587149,-3.2328899676847005
4857.323,-0.5886974929993858,-3.235004631789298
4857.343,-0.5870546132864016,-3.2371492380153333
4857.363,-0.5854505842245149,-3.23932309147169
4857.383,-0.5838859257177489,-3.241525487888592
4857.403,-0.5823611451190044,-3.243755713615244
4857.423,-0.5808767367764873,-3.2460130458563006
4857.443,-0.5794331821001321,-3.2482967529870126
4857.463,-0.5780309493449552,-3.2506060944229014
4857.483,-0.57667049346594,-3.2529403213205157
4857.503,-0.57535225617891,-3.2552986767059036
4857.523,-0.57407666500864,-3.2576803953223403
4857.543,-0.572844134152481,-3.2600847044941186
4857.563,-0.5716550636912794,-3.2625108239361666
4857.583,-0.5705098395645417,-3.264957966135276
4857.603,-0.5694088337959803,-3.2674253367647283
4857.623,-0.5683524034503783,-3.2699121345704745
4857.643,-0.5673408922111548,-3.272417552044743
4857.663,-0.5663746279514296,-3.274940775356911
4857.683,-0.5654539246443675,-3.277480985073874
4857.703,-0.5645790813360465,-3.280037356127213
4857.723,-0.5637503819403312,-3.282609057895885
4857.743,-0.5629680952020285,-3.285195254930144
4857.763,-0.5622324750465184,-3.2877951070687237
4857.783,-0.5615437602275987,-3.290407769558586
4857.803,-0.5609021741568754,-3.293032393770106
4857.823,-0.5603079246159485,-3.2956681268088275
4857.843,-0.5597612041660565,-3.2983141124502304
4857.863,-0.555731491239378,-3.3002979965891326
4857.883,-0.5492450229666836,-3.301522273071614
4857.903,-0.5414851534091528,-3.3017705552250596
4857.923,-0.532430853464881,-3.3010347548660466
4857.943,-0.522527566904773,-3.2996439628997574
4857.963,-0.512624000591511,-3.298255603509418
4857.983,-0.5021395403115808,-3.2971045163419452
4858.003,-0.4922207239468444,-3.2957829339851274
4858.023,-0.4823018775006005,-3.294423369886302
4858.043,-0.4723789416677317,-3.293053337108492
4858.063,-0.4624855205333702,-3.29167940313472
4858.083,-0.45258121736282203,-3.2903020982901956
4858.103,-0.4426769164553247,-3.2889248413567422
4858.123,-0.4327726131980905,-3.2875475972609265
4858.143,-0.4228683070259842,-3.28617036523658
4858.163,-0.4129639985142245,-3.2847931453565122
4858.183,-0.4030596870633626,-3.2834159387889086
4858.203,-0.3931553733681778,-3.2820387440194003
4858.223,-0.38325105748719485,-3.28066156088338
4858.243,-0.3733467389695941,-3.2792843902970086
4858.263,-0.36344241840104163,-3.2779072310315507
4858.283,-0.35353809534217223,-3.276530084014384
4858.303,-0.34363376974612064,-3.2751529493722766
4858.323,-0.33372944236343616,-3.2737758269569883
4858.343,-0.3238251132605098,-3.2723987153054757
4858.363,-0.31392078201390744,-3.271021615368263
4858.383,-0.30401644874192246,-3.269644528359296
4858.403,-0.2941121135158014,-3.268267452833247
4858.423,-0.2842077764325985,-3.266890388683739
4858.443,-0.274303438125106,-3.265513336067517
4858.463,-0.26439909815156165,-3.2641362946335093
4858.483,-0.25449475662767757,-3.262759265626409
4858.503,-0.24459041362165265,-3.2613822476323993
4858.523,-0.23468606924324034,-3.260005241908824
4858.543,-0.22478172409083758,-3.258628247311642
4858.563,-0.21487737772753895,-3.2572512648535765
4858.583,-0.20497303020366536,-3.255874293145849
4858.603,-0.19506868160833218,-3.2544973334705976
4858.623,-0.18516433200236188,-3.2531203857835997
4858.643,-0.17525998141415478,-3.251743448713616
4858.663,-0.16535556399900986,-3.250366501586187
4858.683,-0.15545178439958995,-3.248988670694459
4858.703,-0.14552885582738218,-3.247629266109294
4858.723,-0.13562437629347723,-3.2462532842367113
4858.743,-0.125719897890766,-3.2448772965363584
4858.763,-0.11581541890258033,-3.243501321490447
4858.783,-0.10590958519434544,-3.24213152680349
4858.803,-0.09598123987023272,-3.240762912445892
4858.823,-0.08605324605015385,-3.2393917117715425
4858.843,-0.0761516326338326,-3.238002295562405
4858.863,-0.06624782770445817,-3.236620499247831
4858.883,-0.056342431823673655,-3.2352492474126286
4858.903,-0.04641493055303231,-3.2338821681308962
4858.923,-0.03650985025925982,-3.232509416247009
4858.943,-0.026605092441476477,-3.2311326633187836
4858.963,-0.016700346194524037,-3.229755578747404
4858.983,-0.0067956074630875565,-3.228378322783446
4859.003,0.0031091259089324422,-3.227000924949948
4859.023,0.013011893916610335,-3.2256347514224095
4859.043,0.022904281594394088,-3.2242547472928895
4859.063,0.03281103754886629,-3.2228859339931253
4859.083,0.042714205702295796,-3.2215019486844922
4859.103,0.05262663738788642,-3.220130330285651
4859.123,0.06252600244148038,-3.2187534229785326
4859.143,0.07118850897328978,-3.2181999396714125
4859.163,0.07826507463233477,-3.2179295550107625
4859.183,0.08340833503025022,-3.217903255281846
4859.203,0.08693203252870511,-3.218159440959142
4859.223,0.08967399494611102,-3.218937648200125
4859.243,0.09169818801041672,-3.2202735479497777
4859.263,0.09292265439555702,-3.2222583373212106
4859.283,0.09334101296109867,-3.2248307830549523
4859.303,0.09357186327932066,-3.227520128406586
4859.323,0.09375412930638274,-3.2302136847954563
4859.343,0.09388788399038915,-3.2329100978170056
4859.363,0.09397308468993945,-3.2356084887392442
4859.383,0.09400970355166871,-3.238307982210099
4859.403,0.09399772844388077,-3.2410077022510637
4859.423,0.09393716251012864,-3.2437067732575966
1758191818.56765,-1.7281682188698482,-3.7277828478508686
4859.443,-1.7296750706033066,-3.7300229517356147
4859.463,-1.7312219993758429,-3.732235572169218
4859.483,-1.7328085035572351,-3.7344199913193137
4859.503,-1.7344340690342936,-3.736575500536709
4859.523,-1.7360981684604306,-3.738701401035006
4859.543,-1.7378002622331383,-3.740797003474979
4859.563,-1.7395397984021106,-3.7428616284010134
4859.583,-1.741278848689506,-3.744913584746216
4859.603,-1.7430924667223924,-3.7469143208637514
4859.623,-1.744938196632454,-3.7488806820563894
4859.643,-1.7467852700859423,-3.750835018612256
4859.663,-1.7487040025662834,-3.7527349710092146
4859.683,-1.7506527922717818,-3.7545986122936608
4859.703,-1.75260180356325,-3.7564489717574467
4859.723,-1.7546200615015504,-3.7582425929287875
4859.743,-1.7566663698506753,-3.759998227501565
4859.763,-1.7587116678792274,-3.7617394822216617
4859.783,-1.7608235461392072,-3.7634215022804622
4859.803,-1.7629614705546146,-3.765064055474661
4859.823,-1.7650971123945793,-3.7666911180870986
4859.843,-1.7672965264473592,-3.7682566913053828
4859.863,-1.7695198902633524,-3.7697814159217127
4859.883,-1.7717396934278085,-3.7712895571843412
4859.903,-1.774020301075063,-3.77273416686519
4859.923,-1.7763226808604529,-3.7741366551978928
4859.943,-1.778620206571516,-3.7755214753595494
4859.963,-1.7809754285155035,-3.7768409499027666
4859.983,-1.7833501707106532,-3.7781171425570053
4860.003,-1.7857503547561786,-3.7793517339734994
4860.023,-1.7865875625280492,-3.783758100986863
4860.043,-1.7860350914734537,-3.7903331914744354
4860.063,-1.7842014230968228,-3.797873870437806
4860.083,-1.7810732198522519,-3.806398497454521
4860.103,-1.7770831925602644,-3.815568154907333
4860.123,-1.773095234254231,-3.8247390156492074
4860.143,-1.7686902771207287,-3.8342842180649557
4860.163,-1.7646949190531651,-3.8434474024723833
4860.183,-1.7606875843659089,-3.8526658252420902
4860.203,-1.7566550369543463,-3.8618718852255975
4860.223,-1.7526215768066138,-3.871077844450182
4860.243,-1.7485875931811776,-3.8802835876304558
4860.263,-1.7445530942857959,-3.889489106398127
4860.283,-1.7405180829412743,-3.8986944013703972
4860.303,-1.7364825566616786,-3.907899470676247
4860.323,-1.7324465153960975,-3.9171043147995985
4860.343,-1.7284099590827906,-3.9263089336272015
4860.363,-1.7243728879645137,-3.9355133270428833
4860.383,-1.7203353040906362,-3.9447174975038286
4860.403,-1.7162971978825325,-3.953921476392916
4860.423,-1.7122736695953278,-3.9631155923237626
4860.443,-1.708266615809761,-3.972283971959718
4860.463,-1.7042590950253234,-3.981452443699526
4860.483,-1.700251019097379,-3.9906208795101357
4860.503,-1.696242428270738,-3.9997892487913975
4860.523,-1.6922333612379117,-4.008957532803017
4860.543,-1.6882238494123534,-4.018125716663331
4860.563,-1.6842139146237343,-4.0272937882998905
4860.583,-1.6802035777722333,-4.036461740402836
4860.603,-1.676192853394039,-4.045629566449576
4860.623,-1.6721719202368852,-4.054807941385621
4860.643,-1.6681659921304102,-4.063970160438071
4860.663,-1.6641650225434572,-4.073134418338384
4860.683,-1.6601640510859565,-4.082298673515193
4860.703,-1.65616306861209,-4.09146292404522
4860.723,-1.6521620754683977,-4.100627170623242
4860.743,-1.648161071432284,-4.109791412767455
4860.763,-1.6441600587149479,-4.1189556517117305
4860.783,-1.6402944465295521,-4.1265496448292005
4860.803,-1.636709834701026,-4.132096097198322
4860.823,-1.6344594001694768,-4.136732146547283
4860.843,-1.6333394466174476,-4.140211085983681
4860.863,-1.6331480868275132,-4.142921034803334
4860.883,-1.633910367267869,-4.145108457683272
4860.903,-1.635503536979278,-4.146802963203338
4860.923,-1.6378643983226244,-4.147892355386856
4860.943,-1.640402454409015,-4.148816611261785
4860.963,-1.6429572220758688,-4.149694599371719
4860.983,-1.645527436685377,-4.150526406093274
4861.003,-1.6481121916040178,-4.151311797520149
4861.023,-1.6507106606572852,-4.152050525648843
4861.043,-1.6533220099832795,-4.152742355604425
4861.063,-1.655945398832788,-4.1533870667431865
4861.083,-1.6585799812057285,-4.153984451226805
4861.103,-1.6612249062407758,-4.15453431667143
4861.123,-1.6638793189023857,-4.155036486468548
4861.143,-1.6665423606997547,-4.155490797695011
4861.163,-1.6692131697460706,-4.155897104163076
4861.183,-1.6718908816209785,-4.156255274193887
4861.203,-1.674574629432015,-4.156565191933513
4861.223,-1.6772635441732362,-4.15682675697156
4861.243,-1.6799567548945533,-4.157039885075238
4861.263,-1.6826533891923119,-4.157204507001341
4861.283,-1.68535257345179,-4.157320569093428
4861.303,-1.6880534328539634,-4.15738803421519
4861.323,-1.6907550922004404,-4.1574068802844675
4861.343,-1.693456675753604,-4.157377100842443
4861.363,-1.6961573076648466,-4.157298705847579
4861.383,-1.6988561121047674,-4.157171720540059
4861.403,-1.7015522138259531,-4.156996185716487
4861.423,-1.7042447382153199,-4.156772158542477
4861.443,-1.7069328118461036,-4.156499712109705
4861.463,-1.709615562522628,-4.156178934364197
4861.483,-1.7122921195563294,-4.1558099292239
4861.503,-1.7149616141986865,-4.155392816954726
4861.523,-1.7176231798780834,-4.15492773251214
4861.543,-1.7202759524974884,-4.1544148273365185
4861.563,-1.7229190707148112,-4.15385426781596
4861.583,-1.7255516762176415,-4.153246235908776
4861.603,-1.7281729143286617,-4.152590929547193
4861.623,-1.7307819336451697,-4.151888561548605
4861.643,-1.733377886911412,-4.1511393600769235
4861.663,-1.7359599311557323,-4.150343569049655
4861.683,-1.738527227867865,-4.149501447101905
4861.703,-1.7410789432646165,-4.148613267950986
4861.723,-1.7436142486351416,-4.147679320263324
4861.743,-1.7461323211777484,-4.146699908209879
4861.763,-1.7486323428525539,-4.145675349546493
4861.783,-1.7511135024032107,-4.144605977966729
4861.803,-1.753574994314916,-4.143492141121761
4861.823,-1.7560160196402153,-4.142334201118578
4861.843,-1.758435786304579,-4.141132534331711
4861.863,-1.7608335091045488,-4.139887531354538
4861.883,-1.764914970899708,-4.141762062057241
4861.903,-1.7699572446027132,-4.146022020256247
4861.923,-1.7750457138919304,-4.151885702348476
4861.943,-1.7801873823300458,-4.159374546580748
4861.963,-1.7853564468281655,-4.167935454792718
4861.983,-1.7905276190831452,-4.176495132015454
4862.003,-1.7963362692270541,-4.185351657270766
4862.023,-1.8015316786415398,-4.193866594582813
4862.043,-1.8067210575009756,-4.202401715013883
4862.063,-1.8119064994386445,-4.210952097468366
4862.083,-1.8170957293636518,-4.21949799362165
4862.103,-1.8222685432946504,-4.228055829579198
4862.123,-1.8274742308394196,-4.2366212766088465
4862.143,-1.8326607819658645,-4.245166967198225
4862.163,-1.8378382946903522,-4.253717468289591
4862.183,-1.8430176759230563,-4.262265508550794
4862.203,-1.8481981478219225,-4.270818777002283
4862.223,-1.8533790458059765,-4.279371619273425
4862.243,-1.8585599577769312,-4.287924451053831
4862.263,-1.8637408819561145,-4.296477274994491
4862.283,-1.8689218183290837,-4.305030091198474
4862.303,-1.874102764769021,-4.313582901196264
4862.323,-1.879283723251249,-4.322135704295493
4862.343,-1.8844646935965514,-4.3306884999938955
4862.363,-1.8896456755707978,-4.339241288449509
4862.383,-1.8948216938695694,-4.347795115723527
4862.403,-1.9000004796465313,-4.356346095547005
4862.423,-1.905182292739761,-4.364898242541207
4862.443,-1.9103632242292263,-4.373451527450136
4862.463,-1.9155419839733365,-4.382006084182782
4862.483,-1.920720587684403,-4.390560733982985
4862.503,-1.9258990496924382,-4.399115591150961
4862.523,-1.931077572332531,-4.407670408991659
4862.543,-1.9362561403969603,-4.416225194133801
4862.563,-1.9414347398622527,-4.424779955387002
4862.583,-1.9466133622256556,-4.433334699278406
4862.603,-1.9517919966534776,-4.441889432524244
4862.623,-1.9569706384616066,-4.450444158977571
4862.643,-1.9621492772873812,-4.458998884250561
4862.663,-1.9673279039844647,-4.46755361240411
4862.683,-1.972506499982248,-4.476108351679961
4862.703,-1.9776850153952734,-4.484663121327771
4862.723,-1.9828653923826798,-4.493216324309648
4862.743,-1.9880462320200325,-4.5017692058099925
4862.763,-1.9932270861062056,-4.510322078464108
4862.783,-1.99840795265739,-4.518874943685345
4862.803,-2.003588831699016,-4.527427802096879
4862.823,-2.0087697231475374,-4.5359806530714595
4862.843,-2.0139506268590393,-4.544533496638355
4862.863,-2.019131542970942,-4.553086332716643
4862.883,-2.02431247134344,-4.561639161327884
4862.903,-2.0294934123315866,-4.570191982940945
4862.923,-2.034674365581832,-4.5787447970169906
4862.943,-2.039855331234125,-4.587297603466102
4862.963,-2.0450363091485335,-4.5958504023040465
4862.983,-2.050217299462439,-4.604403193441166
4863.003,-2.0553983000236546,-4.61295597831089
4863.023,-2.060579312973472,-4.621508755410878
4863.043,-2.065760338377719,-4.630061525319152
4863.063,-2.070941376147727,-4.638614287399264
4863.083,-2.0758999093101513,-4.645683486338275
4863.103,-2.080019666148905,-4.65153085189417
4863.123,-2.0833201382817648,-4.65581162440366
4863.143,-2.0854950356724635,-4.659538780709917
4863.163,-2.086992627277052,-4.662527638756167
4863.183,-2.0876377874868015,-4.665035960816554
4863.203,-2.0875790463670083,-4.667325922204698
4863.223,-2.0866303311621914,-4.669445635204971
4863.243,-2.084914095378245,-4.6713811097650675
4863.263,-2.0826034219262084,-4.6728756901376975
4863.283,-2.0802297321050984,-4.67452466102019
4863.303,-2.077789416608503,-4.675942979382417
4863.323,-2.07529868659138,-4.677465466213433
4863.343,-2.072748640451086,-4.679024450970771
4863.363,-2.0702443372196724,-4.680507237569119
4863.383,-2.067645974612141,-4.682031883426907
4863.403,-2.0650535880887473,-4.683305128879619
4863.423,-2.0625093291292576,-4.684675795840826
4863.443,-2.0598628988981518,-4.6858533685366375
4863.463,-2.0571675423140103,-4.687039621336661
4863.483,-2.054487010944248,-4.68806315430508
4863.503,-2.0518258358149386,-4.689135604784075
4863.523,-2.0491220006750352,-4.690032872981072
4863.543,-2.0463664754413915,-4.691106468527781
4863.563,-2.0435340349529567,-4.692153534365167
4863.583,-2.040810181666234,-4.692767541734166
4863.603,-2.0380432289100314,-4.6937079799809585
4863.623,-2.035265988366952,-4.694371484830734
4863.643,-2.032461175428359,-4.694939624676291
4863.663,-2.029782356140635,-4.69522120971513
4863.683,-2.027026580500756,-4.695843299243198
4863.703,-2.0242072171254577,-4.696275321642272
4863.723,-2.02124520959193,-4.6968797059200105
4863.743,-2.018572786683037,-4.696967689011598
4863.763,-2.015873309961117,-4.696979127815809
4863.783,-2.013174022330006,-4.696941986630316
4863.803,-2.010475833141241,-4.6968562743841
4863.823,-2.00777961548009,-4.696722017581175
4863.843,-2.005086241540383,-4.696539259767535
4863.863,-2.002396582628143,-4.696308059555158
4863.883,-1.9997115089975768,-4.696028490839937
4863.903,-1.997031889603507,-4.6957006438249485
4863.923,-1.9943585915953768,-4.695324623797375
4863.943,-1.9916924804161804,-4.694900551500928
4863.963,-1.9890344192609182,-4.694428563860899
4863.983,-1.9863852688537065,-4.693908812637023
4864.003,-1.983745887443756,-4.693341465033299
4864.023,-1.9811171298160057,-4.692726704336203
4864.043,-1.9784998476892173,-4.692064729359593
4864.063,-1.9758948894481818,-4.691355752728676
4864.083,-1.9733030994506195,-4.690600003713464
4864.103,-1.9707253176309014,-4.68979772677801
4864.123,-1.968162380035691,-4.688949181049277
4864.143,-1.965615117756533,-4.6880546406107095
4864.163,-1.9630843568398466,-4.687114395071378
4864.183,-1.9605709185076416,-4.686128747851133
4864.203,-1.9580756176726215,-4.685098019024978
4864.223,-1.9555992641786675,-4.684022541408666
4864.243,-1.9531426613970921,-4.682902663733945
4864.263,-1.950706606450431,-4.681738748369972
4864.283,-1.9482918895325712,-4.680531172830936
4864.303,-1.9458992943089295,-4.6792803280291615
4864.323,-1.9435295969981357,-4.677986619573708
4864.343,-1.9411835664529546,-4.676650466794231
4864.363,-1.9388619638213933,-4.675272302849558
4864.383,-1.936565542257508,-4.673852574499584
4864.403,-1.9342950467580922,-4.672391742063077
4864.423,-1.9300607001269734,-4.673871335113531
4864.443,-1.9246443515222915,-4.6776390505083265
4864.463,-1.9190328730414667,-4.682999191509954
4864.483,-1.9132171983472241,-4.6899724624062475
4864.503,-1.9072739509765904,-4.698015056001691
4864.523,-1.9013286619205885,-4.70605640590624
4864.543,-1.8947456321276261,-4.71433592347137
4864.563,-1.8887816775804833,-4.722326432439558
4864.583,-1.882835413506622,-4.730362030094553
4864.603,-1.876886347083273,-4.738400191944815
4864.623,-1.8709367566840684,-4.746437931205795
4864.643,-1.8649868826573668,-4.754475434557194
4864.663,-1.8590368599224323,-4.7625128131132675
4864.683,-1.8530867646437499,-4.770550129153778
4864.703,-1.8471366389337185,-4.77858741892699
4864.723,-1.8411865084176793,-4.786624703196106
4864.743,-1.8352363884518155,-4.794661993704045
4864.763,-1.8292862871128703,-4.802699298113191
4864.783,-1.8233362121234569,-4.810736622100138
4864.803,-1.8173861674156435,-4.818773968307348
1758191825.3194315,-2.8368849341836078,-4.285345996964633
4864.823,-2.829851773744574,-4.292454908735473
4864.843,-2.8228186465571645,-4.299563853428365
4864.863,-2.815785555649774,-4.306672834542688
4864.883,-2.8087525028340283,-4.313781853668147
4864.903,-2.8017194891671244,-4.320890912547743
4864.923,-2.794686517287417,-4.328000013288387
4864.943,-2.787653590369972,-4.335109159181498
4864.963,-2.7806207098729123,-4.342218351948862
4864.983,-2.7735878779495824,-4.34932759441993
4865.003,-2.766555098631944,-4.356436890696658
4865.023,-2.759521007828713,-4.363544229311143
4865.043,-2.7524865494725055,-4.370651198135492
4865.063,-2.7454520779120966,-4.377758153341908
4865.083,-2.738417596398559,-4.384865098869698
4865.103,-2.7313831059771823,-4.391972035395814
4865.123,-2.7243486062131597,-4.399078961932991
4865.143,-2.7173140962113984,-4.406185877909115
4865.163,-2.7102795766292087,-4.413292784447672
4865.183,-2.703237624311946,-4.42040567469553
4865.203,-2.696198178129334,-4.42750578442209
4865.223,-2.6896506831004676,-4.433348761570827
4865.243,-2.684169841916523,-4.437978977808214
4865.263,-2.6799063880410916,-4.441218346346463
4865.283,-2.6768598557298393,-4.443484888143407
4865.303,-2.673929882492898,-4.44502499372374
4865.323,-2.6711043702626953,-4.445776403864888
4865.343,-2.668390572286241,-4.4456634532653645
4865.363,-2.6658908623519664,-4.4448755937668105
4865.383,-2.6634334419932983,-4.44338759032371
4865.403,-2.661086482989048,-4.44147253501526
4865.423,-2.6593405387110396,-4.4394171437123005
4865.443,-2.657629993780181,-4.437328358661669
4865.463,-2.6559573146538877,-4.435209111840137
4865.483,-2.654323057944203,-4.43306010891746
4865.503,-2.6527277530525364,-4.430882046642412
4865.523,-2.6511719164560286,-4.428675630820169
4865.543,-2.64965605151131,-4.4264415765025475
4865.563,-2.6481810803003367,-4.424183489841646
4865.583,-2.6467176755853887,-4.421926376813254
4865.603,-2.6453248463091676,-4.419613027039575
4865.623,-2.6439740346270586,-4.41727838839982
4865.643,-2.642635249847293,-4.414946644162682
4865.663,-2.6413693336704833,-4.412561843455668
4865.683,-2.6401465400568496,-4.410157960301597
4865.703,-2.638936614305932,-4.407758566499334
4865.723,-2.6378012116870244,-4.405309098958145
4865.743,-2.636709994904179,-4.402842974039617
4865.763,-2.6356324705933067,-4.400382812411934
4865.783,-2.634630871544896,-4.3978757712013525
4865.803,-2.6336743816384565,-4.395354534454807
4865.823,-2.6327323570901675,-4.392840724626899
4865.843,-2.6318674668172584,-4.390283359072358
4865.863,-2.6310484600934188,-4.387714276668899
4865.883,-2.630244654915696,-4.385154108563015
4865.903,-2.6295189843394455,-4.382553816221306
4865.923,-2.628839825042154,-4.3799442957811
4865.943,-2.628207133989611,-4.377319957338622
4865.963,-2.627621776373149,-4.374684656330953
4865.983,-2.627083944970499,-4.372039257502944
4866.003,-2.626593813315072,-4.369384617763988
4866.023,-2.6261515395076582,-4.366721596430207
4866.043,-2.6257572657275183,-4.364051055844454
4866.063,-2.6254111191140943,-4.361373860280964
4866.083,-2.6251132109626787,-4.35869087621704
4866.103,-2.6248636368949136,-4.356002972030347
4866.123,-2.6246624773894456,-4.353311017366211
4866.143,-2.624509796865834,-4.350615883274621
4866.163,-2.624405644534385,-4.347918441726529
4866.183,-2.6243500535456703,-4.345219565361392
4866.203,-2.624343041448375,-4.342520127166023
4866.223,-2.6243846103682222,-4.339821000227767
4866.243,-2.6244747466424965,-4.337123057708108
4866.263,-2.624613420708426,-4.33442717215233
4866.283,-2.6248005881445997,-4.331734215514453
4866.303,-2.6250361881423947,-4.329045058745658
4866.323,-2.625320144864264,-4.326360571708554
4866.343,-2.625652366403698,-4.323681622652001
4866.363,-2.626032745586981,-4.321009078102786
4866.383,-2.6264611596431444,-4.318343802535974
4866.403,-2.6269374704079285,-4.315686658406221
4866.423,-2.627461524207172,-4.313038505231308
4866.443,-2.62803315200293,-4.310400200085785
4866.463,-2.628652169465943,-4.307772596592178
4866.483,-2.629318376788087,-4.3051565452281295
4866.503,-2.6300315589863232,-4.302552892947804
4866.523,-2.6307914860211,-4.299962482767873
4866.543,-2.6315979124424267,-4.297386153397621
4866.563,-2.6290484447357807,-4.293695906613665
4866.583,-2.623978947219161,-4.289472526447387
4866.603,-2.6173223722974215,-4.285483190879791
4866.623,-2.6090562546547558,-4.281724700652438
4866.643,-2.5997258570802555,-4.278126844019761
4866.663,-2.5903959905505767,-4.274526712368367
4866.683,-2.5806567198040145,-4.270651292354872
4866.703,-2.571355411195596,-4.267042962411466
4866.723,-2.5619672432083918,-4.263446312913541
4866.743,-2.552636800456372,-4.259850352079593
4866.763,-2.5433074354471046,-4.256250153192764
4866.783,-2.5339779250603973,-4.252650451943657
4866.803,-2.5246483364056753,-4.2490509602726405
4866.823,-2.515318692482333,-4.24545161704647
4866.843,-2.5059890053820384,-4.241852391040688
4866.863,-2.4966592818364655,-4.238253266071527
4866.883,-2.487329524902055,-4.234654233353262
4866.903,-2.4779997369286844,-4.231055291459369
4866.923,-2.4686699175917384,-4.227456442596976
4866.943,-2.459340066749765,-4.223857690937848
4866.963,-2.4500101844109454,-4.220259042760249
4866.983,-2.440680270073839,-4.216660507838868
4867.003,-2.4313503247541757,-4.213062097591148
4867.023,-2.4220215390529987,-4.209461710689104
4867.043,-2.4126928409003052,-4.20586079954185
4867.063,-2.403364145540288,-4.202259878506167
4867.083,-2.394035452232645,-4.198658952917415
4867.103,-2.386063906520298,-4.195333479244994
4867.123,-2.3801189223155617,-4.192474893271609
4867.143,-2.375841871245761,-4.190536420169175
4867.163,-2.3728914790679605,-4.188631384082115
4867.183,-2.370780583544291,-4.186458930623342
4867.203,-2.3694975396536977,-4.18408785645339
4867.223,-2.3689988009080163,-4.181480837788972
4867.243,-2.3693269693903236,-4.178662470353473
4867.263,-2.3703336125786123,-4.176034088269728
4867.283,-2.371489946201401,-4.173594861574701
4867.303,-2.372690045822293,-4.171176645722197
4867.323,-2.373933477549485,-4.1687804069757135
4867.343,-2.375219839042827,-4.166406923452166
4867.363,-2.376548713998602,-4.164056964232256
4867.383,-2.3779196725295937,-4.161731291352758
4867.403,-2.379332270863183,-4.15943065882946
4867.423,-2.3807860518340513,-4.15715581268118
4867.443,-2.382280544732178,-4.15490749073748
4867.463,-2.3838152655367817,-4.152686422158484
4867.483,-2.385389717194642,-4.150493327307588
4867.503,-2.387003389729735,-4.14832891760486
4867.523,-2.3886557603463214,-4.146193895375966
4867.543,-2.390346293680592,-4.144088953069683
4867.563,-2.3920744418629485,-4.1420147735984445
4867.583,-2.393839644751368,-4.139972029719159
4867.603,-2.395641330378187,-4.137961384047322
4867.623,-2.397478914648867,-4.135983488909361
4867.643,-2.3993518019752833,-4.134038985742772
4867.663,-2.4012593852776885,-4.132128505281723
4867.683,-2.4032010461700684,-4.13025266709312
4867.703,-2.4051761553210964,-4.128412079421726
4867.723,-2.4071840723905242,-4.1266073391372995
4867.743,-2.409224146556723,-4.124839031321059
4867.763,-2.4112957165527846,-4.123107729300884
4867.783,-2.4133981109348928,-4.121413994237055
4867.803,-2.4155306482912344,-4.119758375093785
4867.823,-2.4176926374769767,-4.118141408418124
4867.843,-2.4198833777590583,-4.116563618261715
4867.863,-2.4200570032489854,-4.112081680603775
4867.883,-2.418534281806998,-4.105661889460986
4867.903,-2.415601159289186,-4.0984774723444986
4867.923,-2.411241714176092,-4.090512341769467
4867.943,-2.405933896038367,-4.082036980260244
4867.963,-2.400627900087575,-4.073560135321054
4867.983,-2.394873305789847,-4.064597478952463
4868.003,-2.3895413757775197,-4.056127268259201
4868.023,-2.3842075515041525,-4.047649526502006
4868.043,-2.378899415778617,-4.039175047914854
4868.063,-2.3735912267879944,-4.030700577399754
4868.083,-2.3682830231513865,-4.022226114453845
4868.103,-2.3629748055083044,-4.013751659664469
4868.123,-2.3576665735894684,-4.005277212529453
4868.143,-2.3523583277424627,-3.9968027735715563
4868.163,-2.3470500677055064,-3.9883283423005005
4868.183,-2.341741793819566,-3.9798539192613616
4868.203,-2.336433505815178,-3.9713795039852107
4868.223,-2.331125204057584,-3.9629050970200606
4868.243,-2.325816888267218,-3.954430697916017
4868.263,-2.3205085588310124,-3.9459563072215147
4868.283,-2.315200215489707,-3.9374819244856987
4868.303,-2.3098918586174473,-3.9290075502741684
4868.323,-2.3045834882485545,-3.9205331846625855
4868.343,-2.299275104158602,-3.912058827191077
4868.363,-2.2939667066889458,-3.903584478449732
4868.383,-2.288658295597348,-3.8951101379909074
4868.403,-2.283315586749539,-3.8866266607051676
4868.423,-2.2780034524631123,-3.8781547521612385
4868.443,-2.2726813128114625,-3.869676146572999
4868.463,-2.2673694416449606,-3.8612053050491926
4868.483,-2.2620567117812422,-3.8527336948881286
4868.503,-2.256720445273266,-3.8442529810933976
4868.523,-2.2514142711398657,-3.8357809679462913
4868.543,-2.246075908536727,-3.8273043224115164
4868.563,-2.240734754986889,-3.818824647071219
4868.583,-2.235403778534484,-3.810351360110767
4868.603,-2.2300905292577333,-3.8018800478439525
4868.623,-2.2247772509017474,-3.793408764714763
4868.643,-2.219463959471542,-3.784937491334995
4868.663,-2.21415065478371,-3.7764662270166336
4868.683,-2.2088373371436933,-3.7679949722677657
4868.703,-2.203524006541632,-3.7595237270833297
4868.723,-2.1981910467365986,-3.7510479037526663
4868.743,-2.192877466163981,-3.7425763291943603
4868.763,-2.1875702145365525,-3.734100667083734
4868.783,-2.1822533146011645,-3.7256330016851242
4868.803,-2.17694313241867,-3.7171598939537356
4868.823,-2.171629312214851,-3.708688934475258
4868.843,-2.1662985295263275,-3.7002146946887766
4868.863,-2.1609796337247746,-3.6917468157904194
4868.883,-2.1556667582711535,-3.68327202503482
4868.903,-2.150356917946671,-3.6748051682604372
4868.923,-2.1450259610841136,-3.666330954121572
4868.943,-2.1397059815721264,-3.657864844142259
4868.963,-2.1343924399819083,-3.6493905936036994
4868.983,-2.1290820245986746,-3.640923895826112
4869.003,-2.1237505843863738,-3.632449936225839
4869.023,-2.1184294019732963,-3.6239852752911763
4869.043,-2.113115174230611,-3.615511564036188
4869.063,-2.107793800229122,-3.6070375219486763
4869.083,-2.102445268263339,-3.598562803777466
4869.103,-2.097130558291868,-3.590089027539983
4869.123,-2.091814362647568,-3.581619594903395
4869.143,-2.086498098556772,-3.5731501938025403
4869.163,-2.0811818199555634,-3.5646808013901
4869.183,-2.0758655270092277,-3.556211416898028
4869.203,-2.0705492200016136,-3.547742040787835
4869.223,-2.065232898632383,-3.539272672489488
4869.243,-2.059916563175494,-3.5308033124870093
4869.263,-2.0546002133422596,-3.5223339602239214
4869.283,-2.0492838494342704,-3.5138646161882066
4869.303,-2.0439674714673384,-3.505395280356895
4869.323,-2.0386510791376122,-3.496925952212336
4869.343,-2.0333346727652177,-3.488456632265389
4869.363,-2.028018252073608,-3.479987320003014
4869.383,-2.0227018174098124,-3.471518015940524
4869.403,-2.0173853684917766,-3.4630487195883446
4869.423,-2.012068905676331,-3.454579431475204
4869.443,-2.006752428690479,-3.446110151124433
4869.463,-2.0014359378833264,-3.4376408790866524
4869.483,-1.9961194333137209,-3.4291716153969625
4869.503,-1.9908029147357036,-3.4207023595872004
4869.523,-1.9854863824741198,-3.4122331122409943
4869.543,-1.980169836302971,-3.4037638728892143
4869.563,-1.9748532765818172,-3.3952946421037558
4869.583,-1.9695367030703326,-3.386825419431511
4869.603,-1.964220116112501,-3.3783562054591605
4869.623,-1.9589035154671028,-3.369886999737459
4869.643,-1.9535869015078442,-3.361417802836357
4869.663,-1.9482702742828268,-3.3529486148273775
4869.683,-1.9429536335120035,-3.3444794352798786
4869.703,-1.937636979562047,-3.336010264763805
4869.723,-1.9323203121786192,-3.3275411028276487
4869.743,-1.9270036317038086,-3.3190719500458363
4869.763,-1.921686937874607,-3.310602805962012
4869.783,-1.9163702310392494,-3.3021336711345577
4869.803,-1.9110555882529079,-3.293662651698667
4869.823,-1.9057399720319443,-3.285193328045852
4869.843,-1.9004250788273744,-3.2767223819849325
4869.863,-1.8951073824399096,-3.2682550160324193
4869.883,-1.88974459999305,-3.2597654722827762
4869.903,-1.8844265706323424,-3.2512971765892793
4869.923,-1.8791085339317029,-3.2428288825321467
4869.943,-1.8737708246559592,-3.2343572838403434
4869.963,-1.868453638848589,-3.225892433121898
4869.983,-1.8631287477731096,-3.217427227852516
4870.003,-1.8578148273360315,-3.20895951097217
4870.023,-1.852488137665573,-3.200494488344026
4870.043,-1.8471485417757045,-3.1920242538540435
4870.063,-1.8418128289527604,-3.1835614040703777
4870.083,-1.8364928862804375,-3.1750943013200645
4870.103,-1.831146473695782,-3.1666115407901367
4870.123,-1.8258267623195221,-3.158142573098025
4870.143,-1.8204759851175403,-3.149659940313176
4870.163,-1.8151589091194142,-3.141190483831945
4870.183,-1.8098111291900099,-3.1327085504141565
4870.203,-1.8044902737787585,-3.124240427283071
4870.223,-1.7991408312930428,-3.1157573285621356
1758191832.2058437,-3.3526996347715023,-3.6197697251739474
4870.243,-3.3446715600083388,-3.6257325317814764
4870.263,-3.3366337973100415,-3.6317272802982834
4870.283,-3.3286077487751395,-3.637694013020018
4870.303,-3.320568914345325,-3.643690547642856
4870.323,-3.3125508524726195,-3.649658407458914
4870.343,-3.305474528682315,-3.655045665572596
4870.363,-3.299516482303453,-3.659606574791562
4870.383,-3.295215338760004,-3.662922549091052
4870.403,-3.2919607949171046,-3.6655668836142503
4870.423,-3.2896654961717426,-3.668123447061789
4870.443,-3.2882997880455163,-3.670576009306681
4870.463,-3.2876656035065053,-3.672958497281121
4870.483,-3.287975314732918,-3.67523005337723
4870.503,-3.2891756059756583,-3.6773822174543755
4870.523,-3.2909166013582603,-3.6794995512936626
4870.543,-3.2926775374042263,-3.6815456060112846
4870.563,-3.2944752264421004,-3.6835596819775773
4870.583,-3.296308871342605,-3.6855410698396964
4870.603,-3.29817787556755,-3.6874891275598265
4870.623,-3.30008163300184,-3.6894032241028762
4870.643,-3.2995215397530373,-3.693853505148773
4870.663,-3.296971766592557,-3.6999389447057824
4870.683,-3.2929056926160367,-3.70654863100504
4870.703,-3.287305028418331,-3.7136958964577804
4870.723,-3.2806856951424432,-3.721191816807285
4870.743,-3.274067867867095,-3.7286894368579078
4870.763,-3.2667804173230395,-3.736366637748854
4870.783,-3.2601326528914614,-3.74381470734004
4870.803,-3.25350793485475,-3.751305215699152
4870.823,-3.246883222033086,-3.7587956112463825
4870.843,-3.240258498693788,-3.7662859967400153
4870.863,-3.2336337646432187,-3.7737763733004783
4870.883,-3.2270090196611734,-3.7812667408321547
4870.903,-3.2203842639090983,-3.78875709944524
4870.923,-3.213759497590732,-3.7962474485726823
4870.943,-3.2071347204275042,-3.8037377887410257
4870.963,-3.2005099321842025,-3.8112281198009326
4870.983,-3.1938851330063467,-3.8187184418223548
4871.003,-3.1872603227812797,-3.826208754714303
4871.023,-3.180635501824021,-3.833699057941862
4871.043,-3.1740106699723136,-3.841189352064749
4871.063,-3.1673858269790833,-3.848679636897846
4871.083,-3.1607609729829234,-3.8561699124767994
4871.103,-3.1541361081669024,-3.8636601781699156
4871.123,-3.1475112322386263,-3.8711504344437557
4871.143,-3.140886345207728,-3.8786406812507206
4871.163,-3.1342614475170087,-3.8861309181028982
4871.183,-3.127636538747343,-3.8936211453891945
4871.203,-3.121011618913081,-3.9011113630603598
4871.223,-3.1143866880303976,-3.9086015710687096
4871.243,-3.107761746419229,-3.9160917688565235
4871.263,-3.1011367939260244,-3.9235819569705055
4871.283,-3.094511830444252,-3.9310721352978706
4871.303,-3.0878868563020254,-3.938562303291278
4871.323,-3.0812618712234414,-3.94605246143693
4871.343,-3.0746368751105573,-3.953542609636331
4871.363,-3.068011868251775,-3.9610327480256067
4871.383,-3.061386850856622,-3.968522876005755
4871.403,-3.054761729423986,-3.9760129804170528
4871.423,-3.048136681588692,-3.9835030817067913
4871.443,-3.041511623877285,-3.9909931729589285
4871.463,-3.034886555442878,-3.998483254150536
4871.483,-3.02826147634465,-4.005973325333096
4871.503,-3.021636386650549,-4.013463386562157
4871.523,-3.0150112862988308,-4.020953437825017
4871.543,-3.0083861754852603,-4.028443479264796
4871.563,-3.0017636632962414,-4.03593668423836
4871.583,-2.9951298022850747,-4.043422865254105
4871.603,-2.988494998555867,-4.050908540624561
4871.623,-2.981866311268682,-4.058394475064264
4871.643,-2.975240423678689,-4.0658837058385915
4871.663,-2.9686217388229443,-4.07337898074366
4871.683,-2.961996338702389,-4.0808687623304305
4871.703,-2.9553709281515332,-4.088358534742824
4871.723,-2.9487455072812545,-4.095848297761824
4871.743,-2.9421200763323228,-4.103338050913827
4871.763,-2.935495038885897,-4.110828314936504
4871.783,-2.9288702345494,-4.11831864726987
4871.803,-2.922244808279076,-4.125808404702629
4871.823,-2.915612632556499,-4.13330427127857
4871.843,-2.9089816144517417,-4.1407872749141985
4871.863,-2.902358174469265,-4.148274185999876
4871.883,-2.89570680182294,-4.155767671867697
4871.903,-2.8890820869377447,-4.1632516406103575
4871.923,-2.882457517989714,-4.170741301909516
4871.943,-2.875814031137639,-4.17823079109797
4871.963,-2.869191471892604,-4.185722142493744
4871.983,-2.8625690504924393,-4.193214185924302
4872.003,-2.855946507145192,-4.200706187637855
4872.023,-2.8493238431282775,-4.208198140413636
4872.043,-2.8427010950098834,-4.215690060863737
4872.063,-2.8360782923204946,-4.223181965290985
4872.083,-2.82945545816121,-4.230673865455553
4872.103,-2.8228286431779224,-4.2381626324761195
4872.123,-2.8162023516941406,-4.245651605419513
4872.143,-2.8095852313568126,-4.25314644523492
4872.163,-2.802939613029396,-4.260648207343957
4872.183,-2.796307166483813,-4.268131365046459
4872.203,-2.7896806664296445,-4.275620245204363
4872.223,-2.783054302187056,-4.2831091823945835
4872.243,-2.776427929995266,-4.290598113101363
4872.263,-2.7698015471127215,-4.2980870342648805
4872.283,-2.763175153214249,-4.305575946346665
4872.303,-2.756548748302956,-4.313064849307857
4872.323,-2.7499223326833784,-4.320553742592691
4872.343,-2.7432959059267894,-4.328042626590556
4872.363,-2.736669468034845,-4.335531501251304
4872.383,-2.7300430193140683,-4.343020366007701
4872.403,-2.7234165597214344,-4.350509221470357
4872.423,-2.71679008900622,-4.357998067431632
4872.443,-2.7101636074777837,-4.365486903323742
4872.463,-2.7035371148426153,-4.372975729605213
4872.483,-2.6969106111111474,-4.380464546224657
4872.503,-2.690284096856977,-4.387953352770388
4872.523,-2.683657571535731,-4.3954421495591545
4872.543,-2.6770310351664706,-4.402930936548881
4872.563,-2.6704044880727222,-4.410419713190554
4872.583,-2.6637777202366486,-4.417908454886392
4872.603,-2.6571511396049616,-4.4253972039879
4872.623,-2.650869201526519,-4.4315438820764355
4872.643,-2.6455870734248883,-4.436340952121181
4872.663,-2.6416041394238436,-4.439989363361864
4872.683,-2.6386891551869818,-4.442560283952953
4872.703,-2.6358788652579928,-4.444263337007111
4872.723,-2.6331036582627516,-4.445180162398205
4872.743,-2.6304099934260847,-4.445315912679317
4872.763,-2.627773154846616,-4.4447706380643455
4872.783,-2.625211870692575,-4.443369781750994
4872.803,-2.6227713335283105,-4.441573520470885
4872.823,-2.6203537342698167,-4.439739830593965
4872.843,-2.6179685442024536,-4.437862006770732
4872.863,-2.6156195025778395,-4.435935429336903
4872.883,-2.6107542298386006,-4.436259547654866
4872.903,-2.6045298866062265,-4.4383152599052
4872.923,-2.597676241221422,-4.441846205572641
4872.943,-2.5901782884736138,-4.446868743761254
4872.963,-2.5822350211560097,-4.452943915505011
4872.983,-2.574022317291356,-4.459234451405853
4873.003,-2.5660002332168728,-4.465355625011111
4873.023,-2.5580611991081845,-4.471435438736755
4873.043,-2.5500704454429686,-4.477555750415275
4873.063,-2.542126371369183,-4.483629268209545
4873.083,-2.5341844460686445,-4.489708165313993
4873.103,-2.5262390256441964,-4.49578084137336
4873.123,-2.5182908898078273,-4.501852530255154
4873.143,-2.5103407754566214,-4.507936933953257
4873.163,-2.5023958938242234,-4.514019696236405
4873.183,-2.4944512622557204,-4.52010272111565
4873.203,-2.4865058264375817,-4.526178270548762
4873.223,-2.478558155071752,-4.532266840045194
4873.243,-2.4706220040940337,-4.538346213597879
4873.263,-2.4626871884524744,-4.544426922868759
4873.283,-2.4547411559032315,-4.550496550304784
4873.303,-2.446781495386189,-4.556593928779918
4873.323,-2.438821851853274,-4.562691447764777
4873.343,-2.4308752925784716,-4.568765575462879
4873.363,-2.422939281412519,-4.574844308947438
4873.383,-2.4149793713331573,-4.580941951786607
4873.403,-2.407020007523736,-4.587039748264903
4873.423,-2.3990773994002303,-4.593109255493512
4873.443,-2.3911319959710804,-4.599195580246869
4873.463,-2.3831738883222395,-4.605292122164093
4873.483,-2.3752333527357314,-4.611367986581091
4873.503,-2.3672913940629954,-4.6174432752780055
4873.523,-2.3593494963138206,-4.623520378064722
4873.543,-2.3514142757978824,-4.629607594229028
4873.563,-2.343477901386823,-4.635682987459804
4873.583,-2.335536290734227,-4.641759516412404
4873.603,-2.3275946934047607,-4.647836072186548
4873.623,-2.31965310961362,-4.653912646987299
4873.643,-2.311711539350993,-4.659989240752099
4873.663,-2.3037699826087,-4.666065853491482
4873.683,-2.295828439382437,-4.672142485210595
4873.703,-2.287886909675193,-4.678219135907419
4873.723,-2.279945393496246,-4.684295805573796
4873.743,-2.272003890860777,-4.690372494197435
4873.763,-2.2640624018135034,-4.696449201787636
4873.783,-2.256118158088134,-4.702522312991995
4873.803,-2.2481723702774064,-4.708591603955871
4873.823,-2.2402307502972367,-4.7146681369908086
4873.843,-2.232289118176061,-4.720744662805735
4873.863,-2.224347499804285,-4.726821207437767
4873.883,-2.21640126638731,-4.732890867744455
4873.903,-2.2084547977295954,-4.73894447100291
4873.923,-2.2005158541681755,-4.745026369496487
4873.943,-2.192576419000972,-4.751115703256781
4873.963,-2.184629027363792,-4.757185261211208
4873.983,-2.176660120321771,-4.763293921009392
4874.003,-2.1687161473969123,-4.769366866363019
4874.023,-2.1607737881061815,-4.775443072342666
4874.043,-2.152831659826516,-4.78152545548239
4874.063,-2.1448844113381043,-4.787595185034891
4874.083,-2.1369159118031518,-4.793703549262686
4874.103,-2.128975220786922,-4.7997813291722835
4874.123,-2.121033892868157,-4.805858252022926
4874.143,-2.1130925811071677,-4.81193519580412
4874.163,-2.1051512848401113,-4.818012158641078
4874.183,-2.09721000412403,-4.824089140515201
4874.203,-2.089268739017481,-4.830166141429419
4874.223,-2.081327489575969,-4.836243161394809
4874.243,-2.073386255848347,-4.842320200428645
4874.263,-2.065449185262592,-4.848392654829953
4874.283,-2.0574986373429027,-4.854488492629223
4874.303,-2.0495563591241996,-4.860572144172442
4874.323,-2.0416112921160385,-4.866639368770554
4874.343,-2.033665912759766,-4.872714767975897
4874.363,-2.025723490477622,-4.8787892494966805
4874.383,-2.017782271404126,-4.884866187665016
4874.403,-2.0098610131936425,-4.890949546200352
4874.423,-2.0019228735014116,-4.897030345528497
4874.443,-1.9939776527264905,-4.903101214045372
4874.463,-1.98603436795786,-4.909177576042072
4874.483,-1.9780880455712082,-4.915247349234419
4874.503,-1.9701428801470127,-4.921319363359725
4874.523,-1.9621999055400101,-4.927396405282527
4874.543,-1.9542534112598102,-4.933465992178802
4874.563,-1.9463150043058184,-4.939545208602743
4874.583,-1.938370719686546,-4.945618094205078
4874.603,-1.9304286929908616,-4.951700323672443
4874.623,-1.9224868398385335,-4.957782678601954
4874.643,-1.9145486290060176,-4.96386190493004
4874.663,-1.9065897364104274,-4.969957458583219
4874.683,-1.898648971599737,-4.976038577962442
4874.703,-1.890708598136941,-4.9821160089000935
4874.723,-1.882768458277163,-4.988197791762397
4874.743,-1.8748092662674558,-4.994294302579452
4874.763,-1.866850751416939,-5.000390324083901
4874.783,-1.8589113997991327,-5.0064678552693564
4874.803,-1.850972723157206,-5.012548487296735
4874.823,-1.8430347487643963,-5.018627911983667
4874.843,-1.8351029793330855,-5.0247134958177675
4874.863,-1.8271625366128494,-5.030791590335287
4874.883,-1.8192222019062425,-5.036869798208136
4874.903,-1.8112818855881017,-5.042948031061809
4874.923,-1.803341587467185,-5.049026288969287
4874.943,-1.7954013075780462,-5.055104571988895
4874.963,-1.7874610459642606,-5.061182880169993
4874.983,-1.7795208026744378,-5.067261213557064
4875.003,-1.771580577765444,-5.073339572188257
4875.023,-1.7636403712987738,-5.07941795609703
4875.043,-1.7557001833674573,-5.085496365341505
4875.063,-1.7477600141119933,-5.091574800031441
4875.083,-1.739822038837742,-5.097657366970788
4875.103,-1.7318736293208488,-5.103745200288423
4875.123,-1.7238908823021932,-5.109863053498012
4875.143,-1.7159544136307694,-5.115944486063066
4875.163,-1.708017462062857,-5.1220350819537925
4875.183,-1.700081951176527,-5.128116559995506
4875.203,-1.6921424793633784,-5.134197705411329
4875.223,-1.6842000450534282,-5.140280638472364
4875.243,-1.6762493782843355,-5.146376659586604
4875.263,-1.6683134077913555,-5.15245852042817
1758191838.5584068,-4.004256898023958,-3.824906748935285
4875.283,-3.9956201382389285,-3.829946886281178
4875.303,-3.9869860676526065,-3.8349916756894595
4875.323,-3.9783489231197464,-3.840036448215822
4875.343,-3.9697149703190924,-3.8450896699938184
4875.363,-3.9610817403001977,-3.8501356921967576
4875.383,-3.952444255481156,-3.8551739277137576
4875.403,-3.9438097826420018,-3.860219267216462
4875.423,-3.9351795560085896,-3.865264033896939
4875.443,-3.9265415911122417,-3.8703009968858266
4875.463,-3.9179099363735097,-3.8753458772010148
4875.483,-3.90925393718446,-3.8804040351887803
4875.503,-3.9006115084188213,-3.8854512410923756
4875.523,-3.891977523143525,-3.8904967063888214
4875.543,-3.8833408975933486,-3.8955313608621625
4875.563,-3.874700634761866,-3.900579480566501
4875.583,-3.866066737266008,-3.905625809116416
4875.603,-3.857427934620432,-3.9106724079343675
4875.623,-3.848791566230105,-3.915706110641725
4875.643,-3.8401762023511146,-3.920757837790075
4875.663,-3.831542097438688,-3.9258022867159243
4875.683,-3.8228850045891214,-3.930860347208871
4875.703,-3.8142531906619475,-3.935902277133829
4875.723,-3.805615900153541,-3.940940987269279
4875.743,-3.796979597154507,-3.9459824669098236
4875.763,-3.7883492621889725,-3.951030172561814
4875.783,-3.7797091776745324,-3.9560766993516254
4875.803,-3.7710733672176255,-3.9611192892352243
4875.823,-3.7624471820163428,-3.9661677702155758
4875.843,-3.7538098581005754,-3.9712065516855497
4875.863,-3.745177598009843,-3.976249534069234
4875.883,-3.736534813860781,-3.9812997854762306
4875.903,-3.7279028145383784,-3.9863450790859463
4875.923,-3.719270956923257,-3.9913913426314602
4875.943,-3.710614936733817,-3.9964494396027668
4875.963,-3.7019771512965653,-4.001500026155083
4875.983,-3.6933415321761958,-4.006547895624301
4876.003,-3.684685979711816,-4.011605478014585
4876.023,-3.6760511003736207,-4.0166523622825085
4876.043,-3.667396179077408,-4.021709359928217
4876.063,-3.658761612596968,-4.0267530529086315
4876.083,-3.650128719693077,-4.031791401326781
4876.103,-3.641494415999632,-4.0368354575140915
4876.123,-3.6328601421863387,-4.041879543163025
4876.143,-3.6242258911763323,-4.046923668854671
4876.163,-3.615591662731038,-4.0519678344888765
4876.183,-3.606957456960354,-4.057012040283604
4876.203,-3.598323273983949,-4.062056286450559
4876.223,-3.589689113956869,-4.0671005732435175
4876.243,-3.5810549771362403,-4.0721449010006205
4876.263,-3.572415082024526,-4.077181736039407
4876.283,-3.5637826844548592,-4.082226047381654
4876.303,-3.5551265437487953,-4.087285483906208
4876.323,-3.54648868763258,-4.092302573868554
4876.343,-3.537859105392805,-4.097354058973181
4876.363,-3.5292231058588635,-4.102399660379871
4876.383,-3.52057685846387,-4.10745457744205
4876.403,-3.5119425399422264,-4.112500433120057
4876.423,-3.5033065800937675,-4.117540963466703
4876.443,-3.4946729110420818,-4.122587300843166
4876.463,-3.4860425640821364,-4.127633129277845
4876.483,-3.477409666194683,-4.13267979576138
4876.503,-3.4687747605824018,-4.137722794490661
4876.523,-3.460141637530474,-4.142769133375561
4876.543,-3.451510008607927,-4.147817805666444
4876.563,-3.4428770557674704,-4.152864264052723
4876.583,-3.434242256420749,-4.157907456938637
4876.603,-3.4256092185793894,-4.162953941654601
4876.623,-3.4169789846518563,-4.167999958200142
4876.643,-3.408346253200032,-4.173046904277286
4876.663,-3.399710396518251,-4.17808755130505
4876.683,-3.391076866651181,-4.1831340997652084
4876.703,-3.3824440777676616,-4.188180474392732
4876.723,-3.373809719878673,-4.193226640798068
4876.743,-3.365177025240293,-4.198273180884701
4876.763,-3.3565383195667944,-4.203309199206179
4876.783,-3.3479035306032787,-4.208352992264999
4876.803,-3.339270771484476,-4.213399731084748
4876.823,-3.330633762452258,-4.218431420402971
4876.843,-3.3219961011729295,-4.223468055035572
4876.863,-3.3133641397075158,-4.228512056287324
4876.883,-3.3047344488166903,-4.2335653260062465
4876.903,-3.296096985770989,-4.238603121559603
4876.923,-3.287462699124508,-4.243645994485289
4876.943,-3.2788284588393015,-4.248688914065657
4876.963,-3.2701942130137285,-4.253731822027633
4876.983,-3.2615623207765725,-4.258778896432113
4877.003,-3.252924990181385,-4.2638175949186765
4877.023,-3.244291866295662,-4.268862766174466
4877.043,-3.235660460425896,-4.273915818353336
4877.063,-3.227022879357798,-4.278962743609899
4877.083,-3.2183859383464326,-4.284004016810727
4877.103,-3.209753142647121,-4.289046652224081
4877.123,-3.201125174748667,-4.294092648468461
4877.143,-3.1924926463117287,-4.299138178269906
4877.163,-3.183857432433783,-4.304186762235063
4877.183,-3.1752278733527195,-4.30923581223201
4877.203,-3.166600222758888,-4.314287075495442
4877.223,-3.1579669010579865,-4.319333526719344
4877.243,-3.149339878065879,-4.324387810778748
4877.263,-3.1407058192255444,-4.329432823417923
4877.283,-3.1320737328147645,-4.334478849268313
4877.303,-3.1234409563341474,-4.339525484780677
4877.323,-3.1148105447415464,-4.344571298229728
4877.343,-3.10617755033442,-4.349617857798411
4877.363,-3.097544408726771,-4.354663874658373
4877.383,-3.088911344942641,-4.359710027379265
4877.403,-3.080278748377177,-4.364756632678428
4877.423,-3.0716466940095133,-4.369803043545762
4877.443,-3.0630072144350047,-4.374853105017765
4877.463,-3.054374606954856,-4.379899780098454
4877.483,-3.0457422551058846,-4.384945652014426
4877.503,-3.0370992015907614,-4.390002876934264
4877.523,-3.0284569006150326,-4.395051344818176
4877.543,-3.0198193919216445,-4.400069915030095
4877.563,-3.0111914485211564,-4.405123062121327
4877.583,-3.0025622694287457,-4.410178676500647
4877.603,-2.993925512940223,-4.415226573466677
4877.623,-2.985291535788005,-4.420273539064924
4877.643,-2.9766593493597457,-4.42532096347801
4877.663,-2.9680272131525203,-4.430368447254757
4877.683,-2.959395107358797,-4.43541598488124
4877.703,-2.9507630231764472,-4.440463562467753
4877.723,-2.942130956621146,-4.445511172724805
4877.743,-2.933498907664283,-4.450558814600768
4877.763,-2.9248668767992765,-4.455606488461482
4877.783,-2.916234865466133,-4.4606541963095125
4877.803,-2.907602875560382,-4.465701940937867
4877.823,-2.898970909203191,-4.47074972554074
4877.843,-2.8903389686485244,-4.47579755353516
4877.863,-2.8817070561603306,-4.480845428377577
4877.883,-2.873075173990411,-4.4858933535101535
4877.903,-2.86444332462879,-4.490941332789117
4877.923,-2.855811511168219,-4.495989370565717
4877.943,-2.8471797367016634,-4.5010374713670425
4877.963,-2.8385480034396555,-4.506085638194718
4877.983,-2.8299163150620323,-4.51113387604471
4878.003,-2.8212675716122178,-4.516193007170755
4878.023,-2.8126337702176936,-4.521239046626867
4878.043,-2.8039966161299836,-4.526277754875421
4878.063,-2.795373830165422,-4.531329633791568
4878.083,-2.786742486966873,-4.536379622033359
4878.103,-2.7781099085035024,-4.541427237285432
4878.123,-2.76947848150721,-4.546473463175851
4878.143,-2.7608504872458886,-4.551529228058762
4878.163,-2.752211665395449,-4.556581514840235
4878.183,-2.7435789064883256,-4.561627934548325
4878.203,-2.7349465369406594,-4.566675548722062
4878.223,-2.7263142377122387,-4.571723268802887
4878.243,-2.717681962316185,-4.576771028382621
4878.263,-2.7090497109387184,-4.581818828532053
4878.283,-2.700417483932707,-4.586866669869085
4878.303,-2.6917852813551653,-4.5919145524480145
4878.323,-2.6831531032038463,-4.596962476226208
4878.343,-2.674520949466543,-4.6020104411452545
4878.363,-2.6658888201240054,-4.607058447143697
4878.383,-2.6572569171279237,-4.612106286683592
4878.403,-2.6486026754150176,-4.617166973754428
4878.423,-2.639968721739752,-4.622217372121966
4878.443,-2.631332074586443,-4.6272560038300865
4878.463,-2.6226985022313256,-4.6323055850402035
4878.483,-2.614068186211278,-4.637349900149824
4878.503,-2.6065272751757744,-4.641755614743843
4878.523,-2.6004389269638932,-4.645386325246234
4878.543,-2.59574055408967,-4.6481183075254675
4878.563,-2.5923671568559055,-4.650351505415506
4878.583,-2.5897631358933073,-4.652632780770057
4878.603,-2.58808369929708,-4.654870041822774
4878.623,-2.587234871252484,-4.657136083495929
4878.643,-2.5872549627628008,-4.65938210172526
4878.663,-2.5882002942776206,-4.661647725594911
4878.683,-2.5896630888799024,-4.6639288953057845
4878.703,-2.5911895441895103,-4.666156605608476
4878.723,-2.5927522056362693,-4.668354139195709
4878.743,-2.594317549086283,-4.670538596338651
4878.763,-2.595961646699966,-4.67268042813158
4878.783,-2.597640449746646,-4.67479030916494
4878.803,-2.599320926705586,-4.676885720900925
4878.823,-2.6010779756449693,-4.678935570686132
4878.843,-2.602868053346961,-4.6809516694170545
4878.863,-2.604658765334786,-4.682951979684476
4878.883,-2.606523720726162,-4.6849039657829765
4878.903,-2.608419907954105,-4.686820462813487
4878.923,-2.6103156727867276,-4.688719857315945
4878.943,-2.612283156933967,-4.690568345710206
4878.963,-2.6142799791281965,-4.6923797013235475
4878.983,-2.616275303244655,-4.694172645388679
4879.003,-2.6183396422351666,-4.695912298327011
4879.023,-2.62043133210652,-4.697613270706462
4879.043,-2.6225204247646947,-4.69929454802687
4879.063,-2.624675632641644,-4.700920304261286
4879.083,-2.626858863460418,-4.702507820641406
4879.103,-2.6290704296767617,-4.704055894729838
4879.123,-2.631309495614935,-4.705563914247602
4879.143,-2.6335753352023072,-4.707031390448438
4879.163,-2.63586721504412,-4.708457848723904
4879.183,-2.6381843933196003,-4.7098428277251445
4879.203,-2.640526120239945,-4.711185879529709
4879.223,-2.6428916380366263,-4.712486569629234
4879.243,-2.645280181302548,-4.713744477569615
4879.263,-2.647690977283976,-4.714959196362104
4879.283,-2.6501232459147936,-4.716130333126434
4879.303,-2.652576200585225,-4.717257508814481
4879.323,-2.65504904760861,-4.718340358943127
4879.343,-2.657540987184501,-4.719378532752114
4879.363,-2.6600512131672893,-4.720371694397413
4879.383,-2.6625789135211226,-4.721319522169751
4879.403,-2.6651232708399286,-4.7222217091447805
4879.423,-2.6676834619305345,-4.723077962988078
4879.443,-2.6702586585016976,-4.723888006045462
4879.463,-2.6728480274230813,-4.724651575926581
4879.483,-2.675450730787757,-4.725368424578196
4879.503,-2.6780659266433866,-4.726038319702424
4879.523,-2.6806927684099926,-4.726661043432178
4879.543,-2.6833304059270735,-4.727236393779687
4879.563,-2.6859779853267085,-4.727764183560228
4879.583,-2.6886346494665276,-4.728244241059457
4879.603,-2.691299538057191,-4.728676409947105
4879.623,-2.6939717879883354,-4.7290605494411455
4879.643,-2.6966505336698843,-4.7293965339974955
4879.663,-2.699334907259378,-4.7296842542361635
4879.683,-2.7020240387690553,-4.729923615943318
4879.703,-2.7047170567340824,-4.7301145405030285
4879.723,-2.7074130882767684,-4.7302569653510185
4879.743,-2.710111259431304,-4.7303508436076624
4879.763,-2.712810695312879,-4.730396143836335
4879.783,-2.715510520423358,-4.730392850471142
4879.803,-2.718209859207865,-4.730340964229045
4879.823,-2.7209078362286827,-4.730240501175788
4879.843,-2.723603576133122,-4.730091493110939
4879.863,-2.7262962045600916,-4.7298939879871575
4879.883,-2.7289848479347008,-4.729648049195208
4879.903,-2.7316686339798424,-4.7293537560370185
4879.923,-2.7343466919068327,-4.729011203783294
4879.943,-2.737533403128583,-4.732167805924018
4879.963,-2.740803338064996,-4.737898428600661
4879.983,-2.7435647171797974,-4.745150652682894
4880.003,-2.7458168030763095,-4.7539470533029595
4880.023,-2.747724318425132,-4.763763762700738
4880.043,-2.749634166600724,-4.773580164444698
4880.063,-2.751938203051645,-4.783863677477144
4880.083,-2.7539001525613878,-4.793697484768094
4880.103,-2.7558142373894077,-4.8035122058269435
4880.123,-2.757732506382009,-4.813326109103817
4880.143,-2.7596509551479556,-4.823139949956342
4880.163,-2.7615694171559677,-4.832953787088788
4880.183,-2.763487890505809,-4.842767621019338
4880.203,-2.7654149339293412,-4.852585505895366
4880.223,-2.7673344539287204,-4.862399236565829
4880.243,-2.7692432387941905,-4.872214781255995
4880.263,-2.771157392911928,-4.8820295457641905
4880.283,-2.773087162759106,-4.891838732545353
4880.303,-2.7750066052614755,-4.901651862515665
4880.323,-2.776921793729326,-4.911473309815283
4880.343,-2.7788403341174535,-4.921287122995614
4880.363,-2.7807589122345355,-4.931100929932664
4880.383,-2.7826775040026392,-4.9409147339626935
4880.403,-2.7845961077291936,-4.950728535636741
4880.423,-2.786514723011214,-4.960542334432755
4880.443,-2.788433351143476,-4.970356130676432
4880.463,-2.790351991955569,-4.980169924478243
4880.483,-2.792270644021153,-4.989983716368965
4880.503,-2.7941893081564366,-4.999797505994849
4880.523,-2.796107985774595,-5.009611293087148
4880.543,-2.798026675469205,-5.019425078168697
4880.563,-2.7999453768092164,-5.029238861298854
4880.583,-2.8018640899572187,-5.039052642616564
4880.603,-2.80378281575465,-5.048866421753445
4880.623,-2.805701553105054,-5.058680199258264
4880.643,-2.8076203031495086,-5.0684939747946585
4880.663,-2.8095390654702395,-5.07830774839514
4880.683,-2.8114578401554655,-5.088121520762665
4880.703,-2.813376625609342,-5.097935291746277
4880.723,-2.8152954232710194,-5.107749061024194
4880.743,-2.81721423272499,-5.117562828602561
4880.763,-2.819133054145113,-5.127376594563264
4880.783,-2.8210518882952056,-5.137190359067331
4880.803,-2.8229707338737593,-5.147004121967638
4880.823,-2.8248895909687595,-5.156817883913871
4880.843,-2.826808459248191,-5.16663164428095
4880.863,-2.8287273401499373,-5.1764454026934885
4880.883,-2.830646231906369,-5.186259160110116
4880.903,-2.832565135746007,-5.196072915507892
4880.923,-2.8344840504919766,-5.2058866699162385
4880.943,-2.836402977079301,-5.21570042225583
4880.963,-2.838321915303318,-5.225514173081128
4880.983,-2.840240864161738,-5.235327922224868
4881.003,-2.842159824423635,-5.2451416697685245
4881.023,-2.8440787960612726,-5.254955415072974
4881.043,-2.8459977788789743,-5.26476915867312
4881.063,-2.847916773150151,-5.274582899965149
4881.083,-2.849835778391253,-5.284396639435396
4881.103,-2.8517547945034516,-5.294210377022775
4881.123,-2.853673821477401,-5.304024112073332
4881.143,-2.8555928594335924,-5.313837845156837
4881.163,-2.8575119079928823,-5.323651576166423
4881.183,-2.8594456914504724,-5.3334721484192675
4881.203,-2.861402789329808,-5.34331398404358
4881.223,-2.863361306749709,-5.353155677582236
4881.243,-2.865321374509998,-5.3629970748892655
4881.263,-2.8672830572866315,-5.372838172147221
4881.283,-2.8692463334669718,-5.382678816023923
4881.303,-2.871173355380986,-5.392491117232237
4881.323,-2.8731001889735337,-5.4023033190037335
4881.343,-2.8750270321345606,-5.412115516773483
4881.363,-2.8769538866858126,-5.421927711634442
4881.383,-2.8788807524708626,-5.431739903609985
4881.403,-2.8808076302972068,-5.441552092255116
1758191846.5361524,-4.297477634329095,-4.092811417821815
4881.423,-4.287948094447326,-4.095841229707383
4881.443,-4.278418559160556,-4.098871052901881
4881.463,-4.268889027817931,-4.101900887568421
4881.483,-4.259353185265091,-4.1049441706581264
4881.503,-4.249828546097217,-4.1079839968131076
4881.523,-4.240293323613445,-4.1110099611082935
4881.543,-4.230747359306067,-4.11405647081569
4881.563,-4.221219848256785,-4.11709366170544
4881.583,-4.2116712529822316,-4.1201381784170055
4881.603,-4.20213572362615,-4.123179718785298
4881.623,-4.19260031958594,-4.126221902043034
4881.643,-4.183065031716202,-4.129264623964271
4881.663,-4.173529861379748,-4.132307847851837
4881.683,-4.163981799615221,-4.135354692023389
4881.703,-4.154451520328787,-4.138383514224232
4881.723,-4.144922865011489,-4.141416080770347
4881.743,-4.135394220553951,-4.144448681457954
4881.763,-4.12586558035182,-4.147481294973695
4881.783,-4.116336943592847,-4.150513920881476
4881.803,-4.106808310728444,-4.153546558985903
4881.823,-4.097279681022434,-4.156579209069025
4881.843,-4.08775105490429,-4.159611872144482
4881.863,-4.078222432278519,-4.162644546832967
4881.883,-4.0701673168801324,-4.165867954506819
4881.903,-4.063965828454125,-4.168703654527761
4881.923,-4.059252126545367,-4.170865428223008
4881.943,-4.056144174621135,-4.172513683935642
4881.963,-4.054082570774352,-4.174397469396664
4881.983,-4.05297404958214,-4.1765218094943615
4882.003,-4.052844881680743,-4.17885463026823
4882.023,-4.053629599022279,-4.181368034455362
4882.043,-4.054583847355493,-4.1838929895450105
4882.063,-4.055583727125556,-4.186400725229442
4882.083,-4.056628587415701,-4.1888900686964075
4882.103,-4.057718086532087,-4.191360209402752
4882.123,-4.058851871635804,-4.193810345913523
4882.143,-4.060029575093344,-4.196239683193102
4882.163,-4.058052380249402,-4.20026571717668
4882.183,-4.053661768697108,-4.205190578457261
4882.203,-4.047666781737942,-4.210117991636026
4882.223,-4.040045804869596,-4.215054499699389
4882.243,-4.031347870084698,-4.219989324919573
4882.263,-4.02265094510153,-4.224926305927545
4882.283,-4.01363827008652,-4.230523741701761
4882.303,-4.004949365193606,-4.235551265191173
4882.323,-3.9962439121623667,-4.240586172855985
4882.343,-3.9875627765465227,-4.245545935383331
4882.363,-3.978861826409171,-4.250507426661443
4882.383,-3.970168477636799,-4.255449103588757
4882.403,-3.961468675164203,-4.260420314821036
4882.423,-3.952787503925504,-4.265377033142036
4882.443,-3.944102050964889,-4.270324494725641
4882.463,-3.9354000105011497,-4.27531167654969
4882.483,-3.926712181536494,-4.280262902730484
4882.503,-3.918024372460014,-4.285214159353356
4882.523,-3.909336570880251,-4.290165429243908
4882.543,-3.900648775628247,-4.2951167112300075
4882.563,-3.891960987593033,-4.3000680058910925
4882.583,-3.883273206777934,-4.3050193132113055
4882.603,-3.874585432580718,-4.309970633269636
4882.623,-3.865897665506632,-4.314921965694732
4882.643,-3.8572099055122853,-4.319873310349155
4882.663,-3.848522152559855,-4.324824667100939
4882.683,-3.839834406460653,-4.329776037017543
4882.703,-3.8311466673377206,-4.334727418790311
4882.723,-3.822458935164785,-4.339678812310236
4882.743,-3.8137712103728556,-4.344630218579599
4882.763,-3.8050834924892714,-4.349581636404888
4882.783,-3.796409847642464,-4.354528410085218
4882.803,-3.7877226005311617,-4.35948406611201
4882.823,-3.779037368410994,-4.364453145990614
4882.843,-3.7703502315708537,-4.369405572496366
4882.863,-3.761663088277922,-4.374358011697007
4882.883,-3.7529717492702375,-4.379324354145173
4882.903,-3.744279985168727,-4.384291019410236
4882.923,-3.7355882948364543,-4.3892585171195915
4882.943,-3.7268967684062067,-4.394226772413061
4882.963,-3.7182054551965353,-4.39919571984859
4882.983,-3.709514380876592,-4.4041653070546705
4883.003,-3.70082355860973,-4.40913549644849
4883.023,-3.692132997801704,-4.414106261910203
4883.043,-3.6834427035577826,-4.419077581664927
4883.063,-3.6747526800903807,-4.424049441096327
4883.083,-3.666062930030492,-4.429021826170151
4883.103,-3.6573734563408324,-4.433994727766661
4883.123,-3.648684262471672,-4.438968136734786
4883.143,-3.6399953515486057,-4.443942044218297
4883.163,-3.6313067311980207,-4.448916445553765
4883.183,-3.6226184171313336,-4.453891336012926
4883.203,-3.6139352794877975,-4.458850859584836
4883.223,-3.6052525364857653,-4.463810986052859
4883.243,-3.5965698045250436,-4.468771130331249
4883.263,-3.587887080439755,-4.473731288061605
4883.283,-3.5792043635556534,-4.478691459282176
4883.303,-3.570521654448591,-4.48365164390038
4883.323,-3.5618389530852244,-4.488611841915161
4883.343,-3.553156258882714,-4.4935720535514285
4883.363,-3.5444735723572944,-4.498532278576521
4883.383,-3.5357908934754203,-4.5034925169820506
4883.403,-3.527108221137165,-4.508452767746074
4883.423,-3.518425556371275,-4.513413031862893
4883.443,-3.5097428991400283,-4.518373309312032
4883.463,-3.5010602494063843,-4.523333600066718
4883.483,-3.4923776065802254,-4.528293904323462
4883.503,-3.48369299053477,-4.533251472788895
4883.523,-3.4749982632283785,-4.538224289434288
4883.543,-3.466311374817334,-4.543177230846489
4883.563,-3.4576180910288254,-4.548159517754723
4883.583,-3.448943400887908,-4.553127199650774
4883.603,-3.4402642884067745,-4.55808572879912
4883.623,-3.4315876649553383,-4.5630464388476675
4883.643,-3.4229148949745265,-4.568020472782985
4883.663,-3.414221032210619,-4.572994469985749
4883.683,-3.405534796815097,-4.577948591737658
4883.703,-3.396841989521436,-4.5829322261619465
4883.723,-3.3881603113233343,-4.587894295833259
4883.743,-3.3794788203027264,-4.592856623293992
4883.763,-3.370797338196851,-4.597818965851626
4883.783,-3.362115863487448,-4.6027813215167495
4883.803,-3.353434395094831,-4.607743689242847
4883.823,-3.3447529339687225,-4.612706069748104
4883.843,-3.336071480056854,-4.6176684628811415
4883.863,-3.32739003330918,-4.622630868495941
4883.883,-3.318708593073496,-4.627593286541521
4883.903,-3.3100271599151716,-4.632555716791928
4883.923,-3.301345734254414,-4.637518160218554
4883.943,-3.2926643155999886,-4.642480615598715
4883.963,-3.283982903923118,-4.647443082817449
4883.983,-3.2753014995971963,-4.652405562732231
4884.003,-3.2666201016509677,-4.657368054509999
4884.023,-3.257938710616223,-4.662330557834126
4884.043,-3.249255089904901,-4.667285980663401
4884.063,-3.2405495623274256,-4.672298808553134
4884.083,-3.23186702332509,-4.6772611396958235
4884.103,-3.223186116197245,-4.682224483722887
4884.123,-3.2145052122626905,-4.687187842428127
4884.143,-3.2058205300329172,-4.692145213677782
4884.163,-3.1971361527332167,-4.697103376845676
4884.183,-3.188452154008481,-4.702062355184015
4884.203,-3.1797684167035016,-4.707021823312074
4884.223,-3.171084868469461,-4.711981609602211
4884.243,-3.162401457968238,-4.716941612403714
4884.263,-3.1537181507595258,-4.721901769273442
4884.283,-3.1450349212081345,-4.7268620375878205
4884.303,-3.1363517495407494,-4.731822387732215
4884.323,-3.1276686214500784,-4.7367827985163204
4884.343,-3.1189855265927084,-4.7417432543367175
4884.363,-3.1103024557697023,-4.746703741558226
4884.383,-3.1016194006522495,-4.75166424877621
4884.403,-3.0929363532822713,-4.7566247605195455
4884.423,-3.084253304049483,-4.761585256684997
4884.443,-3.0755702259048068,-4.7665456733178475
4884.463,-3.0668888082327106,-4.771508163571706
4884.483,-3.0582075930797323,-4.776470963431757
4884.503,-3.0495263875853316,-4.7814337794269175
4884.523,-3.040845189943085,-4.786396608866198
4884.543,-3.0321639995548404,-4.791359451951597
4884.563,-3.0234828168807493,-4.7963223083161965
4884.583,-3.014801641488817,-4.801285176995156
4884.603,-3.0061204732526545,-4.80624805931573
4884.623,-2.9974393126899113,-4.811210955043609
4884.643,-2.9887581597369417,-4.816173864102279
4884.663,-2.98007701438804,-4.821136786548077
4884.683,-2.9713958760560706,-4.826099722593795
4884.703,-2.9627147452262705,-4.83106267192009
4884.723,-2.9540336218898204,-4.836025634568551
4884.743,-2.94535250600724,-4.8409886105067885
4884.763,-2.9366687810640997,-4.845946777985879
4884.783,-2.9279907097575135,-4.850907058048122
4884.803,-2.9193151407475706,-4.855869667237334
4884.823,-2.910643378883361,-4.860845446603728
4884.843,-2.901950565458968,-4.86582127991872
4884.863,-2.8932654199919288,-4.870777325348845
4884.883,-2.8845738795810454,-4.875762852880725
4884.903,-2.875901126068549,-4.880733839338543
4884.923,-2.8672238188388,-4.885695601978407
4884.943,-2.8585490147259787,-4.890659449149852
4884.963,-2.849877973863835,-4.89563651003489
4884.983,-2.841197865791589,-4.900601290909936
4885.003,-2.832517854333272,-4.905566205986679
4885.023,-2.823837850570481,-4.910531134103499
4885.043,-2.8165014997796955,-4.915239743222392
4885.063,-2.8104870256643903,-4.919312624003751
4885.083,-2.8059983730525113,-4.922421614751033
4885.103,-2.802862465411271,-4.924764957918134
4885.123,-2.8005028098409177,-4.927042213330788
4885.143,-2.7991001326105107,-4.929370531965096
4885.163,-2.798631341703215,-4.9318710269409465
4885.183,-2.7989613769595514,-4.9341968238425515
4885.203,-2.800241382104146,-4.936483411689964
4885.223,-2.802303976014293,-4.938723379922776
4885.243,-2.8039387867074215,-4.940953355372913
4885.263,-2.805503138068777,-4.943153497786902
4885.283,-2.8071053441653984,-4.945326363499602
4885.303,-2.8087476864151104,-4.9474689936799825
4885.323,-2.8104283526682114,-4.949581733862497
4885.343,-2.812146766744428,-4.951663871338968
4885.363,-2.8139023709674547,-4.953714731156412
4885.383,-2.815694596175864,-4.9557336488514965
4885.403,-2.8175228607918523,-4.957719970729694
4885.423,-2.819386571769524,-4.959673053854849
4885.443,-2.821285124903607,-4.961592265632936
4885.463,-2.823217904462791,-4.963476985032059
4885.483,-2.82518428373817,-4.965326601885925
4885.503,-2.8271836251670037,-4.967140517523684
4885.523,-2.829215280601971,-4.968918145296051
4885.543,-2.831278591647997,-4.970658909642273
4885.563,-2.831108511242801,-4.975140985815442
4885.583,-2.8290987893013164,-4.981425566250048
4885.603,-2.8256242525504978,-4.988364541727086
4885.623,-2.820667822865401,-4.995972814274917
4885.643,-2.8147270509369413,-5.00401703714861
4885.663,-2.808787903030918,-5.0120628887761125
4885.683,-2.802261430888304,-5.020354933592122
4885.703,-2.7962842593419586,-5.028357550436875
4885.723,-2.790330337704085,-5.036370778473407
4885.743,-2.784383704419801,-5.044410071684946
4885.763,-2.7784370044554376,-5.0524492724473795
4885.783,-2.772490292709869,-5.0604884644635115
4885.803,-2.766543570032344,-5.068527648793435
4885.823,-2.7605968354216124,-5.076566825203783
4885.843,-2.7546500891947168,-5.0846059932914
4885.863,-2.7487033321004253,-5.092645154073506
4885.883,-2.742756563612282,-5.100684306829878
4885.903,-2.736809783637295,-5.108723452260579
4885.923,-2.7308629924900005,-5.116762589936905
4885.943,-2.724916190079113,-5.124801720545848
4885.963,-2.718969375601218,-5.1328408432395465
4885.983,-2.7130225502925898,-5.140879958537091
4886.003,-2.707075713992004,-5.1489190664419136
4886.023,-2.7011288659794124,-5.156958166749097
4886.043,-2.695182006379232,-5.164997259549808
4886.063,-2.6892351362354536,-5.173036345896116
4886.083,-2.6832882549631925,-5.181075424338689
4886.103,-2.677341362490999,-5.189114495509944
4886.123,-2.671394458953852,-5.197153559473657
4886.143,-2.665447544487713,-5.205192616288382
4886.163,-2.6595006192313164,-5.2132316660046625
4886.183,-2.6535536833235547,-5.221270708668095
4886.203,-2.6476067371078402,-5.2293097437565725
4886.223,-2.6416597796812162,-5.237348771558311
4886.243,-2.635712812023653,-5.245387792405403
4886.263,-2.629765834477522,-5.2534268057581395
4886.283,-2.6238188458556344,-5.261465811787924
4886.303,-2.617871847414029,-5.269504810911374
4886.323,-2.611924838365957,-5.277543802169751
4886.343,-2.6059778188397558,-5.285582785565084
4886.363,-2.6000307898759862,-5.293621762063499
4886.383,-2.5940837506755203,-5.301660730693609
4886.403,-2.588136701147146,-5.30969969200934
4886.423,-2.5821896418804666,-5.3177386455414
4886.443,-2.5762425726936082,-5.32577759117733
4886.463,-2.570289673610544,-5.333824321466028
4886.483,-2.564319133918409,-5.341877913471763
4886.503,-2.558371579521702,-5.349916493097377
4886.523,-2.5524239610679014,-5.357955029378607
4886.543,-2.5464763329571554,-5.365993557572617
4886.563,-2.540528694694741,-5.374032077626539
4886.583,-2.5345810464023684,-5.382070589584602
4886.603,-2.5286333881825223,-5.390109093488239
4886.623,-2.522937776026392,-5.396691508094267
4886.643,-2.5181935888058806,-5.402067806640586
4886.663,-2.5144830476614595,-5.405864306245323
4886.683,-2.511822786938468,-5.40841390220056
4886.703,-2.509316882391301,-5.410096011767708
4886.723,-2.5067350686649497,-5.4109407124433
4886.743,-2.5043140944866256,-5.410962625664202
4886.763,-2.5017651918861064,-5.410392546656637
4886.783,-2.4992673397211407,-5.408864878801723
4886.803,-2.4972093335311616,-5.407118254201391
4886.823,-2.495182701363315,-5.405334548655501
4886.843,-2.493188498279131,-5.403514650403602
4886.863,-2.491227374784526,-5.40165915233756
4886.883,-2.489299966865418,-5.399768656097302
4886.903,-2.4874068996632865,-5.397843774771871
4886.923,-2.4855487869564357,-5.395885132567521
4886.943,-2.4837262312458184,-5.39389336468866
4886.963,-2.481939823587094,-5.391869116824686
4886.983,-2.480190142599662,-5.3898130454698245
4887.003,-2.478477755649271,-5.387725817184326
4887.023,-2.476803217564865,-5.385608108725648
4887.043,-2.4723180132862916,-5.385635858126687
4887.063,-2.465973055441134,-5.387445221800965
4887.083,-2.458927575287041,-5.3906979103660255
4887.103,-2.451166201106185,-5.395410533339859
4887.123,-2.4429377097352996,-5.401093519960032
4887.143,-2.434707630620504,-5.4067747396889905
4887.163,-2.4261129005891267,-5.413056164400016
4887.183,-2.417890242142795,-5.4187769409877555
4887.203,-2.4096654267330417,-5.424463997854773
4887.223,-2.401440763277289,-5.430151550368294
4887.243,-2.3932161091145754,-5.435839119389597
4887.263,-2.3849914636048832,-5.441526701018773
4887.283,-2.376766826845112,-5.447214296482152
4887.303,-2.368542198625649,-5.452901904322797
4887.323,-2.3603175795289886,-5.458589525450393
4887.343,-2.352092968884697,-5.464277158792822
4887.363,-2.343868367258983,-5.469964805232352
4887.383,-2.3356437739658946,-5.475652463670891
4887.403,-2.3274191896166925,-5.481340135060538
4887.423,-2.319194613511363,-5.487027818279992
4887.443,-2.3109700462477814,-5.492715514259439
4887.463,-2.302745487810977,-5.498403222958246
4887.483,-2.2945178663964088,-5.504086414808037
4887.503,-2.286295808898607,-5.5097893753834954
4887.523,-2.2780714473282613,-5.515477367859573
4887.543,-2.269833899683357,-5.521210369927162
4887.563,-2.2616113321576163,-5.526903563995698
4887.583,-2.2533753446893234,-5.5326345232772445
4887.603,-2.24515143146057,-5.538324168153974
4887.623,-2.2369293879345697,-5.544015810245165
4887.643,-2.2287076934789485,-5.549707886591889
4887.663,-2.2204859053194843,-5.555399756863088
4887.683,-2.2122639848792436,-5.561091461984662
4887.703,-2.2040419795386086,-5.566783059036021
4887.723,-2.195819931776969,-5.572474607098482
4887.743,-2.1875978680032455,-5.578166137591437
4887.763,-2.1793758099657996,-5.583857680317588
4887.783,-2.171153773720996,-5.589549255372126
4887.803,-2.1629317711228704,-5.59524087986769
4887.823,-2.154709813489809,-5.600932566756464
4887.843,-2.146487910037722,-5.606624327657453
4887.863,-2.1382660677871357,-5.612316172055363
4887.883,-2.1300442975335425,-5.618008111054879
4887.903,-2.12182260977948,-5.623700155676281
4887.923,-2.11360101582808,-5.629392313365927
4887.943,-2.1053795313609274,-5.635084595587022
4887.963,-2.097158181771332,-5.640777015756118
4887.983,-2.0889370065320203,-5.646469587695819
4888.003,-2.0807160868625587,-5.65216232631285
4888.023,-2.072492200350859,-5.657850815359858
4888.043,-2.0642702082756643,-5.663542229688787
4888.063,-2.056048230371903,-5.669233664024002
4888.083,-2.0478262621858634,-5.674925112464059
4888.103,-2.039604303039589,-5.6806165739650005
4888.123,-2.031382352961745,-5.686308048582085
4888.143,-2.02316041257573,-5.691999537310823
4888.163,-2.0149384807421216,-5.697691039478254
4888.183,-2.0067165586204734,-5.703382555811976
4888.203,-1.9984946455469066,-5.709074085276223
4888.223,-1.990272741512521,-5.714765627866526
4888.243,-1.982050847162239,-5.72045718461028
4888.263,-1.973828961820967,-5.726148754451234
1758191855.9938562,-4.122244740432407,-4.197614631367905
4888.283,-4.112296618527598,-4.198628652270628
4888.303,-4.102348498175217,-4.199642688921188
4888.323,-4.092360418356811,-4.200697317127634
4888.343,-4.082392607780604,-4.201729187004252
4888.363,-4.072448737894516,-4.20275410040916
4888.383,-4.062505247599967,-4.203769688500933
4888.403,-4.0525627847299885,-4.204788329118713
4888.423,-4.042617847188785,-4.205820593730229
4888.443,-4.032652691229519,-4.2068439655783845
4888.463,-4.022703993130585,-4.207851980550522
4888.483,-4.012736174620604,-4.208885662000809
4888.503,-4.002792065407275,-4.209912217053792
4888.523,-3.9928443092321677,-4.210929939110528
4888.543,-3.982896575056483,-4.211947767948818
4888.563,-3.9729488426552217,-4.212965613917397
4888.583,-3.9630011117631283,-4.213983474912479
4888.603,-3.9530533824515697,-4.215001351998855
4888.623,-3.9431056546498646,-4.21601924390879
4888.643,-3.933157928355787,-4.217037150494658
4888.663,-3.9232102036461316,-4.21805507284082
4888.683,-3.9132624805244993,-4.219073010885233
4888.703,-3.9033147589174555,-4.22009096330827
4888.723,-3.8933670389030026,-4.221108931214233
4888.743,-3.8834193204862943,-4.222126914562854
4888.763,-3.8734711022381125,-4.22313582900139
4888.783,-3.8635160524840733,-4.224163029352903
4888.803,-3.853544568747241,-4.225201628189955
4888.823,-3.8435964785298036,-4.226218859115849
4888.843,-3.83364850025775,-4.227236632396388
4888.863,-3.8237005727041744,-4.228254759279032
4888.883,-3.8137526782662787,-4.229273125419093
4888.903,-3.8038048071117188,-4.2302916608907415
4888.923,-3.7938569527704242,-4.231310319507426
4888.943,-3.7839091113219814,-4.232329076340811
4888.963,-3.7739612803537756,-4.2333479134553595
4888.983,-3.764013458089493,-4.234366824413255
4889.003,-3.754065644730512,-4.235385805616046
4889.023,-3.7441178403756608,-4.236404859070617
4889.043,-3.73417004538068,-4.237423986851118
4889.063,-3.7242222606625623,-4.238443194681908
4889.083,-3.7142744867953756,-4.239462489789786
4889.103,-3.7043267257063106,-4.240481878854056
4889.123,-3.6943789793534525,-4.2415013718301395
4889.143,-3.6844312490095277,-4.242520975405236
4889.163,-3.6744835382703815,-4.243540701909975
4889.183,-3.6645358510415895,-4.244560565285178
4889.203,-3.6545881944999317,-4.2455805827993895
4889.223,-3.6446405788521123,-4.246600776843763
4889.243,-3.634693023666248,-4.247621176332452
4889.263,-3.6247455764714736,-4.248641833078825
4889.283,-3.6147980225271747,-4.249660710726287
4889.303,-3.6048504573669935,-4.250680170404859
4889.323,-3.5949028944824057,-4.251699651310375
4889.343,-3.584955333219326,-4.252719148041966
4889.363,-3.5750077736439168,-4.253738661815669
4889.383,-3.565060215675334,-4.254758191429387
4889.403,-3.5551126593076186,-4.255777736902508
4889.423,-3.546444787379349,-4.256921298100027
4889.443,-3.539341440503256,-4.258072748783522
4889.463,-3.533980242908738,-4.258906871065639
4889.483,-3.530016034372238,-4.259758307965852
4889.503,-3.526775116583122,-4.260848667071646
4889.523,-3.5242249162321935,-4.262225090057023
4889.543,-3.522304239532799,-4.26394455656952
4889.563,-3.5212602467510523,-4.266005075662086
4889.583,-3.521075655490891,-4.268437847225602
4889.603,-3.521452442592104,-4.271099910792133
4889.623,-3.5219187350078416,-4.2737596148320085
4889.643,-3.5224305510560816,-4.276407371583614
4889.663,-3.5229500054226506,-4.279045285467909
4889.683,-3.5235589993072214,-4.28167592005345
4889.703,-3.524212798257126,-4.28429182396409
4889.723,-3.5248739297431833,-4.286896285075407
4889.743,-3.525623829652688,-4.289490044606983
4889.763,-3.5264177529271383,-4.2920666848787254
4889.783,-3.5272185615757095,-4.294630226947495
4889.803,-3.5281072027562046,-4.297179589198645
4889.823,-3.5290389558039523,-4.299709479525691
4889.843,-3.5299771344243718,-4.302224667575954
4889.863,-3.5310019533146737,-4.304722273702884
4889.883,-3.532068846180653,-4.307198112324376
4889.903,-3.5331416882370332,-4.309657637722782
4889.923,-3.534299730510464,-4.312096279425093
4889.943,-3.5354986829872335,-4.314510911887086
4889.963,-3.536703089807862,-4.316907614041639
4889.983,-3.537991016638172,-4.319280251009925
4890.003,-3.5393200765367823,-4.321629092492502
4890.023,-3.5406914918532135,-4.323954313775209
4890.043,-3.5421045311154344,-4.3262544727254815
4890.063,-3.543558733642173,-4.328528819322527
4890.083,-3.5450536280626843,-4.330776617565669
4890.103,-3.5465887299160324,-4.33299714046676
4890.123,-3.5481635422669946,-4.335189669489217
4890.143,-3.549777554924556,-4.337353495669085
4890.163,-3.5514302443806134,-4.339487919547909
4890.183,-3.553121076105833,-4.341592250654385
4890.203,-3.5548495031794736,-4.343665808082153
4890.223,-3.556614965568193,-4.345707921738193
4890.243,-3.558416891871866,-4.347717931233498
4890.263,-3.560254698878595,-4.349695186726
4890.283,-3.5621277926584196,-4.351639048306595
4890.303,-3.564035566735021,-4.3535488877690485
4890.323,-3.565977403949597,-4.355424087495525
4890.343,-3.56795267687073,-4.357264040266007
4890.363,-3.5699607461535248,-4.359068151544246
4890.383,-3.5720009626217646,-4.360835837365478
4890.403,-3.574072665906419,-4.362566526235088
4890.423,-3.5761751866448,-4.364259657460182
4890.443,-3.5783078446428753,-4.365914683463719
4890.463,-3.5804699502142405,-4.367531068258152
4890.483,-3.5826608037997736,-4.3691082886238295
4890.503,-3.584879696898827,-4.370645833793747
4890.523,-3.587125911827247,-4.372143205302595
4890.543,-3.589398722068642,-4.373599917891103
4890.563,-3.591697391992163,-4.375015499619725
4890.583,-3.5940211775274027,-4.3763894918692605
4890.603,-3.5963693270847794,-4.37772144826505
4890.623,-3.5987410802388693,-4.379010937103135
4890.643,-3.601135669088674,-4.380257540321419
4890.663,-3.6035523182158937,-4.381460853132911
4890.683,-3.605990244910411,-4.3826204851903645
4890.703,-3.6084486598541394,-4.383736059236337
4890.723,-3.610926766263969,-4.384807213965223
4890.743,-3.613423761338146,-4.385833600572975
4890.763,-3.6159388358578304,-4.386814885978793
4890.783,-3.618471174535024,-4.387750751858565
4890.803,-3.6210199568572548,-4.3886408932302325
4890.823,-3.6235843563709267,-4.389485021280136
4890.843,-3.6251008662679203,-4.393706241979402
4890.863,-3.6255838729089507,-4.400286543973024
4890.883,-3.624952666912555,-4.408021089573719
4890.903,-3.623196792306367,-4.4169299450712405
4890.923,-3.6206905644354976,-4.426611036272193
4890.943,-3.618186566980827,-4.43629291812381
4890.963,-3.615806226114388,-4.446543446511105
4890.983,-3.613332220034872,-4.4562189599706725
4891.003,-3.6108312512067875,-4.465902533277011
4891.023,-3.6083398048295448,-4.475608695128711
4891.043,-3.6058437448617533,-4.485291981965852
4891.063,-3.603348729724574,-4.494977434318774
4891.083,-3.6008509192782605,-4.5046603722642615
4891.103,-3.5983542230931502,-4.514343479676362
4891.123,-3.5958585187099823,-4.524026926593925
4891.143,-3.5933658725860975,-4.533733099631465
4891.163,-3.5908684441680205,-4.543415751041631
4891.183,-3.5883730339968114,-4.553099317907001
4891.203,-3.5858782505029607,-4.562784739042312
4891.223,-3.583380773086485,-4.5724677757786525
4891.243,-3.580884601705921,-4.582151015868469
4891.263,-3.5783896429902726,-4.591834670729236
4891.283,-3.575897737846956,-4.6015410034642334
4891.303,-3.573401167047626,-4.611223756457698
4891.323,-3.570906929499119,-4.620907536637576
4891.343,-3.568417130993761,-4.630592142007341
4891.363,-3.5659337199595185,-4.640294217511466
4891.383,-3.5634316708120353,-4.6499771879975675
4891.403,-3.5609284881893535,-4.659658075578416
4891.423,-3.558425338131398,-4.6693390194752435
4891.443,-3.5559280266896054,-4.679034801304367
4891.463,-3.5534447330532846,-4.6887182469211295
4891.483,-3.5509554917033563,-4.6984080896580895
4891.503,-3.5484675020768788,-4.708111681382835
4891.523,-3.545978557363628,-4.717795404515717
4891.543,-3.543484168131641,-4.727478913820837
4891.563,-3.5409899545089165,-4.73716244442931
4891.583,-3.5384957525806144,-4.746845977933042
4891.603,-3.5360015608090953,-4.756529514173383
4891.623,-3.5335073794463643,-4.7662130526489905
4891.643,-3.531013210059106,-4.775896594591527
4891.663,-3.5285145633428625,-4.785578879299136
4891.683,-3.526016161441894,-4.795261218931353
4891.703,-3.5235176856943258,-4.804943537974079
4891.723,-3.5210191420723307,-4.814625837274151
4891.743,-3.5185205355334994,-4.824308117525654
4891.763,-3.516021875205901,-4.833990378848523
4891.783,-3.5135231200753423,-4.843672597366313
4891.803,-3.5110242643854983,-4.853354749914322
4891.823,-3.508525302963211,-4.863036836835609
4891.843,-3.506026226103216,-4.8727189260175825
4891.863,-3.503527067427877,-4.882400971182897
4891.883,-3.501027829935888,-4.892082977154118
4891.903,-3.4985285128613537,-4.90176494836372
4891.923,-3.496029114319742,-4.911446888842803
4891.943,-3.493529635352299,-4.921128801361835
4891.963,-3.4910300713239675,-4.930810686223813
4891.983,-3.4885304235516825,-4.940492546743865
4892.003,-3.4860306900862192,-4.950174386820834
4892.023,-3.4835308491928525,-4.959856226100844
4892.043,-3.48103087773437,-4.9695380867546435
4892.063,-3.4785425245580903,-4.979223334335999
4892.083,-3.476058362827472,-4.988906745163803
4892.103,-3.4735737539272904,-4.998590141007421
4892.123,-3.4710889005110417,-5.008273575520154
4892.143,-3.4686038363023624,-5.017957046595391
4892.163,-3.4661185936279466,-5.027640552383536
4892.183,-3.4636332083374244,-5.037324091002349
4892.203,-3.4611477088004468,-5.047007661291456
4892.223,-3.458643182188201,-5.056697915617776
4892.243,-3.456150035095938,-5.066393275856282
4892.263,-3.4536513604264045,-5.07607573880813
4892.283,-3.4511543732203487,-5.085759456098907
4892.303,-3.4486589200974556,-5.095442935361261
4892.323,-3.4461629408593604,-5.105126327082282
4892.343,-3.4436665457897853,-5.114809644362633
4892.363,-3.4411698076373876,-5.124492898840519
4892.383,-3.4386727800829884,-5.134176097841276
4892.403,-3.4361755025437493,-5.143859243715168
4892.423,-3.433678000641099,-5.153542331974113
4892.443,-3.431180279194846,-5.163225342927667
4892.463,-3.4286822654865237,-5.172908185696888
4892.483,-3.426186670225889,-5.182591364323846
4892.503,-3.42456218381414,-5.191072042845909
4892.523,-3.423563038465886,-5.197917248157268
4892.543,-3.4229231184010733,-5.202925496902055
4892.563,-3.4227217980807114,-5.206392265194855
4892.583,-3.423254170035144,-5.209106388062824
4892.603,-3.4244846837458867,-5.21115224193937
4892.623,-3.4264222207899633,-5.21248017193685
4892.643,-3.4290413722440136,-5.213062037175072
4892.663,-3.431688113606517,-5.213593655694776
4892.683,-3.4343440619700294,-5.214077535808423
4892.703,-3.437008300531981,-5.214513538876593
4892.723,-3.4396799651688563,-5.21490152285722
4892.743,-3.442358189811607,-5.2152413610996495
4892.763,-3.4450421060236778,-5.215532942550964
4892.783,-3.447730843598052,-5.215776172594735
4892.803,-3.450423530596544,-5.215970971569074
4892.823,-3.4531192938617865,-5.2161172757113174
4892.843,-3.455817259404174,-5.216215037035128
4892.863,-3.45851655214669,-5.216264223933318
4892.883,-3.461216296835251,-5.216264820019192
4892.903,-3.463915618129614,-5.216216824071706
4892.923,-3.4666136408845123,-5.216120251985661
4892.943,-3.4693094902368937,-5.2159751347809165
4892.963,-3.472002292328889,-5.215781519285307
4892.983,-3.4746911739945903,-5.215539468087567
4893.003,-3.4773752637302437,-5.215249059531929
4893.023,-3.480053691536183,-5.214910387659192
4893.043,-3.48272254211511,-5.21452505064146
4893.063,-3.4853836997792067,-5.214131689479834
4893.083,-3.488040415124081,-5.213648261257681
4893.103,-3.4906848437012012,-5.213119415183972
4893.123,-3.493319163410974,-5.2125829780913735
4893.143,-3.4959457832816203,-5.211957064024109
4893.163,-3.498557453801168,-5.211286455567226
4893.183,-3.5011574250991555,-5.210608541598747
4893.203,-3.50374627795021,-5.209841959156079
4893.223,-3.506317801661751,-5.2090314845885795
4893.243,-3.508875942664758,-5.208214169274534
4893.263,-3.5114195026900346,-5.207309139345764
4893.283,-3.513943411674193,-5.206361147484294
4893.303,-3.516452324263809,-5.205406785170704
4893.323,-3.518943251157347,-5.204365917184846
4893.343,-3.5214122578468663,-5.203283142227936
4893.363,-3.5238646522370716,-5.20219448595826
4893.383,-3.5262957577696805,-5.201020779135957
4893.403,-3.528702725083269,-5.199806344727351
4893.423,-3.531091460519743,-5.198586539147181
4893.443,-3.53518850265442,-5.20044851856018
4893.463,-3.540259478392834,-5.204686508850139
4893.483,-3.5453871885389683,-5.210528123834911
4893.503,-3.550578636398711,-5.217994984450113
4893.523,-3.555804196052553,-5.22652146207464
4893.543,-3.5610319069855074,-5.235047317794985
4893.563,-3.5663092434591657,-5.244111708265054
4893.583,-3.5716339003682958,-5.2526928629749605
4893.603,-3.5768831279062026,-5.261382481821573
4893.623,-3.582099185586709,-5.269914693309869
4893.643,-3.5873193124823994,-5.278454572581863
4893.663,-3.5925396657405013,-5.286994021065263
4893.683,-3.597759834348434,-5.295533397573023
4893.703,-3.6029797145556586,-5.304072838012721
4893.723,-3.608199268830829,-5.3126124115988755
4893.743,-3.613418475879742,-5.321152158236806
4893.763,-3.61863732485621,-5.329692099074948
4893.783,-3.6238558063168678,-5.338232248358523
4893.803,-3.62907391650273,-5.346772613381809
4893.823,-3.634291649014314,-5.355313199965871
4893.843,-3.6395090002771613,-5.363854010307322
4893.863,-3.64472596935901,-5.372395045484967
4893.883,-3.6499425523197986,-5.380936307332676
4893.903,-3.6551587467917193,-5.389477794859666
4893.923,-3.6603745498655047,-5.398019506799315
4893.943,-3.6655899596766006,-5.4065614419429195
4893.963,-3.6708049721997136,-5.415103597377502
4893.983,-3.6760195864097898,-5.423645967565034
4894.003,-3.68123651795553,-5.432176807878531
4894.023,-3.6864533284253316,-5.440707730545818
4894.043,-3.690454488931498,-5.4483525364003045
4894.063,-3.6932514517545254,-5.454528521631225
4894.083,-3.6957866542461923,-5.4589909237647465
4894.103,-3.6978590378922593,-5.461805667998856
4894.123,-3.699764997697977,-5.463562792854825
4894.143,-3.7017799556785147,-5.464292624500097
4894.163,-3.703716852180521,-5.464007811490703
4894.183,-3.7058711344056556,-5.462789301672359
4894.203,-3.7080209278270693,-5.461023166902506
4894.223,-3.71020547275476,-5.4594417109032385
4894.243,-3.7123613803796855,-5.457820731432497
4894.263,-3.7144877753928394,-5.4561610437164045
4894.283,-3.716583960232179,-5.45446325866609
4894.303,-3.718649251539548,-5.452727970546856
4894.323,-3.720682978963476,-5.45095576981606
4894.343,-3.7226844834705326,-5.449147247612334
4894.363,-3.72465311634649,-5.44730299975514
4894.383,-3.7265882408750066,-5.445423629821367
4894.403,-3.728489231034263,-5.4435097497709295
4894.423,-3.7303554721773207,-5.441561981072149
4894.443,-3.7321863599315424,-5.439580954285377
4894.463,-3.7339813021538215,-5.437567310624873
4894.483,-3.735739718029911,-5.435521701161919
4894.503,-3.7374610380251747,-5.433444786564177
4894.523,-3.7391447052042346,-5.431337238132927
4894.543,-3.740790174201424,-5.429199736477867
4894.563,-3.742396911675452,-5.427032971742649
4894.583,-3.7439643973555174,-5.424837643974094
4894.603,-3.745492123043628,-5.4226144620063135
4894.623,-3.74697959352149,-5.420364143981896
4894.643,-3.7484263262642585,-5.418087416786008
4894.663,-3.749831851443915,-5.415785015602476
4894.683,-3.7511957133741474,-5.413457684625438
4894.703,-3.7525174690910696,-5.411106175868247
4894.723,-3.753796689488199,-5.408731249443168
4894.743,-3.755032958851758,-5.406333672899776
4894.763,-3.756225875677154,-5.403914221743334
4894.783,-3.7573750520055187,-5.401473678166114
4894.803,-3.7584801140121202,-5.399012831479627
4894.823,-3.759540702641766,-5.396532478094778
4894.843,-3.7605564728018526,-5.394033420317783
4894.863,-3.761527094223746,-5.391516467235214
4894.883,-3.7624522503998903,-5.388982433135108
4894.903,-3.763331640670046,-5.386432138455383
4894.923,-3.764164979169259,-5.383866409196228
4894.943,-3.7649519939120926,-5.381286075847341
4894.963,-3.7656924288037135,-5.378691974199919
4894.983,-3.766386043060746,-5.376084944505188
4895.003,-3.7670326107678904,-5.373465831123542
4895.023,-3.7676319211290408,-5.370835482347057
4895.043,-3.7681837791331043,-5.3681947504386
4895.063,-3.7686880052166356,-5.365544490793095
4895.083,-3.769144435174098,-5.362885562079036
4895.103,-3.7695529204007077,-5.360218825636454
4895.123,-3.769913328036398,-5.357545145531687
4895.143,-3.7702255404678082,-5.354865387809444
4895.163,-3.770489456386955,-5.352180420747387
4895.183,-3.7707049896560507,-5.349491114237286
4895.203,-3.7744493097154774,-5.347020885523551
4895.223,-3.7807300381778592,-5.344997371083953
4895.243,-3.7883955931221176,-5.343784019265076
4895.263,-3.7974679906814797,-5.343386267685339
4895.283,-3.807467283126684,-5.3435347477760535
4895.303,-3.8174670292120325,-5.343680851654152
4895.323,-3.828023280104216,-5.3434579438372625
4895.343,-3.838069433644272,-5.343549498198814
4895.363,-3.8481878172521156,-5.343604140309672
4895.383,-3.8581865841323473,-5.343733145407223
4895.403,-3.8681854023536415,-5.343861925331137
4895.423,-3.8781842213021807,-5.343990689171551
4895.443,-3.888183040285465,-5.344119438910052
4895.463,-3.898181859205322,-5.344248174661027
4895.483,-3.9081806779746806,-5.34437689651852
4895.503,-3.9181794967326495,-5.344505603248266
4895.523,-3.928178315176091,-5.344634296254532
4895.543,-3.938177133229541,-5.344762975613744
4895.563,-3.948175950436997,-5.344891640121952
4895.583,-3.958174767148734,-5.345020290972862
4895.603,-3.9681735834852314,-5.345148927198722
1758191865.127314,-3.7290686779433435,-4.056646930689521
4895.623,-3.719101760992565,-4.057455280671171
4895.643,-3.709134845949201,-4.0582636438753825
4895.663,-3.699167932751782,-4.059072021441695
4895.683,-3.6892010220114417,-4.059880413370286
4895.703,-3.679234113220665,-4.060688818537566
4895.723,-3.669267294755182,-4.061497399038903
4895.743,-3.6593003915436833,-4.06230584197738
4895.763,-3.649334705802333,-4.063118155655975
4895.783,-3.6393573112401567,-4.063930607915084
4895.803,-3.6293791080259576,-4.064753038026017
4895.823,-3.6194123095077417,-4.065561808563969
4895.843,-3.609446801955149,-4.066377792343143
4895.863,-3.5994800567556995,-4.067186587099613
4895.883,-3.58951320789591,-4.067995625613188
4895.903,-3.5795463600999744,-4.068804683092911
4895.923,-3.569579514022803,-4.0696137543371975
4895.943,-3.5596191219211546,-4.070442783391877
4895.963,-3.5496411485101227,-4.0712633966506635
4895.983,-3.539663261397386,-4.072084688348389
4896.003,-3.529685443759203,-4.072906573891481
4896.023,-3.519707686482893,-4.073729001235775
4896.043,-3.5097299867822453,-4.0745519630446845
4896.063,-3.499752343845071,-4.075375458263118
4896.083,-3.4897747590195323,-4.0761994865888616
4896.103,-3.47979723477797,-4.077024047791937
4896.123,-3.4698197780921762,-4.077849143453098
4896.143,-3.459842405866386,-4.078674778305615
4896.163,-3.4498759233034737,-4.079488868622139
4896.183,-3.4399095405081956,-4.08030365555017
4896.203,-3.42994315912609,-4.081118463882501
4896.223,-3.419976778184884,-4.081933287036922
4896.243,-3.4100103976204434,-4.082748124848033
4896.263,-3.400044017386958,-4.083562977212312
4896.283,-3.3900776374343895,-4.084377844178791
4896.303,-3.380111257745015,-4.085192725502115
4896.323,-3.3701448782973342,-4.086007621088406
4896.343,-3.360178499080732,-4.086822530846156
4896.363,-3.3502121200810087,-4.087637454834958
4896.383,-3.3402457412295044,-4.088452394008114
4896.403,-3.3302793626281137,-4.089267347092073
4896.423,-3.3203129843021477,-4.090082314004031
4896.443,-3.3103466067908554,-4.090897295895771
4896.463,-3.3003802296179057,-4.091712291604652
4896.483,-3.2904138527547255,-4.092527302094251
4896.503,-3.2804474763450258,-4.093342326100912
4896.523,-3.270481100362948,-4.094157364740924
4896.543,-3.260514724964542,-4.0949724167548505
4896.563,-3.2505483507184665,-4.0957874834555215
4896.583,-3.2405819771195965,-4.096602564584741
4896.603,-3.2306156042480887,-4.097417660079052
4896.623,-3.2206492322757314,-4.0982327686885105
4896.643,-3.210682861200133,-4.099047891543695
4896.663,-3.2007164917032185,-4.099863028632469
4896.683,-3.190750123265423,-4.100678180007211
4896.703,-3.18078375598393,-4.10149334546949
4896.723,-3.170817390537768,-4.10230852501609
4896.743,-3.160850731306553,-4.10312388098317
4896.763,-3.1508843492248078,-4.103940365769832
4896.783,-3.140918062584987,-4.104757326836983
4896.803,-3.1309518356319628,-4.105574610081582
4896.823,-3.1209856500621207,-4.1063921296600485
4896.843,-3.111019495826873,-4.107209834825396
4896.863,-3.101053366683804,-4.108027697351876
4896.883,-3.091087261415559,-4.1088457040155175
4896.903,-3.081121180227985,-4.109663853865518
4896.923,-3.0711551256059653,-4.110482147201246
4896.943,-3.0611891020105944,-4.1113005949836285
4896.963,-3.051223791049596,-4.112115972872623
4896.983,-3.041257634854892,-4.11293205048826
4897.003,-3.031291336674967,-4.113747906967094
4897.023,-3.0213245549098233,-4.114563381778809
4897.043,-3.0113616547853708,-4.115379402116917
4897.063,-3.0014001362181313,-4.116215976816109
4897.083,-2.9914339178936817,-4.117032226666887
4897.103,-2.9814604831743807,-4.117860591158489
4897.123,-2.971494684335033,-4.118676716369096
4897.143,-2.9615284676358575,-4.119493507162152
4897.163,-2.951562252320914,-4.120310314314682
4897.183,-2.941596038629637,-4.1211271364038975
4897.203,-2.931604143751208,-4.121959344478941
4897.223,-2.9216270686584385,-4.122788219396644
4897.243,-2.9116500409473933,-4.1236178660271
4897.263,-2.9016730508761026,-4.124448138355562
4897.283,-2.891696096444846,-4.12527898330489
4897.303,-2.8817191803383078,-4.126110388809118
4897.323,-2.8717423060439327,-4.1269423487541665
4897.343,-2.8617654781346453,-4.127774858747769
4897.363,-2.851788701999402,-4.128607915293893
4897.383,-2.841811988102659,-4.129441517664999
4897.403,-2.831835356589067,-4.130275670883586
4897.423,-2.8218696361468862,-4.131098719409473
4897.443,-2.81190395610503,-4.131922058008024
4897.463,-2.8019382769190697,-4.132745413992798
4897.483,-2.7919725982495236,-4.133568783563943
4897.503,-2.7820069199442288,-4.134392167930107
4897.523,-2.7720412419676195,-4.135215566840588
4897.543,-2.7620755642837387,-4.136038980196554
4897.563,-2.752109886863568,-4.136862407902215
4897.583,-2.7421442096781687,-4.137685850012919
4897.603,-2.7321785326417114,-4.138509307478355
4897.623,-2.7222128558397194,-4.139332779021029
4897.643,-2.7122471792794176,-4.14015626455474
4897.663,-2.702281502968086,-4.140979764143841
4897.683,-2.6923158274502366,-4.141803278789339
4897.703,-2.6823501522515567,-4.142626807179232
4897.723,-2.672384477329156,-4.143450350424212
4897.743,-2.662418802817399,-4.144273907259102
4897.763,-2.652453128688408,-4.1450974787985535
4897.783,-2.6424874550792543,-4.145921063930106
4897.803,-2.6325217825793716,-4.14674466366676
4897.823,-2.6225561106672393,-4.147568277898015
4897.843,-2.6125904395073847,-4.148391905369333
4897.863,-2.60262476909491,-4.149215547206708
4897.883,-2.59265910010931,-4.150039203392301
4897.903,-2.5826934320303017,-4.150862873974183
4897.923,-2.5727277649560993,-4.151686558748553
4897.943,-2.5627620990578377,-4.152510256474268
4897.963,-2.5527964349309977,-4.153333968333728
4897.983,-2.542835762326914,-4.154146865878566
4898.003,-2.5328699206178578,-4.1549712113139705
4898.023,-2.5229042676963633,-4.155796380713319
4898.043,-2.512938701328085,-4.1566219887089
4898.063,-2.502973190256359,-4.157447897695502
4898.083,-2.4930077181320645,-4.158274030266111
4898.103,-2.4830422755549404,-4.159100341599387
4898.123,-2.473076858109353,-4.159926806636668
4898.143,-2.463111463821042,-4.160753414089946
4898.163,-2.453146094198804,-4.16158016405124
4898.183,-2.4431807515880615,-4.162407057951313
4898.203,-2.4332149125791838,-4.163228902757292
4898.223,-2.4232389813599178,-4.164067192861576
4898.243,-2.4132734766278534,-4.164892092302716
4898.263,-2.403307915530718,-4.165716912382939
4898.283,-2.39334366691699,-4.1665368607333875
4898.303,-2.383379788350112,-4.167365787870788
4898.323,-2.373390329995306,-4.168201797149181
4898.343,-2.363424829377665,-4.169027080404895
4898.363,-2.3534355269383234,-4.169866722700021
4898.383,-2.3434700586434705,-4.1706923308560855
4898.403,-2.3335045776254297,-4.171518056796639
4898.423,-2.3235390981392605,-4.172343798738576
4898.443,-2.3135736203460318,-4.173169554543939
4898.463,-2.3035842358684064,-4.174009679215035
4898.483,-2.293607843649837,-4.174846891745303
4898.503,-2.2836315023067875,-4.175684865253744
4898.523,-2.2736551977448696,-4.176523445951394
4898.543,-2.2636789295005353,-4.177362596815564
4898.563,-2.2537027007039607,-4.1782023058703
4898.583,-2.2437265154685333,-4.179042568605381
4898.603,-2.233750377719908,-4.179883381189424
4898.623,-2.223774294055097,-4.180724741287561
4898.643,-2.213798274879209,-4.181566647256853
4898.663,-2.2038223431454016,-4.1824091060568005
4898.683,-2.1938573355295135,-4.183240613111607
4898.703,-2.183892344202933,-4.184072243688814
4898.723,-2.1739273529949408,-4.18490388888391
4898.743,-2.1639623622010857,-4.185735548977401
4898.763,-2.1539973723738286,-4.186567223748884
4898.783,-2.1440323828737156,-4.187398913055392
4898.803,-2.1340673936661716,-4.188230616798992
4898.823,-2.1241024047131036,-4.189062335033357
4898.843,-2.1141374160082194,-4.189894067517344
4898.863,-2.1041724274580247,-4.190725815350081
4898.883,-2.094207439147938,-4.191557577254627
4898.903,-2.084242451086628,-4.192389353145398
4898.923,-2.0742774632829866,-4.193221143087338
4898.943,-2.064312475689776,-4.194052948039336
4898.963,-2.054347488427364,-4.194884766732539
4898.983,-2.0443825020488537,-4.195716600320353
4899.003,-2.034417516095463,-4.196548447495848
4899.023,-2.0244525305401257,-4.197380309374423
4899.043,-2.0144875455213023,-4.198212184843844
4899.063,-2.0045225610343307,-4.199044074875077
4899.083,-1.9945575777492524,-4.199875979442687
4899.103,-1.9845925952332442,-4.2007078972506795
4899.123,-1.9746276134852325,-4.2015398294255
4899.143,-1.96466263258871,-4.202371775907207
4899.163,-1.9546976532145954,-4.2032037368289625
4899.183,-1.9447326748645586,-4.2040357119456555
4899.203,-1.9347676977093862,-4.204867700016453
4899.223,-1.924802721750907,-4.205699702181699
4899.243,-1.9148069788238085,-4.206573380402428
4899.263,-1.9048420422691923,-4.2074081056747294
4899.283,-1.8948772522173103,-4.20824348899351
4899.303,-1.8849125413061396,-4.209079277452665
4899.323,-1.8749478818770622,-4.209915347823541
4899.343,-1.864983259268689,-4.210751630442292
4899.363,-1.8550186658267995,-4.211588086336035
4899.383,-1.845054096323837,-4.212424690536723
4899.403,-1.835089550068724,-4.213261436510522
4899.423,-1.82512502905505,-4.214098325157779
4899.443,-1.8151605358860525,-4.2149353592355085
4899.463,-1.805183771416696,-4.21579028409507
4899.483,-1.7952090673204832,-4.216628768647182
4899.503,-1.785244403791434,-4.217463992295179
4899.523,-1.7752797051237064,-4.218299173382157
4899.543,-1.7653147720836144,-4.219133816555639
4899.563,-1.7553547909636644,-4.219989422555883
4899.583,-1.745389440983671,-4.220816959940419
4899.603,-1.735424774226388,-4.221652370204541
4899.623,-1.7254572622721354,-4.222486072358688
4899.643,-1.7154925884965173,-4.223321379056011
4899.663,-1.7055279105272716,-4.224156740676458
4899.683,-1.6955632342563114,-4.224992116636514
4899.703,-1.685598559598412,-4.225827507477026
4899.723,-1.6756312753497171,-4.226661351961721
4899.743,-1.665655653956379,-4.227507809344399
4899.763,-1.655680080429656,-4.228354988892542
4899.783,-1.6457045440127316,-4.229202763074119
4899.803,-1.6357290447967192,-4.230051104778034
4899.823,-1.6257535861127708,-4.230900003672116
4899.843,-1.6157781721908615,-4.231749455687582
4899.863,-1.6058028068709502,-4.2325994573300045
4899.883,-1.5958274978218743,-4.233450004842495
4899.903,-1.585852256722174,-4.234301098880993
4899.923,-1.5758771069510924,-4.2351527556854665
4899.943,-1.5659128747361906,-4.235993480060925
4899.963,-1.5559486530158744,-4.236834284685032
4899.983,-1.5459844318665865,-4.237675104766548
4900.003,-1.536020211129822,-4.238515939738673
4900.023,-1.526055990763213,-4.239356789343413
4900.043,-1.5160917707249733,-4.240197653480294
4900.063,-1.5061275509800787,-4.241038532052082
4900.083,-1.4961633315041536,-4.241879424964168
4900.103,-1.4861991122697298,-4.2427203322732945
4900.123,-1.4762348932808453,-4.243561253741119
4900.143,-1.4662706744562468,-4.24440219046952
4900.163,-1.456306455890141,-4.245243141183913
4900.183,-1.446342237601488,-4.246084105801087
4900.203,-1.4363780201212482,-4.246925085618682
4900.223,-1.4264138029846205,-4.247766079178268
4900.243,-1.4164495861530453,-4.24860708759168
4900.263,-1.406485369761725,-4.249448109594152
4900.283,-1.3965211543808984,-4.2502891463426264
4900.303,-1.3865569395641573,-4.251130196535272
4900.323,-1.3765927252885382,-4.251971261440765
4900.343,-1.3666285117227586,-4.252812339654155
4900.363,-1.3566642988628717,-4.253653432300051
4900.383,-1.346700087386761,-4.254494539357285
4900.403,-1.3367358767835775,-4.255335660725141
4900.423,-1.3267716672225587,-4.256176795157346
4900.443,-1.316807458696864,-4.257017943937653
4900.463,-1.3068432518985262,-4.257859106907174
4900.483,-1.296879046317022,-4.25870028397658
4900.503,-1.286886212404333,-4.2595707000285215
4900.523,-1.2769219735282726,-4.2604110055219095
4900.543,-1.2669575483879376,-4.261250949536966
4900.563,-1.2569930082259921,-4.262090697381629
4900.583,-1.2470284049837328,-4.26293031623371
4900.603,-1.237063770285481,-4.263769835353897
4900.623,-1.2270991242798912,-4.2646092703874245
4900.643,-1.2171344812284204,-4.265448632042971
4900.663,-1.2071698522104535,-4.266287923827343
4900.683,-1.197205247032783,-4.267127148280365
4900.703,-1.1872406746576942,-4.267966307361353
4900.723,-1.1772590254036563,-4.268822934016952
4900.743,-1.1672929366295863,-4.269664024057128
4900.763,-1.1573288578144225,-4.270506456476734
4900.783,-1.1487782184537678,-4.271792173734609
4900.803,-1.1416255917503642,-4.272890954485249
4900.823,-1.1363445342539356,-4.273709889226115
4900.843,-1.132248352124495,-4.274320013358655
4900.863,-1.1288816810321405,-4.274463829914881
4900.883,-1.1262565371585227,-4.274145059949924
4900.903,-1.1241426344249164,-4.27305103262828
4900.923,-1.1229676137446871,-4.2715199784027575
4900.943,-1.122161606968399,-4.269271768300097
4900.963,-1.1217971715914834,-4.266473078184953
4900.983,-1.1215381624356207,-4.263654784226486
4901.003,-1.1212499679874701,-4.260781871706746
4901.023,-1.1210557663260143,-4.257930200982268
4901.043,-1.120848408168973,-4.255109051057435
4901.063,-1.1207138895803443,-4.252196140942854
4901.083,-1.1205872313840932,-4.249248697695128
4901.103,-1.1208044216952049,-4.246520558185448
4901.123,-1.1208653402547408,-4.243803622087171
4901.143,-1.1209637158738475,-4.241041025653816
4901.163,-1.121345173413375,-4.238318193152269
4901.183,-1.1217729431245738,-4.235619264509645
4901.203,-1.122213211041036,-4.232965471548221
4901.223,-1.1227996259527075,-4.230298036095816
4901.243,-1.1232973258872618,-4.2275730302738515
4901.263,-1.123707820912786,-4.224883754099938
4901.283,-1.124169042263927,-4.222164982331652
4901.303,-1.1249157209704528,-4.2195362570115496
4901.323,-1.1257041089419955,-4.2169335569666755
4901.343,-1.1265079898831463,-4.214366570735686
4901.363,-1.1274278176130068,-4.211798506420064
4901.383,-1.1282762275508775,-4.209164783069102
4901.403,-1.129038316946668,-4.206546930570468
4901.423,-1.1298471375766617,-4.203907685377544
4901.443,-1.130926448223485,-4.201400314481938
4901.463,-1.1320460935197014,-4.1989220948707855
4901.483,-1.1331930075165744,-4.196478019665365
4901.503,-1.134431208505883,-4.194050679615431
4901.523,-1.1356293654591603,-4.191544376199862
4901.543,-1.1369394264003672,-4.189184164180819
4901.563,-1.1382917985540706,-4.1868478210232185
4901.583,-1.139685999613204,-4.184536190452166
4901.603,-1.1411215780426849,-4.182250020530794
4901.623,-1.1425980701298626,-4.179990051130161
4901.643,-1.144114998271205,-4.177757013136393
4901.663,-1.1456718715398089,-4.175551628636392
4901.683,-1.1472681873420143,-4.173374611748664
4901.703,-1.1460492308519066,-4.169058182481743
4901.723,-1.1426181117802299,-4.16342225755851
4901.743,-1.1376095108360318,-4.157494504757287
4901.763,-1.1310032049722567,-4.151264628325058
4901.783,-1.1233379071769842,-4.144842485151594
4901.803,-1.115673790450117,-4.138418414925913
4901.823,-1.1077090620482017,-4.131605037520205
4901.843,-1.1000740101032025,-4.125183267390801
4901.863,-1.0923527754648645,-4.118743648643175
4901.883,-1.08468821513601,-4.1123325784181075
4901.903,-1.0770258845233849,-4.105907633541984
4901.923,-1.06936354892206,-4.099482699304293
4901.943,-1.0617012168095452,-4.093057760359318
4901.963,-1.0540388888772385,-4.086632817180177
4901.983,-1.04637656463108,-4.08020786910932
4902.003,-1.038714242784575,-4.0737829184290115
4902.023,-1.0310519247400296,-4.067357962822972
4902.043,-1.0233896105118052,-4.06093300287481
4902.063,-1.0157273007819507,-4.054508038020683
4902.083,-1.0080649936538446,-4.048083070518563
4902.103,-1.0004026905119385,-4.041658098068083
4902.123,-0.9927403913504275,-4.035233121269535
4902.143,-0.9850780962343882,-4.028808139537048
4902.163,-0.97741580383784,-4.022383155185494
4902.183,-0.9697535161143024,-4.015958165971612
4902.203,-0.9634397113902983,-4.010366880348392
4902.223,-0.958764453611083,-4.005794618009698
4902.243,-0.9554682052984227,-4.002655175946122
4902.263,-0.953327306636545,-3.9999399698732594
4902.283,-0.9521990716303919,-3.997415375366939
4902.303,-0.9520884771237444,-3.9950493945483387
4902.323,-0.9529961153690072,-3.9928613865025198
4902.343,-0.9547770826643647,-3.990854783259979
4902.363,-0.9566217145762531,-3.98888366158813
4902.383,-0.9585015215687354,-3.9869460745315077
4902.403,-0.9604159036235794,-3.9850426233061276
4902.423,-0.9623642410288773,-3.983173924287625
4902.443,-0.9643459033636826,-3.9813405836161992
4902.463,-0.9663602493897753,-3.9795431957506078
4902.483,-0.9684066265779707,-3.9777823434082036
4902.503,-0.9704843723626456,-3.9760585980256087
4902.523,-0.9725928139924831,-3.9743725190301062
4902.543,-0.9747312683487898,-3.9727246529846036
4902.563,-0.9768990425745241,-3.971115534962583
4902.583,-0.9790954343795556,-3.969545687269052
4902.603,-0.9813197322006305,-3.9680156195274487
4902.623,-0.9835712148125735,-3.966525827966879
4902.643,-0.9858491525197789,-3.9650767962364832
4902.663,-0.9881528069318911,-3.9636689948708264
4902.683,-0.9904814313908545,-3.962302880787518
4902.703,-0.9928342707787469,-3.9609788968231405
4902.723,-0.9952105625114088,-3.9596974733862913
4902.743,-0.9976095359514017,-3.958459025769284
4902.763,-1.0000304135081057,-3.9572639557589513
4902.783,-1.002472410235053,-3.956112651214049
4902.803,-1.0049347343594255,-3.955005485681629
4902.823,-1.007416587948025,-3.9539428188249257
4902.843,-1.0085624575748504,-3.949606317084957
4902.863,-1.008474832577349,-3.9430089745261556
4902.883,-1.0071772971961404,-3.9353580829239565
4902.903,-1.0046577736445024,-3.9266345095333217
4902.923,-1.0013238143149004,-3.9172063685197815
4902.943,-0.9979919980031986,-3.9077771891687645
4902.963,-0.9948657198936082,-3.8976263857696356
4902.983,-0.9916276157848831,-3.8880891731525855
4903.003,-0.9883611518745832,-3.878483418573746
4903.023,-0.9850575400978686,-3.86904630960861
4903.043,-0.9817539156618315,-3.859607692374546
4903.063,-0.9784481062493421,-3.850159162649103
4903.083,-0.9751379254317656,-3.840727436812897
4903.103,-0.9718329981827594,-3.831278373452837
4903.123,-0.9685282665772305,-3.8218288313904085
4903.143,-0.9652241018531884,-3.812378854766227
4903.163,-0.9619205319784048,-3.802928498686328
4903.183,-0.9586175404681538,-3.793477814022689
4903.203,-0.9553151140681452,-3.7840268380335904
4903.223,-0.9520132406851903,-3.77457559925901
4903.243,-0.9487119111919755,-3.765124118912894
1758191874.703859,-4.30643689155459,-3.169780915126992
4903.263,-4.296674253229447,-3.1719992192819864
4903.283,-4.286911462367007,-3.1742169703343484
4903.303,-4.277148526575478,-3.1764341731392856
4903.323,-4.267385451919652,-3.1786508311711614
4903.343,-4.257636346756381,-3.1808752782770013
4903.363,-4.2478872372350995,-3.1830996633593593
4903.383,-4.238138130865701,-3.185324081539851
4903.403,-4.228389021597253,-3.1875484971596
4903.423,-4.218639908876173,-3.1897728979244167
4903.443,-4.2088907920627365,-3.1919972839437727
4903.463,-4.19914167110291,-3.1942216552616345
4903.483,-4.189392546513442,-3.1964460117349724
4903.503,-4.179643416937394,-3.198670351333035
4903.523,-4.169894283658358,-3.2008946761741446
4903.543,-4.1601451460870535,-3.203118986488842
4903.563,-4.150396004206564,-3.205343282319477
4903.583,-4.140646857824521,-3.207567561256799
4903.603,-4.1308977071274695,-3.209791825791999
4903.623,-4.121148552692264,-3.2120160757766096
4903.643,-4.111399393219941,-3.2142403091747718
4903.663,-4.101650230056284,-3.21646452809843
4903.683,-4.0919010626708445,-3.2186887327719202
4903.703,-4.082151890922291,-3.220912920779604
4903.723,-4.072402715048682,-3.223137094605275
4903.743,-4.062653535107983,-3.225361254281033
4903.763,-4.052904350980637,-3.2275853973864668
4903.783,-4.043155162922973,-3.229809526400685
4903.803,-4.03340597101247,-3.2320336413500956
4903.823,-4.023656792692962,-3.234261806190142
4903.843,-4.013907992725518,-3.2364891727007694
4903.863,-4.00415913981318,-3.238716322504247
4903.883,-3.994410263065715,-3.240943358438521
4903.903,-3.9846613780790916,-3.243170351567069
4903.923,-3.974912493877854,-3.2453973426503238
4903.943,-3.9651636150549527,-3.247624358413358
4903.963,-3.955414745019255,-3.2498514111179193
4903.983,-3.9456658850931445,-3.252078510012604
4904.003,-3.9359170366161513,-3.2543056617954456
4904.023,-3.92616820057573,-3.2565328707307466
4904.043,-3.9164193782464887,-3.2587601404858133
4904.063,-3.9066705696170976,-3.2609874772450085
4904.083,-3.8969217758618915,-3.2632148822996303
4904.103,-3.88717299650715,-3.2654423576138707
4904.123,-3.8774242330129045,-3.2676699090045593
4904.143,-3.8676751869924098,-3.2698946687647514
4904.163,-3.8579261240494294,-3.272119332661175
4904.183,-3.8481770582011015,-3.2743439786388118
4904.203,-3.838427989779296,-3.2765686099228044
4904.223,-3.8286789193611765,-3.2787932263594888
4904.243,-3.8189298463807253,-3.2810178281609845
4904.263,-3.809180770645294,-3.283242412898226
4904.283,-3.7994352987020377,-3.2854656186672826
4904.303,-3.7896856693442533,-3.287690487646289
4904.323,-3.7799210948685507,-3.2899044625970464
4904.343,-3.7701713016608203,-3.292128869860051
4904.363,-3.7604218627133883,-3.294354212618845
4904.383,-3.750672703090599,-3.2965801619527593
4904.403,-3.7409237523251946,-3.2988065616326026
4904.423,-3.731174959169457,-3.301033304007087
4904.443,-3.7214262847075417,-3.303260310608689
4904.463,-3.711677701149159,-3.305487523252548
4904.483,-3.701929186882889,-3.3077148990638565
4904.503,-3.692180726928141,-3.3099424060879428
4904.523,-3.6824323099127634,-3.312170023131491
4904.543,-3.672683926545451,-3.314397730482732
4904.563,-3.662935571088766,-3.316625515115707
4904.583,-3.653187238269836,-3.3188533676027983
4904.603,-3.643438025544007,-3.3210773342051376
4904.623,-3.633688803590511,-3.3233012193024636
4904.643,-3.6239395877231995,-3.325525165338372
4904.663,-3.6141903679355134,-3.327749097193512
4904.683,-3.6044411439053676,-3.3299730118023545
4904.703,-3.5946919157563855,-3.332196911655123
4904.723,-3.5849426840009846,-3.3344207966091717
4904.743,-3.5751934480256153,-3.336644666896426
4904.763,-3.56544420779177,-3.338868522560449
4904.783,-3.555694963083325,-3.3410923611940064
4904.803,-3.5459457140617348,-3.3433161852900275
4904.823,-3.536196461277275,-3.3455399947031625
4904.843,-3.5264472041591035,-3.3477637896616788
4904.863,-3.5166979425255205,-3.3499875677554205
4904.883,-3.506948676572895,-3.3522113314740927
4904.903,-3.497199406320846,-3.3544350808561796
4904.923,-3.4874501316156215,-3.356658813488021
4904.943,-3.4777008526774433,-3.35888253185633
4904.963,-3.467951570118371,-3.3611062358080894
4904.983,-3.458202282675123,-3.3633299233007445
4905.003,-3.4484529917238516,-3.365553596441478
4905.023,-3.438703696764264,-3.367777255447726
4905.043,-3.4289543976858288,-3.3700008978967526
4905.063,-3.4192050947486834,-3.372224526265588
4905.083,-3.4094406199574396,-3.3744386261205843
4905.103,-3.3996764259434085,-3.376653824330553
4905.123,-3.3899122366732883,-3.3788687403429707
4905.143,-3.3801479801177403,-3.381083167704472
4905.163,-3.370383626554694,-3.3832970555448307
4905.183,-3.3606191608567615,-3.385510387071396
4905.203,-3.3508545746782015,-3.387723149701757
4905.223,-3.3410898632869968,-3.3899353373530245
4905.243,-3.3313250257698304,-3.3921469473150996
4905.263,-3.3215600598856603,-3.3943579742324914
4905.283,-3.3117949658186103,-3.3965684149375845
4905.303,-3.30202974284907,-3.3987782673719105
4905.323,-3.2933668298480856,-3.4003775612732317
4905.343,-3.286231142381951,-3.401473468371292
4905.363,-3.2808735566472196,-3.4022620331954405
4905.383,-3.27693089273683,-3.4027318793805423
4905.403,-3.2734391977620407,-3.4026865606383057
4905.423,-3.270433744777471,-3.4020358185234922
4905.443,-3.2678899022889225,-3.4008388615193987
4905.463,-3.2658347544862294,-3.3990811422579825
4905.483,-3.2642837628917154,-3.3967810081800955
4905.503,-3.2633434268872903,-3.394004707287386
4905.523,-3.26295499437968,-3.391333590922269
4905.543,-3.262613857009817,-3.3886575124995733
4905.563,-3.262282449407046,-3.385987675555501
4905.583,-3.2620392030489707,-3.3832981567094755
4905.603,-3.2618430600250656,-3.380607990274592
4905.623,-3.2616565117813776,-3.3779258063674944
4905.643,-3.261558661665153,-3.3752276438568196
4905.663,-3.257887738273047,-3.3726031091454343
4905.683,-3.2516817855879876,-3.370322805207373
4905.703,-3.2440573540695414,-3.3687927364076837
4905.723,-3.2349923912659007,-3.3680176215927333
4905.743,-3.224995655759199,-3.36773787161365
4905.763,-3.214998902600905,-3.367457076970813
4905.783,-3.204444081387987,-3.3675353815903364
4905.803,-3.1944723953267964,-3.3673012081086444
4905.823,-3.1844867143115922,-3.367057599302945
4905.843,-3.174490723854813,-3.366786130517687
4905.863,-3.1644947598920616,-3.36651473698845
4905.883,-3.1544987960610955,-3.3662433603396713
4905.903,-3.1445028324986883,-3.3659719974884887
4905.923,-3.134506868604003,-3.365700648150337
4905.943,-3.124510905076581,-3.365429314860834
4905.963,-3.11451494118339,-3.365157994743968
4905.983,-3.1045189776454034,-3.3648866901919448
4906.003,-3.0945230136975366,-3.36461539847943
4906.023,-3.084527050029095,-3.3643441221503814
4906.043,-3.0745310858974335,-3.3640728583392696
4906.063,-3.0645351220147887,-3.363801609451051
4906.083,-3.05453915776466,-3.363530375228066
4906.103,-3.0445431935434577,-3.363259153180359
4906.123,-3.034547228861981,-3.3629879456606515
4906.143,-3.0245512637119885,-3.362716752390023
4906.163,-3.0145552986460804,-3.362445573350773
4906.183,-3.0045623009852123,-3.3621737407284087
4906.203,-2.9945689924286323,-3.361923330735584
4906.223,-2.984551277010403,-3.3616681668095203
4906.243,-2.9745547753180466,-3.361399311844531
4906.263,-2.9645605758010025,-3.3611487805715594
4906.283,-2.95453985880116,-3.3608889818215713
4906.303,-2.9445319721056062,-3.3606295329382507
4906.323,-2.9345239885572125,-3.360370392352546
4906.343,-2.924515948355347,-3.3601118130022583
4906.363,-2.9145078619764098,-3.359853813984435
4906.383,-2.9044997381023916,-3.359596388677088
4906.403,-2.894491583297779,-3.3593395309224463
4906.423,-2.8844834030257283,-3.359083235305091
4906.443,-2.874475202243828,-3.3588274972091403
4906.463,-2.864466985891824,-3.3585723125043985
4906.483,-2.854458760956503,-3.358317680592718
4906.503,-2.844450536338946,-3.358063597797598
4906.523,-2.8344423278833695,-3.357810071841004
4906.543,-2.8244461233157656,-3.357546544182773
4906.563,-2.814449935373367,-3.3572834719717104
4906.583,-2.80445374722083,-3.357020416429603
4906.603,-2.79445755829663,-3.356757375736833
4906.623,-2.7844613686164386,-3.3564943498613213
4906.643,-2.7744651787849386,-3.3562313389209883
4906.663,-2.764468988238346,-3.3559683428256974
4906.683,-2.7544727974265606,-3.3557053592503436
4906.703,-2.7444766059224026,-3.3554423907104893
4906.723,-2.734480413780595,-3.355179437084784
4906.743,-2.7244842216155956,-3.3549164985060087
4906.763,-2.7144880288719486,-3.354653574893467
4906.783,-2.704491835579511,-3.354390666272072
4906.803,-2.6944956421971784,-3.3541277703192813
4906.823,-2.684499448301789,-3.3538648895475225
4906.843,-2.674503254538307,-3.353602023933655
4906.863,-2.6645070603498198,-3.3533391733834566
4906.883,-2.654510865766713,-3.353076337904596
4906.903,-2.6445146714027286,-3.3528135176059717
4906.923,-2.634518476539494,-3.3525507099249463
4906.943,-2.6245222819203535,-3.352287917557109
4906.963,-2.614526087009352,-3.3520251402326235
4906.983,-2.6045298918261106,-3.3517623779280803
4907.003,-2.594533696975942,-3.3514996307198546
4907.023,-2.584537501886822,-3.3512368984639065
4907.043,-2.574517519614662,-3.350992599620691
4907.063,-2.5645219878459558,-3.350733871529764
4907.083,-2.554523920097391,-3.3504802568527046
4907.103,-2.5445279171867767,-3.3502252273358804
4907.123,-2.534529960092462,-3.3499720907574004
4907.143,-2.5245319840111806,-3.349718810101364
4907.163,-2.5145364597521986,-3.349458019520114
4907.183,-2.5045409315816856,-3.3491975096161952
4907.203,-2.4945457792968724,-3.348949952354435
4907.223,-2.4845332981725194,-3.3486935064222725
4907.243,-2.474537312530228,-3.3484245387817424
4907.263,-2.4645207907616173,-3.3481771189412495
4907.283,-2.454524460538548,-3.3479168455689856
4907.303,-2.4445281952124347,-3.3476568699409492
4907.323,-2.434531930693931,-3.347396909588591
4907.343,-2.424535665826898,-3.347136964199334
4907.363,-2.414539400968313,-3.346877031392486
4907.383,-2.404543135685779,-3.346617113215085
4907.403,-2.3945468705298882,-3.346357209628919
4907.423,-2.3845506053052796,-3.3460973180452576
4907.443,-2.374554339550346,-3.345837440681831
4907.463,-2.364545241979545,-3.3455899776333426
4907.483,-2.354548491668301,-3.3453298826429743
4907.503,-2.344552328993881,-3.345070658015592
4907.523,-2.3345557345888697,-3.344803659354106
4907.543,-2.3245605324278937,-3.3445362542724877
4907.563,-2.3145639028700633,-3.344273465665524
4907.583,-2.3045672560048365,-3.344010704974407
4907.603,-2.294570611226785,-3.3437480084557456
4907.623,-2.2845739690809648,-3.3434853599267624
4907.643,-2.2745773294754033,-3.343222744073981
4907.663,-2.2645806925545218,-3.342960149776076
4907.683,-2.2545840573808418,-3.342697567922904
4907.703,-2.2445874236307053,-3.342434990955874
4907.723,-2.234590791762473,-3.3421724093281564
4907.743,-2.224594163373,-3.3419098131928235
4907.763,-2.214597542882488,-3.3416471772709624
4907.783,-2.2046009425068145,-3.3413844234565993
4907.803,-2.1946046592670205,-3.341124450256635
4907.823,-2.1846083841083366,-3.3408647090709978
4907.843,-2.17461210824972,-3.340604984713407
4907.863,-2.1646158322021933,-3.3403452753091805
4907.883,-2.1546195552342198,-3.340085578288283
4907.903,-2.1446232781130443,-3.3398258962214404
4907.923,-2.134627000275191,-3.3395662290200168
4907.943,-2.1246307217175127,-3.3393065768518277
4907.963,-2.114634443080184,-3.3390469397002973
4907.983,-2.1046381636415927,-3.338787315032758
4908.003,-2.0946418841803895,-3.338527705433751
4908.023,-2.084645604139358,-3.3382681108231527
4908.043,-2.0746493235502794,-3.3380085312257903
4908.063,-2.06465304300346,-3.3377489669171108
4908.083,-2.0546567619710663,-3.337489417664248
4908.103,-2.0446604809075217,-3.337229881137346
4908.123,-2.034664199419615,-3.336970359694295
4908.143,-2.0246679181222453,-3.3367108534480443
4908.163,-2.0146716364578516,-3.336451362293891
4908.183,-2.004675354451981,-3.3361918862272044
4908.203,-1.9946790726896841,-3.33593242548976
4908.223,-1.9846827904717748,-3.335672977359126
4908.243,-1.9746865085661192,-3.335413544369036
4908.263,-1.964690226404678,-3.3351541263820055
4908.283,-1.9546939440013393,-3.334894723359604
4908.303,-1.9446990011633034,-3.334642429129896
4908.323,-1.9347049028027399,-3.334384742718699
4908.343,-1.924709616002554,-3.3341293480352587
4908.363,-1.914714398288981,-3.3338739438908624
4908.383,-1.9047187328103787,-3.3336228315535084
4908.403,-1.8947230128405959,-3.3333715438915776
4908.423,-1.884727867031714,-3.333113902511813
4908.443,-1.8747327362913633,-3.3328565607831195
4908.463,-1.8647393147302278,-3.332608202222549
4908.483,-1.8547469715732545,-3.3323490682701196
4908.503,-1.844755536458158,-3.3320935338165216
4908.523,-1.8347378569443349,-3.3318563575820606
4908.543,-1.8247414723397122,-3.3315995897049513
4908.563,-1.81474512052446,-3.3313429763372278
4908.583,-1.8047487687341357,-3.3310863793045904
4908.603,-1.7947524170030869,-3.3308297948663013
4908.623,-1.7847560654581958,-3.330573225305733
4908.643,-1.7747597133138908,-3.33031666791442
4908.663,-1.7647633612596028,-3.3300601252538065
4908.683,-1.7547670086989382,-3.3298035969365096
4908.703,-1.74477065559707,-3.3295470828361426
4908.723,-1.7347734003620499,-3.3292970245245916
4908.743,-1.7247784972779876,-3.329035801249689
4908.763,-1.7147821781334636,-3.328779550153229
4908.783,-1.7047852418255045,-3.328526589019294
4908.803,-1.694791146905448,-3.3282977406283405
4908.823,-1.6847824624021586,-3.3280522606351446
4908.843,-1.6747737900764488,-3.32780715845121
4908.863,-1.6647651313548824,-3.3275625609473343
4908.883,-1.6547564818314071,-3.3273184891509584
4908.903,-1.6447478371607103,-3.327074949352722
4908.923,-1.6347391954752133,-3.326831944309022
4908.943,-1.6247305550086706,-3.326589475499477
4908.963,-1.614721916319263,-3.326347543470309
4908.983,-1.604713279988757,-3.326106148693708
4909.003,-1.5947046508314566,-3.3258652920212346
4909.023,-1.5846960369956227,-3.325624977909232
4909.043,-1.5746874550550116,-3.325385222548088
4909.063,-1.5646909117306318,-3.3251357286370475
4909.083,-1.5546943726074263,-3.3248863542327483
4909.103,-1.5446978327472864,-3.3246369956600788
4909.123,-1.5347012921198384,-3.324387651943059
4909.143,-1.5247047513278393,-3.324138323185613
4909.163,-1.5147082102260214,-3.3238890069495417
4909.183,-1.504711668415564,-3.323639705599883
4909.203,-1.494715125921585,-3.3233904191585286
4909.223,-1.484718583331511,-3.323141147901663
4909.243,-1.4747220401121492,-3.3228918916034
4909.263,-1.464725496293827,-3.322642650290187
4909.283,-1.454728952326389,-3.3223934216412347
4909.303,-1.4447324078213533,-3.3221442080279453
4909.323,-1.4347358633957896,-3.3218950095777937
4909.343,-1.4247393184951604,-3.3216458262050916
4909.363,-1.4147427731231634,-3.3213966580720853
4909.383,-1.4047462279238332,-3.32114750514836
4909.403,-1.3947496827590566,-3.320898364988124
4909.423,-1.3847531372371955,-3.3206492399386383
4909.443,-1.3747565913835236,-3.3204001299943195
4909.463,-1.3647600458099074,-3.320151035248293
4909.483,-1.3547634999508522,-3.319901955576797
4909.503,-1.3447669538269647,-3.3196528909543233
4909.523,-1.334770407848456,-3.3194038391482428
4909.543,-1.324774137329487,-3.3191559466677254
4909.563,-1.314778718694104,-3.3189115916495577
4909.583,-1.3047828949546494,-3.3186707826834683
4909.603,-1.2947885700825297,-3.3184233204882703
4909.623,-1.2847943089247758,-3.318175765972177
4909.643,-1.2747984322182828,-3.317934855366193
4909.663,-1.2648025033566772,-3.3176938272319076
4909.683,-1.254806650480408,-3.3174534774575686
4909.703,-1.2448107942518445,-3.3172136098409517
4909.723,-1.2348154787959473,-3.316980431228315
4909.743,-1.22480262046507,-3.3167374836934815
4909.763,-1.214806280750243,-3.316482010737974
4909.783,-1.2048068940202656,-3.3162566400293847
4909.803,-1.1948102808379757,-3.316009820370911
4909.823,-1.1848136808024645,-3.3157630699204987
4909.843,-1.174817080970882,-3.3155163328337625
4909.863,-1.1648204807722218,-3.315269610669621
4909.883,-1.154823880590937,-3.3150229009207064
4909.903,-1.144827279972129,-3.3147762057849057
4909.923,-1.1348306794681198,-3.3145295252256006
4909.943,-1.1248340788486315,-3.314282856804425
4909.963,-1.114825118304171,-3.314049449944971
4909.983,-1.104828031028509,-3.31380263792534
4910.003,-1.0948312137321252,-3.313548372180777
4910.023,-1.084834842660643,-3.313293646092483
4910.043,-1.0748382425166014,-3.3130497919174706
4910.063,-1.064829666170762,-3.3128155903340035
4910.083,-1.0548207264940104,-3.3125804264148537
4910.103,-1.04481180257998,-3.3123456922609775
4910.123,-1.0348028920788968,-3.3121114703624497
4910.143,-1.0247939896208385,-3.3118777764155447
4910.163,-1.0147850923033732,-3.311644615753109
4910.183,-1.0047761977575593,-3.3114119884538376
4910.203,-0.9947673051633001,-3.311179898119247
4910.223,-0.9847584146195049,-3.3109483454181605
4910.243,-0.974749528059507,-3.310717332941267
4910.263,-0.9647406498834349,-3.3104868592420806
1758191883.5883155,-3.4819706069067813,-3.8338746537005433
4910.283,-3.4732326249705205,-3.838761148128613
4910.303,-3.4644949636203286,-3.8436481205617
4910.323,-3.4557627368858626,-3.8485206211756857
4910.343,-3.447030539210511,-3.8533931681187186
4910.363,-3.438298348629791,-3.858265728582034
4910.383,-3.429566165504632,-3.8631383020274406
4910.403,-3.420833989294039,-3.8680108886597764
4910.423,-3.4121018205824107,-3.8728834882724588
4910.443,-3.4033696574999444,-3.877756099193927
4910.463,-3.394637501979025,-3.882628723107493
4910.483,-3.3859053534963213,-3.8875013602299258
4910.503,-3.377173212648831,-3.8923740103605295
4910.523,-3.368441078916452,-3.8972466737161033
4910.543,-3.3597089523395,-3.902119350303121
4910.563,-3.3509768321225044,-3.9069920378938368
4910.583,-3.342244719190553,-3.9118647388640473
4910.603,-3.333512614085661,-3.9167374528665877
4910.623,-3.3247805162844446,-3.9216101801068306
4910.643,-3.3160484263756844,-3.926482920370512
4910.663,-3.3073163438294655,-3.9313556738555504
4910.683,-3.2985842678345922,-3.936228438314599
4910.703,-3.291273644128101,-3.940932334807735
4910.723,-3.285353099125198,-3.9449793356559533
4910.743,-3.280926670264489,-3.9479693160779097
4910.763,-3.2772089780676694,-3.9500086817151905
4910.783,-3.273944819178166,-3.9513470490198928
4910.803,-3.2714246080920018,-3.9520475863999507
4910.823,-3.268921338532144,-3.9519044924871514
4910.843,-3.266856367879308,-3.9508096029770994
4910.863,-3.265064794061839,-3.9490214367791854
4910.883,-3.2635775076686455,-3.9466818266207944
4910.903,-3.262261699117301,-3.9442349415277973
4910.923,-3.2611874715553575,-3.941693647739137
4910.943,-3.259807145930782,-3.939247844765567
4910.963,-3.258650141585737,-3.9367443831733184
4910.983,-3.2575467391100363,-3.934260044318101
4911.003,-3.256253678078153,-3.9316587006710173
4911.023,-3.255083099536617,-3.9290488580899234
4911.043,-3.25420055379521,-3.926499082496335
4911.063,-3.2530395319926724,-3.923808039819336
4911.083,-3.2517970978006305,-3.921113093392265
4911.103,-3.2507432839070964,-3.9183446207629826
4911.123,-3.2499014297685638,-3.9157538504664453
4911.143,-3.248835441672514,-3.913062729813968
4911.163,-3.2478147859261903,-3.9102456396231835
4911.183,-3.2468331413641573,-3.907390335104908
4911.203,-3.2460741336998673,-3.904585485149648
4911.223,-3.2454059067147094,-3.901892066237352
4911.243,-3.2449608082155765,-3.8991099630394457
4911.263,-3.2446609824084116,-3.8963881043221074
4911.283,-3.2441461300058685,-3.8935539071240477
4911.303,-3.243679768468485,-3.890672458330428
4911.323,-3.243236219622465,-3.88778412339334
4911.343,-3.2431136377424976,-3.885023288286665
4911.363,-3.243132941054782,-3.8823233229756604
4911.383,-3.2431998375001685,-3.879624649745001
4911.403,-3.2433152916764243,-3.87692758213145
4911.423,-3.243479264948373,-3.8742330238308873
4911.443,-3.2436917039508764,-3.8715418464665214
4911.463,-3.2439525409843024,-3.868854920699597
4911.483,-3.2442616916271185,-3.8661731156166503
4911.503,-3.2446190564586312,-3.8634972987254748
4911.523,-3.2450245205783843,-3.8608283359612505
4911.543,-3.2454779530217106,-3.858167090887766
4911.563,-3.2459792083669727,-3.855514424812279
4911.583,-3.246528124217916,-3.852871196430681
4911.603,-3.2471245243416864,-3.8502382614907784
4911.623,-3.2477682161278514,-3.8476164725490594
4911.643,-3.248458991578655,-3.8450066787582946
4911.663,-3.2457475574501466,-3.841433671106892
4911.683,-3.2404950334134774,-3.837440447474144
4911.703,-3.233667391164028,-3.833751817880369
4911.723,-3.225242096137924,-3.8303655500730596
4911.743,-3.2157605386807973,-3.8271870378581387
4911.763,-3.2062794905944747,-3.8240062961859107
4911.783,-3.196381508678072,-3.820542540392509
4911.803,-3.1869289610705005,-3.8173531430083627
4911.823,-3.1773955969332714,-3.8141742298532897
4911.843,-3.167916388103108,-3.8109913854639603
4911.863,-3.1584370107008324,-3.8078082409144933
4911.883,-3.148957633267083,-3.804625084327512
4911.903,-3.139478256604011,-3.8014419220337334
4911.923,-3.1299988819883526,-3.798258751973286
4911.943,-3.120519508847465,-3.7950755743930205
4911.963,-3.1110401371938208,-3.791892389386392
4911.983,-3.1015607663593334,-3.7887091990837107
4912.003,-3.0920813976335433,-3.785526001389055
4912.023,-3.0826020304734643,-3.7823427965524763
4912.043,-3.073122665495225,-3.779159584515029
4912.063,-3.0636433021678178,-3.775976365526677
4912.083,-3.0541639405425745,-3.772793139682492
4912.103,-3.0446845799869284,-3.7696099091123134
4912.123,-3.03520522182233,-3.766426671717574
4912.143,-3.025725865533778,-3.7632434277433355
4912.163,-3.016246511185671,-3.7600601772781403
4912.183,-3.006767159417583,-3.7568769202524286
4912.203,-2.9972878097198423,-3.7536936569036854
4912.223,-2.9878084627336285,-3.7505103871562344
4912.243,-2.9797491670641056,-3.747553228269829
4912.263,-2.9738733398053885,-3.744798114193396
4912.283,-2.9695968031952558,-3.7428326501571316
4912.303,-2.966452284454357,-3.741109277536468
4912.323,-2.9645343066732495,-3.7391587792016416
4912.343,-2.963620448176898,-3.736985372933263
4912.363,-2.96371795025239,-3.734606713639423
4912.383,-2.964670437270548,-3.732080275985029
4912.403,-2.9656684670198774,-3.72957186009644
4912.423,-2.9667114872861933,-3.727081817012462
4912.443,-2.9677991595372677,-3.724610935366629
4912.463,-2.968931132243704,-3.722160016289354
4912.483,-2.970107038986079,-3.719729854434143
4912.503,-2.9713264995556465,-3.7173212382352405
4912.523,-2.9725891194351757,-3.714934949274811
4912.543,-2.9738944897632407,-3.7125717615933493
4912.563,-2.975242187723812,-3.7102324420011787
4912.583,-2.9766317767437274,-3.7079177496017803
4912.603,-2.978062806704513,-3.7056284354907953
4912.623,-2.979534813740732,-3.703365242530814
4912.643,-2.981047320940013,-3.7011289051649596
4912.663,-2.98259983801642,-3.698920149334151
4912.683,-2.9841918615355243,-3.6967396914946304
4912.703,-2.985822875385897,-3.694588239276027
4912.723,-2.9874923510504394,-3.6924664907524347
4912.743,-2.9891997466067783,-3.690375134135139
4912.763,-2.9909445086802937,-3.6883148479564585
4912.783,-2.9927260715131543,-3.686286300457487
4912.803,-2.9945438573045062,-3.6842901495565794
4912.823,-2.9963972767459666,-3.6823270428096384
4912.843,-2.998285728535457,-3.6803976164871517
4912.863,-3.00020860022389,-3.678502496135053
4912.883,-3.002165268574983,-3.6766422960916776
4912.903,-3.0041550989571517,-3.6748176194015705
4912.923,-3.0061774462019946,-3.673029057253392
4912.943,-3.008231654773742,-3.671277189386762
4912.963,-3.0080377404471697,-3.666796076742742
4912.983,-3.0059945283184955,-3.6605225147632448
4913.003,-3.002483029598897,-3.6536023839824088
4913.023,-2.997486075656891,-3.646020946776415
4913.043,-2.991502116619533,-3.638008657654399
4913.063,-2.9855198746758793,-3.629994720130878
4913.083,-2.9790443859219415,-3.621538429030638
4913.103,-2.9730544886125987,-3.613530976507485
4913.123,-2.967068089494358,-3.6055221098129286
4913.143,-2.9610834940993973,-3.597510959735463
4913.163,-2.955098583649098,-3.5895000728607975
4913.183,-2.9491136563025258,-3.5814891980127106
4913.203,-2.9431287158914183,-3.5734783328236883
4913.223,-2.9371437621303604,-3.5654674767595185
4913.243,-2.93115879541593,-3.557456630269544
4913.263,-2.925173814473581,-3.54944579354292
4913.283,-2.9191888206958607,-3.5414349663212885
4913.303,-2.913203813803369,-3.5334241480865525
4913.323,-2.907218794216742,-3.5254133392872053
4913.343,-2.901233760698568,-3.517402540101756
4913.363,-2.895248714645822,-3.5093917502841023
4913.383,-2.8892636557808697,-3.501380969329619
4913.403,-2.883278583585682,-3.49337019837561
4913.423,-2.8772934987695384,-3.4853594362137112
4913.443,-2.8713084017694657,-3.4773486832997555
4913.463,-2.8653232913597626,-3.469337939821268
4913.483,-2.8593381689443094,-3.4613272055426885
4913.503,-2.853359869941065,-3.453312995480598
4913.523,-2.847332066951034,-3.445292774783311
4913.543,-2.841345088182835,-3.4372831048472423
4913.563,-2.8353589800611454,-3.4292731584499228
4913.583,-2.829372821529756,-3.4212631990698865
4913.603,-2.8233866500273965,-3.4132532492633354
4913.623,-2.8174004665816996,-3.405243308149024
4913.643,-2.811414270635617,-3.3972333769080745
4913.663,-2.805428061893907,-3.389223455058774
4913.683,-2.799381479766482,-3.3811980173570912
4913.703,-2.793333215941875,-3.373173815644345
4913.723,-2.7872833669798123,-3.3651508485015627
4913.743,-2.781231920955172,-3.357129088105753
4913.763,-2.7751788661281154,-3.349108539577134
4913.783,-2.7691241858352127,-3.3410892236280927
4913.803,-2.7630678605410277,-3.3330711656719125
4913.823,-2.7570098695105876,-3.3250543941074864
4913.843,-2.7509501919936574,-3.3170389381520984
4913.863,-2.7448888261647144,-3.309024773487152
4913.883,-2.738825718496088,-3.3010119630523698
4913.903,-2.732760830651612,-3.2930005457417844
4913.923,-2.726694108288155,-3.284990529815543
4913.943,-2.720686134347936,-3.27699539759185
4913.963,-2.7146739766613157,-3.2690010446545505
4913.983,-2.7086643878668153,-3.2610080811863686
4914.003,-2.7026553905385273,-3.2530151536719316
4914.023,-2.696646524497052,-3.2450221420277705
4914.043,-2.690637725785661,-3.237029181855129
4914.063,-2.684628921324289,-3.229036467891812
4914.083,-2.6785939939391366,-3.2210298183718895
4914.103,-2.6725836845371633,-3.2130370805788107
4914.123,-2.66657521727852,-3.2050438488795923
4914.143,-2.6605667236235644,-3.1970506387824953
4914.163,-2.654558216768412,-3.1890574381795527
4914.183,-2.64854969711848,-3.181064247454174
4914.203,-2.6425411633032256,-3.173071066825013
4914.223,-2.636532616584945,-3.165077896073242
4914.243,-2.630524056565142,-3.157084734711712
4914.263,-2.6245154825875785,-3.1490915839168756
4914.283,-2.618506895230282,-3.1410984424957182
4914.303,-2.612498294799553,-3.133105310929771
4914.323,-2.6064896799729356,-3.1251121894100526
4914.343,-2.6004810520511232,-3.1171190777015094
4914.363,-2.5944724110266595,-3.109125975783
4914.383,-2.5884637565509827,-3.1011328831501093
4914.403,-2.5824550880180612,-3.0931398009597073
4914.423,-2.576446406060117,-3.0851467280028744
4914.443,-2.5704377110518504,-3.077153664732384
4914.463,-2.56442900266152,-3.069160610647175
4914.483,-2.5584202812942958,-3.0611675661862305
4914.503,-2.5524115456836816,-3.0531745315355097
4914.523,-2.546402797198576,-3.0451815064428898
4914.543,-2.5403940355503947,-3.0371884903928783
4914.563,-2.5343852611555953,-3.029195483833061
4914.583,-2.528376473122167,-3.021202487430614
4914.603,-2.522367672140764,-3.0132094999688195
4914.623,-2.5163588586275782,-3.0052165219090927
4914.643,-2.5103500323306807,-2.9972235527259286
4914.663,-2.5043320831659095,-2.9892385002991397
4914.683,-2.498302819587244,-2.9812348095977788
4914.703,-2.492293889817391,-2.973248229719278
4914.723,-2.486282378732283,-2.9652560842284568
4914.743,-2.48022982482728,-2.957254430072309
4914.763,-2.4741951723818887,-2.9492546846192744
4914.783,-2.4681507561357026,-2.9412606337415057
4914.803,-2.4621385009864607,-2.9332703685887767
4914.823,-2.4561261453735104,-2.9252800545391016
4914.843,-2.450113776253566,-2.9172897496295622
4914.863,-2.444101395118795,-2.9092994534452994
4914.883,-2.438089001428516,-2.9013091671753974
4914.903,-2.4320765948894962,-2.8933188903360594
4914.923,-2.426064176852045,-2.8853286227222954
4914.943,-2.420058357984307,-2.8773367245522357
4914.963,-2.4140526881084257,-2.869345100626758
4914.983,-2.4080470812747214,-2.861353589699894
4915.003,-2.4020414906051264,-2.853362114646056
4915.023,-2.3960359087150307,-2.8453706696697685
4915.043,-2.390030337286221,-2.8373792673314484
4915.063,-2.384024779914547,-2.829387924534219
4915.083,-2.378019279086306,-2.821396695559912
4915.103,-2.3720137701960526,-2.8134055399584237
4915.123,-2.366008270605131,-2.8054145829740693
4915.143,-2.3600027910087205,-2.7974238359263737
4915.163,-2.3539973225683446,-2.7894333298956
4915.183,-2.3479918780492444,-2.7814431856733153
4915.203,-2.34196660818213,-2.7734509656817896
4915.223,-2.33592306638825,-2.7654514500549308
4915.243,-2.329910597821708,-2.757460868942185
4915.263,-2.3238976671025995,-2.749470719125244
4915.283,-2.3178843690862467,-2.741480886227413
4915.303,-2.311870763368598,-2.7334913420116034
4915.323,-2.305856868431087,-2.7255021585996633
4915.343,-2.2998247620565406,-2.7175099031156047
4915.363,-2.293811566753866,-2.709520167304916
4915.383,-2.2877978190718817,-2.701530908039136
4915.403,-2.281784053318236,-2.6935416625548556
4915.423,-2.275770274746151,-2.685552426986677
4915.443,-2.2697564823768097,-2.6775632019998032
4915.463,-2.2637426767654927,-2.6695739864123103
4915.483,-2.257728858202347,-2.6615847807095063
4915.503,-2.251715025333243,-2.6535955851038326
4915.523,-2.245701179429825,-2.6456063993669203
4915.543,-2.2396873204568553,-2.6376172234899955
4915.563,-2.2336734470705313,-2.629628057681009
4915.583,-2.2276595605639997,-2.621638901704585
4915.603,-2.2216456605637895,-2.613649755066204
4915.623,-2.215631747422936,-2.6056606182223088
4915.643,-2.209617819828301,-2.5976714913704835
4915.663,-2.2036038791045143,-2.5896823742655037
4915.683,-2.1975899252688995,-2.581693266879693
4915.703,-2.1915759579887886,-2.573704168708654
4915.723,-2.185561977656929,-2.5657150801984905
4915.743,-2.179547982999709,-2.557726001537964
4915.763,-2.173533975380432,-2.5497369324741928
4915.783,-2.1675199548538244,-2.5417478729731697
4915.803,-2.161505921123219,-2.5337588225259178
4915.823,-2.155491874614239,-2.5257697815739375
4915.843,-2.149477814085665,-2.517780750305433
4915.863,-2.1434637409282615,-2.5097917284655336
4915.883,-2.137449655223364,-2.5018027160227043
4915.903,-2.131426013060533,-2.493822668176963
4915.923,-2.125416929317596,-2.4858300704955543
4915.943,-2.119405281090485,-2.477844246960574
4915.963,-2.113347314607082,-2.4698376589737583
4915.983,-2.1073338588734405,-2.46184886296589
4916.003,-2.1013188751766725,-2.4538605891663536
4916.023,-2.0953038395892043,-2.4458722913413635
4916.043,-2.0892887913445817,-2.437884001851578
4916.063,-2.0832737302803634,-2.429895722281406
4916.083,-2.077258657090013,-2.42190745144027
4916.103,-2.0712435712268147,-2.4139191905083917
4916.123,-2.065228473728539,-2.4059309387726344
4916.143,-2.059213363340821,-2.397942696451432
4916.163,-2.0531962843753297,-2.3899542849500883
4916.183,-2.047106463402611,-2.3819498233720897
4916.203,-2.0410898663798225,-2.3739626966452057
4916.223,-2.0350732507130465,-2.365975589804804
4916.243,-2.0290454931486774,-2.3579807455490966
4916.263,-2.023031205867312,-2.349991684383064
4916.283,-2.017015288503076,-2.342003742315692
4916.303,-2.0110003133646983,-2.3340151028874336
4916.323,-2.004984650168074,-2.3260270261994815
4916.343,-1.998968502927851,-2.3180393424723102
4916.363,-1.9929520170183423,-2.310051935966397
4916.383,-1.9869352774834002,-2.3020647363930276
4916.403,-1.9809183430985349,-2.294077696547758
4916.423,-1.9749012484974175,-2.2860907895702947
4916.443,-1.9688840177223321,-2.2781039974200126
4916.463,-1.962866660205507,-2.270117313105346
4916.483,-1.9568491801909502,-2.262130737329811
4916.503,-1.9508315733429782,-2.2541442796695117
4916.523,-1.944813831348769,-2.246157956276292
4916.543,-1.9387959444718221,-2.2381717962012515
4916.563,-1.9327778961391002,-2.2301858614731347
4916.583,-1.9267596892420111,-2.222200330849144
4916.603,-1.9207433764600996,-2.214213272899472
4916.623,-1.9147268738097103,-2.2062260087685086
4916.643,-1.9087097341335435,-2.1982393032116616
4916.663,-1.9026925756256838,-2.1902526129451285
4916.683,-1.896675403308421,-2.182265933312503
4916.703,-1.8906582177804039,-2.1742792630887546
4916.723,-1.8846410193446788,-2.1662926027509886
4916.743,-1.878623806634228,-2.158305952519323
4916.763,-1.8726065809166215,-2.150319312168248
4916.783,-1.8665893421500919,-2.1423326816900614
4916.803,-1.8605720889862858,-2.134346061297784
4916.823,-1.854554822703373,-2.12635945076138
4916.843,-1.8485375429371724,-2.1183728495794316
4916.863,-1.8425202500258746,-2.1103862582143353
4916.883,-1.8365029430025337,-2.1023996773495552
4916.903,-1.8304856224803057,-2.0944131057767748
4916.923,-1.8244682888149482,-2.086426543958225
4916.943,-1.8184509416808692,-2.0784399913792777
4916.963,-1.812433581457397,-2.070453448492915
4916.983,-1.8064162072164487,-2.062466915971327
4917.003,-1.8003988196116834,-2.0544803925989434
4917.023,-1.7943814190362815,-2.0464938788290663
4917.043,-1.7883640052029015,-2.03850737414238
4917.063,-1.7823465785252208,-2.030520878985652
4917.083,-1.7763291377578836,-2.0225343935480393
4917.103,-1.7703116842877082,-2.014547917573095
4917.123,-1.7642942181928818,-2.0065614510285763
4917.143,-1.7582767391949174,-1.9985749934059516
4917.163,-1.752260784420699,-1.9905931347792127
4917.183,-1.7462071308386715,-1.982590391082979
4917.203,-1.7401910036743709,-1.9746038338997403
4917.223,-1.7341566805877802,-1.966614028801107
4917.243,-1.7281385446782414,-1.9586283112921985
4917.263,-1.7221202252457883,-1.9506424884931697
4917.283,-1.7161018912247308,-1.9426566741801676
4917.303,-1.7100835452539327,-1.9346708690935137
4917.323,-1.7040651861230514,-1.9266850734528265
4917.343,-1.6980468152237185,-1.9186992870251112
4917.363,-1.692028431664726,-1.9107135105050592
4917.383,-1.6860100361226817,-1.9027277427037255
4917.403,-1.6799916280457032,-1.894741984803504
4917.423,-1.6739818101698605,-1.8867507942264334
4917.443,-1.6679634644567674,-1.878764961122785
4917.463,-1.6619460568988296,-1.8707791697194047
4917.483,-1.6559277921278621,-1.8627933242138268
4917.503,-1.6499081485000495,-1.8548083585772799
4917.523,-1.6438690750104568,-1.846820925634758
4917.543,-1.63784192965966,-1.8388377227735297
4917.563,-1.631825601432364,-1.8308506189586422
4917.583,-1.6258086285997513,-1.822863425636835
4917.603,-1.6197908404254266,-1.814876932363953
4917.623,-1.613772478659029,-1.8068909066744214
4917.643,-1.6077537115896947,-1.7989052132068581
4917.663,-1.6017346437297384,-1.790919765365647
4917.683,-1.5957153452551915,-1.7829345083304302
4917.703,-1.5896958588442738,-1.7749494083923572
4917.723,-1.5836762131722761,-1.7669644443086743
4917.743,-1.5776564195929348,-1.7589796095745371
4917.763,-1.5716364823969384,-1.75099490773381
4917.783,-1.5656163966035896,-1.7430103543825035
1758191893.040088,-3.8306091365604367,-3.4919828988523225
4917.803,-3.821107742757852,-3.495100125156457
4917.823,-3.8116065252740214,-3.498217589427394
4917.843,-3.8021056929280297,-3.5013353500602533
4917.863,-3.792603404272145,-3.5044502307508965
4917.883,-3.7831015885743144,-3.5075662259056704
4917.903,-3.773599911000072,-3.51068256247954
4917.923,-3.764098239902249,-3.5137989172744435
4917.943,-3.7545965743850997,-3.516915288549698
4917.963,-3.74509491349752,-3.5200316753760434
4917.983,-3.7355932581458773,-3.523148078767453
4918.003,-3.7260916073912504,-3.526264497820971
4918.023,-3.7165899617797664,-3.5293809323927343
4918.043,-3.707088321647859,-3.532497383656159
4918.063,-3.6975866860497275,-3.535613850680253
4918.083,-3.6880850555341844,-3.5387303333082434
4918.103,-3.678583429513053,-3.5418468317404317
4918.123,-3.6690818088876243,-3.54496334693295
4918.143,-3.6595801932804792,-3.5480798777452165
4918.163,-3.6500785821029016,-3.551196424343278
4918.183,-3.640576975902812,-3.5543129865298493
4918.203,-3.631075374661275,-3.5574295642767124
4918.223,-3.6215737781496977,-3.5605461588720178
4918.243,-3.6120721865604812,-3.563662768947616
4918.263,-3.6025705993095305,-3.5667793946295636
4918.283,-3.5930690169502473,-3.569896035681934
4918.303,-3.5835674394704133,-3.5730126920394722
4918.323,-3.5740658666444203,-3.5761293649471444
4918.343,-3.564564298679652,-3.57924605302181
4918.363,-3.555062734995836,-3.582362756351877
4918.383,-3.545561176156946,-3.5854794746746714
4918.403,-3.5360596225138954,-3.5885962090406114
4918.423,-3.5265594699794383,-3.5917169560005195
4918.443,-3.5170452461728785,-3.5948422162459166
4918.463,-3.5075444841044834,-3.5979649888122407
4918.483,-3.4980411363249937,-3.6010798594498925
4918.503,-3.4885403680417033,-3.6042015761707202
4918.523,-3.479038979539735,-3.6073187637063424
4918.543,-3.4695375815278604,-3.6104359744774857
4918.563,-3.4612212340857034,-3.6132644208537883
4918.583,-3.454417630987568,-3.615589667811477
4918.603,-3.4492403167259678,-3.6173754517589507
4918.623,-3.4452921863851333,-3.618513021659208
4918.643,-3.4418513091702114,-3.6190392908850906
4918.663,-3.4389569203348858,-3.618977406972873
4918.683,-3.436581631706654,-3.6182667270678217
4918.703,-3.434627730936564,-3.616920830147242
4918.723,-3.433309031632136,-3.614952168868383
4918.743,-3.4325472869136178,-3.6124085172778373
4918.763,-3.4318811261424536,-3.6097954129572414
4918.783,-3.4312259787965806,-3.6071885228522302
4918.803,-3.4306549744839825,-3.6045497079534328
4918.823,-3.4301306945882937,-3.6019042714440253
4918.843,-3.42961803712773,-3.599267203364407
4918.863,-3.4291902006009174,-3.596601552873089
4918.883,-3.4288094530144155,-3.593931907038482
4918.903,-3.428440742717255,-3.5912722330163276
4918.923,-3.4281573191838213,-3.5885874648091605
4918.943,-3.427921201329292,-3.585901304487519
4918.963,-3.427697491518867,-3.583226731075672
4918.983,-3.4275593100137294,-3.5805306121467804
4919.003,-3.42746850370381,-3.577835681143843
4919.023,-3.427390434955436,-3.5751539665803804
4919.043,-3.4273967620517056,-3.5724544530194984
4919.063,-3.4274516711952043,-3.5697554706017796
4919.083,-3.427555147271201,-3.5670579242798204
4919.103,-3.42770715588594,-3.5643626876506653
4919.123,-3.4279076472281393,-3.561670633300369
4919.143,-3.428156555799396,-3.5589826327871665
4919.163,-3.428453800169183,-3.5562995559373496
4919.183,-3.4287992833210295,-3.5536222712116223
4919.203,-3.4291928930346214,-3.5509516448359775
4919.223,-3.4296345015854475,-3.548288541011467
4919.243,-3.4301239651338147,-3.5456338212229572
4919.263,-3.430661125119072,-3.5429883443191152
4919.283,-3.4312458074765244,-3.5403529661097313
4919.303,-3.431877822347163,-3.5377285390594575
4919.323,-3.4325569652188297,-3.535115912066353
4919.343,-3.4332830162462447,-3.53251593025825
4919.363,-3.4340557404144607,-3.5299294344255436
4919.383,-3.434874887646238,-3.5273572611502466
4919.403,-3.4357401927183546,-3.524800242445929
4919.423,-3.436651376141673,-3.522259205374454
4919.443,-3.437608143192228,-3.5197349717448927
4919.463,-3.4386101845562265,-3.5172283582647608
4919.483,-3.4396571762834283,-3.51474017583574
4919.503,-3.440748780142404,-3.5122712295763163
4919.523,-3.4418846433481245,-3.5098223182514854
4919.543,-3.443064398564484,-3.507394234252752
4919.563,-3.4442876647360894,-3.504987763636031
4919.583,-3.4455540466523558,-3.5026036854467812
4919.603,-3.446863134710033,-3.5002427714251474
4919.623,-3.448214505945618,-3.497905786237929
4919.643,-3.4496077235219027,-3.495593486786514
4919.663,-3.4510423368612893,-3.4933066219973945
4919.683,-3.4525178821138303,-3.491045932749744
4919.703,-3.4540338822778307,-3.488812151878585
4919.723,-3.455589846642522,-3.4866060032136974
4919.743,-3.45718527192764,-3.4844282021651654
4919.763,-3.458819641940313,-3.482279454778056
4919.783,-3.4604924277379356,-3.480160457879837
4919.803,-3.4622030876381973,-3.4780718987290835
4919.823,-3.4639510677354703,-3.476014454727033
4919.843,-3.4657358020483526,-3.473988793444559
4919.863,-3.4675567125184683,-3.4719955721196873
4919.883,-3.469413209163434,-3.470035437664686
4919.903,-3.471304690477094,-3.468109026085475
4919.923,-3.4732305435229174,-3.466216962496747
4919.943,-3.475190144194437,-3.4643598608550854
4919.963,-3.4771828572838386,-3.4625383239715024
4919.983,-3.4792080368091516,-3.4607529431098665
4920.003,-3.4812650262394835,-3.4590042975419193
4920.023,-3.483353158732926,-3.4572929546507956
4920.043,-3.485471757278117,-3.4556194698216545
4920.063,-3.4876201349479565,-3.4539843860162946
4920.083,-3.4897975951348736,-3.4523882337196365
4920.103,-3.4899337112463265,-3.4479049128928323
4920.123,-3.488357194231273,-3.441498056973871
4920.143,-3.4853640000485586,-3.4343383474511238
4920.163,-3.480937997385816,-3.426409913755586
4920.183,-3.4755594436646944,-3.4179792667595734
4920.203,-3.470182764838943,-3.409547125453351
4920.223,-3.4648049478147533,-3.4004479832537995
4920.243,-3.459482178726911,-3.3920050925618983
4920.263,-3.4541101121192885,-3.383523270757208
4920.283,-3.4487433739489677,-3.3750846450508702
4920.303,-3.4433880864095774,-3.3666387374416815
4920.323,-3.4380131848753894,-3.3582080782982526
4920.343,-3.4326407634927514,-3.349741152151978
4920.363,-3.427269609775016,-3.3413064306548974
4920.383,-3.421905637909025,-3.3328715008549836
4920.403,-3.416544645395629,-3.324431628404485
4920.423,-3.4111794025063102,-3.315973677017176
4920.443,-3.4058092170507,-3.3075383606210624
4920.463,-3.400442778637755,-3.299100668371251
4920.483,-3.395076277155811,-3.290663055348784
4920.503,-3.389709786113816,-3.28222543519272
4920.523,-3.3843433060525383,-3.2737878070679143
4920.543,-3.3789768373053897,-3.2653501715173516
4920.563,-3.373610379664712,-3.2569125279402193
4920.583,-3.3682439334782397,-3.248474876888859
4920.603,-3.3628774983454233,-3.2400372179807477
4920.623,-3.357511074833407,-3.23159955155783
4920.643,-3.352144662552232,-3.2231618772415866
4920.663,-3.346778261870745,-3.2147241955922694
4920.683,-3.3414118725093505,-3.2062865061279853
4920.703,-3.336045494841607,-3.197848809412229
4920.723,-3.3306791286952424,-3.1894111048604326
4920.743,-3.3253127744442748,-3.1809733930379696
4920.763,-3.3212320823402552,-3.173362006275261
4920.783,-3.3180531135953784,-3.1670342736106365
4920.803,-3.315777179237057,-3.1623047506381416
4920.823,-3.3138859356797616,-3.1590213555808835
4920.843,-3.3123025004023288,-3.1567836656090194
4920.863,-3.3108712768398627,-3.15554775419026
4920.883,-3.3091731067403933,-3.1553388718482682
4920.903,-3.3071534450834994,-3.1560952356645466
4920.923,-3.304960907455576,-3.1575966708574814
4920.943,-3.302791557374618,-3.159198241498926
4920.963,-3.30065161144517,-3.160840383771119
4920.983,-3.298541564084193,-3.162521013782454
4921.003,-3.2964621084277907,-3.164239473690954
4921.023,-3.2944139206750185,-3.1659951499894055
4921.043,-3.29239766499831,-3.1677874377193076
4921.063,-3.2904139941841986,-3.1696157334876225
4921.083,-3.288463549736914,-3.1714794305143297
4921.103,-3.2865469623380217,-3.1733779160376727
4921.123,-3.284664851525307,-3.1753105695487474
4921.143,-3.2828178255726512,-3.177276761690596
4921.163,-3.281006481522091,-3.1792758538176003
4921.183,-3.2792314047780153,-3.1813071975626888
4921.203,-3.2774931692315037,-3.1833701347152097
4921.223,-3.2757923369081823,-3.1854639977569175
4921.243,-3.274129457590496,-3.1875881090417546
4921.263,-3.27250506918251,-3.1897417817164997
4921.283,-3.2709196971000747,-3.1919243192784186
4921.303,-3.2693738540879633,-3.194135016510094
4921.323,-3.267868040220724,-3.19637315865342
4921.343,-3.266402743116243,-3.198638022796367
4921.363,-3.264978436920134,-3.200928876958581
4921.383,-3.2635955830782515,-3.2032449812868276
4921.403,-3.2622546294310855,-3.205585587340479
4921.423,-3.2609560102118818,-3.2079499390843234
4921.443,-3.259700146688464,-3.210337272703849
4921.463,-3.258487445952696,-3.21274681704443
4921.483,-3.257318301519596,-3.2151777934275283
4921.503,-3.256193092670541,-3.217629416696047
4921.523,-3.2551121848863964,-3.2201008945179503
4921.543,-3.254075929107302,-3.2225914281821026
4921.563,-3.2530846621582015,-3.225100212748046
4921.583,-3.2521387063047658,-3.2276264372350747
4921.603,-3.251238369477005,-3.2301692850228942
4921.623,-3.2503839444483758,-3.23272793376734
4921.643,-3.249575709606974,-3.235301556034233
4921.663,-3.248813928361805,-3.2378893192772296
4921.683,-3.2480988489351463,-3.240490386399275
4921.703,-3.2474307045863733,-3.243103915550712
4921.723,-3.246809713303518,-3.2457290610168554
4921.743,-3.2462360780306043,-3.2483649729902404
4921.763,-3.2457099860164704,-3.251010798094188
4921.783,-3.2452316091649274,-3.2536656797367067
4921.803,-3.2448011041771596,-3.256328758020797
4921.823,-3.2444186117085847,-3.2589991705453945
4921.843,-3.244084257197974,-3.261676052241258
4921.863,-3.2437981504670543,-3.2643585360582033
4921.883,-3.243560385220938,-3.26704575287718
4921.903,-3.2433710397183697,-3.2697368321186353
4921.923,-3.243230176477102,-3.272430901755401
4921.943,-3.2431378420601313,-3.2751270889458937
4921.963,-3.243094067384017,-3.277824520175868
4921.983,-3.2430988670679555,-3.280522321376277
4922.003,-3.2431522406328166,-3.2832196183573457
4922.023,-3.243254171386983,-3.285915537103788
4922.043,-3.2434046271672483,-3.288609204161171
4922.063,-3.2400291530002425,-3.291563616153745
4922.083,-3.234080141078113,-3.294418803904844
4922.103,-3.226649359966155,-3.296658790833645
4922.123,-3.217714264021395,-3.2982811525138427
4922.143,-3.207786949301791,-3.299487857595332
4922.163,-3.1978595246280075,-3.300696977408309
4922.183,-3.1874441720479507,-3.302317799902027
4922.203,-3.1775436328751723,-3.3035690361568073
4922.223,-3.1675903674870387,-3.304843002638678
4922.243,-3.157665460848082,-3.3060630291057707
4922.263,-3.1477405546523096,-3.3072831341234714
4922.283,-3.1378156490687674,-3.308503253536184
4922.303,-3.1278907446653323,-3.309723386877277
4922.323,-3.1179658408179036,-3.3109435338156072
4922.343,-3.1080409385776786,-3.3121636955136933
4922.363,-3.0981160368294907,-3.313383870555604
4922.383,-3.0881911360453587,-3.314604060053381
4922.403,-3.0782662363126803,-3.3158242626931016
4922.423,-3.068341337524592,-3.317044479536127
4922.443,-3.0584164397706592,-3.31826470941732
4922.463,-3.0484915429714423,-3.3194849532501456
4922.483,-3.038566647141831,-3.320705210909626
4922.503,-3.028641752305338,-3.3219254822713578
4922.523,-3.0187168584901705,-3.3231457672122895
4922.543,-3.00879196573245,-3.324366065610591
4922.563,-2.9988670740721566,-3.325586377346468
4922.583,-2.988942183556256,-3.326806702302126
4922.603,-2.9790172942345383,-3.3280270403626098
4922.623,-2.969092406162654,-3.3292473914158163
4922.643,-2.9591675193978753,-3.3304677553533444
4922.663,-2.949242634002066,-3.331688132070519
4922.683,-2.939317750529513,-3.3329085227058095
4922.703,-2.9293928685530344,-3.334128925925173
4922.723,-2.9194679881382752,-3.3353493416383198
4922.743,-2.9095431092478203,-3.336569770948405
4922.763,-2.899618232048804,-3.337790212588884
4922.783,-2.889667241578271,-3.3390394554269127
4922.803,-2.879742108057318,-3.340258862585071
4922.823,-2.869816742737963,-3.3414779197260303
4922.843,-2.8598912363482776,-3.342696782388088
4922.863,-2.849965647483589,-3.343915516181966
4922.883,-2.8400400115329076,-3.345134150834221
4922.903,-2.830114349326023,-3.346352702193238
4922.923,-2.8201886736741826,-3.347571178486042
4922.943,-2.810262994006375,-3.3487895827701664
4922.963,-2.8003373172066306,-3.3500079170175505
4922.983,-2.790411633643718,-3.351226170692769
4923.003,-2.780491353990306,-3.3524410091746453
4923.023,-2.7705453062943683,-3.3536818077124693
4923.043,-2.7606207684978465,-3.3549055983482896
4923.063,-2.7506944584208464,-3.356131095370508
4923.083,-2.740748441658971,-3.3573725970289523
4923.103,-2.7308247579450913,-3.358603708417552
4923.123,-2.720897299845932,-3.3598251107254136
4923.143,-2.710963275913414,-3.3610586380047947
4923.163,-2.701029080254031,-3.3622922133994595
4923.183,-2.691094874761066,-3.363526350483845
4923.203,-2.6811606824901677,-3.3647610745749734
4923.223,-2.6712265166086784,-3.365996375694904
4923.243,-2.661292386675824,-3.3672322416331424
4923.263,-2.6513583008065957,-3.368468661427143
4923.283,-2.641424265237437,-3.3697056257185505
4923.303,-2.6314902865483853,-3.37094312862438
4923.323,-2.62155637214182,-3.3721811618194235
4923.343,-2.6116225330253124,-3.373419721562438
4923.363,-2.6016887887417885,-3.3746588071412114
4923.383,-2.5917665097903098,-3.375889235307495
4923.403,-2.5818435650641534,-3.3771191859202787
4923.423,-2.5719181092329984,-3.3783535307615717
4923.443,-2.5619958026354968,-3.3795856365031494
4923.463,-2.552073535144646,-3.380817810744042
4923.483,-2.542153914003946,-3.3820565561483527
4923.503,-2.532230079775905,-3.383285624957082
4923.523,-2.522306302842369,-3.3845148899023956
4923.543,-2.5123825276746197,-3.3857441705236
4923.563,-2.5024587537080354,-3.386973464983642
4923.583,-2.492534980302581,-3.3882027730888202
4923.603,-2.4826112080164036,-3.389432094759719
4923.623,-2.4726874367229437,-3.3906614310550496
4923.643,-2.46276366650117,-3.3918907806582905
4923.663,-2.4528398972269634,-3.3931201447771002
4923.683,-2.442916128412832,-3.394349521896955
4923.703,-2.4329923605555197,-3.3955789131276264
4923.723,-2.4230685936650564,-3.396808318341556
4923.743,-2.4131448277571748,-3.3980377374120394
4923.763,-2.4032210629561157,-3.3992671690252476
4923.783,-2.3932972991909076,-3.400496614244538
4923.803,-2.383373536498362,-3.4017260729467718
4923.823,-2.3734497749190857,-3.402955545010997
4923.843,-2.363526014500585,-3.4041850303183896
4923.863,-2.353602255293113,-3.405414528753122
4923.883,-2.343678497946618,-3.4066440402522886
4923.903,-2.3337547418248135,-3.407873565844784
4923.923,-2.323830987089644,-3.409103104237599
4923.943,-2.3139072338033437,-3.4103326553302833
4923.963,-2.3039834825252967,-3.4115622202648903
4923.983,-2.2940597328256236,-3.4127917977133952
4924.003,-2.2841359847701836,-3.414021387591019
4924.023,-2.2742122383223444,-3.4152509910071123
4924.043,-2.2642886631580317,-3.416470823299414
4924.063,-2.254363304445238,-3.417697285823068
4924.083,-2.24443824874856,-3.4189239054196237
4924.103,-2.2345133420563705,-3.4201506035479636
4924.123,-2.224588525671525,-3.4213773382594197
4924.143,-2.2146637621627616,-3.422604071630817
4924.163,-2.2047390324199254,-3.4238307799788044
4924.183,-2.1948143251158636,-3.4250574464767913
4924.203,-2.1848896352557348,-3.42628406268782
4924.223,-2.1749649618826297,-3.4275106209890756
4924.243,-2.165040687565206,-3.4287377438483033
4924.263,-2.1551072408654743,-3.4299813060947377
4924.283,-2.1451874349373163,-3.4312084480416027
4924.303,-2.1352649638542633,-3.4324444455959977
4924.323,-2.1253413292202743,-3.43367424443489
4924.343,-2.115417637766215,-3.434904200044922
4924.363,-2.105493861563901,-3.4361346564242026
4924.383,-2.0955675330509935,-3.4373638977048686
4924.403,-2.0856214908313557,-3.4386075907901428
4924.423,-2.0756882914485857,-3.4398490401366977
4924.443,-2.0657550366968445,-3.441090890905642
4924.463,-2.055821794812298,-3.4423333151537725
4924.483,-2.045888579975908,-3.4435763142366778
4924.503,-2.0359554024732627,-3.4448198773853558
4924.523,-2.0260222692805625,-3.446063993870972
4924.543,-2.0160891878048997,-3.4473086547354144
4924.563,-2.0061561636906498,-3.4485538528783732
4924.583,-1.9962232059157026,-3.4497995811807805
4924.603,-1.9862903259390914,-3.4510458361844227
4924.623,-1.9763575460257803,-3.452292618566164
4924.643,-1.9664335619700832,-3.453527017743769
4924.663,-1.956489775007092,-3.4547809154247555
4924.683,-1.9465675869859913,-3.456018542220246
4924.703,-1.9366462829843425,-3.457258384595483
4924.723,-1.9267249736426224,-3.4584983131637674
4924.743,-1.9167901241719414,-3.459756896866148
4924.763,-1.9068673599663837,-3.460994413963692
4924.783,-1.896944619199516,-3.4622320152077863
4924.803,-1.8870218798841483,-3.4634696310014808
4924.823,-1.8770991411689426,-3.4647072605608313
4924.843,-1.8671764036059717,-3.4659449038003016
4924.863,-1.8572536670623887,-3.4671825617791985
4924.883,-1.8473309315987383,-3.4684202333294585
4924.903,-1.8374081971092606,-3.4696579193624424
4924.923,-1.8274854636817157,-3.4708956185619715
4924.943,-1.8175627312130314,-3.472133331988307
4924.963,-1.8076399992118195,-3.4733710582766895
4924.983,-1.7977172681836295,-3.4746087985373206
4925.003,-1.7877945387410694,-3.4758465526928766
4925.023,-1.7792927308331954,-3.4775940156234535
4925.043,-1.7723170557611057,-3.4790480357291362
4925.063,-1.7671343661271548,-3.4802498595042435
4925.083,-1.7629916906258072,-3.4807587774075257
4925.103,-1.7595434092825168,-3.4806328569728455
4925.123,-1.7570627279339956,-3.479991673568003
4925.143,-1.7554497193729568,-3.478879930931471
4925.163,-1.7541386051287005,-3.4770074737821144
4925.183,-1.7535624907800995,-3.474652486992093
4925.203,-1.7533156022877627,-3.4719203806538776
4925.223,-1.7530344758921792,-3.4691315174526562
4925.243,-1.7527236930902523,-3.4663175319166877
4925.263,-1.7524039093968933,-3.463430352034759
4925.283,-1.7522527135012245,-3.4607505329819603
4925.303,-1.7519441751218805,-3.4579457916626253
4925.323,-1.7516788484444874,-3.4550183298046195
4925.343,-1.7516324596383084,-3.452293158384311
4925.363,-1.751628919603072,-3.4494257988988872
4925.383,-1.7515567317565106,-3.4465521849954794
4925.403,-1.7517869551247938,-3.443794911210841
4925.423,-1.7518775908854731,-3.4409054228384424
4925.443,-1.752115023548932,-3.438065642183179
4925.463,-1.7522554912966997,-3.435085201825288
4925.483,-1.7526207717193059,-3.432275902917245
4925.503,-1.7530042616249617,-3.429445970241954
4925.523,-1.7535675321288346,-3.4266589680817585
4925.543,-1.754269255836807,-3.4240495487609466
4925.563,-1.7550190820934055,-3.4214539932753114
4925.583,-1.7558155262855053,-3.4188722947807464
4925.603,-1.7566583231405828,-3.4163053273869104
4925.623,-1.7575471989204574,-3.4137539265946515
4925.643,-1.758481865395555,-3.4112189212609074
4925.663,-1.7594620192886508,-3.408701133971534
4925.683,-1.7604873426809593,-3.4062013807956815
4925.703,-1.7615575030892352,-3.403720471678428
4925.723,-1.7626721536572958,-3.401259210327123
4925.743,-1.7638309328501807,-3.398818394078743
4925.763,-1.7650334653288182,-3.3963988136287537
4925.783,-1.7662793612315963,-3.394001252495421
1758191903.4846313,-3.7742281066255607,-3.57917880756919
4925.803,-3.774030342056767,-3.5764840817439545
4925.823,-3.7738811086209236,-3.5737862144569514
4925.843,-3.773780454557311,-3.5710860799544166
4925.863,-3.7737284120829235,-3.568384553279038
4925.883,-3.7737249981789067,-3.5656825102199616
4925.903,-3.773770213705585,-3.562980826795204
4925.923,-3.7702710741737193,-3.560164155803644
4925.943,-3.7642085487248904,-3.5575517843926647
4925.963,-3.756690127926602,-3.5556133488550654
4925.983,-3.7476934371051107,-3.5543522198535644
4926.003,-3.737725887278712,-3.5535445322979085
4926.023,-3.7277584314844274,-3.55273443969852
4926.043,-3.717317778588158,-3.5517512017470665
4926.063,-3.707371126603364,-3.550939748265148
4926.083,-3.697399880363575,-3.5501142436947926
4926.103,-3.6874165710727,-3.549298829933643
4926.123,-3.677450158253282,-3.5484852888963045
4926.143,-3.667483783335162,-3.5476712954731964
4926.163,-3.657517409059353,-3.546857292199422
4926.183,-3.6475510350995735,-3.5460432834637055
4926.203,-3.6375846616839853,-3.545229268596236
4926.223,-3.627618288812926,-3.544415247688543
4926.243,-3.617651916485836,-3.543601220822243
4926.263,-3.60768554470437,-3.5427871880693376
4926.283,-3.5977191734687244,-3.541973149491634
4926.303,-3.5877528022604075,-3.54115910543069
4926.323,-3.5777831034761864,-3.5403514667847804
4926.343,-3.567817196342094,-3.5395419461140083
4926.363,-3.557851145229313,-3.5387325561178895
4926.383,-3.5478850818688086,-3.537923265385184
4926.403,-3.537919010359618,-3.537114064425584
4926.423,-3.5279529310073543,-3.536304952953028
4926.443,-3.5179868437128716,-3.5354959304869924
4926.463,-3.508020749425746,-3.534686997412303
4926.483,-3.499509430903843,-3.533713323278295
4926.503,-3.49293437195803,-3.532551411770502
4926.523,-3.4883160493952787,-3.53170162914121
4926.543,-3.484809239961031,-3.5307894822836
4926.563,-3.482443016991327,-3.5293750626485356
4926.583,-3.4809976936015845,-3.5275025901944503
4926.603,-3.4804843421559966,-3.52518703411599
4926.623,-3.480799971451869,-3.522504805517972
4926.643,-3.4809715612318697,-3.519668501149112
4926.663,-3.4813861947984583,-3.5170011325325414
4926.683,-3.481848829401092,-3.514341418594634
4926.703,-3.4823592588716905,-3.5116904471713037
4926.723,-3.4829173180062734,-3.509049079373924
4926.743,-3.483522826678859,-3.5064181711646327
4926.763,-3.4841755892827857,-3.5037985755665004
4926.783,-3.484875394937226,-3.5011911417949295
4926.803,-3.4856220175104684,-3.4985967154120403
4926.823,-3.48641521543534,-3.496016137511815
4926.843,-3.4872547320641396,-3.4934502449839493
4926.863,-3.484752933892979,-3.489727448279935
4926.883,-3.4797384160379505,-3.4854393448403393
4926.903,-3.473133890290212,-3.4813648730390505
4926.923,-3.464916994139292,-3.4775005528901097
4926.943,-3.4556333909184844,-3.4737831309617997
4926.963,-3.4463504398540157,-3.4700634031734103
4926.983,-3.4366811470749927,-3.4658359722555145
4927.003,-3.4274298989438186,-3.462067822806601
4927.023,-3.4181535181080442,-3.4583276811925843
4927.043,-3.4088746729749033,-3.45459988587976
4927.063,-3.399595893244469,-3.4508720497875807
4927.083,-3.3903171188955286,-3.4471442009789635
4927.103,-3.38103834936118,-3.443416339716833
4927.123,-3.3717595846657558,-3.439688466096501
4927.143,-3.362480824841033,-3.435960580208596
4927.163,-3.3532020699509877,-3.432232681844909
4927.183,-3.3439233200311738,-3.4285047710909144
4927.203,-3.3346445757122005,-3.4247768480869953
4927.223,-3.325365836465615,-3.4210489125628567
4927.243,-3.3160871022974536,-3.4173209648962506
4927.263,-3.3068083732694915,-3.4135930048714624
4927.283,-3.2975296500040634,-3.409865032624562
4927.303,-3.2882509319347313,-3.4061370481794593
4927.323,-3.2789722190823194,-3.402409051615554
4927.343,-3.2696935120576613,-3.3986810430692
4927.363,-3.2604148103057433,-3.3949530222669386
4927.383,-3.2511361143976285,-3.3912249896420215
4927.403,-3.2418574237376587,-3.3874969452178845
4927.423,-3.2325787389399716,-3.3837688888345885
4927.443,-3.2233000593951746,-3.3800408205155956
4927.463,-3.2140213856751445,-3.3763127403974584
4927.483,-3.2047427171561766,-3.372584648503164
4927.503,-3.1954640544239523,-3.368856544671778
4927.523,-3.186185396812422,-3.365128429221751
4927.543,-3.176894374918181,-3.3613856633714594
4927.563,-3.167599923717751,-3.357638069664246
4927.583,-3.158321627001181,-3.3539073732567126
4927.603,-3.149046463819086,-3.350172586671235
4927.623,-3.139766818193615,-3.3464484798714498
4927.643,-3.1304884169967266,-3.3427197305095753
4927.663,-3.1212100481058163,-3.3389909056295344
4927.683,-3.1119316844546345,-3.335262068338957
4927.703,-3.1026533262816653,-3.331533219390443
4927.723,-3.0933768842383276,-3.32780568438121
4927.743,-3.084098827982827,-3.324075810693587
4927.763,-3.074820797464675,-3.3203458768850935
4927.783,-3.06554251020027,-3.3166168488338696
4927.803,-3.0562667628652274,-3.3128834293014227
4927.823,-3.046993511031861,-3.309145753354455
4927.843,-3.0377094321131195,-3.305401276191234
4927.863,-3.0284257311658984,-3.3016569884046625
4927.883,-3.0191423848226466,-3.2979126903860028
4927.903,-3.009859351903625,-3.2941682805138415
4927.923,-3.0005765982949524,-3.29042368611134
4927.943,-2.9912940975854636,-3.2866788524184587
4927.963,-2.9820118289458453,-3.282933737971491
4927.983,-2.972729777542196,-3.279188311009618
4928.003,-2.963447931605805,-3.275442547253695
4928.023,-2.954166282160521,-3.2716964281793435
4928.043,-2.944888580282589,-3.2679640932462535
4928.063,-2.935614786188415,-3.2642317342323643
4928.083,-2.9263358214377555,-3.2605078184578393
4928.103,-2.9170591106624486,-3.256773036741945
4928.123,-2.90778101534437,-3.2530435089492964
4928.143,-2.898507840906915,-3.2493095819397073
4928.163,-2.8892314686242884,-3.2455757469002346
4928.183,-2.8799550990246026,-3.241841928431342
4928.203,-2.8706787339150726,-3.2381080982841985
4928.223,-2.8614023733216873,-3.234374255978424
4928.243,-2.8521260166801827,-3.230640401479193
4928.263,-2.842849664622246,-3.2269065348651185
4928.283,-2.8335733172194306,-3.2231726558584475
4928.303,-2.824296973871886,-3.2194387650135337
4928.323,-2.815020635254937,-3.2157048621069
4928.343,-2.8057443014563206,-3.211970946858172
4928.363,-2.7964679719150123,-3.2082370195224628
4928.383,-2.78719164731754,-3.2045030798763854
4928.403,-2.777915327699925,-3.200769128232839
4928.423,-2.768639012535619,-3.1970351645527555
4928.443,-2.7593627025111425,-3.1933011886149205
4928.463,-2.7500863976632877,-3.1895672007366915
4928.483,-2.740810098082105,-3.1858332006432377
4928.503,-2.7315338032347443,-3.182099188302073
4928.523,-2.7222575137411975,-3.1783651640927464
4928.543,-2.712983487125959,-3.1746214035851685
4928.563,-2.7037013765264297,-3.1708744984248343
4928.583,-2.6944193206987745,-3.1671275251997013
4928.603,-2.6851374396923084,-3.1633801831274275
4928.623,-2.6758557491441737,-3.159632414369074
4928.643,-2.666574249870842,-3.1558842001897514
4928.663,-2.6572929423904816,-3.1521355310859263
4928.683,-2.648011827948977,-3.148386401653969
4928.703,-2.6387309074382572,-3.1446368078462075
4928.723,-2.6294501815147733,-3.1408867468384813
4928.743,-2.620169651417962,-3.1371362168457746
4928.763,-2.6108893195998424,-3.133385216589619
4928.783,-2.6016091882164742,-3.1296337447377036
4928.803,-2.5923292599901266,-3.125881801644381
4928.823,-2.583049538691837,-3.122129386710732
4928.843,-2.5737758477237134,-3.118388938410812
4928.863,-2.564502196714138,-3.1146483912939877
4928.883,-2.5552285513114503,-3.1109078316937104
4928.903,-2.54595491112523,-3.107167260248707
4928.923,-2.5366812760134727,-3.103426677391409
4928.943,-2.527407646484141,-3.0996860830043125
4928.963,-2.518134021859136,-3.0959454768492094
4928.983,-2.508852578201367,-3.092201921008518
4929.003,-2.499577385290659,-3.0884667269206267
4929.023,-2.490286798918226,-3.0847019044917303
4929.043,-2.4810173973775655,-3.0809529299183778
4929.063,-2.4717474816589413,-3.077217076812034
4929.083,-2.462469358683271,-3.073459717073061
4929.103,-2.453194779231625,-3.069721268336491
4929.123,-2.44391377347771,-3.0659619570917602
4929.143,-2.434612811476264,-3.0621879295736765
4929.163,-2.425322650942277,-3.058428744768955
4929.183,-2.4160334406299504,-3.054666802935146
4929.203,-2.406761206883386,-3.0509221381064022
4929.223,-2.3974873227267346,-3.0471820534386915
4929.243,-2.3882127987817805,-3.0434481050246363
4929.263,-2.3789012453351814,-3.0396579813066076
4929.283,-2.3710670415996686,-3.0358409431722557
4929.303,-2.3648235039601624,-3.032543026459017
4929.323,-2.3602136223337284,-3.029889960005933
4929.343,-2.357076964977171,-3.0279467204138277
4929.363,-2.354807648522706,-3.0257601431392884
4929.383,-2.3533532631913148,-3.0234592066367783
4929.403,-2.352738953311688,-3.021115739886521
4929.423,-2.3529684513181297,-3.018435273799438
4929.443,-2.3539264108280884,-3.0158798231676385
4929.463,-2.35499803390882,-3.0133562876591236
4929.483,-2.356077542029869,-3.010692336611403
4929.503,-2.3570519803911743,-3.0079167593443925
4929.523,-2.358153315560984,-3.005151021397142
4929.543,-2.3594219098109397,-3.0026353306484395
4929.563,-2.3606041537805167,-2.9999570529977997
4929.583,-2.361802499294836,-2.99716772654952
4929.603,-2.3632973925081986,-2.994921716323067
4929.623,-2.3648334217076026,-2.9927014572906265
4929.643,-2.3664091669254965,-2.990509200294068
4929.663,-2.3680241099328767,-2.9883456675987423
4929.683,-2.369677733805616,-2.986211564631602
4929.703,-2.371366879525144,-2.9841094709354934
4929.723,-2.3730586703317775,-2.982018281315922
4929.743,-2.3748259721848486,-2.979976378205834
4929.763,-2.376626209313296,-2.9779681661956077
4929.783,-2.3784276330937866,-2.9759728919065584
4929.803,-2.380302344011886,-2.9740293487659897
4929.823,-2.3822080304765936,-2.9721214163122323
4929.843,-2.3830488649728157,-2.9706111598363316
4929.863,-2.3829160008142334,-2.969866311710241
4929.883,-2.381671938164008,-2.9694987865690137
4929.903,-2.37934911356684,-2.969720461229884
4929.923,-2.377200793268162,-2.970883802959146
4929.943,-2.3753046871227963,-2.972806079746175
4929.963,-2.3733353959350643,-2.9747352687374486
4929.983,-2.371485938121959,-2.976744737494265
4930.003,-2.369843751951087,-2.9792209844169726
4930.023,-2.368088278381276,-2.981270099135396
4930.043,-2.366368877175711,-2.9833515002577156
4930.063,-2.3646879963974046,-2.9854605844371735
4930.083,-2.3630182928063257,-2.987570052894422
4930.103,-2.3614140150143053,-2.9897418496856094
4930.123,-2.3598494770795075,-2.991938788106079
4930.143,-2.3582970260105487,-2.994134122361847
4930.163,-2.356812382470764,-2.9963889515272126
4930.183,-2.355368749697876,-2.9986668580256124
4930.203,-2.353938129622635,-3.000941628176495
4930.223,-2.3525773326363875,-3.003273085260348
4930.243,-2.3512588039035514,-3.0056253227553844
4930.263,-2.3499542892393483,-3.0079730601459373
4930.283,-2.3487212790374326,-3.0103744053166994
4930.303,-2.3475316722284743,-3.0127941627385613
4930.323,-2.3463569773987443,-3.015208058095556
4930.343,-2.345255323095957,-3.017672357120995
4930.363,-2.344198064587487,-3.0201526658366973
4930.383,-2.3431565885149896,-3.022625717785145
4930.403,-2.342189484544842,-3.0251458474119453
4930.423,-2.3412676248075,-3.027679558973895
4930.443,-2.3403623874243578,-3.0302045837145664
4930.463,-2.339532642274942,-3.03277325450842
4930.483,-2.338748851664443,-3.035353050801632
4930.503,-2.3379825556795915,-3.037922680133708
4930.523,-2.337291386585774,-3.0405321175004194
4930.543,-2.3366472469241213,-3.0431536876168295
4930.563,-2.3360503929830645,-3.0457864217890473
4930.583,-2.3355010180052056,-3.0484294668142446
4930.603,-2.334999299437602,-3.0510819671737868
4930.623,-2.3345453992572653,-3.0537430646464627
4930.643,-2.3341394640777953,-3.0564118982693276
4930.663,-2.333781625058728,-3.05908760435027
4930.683,-2.33347199805659,-3.06176931725168
4930.703,-2.3332106828523527,-3.06445616940131
4930.723,-2.3294246873115583,-3.06686114340762
4930.743,-2.3231102558364474,-3.0687752572370224
4930.763,-2.315425415712294,-3.0698552041985803
4930.783,-2.3063482081830524,-3.0700953469963306
4930.803,-2.296353323206495,-3.06977296116291
4930.823,-2.2877689945935757,-3.0703204809547957
4930.843,-2.279869036291282,-3.071383417904865
4930.863,-2.2724480836428205,-3.0727972807542963
4930.883,-2.263152354006764,-3.0732281549045375
4930.903,-2.2533630770612327,-3.0733457286373995
4930.923,-2.2436065394832467,-3.07346944512037
4930.943,-2.2340833641060316,-3.073868407904329
4930.963,-2.2247083118048208,-3.074194886493068
4930.983,-2.215157978091796,-3.074389946804285
4931.003,-2.2058656378922,-3.0748399221556495
4931.023,-2.1962185004742034,-3.0750601581357055
4931.043,-2.1871595864097597,-3.0756694371686994
4931.063,-2.1774823784481576,-3.0757966809253943
4931.083,-2.1680754156883237,-3.0763647397969356
4931.103,-2.1587762785460125,-3.076959540830186
4931.123,-2.1491837003905943,-3.077409156935534
4931.143,-2.139184250754387,-3.077605946753081
4931.163,-2.1291865655721445,-3.0778112894120158
4931.183,-2.119175321130193,-3.0780018095858894
4931.203,-2.1091681230999937,-3.0782039208171947
4931.223,-2.0991593007950393,-3.078398942460591
4931.243,-2.089142199909071,-3.078593243434387
4931.263,-2.079144220661161,-3.078789454297747
4931.283,-2.07062698911461,-3.078846975648993
4931.303,-2.063986603696456,-3.0786918362812665
4931.323,-2.0594335334470077,-3.078500837287161
4931.343,-2.056050990303747,-3.0778951268913675
4931.363,-2.053572041960069,-3.076722044934135
4931.383,-2.0520160594189822,-3.074959820861821
4931.403,-2.0513471768243305,-3.072664194412961
4931.423,-2.0513963600228506,-3.0699631673179426
4931.443,-2.0514947388048927,-3.0672653566789094
4931.463,-2.0516416612526482,-3.064569762463461
4931.483,-2.0518370726296693,-3.0618772369894636
4931.503,-2.0520809102021214,-3.0591886518211515
4931.523,-2.0523730955046844,-3.0565048775870154
4931.543,-2.0527135348758656,-3.0538267836641118
4931.563,-2.05310211867374,-3.0511552374770625
4931.583,-2.0535387217678687,-3.0484911046119003
4931.603,-2.0540232034679136,-3.0458352484864153
4931.623,-2.0545554075080474,-3.043188529830319
4931.643,-2.0551351621146416,-3.040551806645576
4931.663,-2.055762280057433,-3.0379259338407505
4931.683,-2.0564365587807143,-3.0353117626961623
4931.703,-2.057157780326287,-3.0327101408655333
4931.723,-2.057925711444496,-3.0301219121707237
4931.743,-2.0587401036780806,-3.027547915926133
4931.763,-2.0596006934537434,-3.024988987078659
4931.783,-2.0605072022945103,-3.0224459553869787
4931.803,-2.061459336656989,-3.019919645894351
4931.823,-2.0624567881244524,-3.017410877782009
4931.843,-2.063499233628249,-3.0149204648604226
4931.863,-2.06458633548166,-3.0124492147607635
4931.883,-2.06571774140162,-3.00999792908792
4931.903,-2.0668930848139153,-3.0075674026483186
4931.923,-2.0681119847535987,-3.0051584237513262
4931.943,-2.0693740462154118,-3.0027717734599446
4931.963,-2.0706788601330133,-3.0004082255811215
4931.983,-2.072026003558645,-2.9980685463766688
4932.003,-2.0734150398635287,-2.9957534944698216
4932.023,-2.074845518772953,-2.9934638203354655
4932.043,-2.076316976646335,-2.991200266065894
4932.063,-2.077828936578466,-2.9889635652409905
4932.083,-2.0793809084974777,-2.986754442800618
4932.103,-2.080972389393558,-2.984573614616981
4932.123,-2.082602863541039,-2.982421787254288
4932.143,-2.084232088916399,-2.9802848291672275
4932.163,-2.0859398825612905,-2.978192983477626
4932.183,-2.0876817362194644,-2.9761336149383073
4932.203,-2.089425331843625,-2.9740865244170993
4932.223,-2.091243406521237,-2.972089782885609
4932.243,-2.0904564221928132,-2.967645868584205
4932.263,-2.0876174582758344,-2.9616747568596953
4932.283,-2.0832400876664674,-2.955247304925665
4932.303,-2.077305251506254,-2.948351463950574
4932.323,-2.070357434255707,-2.94115870615387
4932.343,-2.063411007630105,-2.9339641833711134
4932.363,-2.05580191767989,-2.926638077968715
4932.383,-2.0487896549374556,-2.9194667918796386
4932.403,-2.041833270238138,-2.9122823833487077
4932.423,-2.034878938390319,-2.9050969612914237
4932.443,-2.027924562462058,-2.8979115800485364
4932.463,-2.0209701762872982,-2.8907262103022946
1758191912.4268684,-3.1509102563640408,-3.694010762151585
4932.483,-3.1409682631698472,-3.692938481522948
4932.503,-3.1310262689002917,-3.6918662156321256
4932.523,-3.121084274083442,-3.690793964632205
4932.543,-3.1111422787347274,-3.689721728246076
4932.563,-3.1012002822117513,-3.688649506345186
4932.583,-3.0912582850258805,-3.687577299086218
4932.603,-3.081316286523302,-3.686505106343836
4932.623,-3.0713742872756287,-3.685432927989216
4932.643,-3.06143228658385,-3.6843607640465152
4932.663,-3.0514902849753494,-3.683288614537249
4932.683,-3.0415360245340466,-3.6822189601728392
4932.703,-3.0315829184818965,-3.681155936766012
4932.723,-3.021615494906617,-3.6800977525478733
4932.743,-3.01167506570325,-3.679033215957539
4932.763,-3.001732987013913,-3.6779620002316715
4932.783,-2.9917908723369977,-3.6768908991711275
4932.803,-2.981848756031906,-3.6758198131914552
4932.823,-2.9730946085366217,-3.675287642684973
4932.843,-2.965913317333165,-3.6749764274109467
4932.863,-2.9606459856659,-3.67501369594924
4932.883,-2.9568539132045037,-3.675082780571636
4932.903,-2.9536938356202698,-3.6756431577357604
4932.923,-2.9511633971675706,-3.676641238847868
4932.943,-2.94948199515332,-3.6783473031937417
4932.963,-2.9484837446020573,-3.6804877897669845
4932.983,-2.948284366829637,-3.6831833743212194
4933.003,-2.948611737088294,-3.6861883134029005
4933.023,-2.9485422859180392,-3.688883685272245
4933.043,-2.9485210829978468,-3.6915833251368317
4933.063,-2.9485484711296603,-3.6942829363035505
4933.083,-2.9486222331364504,-3.696979595040452
4933.103,-2.9487464917562676,-3.699676415569834
4933.123,-2.948919269970784,-3.702370562605617
4933.143,-2.949140510838504,-3.705061153648105
4933.163,-2.949410142133945,-3.70774731684626
4933.183,-2.949728075958142,-3.7104281818596814
4933.203,-2.9500942087429887,-3.71310288011105
4933.223,-2.950508421334593,-3.715770545263701
4933.243,-2.950970578990339,-3.718430313053552
4933.263,-2.9514805314056103,-3.721081322124972
4933.283,-2.952038112789296,-3.723722713842345
4933.303,-2.95264314199068,-3.7263536327498477
4933.323,-2.9532954225617303,-3.728973227070146
4933.343,-2.953994742696647,-3.7315806485573093
4933.363,-2.95474087526857,-3.7341750530307953
4933.383,-2.9555335783585837,-3.7367556006208824
4933.403,-2.9563725946933026,-3.7393214559189167
4933.423,-2.957257652010442,-3.741871788335247
4933.443,-2.9581884634548685,-3.744405772605061
4933.463,-2.9591647272785724,-3.7469225883897117
4933.483,-2.960186126915599,-3.7494214212731727
4933.503,-2.9612523315255808,-3.7519014627219143
4933.523,-2.9623629955808433,-3.7543619100113537
4933.543,-2.9635177593898008,-3.756801967072809
4933.563,-2.9647162488962193,-3.7592208444986
4933.583,-2.965958076072034,-3.761617759561876
4933.603,-2.9672428389148164,-3.7639919367189747
4933.623,-2.968570121448921,-3.766342607902918
4933.643,-2.969939494264573,-3.768669012579343
4933.663,-2.9713505141197247,-3.770970398063757
4933.683,-2.972802724574331,-3.773246019700604
4933.703,-2.974295655734888,-3.775495141350447
4933.723,-2.975828824832384,-3.7777170352986196
4933.743,-2.9774017358694005,-3.7799109826261246
4933.763,-2.979013880111778,-3.782076273242666
4933.783,-2.9806647363774728,-3.7842122064757993
4933.803,-2.9823537706522893,-3.786318091282125
4933.823,-2.98408043685362,-3.7883932457983236
4933.843,-2.9858441765780834,-3.7904369982654442
4933.863,-2.9876444195899805,-3.7924486871185885
4933.883,-2.989480583663703,-3.7944276607970813
4933.903,-2.991352075125193,-3.7963732784594035
4933.923,-2.9932582886939447,-3.798284909961596
4933.943,-2.995198607779027,-3.8001619358868757
4933.963,-2.99717240477296,-3.802003748030431
4933.983,-2.999179041215433,-3.8038097495509606
4934.003,-3.001217867775584,-3.8055793549818473
4934.023,-3.0032882248723425,-3.8073119903323422
4934.043,-3.0053894423021523,-3.809007093956575
4934.063,-3.007520839920047,-3.810664115808917
4934.083,-3.009681727651159,-3.812282518423877
4934.103,-3.011871405883215,-3.8138617764962732
4934.123,-3.012042175456214,-3.8183439335009526
4934.143,-3.010515260757411,-3.8247629115694988
4934.163,-3.0075775097163087,-3.8319456717552383
4934.183,-3.0032129415960287,-3.8399082254827173
4934.203,-2.9979000044006265,-3.848380351218571
4934.223,-2.992588897809014,-3.85685382851162
4934.243,-2.9871360234172237,-3.865811476376881
4934.263,-2.981872671481364,-3.874344884305409
4934.283,-2.976512669012805,-3.882854637421122
4934.303,-2.9712287963808928,-3.8913451117167175
4934.323,-2.9659215308551796,-3.8998200165861014
4934.343,-2.9606142587289592,-3.908294918354182
4934.363,-2.9553069930603337,-3.9167698235098096
4934.383,-2.949999733841107,-3.9252447320135264
4934.403,-2.9446924809280612,-3.933719643773349
4934.423,-2.9393852349633636,-3.9421945589966425
4934.443,-2.934077995006699,-3.9506694773055577
4934.463,-2.92877076090501,-3.959144398622318
4934.483,-2.9234635327483005,-3.9676193234188752
4934.503,-2.918156310921573,-3.9760942513820017
4934.523,-2.9128429000089056,-3.984604475091031
4934.543,-2.9075353957125425,-3.9930792964903907
4934.563,-2.902228462982524,-4.001554404520898
4934.583,-2.896921540531974,-4.010029517942155
4934.603,-2.8916146240954106,-4.0185046345846365
4934.623,-2.886307713454845,-4.026979754381413
4934.643,-2.8810008084369687,-4.035454877293176
4934.663,-2.8756939088735662,-4.043930003284211
4934.683,-2.870387014303867,-4.052405133114207
4934.703,-2.8650814530252875,-4.06088085200131
4934.723,-2.8597744566413046,-4.06935596172101
4934.743,-2.854467643907811,-4.077831142827566
4934.763,-2.84916083878328,-4.086306328676801
4934.783,-2.8438485376344804,-4.094778045068909
4934.803,-2.838541579688105,-4.103253166770426
4934.823,-2.833234666092592,-4.111728285830804
4934.843,-2.8279277584717706,-4.120203408217299
4934.863,-2.822620855988404,-4.128678534769407
4934.883,-2.817313959035755,-4.137153665200772
4934.903,-2.811992532943799,-4.145624066687886
4934.923,-2.8066854063576523,-4.154099056158926
4934.943,-2.8013782839149575,-4.162574047235485
4934.963,-2.7960711668718154,-4.1710490426230225
4934.983,-2.7907640551352473,-4.179524042303438
4935.003,-2.785456948384543,-4.187999045698877
4935.023,-2.7801498468031043,-4.196474053318163
4935.043,-2.774842750093551,-4.204949064583014
4935.063,-2.7695356584615927,-4.213424080001366
4935.083,-2.76422857242032,-4.221899099289582
4935.103,-2.7589214914063396,-4.230374122657644
4935.123,-2.7536144154089066,-4.23884915006618
4935.143,-2.7483073449672637,-4.247324181229402
4935.163,-2.7430002795438977,-4.2557992163516
4935.183,-2.7376932196922876,-4.264274255143872
4935.203,-2.7323861648872003,-4.272749297807654
4935.223,-2.7270791159401773,-4.281224344592212
4935.243,-2.7217720720876697,-4.2896993951542175
4935.263,-2.7164650339019913,-4.29817444919671
4935.283,-2.7111580014140095,-4.30664950666935
4935.303,-2.70585097411417,-4.315124567765451
4935.323,-2.70054395282407,-4.323599632728116
4935.343,-2.6952369367872633,-4.33207470120576
4935.363,-2.6899299265766983,-4.340549772896954
4935.383,-2.684622922467925,-4.349024848287287
4935.403,-2.679315924485848,-4.357499927320879
4935.423,-2.6740089318632947,-4.365975009644126
4935.443,-2.6698222823088593,-4.373251552385337
4935.463,-2.6668687646625133,-4.379167284999365
4935.483,-2.6645091397604803,-4.383295789461213
4935.503,-2.6621210534660715,-4.386124994807755
4935.523,-2.659762466748201,-4.387686529759297
4935.543,-2.657429340332212,-4.388179565317372
4935.563,-2.655137117278948,-4.387668922851357
4935.583,-2.6529145445676234,-4.386154709528176
4935.603,-2.6507181268419084,-4.384585220444565
4935.623,-2.6485503930675436,-4.3829764562487945
4935.643,-2.6464119607826513,-4.381328939561391
4935.663,-2.6443035207689434,-4.379643203362576
4935.683,-2.6422257551511943,-4.377919792676942
4935.703,-2.640179335996056,-4.3761592647680905
4935.723,-2.6381649252878914,-4.374362189134144
4935.743,-2.63618317501175,-4.3725291467202005
4935.763,-2.63423472639403,-4.370660730314853
4935.783,-2.632320210199939,-4.3687575440618245
4935.803,-2.6304402460930905,-4.366820203478016
4935.823,-2.6285954429608607,-4.364849335160105
4935.843,-2.62678639832717,-4.362845576289474
4935.863,-2.6250136980828995,-4.360809575410555
4935.883,-2.623277916831391,-4.358741991046246
4935.903,-2.621579617041917,-4.356643492051482
4935.923,-2.6199193493340034,-4.354514757683868
4935.943,-2.6182976519454924,-4.35235647698917
4935.963,-2.6167150508880934,-4.350169348346858
4935.983,-2.6151720595108774,-4.347954080196366
4936.003,-2.613669178409274,-4.345711389812591
4936.023,-2.6122068953775948,-4.343442003466405
4936.043,-2.6107856849144433,-4.341146656294942
4936.063,-2.609406008478262,-4.338826092085602
4936.083,-2.60806831384453,-4.336481062746853
4936.103,-2.606773035188531,-4.334112328145128
4936.123,-2.6055205933363066,-4.331720656010027
4936.143,-2.604311394889585,-4.329306821736704
4936.163,-2.6031458324770207,-4.32687160774641
4936.183,-2.602024284529506,-4.324415803502891
4936.203,-2.600947115245378,-4.321940205278759
4936.223,-2.5999146743991233,-4.319445615643945
4936.243,-2.598927297156537,-4.316932843621356
4936.263,-2.597985304149434,-4.314402703944625
4936.283,-2.597089001127,-4.311856017137167
4936.303,-2.5962386790363308,-4.309293608820831
4936.323,-2.595434613700787,-4.306716309939833
4936.343,-2.5946770661586545,-4.304124956129912
4936.363,-2.593966282111484,-4.301520387503065
4936.383,-2.593302492204215,-4.298903448654665
4936.403,-2.592685911605613,-4.2962749879664
4936.423,-2.5921167402437475,-4.293635857489368
4936.443,-2.591595162605779,-4.290986912684716
4936.463,-2.5911213477497332,-4.288329012242642
4936.483,-2.5906954492439107,-4.285663017761282
4936.503,-2.5867688624709313,-4.283495026999124
4936.523,-2.5803490248581666,-4.281972451691787
4936.543,-2.572612587243835,-4.281366620275041
4936.563,-2.5635380442734563,-4.281684569035684
4936.583,-2.553581712123228,-4.282620731673517
4936.603,-2.5436248887595254,-4.283554570240362
4936.623,-2.533004742546418,-4.284098580070764
4936.643,-2.5230639852650816,-4.284957747381086
4936.663,-2.5131079818271367,-4.285880129849977
4936.683,-2.5031507020131296,-4.286794320557833
4936.703,-2.4931707168919233,-4.287699475778899
4936.723,-2.4832134818367035,-4.288612635556283
4936.743,-2.4732598495820834,-4.2895364016787925
4936.763,-2.4633033513580895,-4.290450416611152
4936.783,-2.4533341859826714,-4.2913706750339315
4936.803,-2.4433691879982287,-4.292287740004877
4936.823,-2.4333683667814285,-4.293183509310723
4936.843,-2.4234111760552164,-4.294104393536965
4936.863,-2.4134539790317326,-4.295025137948705
4936.883,-2.403496779795648,-4.295945865412158
4936.903,-2.393539578423215,-4.296866576987722
4936.923,-2.38358237558577,-4.297787272688098
4936.943,-2.3736251707457376,-4.298707952481998
4936.963,-2.3636679639958578,-4.299628616463
4936.983,-2.3537107554073673,-4.300549264576238
4937.003,-2.343753545079822,-4.3014698969123675
4937.023,-2.3337963336663474,-4.3023905132459825
4937.043,-2.323839120681247,-4.303311113758987
4937.063,-2.313881906202332,-4.304231698390845
4937.083,-2.303924690332112,-4.305152267226656
4937.103,-2.293967473134466,-4.306072820129671
4937.123,-2.284010255308239,-4.306993357161922
4937.143,-2.274053036323014,-4.307913878278259
4937.163,-2.264095816269876,-4.30883438355884
4937.183,-2.254115982670033,-4.309737139866074
4937.203,-2.244140373269533,-4.3106434439563825
4937.223,-2.234183026782523,-4.311562584735924
4937.243,-2.224225679826932,-4.312481691120056
4937.263,-2.214268332149815,-4.3134007814397615
4937.283,-2.2043109837770114,-4.314319855801409
4937.303,-2.1943536347389903,-4.315238914218534
4937.323,-2.184396285055755,-4.316157956702042
4937.343,-2.174438935328796,-4.317076983167554
4937.363,-2.16448158495987,-4.317995993644174
4937.383,-2.1545285594104016,-4.318913777436437
4937.403,-2.1445568976369174,-4.3198193142905374
4937.423,-2.134598692555701,-4.320736564698662
4937.443,-2.124593954155994,-4.321630611281931
4937.463,-2.114640668070942,-4.322548848304981
4937.483,-2.1046845429213645,-4.323468743702137
4937.503,-2.094725913296344,-4.324381736853176
4937.523,-2.084772769056359,-4.325299925334157
4937.543,-2.0748153566830645,-4.326211646128917
4937.563,-2.06483306963753,-4.327121800885282
4937.583,-2.0548399162853053,-4.328015481034623
4937.603,-2.0448878254042504,-4.328937908904658
4937.623,-2.0349122690930317,-4.329842607229127
4937.643,-2.0249504287378945,-4.330757955306592
4937.663,-2.0149802502709155,-4.331660345131779
4937.683,-2.00501327651709,-4.332563768906735
4937.703,-1.995053106598281,-4.333467628427268
4937.723,-1.985094938511801,-4.334379432443398
4937.743,-1.9751396475142426,-4.335297462230818
4937.763,-1.9651706946467293,-4.336200829020542
4937.783,-1.9552128011720358,-4.3371139539146615
4937.803,-1.945254916567974,-4.338027095597285
4937.823,-1.9352970299823913,-4.3389402215901045
4937.843,-1.9253391412450274,-4.339853331639914
4937.863,-1.915381250281916,-4.340766425703493
4937.883,-1.9054233570527814,-4.341679503886068
4937.903,-1.8954654620771738,-4.342592565977877
4937.923,-1.8855075647425223,-4.343505612175428
4937.943,-1.8755496650085102,-4.34441864243383
4937.963,-1.865591762868955,-4.345331656854184
4937.983,-1.8556338582900016,-4.346244655316
4938.003,-1.8456759512838454,-4.34715763791837
4938.023,-1.8357180424354103,-4.348070604519022
4938.043,-1.8267932947513537,-4.348496789229356
4938.063,-1.819546941854001,-4.348801705566596
4938.083,-1.8141095374230958,-4.349044628741509
4938.103,-1.8100112302106737,-4.349025226325511
4938.123,-1.806442735177695,-4.348609846295766
4938.143,-1.803373619287619,-4.347726843352532
4938.163,-1.8008434758507612,-4.346351397358444
4938.183,-1.7988758807280703,-4.344496188127386
4938.203,-1.7974373813322835,-4.342254017041201
4938.223,-1.7967604740027792,-4.339501535641605
4938.243,-1.7965510858152942,-4.336800786745259
4938.263,-1.7965509903581858,-4.334101125142003
4938.283,-1.7965976428695116,-4.331403906547524
4938.303,-1.7966530560111156,-4.328715326975781
4938.323,-1.7967983386584632,-4.3260188900666
4938.343,-1.7969903743365707,-4.323328613954516
4938.363,-1.7971910077799875,-4.320648601011571
4938.383,-1.7974814535030914,-4.317964474793218
4938.403,-1.7978183218164416,-4.315288684808767
4938.423,-1.7981637046106478,-4.312624976533931
4938.443,-1.7985984746824615,-4.3099605477911505
4938.463,-1.7990791780999642,-4.307307021423314
4938.483,-1.7995682993010615,-4.304667233299375
4938.503,-1.8001461405760701,-4.302030204865828
4938.523,-1.8007692967836948,-4.299406591680626
4938.543,-1.8014007265636087,-4.296798370624364
4938.563,-1.8021199774416297,-4.294196374352098
4938.583,-1.802883794455772,-4.291610240666015
4938.603,-1.803655694272291,-4.289041152431356
4938.623,-1.8045131322078583,-4.286481495944902
4938.643,-1.8054165260809487,-4.2839375778200806
4938.663,-1.8063655557750564,-4.281410335689494
4938.683,-1.807359913357061,-4.278900588631087
4938.703,-1.8083992765524308,-4.276409148842877
4938.723,-1.8094833086734268,-4.273936822630925
4938.743,-1.8106116585893837,-4.271484409915924
4938.763,-1.8117839607342434,-4.26905270422768
4938.783,-1.8129998355226378,-4.266642492473767
4938.803,-1.8142588895086516,-4.264254554361366
4938.823,-1.8155607150420385,-4.261889662445612
4938.843,-1.8169048907713083,-4.259548581710436
4938.863,-1.8182909820355475,-4.2572320696520105
4938.883,-1.8197185401573517,-4.254940875647977
4938.903,-1.8211871035286629,-4.252675740967256
4938.923,-1.8226961969034439,-4.2504373983898525
4938.943,-1.8242453324582908,-4.248226572305114
4938.963,-1.8258340092016607,-4.246043978092477
4938.983,-1.8274617134438622,-4.243890321967066
4939.003,-1.8291279187834895,-4.241766300985047
4939.023,-1.8308320864844962,-4.239672602622255
4939.043,-1.8325736656167098,-4.237609904762916
4939.063,-1.8343520929468438,-4.235578875061944
4939.083,-1.8361667936241137,-4.233580171352964
4939.103,-1.8380171806047674,-4.2316144410494285
4939.123,-1.8399026554422548,-4.2296823207597924
4939.143,-1.8418226082689655,-4.227784436782548
4939.163,-1.843776418115271,-4.22592140399041
4939.183,-1.8457634527301685,-4.224093826292351
4939.203,-1.8477830692358728,-4.222302296198929
4939.223,-1.8498346139468556,-4.220547394800307
4939.243,-1.8519174227844188,-4.2188296911631635
4939.263,-1.8540308215175212,-4.217149742708357
4939.283,-1.8561741257816897,-4.215508094376489
4939.303,-1.8583466413070215,-4.213905278995506
4939.323,-1.8605476644047259,-4.212341816750586
4939.343,-1.8627764819054973,-4.2108182153256974
4939.363,-1.8650323715426254,-4.209334969339879
4939.383,-1.8673146022541294,-4.207892560469284
4939.403,-1.869622434179294,-4.206491457067633
4939.423,-1.871955119164162,-4.205132114229043
4939.443,-1.8743119007848152,-4.203814973413524
4939.463,-1.876692014873053,-4.202540462373544
4939.483,-1.879094689390203,-4.20130899504684
4939.503,-1.8815191451448716,-4.2001209712576975
4939.523,-1.883964595823781,-4.198976776948978
1758191921.5928528,-2.4311187050198946,-4.111066975247036
4939.543,-2.4307435743827783,-4.1083932693838205
4939.563,-2.4304166298538625,-4.105713242444846
4939.583,-2.430137977498628,-4.103027763940565
4939.603,-2.426336540565659,-4.100646938105004
4939.623,-2.420010178451213,-4.098773461742023
4939.643,-2.412318759872964,-4.097742878770155
4939.663,-2.403240458751808,-4.097561072578366
4939.683,-2.393247683312614,-4.097947963431383
4939.703,-2.383254617698556,-4.098332493118501
4939.723,-2.3727032785949604,-4.098413344783671
4939.743,-2.362720658333034,-4.098741556164015
4939.763,-2.3527263708676482,-4.099073148338552
4939.783,-2.342723347448094,-4.099437143513669
4939.803,-2.3327204029916526,-4.099801655734421
4939.823,-2.322717608926759,-4.100165945837325
4939.843,-2.312714928560796,-4.1005299112608995
4939.863,-2.3027123310569992,-4.10089351561083
4939.883,-2.292719008017409,-4.101264522655505
4939.903,-2.2827264770087328,-4.101631621144688
4939.923,-2.272734113017204,-4.102003301565846
4939.943,-2.2627186013288245,-4.102360037563625
4939.963,-2.252725930190436,-4.102732198469298
4939.983,-2.2427332609593273,-4.103104430428873
4940.003,-2.232740590732674,-4.103476649342694
4940.023,-2.2227479198130897,-4.1038488557207975
4940.043,-2.2127552477643695,-4.104221048534553
4940.063,-2.2027625745391313,-4.104593227888888
4940.083,-2.192769900097575,-4.104965393888005
4940.103,-2.182777224404328,-4.105337546635728
4940.123,-2.1727845474324887,-4.105709686235573
4940.143,-2.162791869064042,-4.106081812508993
4940.163,-2.152799189382624,-4.106453925841423
4940.183,-2.1428065086564256,-4.106826025297705
4940.203,-2.1328138266121575,-4.107198112019932
4940.223,-2.1228211432593374,-4.107570186111468
4940.243,-2.112828458792625,-4.107942246354856
4940.263,-2.1028357730580622,-4.108314294173569
4940.283,-2.092843086086059,-4.1086863296699
4940.303,-2.08285039809476,-4.109058351624598
4940.323,-2.072857708564125,-4.109430360330641
4940.343,-2.0628650179313244,-4.109802357015136
4940.363,-2.052872326431291,-4.110174340454767
4940.383,-2.0428796341270434,-4.110546310744807
4940.403,-2.0328869409054393,-4.110918269298906
4940.423,-2.0228942464529984,-4.111290215079112
4940.443,-2.012891546494752,-4.111653131838522
4940.463,-2.0028885590766983,-4.112015975432887
4940.483,-1.9928854934053482,-4.112378375703024
4940.503,-1.9828823784858507,-4.112740252785454
4940.523,-1.9728792297961766,-4.113101606517042
4940.543,-1.9628760563486212,-4.113462440896755
4940.563,-1.9528728629105705,-4.113822761042115
4940.583,-1.9428696527040232,-4.114182567576823
4940.603,-1.9328664286236252,-4.114541861295433
4940.623,-1.9228631942273742,-4.114900641327836
4940.643,-1.9128599512911941,-4.115258907550401
4940.663,-1.9028567039660902,-4.115616658482154
4940.683,-1.892863840286185,-4.115983562743945
4940.703,-1.8828709347820833,-4.116349680602918
4940.723,-1.8728780287635116,-4.116715775666526
4940.743,-1.8628851226445284,-4.117081858327662
4940.763,-1.852892216649788,-4.1174479274950855
4940.783,-1.8428993111917376,-4.117813984431745
4940.803,-1.8329064059083222,-4.118180028130939
4940.823,-1.8229135007156378,-4.118546058421089
4940.843,-1.8129208340142342,-4.118903767157498
4940.863,-1.802917285669037,-4.119257989178914
4940.883,-1.7929256610496802,-4.119626211167737
4940.903,-1.7829111315813164,-4.119987867260519
4940.923,-1.7729189304581827,-4.12033595131742
4940.943,-1.7629273841486288,-4.1207096498334685
4940.963,-1.7529089787252774,-4.121064413310823
4940.983,-1.742894628448087,-4.121425286002688
4941.003,-1.7328735992093354,-4.121765584082719
4941.023,-1.7228806074494665,-4.12213294441864
4941.043,-1.712889463443485,-4.122506068492171
4941.063,-1.7028971093955279,-4.122864483976536
4941.083,-1.6929037018468198,-4.123226386807405
4941.103,-1.6829100325456663,-4.123589879269021
4941.123,-1.6729165706676312,-4.123954320354279
4941.143,-1.6629233750563444,-4.124318150876395
4941.163,-1.6529299547975902,-4.124680163528389
4941.183,-1.6429369107863767,-4.125042938291294
4941.203,-1.632943906666273,-4.125406054101658
4941.223,-1.622950901875541,-4.125769159928863
4941.243,-1.612957896480098,-4.126132252568213
4941.263,-1.6029648900340951,-4.126495330993952
4941.283,-1.5929718823010852,-4.126858396655054
4941.303,-1.5829788734130328,-4.127221448357434
4941.323,-1.5744170991416926,-4.126774723398011
4941.343,-1.567562622187868,-4.12623029786325
4941.363,-1.5623906004360348,-4.125981139187403
4941.383,-1.5586137927084458,-4.1261676250097645
4941.403,-1.556057934219986,-4.126398800844224
4941.423,-1.5543323260850546,-4.127174471761362
4941.443,-1.5532951706473686,-4.128747125170437
4941.463,-1.5529788036244785,-4.130926854819013
4941.483,-1.553218003655835,-4.1336144878892656
4941.503,-1.5535141533083938,-4.136297726107211
4941.523,-1.5538585488460765,-4.138975165163747
4941.543,-1.5542510739702553,-4.141645962246586
4941.563,-1.5546916011284757,-4.144309253223097
4941.583,-1.555179987147849,-4.146964176189825
4941.603,-1.5557160731467623,-4.1496098719304095
4941.623,-1.5562996849663724,-4.152245484619592
4941.643,-1.5569306333339707,-4.154870161469402
4941.663,-1.557608713512526,-4.1574830534342695
4941.683,-1.5583337056529598,-4.160083315344035
4941.703,-1.5591053750737394,-4.162670106043754
4941.723,-1.559923471643121,-4.16524258880821
4941.743,-1.560787730556464,-4.16779993169659
4941.763,-1.5616978717932302,-4.170341307715624
4941.783,-1.5626536009968695,-4.172865894684879
4941.803,-1.5636546090907686,-4.175372876301863
4941.823,-1.5647005721385532,-4.177861441486231
4941.843,-1.5657911518931211,-4.180330785649053
4941.863,-1.5669259957568715,-4.182780109730722
4941.883,-1.568104736963656,-4.185208621550316
4941.903,-1.5693269943757697,-4.187615535522338
4941.923,-1.5705923729563271,-4.190000072692186
4941.943,-1.5719004637752563,-4.192361461582232
4941.963,-1.5732508439119115,-4.194698937990081
4941.983,-1.5746430770376603,-4.1970117451634055
4942.003,-1.5760767132084037,-4.199299134557539
4942.023,-1.5775512889561174,-4.201560365374231
4942.043,-1.5790663274347319,-4.203794705424506
4942.063,-1.5806213389219088,-4.206001431030917
4942.083,-1.5822158206092825,-4.2081798271585775
4942.103,-1.583849256708287,-4.210329187930513
4942.123,-1.585521119085717,-4.212448816806003
4942.143,-1.5872308666119639,-4.214538026756406
4942.163,-1.5889779462582905,-4.216596140240975
4942.183,-1.5907617925072741,-4.218622490053384
4942.203,-1.5925818280936073,-4.220616418774046
4942.223,-1.5944374636532166,-4.222577279808438
4942.243,-1.5963280984280965,-4.224504436788867
4942.263,-1.5982531199934678,-4.226397264633292
4942.283,-1.6002119049200307,-4.228255148895736
4942.303,-1.6022038185978653,-4.230077486659037
4942.323,-1.6042282154857008,-4.231863686492414
4942.343,-1.6062844396724694,-4.233613168589655
4942.363,-1.6083718247134204,-4.235325365196193
4942.383,-1.6104896939994542,-4.236999720464272
4942.403,-1.6126373609837814,-4.238635691076645
4942.423,-1.6126908788892742,-4.243120760703931
4942.443,-1.6109966147107342,-4.249497511071232
4942.463,-1.6078720534513211,-4.256600926091969
4942.483,-1.6033007686067875,-4.264446553108436
4942.503,-1.5977679024691867,-4.2727767830878145
4942.523,-1.592236898210556,-4.281108488020749
4942.543,-1.5866613008874915,-4.290053576784647
4942.563,-1.5811431700558372,-4.298429629231799
4942.583,-1.5756197213641938,-4.3067650981322725
4942.603,-1.5700967480272932,-4.315101096652301
4942.623,-1.5645737886717306,-4.323437105698166
4942.643,-1.5590508396538747,-4.331773120903972
4942.663,-1.5535279004826308,-4.340109142732723
4942.683,-1.5480049714557766,-4.348445170728947
4942.703,-1.5424820524002947,-4.356781204803712
4942.723,-1.5369591433260146,-4.365117245108081
4942.743,-1.531436243880058,-4.373453291325949
4942.763,-1.5259133542581311,-4.381789343852219
4942.783,-1.5203904741124412,-4.390125402379093
4942.803,-1.5148676034632889,-4.39846146707384
4942.823,-1.509344742152373,-4.406797537873507
4942.843,-1.5038218906813352,-4.41513361459065
4942.863,-1.4982990482482013,-4.423469697298752
4942.883,-1.4927762148940604,-4.43180578618304
4942.903,-1.4872543814903012,-4.440142919342716
4942.923,-1.4817336614507286,-4.448487977411895
4942.943,-1.4762241083707444,-4.4568346188104355
4942.963,-1.4706934822412296,-4.465167468708374
4942.983,-1.465166417647911,-4.473502039898741
4943.003,-1.4596389786914854,-4.481835585584152
4943.023,-1.4541170613299848,-4.490198209765126
4943.043,-1.4485948623074956,-4.498534614017141
4943.063,-1.4430727100287069,-4.506871155091222
4943.083,-1.4375505672587245,-4.515207703866102
4943.103,-1.4320321834235656,-4.52355883910944
4943.123,-1.4265133374477763,-4.531910386336987
4943.143,-1.4209947710614113,-4.540261901779558
4943.163,-1.4154765229918598,-4.548613447088357
4943.183,-1.409958608859718,-4.556965060519256
4943.203,-1.404441040878805,-4.565316770773025
4943.223,-1.3989238299319875,-4.573668595911318
4943.243,-1.3934069879244433,-4.582020544155378
4943.263,-1.3878905366628795,-4.590372605472383
4943.283,-1.3823719490257576,-4.598711525985529
4943.303,-1.3768535081381972,-4.607050529917115
4943.323,-1.3713350781602962,-4.615389541325427
4943.343,-1.365816657817864,-4.623728559470241
4943.363,-1.360298247088761,-4.632067584314778
4943.383,-1.3547798459704967,-4.640406615828841
4943.403,-1.3492614546474841,-4.648745654220876
4943.423,-1.3437430734178293,-4.6570846988625565
4943.443,-1.3382247020023887,-4.665423750327424
4943.463,-1.3327063404156114,-4.673762808587586
4943.483,-1.3271879891445113,-4.682101873252448
4943.503,-1.3216696477337921,-4.690440944657443
4943.523,-1.31615131619876,-4.698780022774829
4943.543,-1.3106329950264028,-4.707119107210458
4943.563,-1.305114683756644,-4.715458198298673
4943.583,-1.29959638258142,-4.7237972962431005
4943.603,-1.294078091795887,-4.732136400411662
4943.623,-1.2885598109299115,-4.740475511133431
4943.643,-1.2830415404512594,-4.748814628009626
4943.663,-1.277523279879265,-4.75715375136662
4943.683,-1.2720050293802507,-4.765492881402941
4943.703,-1.266486789404892,-4.7738320177147395
4943.723,-1.260968559271354,-4.782171160389053
4943.743,-1.255451385961256,-4.7905106748810455
4943.763,-1.2499331452976858,-4.798849821625651
4943.783,-1.2444149809726792,-4.8071890074279935
4943.803,-1.2401461820018032,-4.814759327398368
4943.823,-1.2368866488466541,-4.820982300274111
4943.843,-1.2346225223315224,-4.825641868143731
4943.863,-1.233348413062398,-4.828812224329213
4943.883,-1.2328680288806073,-4.8316005044549675
4943.903,-1.2332839986254553,-4.833962870598591
4943.923,-1.2346302352552048,-4.835876650361044
4943.943,-1.236858330963615,-4.8373290542297145
4943.963,-1.2391854863449054,-4.838709658658454
4943.983,-1.2415376662676605,-4.840034528884885
4944.003,-1.243913395083242,-4.841316868141507
4944.023,-1.2463118259324055,-4.842556243961634
4944.043,-1.248732180587557,-4.843752253864083
4944.063,-1.2511736743407869,-4.844904509488034
4944.083,-1.2536355156873789,-4.846012636903193
4944.103,-1.2561169064547937,-4.847076276449066
4944.123,-1.2586170422513856,-4.8480950829304845
4944.143,-1.2611351125542147,-4.849068725801454
4944.163,-1.263670300940374,-4.84999688909643
4944.183,-1.2662217855004305,-4.850879271689239
4944.203,-1.2687887393041586,-4.851715587447631
4944.223,-1.2713703301123296,-4.852505565102162
4944.243,-1.2739657212968625,-4.853248948550566
4944.263,-1.2765721257015568,-4.853944185193082
4944.283,-1.2791898047247547,-4.854593951610185
4944.303,-1.2818024680727074,-4.855233161042455
4944.323,-1.2844452692620751,-4.855787457551779
4944.343,-1.2870937741134043,-4.856295035317135
4944.363,-1.289735567250289,-4.856791615175613
4944.383,-1.2924042422592101,-4.857202593523389
4944.403,-1.295075930355116,-4.857566527747376
4944.423,-1.2977392895210014,-4.857919142012323
4944.443,-1.3000584982654977,-4.861777243353303
4944.463,-1.301833413141966,-4.868144430144319
4944.483,-1.3027462175904085,-4.87586503977075
4944.503,-1.3027903931558722,-4.8849608011752395
4944.523,-1.3022511476287115,-4.894945821873603
4944.543,-1.3017258389057227,-4.9049330350826015
4944.563,-1.3008167479504547,-4.915440323231228
4944.583,-1.3002566532054254,-4.925523331735098
4944.603,-1.29968262353257,-4.9355589899530035
4944.623,-1.2991245635102093,-4.945566507407171
4944.643,-1.2985885790137761,-4.9555518427903
4944.663,-1.2980532985939053,-4.965537139318081
4944.683,-1.2975180105404058,-4.9755224345227616
4944.703,-1.2969715406875983,-4.9855158322246975
4944.723,-1.296423109414683,-4.995511862314603
4944.743,-1.2958845935098542,-5.005498487991941
4944.763,-1.295324509039209,-5.015514108494313
4944.783,-1.294780508285076,-5.02550713297958
4944.803,-1.2942543139491494,-5.035490822422905
4944.823,-1.293706189712719,-5.045498604419527
4944.843,-1.2931632028547246,-5.055483157833972
4944.863,-1.2926293632094585,-5.065471850356442
4944.883,-1.2920839674268811,-5.0754788193775555
4944.903,-1.291540282894086,-5.085462772256138
4944.923,-1.291005463585878,-5.095450638986579
4944.943,-1.2904711580189565,-5.105436018608333
4944.963,-1.2899371071468766,-5.115421401488115
4944.983,-1.2893992867140533,-5.125406575151905
4945.003,-1.288861440602258,-5.1353917175053
4945.023,-1.288323662535609,-5.145376881730337
4945.043,-1.2877858721375064,-5.155362046719466
4945.063,-1.2872480676137705,-5.165347211718116
4945.083,-1.286710249160218,-5.175332376729484
4945.103,-1.286172416684141,-5.185317541795713
4945.123,-1.2856345700872087,-5.195302706948054
4945.143,-1.2850967093256038,-5.205287871599053
4945.163,-1.2845588345251755,-5.215273036329571
4945.183,-1.2840209457196223,-5.225258201123818
4945.203,-1.2834830427909887,-5.235243365977826
4945.223,-1.282945125764782,-5.245228530857472
4945.243,-1.2824071946628912,-5.2552136957220705
4945.263,-1.2818692495041524,-5.265198860521679
4945.283,-1.281331290157154,-5.275184025223104
4945.303,-1.2807933166356111,-5.2851691897632325
4945.323,-1.2802553288638459,-5.295154353485556
4945.343,-1.2797173269393147,-5.305139516906062
4945.363,-1.2791793108708256,-5.315124679948855
4945.383,-1.2786412806663998,-5.325109842532931
4945.403,-1.277506547514303,-5.333767877313443
4945.423,-1.27645299642521,-5.340793841806903
4945.443,-1.2757701360645672,-5.346101967433118
4945.463,-1.275469194548143,-5.350020205905919
4945.483,-1.2754457727288993,-5.35288590943928
4945.503,-1.2758541795282,-5.35496638509084
4945.523,-1.2771190864253787,-5.356253340796632
4945.543,-1.2791628133212847,-5.357033226907819
4945.563,-1.281759638401572,-5.3571509764794465
4945.583,-1.2844560663244862,-5.357116174221693
4945.603,-1.2871543259839686,-5.35703326577305
4945.623,-1.289850697873877,-5.356901797279189
4945.643,-1.2925442593029282,-5.356721821840272
4945.663,-1.2952341377530856,-5.356493398352801
4945.683,-1.2979194623190562,-5.356216601332269
4945.703,-1.3005993637581879,-5.355891520880906
4945.723,-1.3032729746578466,-5.355518262672207
4945.743,-1.3059394296095779,-5.355096947943062
4945.763,-1.308597865834496,-5.354627713572048
4945.783,-1.3112474229080293,-5.354110711672139
4945.803,-1.3138872435078366,-5.3535461098417425
4945.823,-1.3165164734757284,-5.3529340912130134
4945.843,-1.3191342620262922,-5.35227485396412
4945.863,-1.3217397622831832,-5.351568611686473
4945.883,-1.3243321313416587,-5.350815592974864
4945.903,-1.3269105304737583,-5.350016041431445
4945.923,-1.3294741254051112,-5.349170215720182
4945.943,-1.3320220869976271,-5.348278389491528
4945.963,-1.3345535907654704,-5.347340851214091
4945.983,-1.3370678177629098,-5.346357904049791
4946.003,-1.3395639542951407,-5.345329865681648
4946.023,-1.342041192905217,-5.344257068550569
4946.043,-1.3459790312346904,-5.346404439514169
4946.063,-1.3507120596527804,-5.351001627736609
4946.083,-1.3553790960308447,-5.357201770621042
4946.103,-1.359985808829384,-5.3650268119749365
4946.123,-1.3645448693722884,-5.373927195751816
4946.143,-1.3691059882794254,-5.38282681358334
4946.163,-1.373848407971819,-5.392166432111907
4946.183,-1.3784279779176385,-5.4010276858417186
4946.203,-1.3830660025661816,-5.410117237086035
4946.223,-1.3876284933098977,-5.419015577044274
4946.243,-1.3921897617925638,-5.427914354906005
4946.263,-1.3967509426986116,-5.436812424564854
4946.283,-1.4013114070546004,-5.445711705413602
4946.303,-1.4058712312518602,-5.4546113942987535
4946.323,-1.4104312443613023,-5.463510285262362
4946.343,-1.4149910117882072,-5.472409984481834
4946.363,-1.4195504607621947,-5.481309888705278
4946.383,-1.4241101322844296,-5.4902090100927
4946.403,-1.4286697080557644,-5.499108826216438
4946.423,-1.4332290896413113,-5.508008772276042
4946.443,-1.4377886922493301,-5.51690793878089
4946.463,-1.4423482577969073,-5.525807763958022
4946.483,-1.4469076948169888,-5.534707686627479
4946.503,-1.4514673313029596,-5.543606814180004
4946.523,-1.4560269674266921,-5.552506599242172
4946.543,-1.4605865208231859,-5.56140646753521
4946.563,-1.4651462145734344,-5.570305490525156
4946.583,-1.4697059593217285,-5.579205209917929
4946.603,-1.474265657883606,-5.588105003817579
4946.623,-1.4788252328316454,-5.597003735419325
4946.643,-1.4833937374531243,-5.60589369517741
4946.663,-1.487125055705295,-5.613481423629186
4946.683,-1.489943029868059,-5.619430587409202
4946.703,-1.4919487575238237,-5.623449631270406
4946.723,-1.49405179930056,-5.626181057950993
4946.743,-1.4962545518648651,-5.627725780051114
4946.763,-1.49854387340218,-5.628252294730543
4946.783,-1.5008811079546525,-5.627753737961442
4946.803,-1.5032344998545375,-5.6264270162966685
4946.823,-1.505561206781008,-5.625057957083679
4946.843,-1.5078628732844495,-5.6236472409358305
4946.863,-1.5101387879603034,-5.622195324705062
4946.883,-1.5123882145782284,-5.620702678074917
4946.903,-1.514610424478513,-5.619169783310632
4946.923,-1.5168046980804877,-5.6175971359635115
4946.943,-1.518970324446376,-5.615985244828642
4946.963,-1.5211066018184214,-5.614334631042938
4946.983,-1.523212837912487,-5.612645828418453
1758191930.9316638,-3.1099324152270507,-4.0832062180125535
4947.003,-3.1100868088922247,-4.085901496293355
4947.023,-3.1102896869373526,-4.0885935736099785
4947.043,-3.1105409843278253,-4.091281577598088
4947.063,-3.110840620526286,-4.093964637192934
4947.083,-3.1111884994747716,-4.096641882608728
4947.103,-3.1115845090751395,-4.099312445839399
4947.123,-3.11202852164119,-4.101975461063432
4947.143,-3.1125203938871375,-4.10463006465245
4947.163,-3.113059967257802,-4.107275395625231
4947.183,-3.1136470672437726,-4.109910595965051
4947.203,-3.11428150426366,-4.112534810713295
4947.223,-3.1149630729855784,-4.1151471888102025
4947.243,-3.115691552921339,-4.117746882582239
4947.263,-3.113032099509178,-4.121358852117238
4947.283,-3.1078381018630665,-4.125427619064133
4947.303,-3.1010647043626864,-4.129214595065397
4947.323,-3.0926894653404235,-4.132722332493997
4947.343,-3.0832546631055147,-4.136037596916987
4947.363,-3.0738205037832014,-4.1393551234634485
4947.383,-3.0639816821745773,-4.143128547381351
4947.403,-3.0545293455088522,-4.146490353294947
4947.423,-3.0451008986949644,-4.1498138685705115
4947.443,-3.035670895203663,-4.153143054261921
4947.463,-3.0262414676495273,-4.156471254015659
4947.483,-3.0168120444563193,-4.159799490464105
4947.503,-3.0073826389619076,-4.16312778088669
4947.523,-2.9979532613844735,-4.166456145317017
4947.543,-2.988523919508771,-4.169784598299117
4947.563,-2.9790946202537674,-4.1731131507975014
4947.583,-2.9696653713694627,-4.1764418155816925
4947.603,-2.9602361790346596,-4.179770602154154
4947.623,-2.9508070530316233,-4.183099522458754
4947.643,-2.9413780038122495,-4.186428588559299
4947.663,-2.9319479226633995,-4.1897550135101085
4947.683,-2.9225178209491385,-4.1930814293162175
4947.703,-2.913070770142796,-4.196426641500422
4947.723,-2.9036274187499513,-4.199770416836056
4947.743,-2.894195381817438,-4.203093407003137
4947.763,-2.8847556027899675,-4.206416654644009
4947.783,-2.875315873128943,-4.209740009503897
4947.803,-2.8658696982447727,-4.213083178505932
4947.823,-2.85643777090973,-4.21640520633363
4947.843,-2.8486459945347,-4.219869634438568
4947.863,-2.842358354311873,-4.222901374272451
4947.883,-2.8374252851609914,-4.224822513139257
4947.903,-2.8335565954612956,-4.225830620426402
4947.923,-2.830408583264537,-4.226173610642291
4947.943,-2.8276541437315337,-4.225602537541863
4947.963,-2.8255838981172228,-4.224561820095059
4947.983,-2.82406075734672,-4.2228196516586305
4948.003,-2.8232363884160616,-4.220359976194298
4948.023,-2.822482536258982,-4.2177598213143055
4948.043,-2.821656183308529,-4.215110459739491
4948.063,-2.8207766412539557,-4.212535422959689
4948.083,-2.8199299563264497,-4.209910203755383
4948.103,-2.819378102465793,-4.207232683843007
4948.123,-2.818875050168317,-4.204559770824216
4948.143,-2.818398305678088,-4.20191470001823
4948.163,-2.8180301991862886,-4.199210839094627
4948.183,-2.8175654218892587,-4.1964822121559004
4948.203,-2.8170316007020224,-4.193810552133914
4948.223,-2.8165305287864015,-4.191096521747922
4948.243,-2.8163301407871715,-4.188373215959597
4948.263,-2.8161786404232383,-4.185658045294234
4948.283,-2.8160630328114236,-4.182963983302138
4948.303,-2.816042351836901,-4.1802381386385274
4948.323,-2.8159366658190135,-4.1774745325438785
4948.343,-2.815756664019654,-4.1747491971935355
4948.363,-2.815601145116236,-4.171855475648348
4948.383,-2.8153045849310616,-4.168938692442132
4948.403,-2.815532656644748,-4.166253210381112
4948.423,-2.8158087077264247,-4.163567868590646
4948.443,-2.816133039954311,-4.160887896968925
4948.463,-2.8165055499650578,-4.1582141904309164
4948.483,-2.8169261174030686,-4.1555476141602705
4948.503,-2.8173946067219267,-4.152889030553867
4948.523,-2.817910866716036,-4.150239299604526
4948.543,-2.8184747306958746,-4.1475992789497225
4948.563,-2.819086016796523,-4.144969822795461
4948.583,-2.8197445277056183,-4.1423517820723745
4948.603,-2.8204500508370374,-4.139746004508462
4948.623,-2.821202358450506,-4.137153333707376
4948.643,-2.8220012075518395,-4.134574609351004
4948.663,-2.8228463400674366,-4.13201066678361
4948.683,-2.8237374830534847,-4.129462336617321
4948.703,-2.8246743486476382,-4.1269304445813235
4948.723,-2.825656633750116,-4.124415811222186
4948.743,-2.8266840209552435,-4.121919251728069
4948.763,-2.827756177978406,-4.119441575365458
4948.783,-2.828872757899367,-4.116983585419173
4948.803,-2.8300333994542215,-4.114546079160243
4948.823,-2.831237727010034,-4.112129846871592
4948.843,-2.83248535064891,-4.109735672311063
4948.863,-2.8337758664963184,-4.107364332070655
4948.883,-2.835108856440144,-4.105016595208501
4948.903,-2.8364838887733343,-4.102693223302554
4948.923,-2.8379005180678516,-4.1003949701107025
4948.943,-2.839358285351722,-4.098122581094965
4948.963,-2.8408567181946847,-4.095876793423315
4948.983,-2.8394478492110875,-4.091618443412459
4949.003,-2.8357707636684277,-4.08614010455258
4949.023,-2.83050476703531,-4.080440102215577
4949.043,-2.8236292650816948,-4.074509059434004
4949.063,-2.815686779100058,-4.06843272876853
4949.083,-2.807745542581775,-4.062354351446277
4949.103,-2.7995741265300067,-4.055652884611505
4949.123,-2.7916567446608767,-4.049491962527493
4949.143,-2.7837284635586377,-4.0433974871586305
4949.163,-2.775794774322871,-4.037310661743971
4949.183,-2.767861108446721,-4.031223816306523
4949.203,-2.7599274514659795,-4.025136959987163
4949.223,-2.7519938033716627,-4.019050092678358
4949.243,-2.7440601641653135,-4.012963214474707
4949.263,-2.7361265338483043,-4.0068763254693165
4949.283,-2.728192912476782,-4.000789425615593
4949.303,-2.7202593000441824,-3.9947025150023427
4949.323,-2.712325696537572,-3.988615593715038
4949.343,-2.7043921019998667,-3.9825286617014775
4949.363,-2.696458516346978,-3.9764417191788586
4949.383,-2.688524940155578,-3.9703547663294056
4949.403,-2.680591372902747,-3.964267802852821
4949.423,-2.672657814546389,-3.9581808288229574
4949.443,-2.664724265036284,-3.9520938443096223
4949.463,-2.656790724257148,-3.946006849517121
4949.483,-2.6488571928110973,-3.9399198444754444
4949.503,-2.640923670083992,-3.9338328290064957
4949.523,-2.632993730251982,-3.9277419458004683
4949.543,-2.6250609020919415,-3.9216540227784584
4949.563,-2.61712269934977,-3.9155517349664555
4949.583,-2.60918909449387,-3.9094641033391033
4949.603,-2.601250266878382,-3.903386287231765
4949.623,-2.5933169668467357,-3.8972989671337976
4949.643,-2.585383658942065,-3.8912116770628606
4949.663,-2.577450359380093,-3.8851243770276898
4949.683,-2.5695170682597177,-3.879037066463854
4949.703,-2.561578642704202,-3.8729595136737758
4949.723,-2.55364529472236,-3.866872252859941
4949.743,-2.5457069159035757,-3.8607949399293497
4949.763,-2.537772427172443,-3.854708220502937
4949.783,-2.5298375669889803,-3.8486222421123943
4949.803,-2.521902432564475,-3.8425368327639498
4949.823,-2.5139670831954386,-3.8364518638102547
4949.843,-2.506031562817864,-3.8303672391368995
4949.863,-2.49809590511865,-3.824282886252209
4949.883,-2.4901601346067994,-3.8181987499253593
4949.903,-2.4822242709335742,-3.812114788463664
4949.923,-2.4742883279407573,-3.806030970082123
4949.943,-2.466352316586094,-3.7999472707683353
4949.963,-2.458416245848696,-3.793863672296225
4949.983,-2.4504825311330585,-3.7877767906775546
4950.003,-2.4425489108019427,-3.7816899190605677
4950.023,-2.434614736360869,-3.775603568995018
4950.043,-2.4266810457535124,-3.7695167689316698
4950.063,-2.4187473614144595,-3.7634299598662193
4950.083,-2.410813684583748,-3.7573431396317774
4950.103,-2.4028800151323053,-3.7512563085215156
4950.123,-2.3949463537730944,-3.7451694664003337
4950.143,-2.387012699896713,-3.7390826131971746
4950.163,-2.379079053570478,-3.732995748807616
4950.183,-2.371145415355235,-3.7269088735013267
4950.203,-2.363211784729849,-3.7208219870691295
4950.223,-2.3552781617865324,-3.7147350894047952
4950.243,-2.347344547109166,-3.708648180777367
4950.263,-2.3394109401377565,-3.702561261114558
4950.283,-2.3314773415872514,-3.6964743304133694
4950.303,-2.32354375090715,-3.6903873886027285
4950.323,-2.315610168094622,-3.684300435850895
4950.343,-2.3090973043282244,-3.6784340360640138
4950.363,-2.3042443018072074,-3.673352926086364
4950.383,-2.300830007434872,-3.669424032028513
4950.403,-2.2986481921449973,-3.6666415487881254
4950.423,-2.297615827799971,-3.665337320533149
4950.443,-2.297601527450272,-3.6653187562642926
4950.463,-2.297600338692009,-3.665318444091332
4950.483,-2.2975951560736365,-3.6653169221800095
4950.503,-2.2975865687841566,-3.6653306617886194
4950.523,-2.2975865968289853,-3.6653306246328783
4950.543,-2.2975866096165958,-3.665330607932389
4950.563,-2.29758661585925,-3.6653305999212753
4950.583,-2.297586619087669,-3.6653305958813482
4950.603,-2.2975866209217615,-3.6653305936674108
4950.623,-2.2975866221064187,-3.6653305922990835
4950.643,-2.2975866229840958,-3.6653305913275767
4950.663,-2.297586623712375,-3.665330590547039
4950.683,-2.297586624363965,-3.665330589862761
4950.703,-2.297586624972616,-3.665330589230928
4950.723,-2.2975866255541932,-3.6653305886310483
4950.743,-2.297586626116342,-3.665330588053335
4950.763,-2.297586626662923,-3.6653305874929205
4950.783,-2.2975866271960412,-3.6653305869472153
4950.803,-2.297586627716982,-3.6653305864146892
4950.823,-2.297586628226638,-3.6653305858943153
4950.843,-2.2975866287257074,-3.6653305853853144
4950.863,-2.297586629214783,-3.665330584887036
4950.883,-2.297586629694397,-3.665330584398902
4950.903,-2.29758663016504,-3.665330583920385
4950.923,-2.2975866306271726,-3.6653305834509893
4950.943,-2.2975866310812267,-3.665330582990251
4950.963,-2.2975866315276128,-3.6653305825377314
4950.983,-2.297586631966719,-3.6653305820930133
4951.003,-2.297586632398913,-3.6653305816557022
4951.023,-2.297586632824546,-3.665330581225423
4951.043,-2.297586633243949,-3.6653305808018195
4951.063,-2.2975866336574375,-3.6653305803845546
4951.083,-2.297586634065311,-3.665330579973307
4951.103,-2.2975866344678524,-3.6653305795677737
4951.123,-2.297586634865332,-3.6653305791676645
4951.143,-2.2975866352580065,-3.6653305787727053
4951.163,-2.2975866356461183,-3.6653305783826355
4951.183,-2.297586636029898,-3.6653305779972083
4951.203,-2.2975866364095654,-3.665330577616188
4951.223,-2.2975866367853275,-3.665330577239353
4951.243,-2.297586637157382,-3.6653305768664914
4951.263,-2.2975866375259173,-3.665330576497401
4951.283,-2.2975866378911114,-3.665330576131891
4951.303,-2.2975866382531325,-3.6653305757697816
4951.323,-2.2975866386121417,-3.6653305754109
4951.343,-2.297586638968291,-3.665330575055083
4951.363,-2.2975866393217252,-3.6653305747021756
4951.383,-2.297586639672582,-3.6653305743520304
4951.403,-2.2975866400209917,-3.6653305740045075
4951.423,-2.2975866403670775,-3.665330573659475
4951.443,-2.297586640710957,-3.6653305733168073
4951.463,-2.297586641052742,-3.665330572976384
4951.483,-2.2975866413925385,-3.6653305726380916
4951.503,-2.2975866417304474,-3.6653305723018224
4951.523,-2.2975866420665643,-3.6653305719674734
4951.543,-2.2975866424009785,-3.665330571634949
4951.563,-2.2975866427337777,-3.6653305713041555
4951.583,-2.297586643065042,-3.6653305709750064
4951.603,-2.2975866433948497,-3.6653305706474186
4951.623,-2.297586643723275,-3.6653305703213124
4951.643,-2.2975866440503876,-3.665330569996613
4951.663,-2.2975866443762536,-3.665330569673249
4951.683,-2.2975866447009365,-3.6653305693511533
4951.703,-2.297586645024496,-3.665330569030261
4951.723,-2.2975866453469886,-3.6653305687105124
4951.743,-2.297586645668469,-3.665330568391849
4951.763,-2.2975866459889875,-3.665330568074216
4951.783,-2.2975866463085937,-3.665330567757561
4951.803,-2.297586646627333,-3.665330567441835
4951.823,-2.2975866469452493,-3.6653305671269902
4951.843,-2.297586647262385,-3.6653305668129827
4951.863,-2.297586647578778,-3.6653305664997706
4951.883,-2.297586647894467,-3.6653305661873135
4951.903,-2.2975866482094878,-3.665330565875572
4951.923,-2.297586648523874,-3.665330565564511
4951.943,-2.2975866488376577,-3.665330565254096
4951.963,-2.297586649150869,-3.665330564944294
4951.983,-2.297586649463537,-3.665330564635074
4952.003,-2.2975866497756896,-3.665330564326406
4952.023,-2.2975866500873523,-3.6653305640182636
4952.043,-2.29758665039855,-3.6653305637106195
4952.063,-2.297586650709307,-3.6653305634034474
4952.083,-2.2975866510196443,-3.6653305630967252
4952.103,-2.2975866513295844,-3.665330562790429
4952.123,-2.2975866516391465,-3.6653305624845376
4952.143,-2.2975866519483494,-3.665330562179031
4952.163,-2.297579915168647,-3.6653387734353693
4952.183,-2.297580021427479,-3.665338631765388
4952.203,-2.2975800475656833,-3.665338597165854
4952.223,-2.2975800597072733,-3.6653385813274757
4952.243,-2.2975800656614744,-3.665338573699846
4952.263,-2.297580068763224,-3.665338569828855
4952.283,-2.297580070544694,-3.665338567686234
4952.303,-2.2975800717104504,-3.665338566344896
4952.323,-2.2975800725844344,-3.665338565380385
4952.343,-2.297580073315744,-3.665338564597961
4952.363,-2.297580073973208,-3.665338563907988
4952.383,-2.297580074588809,-3.6653385632689597
4952.403,-2.2975800751776134,-3.665338562661429
4952.423,-2.2975800757469136,-3.6653385620760743
4952.443,-2.2975800763004144,-3.6653385615082343
4952.463,-2.297580076840163,-3.6653385609553992
4952.483,-2.297580077367426,-3.665338560416068
4952.503,-2.297580077883097,-3.6653385598892165
4952.523,-2.297580078387882,-3.665338559374057
4952.543,-2.2975800788823864,-3.665338558869927
4952.563,-2.297580079367155,-3.6653385583762366
4952.583,-2.297580079842693,-3.6653385578924413
4952.603,-2.297580080309472,-3.6653385574180346
4952.623,-2.297580080767937,-3.6653385569525385
4952.643,-2.2975800812185105,-3.6653385564955006
4952.663,-2.2975800816615917,-3.665338556046492
4952.683,-2.29758008209756,-3.665338555605107
4952.703,-2.2975800825267747,-3.6653385551709596
4952.723,-2.2975800829495783,-3.6653385547436836
4952.743,-2.2975800833662943,-3.6653385543229313
4952.763,-2.2975800837772318,-3.6653385539083723
4952.783,-2.2975800841826817,-3.6653385534996943
4952.803,-2.2975800845829224,-3.665338553096599
4952.823,-2.2975800849782178,-3.665338552698804
4952.843,-2.2975800853688173,-3.6653385523060416
4952.863,-2.297580085754958,-3.6653385519180577
4952.883,-2.297580086136867,-3.6653385515346097
4952.903,-2.2975800865147566,-3.665338551155469
4952.923,-2.297580086888831,-3.665338550780417
4952.943,-2.2975800872592833,-3.6653385504092473
4952.963,-2.297580087626297,-3.665338550041763
4952.983,-2.297580087990045,-3.6653385496777777
4953.003,-2.297580088350693,-3.665338549317115
4953.023,-2.2975800887083975,-3.6653385489596073
4953.043,-2.2975800890633082,-3.6653385486050936
4953.063,-2.297580089415566,-3.665338548253423
4953.083,-2.2975800897653054,-3.6653385479044513
4953.103,-2.2975800901126533,-3.6653385475580427
4953.123,-2.2975800904577306,-3.6653385472140676
4953.143,-2.2975800908006523,-3.6653385468724027
4953.163,-2.2975800911415276,-3.665338546532931
4953.183,-2.29758009148046,-3.665338546195542
4953.203,-2.2975800918175477,-3.6653385458601293
4953.223,-2.2975800921528835,-3.6653385455265948
4953.243,-2.2975800924865566,-3.6653385451948424
4953.263,-2.2975800928186514,-3.665338544864781
4953.283,-2.297580093149247,-3.6653385445363265
4953.303,-2.2975800934784196,-3.665338544209397
4953.323,-2.2975800938062414,-3.6653385438839154
4953.343,-2.29758009413278,-3.665338543559809
4953.363,-2.297580094458101,-3.6653385432370076
4953.383,-2.2975800947822655,-3.6653385429154453
4953.403,-2.297580095105333,-3.665338542595059
4953.423,-2.297580095427358,-3.66533854227579
4953.443,-2.2975800957483936,-3.665338541957581
4953.463,-2.2975800960684896,-3.665338541640379
4953.483,-2.2975800963876933,-3.6653385413241333
4953.503,-2.2975800967060507,-3.665338541008795
4953.523,-2.297580097023604,-3.665338540694318
4953.543,-2.297580097340394,-3.6653385403806595
4953.563,-2.297580097656459,-3.665338540067778
4953.583,-2.2975800979718364,-3.665338539755633
4953.603,-2.29758009828656,-3.6653385394441886
4953.623,-2.297580098600664,-3.665338539133409
4953.643,-2.2975800989141786,-3.6653385388232604
4953.663,-2.297580099227134,-3.6653385385137116
4953.683,-2.2975800995395588,-3.6653385382047317
4953.703,-2.2975800998514795,-3.6653385378962913
4953.723,-2.2975801001629224,-3.6653385375883634
4953.743,-2.2975801004739105,-3.665338537280923
4953.763,-2.2975801007844674,-3.6653385369739446
4953.783,-2.2975801010946153,-3.6653385366674045
4953.803,-2.2975801014043737,-3.665338536361282
4953.823,-2.2975801017137636,-3.665338536055554
4953.843,-2.2975800024061255,-3.6653386677838924
4953.863,-2.297540848205879,-3.6653019244163603
1758191939.720915,-3.451538232362452,-3.961849192846207
4953.883,-3.451538233417637,-3.961849116464757
4953.903,-3.4515382340252763,-3.9618490862324753
4953.923,-3.451538234421912,-3.9618490719028596
4953.943,-3.451538234691267,-3.9618490648071525
4953.963,-3.4515382348913497,-3.9618490610379493
4953.983,-3.4515382350551214,-3.9618490588068274
4954.003,-3.451538235199703,-3.961849057294218
4954.023,-3.451538235333615,-3.961849056124079
4954.043,-3.4515382354610233,-3.961849055123486
4954.063,-3.45153823558397,-3.9618490542125784
4954.083,-3.451538235703481,-3.9618490533541597
4954.103,-3.4515382358201023,-3.961849052530611
4954.123,-3.4515382359341515,-3.9618490517333136
4954.143,-3.4515382360458378,-3.9618490509577975
4954.163,-3.451538236155317,-3.96184905020152
4954.183,-3.4515382362627176,-3.961849049462848
4954.203,-3.4515382363681524,-3.9618490487405906
4954.223,-3.4515382364717246,-3.9618490480337782
4954.243,-3.45153823657353,-3.9618490473415666
4954.263,-3.451538236673658,-3.9618490466631875
4954.283,-3.451538236772195,-3.961849045997927
4954.303,-3.4515382368692205,-3.961849045345117
4954.323,-3.4515382369648115,-3.961849044704125
4954.343,-3.4515382370590406,-3.9618490440743512
4954.363,-3.4515382371519765,-3.9618490434552283
4954.383,-3.451538237243685,-3.9618490428462168
4954.403,-3.451538237334228,-3.9618490422468042
4954.423,-3.4515382374236645,-3.961849041656506
4954.443,-3.4515382375120502,-3.9618490410748612
4954.463,-3.4515382375994386,-3.961849040501432
4954.483,-3.45153823768588,-3.961849039935802
4954.503,-3.4515382377714223,-3.961849039377577
4954.523,-3.451538237856111,-3.9618490388263825
4954.543,-3.4515382379399893,-3.9618490382818634
4954.563,-3.451538238023098,-3.9618490377436815
4954.583,-3.451538238105476,-3.961849037211516
4954.603,-3.451538238187161,-3.9618490366850643
