time,x,y
1758191452.6150327,0.008810124745920397,0.0008423966596856652
1758191452.71446,0.008822483679428993,0.0008435540685579588
1758191452.8146384,0.008829329313450771,0.000844246819696896
1758191452.9176435,0.00884167798040169,0.0008453837862532275
1758191453.0147245,0.008854035467192397,0.0008465244832372707
1758191453.125028,0.00886366698186588,0.0008474751996486664
1758191453.2167373,0.008875951133242847,0.0008486440619376815
1758191453.3146236,0.00888565139691139,0.0008495496074964211
1758191453.4143834,0.008895218864186068,0.000850445491972342
1758191453.5172033,0.008902096340847768,0.000851146339749119
1758191453.6187654,0.008914481740729166,0.000852313302612247
1758191453.7153368,0.008924044826394823,0.000853225738834799
1758191453.8158257,0.008932067944842024,0.0008539165402953323
1758191453.9147737,0.008940533245313985,0.000854865670716067
1758191454.0157852,0.008948777793285092,0.0008555249363287798
1758191454.1144886,0.008961042049137204,0.0008566958770518907
1758191454.214893,0.008970548606491366,0.000857632163982462
1758191454.318486,0.008977586030024864,0.00085828702749987
1758191454.4150906,0.008984463550965037,0.0008589878214242196
1758191454.5148478,0.00899406335585443,0.000859930272786769
1758191454.630593,0.009006412168104739,0.0008610670488375759
1758191454.7153058,0.009014435329656754,0.0008617577889919457
1758191454.8157108,0.00902564734182255,0.000862908321307619
1758191454.9161632,0.009035247176180034,0.0008638507344607569
1758191455.0149248,0.009043409609041632,0.0008645368977954994
1758191455.115481,0.009055619207802734,0.0008656781723946885
1758191455.2160597,0.009064084596898026,0.0008666271991762811
1758191455.3149552,0.009072329208435256,0.00086728637102933
1758191455.4145768,0.009086072178394553,0.0008687011682533556
1758191455.5152397,0.009094100220376145,0.0008693933422226195
1758191455.6146624,0.009105268628312176,0.0008705473874154598
1758191455.714904,0.009113513261017055,0.0008712065280184872
1758191455.8154078,0.009123053771271152,0.0008721671845319847
1758191455.91514,0.009135284339142728,0.0008733134137328491
1758191456.0153484,0.009145042074599069,0.000874240808269093
1758191456.1240191,0.009154697437270319,0.0008751265243975901
1758191456.2151644,0.009164237977409848,0.0008760871427925476
1758191456.3156948,0.009176468581551578,0.0008772333246375083
1758191456.4149356,0.009183506111131733,0.000877888055342235
1758191456.514525,0.009190383742605177,0.0008785887146586979
1758191456.615471,0.009199983694699253,0.0008795309749916769
1758191456.7146115,0.009209624841105504,0.000880460993681783
1758191456.8215523,0.009217652947546732,0.0008811530749441216
1758191456.915231,0.00922741074213235,0.000882080392434091
1758191457.0149603,0.009239642912588747,0.0008832265932195877
1758191457.1157572,0.009249330673755104,0.0008841366388944336
1758191457.2157388,0.00925630728697412,0.0008848317853476771
1758191457.3157942,0.009265875008998734,0.000885727342247288
1758191457.4159303,0.009275506817673147,0.0008866776757438027
1758191457.5150673,0.009285138414415736,0.0008875944666828179
1758191457.6147406,0.009297491892890647,0.0008887512243130701
1758191457.7167993,0.009307059643156224,0.0008896467448235175
1758191457.814756,0.00931393734083772,0.0008903473233912331
1758191457.921353,0.0093235373810915,0.0008912894691272627
1758191458.0148375,0.009331699964442046,0.0008919754111891018
1758191458.11511,0.009343909816703449,0.0008931163592710373
1758191458.215032,0.00935096466966336,0.0008938385642852087
1758191458.323347,0.009363196948699696,0.0008949846229457324
1758191458.4151776,0.009370160861024067,0.0008956845252430888
1758191458.5148966,0.009377071328246474,0.0008963449935652819
1758191458.6152089,0.00938509468328385,0.0008970354579237023
1758191458.7162275,0.00939356030817507,0.0008979842083966222
1758191458.822448,0.009401805088760503,0.000898643130294271
1758191458.9154088,0.009411345807938206,0.0008996035200156777
1758191459.0148497,0.009423576629348032,0.0009007494177711532
1758191459.1424372,0.00943061428584961,0.0009014039891371778
1758191459.217219,0.009440246211776906,0.0009023541695194015
1758191459.3149567,0.009449877925640046,0.0009032708086894915
1758191459.4159217,0.009462231550201736,0.0009044273744927556
1758191459.514805,0.009469071854641435,0.0009051162536815613
1758191459.6153808,0.009486752094792685,0.0009067412075985431
1758191459.714613,0.00949371607151058,0.000907441027904349
1758191459.8149776,0.009503416772660745,0.0009083460106551133
1758191459.9155288,0.009515704966315356,0.0009095138788654239
1758191460.0156288,0.009525360579534596,0.0009103992656261106
1758191460.1152244,0.009532248420756124,0.0009111080163761038
1758191460.2150652,0.009541811941290638,0.0009120199051887356
1758191460.3203428,0.009554170037699003,0.0009131597884880318
1758191460.4141736,0.009561047867545991,0.0009138602055942506
1758191460.5155497,0.009573433852994268,0.0009150263794167224
1758191460.6148493,0.009585787586943019,0.0009161828013735662
1758191460.714778,0.009592627955289602,0.0009168716011049371
1758191460.815583,0.009604987577514604,0.0009180280945018141
1758191460.9154167,0.009611833631859438,0.0009187203358088722
1758191461.0145087,0.009621475071719057,0.0009196499744380672
1758191461.1144547,0.009633813568285271,0.0009207897291928376
1758191461.215063,0.009640672271377677,0.0009214952216547681
1758191461.3158393,0.009651494013604905,0.000922414406264269
1758191461.4160013,0.009658458076056493,0.0009231141172665041
1758191461.5170941,0.009668158893338396,0.0009240189500010839
1758191461.6144655,0.009677726897190478,0.0009249141430806719
1758191461.715827,0.009690102957195624,0.0009260718652963464
1758191461.8147478,0.009699643884659045,0.0009270319883147054
1758191461.9161522,0.00970384659538571,0.0009274858441509354
1758191462.0150363,0.00971618516311072,0.0009286255038333645
1758191462.1154346,0.009725790680674312,0.0009295322497476179
1758191462.2154531,0.00973539101391153,0.0009304740136066897
1758191462.3166475,0.009743553811400572,0.0009311596397103319
1758191462.4142492,0.009753060926298856,0.0009320952179559048
1758191462.5263429,0.009760098751462503,0.0009327495769328132
1758191462.614561,0.009772474883574243,0.0009339072020793391
1758191462.71484,0.009779362858743184,0.0009346157868960957
1758191462.8144927,0.00979171677466547,0.0009357719691538362
1758191462.915208,0.009801284862814019,0.0009366670531189122
1758191463.0155554,0.00981091705183569,0.0009376168891021819
1758191463.1156344,0.009817763216163653,0.0009383089963160479
1758191463.2350023,0.00982740480225141,0.0009392384449803583
1758191463.3158286,0.009839743476594455,0.0009403779620715736
1758191463.4150455,0.009849349080518401,0.0009412845976168107
1758191463.5153265,0.00985742417783281,0.0009420022931631913
1758191463.6148589,0.009867112362923184,0.0009429117782965081
1758191463.7145574,0.009879322683783207,0.0009440521202721297
1758191463.8149576,0.00988778866091641,0.0009450004564535933
1758191463.914402,0.009898610578879736,0.0009459193890942243
1758191464.014572,0.009909777553751387,0.0009470727097952157
1758191464.1148183,0.00991780602380457,0.0009477642659990124
1758191464.2181158,0.009924843933056567,0.0009484185188080178
1758191464.3146296,0.00993722020918759,0.0009495759498453994
1758191464.4157946,0.00994410827345433,0.0009502844240658993
1758191464.5153825,0.009953672082196174,0.000951195948139475
1758191464.6178164,0.009963302894227363,0.0009521289760242141
1758191464.7146804,0.009972908584394003,0.0009530355012169422
1758191464.8165002,0.009982509092770642,0.0009539770360334322
1758191464.9146414,0.009992150795601685,0.0009549063327573459
1758191465.020436,0.010002882446861058,0.0009558026748020878
1758191465.1155148,0.010011348511782921,0.0009567509074429678
1758191465.2149627,0.010019593607527664,0.000957409360950244
1758191465.3157885,0.010029134772251681,0.0009583691792744921
1758191465.4146793,0.010038835850015417,0.0009592736745738925
1758191465.5173151,0.010048404106408877,0.000960168540353594
1758191465.6154459,0.01005803647026984,0.0009611181468206831
1758191465.7147186,0.010067668621370564,0.0009620342171213904
1758191465.814988,0.01007723251630952,0.0009629456318046003
1758191465.9146733,0.010089591075734412,0.0009640848933164868
1758191466.0145545,0.010096469190793695,0.0009647849607537216
1758191466.115901,0.010111508719536186,0.0009662018724522041
1758191466.215864,0.01011841957247538,0.0009668618721513347
1758191466.3146386,0.010128050499363469,0.0009677947483163081
1758191466.4159982,0.010134909464701775,0.0009684999144322264
1758191466.5150852,0.010145731557876556,0.0009694185951795405
1758191466.6148803,0.010155419939837153,0.0009703278188720408
1758191466.71549,0.010162397041019388,0.000971022361250947
1758191466.81452,0.010171965381361515,0.0009719171179597913
1758191466.9148026,0.010178843540160729,0.0009726171316217353
1758191467.0206237,0.010193883156081166,0.0009740339239265912
1758191467.1152017,0.010198086042576287,0.0009744875824548969
1758191467.2161527,0.010206114661534049,0.0009751789225967946
1758191467.3155754,0.010213152717552425,0.0009758329896550319
1758191467.415312,0.010225529245097014,0.000976990081094275
1758191467.5186942,0.010229631581236178,0.0009774742822677381
1758191467.614824,0.010244771779676122,0.000978854016940077
1758191467.7156062,0.01025434017591987,0.0009797487009431387
1758191467.8177361,0.010261218378421862,0.0009804486608351814
1758191467.914829,0.01027360498129893,0.0009816139969681323
1758191468.0163558,0.010285959332232914,0.0009827696041788594
1758191468.116569,0.010292800061174617,0.0009834579538397705
1758191468.2145724,0.01030240598074726,0.0009843641848406215
1758191468.3147254,0.010310481323316112,0.0009850815240761983
1758191468.414518,0.01031479261979205,0.0009855294717190074
1758191468.515451,0.010327147006867142,0.0009866850310237957
1758191468.6186469,0.011644249765966173,-0.006273292898175673
1758191468.7192142,0.010298740751505463,-0.0196998110252353
1758191468.814636,0.00835659747938777,-0.030319853298704007
1758191468.914898,0.0056555758681560014,-0.04077253663778441
1758191469.02307,0.0012338619550460055,-0.05352068089001943
1758191469.123525,-0.003117498682018141,-0.0634006844354995
1758191469.2158928,-0.008168232048258488,-0.07294206976283878
1758191469.3146534,-0.013892189103733165,-0.08209546557359217
1758191469.4145176,-0.018609269974672542,-0.08867731973974737
1758191469.51571,-0.025438102010927815,-0.09703910523283384
1758191469.6154342,-0.030944952349153884,-0.10297625074578787
1758191469.714525,-0.03877059351273759,-0.11041396285971673
1758191469.8154838,-0.044980058575440636,-0.11561229839607143
1758191469.9161768,-0.05146113756374434,-0.12046801950099731
1758191470.0151913,-0.060492336639674474,-0.1263849998784369
1758191470.1147795,-0.07234152672603093,-0.13284292518944968
1758191470.2172542,-0.07971302930143404,-0.13619695843320445
1758191470.3147006,-0.08725484210656086,-0.13914823672178642
1758191470.414767,-0.10014301167857308,-0.1431491543175842
1758191470.521284,-0.11067992248756127,-0.14550538810599403
1758191470.6146405,-0.11867887026323246,-0.1467716043706427
1758191470.715257,-0.1294281350646528,-0.1477849426218933
1758191470.8262546,-0.1321246510131789,-0.1479171533946887
1758191470.9159107,-0.15098722525188366,-0.14754523757821997
1758191471.0149941,-0.16168984704280834,-0.14628695156765084
1758191471.115852,-0.1696398476947649,-0.14484000882955464
1758191471.2195227,-0.18009352550566948,-0.14224712810269863
1758191471.3161075,-0.1903315089588838,-0.1389088140007234
1758191471.4161537,-0.20624983135465788,-0.1561296767397803
1758191471.5150316,-0.2304208682041317,-0.21225550221135603
1758191471.615464,-0.24634561870293703,-0.24895419352549622
1758191471.7182796,-0.2582877629033883,-0.2764791484574794
1758191471.8151603,-0.27420847748420063,-0.31318619498673717
1758191471.9159224,-0.29012601616150874,-0.34990438821034
1758191472.0146844,-0.30206365030109433,-0.3774413358853068
1758191472.1206496,-0.3219593988175716,-0.4233200572017866
1758191472.2154114,-0.33787601674661527,-0.4600151245699869
1758191472.3150334,-0.3537924764240012,-0.49671027414631025
1758191472.4144866,-0.36572971659737374,-0.524231687709908
1758191472.5148892,-0.38562491559852125,-0.5701008015124212
1758191472.6155078,-0.3935829241299366,-0.5884484768738594
1758191472.716225,-0.4094988184050754,-0.6251438750214168
1758191472.8186605,-0.4293934551115532,-0.6710132059831524
1758191472.915621,-0.4453076489212546,-0.7077181339536187
1758191473.0157278,-0.46122229445637486,-0.7444140231585348
1758191473.1148853,-0.47713116275803374,-0.781123847895168
1758191473.2204,-0.4930409759022503,-0.8178372368993164
1758191473.3181615,-0.5049744743495171,-0.8453664630302714
1758191473.4156535,-0.5248592668097618,-0.8912576269332864
1758191473.5156534,-0.5407642105887503,-0.9279803379837478
1758191473.6156538,-0.5566684004063339,-0.9647051452129423
1758191473.7165484,-0.5685964050594068,-0.9922305248497728
1758191473.8154948,-0.5845004720506758,-1.0289310309236432
1758191473.915054,-0.6004043811064875,-1.0656316197585056
1758191474.015651,-0.6163081310757652,-1.102332287329901
1758191474.114639,-0.6322117202991426,-1.1390330284388106
1758191474.2145371,-0.6481151470589417,-1.1757338374249413
1758191474.3157089,-0.6600426096764913,-1.2032594854751004
1758191474.4146044,-0.6759457492983978,-1.239960401093758
1758191474.5166929,-0.6958239445211338,-1.2858389175059917
1758191474.6227865,-0.7077508614498587,-1.3133647662115466
1758191474.7155256,-0.7236525466884332,-1.35006886179301
1758191474.8171623,-0.7435210677873314,-1.3959747330977597
1758191474.914587,-0.759419895045963,-1.432683569803854
1758191475.0151057,-0.7753144428804697,-1.4694061188074328
1758191475.1147645,-0.7951799503918979,-1.515314282707961
1758191475.2149706,-0.8070991351097652,-1.542863014690681
1758191475.3149931,-0.8190181491500714,-1.5703922938197528
1758191475.4147937,-0.8388830577406309,-1.6162745031086618
1758191475.5181706,-0.846828952031313,-1.6346274229725148
1758191475.614673,-0.8666935135956156,-1.68050980853122
1758191475.714635,-0.8865578237262812,-1.7263923085636852
1758191475.815032,-0.9024490885952597,-1.7630983836312448
1758191475.9145145,-0.9183401892815327,-1.7998045198655075
1758191476.015238,-0.9342307770938967,-1.836512942676432
1758191476.1150432,-0.9461486978565655,-1.8640426956330824
1758191476.2162998,-0.962039110560696,-1.9007490845840465
1758191476.3150134,-0.9779244456713773,-1.9374754387484256
1758191476.414865,-0.997780635293585,-1.9833732922186196
1758191476.5155683,-1.0136659743591794,-2.0200903036802993
1758191476.615158,-1.0295486473033932,-2.0568185326482857
1758191476.7150726,-1.0454284690099824,-2.09355109298871
1758191476.8154337,-1.053368472022074,-2.111917944154002
1758191476.9450781,-1.077188384778139,-2.1669924632032354
1758191477.0156698,-1.0930681197009517,-2.203703513308167
1758191477.1142128,-1.1089476958838913,-2.2404146439748085
1758191477.2150981,-1.1208572729594346,-2.2679480420001057
1758191477.3163874,-1.1367365675735632,-2.304659301634895
1758191477.4159265,-1.1526156989992469,-2.341370627265762
1758191477.5193083,-1.1645249397607407,-2.368904161729892
1758191477.6154566,-1.180403483407094,-2.405617794636656
1758191477.7155592,-1.1962819301034888,-2.442329381260041
1758191477.8167078,-1.2042210903166088,-2.4606851934889846
1758191477.9159107,-1.22009928502142,-2.4973968627623258
1758191478.014695,-1.2399370930038307,-2.543316450764136
1758191478.119855,-1.2518430626820471,-2.570857783422645
1758191478.2161925,-1.2716833207251377,-2.6167660987682475
1758191478.3200336,-1.2875517557313374,-2.653505788359378
1758191478.4154696,-1.3034202561328838,-2.6902427218845952
1758191478.5144138,-1.3192871854857051,-2.726964549582785
1758191478.6205163,-1.3351548533894404,-2.76368081049587
1758191478.7164752,-1.3510223629081417,-2.8003971537166223
1758191478.8145132,-1.3668897128083357,-2.8371135750395213
1758191478.9152632,-1.386723673144623,-2.8830092034025814
1758191479.0160692,-1.402590657774645,-2.919725780597396
1758191479.115345,-1.41845747792642,-2.956442418563852
1758191479.214729,-1.4303571742232404,-2.9839821445989494
1758191479.3148825,-1.4501900224455986,-3.0298781964643458
1758191479.4157796,-1.4620896046807659,-3.05741587006711
1758191479.5154588,-1.4819149571418895,-3.1033356992753753
1758191479.6162832,-1.4977763480460589,-3.1400635637245187
1758191479.7171493,-1.5176015361674806,-3.1859778990382135
1758191479.814553,-1.529494839728585,-3.2135334184064854
1758191479.9159582,-1.5453503603664154,-3.2502739486043817
1758191480.0146327,-1.565170131621252,-3.296194722022677
1758191480.1247935,-1.5770618087977788,-3.323735833587519
1758191480.2155242,-1.5968810729282037,-3.3696377902155197
1758191480.3156106,-1.6127363050193144,-3.4063594448613945
1758191480.422728,-1.624627623505672,-3.4339007346763113
1758191480.5152512,-1.6365188506681732,-3.4614420636990246
1758191480.6144817,-1.6523736770257216,-3.4981638926478373
1758191480.7180436,-1.6721919784404802,-3.54406626355251
1758191480.814822,-1.6880459845242635,-3.5807904915277406
1758191480.9151368,-1.7078635278272047,-3.6266931417434125
1758191481.0149014,-1.7237116666001375,-3.6634295581004817
1758191481.115336,-1.735598530361414,-3.690985251429745
1758191481.2145092,-1.755411460165307,-3.736899555848493
1758191481.3157053,-1.767296440924408,-3.7644553634190463
1758191481.415071,-1.783141411357628,-3.8012044162497642
1758191481.5156722,-1.7989846558770308,-3.8379502418437266
1758191481.6149154,-1.8187888579165883,-3.8838685601113
1758191481.7162194,-1.8306713779951738,-3.911413627444683
1758191481.8365948,-1.8465145993958016,-3.9481404561577502
1758191481.9167848,-1.86978018008252,-4.002705065949642
1758191482.0204349,-1.8735522810669933,-4.022039291712081
1758191482.1254497,-1.8735247296991744,-4.022497413744493
1758191482.2150931,-1.8735247333661136,-4.02249740440471
1758191482.3154159,-1.8735247271407642,-4.022497400467918
1758191482.424934,-1.8735247213562596,-4.0224973973468785
1758191482.5153039,-1.8735247151215995,-4.022497394182982
1758191482.6160135,-1.8735247108032482,-4.022497392131186
1758191482.7143059,-1.8735247078903718,-4.022497390825385
1758191482.8153548,-1.8735247043748702,-4.022497389347703
1758191482.9167879,-1.8735247012164173,-4.022497388125335
1758191483.0150928,-1.8735246983561122,-4.0224973871161716
1758191483.1152124,-1.8735246957447689,-4.022497386285033
1758191483.2164454,-1.8735246939246681,-4.022497385760649
1758191483.3158443,-1.8735246916542987,-4.0224973851733345
1758191483.4150658,-1.8735246895355695,-4.022497384694452
1758191483.5144405,-1.8735246865882236,-4.022497384141135
1758191483.6148818,-1.8720763284053763,-4.023785564471942
1758191483.715872,-1.8622147753175784,-4.028625080535266
1758191483.8145034,-1.8492361851974772,-4.032650053674548
1758191483.9159355,-1.8386564820628766,-4.034804786225128
1758191484.0150788,-1.8279491900954925,-4.0361928417959385
1758191484.1150846,-1.8171698387577904,-4.036807023899767
1758191484.2156346,-1.8090733650688537,-4.0367605076644715
1758191484.314565,-1.7983026656945733,-4.036016307492126
1758191484.4154391,-1.7849606259757604,-4.034000052883492
1758191484.5151598,-1.7744514575686838,-4.031528490681953
1758191484.615219,-1.764147494850599,-4.028307420957518
1758191484.7150369,-1.7541020792180824,-4.024353568741531
1758191484.815951,-1.7467690204451267,-4.0209194879657675
1758191484.9154785,-1.7373001892657458,-4.015734823469734
1758191485.025556,-1.726028623356398,-4.008318609597364
1758191485.1152945,-1.7175197996051832,-4.001674745412739
1758191485.216674,-1.7114638590500202,-3.9962994488694084
1758191485.3199413,-1.7038570345292594,-3.9886389172387147
1758191485.4156487,-1.696820754064773,-3.9804509051751307
1758191485.5251923,-1.6903914927587709,-3.971777780192411
1758191485.6152093,-1.684602607285852,-3.962664448201874
1758191485.7203588,-1.679484153002519,-3.953158126028955
1758191485.8143258,-1.6750627154052364,-3.9433080943814
1758191485.9158762,-1.671361260705689,-3.9331654338635156
1758191486.0155704,-1.6690693645784493,-3.9253979962393024
1758191486.1148622,-1.6666718174623314,-3.914870571290773
1758191486.2163875,-1.6650378028690638,-3.9041979918270693
1758191486.3153164,-1.6640815177381265,-3.8907374756633573
1758191486.4146311,-1.6641590622743607,-3.8799511620043377
1758191486.5156095,-1.6653166425931962,-3.866529737990758
1758191486.615409,-1.6644949925246249,-3.863177657119042
1758191486.7154884,-1.6644937077449868,-3.8631773107672336
1758191486.8174827,-1.6644937079717343,-3.863177321086554
1758191486.9154747,-1.6644937091955516,-3.863177320375072
1758191487.0147278,-1.6644937106915134,-3.8631773188343836
1758191487.115195,-1.6644937119779188,-3.8631773172819095
1758191487.214639,-1.6492542942156128,-3.8607690867031605
1758191487.3146067,-1.6090936361884107,-3.8544117373597153
1758191487.4150507,-1.5578036082393392,-3.8474823839001964
1758191487.5145335,-1.5182567864216625,-3.8413652281521657
1758191487.6153026,-1.488600502020989,-3.8367754071835227
1758191487.7157736,-1.4490731089124491,-3.8306493150273497
1758191487.8149207,-1.4095456211527397,-3.8245243722251363
1758191487.9183617,-1.3601362807580866,-3.816871309635139
1758191488.0153072,-1.3206094675913325,-3.8107477645595482
1758191488.1146615,-1.2810826205897476,-3.804622896692755
1758191488.2157161,-1.251437459690116,-3.8000293978469224
1758191488.31589,-1.2180467054607167,-3.796436604279799
1758191488.4158337,-1.2052711652418364,-3.7985824778617254
1758191488.5145438,-1.2034293631169948,-3.805884376952496
1758191488.6144252,-1.203410537288018,-3.819662613996396
1758191488.7151773,-1.2039304439107885,-3.8304463357855667
1758191488.8163545,-1.1915999663950914,-3.8420229789098563
1758191488.9165115,-1.1430267644676533,-3.8503654754131547
1758191489.0148635,-1.1034766926388118,-3.8565545444383713
1758191489.1154435,-1.0540551696341203,-3.8643073809591613
1758191489.216765,-1.0244018270258692,-3.868956320793
1758191489.3151093,-0.9651299602278768,-3.8782660353502623
1758191489.4166884,-0.9256158251807581,-3.88447244585405
1758191489.5154984,-0.8762076104166089,-3.892221383232715
1758191489.6154895,-0.8465563591540963,-3.896865249927208
1758191489.7145872,-0.8070287825184841,-3.90305948675438
1758191489.8153903,-0.7773830538940446,-3.9077042976400476
1758191489.9155388,-0.7482659864904269,-3.9119591691388895
1758191490.0151184,-0.7227877655868848,-3.9124189560966456
1758191490.1148643,-0.7169234258467878,-3.9070548404288594
1758191490.2145545,-0.7146832518910788,-3.8983591959048707
1758191490.3153,-0.6823863239559662,-3.8895749626254195
1758191490.4259627,-0.6415014756674838,-3.889102493781538
1758191490.5147324,-0.6014986892930871,-3.888529556324138
1758191490.615513,-0.5515055603989704,-3.8878052834563936
1758191490.7182293,-0.5115076079169301,-3.8872336128305665
1758191490.816308,-0.48149923381258247,-3.8868184551268707
1758191490.9165583,-0.4414908207188754,-3.8862683043204465
1758191491.0155618,-0.4014800842527995,-3.8857225866280447
1758191491.1145058,-0.36147632402199975,-3.8851693142491293
1758191491.2149312,-0.32148159394705544,-3.884605596731853
1758191491.3156214,-0.2814868606030945,-3.884042129168019
1758191491.4230816,-0.24147730996737257,-3.883492555820992
1758191491.515452,-0.20148181384452654,-3.8829340930651366
1758191491.6147,-0.17148519889979685,-3.8825153991247836
1758191491.7144752,-0.13148971237175583,-3.8819577832151086
1758191491.8150692,-0.10149309699846462,-3.881540345747725
1758191491.9149976,-0.061497627003791626,-3.8809852513036995
1758191492.0151153,-0.02150229910259366,-3.8804325431929065
1758191492.1148303,0.018492619424774065,-3.8798800110722276
1758191492.2144685,0.058487456573304744,-3.8793240809127623
1758191492.3176472,0.08848358698681168,-3.8789073078857754
1758191492.415555,0.12847843101091075,-3.8783518412810873
1758191492.5151262,0.16848307088719575,-3.877813024782709
1758191492.6159008,0.20849309401661897,-3.8772854664692527
1758191492.726876,0.25850362976196883,-3.8766261120590237
1758191492.814687,0.2984986382680853,-3.8760824676521106
1758191492.9163723,0.34849240320846386,-3.8754032645882357
1758191493.017486,0.37850178401738627,-3.875007370515391
1758191493.1183612,0.4085001419043578,-3.8746047681581164
1758191493.2170632,0.4484959048422396,-3.87406651622397
1758191493.3263962,0.4784927262050284,-3.8736631757947064
1758191493.4144661,0.528487429385418,-3.8729922779580233
1758191493.5147512,0.5684831719593082,-3.8724573957066744
1758191493.6155562,0.6084787582491966,-3.8719249450701234
1758191493.714295,0.6584727320845074,-3.8712580878786684
1758191493.8155677,0.6884690663491839,-3.8708562408027856
1758191493.9142652,0.7284641820079681,-3.8703206771786776
1758191494.0152042,0.7684593015100669,-3.8697853767544053
1758191494.1147683,0.8184708672596369,-3.869148836514965
1758191494.2148123,0.8584820213488686,-3.868642581733462
1758191494.3152475,0.8984854126592666,-3.868128762493261
1758191494.4186344,0.9384806904491787,-3.86760528814869
1758191494.5155406,0.9684771507750157,-3.867212846555557
1758191494.6148193,1.018486629601585,-3.8665730614094413
1758191494.7152934,1.0584826605296738,-3.8660547454311267
1758191494.8190334,1.0984786882747388,-3.8655368386251254
1758191494.9251738,1.128475709328783,-3.865148963255117
1758191495.017536,1.1684717348675413,-3.8646329569391575
1758191495.1142924,1.1984687344109524,-3.8642471386937385
1758191495.2155373,1.2584618333348854,-3.8634804393182485
1758191495.3214593,1.2984572051477679,-3.862964604100293
1758191495.4149492,1.3384525843105417,-3.862449072358669
1758191495.5193176,1.3884468134496482,-3.8618050297545734
1758191495.616378,1.4284533045704668,-3.861308730595391
1758191495.714893,1.4584603726440357,-3.860943612107388
1758191495.8173738,1.4984719108027624,-3.860458466896485
1758191495.9166028,1.5484704075423064,-3.8598336870641337
1758191496.0176945,1.588465946091501,-3.8593305135297578
1758191496.1149046,1.620647992043895,-3.8588143792479506
1758191496.2185318,1.628058615909621,-3.8551714469162355
1758191496.3152559,1.6290872195499517,-3.8453916627765623
1758191496.41465,1.6280608658028823,-3.8373742898641923
1758191496.5157216,1.6260227501706452,-3.8267955396005524
1758191496.6157343,1.6239967057970146,-3.818974531317176
1758191496.7145786,1.6215510822086312,-3.81127560552515
1758191496.815785,1.6186635909752327,-3.8037162795242287
1758191496.9238503,1.6141737043865274,-3.793898328436626
1758191497.01536,1.6103490785513812,-3.7867608172325595
1758191497.1155622,1.6015732121116242,-3.7731563877647942
1758191497.2151568,1.594929388964276,-3.7646468758949916
1758191497.315447,1.58769058877003,-3.756637180715953
1758191497.4154513,1.5818934466020282,-3.7509829682384876
1758191497.5159044,1.5737052751062293,-3.743946097585058
1758191497.6190932,1.5650319368902763,-3.7375163099438358
1758191497.7264047,1.5559183538685792,-3.73172697343017
1758191497.8160102,1.5464117613128696,-3.7266081507617637
1758191497.9153235,1.536561459368593,-3.7221864299089065
1758191498.0145907,1.528978853273647,-3.719341566335176
1758191498.1149945,1.5160356468997032,-3.7155223973840314
1758191498.2170923,1.5090091859400785,-3.70015841658281
1758191498.3187063,1.5142842355486321,-3.661508727946792
1758191498.4145346,1.5190677046796415,-3.6315954311700063
1758191498.5151787,1.5257445726322663,-3.5921580954165147
1758191498.615703,1.5324212088310996,-3.5527207115991866
1758191498.7173312,1.5390976119390702,-3.5132832790354547
1758191498.8146615,1.5457737798102482,-3.4738458002025947
1758191498.9206047,1.554118656337246,-3.4245488915891062
1758191499.0155845,1.5607942900124212,-3.385111321015912
1758191499.1236005,1.567469686308402,-3.3456737152349465
1758191499.2159557,1.5741427957480612,-3.3062336841531
1758191499.3170943,1.5824859813127707,-3.256936522716387
1758191499.4223857,1.589148092474769,-3.2174815925917306
1758191499.5153453,1.595800571924692,-3.178014154816864
1758191499.614713,1.6024696167678016,-3.1385755129549624
1758191499.7162724,1.6074650488903868,-3.108984985313505
1758191499.8149567,1.6141197447653997,-3.069521431695212
1758191499.9163954,1.6191099877207142,-3.0399236806837595
1758191500.0150068,1.6274224950744223,-2.9905933522345274
1758191500.1152227,1.6324130212255403,-2.9610081636599554
1758191500.2158225,1.6390692237724063,-2.921567313705652
1758191500.317555,1.6457252176913317,-2.882126427997306
1758191500.4151156,1.650717058568123,-2.8525457339412403
1758191500.5197823,1.652794297784488,-2.8292008428030573
1758191500.6153188,1.6538765056346727,-2.818945770559348
1758191500.7150164,1.6642830338636867,-2.817756559869267
1758191500.815091,1.6720494265766561,-2.820048137498848
1758191500.9145575,1.682190615158438,-2.8237490107055585
1758191501.0142543,1.6896072901474932,-2.8269982268060794
1758191501.1154466,1.7015441740034016,-2.8332872427635194
1758191501.2154925,1.7106564173287688,-2.8390751767187012
1758191501.3145287,1.7193287798037244,-2.845503535359798
1758191501.4202926,1.7294825348510254,-2.854388629404669
1758191501.5146048,1.737004940601414,-2.8621316281635436
1758191501.6144762,1.7455932855351277,-2.87253834811055
1758191501.7150724,1.7517688151704103,-2.8813936000976796
1758191501.8162992,1.7585667224042134,-2.89304979516094
1758191501.9191198,1.763233421948265,-2.9027855622663603
1758191502.0148609,1.767187724338356,-2.91283193374514
1758191502.1149666,1.7710978658453749,-2.9257471781528355
1758191502.2156,1.774077280204406,-2.930612580337468
1758191502.314885,1.825087128664166,-2.9270922850254286
1758191502.4148414,1.8648899903796563,-2.9203734270773407
1758191502.5255907,1.894431996133717,-2.9151575997373906
1758191502.616622,1.9141266810261681,-2.9116804519878925
1758191502.7216144,1.9633634438605583,-2.902987825738031
1758191502.8156261,2.0027529053349946,-2.8960339708864837
1758191502.9145188,2.0519897931484756,-2.8873419543694316
1758191503.0153146,2.0815319563510735,-2.882126903562648
1758191503.1152844,2.1209215402423105,-2.8751736867157627
1758191503.2209744,2.160311159124618,-2.8682206800759897
1758191503.3154106,2.2095595987896686,-2.8595374243543223
1758191503.414877,2.2489549282095074,-2.852589952166056
1758191503.517812,2.2883714532982156,-2.8456526912608533
1758191503.6148524,2.3376434711110714,-2.8369868243183505
1758191503.7230647,2.3770618855123606,-2.830058741321047
1758191503.8144667,2.406624108311979,-2.8248643295967106
1758191503.915016,2.446017078999917,-2.8179304715219278
1758191504.0155115,2.4854101010414005,-2.8109969407179385
1758191504.1156151,2.5149548969404294,-2.8057969402181486
1758191504.2156,2.554361157398175,-2.7988764104092168
1758191504.3182034,2.5937700758047533,-2.7919682556627294
1758191504.4150016,2.633176816656374,-2.785061514610154
1758191504.5144765,2.682429956251052,-2.7764128191017274
1758191504.6152966,2.72182484792568,-2.769489732667403
1758191504.719298,2.761219775919652,-2.762566857814019
1758191504.8150845,2.8104677483746836,-2.7539172913013963
1758191504.9158328,2.8498772381465156,-2.7470047158473694
1758191505.016367,2.8892810314301305,-2.74009003205522
1758191505.1230972,2.9385591289757946,-2.731459285881661
1758191505.2153778,2.9681265922350044,-2.7262837738775016
1758191505.3181763,2.9976944258607987,-2.72111054308294
1758191505.4156864,3.0371091493760125,-2.7142120770594587
1758191505.5146172,3.0765073643853706,-2.7073081246346797
1758191505.6172824,3.106056054068204,-2.70213030947026
1758191505.715561,3.1553039264504803,-2.693500897927769
1758191505.827381,3.2045779217370525,-2.6849044909078352
1758191505.9153764,3.234134650702042,-2.679745193493828
1758191506.0159,3.273551384776687,-2.672865187074762
1758191506.1147556,3.303101426752516,-2.6676949622076007
1758191506.2158186,3.3523515451028207,-2.659078189941241
1758191506.3154283,3.3819016429887374,-2.653908285427947
1758191506.4154408,3.421301802530998,-2.6470152648276484
1758191506.5141928,3.460712136846765,-2.6401297852653784
1758191506.6159987,3.5099839402228756,-2.6315272664105307
1758191506.7223418,3.5586787673333573,-2.6233327019734225
1758191506.8145785,3.580635154085383,-2.6219437385792053
1758191506.9153686,3.586908071045155,-2.625861460148331
1758191507.0155783,3.588096504533321,-2.6365212220894283
1758191507.115381,3.5883351417183302,-2.6500156198953757
1758191507.215097,3.6194568116332455,-2.6605978912790444
1758191507.3158991,3.650574798606396,-2.662636778696674
1758191507.4153914,3.680580370163545,-2.665017088192185
1758191507.514495,3.720474581918321,-2.66824537432582
1758191507.6162105,3.750377127926482,-2.670674161036924
1758191507.715795,3.790244424345852,-2.673913411667393
1758191507.8154774,3.8301280786573977,-2.6771403503616837
1758191507.9150798,3.8700173972106398,-2.680359199669996
1758191508.0176942,3.8999373610029173,-2.6827734133200996
1758191508.119741,3.9497955860612453,-2.68679660697674
1758191508.2146373,3.9996413477696438,-2.690821656180996
1758191508.3153827,4.029542689881231,-2.693240176065415
1758191508.4155364,4.0694111664186154,-2.6964646421417804
1758191508.5153122,4.109279667723361,-2.699688849972125
1758191508.6160574,4.14916320831712,-2.702895424799549
1758191508.7154763,4.1990192680230605,-2.7068974673111077
1758191508.820035,4.222824669049993,-2.70747156125191
1758191508.91584,4.234016119521624,-2.708583863637704
1758191509.014445,4.2378837239183795,-2.713833875885042
1758191509.1158624,4.2356685445491475,-2.727046776015594
1758191509.2199676,4.232971640099775,-2.737500497405661
1758191509.3150535,4.230459186006066,-2.7451985478136485
1758191509.4172268,4.22536087386679,-2.7576913814910475
1758191509.5154686,4.220486466239705,-2.767324034878437
1758191509.6153529,4.213440157652076,-2.778831073866179
1758191509.7151737,4.20872566337833,-2.7854147883932177
1758191509.814729,4.201900111669627,-2.793779269400603
1758191509.9252174,4.210094907073161,-2.8170040576637425
1758191510.0154312,4.238621462059945,-2.8462453477238867
1758191510.1171746,4.266745571855959,-2.8748267248662023
1758191510.2152538,4.287794238527071,-2.8962113030392382
1758191510.323958,4.315860162051818,-2.9247232057581942
1758191510.4147427,4.343927161368307,-2.9532340940994515
1758191510.524337,4.371995148305797,-2.981743959174463
1758191510.615132,4.3860294778793,-2.995998508022277
1758191510.715544,4.410884530345744,-3.0219178025247184
1758191510.8172734,4.411504718535734,-3.029262944601657
1758191510.9145103,4.401427112445465,-3.0380264348058876
1758191511.0146103,4.392632349474765,-3.0442884961229413
1758191511.1161478,4.383409732466147,-3.049901825367418
1758191511.218621,4.376240655462909,-3.0536684309421402
1758191511.3273668,4.3663854780496525,-3.0580784601689515
1758191511.4152985,4.356238496560361,-3.0617681426985324
1758191511.516602,4.35316408367789,-3.0768410439352927
1758191511.6148343,4.361866689958146,-3.1148503312401936
1758191511.720066,4.371837152245675,-3.153972747638807
1758191511.8166227,4.3794381895058745,-3.183003775992649
1758191511.915615,4.39211727142132,-3.2313675043793086
1758191512.0148323,4.402260304332219,-3.2700585438786045
1758191512.1159778,4.407331743691242,-3.289404081280411
1758191512.2155144,4.420010119451127,-3.3377679735561245
1758191512.3160665,4.42761443245319,-3.366792209810218
1758191512.4177406,4.437753050024132,-3.4054867888618685
1758191512.5157309,4.4478860085002765,-3.4441882655887235
1758191512.6173947,4.4580216278491855,-3.4828823695261137
1758191512.7148612,4.470689436134186,-3.5312614701057843
1758191512.8146887,4.480816654694112,-3.5699740464617045
1758191512.9148717,4.493485737951487,-3.61834033625852
1758191513.0147529,4.5010870222013635,-3.6473601682337913
1758191513.1142187,4.51070185730064,-3.685471973888134
1758191513.214925,4.515298356252109,-3.7069732024682804
1758191513.3155658,4.52334917498384,-3.7120462336606437
1758191513.4155188,4.533568139514689,-3.708601525866579
1758191513.5180874,4.545825859144199,-3.7029617111253605
1758191513.6147804,4.552919486857679,-3.6990567646226307
1758191513.717474,4.562030235020498,-3.693265674869882
1758191513.8157156,4.570700849768991,-3.686834266267767
1758191513.9147584,4.578886477225072,-3.679795810763384
1758191514.0148296,4.586544757879598,-3.6721867095707723
1758191514.11576,4.591918434859593,-3.6661289653550386
1758191514.2148397,4.596957448418153,-3.6597899439736983
1758191514.3149028,4.608724325614913,-3.6547744956298684
1758191514.415694,4.6402194297346915,-3.6708864244721915
1758191514.5145354,4.666490605548073,-3.6869078839965224
1758191514.6151538,4.70906050770007,-3.7131839547047854
1758191514.7147963,4.7431054723121315,-3.73420149678286
1758191514.8146985,4.7686306357501405,-3.7499620224934183
1758191514.9154718,4.802663782264408,-3.770976402594383
1758191515.0171227,4.836697003329442,-3.791990689538827
1758191515.115358,4.865021351208086,-3.8080697687789566
1758191515.2153027,4.876656004360779,-3.8096112411558667
1758191515.3148594,4.88089036452529,-3.8031362075467774
1758191515.4160602,4.8832665085716584,-3.7982882122074413
1758191515.515281,4.8893278043100015,-3.7832753640755485
1758191515.6156497,4.891742129706104,-3.7755454074213777
1758191515.7150218,4.8948281968037595,-3.762408782665148
1758191515.815237,4.896438866906498,-3.7517328326869777
1758191515.9154735,4.8972773754965315,-3.740968670744747
1758191516.015743,4.897358529425344,-3.7301782649675603
1758191516.114828,4.896413389372968,-3.716739202174376
1758191516.2168791,4.894789715039561,-3.7060875060268454
1758191516.3194036,4.892404305850826,-3.695582903576175
1758191516.4146686,4.8892675895957005,-3.68527927512399
1758191516.5267966,4.8842633777624735,-3.6727555371512977
1758191516.614531,4.878142487509362,-3.660730576913019
1758191516.714414,4.884474194088707,-3.645067832292461
1758191516.8155603,4.907515684176389,-3.628346065289574
1758191516.9248328,4.941598154146263,-3.60582152802827
1758191517.0145328,4.983204433761001,-3.5780644287067287
1758191517.1192567,5.008165553723152,-3.561409489296611
1758191517.2145488,5.041436841619973,-3.5392086342477023
1758191517.3153207,5.0663903484680874,-3.5225580466555453
1758191517.4148612,5.1079796053889215,-3.49480715588016
1758191517.5145664,5.130539114367207,-3.480472432106947
1758191517.6163404,5.141289605288371,-3.4682700666401955
1758191517.7142684,5.138467081407306,-3.46391241414214
1758191517.8144386,5.133329087644546,-3.4576535306806364
1758191517.9147725,5.12403951858196,-3.4478670363775583
1758191518.015595,5.1180564596832605,-3.442409987743454
1758191518.1145756,5.107458374989099,-3.4340573672390056
1758191518.2148178,5.100753909496531,-3.429515101611344
1758191518.316746,5.089066469835493,-3.422769399683374
1758191518.4149742,5.076819830657155,-3.4171013256781664
1758191518.5160036,5.064113211974873,-3.4125568719277353
1758191518.6159747,5.0563111551501905,-3.4103852600282747
1758191518.7191908,5.045747799010468,-3.408150703434091
1758191518.815352,5.035051152641694,-3.4066818798954697
1758191518.9150074,5.026974539921122,-3.406087496092149
1758191519.016191,5.018779244455567,-3.3742424693312567
1758191519.1145396,5.018527919232714,-3.332870770064554
1758191519.2144675,5.018221722954325,-3.2928419501502235
1758191519.3154426,5.017840804600382,-3.2428096516643006
1758191519.4151084,5.017531251096114,-3.2027991186155234
1758191519.5196202,5.017293831358477,-3.1728010491784677
1758191519.6153867,5.01697751076792,-3.1328036122258216
1758191519.7151065,5.016582491399701,-3.082806796250274
1758191519.815203,5.01634568137894,-3.052808696132094
1758191519.9149044,5.015951330644504,-3.002811847414454
1758191520.014932,5.01571491827075,-2.9728137312412746
1758191520.114883,5.015416810676339,-2.932796978548662
1758191520.2147393,5.015109678634124,-2.8927944532133805
1758191520.3148847,5.014798649043044,-2.852796940022988
1758191520.4146369,5.014487883017851,-2.8127994322009267
1758191520.515286,5.014136643506522,-2.7627679622789043
1758191520.6151733,5.0139211998012625,-2.7327547096136664
1758191520.7147212,5.013708202450446,-2.7027395749241445
1758191520.8159273,5.013358094836254,-2.652707084612972
1758191520.9147203,5.0130832835050985,-2.612681045396732
1758191521.035565,5.012874427725095,-2.5826704291331017
1758191521.1145048,5.012587043580012,-2.5426727828896305
1758191521.215613,5.0122999353469435,-2.5026751244671366
1758191521.3146412,5.012084783309919,-2.4726768715651275
1758191521.4157999,5.01172653482934,-2.4226797659472945
1758191521.5201552,5.011511786963903,-2.392681493086498
1758191521.624089,5.011154206133198,-2.3426843597386346
1758191521.7153463,5.010886042724916,-2.302666534649429
1758191521.8156195,5.010617653599457,-2.2626557146913515
1758191521.9149575,5.010407361752598,-2.23265740772457
1758191522.0211577,5.010075570642987,-2.18263826333497
1758191522.1239612,5.009866170219074,-2.1425679244259137
1758191522.2147615,5.009644305468041,-2.1025302148282106
1758191522.3161914,5.00945712334913,-2.0725314629233194
1758191522.4160266,5.009277206113325,-2.042523685597478
1758191522.514884,5.008931539089918,-1.9824841320434583
1758191522.6145744,5.008695337948594,-1.9424752099105593
1758191522.7144527,5.008513781322188,-1.9124767485083982
1758191522.8200908,5.008151134647005,-1.852479804469865
1758191522.9201486,5.0079097129395205,-1.8124818246409882
1758191523.0158954,5.007728824849774,-1.7824833311788764
1758191523.114573,5.007427681085393,-1.7324858286406049
1758191523.214516,5.007187380576152,-1.692487141285876
1758191523.3146546,5.007044245845927,-1.6624482008619499
1758191523.415535,5.006833154487257,-1.6224268477438606
1758191523.5157158,5.006604025575427,-1.5824287846240945
1758191523.6177473,5.006375165802652,-1.5424307275892035
1758191523.714751,5.0061642840631375,-1.502416096532663
1758191523.8152812,5.005953615297929,-1.4624038283976946
1758191523.9214225,5.005751790956823,-1.4223863103759256
1758191524.0151706,5.0055628256584015,-1.382360234184318
1758191524.1181705,5.005381702898031,-1.342330768391093
1758191524.2146103,5.0053117981322846,-1.3086658802478337
1758191524.3173487,5.00664855484133,-1.2972563546743456
1758191524.415149,5.011906011908727,-1.292779095168764
1758191524.5149894,5.025244742978756,-1.2937066827236658
1758191524.6144903,5.035881270066042,-1.2954244841248115
1758191524.7156155,5.046363134153896,-1.2979026797335194
1758191524.8145258,5.056637429419278,-1.3011285492585831
1758191524.9148479,5.069113795354449,-1.3062279817604152
1758191525.0152605,5.076363769168556,-1.3098345777218727
1758191525.1152284,5.083408479776766,-1.3138271537924435
1758191525.215517,5.094638133687293,-1.3213070845141885
1758191525.3145576,5.1010370553664,-1.326269127085714
1758191525.4164243,5.121702529564236,-1.3151888319279816
1758191525.5150986,5.149381855266972,-1.2851645767123345
1758191525.6155298,5.176460617337483,-1.2555768073004971
1758191525.7154145,5.210226945967022,-1.2187039740569026
1758191525.8180904,5.237245565882588,-1.1892010644530469
1758191525.9151824,5.257513864267061,-1.1670692541319592
1758191526.0161092,5.281829258921663,-1.1405631696966574
1758191526.115526,5.290947114807033,-1.1410377009485755
1758191526.2263105,5.296477285721701,-1.146955051972268
1758191526.3179154,5.303336498517002,-1.155291464598468
1758191526.4175222,5.309578427846055,-1.1640998294765268
1758191526.5153832,5.315170707946606,-1.1733345542401457
1758191526.6155212,5.320084315350181,-1.1829478109972178
1758191526.7146492,5.324293732741117,-1.1928897808539112
1758191526.823948,5.347707396674045,-1.1935433148045416
1758191526.9151511,5.396491545776129,-1.1785883370060304
1758191527.015884,5.4346225581173995,-1.1664554593899565
1758191527.115088,5.463206203184978,-1.157350249338893
1758191527.2145455,5.501332794054605,-1.1452203635801401
1758191527.3161957,5.548973001126886,-1.130047475999647
1758191527.415806,5.587085236439538,-1.1179093685120125
1758191527.5151312,5.615669451776171,-1.1088059024307277
1758191527.6206858,5.643417185089558,-1.1108134791884843
1758191527.7153423,5.6592945538615105,-1.117431217811413
1758191527.8153107,5.6795749925616414,-1.1265776879508473
1758191527.9193933,5.700051501790454,-1.1352919201213076
1758191528.0146768,5.710961546551958,-1.132361775797933
1758191528.1142845,5.727286488489336,-1.126471923010756
1758191528.2148714,5.742868338949899,-1.1220750933861046
1758191528.3142917,5.7520894373166565,-1.1207724566729063
1758191528.4146185,5.759156713754959,-1.1206038419265865
1758191528.5193367,5.765942617462043,-1.119969330383375
1758191528.6146328,5.774608122485818,-1.1195569727010608
1758191528.7143059,5.7822458579989675,-1.1202522914533457
1758191528.8151753,5.784784607614302,-1.1210779073098964
1758191528.9144855,5.792615380145098,-1.1227649566467084
1758191529.0181673,5.797344706477909,-1.1236495163309925
1758191529.1165318,5.802990226762986,-1.1248426204265827
1758191529.2151916,5.8100779103105715,-1.1252362137118175
1758191529.3150535,5.815166916611191,-1.1255502518235139
1758191529.4157176,5.821667702629238,-1.1260193952613962
1758191529.515417,5.827907447594026,-1.1265217353673138
1758191529.6156013,5.8354706354226415,-1.127300798071281
1758191529.7155588,5.840010043834135,-1.1279663486878353
1758191529.814588,5.848633257196059,-1.1293781550683302
1758191529.9155908,5.852993546231105,-1.1303322907430018
1758191530.0159748,5.857020475618366,-1.1315518884371796
1758191530.1153462,5.867315640562325,-1.1380878030135038
1758191530.215632,5.877384565227507,-1.1447280353625764
1758191530.3150709,5.880126864148487,-1.1464524356714776
1758191530.4145496,5.883005824260825,-1.1485209406337102
1758191530.5147557,5.8885815522012255,-1.152799415020621
1758191530.614893,5.894093862490263,-1.1569404721872836
1758191530.71552,5.899119804932024,-1.159965306405079
1758191530.8150268,5.900812870517288,-1.160961171819849
1758191530.9155254,5.9024238433501655,-1.161979979016653
1758191531.016012,5.905897042272897,-1.1642792591933064
1758191531.1153002,5.906609523100731,-1.1648305274933286
1758191531.222911,5.907978664123595,-1.165939854694783
1758191531.3154955,5.919228591925328,-1.1773507624943347
1758191531.41529,5.939958097919623,-1.1986469136216
1758191531.5158691,5.952576531067803,-1.2116628720186995
1758191531.6146734,5.964168062876883,-1.2285730163944915
1758191531.7232451,5.969292758710693,-1.2367959537891884
1758191531.815022,5.973894268081182,-1.2449871799660923
1758191531.9146109,5.979264075052515,-1.2558954037919285
1758191532.0245183,5.984109570280476,-1.267385860324679
1758191532.115245,5.987746034939572,-1.2777403792256474
1758191532.2158892,5.993464723020037,-1.299957398732109
1758191532.3196838,5.996228982363468,-1.3187311345244304
1758191532.414585,5.9972154820622094,-1.3371225890629157
1758191532.5147824,6.001764436414969,-1.3582831775642406
1758191532.6158152,6.003023037177544,-1.3926692424545117
1758191532.7145507,6.010584977047752,-1.3984079089559385
1758191532.8176923,6.0112666066820735,-1.398963333230698
1758191532.9158542,6.0117710465597165,-1.3992990181509122
1758191533.0155537,6.0128110816759195,-1.3995095236039679
1758191533.1193926,6.015822693270468,-1.3922570941746535
1758191533.21542,6.018877289756214,-1.3858862832815964
1758191533.3151615,6.022147369949046,-1.3781192749065205
1758191533.4162652,6.025052748039697,-1.371709825850908
1758191533.5153856,6.029175820115238,-1.3629870736320484
1758191533.6157928,6.033888779207286,-1.3519158421079978
1758191533.7148023,6.037343649853897,-1.3430464487184517
1758191533.8170376,6.0397561666033255,-1.3362338818852524
1758191533.915403,6.042595102405614,-1.3272820137597416
1758191534.0232322,6.045187446236335,-1.3182408307117364
1758191534.1151307,6.0477996580376,-1.3089505329671118
1758191534.2162526,6.047604128343508,-1.312516784365101
1758191534.3201165,6.04176750499238,-1.3333349181685417
1758191534.415067,6.037478259606082,-1.3499045710903592
1758191534.5193067,6.030159446319921,-1.3708785836754664
1758191534.6147766,6.020051318003456,-1.3911499609181845
1758191534.714785,6.0162058254433255,-1.403038037605087
1758191534.8205752,6.016827064298235,-1.4035273383239655
1758191534.915107,6.017532739005022,-1.4040910204875698
1758191535.015398,6.0185382569480055,-1.4049027606661106
1758191535.115772,6.019974424154208,-1.4061310179841118
1758191535.2148752,6.021681131643229,-1.4076753587807487
1758191535.317665,6.022984990412619,-1.408839581373017
1758191535.4144578,6.02692284157508,-1.4121722483215422
1758191535.51501,6.031739437681259,-1.4174304899721926
1758191535.614861,6.032039984650879,-1.4177493620040116
1758191535.715958,6.032052591900941,-1.4177730689494927
1758191535.816755,6.032052271628236,-1.4177707826811614
1758191535.9398437,6.032050470224753,-1.4177703457151092
1758191536.0152254,6.032048341077695,-1.4177690725336256
1758191536.1148982,6.032046890519139,-1.4177674849314508
1758191536.2154305,6.032045701436711,-1.417766502465392
1758191536.3147054,6.032043895900689,-1.4177640012404849
1758191536.4147015,6.032041213125451,-1.4177631149070602
1758191536.5208533,6.032040347869652,-1.4177608922136242
1758191536.6163933,6.03203860501393,-1.4177602984827158
1758191536.7159133,6.032036497356926,-1.4177588487087636
1758191536.8148053,6.032035642577763,-1.4177565408442976
1758191536.9153535,6.032032979333481,-1.4177554945187278
1758191537.015718,6.03203181025402,-1.4177543470735647
1758191537.1174586,6.032076561575811,-1.4172592057777906
1758191537.2168376,6.036516172543408,-1.3907995422169377
1758191537.314806,6.039524800598972,-1.3715231380149528
1758191537.4144945,6.042315316215382,-1.3523897596564198
1758191537.5150552,6.04531899961346,-1.3330607625321822
1758191537.614615,6.050563307102562,-1.3060158810979885
1758191537.7151098,6.056557950672393,-1.2779674304836086
1758191537.8248851,6.062311727880484,-1.2500123499994142
1758191537.915109,6.065992151401514,-1.2306689854822332
1758191538.0151374,6.065020397160254,-1.2381704572558805
1758191538.1166947,6.061977672430835,-1.2594574142347688
1758191538.219518,6.058054899444563,-1.292477215817241
1758191538.3152027,6.05510169890075,-1.3177772480823502
1758191538.4148376,6.051223294465517,-1.3527386401489114
1758191538.5155468,6.0468374924684465,-1.3963811473767236
1758191538.6156182,6.043540126003974,-1.4323399299156545
1758191538.7150006,6.040456577934571,-1.4686682362268788
1758191538.8148098,6.0381647850417135,-1.4963425982842153
1758191538.915114,6.037612580428285,-1.5354932977362508
1758191539.0184295,6.038824493915521,-1.5455444268920528
1758191539.1205897,6.047736837077715,-1.5491601482897275
1758191539.2160835,6.058631939044588,-1.5496485122799208
1758191539.3147485,6.069417412676057,-1.5491655984461719
1758191539.4150908,6.079274481419621,-1.5457252774516619
1758191539.5146308,6.086328217498181,-1.5361523895236746
1758191539.6203322,6.092937416158435,-1.5264536113759808
1758191539.7150483,6.100806633096533,-1.5141484640896474
1758191539.815295,6.104798282688018,-1.5088245378770466
1758191539.9151995,6.113094550714135,-1.539562633763763
1758191540.0154603,6.124264424682005,-1.580381036139687
1758191540.1152732,6.137003698389034,-1.6303593877050584
1758191540.214758,6.1449911628263205,-1.6592752894240503
1758191540.3157008,6.150316058416647,-1.6785525856715662
1758191540.4163797,6.154117598899767,-1.7058698002519426
1758191540.5154269,6.154068908925786,-1.7090435834207598
1758191540.6177065,6.154068801866412,-1.70904945503286
1758191540.7162366,6.15406881366144,-1.7090494446500695
1758191540.8145673,6.154066848387378,-1.7090885908856677
1758191540.915499,6.154065266741577,-1.7091389001933963
1758191541.0148497,6.154064001265538,-1.709179145269638
1758191541.1149075,6.15406336847435,-1.7091992670178278
1758191541.2153423,6.1540621027856,-1.7092395089343464
1758191541.325808,6.15406083695497,-1.7092797487443898
1758191541.4153469,6.154059887488854,-1.709309927219554
1758191541.5149138,6.1540579883170095,-1.7093702806152327
1758191541.6167324,6.1540573551887015,-1.7093903973605662
1758191541.7158146,6.154056088825509,-1.7094306292713999
1758191541.8154035,6.1540548223201625,-1.7094708590757985
1758191541.9170413,6.154053555672601,-1.709511086773763
1758191542.014479,6.154052288882771,-1.7095513123653014
1758191542.1154304,6.15405070519532,-1.7096015913925804
1758191542.2149303,6.154049438085164,-1.7096418122446981
1758191542.3146803,6.154048170832549,-1.7096820309904164
1758191542.4188342,6.154046903437416,-1.70972224762974
1758191542.515127,6.154045635899541,-1.7097624621626801
1758191542.6177673,6.154044685152369,-1.7097926216801909
1758191542.7182577,6.154043100395072,-1.709842884909972
1758191542.8152835,6.154042149433449,-1.7098730412682044
1758191542.9148064,6.154041198391361,-1.7099031964417133
1758191543.0148594,6.154040247268785,-1.709933350430503
1758191543.1170106,6.154038978980103,-1.7099735539059968
1758191543.2159803,6.154038344782069,-1.7099936548539345
1758191543.3147562,6.154036759130322,-1.7100439049201799
1758191543.4153242,6.154035807631814,-1.7100740533803207
1758191543.5191393,6.1540345388417075,-1.7101142494843093
1758191543.6146278,6.15403358715503,-1.7101443951801514
1758191543.7158842,6.154032318113948,-1.7101845875984216
1758191543.8154683,6.154031366238973,-1.7102147305299873
1758191543.9190924,6.154030096946739,-1.7102549192625636
1758191544.0154474,6.154028827510905,-1.7102951058890425
1758191544.12589,6.154027557931422,-1.7103352904094284
1758191544.2164469,6.154026605652502,-1.7103654274176012
1758191544.3166947,6.154024700852053,-1.7104256978799457
1758191544.4165862,6.154023430805303,-1.7104658755555935
1758191544.5147226,6.1540224781758095,-1.7104960074302316
1758191544.6159701,6.154021207877197,-1.7105361814202877
1758191544.7253807,6.1540196198014305,-1.7105863959462375
1758191544.8163352,6.154018666847926,-1.7106165230822845
1758191544.9191942,6.154017396117149,-1.7106566907542409
1758191545.015061,6.154015807500933,-1.7107068973825994
1758191545.114611,6.154014854223027,-1.7107370197801088
1758191545.215982,6.154013583059569,-1.710777181134039
1758191545.3157976,6.154012629592254,-1.7108073007674303
1758191545.4146914,6.15401167604372,-1.7108374192162072
1758191545.5143287,6.154010086615623,-1.7108876139983602
1758191545.6182625,6.1540088149105845,-1.7109277674548673
1758191545.7151072,6.154008179003858,-1.7109478433933847
1758191545.8162296,6.154006589078892,-1.7109980309362909
1758191545.9175205,6.1540056350154275,-1.711028141882576
1758191546.0153034,6.154004362804192,-1.711068287968261
1758191546.1146407,6.154003090448197,-1.7111084319480174
1758191546.2250257,6.154002136086172,-1.7111385385508233
1758191546.3148634,6.1540011816426645,-1.7111686439690508
1758191546.4154103,6.153999590722349,-1.7112188170337175
1758191546.516413,6.15399863606144,-1.7112489192930946
1758191546.6142251,6.153997681318957,-1.7112790203679096
1758191546.7154067,6.153996089900161,-1.71132918619358
1758191546.8169312,6.153994816601861,-1.711369316485008
1758191546.918687,6.153993224774806,-1.7114194763879245
1758191547.0149045,6.1539919511497585,-1.7114596019411725
1758191547.1155343,6.153990995835613,-1.7114896947241498
1758191547.215625,6.153989403463668,-1.711539846730148
1758191547.32404,6.153988129402512,-1.711579965965892
1758191547.4161713,6.153986218037981,-1.7116401408711075
1758191547.515404,6.153984943613012,-1.711680254842329
1758191547.6157322,6.153983987698721,-1.711710338938819
1758191547.714688,6.153982394326073,-1.7117604764673575
1758191547.8151512,6.15398111946393,-1.7118005841211406
1758191547.9159656,6.1539801632216085,-1.7118306634795395
1758191548.0154047,6.15397888810418,-1.7118707674481626
1758191548.115734,6.15397761284079,-1.7119108693109886
1758191548.2156851,6.153976656297429,-1.7119409443261868
1758191548.3174686,6.15397474296421,-1.712001090803089
1758191548.4194558,6.153973786174306,-1.7120311622648001
1758191548.515394,6.153972510326518,-1.7120712557045434
1758191548.614558,6.153971234332487,-1.7121113470385383
1758191548.7147403,6.153970277240959,-1.7121414141571456
1758191548.8162768,6.153969000990872,-1.7121815018061066
1758191548.915792,6.153967724594387,-1.7122215873493458
1758191549.0162382,6.153966448051451,-1.712261670786872
1758191549.114589,6.153965171362005,-1.7123017521186972
1758191549.2154174,6.1539638945259965,-1.71234183134483
1758191549.3168418,6.15396293680277,-1.7123718893825737
1758191549.424831,6.1539616597101325,-1.7124119649237628
1758191549.5169022,6.153960382470775,-1.7124520383592883
1758191549.615119,6.153959105084643,-1.712492109689157
1758191549.7331612,6.153957508145484,-1.7125421958904286
1758191549.8148715,6.153956230428896,-1.7125822624826035
1758191549.9180186,6.153955591515497,-1.7126022949890818
1758191550.014662,6.153954313578454,-1.7126423584228236
1758191550.1154294,6.153952715950362,-1.7126924347539854
1758191550.2155735,6.153951437682389,-1.7127324934501151
1758191550.3157094,6.153950159267248,-1.712772550040655
1758191550.4158506,6.1539488807048786,-1.712812604525618
1758191550.51579,6.153947921686452,-1.7128426440075608
1758191550.6148286,6.1539466428663,-1.7128826948077833
1758191550.7166805,6.153945363898772,-1.712922743502456
1758191550.8148506,6.153944404576373,-1.712952778641699
1758191550.9153347,6.153943125350794,-1.7129928236516794
1758191551.014625,6.1539415261113435,-1.7130428769532615
1758191551.1154537,6.153940566456979,-1.7130729073550777
1758191551.2154527,6.15393928678863,-1.7131129460485175
1758191551.3149638,6.153937686995479,-1.713162991454466
1758191551.4195662,6.153936727008768,-1.7131930171189214
1758191551.5158885,6.153935126846137,-1.7132430572611723
1758191551.6153507,6.153934166637654,-1.713273079767429
1758191551.7143245,6.153932886230238,-1.7133131079334982
1758191551.8177538,6.153931925827567,-1.7133431276763527
1758191551.9146476,6.153930965341633,-1.7133731462349002
1758191552.0150962,6.153929364346652,-1.7134231745340291
1758191552.1147575,6.153928403638568,-1.7134531899344456
1758191552.2144964,6.153927122564799,-1.7134932086261017
1758191552.314748,6.153925841342796,-1.7135332252123634
1758191552.4164045,6.153924239606763,-1.7135832429844893
1758191552.5153844,6.15392327845388,-1.7136132520687326
1758191552.6158648,6.153921996786852,-1.713653262338866
1758191552.7156157,6.153920394494296,-1.7137032722158785
1758191552.815072,6.1539194330073785,-1.713733276563079
1758191552.9169583,6.153918150894823,-1.7137732805171793
1758191553.0155144,6.153916548045122,-1.7138232824991977
1758191553.1148057,6.153915586223789,-1.7138532821094241
1758191553.219306,6.153914624318796,-1.713883280535418
1758191553.3143425,6.15391302095783,-1.7139332752804561
1758191553.4151542,6.1539120588296266,-1.7139632705485175
1758191553.514297,6.153911096617675,-1.7139932646323643
1758191553.6158664,6.1539098135380925,-1.714033254902055
1758191553.7150269,6.15390853030953,-1.7140732430664898
1758191553.818856,6.153907246931929,-1.7141132291256822
1758191553.915579,6.153905963405239,-1.7141532130796444
1758191554.0148041,6.153904679729401,-1.7141931949283837
1758191554.11661,6.153902753935873,-1.7142531637542235
1758191554.2170517,6.153901790913163,-1.7142831463908847
1758191554.3153129,6.153900185688641,-1.7143331148205057
1758191554.4154522,6.153898580230694,-1.7143830799607944
1758191554.517399,6.15389761684383,-1.7144130574660956
1758191554.614492,6.153896653372872,-1.7144430337872505
1758191554.71617,6.153895689817795,-1.7144730089242626
1758191554.8145213,6.153894083705668,-1.7145229648545348
1758191554.914563,6.153892798647609,-1.7145629272304905
1758191555.0143096,6.153891834755818,-1.7145928976309799
1758191555.1187153,6.153890228082298,-1.7146428456670857
1758191555.215533,6.153888942574937,-1.7146828017277485
1758191555.3220596,6.1538876569177,-1.7147227556833344
1758191555.4161491,6.153886371110532,-1.7147627075338572
1758191555.5151234,6.153884763640644,-1.7148126443867826
1758191555.6154838,6.153883799046179,-1.714842604919757
1758191555.715288,6.1538825127888845,-1.7148825504551548
1758191555.815599,6.153881226381437,-1.7149224938855328
1758191555.91547,6.1538799398237884,-1.7149624352109027
1758191556.0148392,6.153878974806943,-1.7149923898235253
1758191556.1206768,6.153878009705553,-1.715022343252093
1758191556.2163386,6.153876722772147,-1.7150622793149939
1758191556.314489,6.15387543568834,-1.7151022132729234
1758191556.4148035,6.153874148454083,-1.7151421451259008
1758191556.5148036,6.153872861069321,-1.7151820748739326
1758191556.6171186,6.153871895431947,-1.7152120208035937
1758191556.7153206,6.153870607783662,-1.7152519468679985
1758191556.8153713,6.153869319984721,-1.7152918708274896
1758191556.9149868,6.153868354036613,-1.7153218124157659
1758191557.0152547,6.153867065973891,-1.7153617326916886
1758191557.1226923,6.153865455683411,-1.7154116300766027
1758191557.216287,6.153864811501214,-1.7154315881096882
1758191557.31704,6.153863523023639,-1.7154715025972138
1758191557.4241333,6.153862234395106,-1.7155114149798902
1758191557.5155237,6.153860945615561,-1.7155513252577292
1758191557.6151955,6.153859334428689,-1.7156012101451177
1758191557.715074,6.155815789118449,-1.7223125951187523
1758191557.8154979,6.160932544837507,-1.7398017819950606
1758191557.9154458,6.174952114185238,-1.7903169954149032
1758191558.0143437,6.1888002397190345,-1.838475415705407
1758191558.1147046,6.1943748023216925,-1.8576820063427453
1758191558.2153907,6.208311006307836,-1.9056985439894187
1758191558.3162236,6.216672590477603,-1.9345085062573855
1758191558.415999,6.2278212080162705,-1.9729218330557845
1758191558.514537,6.241751898902706,-2.0209494590975803
1758191558.6155808,6.250111282969514,-2.0497673673042125
1758191558.7171905,6.258468445268676,-2.0785822852566063
1758191558.8208723,6.27518392177615,-2.1362052789181853
1758191558.9153209,6.286323291881222,-2.174627795538448
1758191559.0215492,6.297463606357516,-2.213050427356808
1758191559.1143959,6.311390895890976,-2.2610695061040653
1758191559.2146828,6.3197471207081986,-2.289881001423603
1758191559.3148177,6.333664004374224,-2.337912596440296
1758191559.4215467,6.347588801054405,-2.3859324266299926
1758191559.5151367,6.355943537543894,-2.4147443715123784
1758191559.615677,6.364298169626155,-2.443556349923358
1758191559.7142744,6.381007124310732,-2.5011804015447927
1758191559.8198352,6.389361447807126,-2.529992471903277
1758191559.9146004,6.400500100568996,-2.568409714823494
1758191560.0152562,6.411607450546095,-2.6068913770688322
1758191560.115277,6.422699944613341,-2.6453841068141046
1758191560.2146297,6.427974973839349,-2.672716102844682
1758191560.3180707,6.423858061671587,-2.6815850018463396
1758191560.415904,6.41597031717929,-2.6833209675306193
1758191560.5146258,6.4052909275351695,-2.684908057200701
1758191560.6156926,6.391826542961669,-2.685805186378853
1758191560.7232773,6.386429959053258,-2.6858318199104896
1758191560.8251295,6.370298794550504,-2.684807504489697
1758191560.9254937,6.366747356651812,-2.6858607295962953
1758191561.0154018,6.366747505826272,-2.685871775162337
1758191561.1161225,6.366747686804725,-2.6858851386782687
1758191561.219519,6.366747784450171,-2.6859051776225438
1758191561.3154554,6.366747812077678,-2.6859157965139886
1758191561.4223025,6.36674782537744,-2.685925201478546
1758191561.5144145,6.366747869342847,-2.685935649018605
1758191561.6154413,6.365577182234186,-2.692613649896365
1758191561.7146623,6.359767215993517,-2.7305340136296112
1758191561.8159082,6.354735302262432,-2.772813756231057
1758191561.9151554,6.351896194277167,-2.7926618913670964
1758191562.0165274,6.3447422327621235,-2.842145692089712
1758191562.115874,6.339019338554338,-2.8817327714207837
1758191562.2158585,6.334727319794521,-2.911423100188482
1758191562.3145056,6.329006540082401,-2.951011847073103
1758191562.4152298,6.323294106182191,-2.990613380256752
1758191562.5162928,6.3175811211399635,-3.0302077719649194
1758191562.6157005,6.313302122917296,-3.0599091422775464
1758191562.7151632,6.306171776108723,-3.109425069991219
1758191562.8160577,6.3004674568857375,-3.149028658009455
1758191562.9194086,6.294757744870593,-3.1886176039189142
1758191563.0156732,6.290475608957647,-3.2183093289373734
1758191563.1150777,6.286193608920601,-3.2480010786795566
1758191563.2143893,6.279057241332666,-3.2974873848360877
1758191563.315103,6.273348413440263,-3.337076480705374
1758191563.4153368,6.26763981928532,-3.376665620185974
1758191563.5148382,6.26567258474655,-3.4002216801263923
1758191563.6202087,6.267516972954511,-3.4138451306255124
1758191563.7158194,6.271617583677087,-3.4172731351768686
1758191563.8190491,6.282762722855231,-3.4190815874906315
1758191563.9157593,6.2962370761971975,-3.4187343942126733
1758191564.0155249,6.304283154644725,-3.4179536276842666
1758191564.1156867,6.312273480297527,-3.4167396535286674
1758191564.2201111,6.3279945974857235,-3.4130274673371863
1758191564.3248131,6.3356817891570705,-3.410528251680578
1758191564.4157293,6.354273978565493,-3.4266800944561013
1758191564.5159533,6.366729508527248,-3.4546457688593066
1758191564.6169512,6.386922472396306,-3.500678708553337
1758191564.7158997,6.399066133552026,-3.5281096078730183
1758191564.8167796,6.411209705501707,-3.555540552068219
1758191564.9146013,6.431448799304966,-3.6012588930855176
1758191565.0167043,6.447639905661881,-3.6378336558841107
1758191565.1158104,6.46383086586786,-3.6744084963134283
1758191565.214325,6.484069364197596,-3.7201271502777944
1758191565.315943,6.500260002729309,-3.756702150396813
1758191565.4155931,6.508355268657486,-3.7749896743629194
1758191565.5148928,6.524545693346662,-3.8115647671327775
1758191565.617101,6.534075438881614,-3.83682832994803
1758191565.7244763,6.542808234368634,-3.841408869517338
1758191565.8165007,6.552261750574019,-3.8362676905033686
1758191565.9162986,6.5635171511436,-3.828826739358593
1758191566.02948,6.569933188803559,-3.823886901413092
1758191566.115083,6.5780556428738,-3.8167756067916048
1758191566.2170923,6.585645692476856,-3.8090983789354094
1758191566.3156226,6.590965083297032,-3.8029928468647918
1758191566.4246917,6.597530590907076,-3.7944224409142677
1758191566.515313,6.603462760716405,-3.7854017678685663
1758191566.6151664,6.620225215638689,-3.7832935157269785
1758191566.7149036,6.655450816879624,-3.7999485161863915
1758191566.816144,6.691491407395971,-3.8181371843329273
1758191566.9244254,6.736065330648086,-3.840870952418836
1758191567.0159664,6.780617435624971,-3.863597934956529
1758191567.1257584,6.8162629064710245,-3.8817794453794323
1758191567.2454436,6.851898142718824,-3.899959107050925
1758191567.3152742,6.8875265076800485,-3.9181383155361127
1758191567.4243457,6.923154948034968,-3.9363173851405002
1758191567.5162218,6.967710306278547,-3.959041139548724
1758191567.6183968,7.003355431677537,-3.977218588073118
1758191567.7155106,7.021176213804158,-3.9863066021693747
1758191567.815483,7.0546901837304254,-4.001156544128928
1758191567.9174368,7.0659300923312465,-3.9933552093667566
1758191568.0158844,7.068816142089055,-3.985789130064889
1758191568.114777,7.072705885648578,-3.9728682329850553
1758191568.2173445,7.074971443896439,-3.962312203001633
1758191568.3148868,7.076471768688132,-3.9516204678191027
1758191568.416043,7.077199066105989,-3.940848470272047
1758191568.5154936,7.0772721641244285,-3.93544983939202
1758191568.6153579,7.0786179494473025,-3.9245390227532315
1758191568.714586,7.118047004549435,-3.9147038845162014
1758191568.8169508,7.15886045943475,-3.910654355473818
1758191568.914579,7.198635693666245,-3.906197024452179
1758191569.0170968,7.2284673980801735,-3.9028569242198854
1758191569.1152751,7.268221565210454,-3.8983953455824905
1758191569.215568,7.29803314622715,-3.8950476398146634
1758191569.3154774,7.337781956499187,-3.8905842374972006
1758191569.4171422,7.3675935905424925,-3.887236838982906
1758191569.514464,7.397405246025807,-3.883889571242278
1758191569.6237316,7.437154150391912,-3.8794267504119206
1758191569.7158198,7.476903084725345,-3.8749641610041334
1758191569.8158257,7.526598899658873,-3.8693942133058883
1758191569.9150817,7.5663483981300725,-3.864933803561226
1758191570.0224497,7.569638380149606,-3.860685883060269
1758191570.1162612,7.5693920825701015,-3.8593047572886476
1758191570.2168822,7.568140094764688,-3.858961841521276
1758191570.324255,7.566002254059945,-3.857947361728258
1758191570.4154172,7.561814141578041,-3.8546644861657566
1758191570.5151358,7.556150852269434,-3.84979866991947
1758191570.6151533,7.551400647058321,-3.845380921448645
1758191570.715223,7.543924438791214,-3.8375620925252205
1758191570.816177,7.539716234158268,-3.832348633591155
1758191570.9153798,7.533370680045141,-3.8221478728232476
1758191571.0149124,7.5287946322632076,-3.8124622005452027
1758191571.115514,7.5221039842077415,-3.8007451509159447
1758191571.2171626,7.51759333974125,-3.7940204120981518
1758191571.315886,7.524118044157944,-3.7801089670045767
1758191571.4145672,7.52758148111143,-3.7615059529556163
1758191571.523901,7.527228789737996,-3.7481439926461837
1758191571.614313,7.527429598236014,-3.7322709790778386
1758191571.7217925,7.528029804213794,-3.720220092905102
1758191571.8157287,7.528540176335751,-3.7125569590580776
1758191571.9157636,7.527655496894076,-3.710878296280639
1758191572.0168827,7.522204527604126,-3.698562560453454
1758191572.1149116,7.5178386778403725,-3.69124978368459
1758191572.215495,7.50959852073542,-3.6800333438431485
1758191572.3150263,7.50238429831691,-3.67097229826435
1758191572.422156,7.49654060933965,-3.664469969056972
1758191572.5172958,7.483764569658991,-3.6526473413448963
1758191572.6155264,7.474468987649743,-3.6458277009081774
1758191572.7153888,7.467211199580583,-3.642235409433924
1758191572.8160684,7.457252567406302,-3.6380647286324863
1758191572.9159412,7.44701957605109,-3.6346211966354636
1758191573.0147095,7.439196668517107,-3.6325266489828474
1758191573.1153402,7.429905641381278,-3.6237345329057837
1758191573.2157018,7.432126833021952,-3.5884278125602433
1758191573.3206885,7.437417893560423,-3.5478874686627178
1758191573.4171455,7.443085366763632,-3.5082912641982538
1758191573.514979,7.450162817773035,-3.458783177027419
1758191573.6146843,7.455824340364903,-3.4191851763254646
1758191573.714659,7.462894067062603,-3.3696792223340353
1758191573.8255563,7.467132905792577,-3.3399702615048015
1758191573.9146333,7.47137548901301,-3.3102665241837648
1758191574.0147026,7.477036120778468,-3.2706705416766573
1758191574.11654,7.48128144374625,-3.240973528053315
1758191574.2145956,7.488356679943005,-3.191478451039893
1758191574.316091,7.492601642197799,-3.1617813715444294
1758191574.4211047,7.496846471328525,-3.132084267198679
1758191574.5151508,7.5010911685286565,-3.1023871386319883
1758191574.6156583,7.508163236893375,-3.0528895733515067
1758191574.71536,7.5138219335811876,-3.0132932667748293
1758191574.8157494,7.518065804378663,-2.9835960140604656
1758191574.9156497,7.523724096655846,-2.9439996499835486
1758191575.0156567,7.527967663870592,-2.914302358455324
1758191575.1149077,7.533619173409424,-2.874697586142002
1758191575.215046,7.540671584709248,-2.825177815135989
1758191575.3330052,7.546320112620817,-2.7855758360821508
1758191575.415743,7.548565302005998,-2.757423930801052
1758191575.5161133,7.544539389784129,-2.7461810512273583
1758191575.6191077,7.536677359286337,-2.7435834488983692
1758191575.7149632,7.523137550609028,-2.7416845961903777
1758191575.8158102,7.515604128912828,-2.712154328770278
1758191575.9191608,7.513057996438414,-2.6708272931561488
1758191576.0229619,7.511591400720032,-2.6508583694338257
1758191576.1152647,7.507923402776998,-2.6009501722194757
1758191576.2154968,7.505727048402704,-2.571010269760656
1758191576.3161228,7.5020522025535605,-2.5211322276420036
1758191576.415709,7.499841970900048,-2.491214257727878
1758191576.5149121,7.496895631036831,-2.451323612146612
1758191576.6142416,7.492478613149546,-2.3914875380038407
1758191576.7248926,7.489536635675661,-2.3515968396252553
1758191576.8153944,7.487330910026871,-2.3216791326204436
1758191576.9150324,7.485122191744583,-2.2917615797464204
1758191577.0146506,7.482177456186227,-2.2518714905871926
1758191577.1176867,7.479232971263965,-2.211981380214451
1758191577.21444,7.475567678285696,-2.1621098759610815
1758191577.3149571,7.473378018056414,-2.1321795423926697
1758191577.4145505,7.470461610664122,-2.092274282763032
1758191577.5158079,7.4667983739982855,-2.0424051499894
1758191577.6157796,7.4645982092144445,-2.012486960254404
1758191577.7205396,7.462398177084339,-1.982568760165889
1758191577.8306262,7.4594752276777685,-1.9426642789983648
1758191577.9214132,7.4565461046506885,-1.9027723311376472
1758191578.0157142,7.453617178163749,-1.862880391624109
1758191578.115503,7.450688965704452,-1.8229884170050294
1758191578.2148163,7.447762010269247,-1.7830963818070182
1758191578.3149166,7.444106076381109,-1.733231301113067
1758191578.416523,7.441182830847904,-1.6933395909594604
1758191578.514607,7.4375243239484155,-1.6434753308664953
1758191578.6154916,7.434597802044909,-1.6035838990410316
1758191578.7157433,7.432403074212379,-1.573665311458246
1758191578.817712,7.429497278698951,-1.533760125956163
1758191578.915174,7.42659712023958,-1.4938539953488201
1758191579.0159838,7.424424941811731,-1.4639207223027924
1758191579.116705,7.4215124004581785,-1.424026471657644
1758191579.2157707,7.418597553870581,-1.3841341803951699
1758191579.315296,7.415682943248805,-1.3442418708647992
1758191579.4152656,7.412779989156409,-1.3043357090057988
1758191579.515308,7.409142042976825,-1.2544690747581488
1758191579.6166906,7.4069595677268065,-1.2245490838530024
1758191579.7162557,7.403323306604905,-1.1746823719471193
1758191579.8158371,7.401142655427547,-1.1447622981232382
1758191579.9172163,7.398237040408921,-1.1048688705847374
1758191580.0151784,7.395332667875703,-1.064975862680293
1758191580.1152482,7.391697617575185,-1.0151098869868909
1758191580.217214,7.389516776741292,-0.9851902857444821
1758191580.3153818,7.386609207390699,-0.9452974658148082
1758191580.4153566,7.382997512262798,-0.8954163295048213
1758191580.5144162,7.380116403498683,-0.8555087498240234
1758191580.6146266,7.377231579165028,-0.8156031228025487
1758191580.7247188,7.373610569481219,-0.7657361164753543
1758191580.8150656,7.371438140925171,-0.735815898781
1758191580.9148958,7.367828422783454,-0.6859357139602209
1758191581.023809,7.3642132294552,-0.6360674164905462
1758191581.114769,7.362044262588876,-0.6061464400636081
1758191581.2155228,7.358430355994779,-0.556278095313789
1758191581.3189166,7.355540803878451,-0.516383351671792
1758191581.414236,7.351932065461429,-0.46651498041744066
1758191581.5157714,7.349043889347323,-0.4266202641763902
1758191581.615403,7.346876436926971,-0.3966996912919747
1758191581.7172318,7.3439867210617615,-0.35680557583895545
1758191581.815636,7.341097254941407,-0.3169114396930196
1758191581.9177735,7.338946662406259,-0.2869800162972078
1758191582.0154772,7.335367513317945,-0.2370933599630232
1758191582.114282,7.331784928184601,-0.18720996328171965
1758191582.214969,7.330345855996014,-0.1672624853780176
1758191582.314623,7.326748434422781,-0.11739377015465141
1758191582.426168,7.323875751272694,-0.07749195274081613
1758191582.5152843,7.32172461559294,-0.04756409112333948
1758191582.6147718,7.317414557047264,0.012279890567203864
1758191582.7144196,7.315259929914378,0.04220189621275637
1758191582.8147397,7.313105887206638,0.0721239312448869
1758191582.9149282,7.308800557531203,0.13196809177283766
1758191583.0206285,7.306650020253042,0.16189007799129593
1758191583.1147366,7.303780685551055,0.20178608896346015
1758191583.2153394,7.300909562010904,0.24168154496813948
1758191583.314838,7.298038690411906,0.28157702181163685
1758191583.4149036,7.295885700319269,0.3114986429629275
1758191583.5167334,7.293033691164421,0.35140632074801237
1758191583.6177657,7.290188653872174,0.3913171507526714
1758191583.7199094,7.287343920124295,0.4312276420912535
1758191583.8191223,7.2851988958445935,0.4611498361776656
1758191583.9156785,7.28233907208943,0.5010461112090975
1758191584.0145128,7.2816105391295824,0.5293754833008306
1758191584.116342,7.2775437495890785,0.5404387873313656
1758191584.215153,7.270281718953065,0.541620759469312
1758191584.316038,7.25624485212433,0.540135011602652
1758191584.415769,7.24517508378995,0.5379730350173453
1758191584.516178,7.231973930389676,0.5337523518120385
1758191584.6154597,7.222242032041558,0.5290792972720013
1758191584.7160363,7.212871580145513,0.5237183817077511
1758191584.81718,7.20174044884375,0.5160925633221589
1758191584.9147818,7.197487631035988,0.5127670583024285
1758191585.0147674,7.187402794911823,0.503802978874869
1758191585.1147897,7.178164144887763,0.49396870545569843
1758191585.2151744,7.173058519974138,0.4876832308295326
1758191585.3145843,7.165326199383924,0.4766246424331403
1758191585.4161212,7.161175108171859,0.4696713118309196
1758191585.5163627,7.1558016222701415,0.46330686844153357
1758191585.6149025,7.097754874213409,0.4831067067104309
1758191585.715555,7.070318612010323,0.4953313133255369
1758191585.8217826,7.03378771392576,0.5116212404555026
1758191585.9159143,6.988102148742833,0.5319825332617529
1758191586.0163357,6.951535456504433,0.5482698424347194
1758191586.1163745,6.924134865729334,0.5604830333973408
1758191586.215254,6.889477210756785,0.5735351677233193
1758191586.3155472,6.879513472600621,0.5706704639090308
1758191586.4163377,6.876602700510841,0.5631826244635165
1758191586.516481,6.872308407044869,0.5475723762913463
1758191586.6156545,6.870391922132591,0.5369473517618644
1758191586.7151697,6.869244734933798,0.526211931892137
1758191586.8145902,6.868900487558207,0.5127223231394895
1758191586.915486,6.869498374620975,0.5019426243423585
1758191587.0151942,6.8704549644122155,0.49390148181519483
1758191587.1147618,6.87300861777695,0.4806520681650983
1758191587.2241893,6.861764610939406,0.47017960896540245
1758191587.3149834,6.814689632111347,0.45539127713209643
1758191587.4144173,6.766704172618969,0.44115277099869077
1758191587.515346,6.737951450087535,0.43259283087919864
1758191587.6173425,6.709199260371941,0.4240334021020108
1758191587.7152958,6.661279404969269,0.4097682948236783
1758191587.8149817,6.632521769824486,0.40121515900234705
1758191587.915114,6.584577966383817,0.38696562342119023
1758191588.023326,6.536654399403354,0.37270722929558314
1758191588.1147406,6.518066273446174,0.367546526325932
1758191588.2155874,6.494438819003966,0.3604049333130808
1758191588.3147001,6.493269846027503,0.3513266459123776
1758191588.4156659,6.497499603264274,0.3413951141247923
1758191588.5143383,6.502433952269117,0.3317932588914779
1758191588.615536,6.509551805963343,0.3203306775812065
1758191588.7150402,6.51268282771213,0.3159326984316021
1758191588.814818,6.519409398127686,0.30748879633401316
1758191588.9149091,6.52484356682872,0.3014853617373805
1758191589.0147316,6.532578059953743,0.2939533588691282
1758191589.1154413,6.540834497108094,0.28699706662491054
1758191589.2207036,6.549570145226391,0.2806525685800743
1758191589.3145041,6.561094444565868,0.2736321433987566
1758191589.41585,6.5707394313245775,0.2687795160487922
1758191589.5147238,6.57818872956971,0.26560238416620086
1758191589.615936,6.590950283432892,0.26121501810198006
1758191589.7149904,6.595697771164482,0.25804171137894394
1758191589.8153622,6.5945267537229535,0.22758004388435238
1758191589.9249718,6.586317335867822,0.18721642359746074
1758191590.0235481,6.5779173094217045,0.14808637078604298
1758191590.1150005,6.569511240516417,0.10897906865913412
1758191590.2191036,6.561105557558313,0.06987351863191138
1758191590.315126,6.550613084529525,0.020961354406210688
1758191590.4173646,6.540122706410804,-0.02795035684596087
1758191590.5159194,6.533831071541111,-0.057297970388624594
1758191590.6171534,6.527540586433985,-0.08664351900258828
1758191590.7155461,6.5170492954475305,-0.13552853299824671
1758191590.8155909,6.512852863978543,-0.15508256177478963
1758191590.915668,6.504460164051573,-0.1941906669284144
1758191591.0154817,6.493969594439761,-0.24307588468155492
1758191591.1149151,6.485577383304387,-0.2821841229502326
1758191591.217845,6.4750874262372955,-0.33106949172608185
1758191591.3158293,6.466705414301766,-0.37019887857592026
1758191591.4152057,6.458327675379473,-0.40933381741612457
1758191591.5145483,6.449953755360682,-0.4484695395210705
1758191591.615202,6.441579239001783,-0.4875948139660449
1758191591.7176993,6.435295292336672,-0.516928138857119
1758191591.815499,6.426919483766226,-0.5560453673871849
1758191591.9155235,6.420646553944792,-0.5853985789958036
1758191592.0154831,6.414372468927818,-0.6147500135017185
1758191592.121625,6.403919466234915,-0.6636698138219694
1758191592.2150264,6.397183944858699,-0.7002589284757792
1758191592.315465,6.396504894191225,-0.7140306061296081
1758191592.415771,6.3905629430395,-0.7182824919403068
1758191592.5150723,6.38029740001364,-0.7150217464201555
1758191592.619029,6.370266530160441,-0.711032069912211
1758191592.7154024,6.36054871708372,-0.7063312782960568
1758191592.8159454,6.3511942357427005,-0.7009437274484105
1758191592.9144275,6.342251475879192,-0.6948973044458037
1758191593.0162568,6.3358425148904365,-0.6899487943030541
1758191593.1160605,6.327730179052173,-0.6828265566107168
1758191593.2153044,6.321993606389458,-0.6771118522667116
1758191593.3174224,6.313144199047647,-0.6669262914258508
1758191593.4192495,6.305245710560588,-0.6559863297466361
1758191593.5168345,6.298362173658362,-0.6443804526087754
1758191593.6169155,6.294742817126423,-0.6371361657020617
1758191593.717485,6.290535035382075,-0.6271932798922643
1758191593.81556,6.266197870416164,-0.6235830440031239
1758191593.9148421,6.2267486713820155,-0.6347943050467383
1758191594.0146136,6.188382764927591,-0.6462182141741628
1758191594.1151657,6.150056631401353,-0.6576629899636303
1758191594.2187233,6.111722985169467,-0.6691028495570126
1758191594.3156538,6.08296248944824,-0.6776750814553644
1758191594.414843,6.044606749474032,-0.6891060436136646
1758191594.514739,5.9966886366875745,-0.7033996244465023
1758191594.6199696,5.967942583140572,-0.7119783183531669
1758191594.716083,5.929614451952923,-0.7234164147210379
1758191594.8157644,5.891286250948919,-0.734854327089632
1758191594.914767,5.8625400544797595,-0.7434326409158477
1758191595.0158627,5.814629642750794,-0.7577296006732979
1758191595.1158915,5.795465449960529,-0.7634483037286673
1758191595.215323,5.776301242031477,-0.7691669603431235
1758191595.3165245,5.718808534400524,-0.7863226498487125
1758191595.416878,5.690062137736539,-0.7949003360176764
1758191595.5155258,5.642150336802966,-0.8091958894626906
1758191595.6149855,5.613403854521561,-0.8177732253640139
1758191595.7154615,5.575073736454654,-0.8292087914848486
1758191595.8149965,5.536737250610179,-0.8406411839989633
1758191595.9151883,5.50066586902415,-0.8503350889518543
1758191596.0202966,5.484405103953142,-0.8514931211679886
1758191596.115978,5.479368604144134,-0.8403104576088881
1758191596.2155404,5.477670747387498,-0.8296485035045325
1758191596.3144958,5.476744293613918,-0.818891931683389
1758191596.4150252,5.476676792550374,-0.8053982603498204
1758191596.515096,5.477218516413677,-0.7973184992443098
1758191596.6220074,5.4781955234645245,-0.7892798460480923
1758191596.7149312,5.4801701741892375,-0.7786660618375417
1758191596.8146586,5.4829031528861485,-0.7682219688824018
1758191596.915984,5.486380266139836,-0.7580016442387097
1758191597.0150309,5.490583478370336,-0.7480579906598142
1758191597.1145883,5.495491009936267,-0.7384424669891705
1758191597.2147405,5.502576831358682,-0.7269601099620382
1758191597.3209758,5.50897087204574,-0.7182617919112354
1758191597.415001,5.517815914262426,-0.7080722029194845
1758191597.5145752,5.525529346092855,-0.7005186290419382
1758191597.6156723,5.517534093341607,-0.6784487240721966
1758191597.7172837,5.485573329746875,-0.6388050845645543
1758191597.814191,5.460297670196129,-0.6077713094214436
1758191597.9150088,5.4413447304406874,-0.5845108064012765
1758191598.0173566,5.409755905913298,-0.545744204893454
1758191598.1229446,5.384490868900884,-0.5147339807858919
1758191598.2146626,5.368872738352092,-0.49390471594175983
1758191598.3154864,5.3691849463837675,-0.48196127014249457
1758191598.416543,5.3684298927205765,-0.4723347961146953
1758191598.518224,5.367824071599138,-0.46492386918962336
1758191598.6184888,5.367081570765603,-0.452422805665656
1758191598.715256,5.367128298020441,-0.44508070541673667
1758191598.8147848,5.367373541187301,-0.4326160805251374
1758191598.9150343,5.367777139970891,-0.4224565892877301
1758191599.0145714,5.368773557544946,-0.41258715766173026
1758191599.1156332,5.369979852670023,-0.4025428391686821
1758191599.2157853,5.369972608839843,-0.39688108492070956
1758191599.3281877,5.364687983427806,-0.39659767904811394
1758191599.4150817,5.351144293802302,-0.40070655009935424
1758191599.522372,5.348313437351157,-0.41019948204480944
1758191599.615199,5.346898525715867,-0.42042422898739884
1758191599.7157326,5.3460526983943035,-0.4335224418001713
1758191599.8148072,5.345918783072627,-0.4414323929141283
1758191599.9151416,5.345329870942799,-0.45029123603710414
1758191600.0145802,5.327208997515272,-0.42539854539001287
1758191600.1152472,5.302312577346718,-0.3913957833528883
1758191600.215214,5.277960981465219,-0.3576572022190613
1758191600.315192,5.260231005094166,-0.33344588045260776
1758191600.414571,5.236593779346589,-0.30117926088425034
1758191600.517751,5.207047344003534,-0.26084589603831965
1758191600.615738,5.1893195293518755,-0.23664582903553508
1758191600.7158961,5.165682495591033,-0.20437901765019756
1758191600.8153286,5.147298701057572,-0.17778089958754095
1758191600.9149082,5.145879878397322,-0.16712421272850433
1758191601.016225,5.157109195114838,-0.15988653591217067
1758191601.1147137,5.169158119248826,-0.15381095898330138
1758191601.214818,5.17663271242201,-0.15069436926339191
1758191601.3155167,5.18683981954471,-0.14717489611108012
1758191601.4151595,5.194646928826646,-0.14502227902676404
1758191601.5162358,5.204899461800397,-0.14104803376017638
1758191601.6150608,5.206179164303859,-0.1106113766743064
1758191601.715648,5.202545612517729,-0.07965719589656571
1758191601.8145034,5.195992878750225,-0.03003140740319983
1758191601.9146686,5.190743323098673,0.009621190453375287
1758191602.0149784,5.186810090696184,0.039365364686315345
1758191602.1146953,5.18026624713959,0.0889581925475664
1758191602.2151937,5.176343580603711,0.11871859678641473
1758191602.3156238,5.171117181994015,0.158399728520323
1758191602.4144735,5.165895098428273,0.19808142004863266
1758191602.5189285,5.161977726512457,0.2278358597732574
1758191602.6149714,5.158055259507202,0.2575772455795226
1758191602.71566,5.151518119764262,0.3071462640297709
1758191602.8155963,5.146288677538058,0.34680151647618085
1758191602.9149392,5.142366751980308,0.3765429776768261
1758191603.014659,5.138451187767099,0.40628870413029977
1758191603.1157525,5.131943531304427,0.4558784459428662
1758191603.2145095,5.125440300430666,0.5054681542646066
1758191603.314683,5.120238659728039,0.5451395917362021
1758191603.415397,5.115023198658853,0.5847966887216798
1758191603.5146015,5.109807962282958,0.6244538164123159
1758191603.6145606,5.103305062052582,0.6740442356401498
1758191603.7180388,5.0994080045719805,0.7038040694426109
1758191603.8154035,5.092900007675824,0.7533804439627482
1758191603.9159834,5.087693110805507,0.7930393368312177
1758191604.015323,5.082487417890653,0.8326983574392164
1758191604.1154761,5.075982960919864,0.882272333951828
1758191604.216343,5.070781000591618,0.9219316737397348
1758191604.314876,5.065575599822368,0.9615900865293237
1758191604.4176424,5.060370439299106,1.0012485334615322
1758191604.5175033,5.055165515337109,1.0409070138257672
1758191604.615513,5.049973887843675,1.0805751539289385
1758191604.716156,5.044791786176757,1.1202492630920189
1758191604.8160975,5.039614777590806,1.1599273155023784
1758191604.9160666,5.034419977671926,1.1995871440942578
1758191605.0145059,5.0292255191819635,1.2392469989701038
1758191605.1149278,5.024034654378447,1.278910712862562
1758191605.2158346,5.020158564074523,1.3086788483953558
1758191605.3164732,5.014974820008708,1.3483486742187178
1758191605.4152677,5.008491271679107,1.3979256012949022
1758191605.5253112,5.003305548543189,1.4375872558133096
1758191605.6157346,4.999417232127683,1.467333594963967
1758191605.7157042,4.994234663712334,1.5069954944527557
1758191605.814692,4.989053468397528,1.5466565813606383
1758191605.9153686,4.986834520426851,1.5658964240941988
1758191606.025359,4.98554749505138,1.5884818733551898
1758191606.1198175,4.9792532894907655,1.5963009045624543
1758191606.2156134,4.968227335448465,1.5954364522495978
1758191606.315141,4.956983936062762,1.5933547914030195
1758191606.415614,4.94633676767498,1.5900725288897866
1758191606.5168972,4.935157293260752,1.5865341221666434
1758191606.6190372,4.926807407756982,1.5833817537402473
1758191606.7144516,4.918654577673854,1.5797384953474047
1758191606.8146315,4.905589006701251,1.572615457293791
1758191606.919125,4.895678905199748,1.566014181077645
1758191607.0153682,4.886296430493053,1.558653915483926
1758191607.1159592,4.877500025390182,1.5505811882852327
1758191607.2157204,4.85423127653205,1.5561362019143683
1758191607.3177755,4.8115972472606385,1.583532235223369
1758191607.414746,4.778083611167595,1.6053831985126419
1758191607.5185323,4.7362052519485545,1.6326959211930994
1758191607.6148694,4.7110781866797,1.6490834921746016
1758191607.7154765,4.677575378496043,1.6709335143834732
1758191607.817223,4.652448233983464,1.6873209765087098
1758191607.91507,4.610569592297128,1.7146333078868217
1758191608.0156138,4.568690872498214,1.7419455039423155
1758191608.1153579,4.537492817955501,1.7615665882532272
1758191608.215477,4.520474991347072,1.7660623204447006
1758191608.3150845,4.512815236198552,1.757524618610506
1758191608.4153059,4.50520459809014,1.7450866831235423
1758191608.5148845,4.50008200845532,1.7346644363363124
1758191608.6144238,4.49657107748715,1.7265271242328968
1758191608.7146144,4.491502115431055,1.712416828914929
1758191608.8155777,4.489177767984213,1.7037423414876867
1758191608.9149723,4.474235439365177,1.6937919255708072
1758191609.015121,4.435272908525612,1.692805170978532
1758191609.1212857,4.3952335642624085,1.6930039099420362
1758191609.2150867,4.365234945139446,1.6931672869719236
1758191609.3150132,4.31523723847309,1.6934392220781023
1758191609.415444,4.285238612026305,1.6936021659985956
1758191609.5152452,4.245240443921153,1.6938191705010222
1758191609.6155834,4.205240878858288,1.6940342107442612
1758191609.7146049,4.175223205097585,1.6941826471560908
1758191609.8152401,4.135197148644581,1.694376511677897
1758191609.9173555,4.09517107787198,1.694565676797382
1758191610.0167215,4.065151527018144,1.6947044799451538
1758191610.114853,4.015145734877641,1.6949483476804201
1758191610.2147522,3.9751473285514787,1.6951467646888054
1758191610.315591,3.935127736071879,1.6953225626389141
1758191610.423329,3.9051143593632966,1.6954518987541007
1758191610.5157707,3.8650987290104677,1.6956206850192843
1758191610.6145337,3.825090074199712,1.6957908089927314
1758191610.7149692,3.7950913409346194,1.6959304562520034
1758191610.8155677,3.745093444368539,1.6961628408498508
1758191610.916354,3.715094700476052,1.696302054206793
1758191611.019351,3.665096788436508,1.696533711270265
1758191611.1155071,3.6250984580633725,1.6967187069072946
1758191611.2146318,3.5851001310131085,1.6969034090463773
1758191611.3230374,3.555083047465516,1.6970276383943965
1758191611.415474,3.5050502624697337,1.697229549990384
1758191611.5171611,3.465024035438155,1.6973857915993193
1758191611.6156182,3.424998193775018,1.6975374781995438
1758191611.7149765,3.384999782542794,1.6977036911994081
1758191611.8245902,3.3450006935783456,1.6978683035730264
1758191611.9145036,3.3049806130728108,1.6980128798537717
1758191612.01586,3.26496027412741,1.698153603515974
1758191612.1150463,3.2249352985957263,1.6982947359071043
1758191612.2144399,3.1749235732881673,1.698477644254215
1758191612.3151386,3.1449247254129586,1.6985918102594093
1758191612.4151073,3.1049262609378445,1.6987437817760118
1758191612.5148225,3.064927790108842,1.6988954577387803
1758191612.6150076,3.024929316456479,1.6990468363297782
1758191612.7161326,2.984930843804478,1.6991979166882036
1758191612.8246005,2.9449249189228714,1.6993420207689285
1758191612.9146352,2.9149052292114987,1.6994398284773982
1758191613.0157259,2.8748789830036365,1.699566332661967
1758191613.1145432,2.834852786896617,1.6996881063476312
1758191613.2154136,2.7948286490128322,1.6998065844697452
1758191613.3144722,2.7548301349872077,1.699938514375483
1758191613.4248521,2.7148314839349323,1.7000700585406698
1758191613.515456,2.674813987685516,1.700183650066057
1758191613.6156895,2.634809859585533,1.7003078683654662
1758191613.7152424,2.6148074689932437,1.7003691185999212
1758191613.8222396,2.5648059853729315,1.7005243806743324
1758191613.915034,2.5248073449708954,1.700649745476981
1758191614.0154736,2.4848087895914244,1.7007748166008234
1758191614.1151943,2.444810225974602,1.7008996017680735
1758191614.215988,2.4048116589297943,1.7010240833507142
1758191614.31532,2.364813092272137,1.701148260275575
1758191614.4153688,2.3248119145499797,1.7012698823339938
1758191614.5144155,2.2848133562861332,1.7013930276818021
1758191614.615295,2.2548144437405626,1.7014851834087275
1758191614.7152026,2.2148159014303372,1.7016077955301008
1758191614.8271446,2.1648069199677717,1.7017532725837092
1758191614.9247696,2.124808386604279,1.701873777094521
1758191615.0143049,2.084803529389748,1.7019884884267862
1758191615.1155033,2.0447918192373735,1.7020918820887085
1758191615.2145398,2.004767721673903,1.7021896744851106
1758191615.3150694,1.9647518097632577,1.7022894920410536
1758191615.4154599,1.9147534945995837,1.7024262146177374
1758191615.5164292,1.8747548788099988,1.702535180187677
1758191615.6160018,1.8347562701093936,1.7026438779913784
1758191615.7168422,1.8073340267992262,1.70268447487525
1758191615.8157268,1.7896118889534478,1.7040452117652043
1758191615.9153004,1.7852025995444316,1.7119489238388335
1758191616.0208764,1.7859030392065374,1.720001529010867
1758191616.1153264,1.7875144914652843,1.7306544825411616
1758191616.215003,1.7898877010787286,1.7411611876137554
1758191616.3161743,1.79301236549421,1.7514676485701122
1758191616.4294317,1.7968705956400541,1.7615198355883108
1758191616.5145464,1.801487117501173,1.771273466672097
1758191616.615457,1.8082343846737086,1.7829584120535076
1758191616.7174761,1.8071516139155717,1.7934565955797321
1758191616.82219,1.7639108732821576,1.8291650205706387
1758191616.9207273,1.7317817120521575,1.8531263949889836
1758191617.0144393,1.7077421502348629,1.8710712591234988
1758191617.1145363,1.6676761421713533,1.9009792962580063
1758191617.2182586,1.635623271030227,1.9249056654564307
1758191617.318453,1.6035703441950793,1.9488319817953954
1758191617.4146562,1.5795306144812873,1.9667766841110323
1758191617.5148647,1.5452262864328417,1.991390296297376
1758191617.6190114,1.5398181937689115,1.9988193515363541
1758191617.7160437,1.5450786358442488,2.007328075067713
1758191617.8145442,1.5525666714122217,2.0151052134048597
1758191617.9142134,1.5626814919147773,2.0240366212269043
1758191618.0182436,1.571326143771275,2.03050460398947
1758191618.1180186,1.5827495352503638,2.037688113250912
1758191618.2151244,1.5898975277289562,2.041494895430308
1758191618.3152983,1.5882516786243084,2.0648853974504715
1758191618.4154751,1.5685303583901888,2.1118054137182583
1758191618.515679,1.5566624532774067,2.1393589893131235
1758191618.6199503,1.5408376913514676,2.1760973345671792
1758191618.7151864,1.5250127095264077,2.2128355813112877
1758191618.8153603,1.513144316108595,2.240390794261079
1758191618.914597,1.4973240993060286,2.2771385758228195
1758191619.0150125,1.4815046013640032,2.31387617714921
1758191619.120115,1.4656875199931172,2.350625884735659
1758191619.2145042,1.4498695700770055,2.3873652646186425
1758191619.315169,1.4380054299896208,2.414918226618385
1758191619.4162652,1.4261413809525127,2.442471231421051
1758191619.5154576,1.4123735304213454,2.4768387312521085
1758191619.6287074,1.4112486453464725,2.493883849546158
1758191619.72678,1.41878462976885,2.4967056362989304
1758191619.8170853,1.4291368214648494,2.49977109472922
1758191619.9214747,1.439682860538388,2.5020839411586864
1758191620.0157938,1.4450115009988995,2.5029542172473067
1758191620.1147554,1.4557454682437594,2.5041168206028344
1758191620.2149434,1.4631255643212764,2.5263730803118394
1758191620.3155866,1.4628523835639855,2.5570535399676775
1758191620.4243777,1.4619168926381698,2.617421606311918
1758191620.5148792,1.4612531125090713,2.6574147720051644
1758191620.6165013,1.4605896013924804,2.6974081015174263
1758191620.7156513,1.460114809017986,2.727425753447107
1758191620.8158848,1.4594849375800374,2.7674464053152916
1758191620.9163296,1.4588518594063706,2.8074688761126216
1758191621.0151303,1.4583777433984342,2.83748520647845
1758191621.117608,1.4574345148539645,2.897513342103745
1758191621.2165236,1.4567937704359626,2.9375069163150096
1758191621.315583,1.4564735063454413,2.957503707326893
1758191621.4147604,1.4559932332050833,2.9874988986433673
1758191621.5149727,1.4553530995608945,3.0274924935866303
1758191621.6157613,1.4545533038636018,3.0774844923660303
1758191621.7161684,1.4541680794295497,3.1068885887142046
1758191621.8153617,1.4546248447591796,3.1296918438534718
1758191621.9153967,1.4631896602630152,3.137685912057989
1758191622.0181313,1.4712691155755373,3.137095873927346
1758191622.1146226,1.4846217737838456,3.1351507831278496
1758191622.219818,1.4977452694636466,3.132013524969166
1758191622.3193772,1.508007623855975,3.1286621634723017
1758191622.422272,1.5180264277462443,3.13197993621029
1758191622.516363,1.5267164867539846,3.1446782301497342
1758191622.6145263,1.5475692724846009,3.1911067529481425
1758191622.7149084,1.564013761035716,3.227590390581698
1758191622.8155963,1.5804657652700091,3.264048496558292
1758191622.9147434,1.5928045225601606,3.2913921874239978
1758191623.019412,1.6035975217154683,3.318964294119416
1758191623.1263728,1.6118769629023906,3.3188680552316367
1758191623.2152684,1.623438831909366,3.311912808981584
1758191623.3160548,1.6278805084032995,3.308844240413202
1758191623.422698,1.636418376044576,3.302237697934249
1758191623.5152912,1.644459036996354,3.295034092804405
1758191623.6148891,1.6519608736084865,3.2872706795831195
1758191623.7170222,1.6572101642720505,3.2811047978704764
1758191623.8153853,1.6651956152876197,3.270227756440444
1758191623.9156392,1.6695060775285566,3.2633721668360014
1758191624.016624,1.6746661266203537,3.25388843630099
1758191624.1193047,1.6791306859041226,3.2440579456501295
1758191624.2150266,1.6820086003948815,3.236488120040738
1758191624.3146725,1.685202495297122,3.2261743948458306
1758191624.4167585,1.6871063543336522,3.218302889336934
1758191624.5149605,1.710627909632646,3.2110042712821576
1758191624.6156917,1.7512801281264871,3.215945730025746
1758191624.714745,1.7909644942005336,3.2213612811583174
1758191624.8146687,1.8206867808150575,3.2254262181822684
1758191624.9148962,1.8702239475694886,3.23220082500504
1758191625.0156348,1.9098536993451427,3.2376202514835146
1758191625.1159232,1.949487744904215,3.2430337318019085
1758191625.2151825,1.999026567509984,3.249805065419533
1758191625.3275797,2.0287724223122123,3.253851226382326
1758191625.4147031,2.0684251567534697,3.259250236468724
1758191625.5167885,2.1179936809298976,3.2659926391904865
1758191625.6155696,2.1576447598759483,3.2713897191717387
1758191625.715579,2.207184556855538,3.278144966122789
1758191625.8143592,2.2468164459479905,3.2835489057392087
1758191625.9167197,2.276540391350036,3.2876017111491604
1758191626.0156794,2.3062643593467054,3.291654388462394
1758191626.1166508,2.355804350070482,3.2984085654416075
1758191626.2155523,2.395436375653971,3.303811649712485
1758191626.315447,2.4251696526889654,3.307856450466036
1758191626.4361181,2.4449930886310924,3.3105514268560294
1758191626.5147119,2.5243009126707627,3.3213240622444293
1758191626.6252263,2.5639476549431333,3.326707304072008
1758191626.7156234,2.5936860291337496,3.330741275057112
1758191626.8152184,2.6333444986838463,3.336112575421798
1758191626.9263573,2.6630705902991623,3.3401535551137607
1758191627.0143244,2.6927962072946845,3.3441937353399913
1758191627.1160371,2.7324525955037213,3.3495672949489728
1758191627.2160513,2.7721130204982156,3.3549373360579846
1758191627.3249006,2.811748232061189,3.360316811380741
1758191627.421025,2.8513834959220015,3.365695898741504
1758191627.5153136,2.891018804281418,3.3710747584338603
1758191627.622228,2.9306541535931667,3.3764533902913665
1758191627.7146184,2.9702895387423047,3.3818317938778133
1758191627.822823,3.019833811612333,3.388554476520537
1758191627.9158309,3.049569817943359,3.392580718984722
1758191628.0158427,3.099121839278139,3.399293748543032
1758191628.1229045,3.1387894606374798,3.404649148574635
1758191628.214807,3.1784503119378305,3.410002072146662
1758191628.3155653,3.218101969663557,3.4153584456076373
1758191628.4154625,3.247850873339644,3.4193682838173083
1758191628.5156558,3.2874910043696293,3.424727135657989
1758191628.6148775,3.3271328914032194,3.4300865173138635
1758191628.7155178,3.3568803101239477,3.434096354773654
1758191628.8167853,3.3965428086607123,3.4394418943092746
1758191628.9152517,3.4361814094158696,3.4447962796068903
1758191629.0183403,3.4758200584102146,3.450150373465789
1758191629.1169698,3.515458751670367,3.45550423949259
1758191629.2148364,3.5451877985495375,3.4595194894007744
1758191629.3161013,3.584826559598829,3.4648729561242395
1758191629.4201293,3.6244653517217325,3.4702261939832337
1758191629.5167315,3.6641098001419525,3.475574363744633
1758191629.6158314,3.703759846261897,3.480917034380478
1758191629.7147398,3.7533319466335877,3.4875896690099846
1758191629.8177412,3.7930047754807505,3.4929144791908677
1758191629.9146018,3.8029148738599736,3.4942497084139625
1758191630.0150445,3.8624070789920926,3.502240218871733
1758191630.1156394,3.902054644583186,3.5075715876506988
1758191630.2152703,3.9416955600038723,3.512908534230753
1758191630.3151648,3.9912782290191036,3.5195608522014563
1758191630.417823,4.021025996247004,3.52355156847629
1758191630.514453,4.06066796946602,3.5288809140872024
1758191630.6226377,4.090399480213293,3.5328777501877684
1758191630.7149017,4.130041533477752,3.53820666549189
1758191630.82266,4.169683628164745,3.543535352679873
1758191630.9154973,4.219236297203871,3.5501958902547233
1758191631.0159388,4.2588784658551395,3.5555240625307323
1758191631.117113,4.288618069189343,3.559514063687391
1758191631.2154174,4.328269402829842,3.5648329987721388
1758191631.3148878,4.367927992240833,3.5701482419561716
1758191631.4157624,4.4076099080437,3.5754453201080088
1758191631.5202024,4.447257530312345,3.5807570275301632
1758191631.6164846,4.496847080403879,3.5873790459839814
1758191631.7157655,4.5364919092818266,3.592689643550467
1758191631.815391,4.566225134625865,3.5966735329443433
1758191631.9155607,4.605895061144608,3.601970084517575
1758191632.0155647,4.645562321206025,3.6072662533800544
1758191632.1151893,4.675296315650541,3.611244504091236
1758191632.2153013,4.724853030792683,3.617874611016468
1758191632.315545,4.764498452370143,3.623178439854902
1758191632.414612,4.804143913959377,3.6284820403172717
1758191632.5157812,4.843789410301724,3.633785411951374
1758191632.6162832,4.873523551804384,3.637762790180408
1758191632.7144945,4.913178236635527,3.6430584645740938
1758191632.8150268,4.952831579803776,3.64835333375507
1758191632.914638,5.002418984909229,3.6549598972897295
1758191633.0149686,5.032185537075712,3.6589115344341465
1758191633.1158662,5.071851412818721,3.664184402843401
1758191633.2166383,5.111524153672029,3.6694518488813452
1758191633.314995,5.151175148573008,3.674732891128326
1758191633.4171782,5.190837912762185,3.6800072043969587
1758191633.5214,5.230513514776276,3.68527433131587
1758191633.6146939,5.270183544349996,3.6905403368044616
1758191633.7158623,5.3098329588984,3.6958140351861872
1758191633.8157575,5.3494824189480275,3.701087499018051
1758191633.9183953,5.389131922514642,3.7063607344756906
1758191634.0152447,5.418869076491849,3.7103155110781345
1758191634.1167772,5.448606250612998,3.714270158915569
1758191634.2154443,5.488255843166059,3.7195428220054043
1758191634.3158584,5.527905461250476,3.724815255251913
1758191634.417859,5.557659337481393,3.7287556405433437
1758191634.5142984,5.607232675002824,3.7353356662922645
1758191634.6227236,5.646925448612105,3.740576431504291
1758191634.7242095,5.686603704698858,3.7458145355460704
1758191634.818272,5.726272388734156,3.7510588353032075
1758191634.915024,5.77584851006391,3.7576158038285925
1758191635.0156834,5.805596867363394,3.7615489643925946
1758191635.115527,5.845276434196616,3.766786380769374
1758191635.2146294,5.884955831804218,3.7720198240673612
1758191635.315822,5.904782550428231,3.7746416644568552
1758191635.4146178,5.944436038379494,3.7798846804204054
1758191635.5175676,5.984089571205258,3.785127467718987
1758191635.6151924,6.033656546429039,3.7916806303357657
1758191635.7155697,6.073310168444632,3.796922902821947
1758191635.827195,6.112963821476937,3.802164945770136
1758191635.914658,6.152617998572736,3.80740655458228
1758191636.0173051,6.1922882072420675,3.8126338093519303
1758191636.1161165,6.231952696749579,3.8178655942928237
1758191636.21549,6.261725381705825,3.8217736330864396
1758191636.315624,6.3014181260565,3.8269761316329594
1758191636.4164162,6.351004878705109,3.833495731475653
1758191636.5146177,6.380757900381138,3.8374037358797106
1758191636.6147385,6.420419402709205,3.8426226988305
1758191636.7220588,6.460101415033776,3.847829796589233
1758191636.814565,6.499785431123159,3.853033088148318
1758191636.9156964,6.549362008967391,3.8595469172140144
1758191637.0152302,6.579105169113723,3.863456126422803
1758191637.114458,6.612525301107276,3.866302121752975
1758191637.215028,6.625952035628041,3.8686246572131777
1758191637.3215125,6.628090780161941,3.8750937107842676
1758191637.4148383,6.625609123255281,3.8855966758509286
1758191637.5158587,6.621451968890493,3.8984331898927613
1758191637.6153104,6.618409512347687,3.9059372812378212
1758191637.7153277,6.613731568025514,3.91566656353441
1758191637.8154569,6.60836593687322,3.9250341672410816
1758191637.9174018,6.602340381308399,3.9339916197838654
1758191638.015249,6.595686063783515,3.9424925632187855
1758191638.1150417,6.590303281510551,3.948542116277978
1758191638.2152762,6.582633281604414,3.956139800950466
1758191638.3162282,6.576532765103178,3.9614652342996903
1758191638.4148247,6.565755175867023,3.9695850026607706
1758191638.5152256,6.558953292240151,3.9739801037042155
1758191638.6145442,6.551924005643304,3.978001722234784
1758191638.7163064,6.539759166658786,3.9838430402733924
1758191638.8154178,6.529679794864136,3.987713798274047
1758191638.9152408,6.519348082948313,3.990849381446548
1758191639.0153894,6.503494909327154,3.9941397997626846
1758191639.1149516,6.495458356336633,3.995138571523327
1758191639.2146869,6.489223254821292,4.009180992533443
1758191639.3155544,6.4895798103399205,4.048198256124699
1758191639.4154193,6.490985993950591,4.088693304037814
1758191639.514457,6.492597801539019,4.128680662177321
1758191639.6154032,6.493814548096063,4.158654985025804
1758191639.715534,6.495436641756121,4.198620750912241
1758191639.8148494,6.4970584709284855,4.2385865390253565
1758191639.9149175,6.498680037311118,4.278552350859366
1758191640.019794,6.4998960408446,4.3085267251803305
1758191640.1195579,6.501111898541094,4.3385011118882195
1758191640.2160072,6.503129889836045,4.388469182404572
1758191640.3177717,6.504731057357902,4.428463025131407
1758191640.420672,6.5059289667403934,4.4584585373724455
1758191640.5161207,6.507124310265053,4.488454140617839
1758191640.6190255,6.5087155997958535,4.528445966191268
1758191640.7157037,6.50991811202957,4.558420885017687
1758191640.8153305,6.51152115710819,4.598387448607608
1758191640.91586,6.513105027895853,4.638374496173874
1758191641.0159907,6.514682769538122,4.67835846359134
1758191641.1155624,6.5162580597890125,4.7183466095832856
1758191641.2149873,6.517441530250266,4.748341476194465
1758191641.3151922,6.519429093218771,4.798301648755928
1758191641.416793,6.5206219345608645,4.828276928724158
1758191641.515675,6.521814627044852,4.858252221170069
1758191641.6149368,6.523802119029458,4.908211071280622
1758191641.7167718,6.52539181892227,4.94817817748672
1758191641.815543,6.526981259907103,4.988145304642067
1758191641.9220974,6.528950082809916,5.038129207667273
1758191642.0146003,6.530517316337608,5.0781244366907545
1758191642.114559,6.532469942181119,5.12811869483693
1758191642.2206628,6.53364065286347,5.158111238471254
1758191642.3153422,6.534819560252159,5.1880870914421235
1758191642.4152899,6.535998297084511,5.21806294368893
1758191642.515422,6.53716811289871,5.2480501184991555
1758191642.6172888,6.538329243544523,5.27803810885579
1758191642.714927,6.539874120943164,5.318027741594615
1758191642.8149686,6.54141936494717,5.358017677075351
1758191642.9145565,6.542971950441238,5.397999120410703
1758191643.0198247,6.544141379963808,5.427975318442498
1758191643.1155875,6.54609009729109,5.477935674084005
1758191643.2144864,6.547648774087494,5.517903984188666
1758191643.3155842,6.549596751862276,5.567864404551216
1758191643.4153326,6.5507653436642554,5.597840673096609
1758191643.5145123,6.551933790271402,5.627816952298664
1758191643.6150696,6.554241219406247,5.68780992992799
1758191643.7152884,6.55539160742752,5.717807332659252
1758191643.8148265,6.556921467543045,5.757804000217451
1758191643.9153805,6.558068840431103,5.787796777378244
1758191644.014916,6.559609131307808,5.827765808957472
1758191644.1146014,6.5611444695950905,5.867740329921066
1758191644.2153356,6.5626605472284485,5.9077314914622905
1758191644.3166595,6.563797179509263,5.937723087858431
1758191644.4144585,6.56493089858131,5.967712085753597
1758191644.5188568,6.566828051323839,6.017699619586467
1758191644.6291146,6.568355758072009,6.057669109887579
1758191644.715933,6.569501374347381,6.087646233867184
1758191644.8151746,6.571028631066437,6.127615751838423
1758191644.9151013,6.572555624671709,6.167585292984115
1758191645.0224323,6.5744639997434,6.217547251000828
1758191645.1150522,6.575608830552253,6.247524440825042
1758191645.2155664,6.5774966872565965,6.297514629406453
1758191645.3148427,6.579000385368938,6.33751233874133
1758191645.4152327,6.580499515496769,6.377510195698544
1758191645.515828,6.581620882021772,6.407508671996553
1758191645.6160574,6.582752008535574,6.437487392105836
1758191645.7202954,6.584260481050176,6.47745763146987
1758191645.8157158,6.5850095516737674,6.497448205231066
1758191645.9146051,6.586865186916806,6.547438574927213
1758191646.01503,6.588347111365791,6.587427431034296
1758191646.1167264,6.5894583054046345,6.617422889476999
1758191646.2146766,6.590948540682948,6.65740478143196
1758191646.3208609,6.592070544925181,6.687382793842731
1758191646.4153688,6.593566317935242,6.727353494639466
1758191646.5160341,6.595061826363913,6.767324217683995
1758191646.6150455,6.596183285157601,6.797302275097243
1758191646.7168176,6.597304597024716,6.8272803451314825
1758191646.8149364,6.599545996992988,6.887239286418485
1758191646.9159834,6.601021062100377,6.927235802368421
1758191647.0190208,6.602492992681718,6.967234708351814
1758191647.114727,6.603593940668749,6.997233986164011
1758191647.2146668,6.605058237204818,7.037232486549551
1758191647.314693,6.606166397288517,7.0672110576708524
1758191647.414534,6.608011638361445,7.117176060721832
1758191647.5166824,6.609828611831217,7.1671680147844965
1758191647.6153402,6.610555047026142,7.187162082227933
1758191647.7150638,6.611641821115359,7.217155451428975
1758191647.8195095,6.613822893709788,7.277141935710479
1758191647.9200668,6.61492132945627,7.307120820351921
1758191648.014456,6.616019615413198,7.337099715622693
1758191648.1157343,6.617849760474344,7.38706456792825
1758191648.21798,6.619313580104337,7.427036475345276
1758191648.3150322,6.620777138425445,7.46700840486451
1758191648.4152014,6.622240437389174,7.506980354011855
1758191648.5153854,6.623326163788929,7.536975219791306
1758191648.6162431,6.624768623830381,7.576975220169381
1758191648.714572,6.626206521388455,7.616975375249396
1758191648.819292,6.6272819498247335,7.646975579817359
1758191648.914764,6.629082672845751,7.696953846580623
1758191649.0152273,6.63016673494205,7.72693327516251
1758191649.1153045,6.631242201320214,7.756922295021145
1758191649.2154067,6.6326643388489,7.796913466415281
1758191649.3149636,6.634084065815992,7.836904698930667
1758191649.415425,6.635856715629085,7.886902609369213
1758191649.5156202,6.637646997211746,7.936870507715285
1758191649.6157324,6.638607652241395,7.980609812855792
1758191649.7146027,6.636129174766229,7.995158690175099
1758191649.814964,6.6272001031382315,7.999548401037957
1758191649.9159765,6.615675466405531,7.999948866118752
1758191650.019441,6.604163286327708,7.999350046740676
1758191650.120878,6.592948047634771,7.997739520829133
1758191650.2215285,6.5784797751848565,7.995049240426554
1758191650.3196654,6.567119341706767,7.991938330016985
1758191650.415651,6.554014601347232,7.986413352773394
1758191650.5257556,6.544016422299476,7.981058540407354
1758191650.61447,6.536668093139666,7.976574426630132
1758191650.7153113,6.5285300895037155,7.96948099689117
1758191650.8155906,6.52092320003403,7.961820428725547
1758191650.914898,6.51388694231934,7.9536324629242054
1758191651.0192423,6.50594928098267,7.94272061877487
1758191651.115577,6.500325396237802,7.933504694335113
1758191651.2151878,6.496550554972755,7.926340136045801
1758191651.3155086,6.4904723854604605,7.917176911225223
1758191651.4174147,6.460467753751779,7.922447029704931
1758191651.514693,6.421687669052923,7.936164460763939
1758191651.6154034,6.374685929954579,7.953212759380909
1758191651.7154624,6.346458874378606,7.9634374672833586
1758191651.815718,6.308819059607256,7.977067503096468
1758191651.915646,6.271173293207159,7.990695086505168
1758191652.0155637,6.252363800049627,7.997508243343065
1758191652.119306,6.214758591520486,8.011137581920304
1758191652.2159278,6.177154018920157,8.024767256368754
1758191652.315147,6.139549371248101,8.038396752226468
1758191652.415938,6.107871656387265,8.048108633712157
1758191652.5174098,6.095517010886115,8.047437970851064
1758191652.6235905,6.091108793750183,8.037942340668591
1758191652.714438,6.0865823708603095,8.025032832877939
1758191652.8154023,6.065889755424943,8.022432013745954
1758191652.9150622,6.025169777841017,8.026820666530648
1758191653.0213494,5.9854181610180515,8.031671352154495
1758191653.1149008,5.9556432782833895,8.035331233802133
1758191653.2146397,5.906018437942912,8.041430745125453
1758191653.315442,5.866308619302889,8.046301015685689
1758191653.4143732,5.826587583289571,8.05116590288478
1758191653.5178726,5.786884440087261,8.056035699554151
1758191653.6145248,5.757094379667207,8.059679323864069
1758191653.7145584,5.70744164756045,8.065750414854168
1758191653.815747,5.667722899425366,8.070604356175808
1758191653.9146068,5.618095777551649,8.07668526834521
1758191654.0144207,5.578394045968839,8.081549716195287
1758191654.1153498,5.538692283638796,8.086413913988629
1758191654.2147758,5.508915941757729,8.090061899219766
1758191654.3154616,5.459281105688936,8.096133768357793
1758191654.4147778,5.419562668508704,8.10097810108051
1758191654.5153813,5.389772893897033,8.104608768016414
1758191654.6154342,5.340135262100927,8.110671583274007
1758191654.7166548,5.300432611896965,8.115528543203252
1758191654.8150935,5.260727817080514,8.120383970855888
1758191654.9154506,5.230939514074467,8.12401742469618
1758191655.0145962,5.191220529945284,8.12885895879367
1758191655.115323,5.1415807648885,8.134914466077626
1758191655.2145004,5.101852469727688,8.139751661781638
1758191655.3161683,5.062137211117701,8.144585854755903
1758191655.4148188,5.01250500185065,8.150639559976572
1758191655.5155025,4.982726792673448,8.15427227149991
1758191655.615084,4.9529485663078585,8.157904842255155
1758191655.7147534,4.91324423770214,8.162748051437275
1758191655.815856,4.8735379493356445,8.167588963874582
1758191655.915723,4.8338172907099946,8.172412302899815
1758191656.0155756,4.784165417287878,8.178439608268517
1758191656.1152797,4.744442661202101,8.183258070524184
1758191656.2142966,4.704736522767697,8.188092514408785
1758191656.3168817,4.665031140883516,8.192927096362714
1758191656.4239626,4.61538970827085,8.198962723651098
1758191656.5169218,4.575673239030085,8.203785887995755
1758191656.615302,4.526028138881357,8.209813771133417
1758191656.7200253,4.486297163405934,8.214629469925717
1758191656.8152833,4.446579536738357,8.219442694203169
1758191656.914545,4.396938364353115,8.22546523407551
1758191657.0182438,4.367158119325341,8.229081221555244
1758191657.1205742,4.317524339591272,8.235107554430162
1758191657.2145147,4.277817281521474,8.2399283398939
1758191657.3156962,4.238103120247987,8.244741693492635
1758191657.4145362,4.198379590215277,8.249542523545044
1758191657.5215907,4.1586549613438395,8.254340725688527
1758191657.6149333,4.12886265508266,8.257938142030431
1758191657.7145603,4.079222012725045,8.263949800212282
1758191657.8146865,4.039513913300375,8.268762015386898
1758191657.915715,4.009731206389614,8.27236921671022
1758191658.0144036,3.9600723289712656,8.278367357746657
1758191658.1151044,3.9004978956478036,8.285568039200994
1758191658.2160053,3.860765172181979,8.290360095475458
1758191658.3143137,3.840903293965095,8.292757667529235
1758191658.4159036,3.7912560509224704,8.29874649388574
1758191658.5150154,3.7515463649861025,8.303545588171188
1758191658.6156373,3.721764080714256,8.307144744562077
1758191658.7152092,3.672126902327965,8.313143025686893
1758191658.815423,3.6324171255297664,8.317941370587047
1758191658.9148285,3.582760160430246,8.323916826919623
1758191659.0163665,3.5430328459019105,8.328693209852648
1758191659.1146908,3.5033060604686774,8.333467264631771
1758191659.2186255,3.4735186382447716,8.337056801189451
1758191659.318422,3.4338078535122265,8.341846811149884
1758191659.4228573,3.384166654156888,8.347832315362073
1758191659.514963,3.3444379307772527,8.35260845507918
1758191659.615436,3.304718973808218,8.35738741342446
1758191659.715587,3.264992969932603,8.362160764592463
1758191659.8160133,3.2351905898898905,8.3657385068709
1758191659.9146042,3.1954702148487213,8.370507749201726
1758191660.0151727,3.165677911180659,8.374083870018733
1758191660.1146185,3.1160374013877945,8.380054525740023
1758191660.2148335,3.07632495968796,8.384830767853662
1758191660.314994,3.0266843650433963,8.39080071852806
1758191660.4156291,2.996899985673368,8.394382502691686
1758191660.514516,2.9571784756378743,8.399147266243556
1758191660.614738,2.907516650950785,8.405091842032698
1758191660.7200303,2.8677869503548643,8.409845664261567
1758191660.8152132,2.838001957011224,8.41342241170898
1758191660.915182,2.7982886116895878,8.41819114959575
1758191661.0165386,2.768503038971442,8.421767530862091
1758191661.1155565,2.7089125256610536,8.428901487663026
1758191661.215361,2.6791271825587586,8.432475319834792
1758191661.3160815,2.6493265215771222,8.436036708274917
1758191661.4180937,2.599653824867673,8.441973160601371
1758191661.5156374,2.5698654318562424,8.445534644882542
1758191661.6145346,2.5301428226507805,8.45028337401244
1758191661.7156758,2.490427856538839,8.455038584222724
1758191661.8149097,2.450712860369879,8.45979354321044
1758191661.9155736,2.4109978340810065,8.464548251689346
1758191662.0145655,2.3712827777931955,8.469302711602582
1758191662.115456,2.3216242978730603,8.47522966717384
1758191662.2193253,2.2818918741419525,8.479962772149044
1758191662.3145597,2.2322324648361542,8.485883395558949
1758191662.4154618,2.1925165826056214,8.490630963499951
1758191662.5153532,2.1528006725328632,8.495378297453643
1758191662.6145217,2.120949826439288,8.496858865731268
1758191662.7143552,2.1110232708965775,8.488160217178766
1758191662.8159926,2.1096471633731118,8.479448628139943
1758191662.916324,2.108634522943998,8.467768137517297
1758191663.0304136,2.1085933480555905,8.45610703774539
1758191663.1151793,2.1093816343783636,8.444423648400702
1758191663.214655,2.1122070286655794,8.430555831788128
1758191663.3155212,2.116152246433731,8.420515763229995
1758191663.4178712,2.118400936806885,8.415607567283345
1758191663.5154011,2.1110163135501003,8.400412869949434
1758191663.6150506,2.0777426820168508,8.38015554692959
1758191663.7154136,2.0426678474502444,8.36022163723376
1758191663.8155272,1.9992777346948354,8.335373245488233
1758191663.9147024,1.9645686646601084,8.315495009664488
1758191664.0150273,1.9385368167987362,8.300586397277327
1758191664.114988,1.8951503226686193,8.275738835649937
1758191664.2164037,1.8604410601980659,8.255860902490774
1758191664.31465,1.8257317436713574,8.2359830753757
1758191664.415075,1.8083770665849692,8.226044202238771
1758191664.5157123,1.7649903223729277,8.201197138525215
1758191664.615213,1.7389575827447608,8.186289562801788
1758191664.7144442,1.6955657296984812,8.161441603559359
1758191664.8144572,1.6608486651584167,8.141565650081068
1758191664.914944,1.6261361026873948,8.121688536519866
1758191665.014995,1.6001035967268002,8.106781111560375
1758191665.1158113,1.5653882053795949,8.086903405415859
1758191665.2207038,1.5306780213946898,8.067027208410538
1758191665.3149357,1.4872901860412104,8.042182107735693
1758191665.4157128,1.4525798331952504,8.022306140569672
1758191665.514591,1.4352246289806072,8.012368194607138
1758191665.615654,1.4005141667634822,7.9924923783879525
1758191665.7155902,1.374481275076114,7.977585583249062
1758191665.8147085,1.3397706968342022,7.957709947478061
1758191665.9157317,1.3050600596436603,7.937834417968637
1758191666.0163982,1.2616716881954977,7.91299015871922
1758191666.114652,1.226960936074451,7.8931148750851605
1758191666.2208004,1.1922501376410979,7.873239701752604
1758191666.3142684,1.1575379441366354,7.853365228224529
1758191666.4152024,1.1228157152784857,7.833490767316348
1758191666.5153315,1.0794188836770444,7.808649605461362
1758191666.6155593,1.0447045870127598,7.788775410687052
1758191666.7148132,1.0099874619004054,7.76890067955768
1758191666.8147297,0.9777145299300026,7.751362369305106
1758191666.9159057,0.9651782756961657,7.740015129408847
1758191667.014583,0.9704422398193275,7.731137370228659
1758191667.1150355,0.980620054450948,7.718547230816404
1758191667.2151964,0.9862036795380708,7.712682264592397
1758191667.314268,0.9961867664644469,7.7036038055275275
1758191667.4165492,1.004735895626024,7.6970100188193165
1758191667.515226,1.0114471186435596,7.692477625435742
1758191667.6156201,1.0183932839564753,7.688313991531723
1758191667.7142868,1.0272083590444598,7.681740545766893
1758191667.8147511,1.016236879554259,7.642577056468899
1758191667.9153943,1.0005119497480364,7.604922067326784
1758191668.017243,0.984824117096752,7.568108499056769
1758191668.1147487,0.9652181358740759,7.522090068256259
1758191668.214571,0.9534543181065445,7.49449081107922
1758191668.3146036,0.9377689211297007,7.457696342390493
1758191668.4232054,0.918163479449826,7.411682317412477
1758191668.5152812,0.9024827453612279,7.374847842315362
1758191668.6152227,0.8828853531928348,7.328804024958547
1758191668.7150352,0.8672097623303536,7.2919803013224875
1758191668.8154733,0.8554524026239417,7.2643815815827635
1758191668.9154081,0.8397760485926868,7.227583230036319
1758191669.0224369,0.8240998652582523,7.190784802985299
1758191669.1172302,0.8084238532414092,7.153986302662053
1758191669.2155766,0.7927480121924614,7.117187731587627
1758191669.315683,0.7731530799356795,7.07118918690511
1758191669.4142218,0.7634454402767477,7.045866162611644
1758191669.5156274,0.7608375136033372,7.0302773857032435
1758191669.6157637,0.7687533022485182,7.024200093675725
1758191669.7218444,0.7821748531912919,7.018609415148922
1758191669.8156176,0.7928513777669166,7.016372924697582
1758191669.9143143,0.8008850925218088,7.015351856596842
1758191670.0146968,0.8143297089303458,7.0128246862129595
1758191670.1144855,0.8204600997885191,6.982984348219742
1758191670.2146769,0.8215838844644856,6.931685479520766
1758191670.315693,0.822635814748079,6.8916791898391025
1758191670.414522,0.8236882818660521,6.851667019652606
1758191670.5148764,0.8247365344142924,6.811654223954248
1758191670.616881,0.8257800168612011,6.771641309666145
1758191670.7148042,0.8270861259410021,6.721638153416465
1758191670.8154535,0.8281397925582528,6.68165335300213
1758191670.9165084,0.8286665302620132,6.661660943920896
1758191671.0158796,0.8299830958337846,6.611679897523844
1758191671.1153033,0.8310360616022331,6.5716950402403915
1758191671.2155218,0.832088772448988,6.531710170923585
1758191671.3244233,0.8331412282966478,6.491725295728712
1758191671.4156425,0.8344402019253438,6.44172732295702
1758191671.5258133,0.835457808952976,6.401712326251998
1758191671.6146252,0.8364987199137462,6.361725169096426
1758191671.7157886,0.8372782874932421,6.331735320671115
1758191671.8157184,0.8383062224616016,6.291737898738266
1758191671.9150703,0.8390628191870888,6.261727651758679
1758191672.0194685,0.8403340107389329,6.2117112532856344
1758191672.1157272,0.8413459678816225,6.171697507940822
1758191672.2149673,0.8423531617441441,6.131683651296817
1758191672.317158,0.8433647538111685,6.0916838250573
1758191672.4151301,0.8441288459118625,6.061694547295781
1758191672.5169113,0.8451474121636354,6.021708823166976
1758191672.6152174,0.8461657234096904,5.981723077756379
1758191672.715716,0.8471837796109057,5.941737315211111
1758191672.814992,0.8479471543402036,5.911747985375427
1758191672.9144673,0.84921912656398,5.861765761579632
1758191673.0152998,0.8502271286994112,5.821770473404125
1758191673.1146483,0.8512119901665975,5.781756309149568
1758191673.2155728,0.8524627158244409,5.731762706088187
1758191673.3143697,0.853456964142412,5.691765287412235
1758191673.415152,0.8542082067299408,5.661773154571068
1758191673.5160923,0.8551842974672536,5.621758781024406
1758191673.6168597,0.8561659210425884,5.581744295323664
1758191673.7154398,0.8571427457000399,5.541729663458372
1758191673.8157332,0.8578722306127577,5.51171861341453
1758191673.9148595,0.8585997575635834,5.481708635117486
1758191674.0147321,0.8598298647331972,5.431725402742161
1758191674.1232522,0.8605676106915942,5.401735454572788
1758191674.215281,0.861305213095588,5.371745494158543
1758191674.3157606,0.8625342313978029,5.321762203919518
1758191674.4162872,0.8637628507800679,5.27177889406606
1758191674.5255,0.8644998308682094,5.241788903685284
1758191674.615333,0.8654785674928306,5.2017971987998965
1758191674.7156043,0.8661943283774292,5.171788230682559
1758191674.8145134,0.8671457178927677,5.1317764984572385
1758191674.9151044,0.8681181357465239,5.091789639407816
1758191675.0158405,0.8690772028917982,5.0517913464265805
1758191675.1258006,0.8697943304636557,5.021791268464181
1758191675.2179873,0.8709734391933136,4.971771416502965
1758191675.31887,0.8721527515071403,4.921752093716834
1758191675.4152603,0.8730908226746084,4.8817365092278155
1758191675.5180748,0.8742673512406255,4.831733164387845
1758191675.6163797,0.8747418113632917,4.811739452501756
1758191675.7280877,0.8756905399953855,4.771752011429378
1758191675.8213313,0.8766390132126898,4.73176454900032
1758191675.916264,0.8778242455127959,4.681780196946153
1758191676.0194507,0.8787721438862242,4.641792702793219
1758191676.1149402,0.879719786664216,4.601805204179228
1758191676.2156854,0.8806548186584594,4.561803910060291
1758191676.3157399,0.8815719002783723,4.521791453598559
1758191676.4157329,0.8825009456286083,4.481793508529682
1758191676.5147836,0.8832039576657734,4.451802739598066
1758191676.6154132,0.8843568764171272,4.401802698672468
1758191676.7148337,0.8854907201640883,4.351781558413491
1758191676.815373,0.8864007262544881,4.311765307243951
1758191676.915752,0.8873059345986691,4.271748940062577
1758191677.0144215,0.8879817284859556,4.241736608369467
1758191677.120203,0.8888902074601245,4.201737759335954
1758191677.2167268,0.8898040748179737,4.161749513227996
1758191677.3151574,0.8909460495295242,4.111764174639281
1758191677.4182835,0.8920876248128308,4.061778807671787
1758191677.5199296,0.8930005973665261,4.0217905004457775
1758191677.6146889,0.8939133141386223,3.981802187695033
1758191677.7165859,0.8948173337929572,3.9418045029287536
1758191677.8160594,0.8957086616129328,3.9017990935457
1758191677.914534,0.8968056342834256,3.85176724107371
1758191678.017279,0.8976951814117498,3.8117676139210026
1758191678.117238,0.8985782492119669,3.7717647616605525
1758191678.2149646,0.8994478293553503,3.7317464748899036
1758191678.3160455,0.9005375766255272,3.681725068549822
1758191678.41476,0.9011878219553688,3.651712139882204
1758191678.5156956,0.9020506585640878,3.6116948286816983
1758191678.615405,0.9031396604612922,3.5616985420314764
1758191678.7151628,0.9038929880684877,3.5222984799165116
1758191678.8147593,0.9039736264079125,3.5033281870469213
1758191678.9160986,0.9081357926129654,3.492404107407274
1758191679.0149672,0.9153694120468235,3.49146419030273
1758191679.1142275,0.9260553342723756,3.4928540972219713
1758191679.2146208,0.9392223317112399,3.495665044243146
1758191679.316926,0.9495380575831142,3.498761494560265
1758191679.4148228,0.9571195920925566,3.501605555228179
1758191679.515476,0.9693792822618728,3.5072411055346095
1758191679.6215992,0.978791166304892,3.5125288236246206
1758191679.717046,0.9877982920568916,3.518479801511695
1758191679.8153658,0.9984172480540545,3.5268039990689193
1758191679.9155607,1.0044142334785424,3.5322450823543963
1758191680.015755,1.0082453202628987,3.5360489147188807
1758191680.1145637,1.018883621732334,3.5482525095809136
1758191680.214433,1.0252178785957986,3.556995282586383
1758191680.3155391,1.0295468623150967,3.5638392040218956
1758191680.4147727,1.0462903107534323,3.5660935213873795
1758191680.5156038,1.0909137827924333,3.545309969092132
1758191680.6238194,1.1267914526277067,3.5274208749702733
1758191680.7143278,1.1625813400562537,3.509547257875897
1758191680.8220792,1.2073316211353398,3.487209507722862
1758191680.9153948,1.2341798667570922,3.4738082137882405
1758191681.0151196,1.2610186569942132,3.460406599311804
1758191681.114844,1.296237637354199,3.4430769957232874
1758191681.2146573,1.3148099047695112,3.4341040421240825
1758191681.3240814,1.3141619713820436,3.425154782893494
1758191681.4142962,1.3046783043258516,3.4139715879985864
1758191681.5149164,1.2965504593158979,3.4056841368495916
1758191681.6169252,1.2902695185751807,3.399832766144393
1758191681.7151735,1.2825113338367296,3.3923256982687766
1758191681.820921,1.274233109759291,3.3853959902955704
1758191681.9153543,1.2654776889387667,3.3790795661351662
1758191682.0150735,1.253931614960811,3.372096070044979
1758191682.1184661,1.244271635578792,3.3672742564272697
1758191682.2166185,1.239317703068736,3.3651271881479197
1758191682.3152597,1.229194069843519,3.3613746749306057
1758191682.4147515,1.2188266597550526,3.358360177861155
1758191682.5145593,1.2082692531825534,3.356099346181997
1758191682.619372,1.2032279047556373,3.3331765936367876
1758191682.7152886,1.20745028751191,3.2924255064539403
1758191682.8262641,1.2121598326585805,3.252636054141553
1758191682.915883,1.2168782251767738,3.2129049639262086
1758191683.021286,1.2215827745338097,3.1731591354406086
1758191683.118203,1.2262861671399352,3.133415967455033
1758191683.2212198,1.229813923030987,3.1036058235626283
1758191683.31542,1.2356901380984933,3.0539254569646337
1758191683.4146671,1.2392225965592556,3.0241352138066255
1758191683.515262,1.2427548916646243,2.9943449455479643
1758191683.614904,1.2474644133082375,2.9546245522391557
1758191683.7215714,1.2521736995155088,2.9149041220523166
1758191683.8164752,1.256882749339462,2.8751836602245757
1758191683.915902,1.2627687283535582,2.825533046984369
1758191684.0152035,1.2663001380072012,2.795742663704445
1758191684.1156576,1.270995539878995,2.7560053662542585
1758191684.2162085,1.2757016740578162,2.7162845971109997
1758191684.3153806,1.280407572157438,2.6765638120870956
1758191684.415818,1.2839317696521915,2.646768976149191
1758191684.5147746,1.2886245302883912,2.607035913592533
1758191684.6154816,1.2944849071514144,2.5573607223976524
1758191684.7164466,1.2968234919961734,2.537489547945806
1758191684.8338227,1.302676749147779,2.4878029128668953
1758191684.9151266,1.3073544632707963,2.44805302185772
1758191685.0167947,1.3120376999927912,2.4083211602530663
1758191685.1348684,1.315552718381926,2.378528850389236
1758191685.2142534,1.3170888590756928,2.350386756539045
1758191685.3174574,1.3147324932860585,2.341821697752155
1758191685.414983,1.3051352710420105,2.3393682670197573
1758191685.5145092,1.2916532682153996,2.339538945110207
1758191685.6178071,1.2835969507566432,2.340207439326372
1758191685.73097,1.2729369874067948,2.341773097236997
1758191685.8153887,1.2624200434621258,2.3441011629241473
1758191685.9164686,1.252100154531527,2.3471815653190045
1758191686.0149622,1.2445220585527095,2.349977511035203
1758191686.1155393,1.2322540444129593,2.3555948297309746
1758191686.2178977,1.2219133836688838,2.3593296660473446
1758191686.3165135,1.200960706770691,2.337214856331066
1758191686.422883,1.1784533526565768,2.3027388543158995
1758191686.516779,1.156436647901308,2.2693151022219076
1758191686.6153257,1.1399205745762562,2.2442538413861213
1758191686.7148879,1.1123989142572746,2.202488395708504
1758191686.8181148,1.0903865472506702,2.169092099983591
1758191686.919713,1.0738749603431035,2.1440349048289455
1758191687.024642,1.060183235345198,2.1216310791909163
1758191687.114441,1.0510749743825618,2.1201938822835955
1758191687.2159166,1.0446930116175732,2.1251714491268783
1758191687.3145568,1.034688122690357,2.134224127566438
1758191687.4146876,1.0290901546989957,2.140074756091232
1758191687.516164,1.0204874619094844,2.150469545440479
1758191687.6152604,1.0157867167523313,2.1570630837238776
1758191687.715288,1.0100853554813114,2.1662308932274916
1758191687.819234,1.0050581244222876,2.1757852518650016
1758191687.9144754,0.981671699707662,2.1744752486572008
1758191688.0160973,0.934318849300448,2.155395634464782
1758191688.1222658,0.9066005386313017,2.143926522846936
1758191688.2157495,0.8696421968746362,2.128630981550204
1758191688.3144367,0.8234441793861546,2.109511773737234
1758191688.4146826,0.7864857003936969,2.094216583561367
1758191688.5288618,0.7402875281022345,2.0750978171175705
1758191688.6154628,0.7033289346597286,2.059802981219858
1758191688.7168517,0.6663643571954585,2.0445111289095426
1758191688.8161774,0.6391697604935664,2.0335505077037412
1758191688.9162989,0.6146132002783985,2.030321972926735
1758191689.0148733,0.610815696287236,2.0401887324354355
1758191689.1148689,0.6080730651646882,2.0506310558979917
1758191689.215871,0.6060886875103094,2.0612437280627827
1758191689.3165467,0.6051043641933548,2.0692819416998467
1758191689.4213524,0.6045553219026689,2.0773615812620516
1758191689.5148957,0.597799537143755,2.0909724841991277
1758191689.6201081,0.5522607655489326,2.096738861708797
1758191689.715116,0.5217890174357321,2.0983982771839664
1758191689.8147292,0.48187115115931306,2.101047961009725
1758191689.9188113,0.44194607331687247,2.103691646998394
1758191690.0147517,0.4020076609407159,2.106324177151816
1758191690.1167293,0.35208689007477806,2.1096168178017076
1758191690.2191994,0.3121616194326291,2.112251140047164
1758191690.315831,0.28221076237265924,2.114217436126695
1758191690.4156656,0.24229850933340796,2.116856373781043
1758191690.515276,0.19240910300360814,2.1201553354064973
1758191690.6234407,0.16247544660807686,2.1221345145191144
1758191690.7153764,0.122563890872851,2.124773189557472
1758191690.8153768,0.07267079251452413,2.1280674021711468
1758191690.9196002,0.042726291842915654,2.130030914704975
1758191691.0145855,0.0027987339979800175,2.132645850200773
1758191691.114468,-0.047110680820962404,2.135913691612206
1758191691.2164602,-0.07707203373349633,2.137864064404928
1758191691.3146265,-0.1170101451445749,2.1404666069576854
1758191691.41817,-0.1569374934318753,2.1430763805147843
1758191691.5152369,-0.19687125236628972,2.145681553609668
1758191691.6149108,-0.2467941551107904,2.148931499649571
1758191691.7162356,-0.2867331567844315,2.151529574943007
1758191691.8204353,-0.3261083299189113,2.1539314091220474
1758191691.9144135,-0.3404653016553596,2.153974478168507
1758191692.0148168,-0.3553747234454401,2.1600194756777458
1758191692.1160498,-0.3533674013120541,2.173267354885164
1758191692.2151346,-0.3521849495728397,2.1785351839700375
1758191692.315855,-0.3492553766960194,2.1889260641214405
1758191692.4225543,-0.3445551909402501,2.201574116145051
1758191692.5154185,-0.3399882258253987,2.2113562862017386
1758191692.6163907,-0.33472946881961346,2.2207845969194904
1758191692.7156808,-0.32722498606606476,2.2319982414300403
1758191692.8143175,-0.32051442144415476,2.2404551826556838
1758191692.9179957,-0.31129942071136835,2.2503120778539207
1758191693.0216408,-0.303312456683815,2.2575763843950707
1758191693.1152565,-0.29699040451192116,2.262637284300616
1758191693.2164602,-0.28587634926479233,2.2702908293545048
1758191693.3165789,-0.2765175308173365,2.275674972433045
1758191693.416222,-0.2675285928709287,2.2820087088354137
1758191693.515388,-0.27363992139469856,2.311853169927931
1758191693.615837,-0.28846611286340373,2.3502083457719682
1758191693.7148907,-0.30315975118734645,2.38741650825661
1758191693.8143034,-0.3178550887350334,2.4246175014442968
1758191693.91632,-0.33621727914903565,2.4711305695861645
1758191694.0147827,-0.35091058534171754,2.5083323711686987
1758191694.1156213,-0.3656037216790649,2.545534244595457
1758191694.2153888,-0.3802966957869976,2.5827361869806347
1758191694.3147776,-0.3913163223572881,2.6106376873589947
1758191694.4183652,-0.40968217231468035,2.6571402675347464
1758191694.5162003,-0.4317208754211265,2.7129434891784947
1758191694.6157918,-0.4427303385213732,2.740878362143347
1758191694.7145488,-0.4628471324776567,2.794320321636567
1758191694.8155375,-0.46501203228333393,2.8096852434555966
1758191694.9154444,-0.4589087503893324,2.81361497522293
1758191695.0157995,-0.4485239836227808,2.8165677898637886
1758191695.1178675,-0.4352882462293544,2.819196095690162
1758191695.2155867,-0.4272521540036899,2.820197923083404
1758191695.3150332,-0.4137761697656637,2.820899647108388
1758191695.4158108,-0.4001701928479015,2.8222226514383353
1758191695.5163386,-0.39265480301953587,2.841679365023933
1758191695.616604,-0.3869268059250858,2.8923401277399496
1758191695.7176614,-0.38220112974543524,2.9320586312005816
1758191695.8204312,-0.37865718516864905,2.9618475436032856
1758191695.9180202,-0.3727509101664636,3.0114957717955106
1758191696.0149958,-0.3668450093996105,3.0611440413302944
1758191696.1154761,-0.3644835306386154,3.081004565114066
1758191696.2146792,-0.35978090029972126,3.1207426393849778
1758191696.319407,-0.3550732031989268,3.1604757860086545
1758191696.4164586,-0.35238620376099394,3.1940319143858305
1758191696.5166342,-0.35451705635050745,3.2078020409592174
1758191696.6167328,-0.3613685906349733,3.2121842422542555
1758191696.7154002,-0.3697227841850678,3.2128399809564545
1758191696.8173144,-0.38318007992951414,3.212185387453307
1758191696.9152913,-0.3949258487810617,3.224338293094536
1758191697.0191689,-0.4025675395594997,3.262582837214534
1758191697.114813,-0.4090276903530616,3.3025571113346985
1758191697.2165384,-0.41410433805764774,3.3321233325295765
1758191697.3172722,-0.42087300283233453,3.3715449964567035
1758191697.4154527,-0.42594368183634396,3.401118313561257
1758191697.5176528,-0.4327019248617359,3.44055255116023
1758191697.6150062,-0.4411479322801663,3.489853521898242
1758191697.7156832,-0.447897232093036,3.529303150983499
1758191697.8177829,-0.45295654313426625,3.5588908070592433
1758191697.915467,-0.4597084759047504,3.598320904951885
1758191698.0148253,-0.46646224523920776,3.637745138867992
1758191698.1184163,-0.4715274212896535,3.667313341479409
1758191698.2146723,-0.4782807880589636,3.706737646481376
1758191698.3154395,-0.4867221745896571,3.756018081350753
1758191698.4156332,-0.49346962831587987,3.795446628668367
1758191698.5146012,-0.5002025157246215,3.83488660942546
1758191698.6166592,-0.5069313432658398,3.8743284376902136
1758191698.7157466,-0.5153423979876852,3.923628007998068
1758191698.8216994,-0.5203982534311492,3.9531977920938477
1758191698.9145582,-0.527139205754313,3.9926242041948314
1758191699.0149276,-0.535552770690045,4.041922863541416
1758191699.1223068,-0.5405990215523273,4.071508313760433
1758191699.2151418,-0.5456504613729383,4.101079589125441
1758191699.3144956,-0.552385725469212,4.1405076670894205
1758191699.4144342,-0.5549512617860899,4.163985322790221
1758191699.5208642,-0.5588027621228585,4.177499923075587
1758191699.6143162,-0.5681852467287257,4.178678704191219
1758191699.7153678,-0.5759648431100175,4.176431267428855
1758191699.8150365,-0.5861272668263741,4.1727879977691815
1758191699.9154372,-0.5960011511540103,4.168423218892068
1758191700.0157146,-0.6078600676876745,4.161987446588686
1758191700.1148593,-0.6169006325333101,4.156087491580633
1758191700.2239056,-0.6233896889134077,4.151244007907301
1758191700.3167377,-0.6316173710068189,4.144254802254368
1758191700.4177647,-0.6411604928983478,4.134715903117458
1758191700.519368,-0.6464611230144868,4.128594091330473
1758191700.6145701,-0.6530002994933941,4.120003596995492
1758191700.7155228,-0.658904758468225,4.110964779398013
1758191700.8154087,-0.6641438514374409,4.10152446144776
1758191700.9146848,-0.6697159364074863,4.089234178998211
1758191701.0145552,-0.673363961723274,4.079072183304609
1758191701.1146796,-0.6762715287986593,4.068674056578771
1758191701.2154145,-0.6850827328638267,4.059401094663109
1758191701.3150725,-0.720384836844937,4.06169492963284
1758191701.4154942,-0.7807053769010185,4.069947332161033
1758191701.5145295,-0.8103927958583079,4.074259474627637
1758191701.6148741,-0.8499760514107257,4.080008782594831
1758191701.7159564,-0.8895593425783873,4.085757845963508
1758191701.8191347,-0.9192468342300031,4.090069484057838
1758191701.91556,-0.9588301871950642,4.095818124497758
1758191702.0145257,-0.9984269163910662,4.101557032586093
1758191702.1146884,-1.0380213003204026,4.107295097859863
1758191702.2192264,-1.0776174896746509,4.113032510665227
1758191702.3141778,-1.1370180034996327,4.121627209530236
1758191702.415163,-1.1667120032354725,4.125931012554293
1758191702.5147932,-1.2063037595031258,4.1316660340093625
1758191702.615758,-1.245301486196177,4.137008975656194
1758191702.7150047,-1.2674036645704436,4.137558789676745
1758191702.816148,-1.2724814957304185,4.145862925363411
1758191702.9162056,-1.2697883020002558,4.156316090804452
1758191703.0144875,-1.2672773602563987,4.164014429344767
1758191703.1172266,-1.263290321310319,4.17404672754524
1758191703.2160013,-1.2610286438007368,4.178948749101136
1758191703.3179255,-1.2546160400668809,4.190820172371437
1758191703.4153428,-1.2502651630526072,4.197649318482798
1758191703.5193243,-1.2439028649810497,4.206370843770076
1758191703.6158383,-1.2387282914603233,4.212599294250925
1758191703.716344,-1.233225052537648,4.218539488326182
1758191703.8260198,-1.2254039511458512,4.225981550326061
1758191703.9145665,-1.2170675900445156,4.2328418994035015
1758191704.0155401,-1.2105030458732287,4.23758388242663
1758191704.1142688,-1.1966543868832427,4.245971592522353
1758191704.2150826,-1.186953931299741,4.250712312466843
1758191704.3202128,-1.1820679222378974,4.260057159636269
1758191704.4150934,-1.1913161314400942,4.294175068116988
1758191704.5151644,-1.2014164728772234,4.323389813195582
1758191704.6146755,-1.218302954365438,4.370465052175053
1758191704.7155128,-1.2318126236950506,4.408113446808968
1758191704.8149028,-1.248694078210942,4.455185041474876
1758191704.9219995,-1.262203879614307,4.4928328087377185
1758191705.015575,-1.2790846734754897,4.539905152371761
1758191705.1154978,-1.2892133643977148,4.56814469942328
1758191705.214525,-1.2993308116727693,4.596399697416476
1758191705.3187838,-1.3195636207983172,4.652899984448968
1758191705.4160502,-1.3330517464830207,4.690575920499127
1758191705.5182867,-1.3431649368187968,4.718853152936258
1758191705.616019,-1.356643722871394,4.756558878797893
1758191705.716568,-1.370114237975381,4.794270997226922
1758191705.8152957,-1.3802047032978082,4.822563134337327
1758191705.9145663,-1.397035239513717,4.869667226599694
1758191706.016043,-1.4105032712461785,4.907337433370875
1758191706.1198766,-1.4273385678497388,4.954416717259494
1758191706.2155874,-1.4374386698977586,4.982664595122903
1758191706.3186233,-1.4509031914488835,5.020328789292349
1758191706.41572,-1.4643646973901772,5.058003647862609
1758191706.514949,-1.477830826009957,5.095667060285616
1758191706.616859,-1.4912905162240828,5.133343093787615
1758191706.7180672,-1.4982380645990092,5.159787711269837
1758191706.8154554,-1.4962929293144003,5.167181226296209
1758191706.916728,-1.4836830029310988,5.171140454700839
1758191707.0150335,-1.4730814960907228,5.173184097892206
1758191707.1146877,-1.4623603929386368,5.174459790502317
1758191707.2146149,-1.4515753047011075,5.174960905366093
1758191707.3154352,-1.4407945508798563,5.1747289154600296
1758191707.4157386,-1.4300632061758751,5.173732577145737
1758191707.515276,-1.419435299159811,5.171967441776089
1758191707.6151402,-1.4089645298013957,5.169442615353933
1758191707.7183268,-1.3961794747771157,5.1652361061097345
1758191707.8163252,-1.3862516286426263,5.161012835344354
1758191707.9174104,-1.3790179894848673,5.157373604301216
1758191708.0206141,-1.3662332939266701,5.157759231877597
1758191708.1153727,-1.3386773059236143,5.194386632615784
1758191708.2178686,-1.3165380658449375,5.228158402956081
1758191708.3151278,-1.2944948455585532,5.261548556411069
1758191708.4163604,-1.2724549217110175,5.294926636053785
1758191708.523238,-1.2504150954843667,5.328304779844921
1758191708.6143444,-1.2361311402986954,5.351037339996974
1758191708.715487,-1.2287006270155507,5.361369709934926
1758191708.815311,-1.2160722853256853,5.355135256805516
1758191708.9155385,-1.2102365017886294,5.348438723168111
1758191709.0182269,-1.2027739460266307,5.340165047293376
1758191709.1161585,-1.1957539921870344,5.331963167554112
1758191709.2164443,-1.1924698726542553,5.327678044094787
1758191709.3156664,-1.1863746171365084,5.318767143851032
1758191709.4183266,-1.1809360015590462,5.309440718770569
1758191709.5341575,-1.1773050694622103,5.3022021948102545
1758191709.6215837,-1.1740700528474073,5.294778173393176
1758191709.7162786,-1.1686857702844873,5.285190785434018
1758191709.8158805,-1.1383738203290628,5.288228743848713
1758191709.9145975,-1.1082810823154579,5.296276525533108
1758191710.0156503,-1.0697196888715987,5.307098581236084
1758191710.1297567,-1.0215831304951146,5.320614503032473
1758191710.2145047,-0.9830717620244024,5.331426094967885
1758191710.3151436,-0.9541667900036231,5.339523080289983
1758191710.4148593,-0.9156249113238427,5.35032303881081
1758191710.5249665,-0.8867248427273356,5.358423051892622
1758191710.6222737,-0.8385875915514087,5.371936484517457
1758191710.7156794,-0.8000552305052917,5.382740742654562
1758191710.8157904,-0.7711489920165754,5.390835360540553
1758191710.9171195,-0.732637904171959,5.401640342118166
1758191711.020403,-0.6941267595229372,5.412446404488332
1758191711.1154966,-0.6556155509009353,5.423252275677472
1758191711.2190652,-0.6171042822246119,5.434057954260715
1758191711.3196807,-0.5751463210822481,5.444085149425278
1758191711.4146392,-0.5653471806571374,5.447791366848221
1758191711.5146465,-0.5647341997334552,5.456686074506052
1758191711.6150727,-0.5685475731500726,5.466929884905665
1758191711.7189913,-0.5708695635326945,5.471803418225835
1758191711.8151886,-0.5774287422331833,5.48359455530876
1758191711.9259129,-0.5834227598917058,5.492573145878922
1758191712.0145326,-0.5883337564649728,5.499011397253532
1758191712.114646,-0.5954085689154899,5.5071658373684995
1758191712.21542,-0.6010897806303129,5.512936149528993
1758191712.3149736,-0.6112237525975894,5.5218455973391904
1758191712.4145503,-0.6198822970861126,5.528294815139287
1758191712.516493,-0.6289825357653129,5.53410458571844
1758191712.6187243,-0.6384773031248455,5.53924473470001
1758191712.7147088,-0.6483173599189646,5.5436885591098015
1758191712.8148532,-0.6584516588085745,5.54741297785479
1758191712.9188874,-0.6688276220503938,5.5503986585223934
1758191713.0156024,-0.6729308403049743,5.565205432415874
1758191713.1231606,-0.6668443931612014,5.6037224356566036
1758191713.2156765,-0.6614919818651006,5.6336307242504855
1758191713.31896,-0.654020963775403,5.672925315823471
1758191713.4163709,-0.6465501287415014,5.7122199642914655
1758191713.5154138,-0.6390795172763504,5.751514670662302
1758191713.6275365,-0.6316091283224172,5.790809431778377
1758191713.7224708,-0.6222714543906637,5.839927952764032
1758191713.8270512,-0.614805102996675,5.879228906504419
1758191713.915706,-0.6092120473477283,5.908719899341166
1758191714.0162835,-0.5980322668151353,5.967702999004499
1758191714.124846,-0.5919837677273058,6.004530127527827
1758191714.2166188,-0.591281047859448,6.018677008703339
1758191714.3153334,-0.602847412459155,6.028230990762859
1758191714.415771,-0.6109270196654918,6.0287799919059655
1758191714.5183513,-0.6190225235649909,6.028899121955682
1758191714.6169336,-0.6282374522973935,6.05048009335855
1758191714.7147844,-0.6307664010158347,6.091526027056066
1758191714.815148,-0.6327166695382073,6.1215375328289605
1758191714.9156399,-0.6353920622420953,6.161446586541358
1758191715.0154603,-0.6380672116708911,6.201355656833089
1758191715.1161423,-0.6407219376205152,6.241281301473963
1758191715.214861,-0.6427117866122459,6.271231915869158
1758191715.3148022,-0.6453638868903757,6.311169479340363
1758191715.4150908,-0.6486725672536922,6.3610918771867295
1758191715.514682,-0.6513145706026887,6.4010296833570175
1758191715.6155715,-0.6539691500557531,6.4409401835206666
1758191715.7160678,-0.6566232016555124,6.480850690502532
1758191715.817248,-0.659277000020138,6.520761217032165
1758191715.925629,-0.6619305445726169,6.560671760398242
1758191716.0142953,-0.6639205367419747,6.590604677440726
1758191716.1169598,-0.6665736392793024,6.630515244525358
1758191716.2216966,-0.6692158752141121,6.670433186410537
1758191716.3159857,-0.6718441773997189,6.710351624507691
1758191716.4145713,-0.6738153882060656,6.740293484853317
1758191716.5169997,-0.6757998776173347,6.770226748919344
1758191716.6177406,-0.6784456401199754,6.810137778110674
1758191716.7151468,-0.681083424148197,6.850056010029064
1758191716.8156023,-0.6837073186879481,6.889988089862508
1758191716.9153628,-0.6856755865925634,6.919942551726052
1758191717.0167851,-0.6876413132974234,6.949897259977123
1758191717.117076,-0.6915650182220783,7.009807197099413
1758191717.2163503,-0.6935279609376673,7.039754021974534
1758191717.3143077,-0.6961529517216609,7.079666448224323
1758191717.415097,-0.6987776886373313,7.119578895639993
1758191717.5154645,-0.7014021718665634,7.159491361640969
1758191717.6160243,-0.7040264011671805,7.1994038435338465
1758191717.715678,-0.706650377491884,7.239316338924218
1758191717.8141625,-0.7092741028989816,7.279228846039748
1758191717.915101,-0.7112234798035102,7.309174963904999
1758191718.0232615,-0.7144707632305253,7.3590772015888835
1758191718.1150753,-0.7164316807213882,7.389012620152775
1758191718.2150385,-0.7190482473806926,7.428925574803646
1758191718.3327465,-0.7210105154583762,7.458860301510302
1758191718.4153857,-0.7249044780023142,7.518759365312344
1758191718.5225284,-0.727498780896318,7.558700664328873
1758191718.6145074,-0.7300885043446202,7.59864234616309
1758191718.7155716,-0.7326736510450352,7.638584311318928
1758191718.8150198,-0.7346152746676612,7.668531191362055
1758191718.9149802,-0.7372109898678799,7.708445533159964
1758191719.014825,-0.7391576101432763,7.738381303375519
1758191719.116648,-0.7417528818050102,7.778295680069837
1758191719.222892,-0.743699168753846,7.8082314734057565
1758191719.3147466,-0.7462939960661447,7.8481458769021
1758191719.4167135,-0.7488885712269482,7.888060292663139
1758191719.5156214,-0.7521122926866667,7.937964970753724
1758191719.6145196,-0.7546804534133831,7.977888272963657
1758191719.7155027,-0.7566140151875556,8.007829452304941
1758191719.8252163,-0.7585544171953712,8.037765604567877
1758191719.9154975,-0.7611414099453702,8.077680487901981
1758191720.0239966,-0.7637130489283063,8.117608374607595
1758191720.1159217,-0.7656371828552636,8.147562137863599
1758191720.2143419,-0.7682018183010015,8.18750545890093
1758191720.3147473,-0.7707618738728079,8.227449100878278
1758191720.4148898,-0.773955552200291,8.277378993230696
1758191720.5210884,-0.7758789348539877,8.307319290272503
1758191720.6172447,-0.7778035956081999,8.337256478537189
1758191720.715447,-0.7816524898155116,8.397130888842163
1758191720.8153708,-0.7833441366946502,8.426466775992264
1758191720.9145677,-0.7841124365750317,8.449203641004763
1758191721.0256896,-0.789899902008935,8.457366570506782
1758191721.116111,-0.8008581239890425,8.457218072680979
1758191721.2144146,-0.8093000534676511,8.456276982700725
1758191721.314591,-0.8233317477719808,8.453715958545232
1758191721.4157796,-0.8334038393646455,8.449840644284368
1758191721.517019,-0.8407609540980016,8.446457969775597
1758191721.6177757,-0.8479247237289989,8.442683207980174
1758191721.714593,-0.8571397081189869,8.437059458737101
1758191721.817355,-0.8659263070388594,8.430787474821608
1758191721.9171817,-0.8742390713834675,8.42389970830844
1758191722.0198903,-0.8820349914123358,8.416431782777144
1758191722.1189802,-0.8892737095504126,8.408422319498293
1758191722.2167106,-0.895917723803071,8.399912751156826
1758191722.3146653,-0.9019325827967396,8.390947120565261
1758191722.4168293,-0.908519175446727,8.379169692017674
1758191722.5147176,-0.9119533857333756,8.371835559037422
1758191722.6158068,-0.9159072871937021,8.361788693684087
1758191722.7159088,-0.919128240633554,8.351483368082773
1758191722.8148997,-0.9215995244347209,8.34097302655745
1758191722.915456,-0.9238738564600028,8.324942545587307
1758191723.0154648,-0.9243589450044559,8.316858679900555
1758191723.114756,-0.9311931157254738,8.308815835671318
1758191723.2147243,-0.9663116646369888,8.304551860373579
1758191723.3142858,-1.0171931644407057,8.30287644473469
1758191723.4146936,-1.0371770632032444,8.302090678436208
1758191723.5173597,-1.0671596143303632,8.30091648009623
1758191723.6150224,-1.117154329458758,8.298977095263812
1758191723.7147226,-1.147151419250005,8.297817026415665
1758191723.81544,-1.197146748109401,8.295889367358086
1758191723.915555,-1.2371169242940094,8.294335488370038
1758191724.0147421,-1.2670932627389262,8.293169683569456
1758191724.1153457,-1.3170538458857937,8.291226999586627
1758191724.2169976,-1.3570223313305825,8.289673141450761
1758191724.3149812,-1.3969908340645791,8.288119537106445
1758191724.4152887,-1.4369593532442149,8.286566183437836
1758191724.514741,-1.47692975510299,8.285014042426964
1758191724.6154816,-1.5069398574366053,8.283883992500995
1758191724.714532,-1.5469364835022181,8.282361157002729
1758191724.814473,-1.5869053842051744,8.280817527946821
1758191724.9182475,-1.6068898362257054,8.280045805608067
1758191725.019106,-1.6569378341484091,8.278188455879441
1758191725.114907,-1.6969881373128621,8.276727492742125
1758191725.2152617,-1.7270253563510245,8.275642859033004
1758191725.3149478,-1.7770092311244259,8.273787063213629
1758191725.4144852,-1.8170012280909937,8.272311161092114
1758191725.515503,-1.8469796417188813,8.271191541102704
1758191725.614433,-1.9069357798324411,8.268950649253918
1758191725.714588,-1.9369138611801464,8.26783042271712
1758191725.814642,-1.9768846506866122,8.26633701276084
1758191725.9158504,-1.9943077020834108,8.266106056015591
1758191726.0171106,-2.014325843527969,8.268787296114484
1758191726.114682,-2.0168631437621,8.27532516692832
1758191726.2154384,-2.0164795593562035,8.28340113582302
1758191726.3160887,-2.01487448217593,8.296773616303804
1758191726.4156368,-2.0133363516971547,8.304706157080988
1758191726.5149844,-2.0115259386661113,8.31824368041237
1758191726.6144924,-2.028753652442817,8.33000160999754
1758191726.7156541,-2.0568039879660645,8.340232104668729
1758191726.8149676,-2.0837408411115454,8.34770119108044
1758191726.9152155,-2.0948517931833246,8.341241755934803
1758191727.0148563,-2.0975484645156652,8.333233149667201
1758191727.1168728,-2.09912874795824,8.325290528987317
1758191727.2156363,-2.100993010561362,8.30920742381604
1758191727.3155615,-2.1012715422265535,8.301113875873511
1758191727.4155078,-2.100966057799059,8.290323342053748
1758191727.5150487,-2.0998828784165084,8.279581472509243
1758191727.6157477,-2.098029808266302,8.268945510354074
1758191727.7153714,-2.1088027786362256,8.255931688558487
1758191727.814545,-2.1559450501767343,8.241581890613984
1758191727.9151921,-2.1848214309026486,8.233277775968
1758191728.0144088,-2.223259868168255,8.222210293684196
1758191728.115226,-2.261698400266764,8.211142649916846
1758191728.2157009,-2.300136938687043,8.200075033915793
1758191728.3165386,-2.34818503483135,8.186240700878953
1758191728.4160366,-2.3866273301927476,8.175175731287084
1758191728.5150075,-2.425086419084757,8.164120318045587
1758191728.6145062,-2.473133936249483,8.15029136979463
1758191728.7237098,-2.5019683345314205,8.14199631089011
1758191728.8146932,-2.5307970084656586,8.13369949669142
1758191728.9148238,-2.5692352942656553,8.122637248954952
1758191729.0206332,-2.6076736449839433,8.111575193724029
1758191729.1150951,-2.6461120629940695,8.100513327942947
1758191729.215082,-2.694160180649364,8.08668625813591
1758191729.3161635,-2.7325987486746928,8.075624809840138
1758191729.4159834,-2.7614277154304534,8.067328843911781
1758191729.5211673,-2.8094760647836874,8.053502462781093
1758191729.6150174,-2.8286979583428122,8.047973026032789
1758191729.734265,-2.8479531704663783,8.042458988372971
1758191729.814967,-2.8768379296140507,8.034193446936607
1758191729.9244134,-2.9249832080894507,8.020432463044566
1758191730.0149868,-2.9538304220680223,8.012165925215712
1758191730.121422,-2.982666242709859,8.003893908120356
1758191730.2144508,-3.019182965144343,7.995193434065123
1758191730.316502,-3.0268267082971345,7.988175642200332
1758191730.4167686,-3.0249959367966275,7.980560284293275
1758191730.5147507,-3.0210726146593827,7.9703601420112555
1758191730.614679,-3.015101300424709,7.958111236161319
1758191730.7154639,-3.0095264486379096,7.948733425203882
1758191730.8292243,-3.003250325271468,7.939804104500412
1758191730.9159029,-2.996383853217857,7.931183493352756
1758191731.0151503,-2.9890911350182536,7.92241458388653
1758191731.114681,-2.9832175754454493,7.916061487738785
1758191731.2154317,-2.9747889451440983,7.908054284070356
1758191731.3160052,-2.965666392788003,7.9019556982446275
1758191731.4177735,-2.9585502619421917,7.898090421716335
1758191731.514599,-2.946259778078918,7.892519236147361
1758191731.6157544,-2.9360976231779516,7.888871931502876
1758191731.7146037,-2.9256993425187376,7.885965095385077
1758191731.8145425,-2.9151188748761565,7.883813823508089
1758191731.9153106,-2.904411097936078,7.882429276864422
1758191732.0146887,-2.8963301037576494,7.881898495311992
1758191732.114581,-2.8834042743551875,7.86837192029049
1758191732.2154727,-2.8804602687450096,7.829463899425581
1758191732.3164344,-2.879085473860328,7.799145640967666
1758191732.4221528,-2.8765111420115614,7.7492132892255405
1758191732.5156198,-2.8749666574876174,7.7192538609238595
1758191732.6148717,-2.8734223663980756,7.689294444820375
1758191732.7238789,-2.870864939017861,7.639344216599011
1758191732.8158276,-2.8688091400575937,7.599398421493689
1758191732.9144006,-2.8672721936856775,7.569435360934617
1758191733.0160265,-2.8653542950652904,7.521985960446554
1758191733.1165466,-2.86399313098032,7.503985105703639
1758191733.2158284,-2.859131911443061,7.498758505982403
1758191733.3153844,-2.846067160361057,7.4999411063560855
1758191733.4148896,-2.8355331946210818,7.502194402319348
1758191733.5149014,-2.827755540016187,7.504379015844271
1758191733.6162293,-2.8175860589376733,7.507974100757686
1758191733.714784,-2.805278140185327,7.513503556207087
1758191733.814579,-2.795820933985046,7.518709793024841
1758191733.9152963,-2.7867627485248008,7.5245827606817395
1758191734.015415,-2.7781504382144844,7.531092059155429
1758191734.1147783,-2.774025504909215,7.534574932648058
1758191734.2208176,-2.7661647636601785,7.541974610118528
1758191734.3150082,-2.7588564853435713,7.549920661452099
1758191734.415111,-2.7505554291641094,7.560558690240792
1758191734.5160697,-2.7460457268362384,7.567284833521442
1758191734.6158457,-2.7419055271841364,7.574244668428753
1758191734.7151866,-2.7369807871310803,7.5838528077683725
1758191734.8148577,-2.7275316724685092,7.5885552379711
1758191734.9157655,-2.6837043019728415,7.575025277204856
1758191735.0164664,-2.645981266836643,7.560877344259484
1758191735.1159081,-2.6085776668918528,7.546651066999944
1758191735.215542,-2.580524214858058,7.535983338865057
1758191735.3199227,-2.533767075035953,7.518207570771195
1758191735.4158745,-2.496360709829464,7.5039902243476835
1758191735.5145578,-2.461540837253028,7.491955236915348
1758191735.6147542,-2.446717311613209,7.483654596135959
1758191735.718079,-2.45062901058832,7.474285002020226
1758191735.8145263,-2.454486196425872,7.467167633610098
1758191735.915344,-2.4633327815484005,7.453609141185594
1758191736.0194833,-2.4700207925375732,7.445134398655467
1758191736.1156363,-2.475427532647754,7.439106076668568
1758191736.2191691,-2.481151794973198,7.4333782559185355
1758191736.3149662,-2.4892491486146815,7.426237327177624
1758191736.4142928,-2.4978393701437223,7.4196972068212785
1758191736.5144956,-2.504578814994796,7.4152069292209815
1758191736.6157246,-2.5139231035492218,7.409797905959621
1758191736.714673,-2.521173596059588,7.406190014349256
1758191736.8143673,-2.5336564219138524,7.401062811934331
1758191736.9154985,-2.54394309660444,7.397782106473309
1758191737.0155342,-2.554439087433717,7.395249930359822
1758191737.114884,-2.56241572960786,7.393850065014213
1758191737.214998,-2.5758404839483853,7.392479706203132
1758191737.315645,-2.582631377509221,7.378676715226157
1758191737.41895,-2.583664066876501,7.329285184255925
1758191737.5144024,-2.583600842463577,7.2891666649815345
1758191737.6152325,-2.583533514005034,7.24916797886013
1758191737.714516,-2.583449795681234,7.199169627099027
1758191737.8147812,-2.5833831753334304,7.15917095644948
1758191737.9153268,-2.5833334171744626,7.129171961848042
1758191738.0154772,-2.5832758448910416,7.08916559759596
1758191738.1151989,-2.583206123365109,7.0391591844020525
1758191738.2179635,-2.583162583185168,6.999122329035349
1758191738.3150659,-2.5831046515989153,6.9491018465308185
1758191738.4146152,-2.5830731292447737,6.9190879117153
1758191738.5239477,-2.5830453117876195,6.8890780134548475
1758191738.6223652,-2.5829901140982092,6.839073792489857
1758191738.7216668,-2.5829388580785713,6.799074432910712
1758191738.8190954,-2.5829007094325696,6.769074901920858
1758191738.9164977,-2.582850237700101,6.7290755139368486
1758191739.0142672,-2.582793262386037,6.67906522462677
1758191739.116734,-2.5827517630852337,6.6390373854241185
1758191739.2146697,-2.5826921157179643,6.5890389957463515
1758191739.3143666,-2.582644790397935,6.549040292773668
1758191739.4159145,-2.5826095267031737,6.5190412731878435
1758191739.514606,-2.582564993554346,6.479038585225586
1758191739.614585,-2.5825182373380304,6.429026639303297
1758191739.7161007,-2.582494764968032,6.399002545665109
1758191739.816093,-2.582463820873396,6.358981460766629
1758191739.9168181,-2.582437980925827,6.318969059914078
1758191740.0182483,-2.582412609309866,6.278957034773254
1758191740.114669,-2.582378058353419,6.228950902335893
1758191740.2209818,-2.5823583412524775,6.198943657096328
1758191740.3148732,-2.5823282779514023,6.1589407313796665
1758191740.415712,-2.5822960393546515,6.118941331697984
1758191740.516694,-2.5822572576969165,6.068933531466722
1758191740.6150155,-2.582237059230061,6.038915937090137
1758191740.715078,-2.58220794977041,5.9988976411968835
1758191740.8190384,-2.5821658019241283,5.9388719860635
1758191740.9160624,-2.582145405444623,5.908859911923205
1758191741.0163798,-2.5821266038804587,5.8788413573805105
1758191741.121584,-2.5821027757957826,5.838825102176123
1758191741.2154746,-2.582082203191404,5.798815823702845
1758191741.3147244,-2.5820633280342635,5.758798069535008
1758191741.4145558,-2.5820449509999945,5.708783561846017
1758191741.5257583,-2.5820352000822213,5.67877566017107
1758191741.632291,-2.5820249557611787,5.648772473907855
1758191741.7148547,-2.5820139843291963,5.618765575822154
1758191741.8156512,-2.5820048523878105,5.588746095431292
1758191741.9149408,-2.5819858480467297,5.561250647393903
1758191742.0150964,-2.5806575297673415,5.54338057041496
1758191742.1163926,-2.5732257741573648,5.537925874055178
1758191742.215007,-2.565173048719642,5.53857459801438
1758191742.3144102,-2.55450936305699,5.5401244061125885
1758191742.4151754,-2.54398845368887,5.542436959522997
1758191742.515565,-2.5362233445221287,5.5446653273867845
1758191742.6143143,-2.523578673541954,5.549352474672815
1758191742.7172763,-2.5137969027929046,5.553920070876409
1758191742.821923,-2.506690175655629,5.557801138643678
1758191742.9224977,-2.4975599942812186,5.5635615544179915
1758191743.014512,-2.488867791122065,5.56996376424376
1758191743.1150339,-2.480658531682141,5.576974646796009
1758191743.2180202,-2.471140560816065,5.586538673714714
1758191743.3153992,-2.46416912147064,5.594782006383424
1758191743.415738,-2.459339550216714,5.601282129338582
1758191743.5155275,-2.452091779524549,5.6126643945558365
1758191743.6143243,-2.44704855216928,5.622210834565888
1758191743.7157981,-2.444787835044399,5.627114042648236
1758191743.815194,-2.440802873770687,5.637148651678304
1758191743.917143,-2.4368533299434163,5.6500523296682905
1758191744.0178556,-2.4345390103854565,5.66059835757114
1758191744.1165876,-2.432722443942012,5.673970051402921
1758191744.2153785,-2.432139431125475,5.68475115075724
1758191744.3170252,-2.41031272085381,5.693318625638061
1758191744.414397,-2.359330509593463,5.695060075125687
1758191744.5156832,-2.3393443448616216,5.695787018492137
1758191744.615404,-2.3093651565076434,5.69687709357447
1758191744.71448,-2.24940677004732,5.6990568250425975
1758191744.8150635,-2.2094164764045887,5.700492736107478
1758191744.9153028,-2.1694180064155613,5.701924735284163
1758191745.0150862,-2.1394175324395857,5.70299621128922
1758191745.1227093,-2.089416528958625,5.704776141613919
1758191745.215808,-2.0394335212544195,5.706560428984223
1758191745.3142662,-1.9994605326491341,5.707994385830627
1758191745.415199,-1.9594875307908786,5.709428084136498
1758191745.5215147,-1.922080318340606,5.710346918362368
1758191745.6147056,-1.9111451037745264,5.710246011027654
1758191745.7143192,-1.8996164837245317,5.70373339008671
1758191745.8145988,-1.899904044803308,5.693048644470558
1758191745.9158082,-1.901105399777827,5.682339681257979
1758191746.015991,-1.903075289831927,5.671747840249322
1758191746.1160781,-1.9050498512390721,5.663914068230493
1758191746.216384,-1.907444712498421,5.656199669226188
1758191746.3145688,-1.910252963212047,5.648626981740215
1758191746.4163957,-1.9158753329591323,5.636373736178351
1758191746.5156176,-1.921167626604622,5.626964089102487
1758191746.6151426,-1.9271230354844726,5.617959491178379
1758191746.7149231,-1.9337107432999905,5.6094065321014
1758191746.8150473,-1.9390460903655786,5.603314921187692
1758191746.9184718,-1.9466564640392787,5.595657312958282
1758191747.015732,-1.9547981022892027,5.588566812045913
1758191747.115016,-1.9634288712163077,5.582080179335839
1758191747.21507,-1.9725040760988937,5.576231073028415
1758191747.3149045,-1.9819766875810276,5.571049863601792
1758191747.4158857,-1.9827373268029693,5.555685284758998
1758191747.5177248,-1.9683566358555287,5.519464151954424
1758191747.6194053,-1.9525040922329437,5.482443343733349
1758191747.7153785,-1.94058124953448,5.454900626137958
1758191747.8162303,-1.924686588303646,5.418176029916099
1758191747.914678,-1.908792454882755,5.381462075855296
1758191748.015584,-1.8928974840072734,5.344757626153313
1758191748.1313117,-1.8809763593779618,5.317229239453886
1758191748.2150145,-1.865081665475225,5.280524660798946
1758191748.3155353,-1.8491871310460866,5.243820013758624
1758191748.4155185,-1.8332927560907561,5.2071153023953505
1758191748.5146081,-1.817398539581247,5.170410530340652
1758191748.6145627,-1.8015067866458176,5.133694200236249
1758191748.7189722,-1.7895886835455623,5.1061606288759664
1758191748.815252,-1.7776730401843108,5.078623704771656
1758191748.914748,-1.7578126988576714,5.0327369193855525
1758191749.0157132,-1.7554940797796013,5.022800336442216
1758191749.1145494,-1.7589718642603829,5.000537512109835
1758191749.2148285,-1.7694222553303791,4.973825924135194
1758191749.3153198,-1.7772298531342663,4.958574467724075
1758191749.4148853,-1.784110201878856,4.9416954109768065
1758191749.516701,-1.7892929057662454,4.9357104192733265
1758191749.6148064,-1.7864863079571311,4.9301661256011915
1758191749.722868,-1.7838399547899308,4.924648723911393
1758191749.8155224,-1.7797985711496975,4.915401533431417
1758191749.9146557,-1.7769154319024856,4.9079821170181415
1758191750.015281,-1.7756541917260784,4.903764385493579
1758191750.1157308,-1.7760993516822163,4.896873642489583
1758191750.2194653,-1.7741096388875248,4.880409658228932
1758191750.3155344,-1.7730865954719968,4.872844958986011
1758191750.4144013,-1.7726854325844426,4.868154922893064
1758191750.5199008,-1.7720767891923528,4.861870233150401
1758191750.6150527,-1.7716671454481183,4.856245107604125
1758191750.715122,-1.771398355781983,4.846089137074188
1758191750.8144512,-1.7725371209824088,4.838897170129194
1758191750.9148865,-1.7751330120827666,4.830946042800418
1758191751.0166686,-1.7762440287038797,4.822251368376358
1758191751.1149502,-1.7780738740819813,4.817147808763101
1758191751.2217443,-1.7806460340542507,4.8097652134337885
1758191751.315322,-1.7825569553113725,4.801335064494417
1758191751.4154043,-1.7837428231075265,4.7980939610639135
1758191751.517283,-1.7844925134325376,4.795813117101746
1758191751.615057,-1.7848717943459966,4.794557932756204
1758191751.714482,-1.785642897756304,4.792221599249266
1758191751.8153343,-1.7860170084623161,4.790993195576166
1758191751.917361,-1.7867134464788759,4.788889475627115
1758191752.0158472,-1.7871492544170091,4.787597739839979
1758191752.1154253,-1.7876424285502461,4.7860731919263095
1758191752.2143886,-1.7882811953115298,4.784175202907095
1758191752.31462,-1.7886727374921347,4.782963868830516
1758191752.416924,-1.7892790071809286,4.781160844715786
1758191752.5144243,-1.789983429831539,4.779249300258402
1758191752.617061,-1.7909377773574173,4.77673130387635
1758191752.7270973,-1.7912315149017701,4.775902959392114
1758191752.8174198,-1.7917276116944498,4.77452281152373
1758191752.9150772,-1.7920298160902726,4.7736975297317885
1758191753.0159118,-1.7924772582534991,4.772526874319505
1758191753.1191938,-1.7932117805581909,4.77061652194454
1758191753.217151,-1.793977611766293,4.768762214391447
1758191753.3147168,-1.7946830869313226,4.767056694054151
1758191753.4221795,-1.794834190353923,4.766587021309072
1758191753.5213888,-1.794997263413091,4.766086872335426
1758191753.6146116,-1.7952980116568027,4.765580856093784
1758191753.715131,-1.7948164018293247,4.765903060815369
1758191753.8147833,-1.7948164026327664,4.765903065747216
1758191753.9218748,-1.7948163983396714,4.765903067855218
1758191754.0151613,-1.7948163952436147,4.765903069129093
1758191754.1153505,-1.794816391480326,4.765903070601103
1758191754.2170353,-1.7948163880882768,4.765903071856497
1758191754.3159637,-1.7948163850127143,4.765903072928056
1758191754.4157465,-1.794816381542004,4.765903074050458
1758191754.5261502,-1.7948163796290362,4.765903074625483
1758191754.6143923,-1.7948163766777627,4.765903075446217
1758191754.7169764,-1.7948163744982804,4.7659030759973735
1758191754.8197732,-1.7948163729536428,4.765903076358491
1758191754.922638,-1.7948163714763667,4.76590307668049
1758191755.0147042,-1.7948163691434207,4.7659030771421245
1758191755.1148233,-1.794816367810475,4.765903077380298
1758191755.2148435,-1.79481636609949,4.7659030776593765
1758191755.317115,-1.7948163644538389,4.765903077900512
1758191755.4172919,-1.8034099275178144,4.750686710572706
1758191755.5153139,-1.8079441027214367,4.7407017653571595
1758191755.6145642,-1.8162975554642116,4.725219865670078
1758191755.7182498,-1.821654169680632,4.7167367064002095
1758191755.8161583,-1.829175545520413,4.706189729542316
1758191755.915757,-1.8357938019861106,4.6974634345492365
1758191756.0150764,-1.836135318305508,4.697348364339307
1758191756.1156309,-1.8361441265729626,4.697343450669412
1758191756.2156105,-1.8361529357120316,4.697337647804645
1758191756.3156235,-1.836158670400601,4.6973342650280525
1758191756.4145708,-1.8361615341426611,4.697332859603436
1758191756.5152814,-1.8361642021418934,4.697330496933461
1758191756.6147838,-1.8383088641626533,4.695400599110445
1758191756.7154136,-1.8425799077211185,4.691054755083332
1758191756.8191693,-1.851408399964213,4.6826588419021915
1758191756.9149365,-1.8572634122540528,4.677474783402973
1758191757.0152705,-1.8628454730063717,4.672833218820903
1758191757.1147244,-1.8690469475250413,4.6684169609410295
1758191757.2147367,-1.873788132399636,4.665255340254793
1758191757.3157558,-1.880306130405059,4.661156816526101
1758191757.415306,-1.8888721379895639,4.656075854981104
1758191757.5239217,-1.906867428969874,4.647016485762193
1758191757.6152787,-1.920327652038106,4.641030879374103
1758191757.7151904,-1.9340275664993096,4.636868820101629
1758191757.83753,-1.935876119771524,4.636334450381044
1758191757.9171047,-1.9375721502978052,4.63585357958584
1758191758.0158303,-1.9418960858194867,4.634702410156298
1758191758.1154585,-1.9488847436756622,4.6330669765089025
1758191758.2157195,-1.955650291266609,4.631725310733583
1758191758.3214095,-1.9659971639485156,4.630161386397908
1758191758.4143438,-1.9734819780652315,4.626837379637218
1758191758.5150042,-1.9741931272845428,4.622067287851202
1758191758.615983,-1.9728212579865716,4.610931507168595
1758191758.7154868,-1.965887018552662,4.605206053692066
1758191758.824369,-1.9591206790049025,4.60336832917323
1758191758.9146347,-1.952087716113394,4.6016138069393975
1758191759.015239,-1.9429030232497695,4.599679999424519
1758191759.1208756,-1.9336420773677871,4.597798113033274
1758191759.2155137,-1.9241140101287304,4.596390985943965
1758191759.3212092,-1.9124536728854133,4.594808565478275
1758191759.4150257,-1.905507063230066,4.593988244776026
1758191759.5148227,-1.8962877981347999,4.593299960599832
1758191759.6157718,-1.8901266257856784,4.591007281869452
1758191759.7154884,-1.8841642476388867,4.58143926134159
1758191759.815722,-1.877014900841867,4.573349279264954
1758191759.9150398,-1.8760787270536425,4.562836878647912
1758191760.0149145,-1.8976758839035355,4.534814590741182
1758191760.1205213,-1.9183589744052012,4.511978379659714
1758191760.2147121,-1.9519862140380917,4.474960167466957
1758191760.3149989,-1.9788797857676395,4.445352910455481
1758191760.4170017,-1.9990499484757263,4.4231474454270066
1758191760.5153105,-2.0259434756572565,4.39354012866208
1758191760.6205769,-2.0461136022647435,4.371334618716405
1758191760.7250981,-2.0662837114348185,4.349129090107302
1758191760.8158455,-2.099900518300041,4.31211983649594
1758191760.91467,-2.1200618310133903,4.2915048565289196
1758191761.0163207,-2.124728118541991,4.291801787578005
1758191761.1181192,-2.134037823535861,4.301356827256915
1758191761.2144258,-2.140773412466152,4.309793923632889
1758191761.3208735,-2.143909189841467,4.314188841511462
1758191761.4274879,-2.1496963886682745,4.323302980903529
1758191761.5184398,-2.154813109537789,4.332809962291547
1758191761.620061,-2.158194535280596,4.340168437954593
1758191761.7157335,-2.168425161006682,4.347846656344386
1758191761.8188496,-2.212906325046386,4.33662048600931
1758191761.915696,-2.2418281298168434,4.327544353813076
1758191762.017979,-2.270399084045035,4.31834906717286
1758191762.1148407,-2.317998131253042,4.303020853423288
1758191762.2144306,-2.356070099024493,4.290757002916296
1758191762.3217158,-2.384624118417346,4.281559233975845
1758191762.4301298,-2.4131781733914264,4.27236156776459
1758191762.5196664,-2.4417322620850013,4.263164004907643
1758191762.6145859,-2.479261372313313,4.25141211983056
1758191762.739633,-2.5001935601544027,4.247856293307236
1758191762.8142815,-2.5062859977474043,4.254793411511347
1758191762.9158907,-2.509041921632664,4.26798270371851
1758191763.0151873,-2.510106846885557,4.27601059625407
1758191763.1153607,-2.5108499786375265,4.286781652110973
1758191763.2189078,-2.5126340022709295,4.297624956379353
1758191763.3151522,-2.542157827551275,4.305154562573671
1758191763.4146457,-2.5934595834475402,4.308425124926001
1758191763.5166757,-2.6333754114166683,4.311376235559193
1758191763.6150806,-2.663312483721088,4.313586751314861
1758191763.717315,-2.7032025387107006,4.316545758574881
1758191763.8236713,-2.743092417978374,4.319504161353748
1758191763.9159262,-2.7830021925033845,4.322444543042761
1758191764.0158288,-2.8229177917264363,4.325382746690868
1758191764.1194375,-2.8628331355660923,4.328318296678407
1758191764.2180746,-2.9127134204678757,4.331989747047007
1758191764.3149705,-2.9625762199507495,4.335668892405617
1758191764.4148986,-2.9924939231141323,4.33787620112325
1758191764.51988,-3.0323842188403605,4.340819056605224
1758191764.6149802,-3.0722745391740545,4.343761656020615
1758191764.7190192,-3.102192292588715,4.34596843681861
1758191764.814991,-3.1520663770163466,4.3496382514052785
1758191764.9155357,-3.1956956089182844,4.351907505492294
1758191765.014519,-3.2118767640704355,4.347888916937498
1758191765.1160412,-3.2141492218713803,4.343078559781549
1758191765.2186072,-3.2281075461791575,4.326055009400906
1758191765.315324,-3.2562607681056996,4.321913372285883
1758191765.4149687,-3.3069605141468457,4.317160315052857
1758191765.5185409,-3.336804342410893,4.314047018347707
1758191765.6150475,-3.3766019333993627,4.309901281688997
1758191765.7150066,-3.4263598177804475,4.304733719298407
1758191765.816251,-3.456196591413755,4.301618837802522
1758191765.914493,-3.495985216981748,4.297471668827663
1758191766.016158,-3.525822108335816,4.294357663019912
1758191766.1150346,-3.5656046630640676,4.290205864434615
1758191766.2175965,-3.595441604728549,4.287092169900669
1758191766.314868,-3.635224227921871,4.282940783085546
1758191766.4157956,-3.6849525590958936,4.277751881026024
1758191766.5146484,-3.7147895826665565,4.274638717021041
1758191766.6183538,-3.7645179894520386,4.269450406630619
1758191766.7147696,-3.804317239176233,4.2653144788291355
1758191766.831869,-3.824208861601654,4.2632410605172915
1758191766.9145873,-3.873948503351824,4.258064187622232
1758191767.0154321,-3.903818143126154,4.254975956858598
1758191767.1205304,-3.95358648170942,4.24983049628413
1758191767.2153637,-3.9933823384129528,4.245705571003236
1758191767.315545,-4.0331923596998225,4.241593226620019
1758191767.4171069,-4.072986552061546,4.23747662771183
1758191767.5219295,-4.102828783841265,4.234382945850468
1758191767.622278,-4.152562910124861,4.229227557809811
1758191767.7244115,-4.191777081493823,4.225413224335918
1758191767.8166015,-4.210617683442889,4.224905615398243
1758191767.9156215,-4.220859200504106,4.229057284883789
1758191768.0221393,-4.221523410144207,4.239708646676876
1758191768.1147127,-4.22132561852217,4.247792636881019
1758191768.215055,-4.220386225515596,4.258529434654809
1758191768.3164258,-4.225358293655377,4.270315403440485
1758191768.4196837,-4.259155717104385,4.280729374772275
1758191768.5146146,-4.309065859410809,4.291236546317309
1758191768.617144,-4.338358231238765,4.297708957649723
1758191768.7184205,-4.377414772552104,4.306338644924025
1758191768.8161497,-4.406707211848814,4.312810764771034
1758191768.9185221,-4.45552800272819,4.323597352610279
1758191769.0151596,-4.494584684197068,4.332226372192682
1758191769.1158419,-4.523879078395042,4.338697135545896
1758191769.2212203,-4.562384509949982,4.34684504211118
1758191769.314963,-4.580802564003412,4.348974106000506
1758191769.4160666,-4.591394967199705,4.3451852232193025
1758191769.515309,-4.594888029630475,4.334341451607811
1758191769.6145418,-4.595707687020093,4.323522986190169
1758191769.721767,-4.595676794158264,4.312734800903542
1758191769.8146791,-4.602188816882323,4.307026918491293
1758191769.914709,-4.647577540541683,4.300002611464273
1758191770.014622,-4.68782144161276,4.296551505294565
1758191770.1185958,-4.717710678593112,4.293737041210482
1758191770.2147164,-4.767492012043061,4.289025223152046
1758191770.3155587,-4.807318326729842,4.285256996553647
1758191770.4149668,-4.857093635742435,4.28054049324704
1758191770.5146782,-4.896913923557561,4.276767558932187
1758191770.6150491,-4.936734248755666,4.272994862419662
1758191770.7153788,-4.9765546099712905,4.269222403872485
1758191770.8153224,-5.006419902485108,4.266393216373249
1758191770.9161677,-5.056195424910895,4.261678202473038
1758191771.023078,-5.096025198798997,4.257914347139062
1758191771.1151812,-5.135853004458127,4.254151723449125
1758191771.215364,-5.185639235273638,4.249448999666496
1758191771.314938,-5.225505519243857,4.245712222050936
1758191771.4145641,-5.265355698445384,4.241975507438726
1758191771.515292,-5.305186037596164,4.238226911408293
1758191771.615077,-5.3450299453473065,4.234493028893267
1758191771.7195382,-5.384852335226236,4.230743471454293
1758191771.8150654,-5.424680863604518,4.226998764485149
1758191771.9158466,-5.474458961349316,4.222311756701097
1758191772.016253,-5.504325844562979,4.219499743902727
1758191772.114679,-5.534192748692069,4.216687864964382
1758191772.2150362,-5.574015319956575,4.212938901266081
1758191772.315709,-5.6138379262928275,4.209190175781948
1758191772.4147153,-5.643704901700324,4.206378788274769
1758191772.5175998,-5.683527558883137,4.2026304808468895
1758191772.614734,-5.723359722035671,4.198890274361951
1758191772.717172,-5.76318987325713,4.195151312070028
1758191772.8149228,-5.803015461712286,4.191408867223628
1758191772.916359,-5.842327533634544,4.187979313080577
1758191773.020025,-5.864825969075921,4.188005333164061
1758191773.1202364,-5.872167664205017,4.194275442579781
1758191773.2157006,-5.871789632237092,4.208026061216682
1758191773.315122,-5.871183552942535,4.2161013935729335
1758191773.4199445,-5.869208300061879,4.229449679333343
1758191773.5228746,-5.867449731035352,4.237354242723288
1758191773.6170087,-5.865267127861352,4.245152295674013
1758191773.7165267,-5.861708574664695,4.255344805800164
1758191773.8151045,-5.857426111517459,4.265254858561108
1758191773.9154692,-5.852441928777413,4.274831166269025
1758191774.0144506,-5.845264555211234,4.286256916677163
1758191774.1263351,-5.838801148273424,4.294904165063875
1758191774.2142987,-5.831732394932449,4.303064234482814
1758191774.314663,-5.822101164353157,4.3125151066666
1758191774.4182284,-5.81380853101886,4.3194286790515415
1758191774.5151246,-5.813607672944865,4.336321946352705
1758191774.6155796,-5.828415300849127,4.360637744660226
1758191774.7165651,-5.850842431113339,4.394797392004239
1758191774.8159025,-5.867418961209966,4.41980329281151
1758191774.9165678,-5.8895214983987545,4.453140025024621
1758191775.0160022,-5.903456544323777,4.4682303503920275
1758191775.1146233,-5.918860957351629,4.468723699118213
1758191775.2152648,-5.933479496750928,4.469781010549151
1758191775.3159068,-5.941819632998582,4.47062919708153
1758191775.4144995,-5.955006562160793,4.4723392768094765
1758191775.515089,-5.964931750775613,4.473956241355941
1758191775.615552,-5.972025853857941,4.47527148597729
1758191775.7158642,-5.981038928620403,4.4771383642338645
1758191775.8157144,-5.99159316104604,4.479655625177689
1758191775.9161704,-5.99947652584361,4.481747654634556
1758191776.018009,-6.0067873880192595,4.483894908818572
1758191776.1161335,-6.009394412660723,4.482660506934762
1758191776.2149131,-6.014966945594243,4.478248123305387
1758191776.3169732,-6.0262094218259366,4.472398049638135
1758191776.4150288,-6.036937683045205,4.468312928770749
1758191776.5164936,-6.0474031597843405,4.463453737534231
1758191776.614904,-6.059200830243991,4.456080183864113
1758191776.715057,-6.062174170035156,4.454771460728459
1758191776.815408,-6.062181704571505,4.454782305054993
1758191776.9160142,-6.062188934491957,4.454792659665856
1758191777.0160978,-6.062198306150839,4.454806113431315
1758191777.1224895,-6.062203838053082,4.454814047834085
1758191777.2189913,-6.0622131305672164,4.454827429956931
1758191777.3155851,-6.066471869349007,4.460144177804042
1758191777.4166293,-6.091058183642891,4.489648300959314
1758191777.5154912,-6.1181146038666565,4.522126023454829
1758191777.6179411,-6.143931378315147,4.552902576260592
1758191777.7155325,-6.169648655383958,4.583537143802096
1758191777.8172297,-6.195365889133025,4.614171748587563
1758191777.9154778,-6.214653785756906,4.637147726069499
1758191778.0176277,-6.246800226181767,4.675441065368987
1758191778.1147003,-6.2725216719410515,4.706094747443937
1758191778.2160547,-6.311095960809984,4.752067443151419
1758191778.3144372,-6.336274941827001,4.782146132507769
1758191778.4145846,-6.347304343303789,4.800676017993948
1758191778.5147026,-6.3399522839050375,4.807589110546565
1758191778.6154685,-6.333203777679184,4.812065022410462
1758191778.7146082,-6.326223401862161,4.816170265460626
1758191778.816478,-6.316590846671848,4.821046758802188
1758191778.9145145,-6.306632294713111,4.825217761206578
1758191779.0146897,-6.296399387842189,4.828661599408676
1758191779.1160707,-6.283303418118089,4.831916934868546
1758191779.223023,-6.272649003573164,4.833665157567535
1758191779.3456416,-6.261896495584847,4.834642364326681
1758191779.4165096,-6.251182119581169,4.841629311411513
1758191779.5157793,-6.247423059708909,4.866444674636358
1758191779.6151295,-6.245886893353184,4.917689126600592
1758191779.716269,-6.244474003087716,4.957681442426368
1758191779.8153145,-6.2430678343656165,4.997681189820982
1758191779.9152734,-6.242016060635238,5.027681099289142
1758191780.0146847,-6.240605665851994,5.067661711986665
1758191780.1148405,-6.239191702630083,5.107635417974985
1758191780.214965,-6.238131402412069,5.137615712089651
1758191780.31888,-6.23671789993549,5.177589454541484
1758191780.4161806,-6.235657947337919,5.207569771738151
1758191780.5188603,-6.234244910477965,5.247543537796516
1758191780.6144655,-6.232483348877384,5.297515445378758
1758191780.7142427,-6.231437910828446,5.3275167192826105
1758191780.8166378,-6.230047614763263,5.367518576409233
1758191780.916382,-6.228661904233136,5.407520566684301
1758191781.0145,-6.22762561308284,5.437522134180633
1758191781.118636,-6.225882643208162,5.487492192718901
1758191781.2206097,-6.2244892108741485,5.527467364408886
1758191781.3145435,-6.22311524296176,5.567461471041713
1758191781.4157836,-6.22291843895973,5.591162421317549
1758191781.5148468,-6.21639316212595,5.606524292194351
1758191781.6216557,-6.20575464449738,5.605413592271591
1758191781.7162554,-6.1977856049023625,5.6039753746863425
1758191781.8171973,-6.184713779642905,5.60062991106436
1758191781.9148893,-6.1719957830711705,5.596123270879559
1758191782.0144649,-6.164577747928177,5.592876737760217
1758191782.1150784,-6.1549801259163095,5.5879344856180735
1758191782.224572,-6.148028887535231,5.5837816432297505
1758191782.315928,-6.13912833188526,5.5776726394608716
1758191782.4151692,-6.132753922659623,5.57267926406254
1758191782.5262058,-6.122758032624526,5.563616215387153
1758191782.6147976,-6.115373022838658,5.555741491633788
1758191782.7190304,-6.108573392161457,5.54735578614125
1758191782.8326325,-6.10387915358893,5.540757189421225
1758191782.9146383,-6.10239440057632,5.538502499912799
1758191783.0156317,-6.095591969201437,5.526848422125559
1758191783.1158502,-6.090921512864966,5.517114071751197
1758191783.214553,-6.087884924329295,5.5096064859094716
1758191783.3179152,-6.084474678192472,5.499362249179806
1758191783.4153717,-6.08240558155996,5.491532541267629
1758191783.5151389,-6.080762099439638,5.4836025859843165
1758191783.6151202,-6.0789812238451795,5.470226153117897
1758191783.71609,-6.064882197091858,5.460918726287523
1758191783.8155332,-6.015459233975149,5.4603954661068705
1758191783.9154246,-5.985320806089498,5.4607697754599185
1758191784.0175958,-5.955323870161718,5.4611853045905745
1758191784.1161668,-5.925327208350071,5.46160070015166
1758191784.2159247,-5.875332784090235,5.462291641119135
1758191784.32573,-5.825338424851265,5.46297982941022
1758191784.4182749,-5.795342036986179,5.463390677289859
1758191784.5200813,-5.745348426657392,5.464078564072591
1758191784.615747,-5.705353534999284,5.4646304746520045
1758191784.7153432,-5.665358638802738,5.465182120260887
1758191784.8148484,-5.60535302428367,5.465987143197746
1758191784.9204693,-5.575346355158138,5.466380348847794
1758191785.0143874,-5.53533465497071,5.466900444247908
1758191785.1156192,-5.495339592012984,5.467440640508899
1758191785.215578,-5.455344531357909,5.467980556155731
1758191785.3145223,-5.405340842697225,5.468646792277586
1758191785.41594,-5.365340338256173,5.469178180615258
1758191785.515485,-5.335343475949096,5.469579223519503
1758191785.6191466,-5.285348713475138,5.470246878136905
1758191785.7150304,-5.24535290912511,5.470779718506918
1758191785.81499,-5.205357143436217,5.471310776609567
1758191785.9170587,-5.16536166348373,5.471839132213581
1758191786.0150993,-5.125366482239125,5.472369829404314
1758191786.1144,-5.085371324749605,5.472902145461291
1758191786.2178342,-5.035377371740224,5.473567167371379
1758191786.3163152,-5.0053788977451905,5.473960418975563
1758191786.4172926,-4.965367717612626,5.4744663025681986
1758191786.516192,-4.925358345975486,5.474968515495281
1758191786.6152065,-4.897048328658787,5.4751024382583235
1758191786.7164772,-4.884835971001133,5.4812223762177705
1758191786.8151236,-4.884954318343997,5.489018860788705
1758191786.9231522,-4.886919741363918,5.502342128225355
1758191787.014497,-4.889348790025141,5.5128366200913455
1758191787.115282,-4.892528336734996,5.523126982931482
1758191787.2162626,-4.896483311510934,5.53316638854394
1758191787.3144472,-4.903757275451958,5.547629661547054
1758191787.4156358,-4.909455012274402,5.556799481426352
1758191787.5146532,-4.915797594873498,5.5655357613832654
1758191787.6155267,-4.920958096210645,5.571776173617894
1758191787.714407,-4.930282906022547,5.581529321901776
1758191787.815828,-4.9383507144431045,5.588703777988792
1758191787.9147,-4.949126943519074,5.596825758696453
1758191788.0159404,-4.955928092378161,5.601222259584363
1758191788.1146162,-4.967758730588334,5.607714069061687
1758191788.2153666,-4.972646519440072,5.610008382311507
1758191788.314828,-4.9846048708132376,5.616654089711366
1758191788.415647,-4.98099469487449,5.646903165202249
1758191788.5153186,-4.969485626295258,5.686402909183893
1758191788.619126,-4.957946432343848,5.724722903332203
1758191788.7153838,-4.943525615214304,5.772631896849112
1758191788.816113,-4.934878988030186,5.801385536075808
1758191788.9176314,-4.92047115695037,5.849315029374592
1758191789.0154774,-4.911828023928691,5.878060878001186
1758191789.1285584,-4.900302755072341,5.916385672609679
1758191789.2145839,-4.8858898372721375,5.96426126429627
1758191789.3150268,-4.871477239505135,6.01213695430252
1758191789.43575,-4.859947392087637,6.050437574345815
1758191789.5150511,-4.848417748523892,6.088738252410079
1758191789.6150596,-4.836893864222612,6.127054616154837
1758191789.7156553,-4.825374791846306,6.165380563381952
1758191789.8145673,-4.810980778818845,6.213289401328199
1758191789.9150357,-4.7994679053570275,6.25161273545776
1758191790.019438,-4.787951465514143,6.289917359375527
1758191790.115111,-4.779314268225547,6.318645868839288
1758191790.2159572,-4.7649267594714315,6.366562425093022
1758191790.3151317,-4.756300904817032,6.3953206890873995
1758191790.4232135,-4.7419282592933545,6.443258552344821
1758191790.5169303,-4.7304318882596395,6.4816026332738135
1758191790.6212218,-4.716058589097404,6.5295044061328325
1758191790.714614,-4.707432156924475,6.558236206365743
1758191790.8144364,-4.693055046746305,6.606122562925714
1758191790.9180927,-4.68730429355395,6.6252771328521805
1758191791.0162172,-4.6746831473745365,6.67074508542787
1758191791.1144931,-4.673459834896035,6.687333523763488
1758191791.2161455,-4.678958149028549,6.69266582888085
1758191791.3156834,-4.690289377291591,6.696859020287025
1758191791.415373,-4.704055862257478,6.70711729984511
1758191791.5201197,-4.70574061281283,6.742557421673713
1758191791.6153233,-4.70491590530528,6.773092449257219
1758191791.715501,-4.703531361052874,6.813067170945675
1758191791.8157978,-4.7021520329171365,6.853047024815314
1758191791.9169633,-4.700770160105439,6.893022601071821
1758191792.0157652,-4.699401382741133,6.93301322650742
1758191792.1145382,-4.698038735554787,6.973014471752438
1758191792.2240772,-4.6966804393829324,7.013015887019434
1758191792.3147645,-4.695664152330476,7.043016070380126
1758191792.4154518,-4.69395466815594,7.092985232912904
1758191792.518035,-4.692587387737874,7.132960568131604
1758191792.6145618,-4.691562099770551,7.162942084410491
1758191792.71524,-4.690195280044997,7.202917456269989
1758191792.8217356,-4.689170339057987,7.232898995068199
1758191792.9158716,-4.68780398345968,7.272874388842895
1758191793.019343,-4.686110855833094,7.322863679131349
1758191793.1158528,-4.685101955617684,7.352866258585889
1758191793.2150216,-4.6840956352202845,7.382868913680856
1758191793.3158727,-4.6824241585253175,7.432873484965376
1758191793.4226458,-4.681078477246043,7.472855723544859
1758191793.5155988,-4.67972983964828,7.512831650472058
1758191793.6250985,-4.678067761312698,7.562824783012252
1758191793.7145836,-4.67674069219305,7.602814526231504
1758191793.8186657,-4.675749737625575,7.632808474599662
1758191793.9150634,-4.674763572302103,7.662814892710373
1758191794.0149572,-4.672765474276471,7.722785136938143
1758191794.1153622,-4.6714316414320916,7.762761603637444
1758191794.2150514,-4.670431439311853,7.79274396831034
1758191794.314509,-4.669098067599032,7.832720471016362
1758191794.4181747,-4.668098212775218,7.8627028576645746
1758191794.5145128,-4.6670985074398095,7.8926852499272435
1758191794.6155422,-4.665114236596454,7.952670505745084
1758191794.7216256,-4.6638031403965625,7.9926750869876155
1758191794.8183277,-4.662496647299035,8.032679801104253
1758191794.915767,-4.6613407356606205,8.072079548876477
1758191795.0146315,-4.6613269050341035,8.091032163664849
1758191795.114656,-4.665537937090964,8.103086046461144
1758191795.214872,-4.680797416558084,8.104723108909516
1758191795.3153977,-4.688820740695903,8.103742682725786
1758191795.4143002,-4.699410862668942,8.101764524269992
1758191795.5181596,-4.709828816789904,8.09902981401301
1758191795.6152816,-4.720025999780158,8.095520569596896
1758191795.7146177,-4.72749625150641,8.09239553357088
1758191795.8149633,-4.741876675896379,8.084960012539138
1758191795.9241023,-4.748744989634887,8.080671206694756
1758191796.0155237,-4.757523774846478,8.074388259745874
1758191796.1145709,-4.765827959882007,8.067490114183151
1758191796.2179475,-4.7754755772576845,8.05805695086868
1758191796.3154826,-4.782558880213423,8.049909602697694
1758191796.41606,-4.789037961281111,8.041273674968828
1758191796.514573,-4.794879216724401,8.0321938735438
1758191796.6299798,-4.800052327494464,8.022717232969738
1758191796.71486,-4.804530428742013,8.012892872338274
1758191796.8210194,-4.8082902611715035,8.002771733581296
1758191796.9155154,-4.8106268827895535,7.995017644577677
1758191797.0145671,-4.813580860570292,7.981850346398734
1758191797.1164439,-4.821810649432614,7.972057784732022
1758191797.215693,-4.857186924351507,7.972196300338316
1758191797.3146453,-4.908001150787551,7.975838255809819
1758191797.4153986,-4.9478898337633535,7.979134313707607
1758191797.5152209,-4.987778877966335,7.9824260323795535
1758191797.6148415,-5.03764065168424,7.986534582955895
1758191797.716089,-5.067544413589892,7.989003966985005
1758191797.8156743,-5.107407016300958,7.992300346170616
1758191797.9210217,-5.147284890893986,7.995586916826246
1758191798.0239882,-5.190877837996395,7.998175180050717
1758191798.1182969,-5.199208111768504,7.997926363191933
1758191798.2154064,-5.20962820178014,7.989178915785674
1758191798.315994,-5.209507669511275,7.9755432456182564
1758191798.4151895,-5.208673619430606,7.967488297510573
1758191798.5150752,-5.206887793570689,7.956840809178252
1758191798.6158373,-5.203586441676785,7.943757473590828
1758191798.7145278,-5.20010681870597,7.933537689912913
1758191798.815185,-5.195901117666784,7.923594759557218
1758191798.914399,-5.18965649293941,7.911633660406804
1758191799.0163765,-5.1839023168311815,7.902499178946298
1758191799.1260798,-5.179163499346663,7.895932910320658
1758191799.2145903,-5.174077176820518,7.889631888981651
1758191799.3149362,-5.191720037255859,7.861882187531109
1758191799.4149494,-5.221518141952943,7.833529981814983
1758191799.5146375,-5.2505128391066735,7.805934273129854
1758191799.6167207,-5.279511927284352,7.778341391010142
1758191799.7158751,-5.308499881242319,7.75074836707285
1758191799.8146918,-5.337470979343712,7.723157419753968
1758191799.9152055,-5.366440479006849,7.695568507668862
1758191800.0157208,-5.388165989820191,7.6748818885501375
1758191800.1148756,-5.4244000769812635,7.6403835271027285
1758191800.2153754,-5.453376821424614,7.612791346478017
1758191800.3155866,-5.482356888640697,7.585207254718377
1758191800.4188213,-5.511337424631638,7.557624432267728
1758191800.5149026,-5.54032245352671,7.530038192646882
1758191800.6153433,-5.57654364587036,7.495563058877461
1758191800.7148051,-5.598271531398395,7.474879303381558
1758191800.8156688,-5.641727316778944,7.4335117790085725
1758191800.9146006,-5.670697846126142,7.405933423140953
1758191801.0156407,-5.692425743191739,7.385249655493228
1758191801.114788,-5.728638900031869,7.350776712979336
1758191801.2163384,-5.747323828711784,7.332684616443285
1758191801.3162107,-5.748283319868126,7.3253381409282765
1758191801.4145837,-5.738519322955369,7.316246609081605
1758191801.516121,-5.729931795872073,7.309703234976793
1758191801.6145282,-5.716223864783347,7.301087665297159
1758191801.7250497,-5.709041065249461,7.2973471022976435
1758191801.8148408,-5.696654786430328,7.291991252758734
1758191801.9196215,-5.686957072435291,7.286807637272954
1758191802.0249715,-5.687065801035798,7.265952562774961
1758191802.1152039,-5.699254996175334,7.2164898005715425
1758191802.2272723,-5.709251359823905,7.177720060978342
1758191802.3145616,-5.719243900403611,7.138953755462179
1758191802.422345,-5.729232946092006,7.100187573134142
1758191802.5193007,-5.7417208306578145,7.051743970031513
1758191802.6147895,-5.75171024596207,7.012997983716672
1758191802.715391,-5.761705853982989,6.974268613069732
1758191802.81573,-5.771701246869787,6.935539181726192
1758191802.9145315,-5.77919390463064,6.906484885004362
1758191803.0164952,-5.789188014695415,6.867755115900957
1758191803.114759,-5.796683457369491,6.838707749616843
1758191803.2203827,-5.809175606510551,6.79029540116325
1758191803.314288,-5.821667440914954,6.741882967857777
1758191803.4150062,-5.829162391576557,6.71283546908034
1758191803.516309,-5.839150765099232,6.674095872167317
1758191803.6180942,-5.851631920076387,6.625658493937399
1758191803.715448,-5.8591165141112365,6.596596776469974
1758191803.815832,-5.869089170221613,6.557821253143173
1758191803.914393,-5.876566875737267,6.528741340719565
1758191804.0154912,-5.886534561535979,6.489969503499438
1758191804.1157486,-5.894012243358799,6.460902021731322
1758191804.217333,-5.906467898488042,6.41245178198875
1758191804.3177805,-5.91145463867758,6.393084245583674
1758191804.4144433,-5.92641453494019,6.334981544885627
1758191804.5163338,-5.938876742107995,6.286555274912793
1758191804.6156397,-5.946355623795817,6.2575036427925355
1758191804.7152255,-5.9563272846555195,6.218768081780924
1758191804.8150158,-5.961981465655682,6.192306598044713
1758191804.9149027,-5.965688007979177,6.176720661530324
1758191805.0191913,-5.976357112063791,6.177630989020563
1758191805.1143875,-5.988808796705378,6.182828664862216
1758191805.217283,-5.996037599575768,6.186477332018949
1758191805.3148887,-6.005349695741625,6.191938761365502
1758191805.414767,-6.014244826413153,6.198055825481831
1758191805.514569,-6.024707510094908,6.206575609806142
1758191805.6157687,-6.030602530003282,6.212127026411531
1758191805.7163353,-6.036189451417088,6.217988553398729
1758191805.8145416,-6.044772527635876,6.22840018119541
1758191805.9147282,-6.050943544057745,6.237258982797593
1758191806.015639,-6.056461480532302,6.24653891651233
1758191806.1186604,-6.061297686284353,6.256191896325005
1758191806.2256722,-6.065427041587383,6.266167877883763
1758191806.3161232,-6.082316054053717,6.274219063494515
1758191806.4156058,-6.120255576083261,6.265222116221853
1758191806.5150573,-6.168921806763865,6.252321678145114
1758191806.6187527,-6.197882462442089,6.244486692378475
1758191806.7154636,-6.246180634561024,6.2314456121455795
1758191806.8374486,-6.284792570111927,6.221002475871228
1758191806.9147813,-6.323404622162969,6.21055988211193
1758191807.0147493,-6.371670060937515,6.197508135037718
1758191807.1198344,-6.4006296054253236,6.189678279972643
1758191807.215525,-6.429589381749554,6.181849725281449
1758191807.3145685,-6.468201808650519,6.171411354167439
1758191807.4150538,-6.5068136303578035,6.160970770269687
1758191807.5153494,-6.535772532769649,6.153140465390565
1758191807.61533,-6.574384450143958,6.14270023351086
1758191807.7164104,-6.622662576680428,6.129659003503666
1758191807.8156989,-6.661275069740346,6.119220897856488
1758191807.9152753,-6.699887613938419,6.108782980696533
1758191808.0160105,-6.738500208359609,6.098345249077298
1758191808.1230168,-6.777114015413949,6.087908253149908
1758191808.2232168,-6.806077147180649,6.080082549575291
1758191808.3144736,-6.854368506862342,6.067050932635336
1758191808.4153562,-6.892983315899264,6.056618445615788
1758191808.5143094,-6.931598246660146,6.046186507143321
1758191808.6157844,-6.979867290602732,6.033148105977033
1758191808.7162673,-7.018482957075123,6.0227192687320255
1758191808.8149683,-7.057098880217887,6.01229311031823
1758191808.9149952,-7.1053671760593975,5.999255482195717
1758191809.016217,-7.134328222490677,5.991433110292761
1758191809.1146946,-7.172942998713693,5.981003456540493
1758191809.214281,-7.211564754703775,5.9705793539216705
1758191809.3149989,-7.249604904883454,5.9606763416175035
1758191809.414995,-7.263314494217588,5.958080798971872
1758191809.5150526,-7.2755148988958664,5.949692121423892
1758191809.617233,-7.27310592209406,5.938959445892841
1758191809.717278,-7.269714552747509,5.927954729275351
1758191809.8146763,-7.266482345691044,5.920110262277239
1758191809.9167683,-7.261709805985966,5.909462682306796
1758191810.0359306,-7.258873938737413,5.904622584787275
1758191810.1147304,-7.252833010104252,5.8948562458591205
1758191810.216284,-7.244402023090584,5.8828356971402895
1758191810.3156414,-7.2365930322113705,5.874972616828148
1758191810.4155834,-7.230231025989818,5.869962804369215
1758191810.514888,-7.221345357976316,5.8638307465821615
1758191810.6154413,-7.212041416408875,5.858353603295318
1758191810.7146041,-7.199896894445646,5.852471132352325
1758191810.8152766,-7.187272595016799,5.84770387560401
1758191810.91763,-7.176896336841914,5.844719340959589
1758191811.0210392,-7.169339146461731,5.841216479517084
1758191811.1153505,-7.16866928225122,5.810760213669607
1758191811.2182424,-7.1744510091125315,5.77000353251836
1758191811.314865,-7.17747639341731,5.750234381590219
1758191811.4155066,-7.18352662483038,5.7106960354603915
1758191811.5142922,-7.191083383881787,5.661263556416006
1758191811.6147077,-7.195614958141275,5.631606589822742
1758191811.7153282,-7.201657269495899,5.592060536468609
1758191811.8155339,-7.2072970479678204,5.553079006308145
1758191811.9151766,-7.208374542778953,5.530765130751421
1758191812.0154576,-7.202235986658275,5.521738339396181
1758191812.1157243,-7.193668329542712,5.519745742428174
1758191812.2151194,-7.1799223431872,5.519372653650088
1758191812.315869,-7.169167862662973,5.5203221634696185
1758191812.414766,-7.155866778053193,5.522592526673127
1758191812.5144615,-7.148003248739691,5.524525689425113
1758191812.6156168,-7.137702742379918,5.527757832165677
1758191812.7144792,-7.127661563413277,5.53172247635882
1758191812.8164432,-7.120332181264002,5.535164433305593
1758191812.9148722,-7.110868897581874,5.540359265765907
1758191813.014452,-7.09960526265423,5.547787580576971
1758191813.1152403,-7.091103541555597,5.554440577880093
1758191813.214825,-7.083102250333467,5.5616879359688465
1758191813.3155184,-7.075642811724025,5.569492176651438
1758191813.4186878,-7.0704271811527,5.5756866311988516
1758191813.514843,-7.062501096021269,5.586607144040589
1758191813.6153216,-7.056886987240432,5.59582927001201
1758191813.7154953,-7.051950697465687,5.605431522783114
1758191813.814926,-7.048708860068688,5.612852790140359
1758191813.9173121,-7.025260949906894,5.613022814057358
1758191814.015334,-6.976881097154957,5.597078382511073
1758191814.1155963,-6.938984710893206,5.584180850273151
1758191814.2149441,-6.910591309763796,5.574498696456825
1758191814.315406,-6.872713030538449,5.5615934747169335
1758191814.4151423,-6.834809825833733,5.548695522413599
1758191814.5143068,-6.787438220471631,5.5325748348258905
1758191814.6147316,-6.759014760888282,5.522906338271851
1758191814.715282,-6.721119577612798,5.510014730115196
1758191814.819982,-6.683239799458612,5.497122727136428
1758191814.9150288,-6.635911209175059,5.481004086585955
1758191815.015099,-6.607514006109115,5.471333045751701
1758191815.1151073,-6.579700714566772,5.462181332071314
1758191815.2147982,-6.559347444958808,5.456572665187867
1758191815.3153782,-6.55901287574814,5.4470252608847325
1758191815.4160252,-6.562474868945764,5.439705291273301
1758191815.5149088,-6.567695565734155,5.43025613914798
1758191815.616053,-6.573582391946051,5.421206946627017
1758191815.7151716,-6.580104902995408,5.412604544607219
1758191815.8153493,-6.587229370355585,5.404493459216339
1758191815.916816,-6.594918952716327,5.3969156947142976
1758191816.0151775,-6.601033173757828,5.391606095753612
1758191816.114973,-6.609614340656201,5.385054379789215
1758191816.216487,-6.618644768633132,5.379136796179993
1758191816.3158584,-6.628077660416596,5.373884077075067
1758191816.414569,-6.637864103191793,5.369323510286782
1758191816.5148304,-6.645572666474092,5.359106499859281
1758191816.6164877,-6.640697300764954,5.334470930197362
1758191816.7149303,-6.62857787245414,5.295124913195291
1758191816.814819,-6.616461617383294,5.256993408361363
1758191816.914628,-6.604337145937742,5.21887687168014
1758191817.022596,-6.592212856507788,5.180760264408796
1758191817.114428,-6.577057748072939,5.133114413417626
1758191817.2155986,-6.5679648176633245,5.104526858005485
1758191817.3148234,-6.558871988351723,5.075939271881164
1758191817.4154422,-6.5467483738167465,5.037822446216377
1758191817.5150585,-6.531594109656428,4.990176344735165
1758191817.6159241,-6.522509471564888,4.961569528750465
1758191817.7145839,-6.510392089914063,4.923444257557787
1758191817.8153417,-6.498283686525959,4.885296839071437
1758191817.923436,-6.4861736771937375,4.8471519389847
1758191818.0151134,-6.4770924219942865,4.81854379732738
1758191818.114516,-6.461968771578615,4.770859227501803
1758191818.2165477,-6.457778250988333,4.754196888370741
1758191818.3143446,-6.455956970248971,4.740850249181084
1758191818.4156606,-6.46281789177626,4.734684742551327
1758191818.5155692,-6.4733803278589175,4.732448842302413
1758191818.616536,-6.481392904952427,4.731273884430285
1758191818.7154794,-6.497549803188463,4.730228688328471
1758191818.814973,-6.505638354649398,4.73033193542222
1758191818.915453,-6.519062278173234,4.731453375307337
1758191819.0174906,-6.532325142504968,4.733776122917066
1758191819.1157148,-6.537561575640833,4.735038750265395
1758191819.2145548,-6.550422071530746,4.739011350528889
1758191819.3163128,-6.563013812707298,4.7367701057486835
1758191819.4156728,-6.576217805455537,4.715424247194686
1758191819.5156763,-6.593463982027415,4.6780334937639845
1758191819.61492,-6.6147257954547465,4.632681963583426
1758191819.7161343,-6.627480564928446,4.605471485977676
1758191819.8155818,-6.640233677571075,4.578260244729978
1758191819.9143155,-6.661482352744105,4.532974503006015
1758191820.015885,-6.678478569469865,4.496751279927381
1758191820.1160662,-6.691225730096083,4.469587530935069
1758191820.2145696,-6.712469220872479,4.424324055393054
1758191820.3167367,-6.7228498801115615,4.39967756852793
1758191820.4156013,-6.7328583275823215,4.386136393132633
1758191820.5145984,-6.739918764949578,4.389359539095201
1758191820.6230845,-6.751254801692746,4.396676469576196
1758191820.7160413,-6.759821449131628,4.403245248957661
1758191820.8148518,-6.765924195048929,4.408567029339991
1758191820.9153833,-6.773597760103952,4.4161602371949975
1758191821.014602,-6.7807054289181625,4.424285858728479
1758191821.1159523,-6.785642540315068,4.430704285353038
1758191821.2151947,-6.793078845084431,4.441963655566289
1758191821.3152428,-6.798280390377367,4.4514243038090004
1758191821.4148955,-6.803803634915476,4.463736131433433
1758191821.514636,-6.807411305367648,4.473912166370194
1758191821.6153195,-6.80963141025932,4.481700172466676
1758191821.7154455,-6.812634437009992,4.486556864876206
1758191821.8156312,-6.853283229067906,4.484639371809554
1758191821.915092,-6.88376065643398,4.479710676030346
1758191822.0153747,-6.913324746747396,4.474481797677774
1758191822.1155992,-6.9625780217548625,4.465752850144692
1758191822.2152987,-7.001958812611683,4.458750006015582
1758191822.3147037,-7.031494420467745,4.453498095751832
1758191822.4147642,-7.080733464451408,4.444755777262848
1758191822.515007,-7.110286002934183,4.4395137423485505
1758191822.6157675,-7.169398534304105,4.4290362270872565
1758191822.7149098,-7.208807711324931,4.42205623068556
1758191822.8149126,-7.248195741954303,4.4150700700123
1758191822.9155154,-7.287579261760395,4.40808261643782
1758191823.0155082,-7.326962822848044,4.401095388617643
1758191823.1167152,-7.366346423022328,4.394108387219211
1758191823.2167883,-7.40314899714692,4.388548071886811
1758191823.325394,-7.422370097977803,4.383993996388111
1758191823.4146037,-7.423446010869599,4.371387929640756
1758191823.515714,-7.421811618397313,4.3628813168356535
1758191823.6152174,-7.4204993885902635,4.357173809867588
1758191823.7159433,-7.416157830284535,4.343317562067709
1758191823.8258793,-7.410481513921509,4.329933219761322
1758191823.9258842,-7.406332797927199,4.322541515921351
1758191824.0157323,-7.400254377255892,4.312795395215933
1758191824.11559,-7.391029049709473,4.302949815154551
1758191824.2144117,-7.383034202115882,4.295694689803526
1758191824.316458,-7.374538043549763,4.289033291180386
1758191824.4156408,-7.365584539769539,4.283000154782758
1758191824.514793,-7.35859708705212,4.278906559455439
1758191824.616613,-7.348956106123417,4.274046175240584
1758191824.7162554,-7.338990335752673,4.269891865303791
1758191824.8158982,-7.3313339020675405,4.267252617468808
1758191824.9158025,-7.322423689952782,4.250800506932034
1758191825.0151436,-7.329443018967437,4.212437264696731
1758191825.1156309,-7.333481624010331,4.192564707533636
1758191825.2159572,-7.348246827005897,4.124100894619821
1758191825.3156948,-7.354571625783174,4.0947586285755495
1758191825.41534,-7.360894271420603,4.065415899138228
1758191825.5199676,-7.3693211293665355,4.026291554433476
1758191825.6150253,-7.379850152912507,3.977386919335601
1758191825.7152736,-7.388279479763209,3.9382866916942394
1758191825.814606,-7.394601263830332,3.908961480490156
1758191825.9155865,-7.40159861168541,3.87221019950335
1758191826.0156686,-7.401973682391894,3.855099960317731
1758191826.1143408,-7.396529065806519,3.8494488905644637
1758191826.2152925,-7.382857702655006,3.847210671975636
1758191826.329122,-7.374764758031691,3.8469126993317873
1758191826.4158986,-7.366677097537629,3.847022171950654
1758191826.5185082,-7.353254008128231,3.848154033749022
1758191826.6156063,-7.342626063541453,3.8499268105189284
1758191826.7145371,-7.332156655842541,3.8524592790268755
1758191826.8154633,-7.321896420774076,3.855752120509394
1758191826.9153621,-7.3118941711465695,3.859814542471811
1758191827.0149753,-7.302210177540887,3.864585850114895
1758191827.1155176,-7.292894548593574,3.870041310856668
1758191827.2175581,-7.286178633124104,3.8745650149898916
1758191827.3147721,-7.277622305408012,3.8811477279798288
1758191827.41597,-7.267628716405897,3.890213388426954
1758191827.5149853,-7.260245731899501,3.8980900216094185
1758191827.6182094,-7.248146906740514,3.9022406142401165
1758191827.7147615,-7.217900276851667,3.8838916810141186
1758191827.81463,-7.18469856424913,3.86008898543801
1758191827.9149146,-7.160371183756115,3.842518309315979
1758191828.0145862,-7.119823707148498,3.8132381192365554
1758191828.1149654,-7.087384557679079,3.7898158634780525
1758191828.214443,-7.054952873468733,3.766395698797823
1758191828.315342,-7.024764742039504,3.746258234351957
1758191828.4175472,-7.014044460481589,3.7472380589211984
1758191828.5177748,-7.007950427229331,3.7563694369821934
1758191828.6154187,-7.003066200111409,3.765997814924865
1758191828.715395,-6.999864544639179,3.7734361949232618
1758191828.8189828,-6.997068974849581,3.7810366071160932
1758191828.9163976,-6.99333374676896,3.794003630984699
1758191829.0147343,-6.991194402290034,3.804586354230416
1758191829.1157603,-6.990092662268518,3.8126094294462596
1758191829.2153265,-6.989300145894871,3.8233770877295026
1758191829.315932,-6.957530064805553,3.831858119517619
1758191829.4146986,-6.936636643435974,3.83214352071395
1758191829.514455,-6.886282932144028,3.832952646007655
1758191829.6153898,-6.856288386917644,3.8334719617063735
1758191829.7148726,-6.826293833466534,3.8339911332521273
1758191829.8157837,-6.7962992737787475,3.8345101609636623
1758191829.9181216,-6.746308333490303,3.8353748880706307
1758191830.0152295,-6.706293457915393,3.83604475377895
1758191830.1145902,-6.676255650725519,3.8365206740447144
1758191830.2224302,-6.636205545816971,3.8371458630175193
1758191830.3153389,-6.596210994131786,3.8378162319770905
1758191830.425293,-6.546207646542471,3.83864023401096
1758191830.5160906,-6.51620302757672,3.8391286774842452
1758191830.6155682,-6.476183968249589,3.8397665114228188
1758191830.7142868,-6.426156224407251,3.840554697252402
1758191830.8145735,-6.386131916802799,3.8411800428838596
1758191830.9240222,-6.336136539389852,3.841985691206552
1758191831.014534,-6.306141488561346,3.8424737489975858
1758191831.1150737,-6.266148071209702,3.843124266238824
1758191831.2155037,-6.226154636494968,3.8437745256960434
1758191831.3144116,-6.186161187702697,3.8444245283807335
1758191831.414809,-6.156166094764374,3.844911862357428
1758191831.5151298,-6.096175902951871,3.8458860989996486
1758191831.6150327,-6.066180808793802,3.846373001714424
1758191831.7151902,-6.016172389104795,3.8471674957861612
1758191831.8158321,-5.976153751161804,3.847786699319216
1758191831.9146054,-5.946153531215105,3.8482615380871206
1758191832.0147586,-5.896140888894395,3.84903298915293
1758191832.1154258,-5.866130887360085,3.849494714466352
1758191832.2144659,-5.8161034175023545,3.850245854777892
1758191832.3169484,-5.776081224702887,3.85084174446112
1758191832.4204354,-5.748719092628222,3.851069842263107
1758191832.51575,-5.728865021788565,3.848410931101184
1758191832.6159925,-5.7268253839441865,3.8390827504452854
1758191832.7155228,-5.727921091171763,3.8283422272687067
1758191832.8158352,-5.70768705741095,3.816492734791115
1758191832.9158456,-5.6576418125027805,3.807033213812943
1758191833.0160713,-5.6183751451749115,3.7994164120348515
1758191833.114773,-5.588925124326081,3.7937039672920068
1758191833.2148347,-5.549658385930427,3.7860875719460303
1758191833.3152382,-5.5005748951380005,3.7765673985914923
1758191833.4147089,-5.461308051568687,3.7689515186058444
1758191833.529854,-5.422041166006544,3.761335869290015
1758191833.6153157,-5.3925909760026425,3.755624283390211
1758191833.7151809,-5.3631384408676555,3.749914548364791
1758191833.8145132,-5.314054618698303,3.7403961392638436
1758191833.9162362,-5.284602397575259,3.7346862131293106
1758191834.031105,-5.255135984085189,3.728988035810434
1758191834.1160855,-5.2158545019662,3.7213852448086198
1758191834.214343,-5.176582144300111,3.7137763939663957
1758191834.3182168,-5.137300049457499,3.706174327415676
1758191834.4149597,-5.098016677545706,3.698579831327529
1758191834.515104,-5.0488949683286455,3.6890895262997394
1758191834.61471,-5.009608123123237,3.681495953825106
1758191834.715857,-4.970320084587762,3.673908276023645
1758191834.8155665,-4.921231830935167,3.664412620755285
1758191834.9151008,-4.872143522938468,3.65491731052086
1758191835.0144777,-4.842690504763547,3.649220296886839
1758191835.1144562,-4.793602089603326,3.639725562316902
1758191835.2150707,-4.7568054053256805,3.63359998934684
1758191835.319611,-4.742640802034093,3.6328564450673
1758191835.4153073,-4.733888552022286,3.6390075857505315
1758191835.5180008,-4.730886982896828,3.650577942648261
1758191835.6157918,-4.708267167872959,3.658709992282575
1758191835.716033,-4.6576105039258895,3.658957177189872
1758191835.8153744,-4.627605014596792,3.6589933912808204
1758191835.9155266,-4.5975956865351275,3.6590264377922854
1758191836.0148127,-4.537573670784783,3.6590886511683314
1758191836.1154873,-4.497559509128603,3.6591248326507975
1758191836.2154465,-4.477553723967965,3.6591406836535714
1758191836.315363,-4.447541932384167,3.659163146155318
1758191836.414845,-4.397536875347206,3.659203985774137
1758191836.5235467,-4.357536938299951,3.659245612154264
1758191836.615023,-4.317538239694013,3.6592875423225393
1758191836.7153964,-4.277525658725533,3.6593271311657625
1758191836.8147895,-4.237523452009454,3.659366752707278
1758191836.9170127,-4.187496000558878,3.6594084628641386
1758191837.0161939,-4.13746866738939,3.659450583615895
1758191837.1205478,-4.117463877060582,3.6594653881078147
1758191837.2170165,-4.0774651715538175,3.6595021582400973
1758191837.3150783,-4.037453563932417,3.6595370093576327
1758191837.4148061,-4.0174532845082025,3.659552565826582
1758191837.5185528,-3.947435442723074,3.6596044146311897
1758191837.615024,-3.9174230733836644,3.6596222065364024
1758191837.715729,-3.8774122766116297,3.6596449565006055
1758191837.8153179,-3.827397177482121,3.659671536244893
1758191837.9145646,-3.7973908998119645,3.659686262584748
1758191838.015436,-3.7673893078933705,3.65970027056964
1758191838.1145227,-3.717386462732125,3.6597304396396084
1758191838.2175841,-3.677387746479338,3.6597557189123813
1758191838.314301,-3.6473887015860855,3.6597743511037493
1758191838.4148653,-3.5973572482427283,3.659804936356077
1758191838.5148451,-3.5573395243439307,3.65982924002418
1758191838.6187975,-3.527325254688226,3.659847138327295
1758191838.7147775,-3.4873102920740586,3.6598708262387927
1758191838.8156722,-3.4472954362673045,3.6598933780405045
1758191838.919364,-3.4172846950044593,3.659910422566643
1758191839.0151417,-3.3672761149907458,3.659932731942933
1758191839.1232708,-3.337266411642782,3.6599444378464514
1758191839.2155225,-3.2972526990347935,3.659958583636398
1758191839.317477,-3.2672481699114657,3.6599668953616002
1758191839.4146962,-3.227240052362466,3.6599762673071115
1758191839.5159488,-3.187227984529486,3.659983214086681
1758191839.6150105,-3.1472159532613224,3.659988373713144
1758191839.722158,-3.0972161875931192,3.6600039844414227
1758191839.8206081,-3.0572174766560507,3.6600164971753983
1758191839.9147124,-3.0172046749022794,3.6600303117003876
1758191840.015876,-2.9771866835888505,3.6600447114327843
1758191840.1155488,-2.9371779778130267,3.6600598560072153
1758191840.2152328,-2.8971695493466973,3.660074580250222
1758191840.314972,-2.85716132336532,3.6600893849905263
1758191840.4157853,-2.8171526438872747,3.660103190563404
1758191840.5157635,-2.7871481004053584,3.660113390939445
1758191840.6163378,-2.7371382881246022,3.6601272990792033
1758191840.7198033,-2.697137861827903,3.66013712607026
1758191840.8150542,-2.6771339003911683,3.6601424572796697
1758191840.9162607,-2.627123447893542,3.6601477495677774
1758191841.0152,-2.587112973767432,3.6601514861338096
1758191841.121956,-2.5471101214762717,3.6601565753797245
1758191841.2149346,-2.5071000610485625,3.6601607159438485
1758191841.3158069,-2.4570980396240047,3.6601682777061306
1758191841.414538,-2.427080927192039,3.6601756542596138
1758191841.5150118,-2.3870640568017714,3.6601841059656057
1758191841.6156728,-2.357051746828454,3.660191179010543
1758191841.7154675,-2.3170524468870584,3.6602002640432203
1758191841.821582,-2.267053256267051,3.6602115163681885
1758191841.9163578,-2.2270539129600335,3.660220307774525
1758191842.0163434,-2.1970544484784913,3.660226739168839
1758191842.1145873,-2.157048380548199,3.660235766131101
1758191842.2153156,-2.117036453501238,3.6602436325255376
1758191842.3172574,-2.0670295103133824,3.6602507412579457
1758191842.4148352,-2.0270303033688095,3.660256043459975
1758191842.5155032,-1.9870311126223008,3.6602605907341794
1758191842.617244,-1.957023422290721,3.660260924409454
1758191842.7158117,-1.919621148929616,3.660249324505027
1758191842.8152425,-1.9019329874953537,3.6588785467813247
1758191842.9185562,-1.8976049807508022,3.6509844269067653
1758191843.0152009,-1.8986095130417822,3.6402537695908825
1758191843.1183388,-1.8998700617026738,3.6322713100084907
1758191843.214721,-1.9022175039274902,3.62175892150979
1758191843.318641,-1.9044715408321542,3.614001853875851
1758191843.415186,-1.9081219230410846,3.6038716898870424
1758191843.5165095,-1.9125256012101275,3.5940275579178644
1758191843.6158853,-1.9190318849499548,3.582206691185327
1758191843.714748,-1.9234366500289473,3.5754118784136795
1758191843.8157942,-1.9298677578889447,3.5667405860555865
1758191843.9163117,-1.936905999912611,3.558554246096669
1758191844.0147295,-1.9425613290135906,3.552758335866748
1758191844.1188765,-1.9505726804845733,3.5455210238126074
1758191844.2203715,-1.9590840599228974,3.5388785838794474
1758191844.3144104,-1.9657693199752828,3.534307989461962
1758191844.4173381,-1.9726916202122387,3.5301048111454207
1758191844.516071,-1.9847004215527722,3.523948850900504
1758191844.6156654,-1.9914863348353053,3.5191181429262954
1758191844.7150092,-1.986554329541989,3.4890563247569344
1758191844.8217828,-1.9765970846900058,3.459576417075182
1758191844.9153824,-1.9666922178511137,3.4312220132236875
1758191845.0144134,-1.9501800473494946,3.3840160058201163
1758191845.116638,-1.9435756035922587,3.3651287086301074
1758191845.2226408,-1.9303646504917182,3.3273643691597234
1758191845.3160014,-1.9204560175025644,3.2990492806599017
1758191845.4153605,-1.9072446711413644,3.261295769184582
1758191845.5191908,-1.8973362821995796,3.2329805885759435
1758191845.6150753,-1.8841252546906349,3.1952269494935788
1758191845.7219942,-1.8709144039021754,3.1574732347777945
1758191845.8151906,-1.857703726467251,3.1197194445348986
1758191845.9223979,-1.841190619572931,3.0725271037144086
1758191846.0161486,-1.8312828821678981,3.0442116471048104
1758191846.1175842,-1.8180727129215128,3.006457648485121
1758191846.2183228,-1.8015602385412328,2.959265067076716
1758191846.3148885,-1.7883633970472737,2.921476285259412
1758191846.4176066,-1.7751870997517687,2.8836581482340335
1758191846.515151,-1.761992696132448,2.845898643127829
1758191846.6157005,-1.7520970011906873,2.8175790080679377
1758191846.7147021,-1.738905966024945,2.7798058290648284
1758191846.815894,-1.7257163587650917,2.7420192255663234
1758191846.9246132,-1.7125312016633358,2.704235057065531
1758191847.0148127,-1.6960453513588143,2.657029552832134
1758191847.1154397,-1.6828566870433417,2.6192681040290076
1758191847.2158499,-1.67614359952968,2.5927293951839787
1758191847.3147383,-1.6780886867483802,2.5853065087447487
1758191847.416452,-1.6907034200140707,2.581418811509689
1758191847.5235155,-1.7001266426085295,2.572768909672431
1758191847.6164122,-1.6997644619072896,2.547672876308905
1758191847.7154255,-1.6950137927399542,2.5067199051694176
1758191847.8148065,-1.6899710912095336,2.467024490212114
1758191847.9149222,-1.6849285155866904,2.4273313939992307
1758191848.01783,-1.679870741538295,2.38765386446058
1758191848.1231027,-1.674813196928373,2.347976303842826
1758191848.214643,-1.66975587616241,2.308298714368732
1758191848.3163881,-1.6634556373150895,2.258673151553562
1758191848.4182646,-1.6584132233642488,2.2189793598550245
1758191848.516392,-1.6546359699363802,2.1892002119739753
1758191848.6159482,-1.649603473874475,2.149493936094461
1758191848.7148063,-1.643319000986668,2.099860267516131
1758191848.8175654,-1.639550624286529,2.0700814327359778
1758191848.9143276,-1.6332577448333347,2.0204808098658473
1758191849.0155256,-1.6282238167875756,1.980800269239468
1758191849.1161156,-1.6257069425671005,1.9609599857826179
1758191849.214855,-1.619422513946454,1.9113539400766255
1758191849.3190484,-1.6144111583430862,1.871658362353137
1758191849.4150054,-1.6094025753759607,1.831960591010338
1758191849.5236356,-1.6056450270891145,1.8021895221623838
1758191849.6217935,-1.6018780068248129,1.7724280329137865
1758191849.7178025,-1.5993667309126827,1.7525870301560196
1758191849.8169854,-1.5968555111774594,1.7327460198075317
1758191849.9156845,-1.5930887865856955,1.7029844907238036
1758191850.0201645,-1.5893221878992592,1.6732229461982908
1758191850.118277,-1.588066683018284,1.6633024280645328
1758191850.2461193,-1.5855717131028277,1.6434375843009363
1758191850.3184967,-1.583071336144097,1.6235863734268539
1758191850.4159043,-1.579314750037737,1.5938131934458395
1758191850.5403934,-1.5768140262370145,1.5739581862715042
1758191850.6222737,-1.5730649403162964,1.5441752667907314
1758191850.715541,-1.5693183076971833,1.5143919992936026
1758191850.831617,-1.5668219124798586,1.4945363162390017
1758191850.9225924,-1.564326594082397,1.474680508452888
1758191851.0178392,-1.5618323122294602,1.4548246078058547
1758191851.1162477,-1.5580844874556095,1.4250568444217118
1758191851.2159033,-1.5543352276590152,1.3952931302532363
1758191851.3230402,-1.5505861034856838,1.3655293969745692
1758191851.4223742,-1.5480867623606132,1.3456868972632676
1758191851.5150747,-1.5430882587158155,1.3060018713494284
1758191851.6158907,-1.5393525951371525,1.2762284244108366
1758191851.720591,-1.5331342482428483,1.226602706684948
1758191851.8151405,-1.5281631314101776,1.1868989870902615
1758191851.9148161,-1.5243164717004367,1.1497265500675644
1758191852.0158927,-1.5250133764069342,1.132557808697275
1758191852.1151528,-1.5333966701892754,1.1282099200709588
1758191852.2249787,-1.5417585019364795,1.1283998954832195
1758191852.3146317,-1.5498517724232974,1.1286286613012553
1758191852.4147012,-1.5606028443555104,1.129615459315564
1758191852.5156648,-1.5712548572213108,1.1313730750151154
1758191852.6149445,-1.5795830425107602,1.131452552556975
1758191852.7163928,-1.5962179158025387,1.0943385648381465
1758191852.8156264,-1.610330445591559,1.0455046197780304
1758191852.915242,-1.6217457881267021,1.0071697564726452
1758191853.0145447,-1.6303071599559742,0.978418560882862
1758191853.1158037,-1.6445758608798386,0.9304998090407288
1758191853.2154512,-1.6559905986213819,0.8921647254421048
1758191853.314511,-1.6674051411538522,0.853829571776912
1758191853.416838,-1.6788194903098441,0.8154943522241466
1758191853.51564,-1.6930871560081027,0.7675752427551603
1758191853.6157272,-1.698794138005992,0.7484075745637174
1758191853.714631,-1.7130573797498498,0.7004786293079194
1758191853.817323,-1.7216157942558983,0.6717240714275249
1758191853.9147494,-1.734084942808429,0.6262068990178565
1758191854.0205245,-1.7352910475721783,0.6098002826084872
1758191854.118318,-1.727137439801631,0.6038563975410605
1758191854.2158067,-1.7191773002198742,0.6023668948158661
1758191854.322685,-1.7084606876500836,0.601053152665073
1758191854.4146073,-1.6949833174709719,0.5987068898507706
1758191854.5149648,-1.6880297756623752,0.5586349081345966
1758191854.6147563,-1.687105732980371,0.5277434177333222
1758191854.7146182,-1.6858983942587333,0.49776875241060775
1758191854.8149796,-1.684288935458157,0.4578024710478194
1758191854.915224,-1.6826797202622081,0.4178361785270492
1758191855.0198824,-1.6810886770948852,0.3778490828149459
1758191855.1145597,-1.6791137270425782,0.32785761893407134
1758191855.2161696,-1.6779211605808648,0.29787412284209963
1758191855.314602,-1.676324607519155,0.25790663654077334
1758191855.4164593,-1.6747289759054085,0.21793914340304257
1758191855.5353675,-1.6731348405565514,0.17797164098522666
1758191855.622127,-1.6711455138002644,0.12801247182090947
1758191855.714844,-1.6695527306907005,0.08804554587917689
1758191855.8156617,-1.6687553733120801,0.06806211426615448
1758191855.9224815,-1.667160853424076,0.028095241166278824
1758191856.0187306,-1.665965132862514,-0.0018799222866158136
1758191856.1157537,-1.6643803074282026,-0.04185222855371937
1758191856.2146194,-1.6624208815387904,-0.09183075915030132
1758191856.31545,-1.66085586167222,-0.13181392706951073
1758191856.4159017,-1.6592726399557065,-0.1717812574665499
1758191856.5171607,-1.6580853977550314,-0.20175676105424648
1758191856.615112,-1.6561071922786832,-0.2517166204866778
1758191856.7166178,-1.6545380352539363,-0.2916989876792294
1758191856.833596,-1.6529597818110275,-0.33166721043230646
1758191856.9151094,-1.6513820155389025,-0.3716354330344641
1758191857.015623,-1.6498052139010038,-0.41160367074840604
1758191857.114917,-1.648229939323721,-0.45157191786416784
1758191857.2180974,-1.6466569650639742,-0.4915400551396541
1758191857.3151457,-1.6446903200193135,-0.5414991739670069
1758191857.4146218,-1.643508407218669,-0.5714748822836756
1758191857.5225797,-1.6433416698648728,-0.599838955227154
1758191857.614847,-1.6458876577426327,-0.608987871971028
1758191857.715742,-1.6550749697094278,-0.6115481481583013
1758191857.821818,-1.6631434285936273,-0.6110347259117371
1758191857.9154847,-1.6738324383114485,-0.6096744643673484
1758191858.0144162,-1.687006952261934,-0.6068987185204543
1758191858.1148252,-1.6947708663828414,-0.6046680763289551
1758191858.2155662,-1.7024017931956108,-0.6020211617270903
1758191858.3320704,-1.7123376932814938,-0.5978168112242731
1758191858.4145815,-1.7219472807365626,-0.5928972830887416
1758191858.5147583,-1.7311780277540574,-0.5872993312209315
1758191858.6144652,-1.7421111835660812,-0.5793923426749468
1758191858.7151365,-1.7522896136292374,-0.5705347735388869
1758191858.8144548,-1.7616310418650045,-0.5607981904826956
1758191858.9154618,-1.765116085725763,-0.5566748308407118
1758191859.0172744,-1.773160372749311,-0.5458412813180799
1758191859.1185513,-1.780198703025356,-0.5343283313506769
1758191859.214815,-1.7866900139557471,-0.5254530454843261
1758191859.3146622,-1.8164218792568725,-0.5320913469513594
1758191859.4153042,-1.854479667256559,-0.5476046826299595
1758191859.5149014,-1.89142934747809,-0.562957734203798
1758191859.6147046,-1.9191361914667295,-0.5744712942250085
1758191859.7156084,-1.9653161900161764,-0.5936597960731824
1758191859.815204,-2.002258647637022,-0.6090077189114242
1758191859.915792,-2.0392175728836155,-0.6243540623557504
1758191860.015189,-2.076184347541562,-0.6396952374402323
1758191860.114428,-2.122376995610428,-0.6588692942755167
1758191860.2286246,-2.1500808099182827,-0.6703769141891226
1758191860.31785,-2.1870501528158175,-0.6857154437671267
1758191860.415127,-2.2240217866910434,-0.7010553507997184
1758191860.5147934,-2.260993147224725,-0.7163974208107591
1758191860.6189175,-2.2979637658402803,-0.7317421612493771
1758191860.7155194,-2.325691097159339,-0.7432526303816712
1758191860.8149633,-2.362657046468977,-0.7586022826972324
1758191860.9146333,-2.3996252054016103,-0.7739541384252274
1758191861.0164824,-2.436585744489998,-0.7893107699957568
1758191861.1240551,-2.473541667973888,-0.8046583693094853
1758191861.2256234,-2.5104997400573037,-0.820002929021314
1758191861.3177447,-2.5469099617291775,-0.8348361971718568
1758191861.4148118,-2.5640700902425917,-0.8398248406453908
1758191861.515677,-2.5714838303237166,-0.838163583631246
1758191861.614876,-2.576045894605996,-0.8257352906121351
1758191861.7152312,-2.578619735662561,-0.8152500651596726
1758191861.8154812,-2.580432675683244,-0.8046067446886175
1758191861.9156833,-2.5812872178047965,-0.7965536848409118
1758191862.0152936,-2.581705868337896,-0.7884662261702067
1758191862.1147914,-2.581616508205466,-0.7776793190491129
1758191862.2168872,-2.5807742903498396,-0.7669345896825046
1758191862.315411,-2.5791620327387417,-0.7562815744344531
1758191862.4153514,-2.576074590105466,-0.7431778443634369
1758191862.5157518,-2.572764549265306,-0.7329305781861376
1758191862.6156428,-2.5900290771231758,-0.7170595641060973
1758191862.7150345,-2.6370033592277315,-0.6969970599628256
1758191862.8148048,-2.673781524019691,-0.6811861886994607
1758191862.9176576,-2.7013502759008157,-0.6693238494971389
1758191863.0198834,-2.7472996342910507,-0.6495567971750347
1758191863.1167312,-2.7932507698896427,-0.6297941183900315
1758191863.2152112,-2.8208193876128544,-0.6179380597725846
1758191863.3193874,-2.851474896505027,-0.6064680754293782
1758191863.414622,-2.859944312979183,-0.5992387641745954
1758191863.5162306,-2.8542678693547723,-0.5876893448761119
1758191863.6146986,-2.849980033760776,-0.5808204319506067
1758191863.7152228,-2.845327750523481,-0.5741929064543606
1758191863.8147004,-2.8349850006187154,-0.5617384392180068
1758191863.9164355,-2.8273693566969613,-0.5540864817986709
1758191864.0148437,-2.819222856094834,-0.547001992484609
1758191864.1148822,-2.810587654880231,-0.5405217082742594
1758191864.2148032,-2.8015084691356975,-0.5346792612303845
1758191864.3149815,-2.7896070131933666,-0.5283190572955221
1758191864.416446,-2.782208429229274,-0.5250257839777155
1758191864.5146484,-2.7695172232951104,-0.5204392906807096
1758191864.6155357,-2.759099406287718,-0.5176033240521056
1758191864.715739,-2.751884332899137,-0.5023462003869696
1758191864.8154507,-2.7579934261999055,-0.4533339902667007
1758191864.9154446,-2.764140869704611,-0.4137356499810319
1758191865.0146778,-2.771865795596782,-0.36433779326422827
1758191865.114901,-2.7765005819490822,-0.3346990602903929
1758191865.215025,-2.7826800995219996,-0.2951807303445835
1758191865.3152313,-2.7888584814133712,-0.25566120408460996
1758191865.4192033,-2.7950269423181675,-0.21613139627335526
1758191865.5148582,-2.8011994310329973,-0.17660739870253614
1758191865.6146646,-2.807367343457973,-0.13707350097676935
1758191865.7151537,-2.8150677835996825,-0.08764061703050159
1758191865.8145466,-2.8212242841242356,-0.048095347130573216
1758191865.919228,-2.8258482307059145,-0.018454937926351847
1758191866.016041,-2.8304719229144992,0.011185508764492428
1758191866.115182,-2.8381777966213266,0.06058631757734789
1758191866.215598,-2.8443422449435,0.10010702004677866
1758191866.3146715,-2.8505064711811325,0.13962776730014972
1758191866.418656,-2.8582114418217373,0.18902875580822326
1758191866.515882,-2.8643751682133596,0.22854958281654483
1758191866.61511,-2.870531015553844,0.268080645622113
1758191866.7149713,-2.876692903905187,0.3076023896123499
1758191866.8174992,-2.8859273806660606,0.3668958515236439
1758191866.9152243,-2.8905383922300736,0.3965454556900735
1758191867.014711,-2.8966901450838214,0.4360752628872727
1758191867.116297,-2.9028415371664242,0.4756061349022929
1758191867.214769,-2.9105189880977416,0.525042593918692
1758191867.3145683,-2.915122264051199,0.5547049386832527
1758191867.4161208,-2.921264288634934,0.5942387435885311
1758191867.5147948,-2.927409940565029,0.6337623396264929
1758191867.6183894,-2.9320190322449853,0.663405070509544
1758191867.7151139,-2.938164292529481,0.7029287555258708
1758191867.814561,-2.94277309174829,0.7325715502839384
1758191867.9147336,-2.95199031540608,0.7918572102922765
1758191868.0157347,-2.9581348533864658,0.8313810278085091
1758191868.1143353,-2.961206906487325,0.8511433024778051
1758191868.214515,-2.968879191724774,0.900558256713276
1758191868.3162599,-2.973486085108941,0.930201798315076
1758191868.4157317,-2.979622146462134,0.9697365562329991
1758191868.514801,-2.9872870140392402,1.0191530908608535
1758191868.615824,-2.99188588976704,1.0488032624544161
1758191868.715093,-2.9964893842547817,1.0784468226568489
1758191868.8147368,-3.0026139265004916,1.1179956421063475
1758191868.9145873,-3.008734712476056,1.1575480976490067
1758191869.0153623,-3.014853475394376,1.1970967518443356
1758191869.1163485,-3.019448358708982,1.2267416724671878
1758191869.2152226,-3.0255746461982675,1.2662682800851517
1758191869.3227355,-3.033232190726549,1.3156766111685931
1758191869.4159513,-3.0393579757489104,1.3552033299241875
1758191869.5197606,-3.042420784914233,1.3749667057204393
1758191869.6150787,-3.0500775647943636,1.424375187371368
1758191869.7183537,-3.0562027383993926,1.463902009801029
1758191869.8147993,-3.0638510803093117,1.513320872308893
1758191869.9197783,-3.068443564171836,1.5429666809532903
1758191870.0365822,-3.074564823836324,1.582496779039053
1758191870.1158588,-3.079150737881733,1.612151031957556
1758191870.2151034,-3.0867878155317316,1.6615767357939852
1758191870.3215048,-3.0944317801933643,1.7109926998118297
1758191870.4152098,-3.100535222927572,1.7505468492307819
1758191870.5148141,-3.1081598351983577,1.7999914798897612
1758191870.6160238,-3.1127371016888894,1.8296469153361394
1758191870.715077,-3.1188440822623344,1.8691765033752787
1758191870.81543,-3.1264774918909177,1.9185885605831139
1758191870.9167147,-3.1310573701459123,1.9482358321432387
1758191871.0151143,-3.135637123182182,1.9778831297759474
1758191871.1207037,-3.1432697669972596,2.0272953445103767
1758191871.2248242,-3.1493756318016026,2.066825156422862
1758191871.317378,-3.152428480642545,2.0865900736910956
1758191871.4147878,-3.160052256701261,2.136012543357576
1758191871.515294,-3.16768194482668,2.185425891980488
1758191871.617428,-3.173778065978447,2.224967774278191
1758191871.715073,-3.176341632850335,2.2529730480034806
1758191871.8153574,-3.1807005341902985,2.2628478937412537
1758191871.916143,-3.191063446324911,2.2624570454290063
1758191872.0154214,-3.1966925988742987,2.261495997190071
1758191872.114691,-3.210307197779396,2.257915556413335
1758191872.215819,-3.2204792368444837,2.2538672972166998
1758191872.315541,-3.230255626931013,2.249029893806304
1758191872.416235,-3.2396663558595966,2.24349418638023
1758191872.5154686,-3.248619915773016,2.2372492852900105
1758191872.6154852,-3.2571539105724354,2.2303444062476503
1758191872.7147117,-3.2665295810538186,2.2206407987666523
1758191872.8153653,-3.2731215867889794,2.2155500897389317
1758191872.9156303,-3.3004571505782305,2.2289979481718243
1758191873.0147352,-3.341832433876659,2.2591112231140893
1758191873.11549,-3.374108871136699,2.2827353986158125
1758191873.2184658,-3.414454082209169,2.3122657719062216
1758191873.3154676,-3.4386612463371433,2.3299839411616063
1758191873.4159677,-3.470406159777182,2.353089626000614
1758191873.5157864,-3.4814200532862034,2.3601900674552025
1758191873.6157527,-3.4955101198728293,2.357927110162332
1758191873.7157898,-3.4996774392313315,2.350983822723408
1758191873.8156204,-3.5057713786107803,2.3389444361227008
1758191873.914903,-3.508899389468921,2.3314747651693146
1758191874.01604,-3.5124345020450085,2.32127323834935
1758191874.1154354,-3.5152266326402977,2.3108437460858293
1758191874.2157397,-3.5172612779903654,2.3002403722553253
1758191874.3147957,-3.5400456963220517,2.2947008766840926
1758191874.415885,-3.5705958791362766,2.2973454290228355
1758191874.5148716,-3.630759901646423,2.3027876866636543
1758191874.6150663,-3.6705977575906132,2.306633732024881
1758191874.7194107,-3.7104352031804333,2.310477513652655
1758191874.8146803,-3.7403135495994526,2.313357702102593
1758191874.915168,-3.7801344073699217,2.3172035107524307
1758191875.018215,-3.8199473951692036,2.32105276333512
1758191875.1148133,-3.8597604202478952,2.3249017702960555
1758191875.220668,-3.8995734834651246,2.3287505300760603
1758191875.3156013,-3.939386583458563,2.33259904378716
1758191875.4155746,-3.989153004838053,2.337409341112223
1758191875.5152483,-4.03894863737838,2.342201023398016
1758191875.6258183,-4.068829212602265,2.34507248284198
1758191875.7145755,-4.1086703268520495,2.3488973408663827
1758191875.815686,-4.158467571633685,2.353674936076957
1758191875.915086,-4.19828233649813,2.3575059587917666
1758191876.015186,-4.2181897226750635,2.3594213691090307
1758191876.1151667,-4.26798376683778,2.364192977960142
1758191876.2144988,-4.307824212964165,2.368006058564118
1758191876.3164713,-4.337704795917652,2.3708632279220643
1758191876.4153693,-4.377545906710896,2.3746692545213754
1758191876.5154958,-4.417362833528918,2.3784847114002323
1758191876.6170483,-4.467133123806177,2.383254227735008
1758191876.7147007,-4.496995326209945,2.386115751404125
1758191876.8155184,-4.546765710542865,2.390884648934618
1758191876.9190094,-4.586582057625269,2.394699490348054
1758191877.0153682,-4.616444338354729,2.3975604604933096
1758191877.114716,-4.646323182749258,2.4004107775760053
1758191877.2150998,-4.69612809194178,2.4051556946515333
1758191877.326591,-4.7359724515123,2.408946804887806
1758191877.4145875,-4.764155113360956,2.410145255175616
1758191877.5153453,-4.775659824218353,2.4059679958127558
1758191877.617536,-4.778187152244648,2.3982352891303726
1758191877.7187657,-4.777921328311835,2.387454658407347
1758191877.8153481,-4.783663223378117,2.3759969105920393
1758191877.915558,-4.828543673943937,2.3662791821873412
1758191878.0191526,-4.86850432917245,2.3604142793165668
1758191878.116084,-4.888266544778106,2.357344040311843
1758191878.2200382,-4.937672116635156,2.3496686881261075
1758191878.3221629,-4.9870777375606625,2.3419936800837764
1758191878.417577,-5.026605975596474,2.3358575544260236
1758191878.5163238,-5.066146807983339,2.3297330814707613
1758191878.6144855,-5.085919677669485,2.3266699506267363
1758191878.715152,-5.135359911886764,2.3190177917730557
1758191878.8150449,-5.16502454785111,2.314429591848319
1758191878.9213078,-5.214457294535497,2.3067834432946466
1758191879.0152726,-5.263866173517433,2.2991292220911124
1758191879.1145778,-5.303393319101432,2.293006105656343
1758191879.2178307,-5.333038701649756,2.2884139206538263
1758191879.3147216,-5.3725659077448915,2.282291210387578
1758191879.414783,-5.421974959705024,2.27463814719381
1758191879.5155506,-5.4516245046822265,2.2700515708049984
1758191879.614721,-5.501049944430834,2.262428783213286
1758191879.7154381,-5.530701987237781,2.257854519053928
1758191879.8221257,-5.5801286696622805,2.250230364900981
1758191879.9148476,-5.609775306896231,2.245646421922019
1758191880.014939,-5.649304186049882,2.239534688958047
1758191880.12552,-5.688848322801729,2.233435879917539
1758191880.215289,-5.728401620917965,2.2273388481829075
1758191880.3181725,-5.758069093083071,2.2227688797428513
1758191880.4144278,-5.807515644098765,2.2151574552093045
1758191880.5173666,-5.847056814959242,2.2090648308409313
1758191880.615348,-5.876705303187413,2.2044927445363736
1758191880.7154682,-5.916236653747992,2.1983968317806823
1758191880.816147,-5.945885190239203,2.1938250495714064
1758191880.9154825,-5.985416601874011,2.187729543269855
1758191881.022874,-6.024948045449759,2.1816342684925547
1758191881.115167,-6.064479519240368,2.1755392232652544
1758191881.2181733,-6.104027935483385,2.1694686234765794
1758191881.32892,-6.143567116752996,2.1633967323966448
1758191881.4161832,-6.173226754342776,2.1588438749213097
1758191881.5155153,-6.2127676333612,2.152767239897487
1758191881.6152978,-6.252300702816755,2.146682668376015
1758191881.715093,-6.281954586009504,2.142122789145998
1758191881.815811,-6.311617355993995,2.1375691216794417
1758191881.9149237,-6.361064314351953,2.129983073501333
1758191882.0168402,-6.400625432221982,2.123918805288373
1758191882.1145387,-6.440187085337548,2.117858623600858
1758191882.2180042,-6.479724891928061,2.1117904126624443
1758191882.315923,-6.529144310646405,2.104204517842145
1758191882.4147124,-6.568679886365895,2.098136063128604
1758191882.516481,-6.608215495923903,2.0920678409397877
1758191882.623632,-6.647751137203237,2.0859998503950425
1758191882.7146418,-6.6971768962998945,2.0784224487157648
1758191882.8155196,-6.736724662673385,2.072378139398304
1758191882.9229882,-6.786158442029898,2.0648240790498584
1758191883.0155954,-6.815822089563584,2.0602917259722195
1758191883.1150503,-6.845475021564014,2.055748653202964
1758191883.215679,-6.894896695891759,2.048177114453975
1758191883.3144152,-6.934451142793144,2.0421333875773735
1758191883.4153748,-6.974013252942233,2.0360919739507235
1758191883.5149882,-7.013578442127644,2.030054186629545
1758191883.6148014,-7.043252723118271,2.025528572277192
1758191883.7175047,-7.092691453345829,2.017981674880705
1758191883.8156326,-7.1322311571348935,2.0119401800733496
1758191883.9150264,-7.161885959279603,2.0074092110917654
1758191884.01567,-7.20142572618064,2.001368122697953
1758191884.1146445,-7.240965526139927,1.9953272668718394
1758191884.2200277,-7.274276059632703,1.991735138835742
1758191884.3151212,-7.2877183775652945,1.9880446274359533
1758191884.4163067,-7.2896315513514605,1.9812130209491485
1758191884.5153682,-7.286911550785817,1.9675267230731799
1758191884.624046,-7.283987036335448,1.9566124859122545
1758191884.715449,-7.281491728863737,1.9482660561697924
1758191884.8148775,-7.278569358819626,1.9399845618478337
1758191884.915887,-7.273605324746018,1.9298061017415324
1758191885.0148375,-7.267984586368529,1.91981905025686
1758191885.115459,-7.2612355920687905,1.911231840193639
1758191885.2150464,-7.253747538023654,1.9034549047989158
1758191885.316976,-7.245719377465551,1.896236604966395
1758191885.4162245,-7.239368691941936,1.8912120908928451
1758191885.5147152,-7.245175751569241,1.8684940476630083
1758191885.6151843,-7.26753626095443,1.8342714427767983
1758191885.7147436,-7.2952548674140685,1.792550600829475
1758191885.8149738,-7.3118649828042965,1.7675701167456517
1758191885.9162467,-7.334011727462093,1.7342627440225906
1758191886.032366,-7.3616950342184415,1.6926284380818188
1758191886.123188,-7.37830495044991,1.6676478106161836
1758191886.2223945,-7.395356234800961,1.6400383746404203
1758191886.314984,-7.396594000664974,1.6290862140502393
1758191886.415897,-7.389902158236258,1.624833403628547
1758191886.5154967,-7.377806654553405,1.6188512442665617
1758191886.6147819,-7.367773344710816,1.6148635398846982
1758191886.7146666,-7.35487091776914,1.6109104326877157
1758191886.8159325,-7.346977145298268,1.6091012203789554
1758191886.914549,-7.333640917742393,1.6070405772096308
1758191887.014781,-7.3228722857713695,1.606260637803222
1758191887.1146712,-7.31470506104959,1.5842810169029433
1758191887.2156982,-7.314049667532102,1.5536075715527846
1758191887.314717,-7.3130296465041145,1.4932259834535977
1758191887.4148302,-7.312481882651117,1.463231960369019
1758191887.5204415,-7.311751753395417,1.423239920188708
1758191887.6146464,-7.310839445399919,1.373249857476298
1758191887.7147028,-7.310125057500049,1.333238262347979
1758191887.8225632,-7.309419345513274,1.2932246076757352
1758191887.9186928,-7.308703359208168,1.2532220971828882
1758191888.0154507,-7.307889802500417,1.2031297744648646
1758191888.1148095,-7.307256397388162,1.1630555499572477
1758191888.215369,-7.306792149777145,1.1329997400949612
1758191888.314557,-7.306144079887332,1.0929816386057452
1758191888.4153492,-7.305811164156226,1.0729849702336132
1758191888.5146046,-7.304982843972516,1.0229857132995797
1758191888.6164534,-7.304481863757546,0.9929908887792053
1758191888.714704,-7.303647227945152,0.9429995028808125
1758191888.8157272,-7.303146644014186,0.9130046633950238
1758191888.9160664,-7.302312663214681,0.8630132501366921
1758191889.0150797,-7.301645768179342,0.8230201071325203
1758191889.1152272,-7.300979127068435,0.7830269543472481
1758191889.215763,-7.300332885977935,0.7430119354174114
1758191889.3152733,-7.299853281591995,0.7129965823449451
1758191889.416295,-7.299217542339836,0.6729778933956884
1758191889.5237174,-7.298561196908488,0.6329845722280577
1758191889.620944,-7.297970719660063,0.5929136304885827
1758191889.7154534,-7.297398116262959,0.5528384331365789
1758191889.814647,-7.296705015746602,0.5027440910762572
1758191889.9154117,-7.296123630638932,0.4627247968102303
1758191890.0148199,-7.295675712528597,0.43272915961604086
1758191890.115407,-7.294931524379085,0.38273018251511465
1758191890.216869,-7.294481622073027,0.35273454611223315
1758191890.315274,-7.293582264243367,0.29274325737271617
1758191890.4159193,-7.2931328069725,0.2627476041212962
1758191890.5159345,-7.29253375774473,0.22275339028765492
1758191890.621814,-7.291934965100664,0.18275916618229981
1758191890.7152832,-7.291337618516851,0.14276367941666804
1758191890.8152761,-7.29090922680918,0.11274381951266144
1758191890.9225066,-7.290028557572076,0.052740780148242225
1758191891.0152874,-7.289444164947145,0.01273646681802117
1758191891.1149664,-7.2888707744369565,-0.027274747113356868
1758191891.214923,-7.288144520382426,-0.07727693110641833
1758191891.3222768,-7.2875604581668805,-0.11727202676334306
1758191891.4145572,-7.2871232858097255,-0.14726829338452682
1758191891.5149133,-7.286542361607969,-0.18726306227836803
1758191891.615195,-7.285820853384049,-0.23726270979562505
1758191891.7149818,-7.2852384183460455,-0.2772571494060496
1758191891.8156333,-7.28451074729648,-0.3272502118006596
1758191891.9219441,-7.284219794087905,-0.34724744125766877
1758191892.0144348,-7.283492696094269,-0.3972405266759815
1758191892.1153479,-7.282911307551947,-0.4372350067161783
1758191892.2149258,-7.282330173175716,-0.47722949585858154
1758191892.3155482,-7.281771537302235,-0.5172513285405503
1758191892.414893,-7.281344197941424,-0.5472513269847941
1758191892.5151734,-7.280767441788469,-0.5872458810638952
1758191892.615189,-7.280210054727664,-0.6272597840190836
1758191892.7156672,-7.279648223940246,-0.6672652633587796
1758191892.8146503,-7.279098105966962,-0.7072798015402855
1758191892.9154518,-7.27853321216404,-0.747275182794341
1758191893.015896,-7.278110420895146,-0.7772716539392086
1758191893.11488,-7.277548721482689,-0.8172666689644151
1758191893.2148538,-7.276991764519816,-0.857268001207592
1758191893.3154693,-7.276428356396915,-0.8972627130576998
1758191893.41532,-7.275865214398027,-0.9372574334432562
1758191893.5149791,-7.275302336304554,-0.9772521637704088
1758191893.6182613,-7.274599105807448,-1.027245591573306
1758191893.7155426,-7.274177360929785,-1.057241656001457
1758191893.814898,-7.273615257247008,-1.0972364166161146
1758191893.9168406,-7.2730695251580055,-1.1372502347601967
1758191894.0157714,-7.272526721501892,-1.1772630350060749
1758191894.1272178,-7.272437125196142,-1.2009959133768593
1758191894.2145278,-7.268266021075283,-1.216563325237004
1758191894.3197477,-7.2583006482182535,-1.2173205860913239
1758191894.4147027,-7.250286940837322,-1.2162667330692118
1758191894.5157964,-7.237098469221019,-1.2135537177570088
1758191894.6151478,-7.2293232689539,-1.2113603786456402
1758191894.7189147,-7.219157411858686,-1.2077519153896297
1758191894.8157277,-7.209275289618007,-1.2034055139106437
1758191894.914646,-7.199731523978514,-1.1983595988462035
1758191895.0152411,-7.1928255230165385,-1.1941317038525843
1758191895.1149879,-7.183991491043376,-1.1879266440162228
1758191895.2153618,-7.177671438395726,-1.1828645117524317
1758191895.3311746,-7.167774164972649,-1.1736937201853317
1758191895.41466,-7.162245670938894,-1.1677769932240332
1758191895.5152142,-7.155386093442136,-1.159440282922193
1758191895.615616,-7.150644670740401,-1.1528755412187874
1758191895.7169883,-7.14488676023774,-1.143742624858042
1758191895.815105,-7.138637211905294,-1.1317827972488534
1758191895.9156451,-7.134427490247969,-1.1218404369907424
1758191896.017731,-7.1317456368047765,-1.1141989140509136
1758191896.1150167,-7.107611644034806,-1.1092901134708764
1758191896.21706,-7.067725916242303,-1.1183412244017026
1758191896.318771,-7.028797360610459,-1.1277055798340598
1758191896.4145901,-6.999600838506929,-1.1347198874474453
1758191896.5350888,-6.950973547882884,-1.1464177853034667
1758191896.6153462,-6.92180834140607,-1.1534409544238347
1758191896.7147841,-6.8829213483390195,-1.1628049940938159
1758191896.8146598,-6.844034299771754,-1.172168819335396
1758191896.9201562,-6.815456374164697,-1.178695590317086
1758191897.014582,-6.797284329389616,-1.181271276493671
1758191897.119781,-6.790940611575591,-1.1841379475269171
1758191897.21526,-6.792626314597582,-1.1936644906635088
1758191897.3152325,-6.796535519835517,-1.2037273823329342
1758191897.414994,-6.802422864277494,-1.2158678718507825
1758191897.5150895,-6.806470929155703,-1.2228807223006841
1758191897.6174798,-6.8108915604470495,-1.2296649151060361
1758191897.7168968,-6.81734289707817,-1.238320781692817
1758191897.8151472,-6.824400222049902,-1.2464903140975834
1758191897.9157107,-6.834018169403709,-1.255954125128797
1758191898.0148025,-6.840183906134527,-1.26120385761127
1758191898.1156821,-6.851060803265293,-1.269189994937392
1758191898.2172205,-6.8579163513356125,-1.2735008208678158
1758191898.316374,-6.867400058450051,-1.2786612822894776
1758191898.4154687,-6.87723053962326,-1.2831261622693864
1758191898.5148137,-6.88735679770649,-1.2868722699680277
1758191898.614502,-6.89862460140542,-1.2970639319846717
1758191898.7237349,-6.896239743557286,-1.3220286590319954
1758191898.8143408,-6.888185652712366,-1.3625438943823007
1758191898.9151943,-6.879935762393232,-1.401680931179809
1758191899.0145924,-6.869621224687478,-1.4506035564122777
1758191899.1144838,-6.863432659203693,-1.4799571746112754
1758191899.216202,-6.855181419885426,-1.519095379656442
1758191899.3213732,-6.8448676601407925,-1.5680182058402239
1758191899.4163022,-6.840742246017254,-1.5875873560010385
1758191899.51463,-6.83249157178301,-1.6267256865602417
1758191899.625689,-6.824247554729601,-1.6658741041558616
1758191899.7152042,-6.815998021166635,-1.705013808506643
1758191899.815921,-6.8098110265944545,-1.7343685434828466
1758191899.9174168,-6.80157483748533,-1.7735281446494282
1758191900.0177555,-6.791282186169029,-1.8224817099511563
1758191900.117582,-6.785108279729045,-1.8518562911015537
1758191900.215419,-6.778936610896873,-1.8812313617902396
1758191900.3148785,-6.768655961216638,-1.9301893954683726
1758191900.4156914,-6.760440516520358,-1.9693455130693587
1758191900.5250537,-6.754276643559807,-1.9987087627593974
1758191900.6146803,-6.748105954747705,-2.028066127152493
1758191900.7148087,-6.739878555431762,-2.0672093309924717
1758191900.815852,-6.731651365380986,-2.106352591661598
1758191900.9151392,-6.723424382455696,-2.145495905624612
1758191901.0179224,-6.715197605349899,-2.184639268187887
1758191901.114975,-6.706971033653106,-2.223782674169671
1758191901.2154858,-6.696694471950217,-2.2727215452368363
1758191901.3145049,-6.690525361375555,-2.302080200326751
1758191901.4206994,-6.682300132425271,-2.3412249959785436
1758191901.5152445,-6.6740861502731175,-2.38038574617655
1758191901.6192029,-6.665868518868364,-2.4195367430471832
1758191901.7163181,-6.657657851023797,-2.458706182965724
1758191901.8156185,-6.649451535183822,-2.4978776928500825
1758191901.915306,-6.639199486764948,-2.5468418628446927
1758191902.0146403,-6.633056421477692,-2.5762150016177303
1758191902.1157012,-6.626911392852804,-2.605581328617799
1758191902.2216544,-6.618706640403479,-2.6447292762443424
1758191902.315071,-6.612553226047775,-2.674090275098453
1758191902.4145172,-6.606399929772987,-2.7034513062010803
1758191902.5149674,-6.599732002327771,-2.74002068614729
1758191902.6155264,-6.5983407143058646,-2.7506758752058555
1758191902.719878,-6.592333606700639,-2.7594688986837066
1758191902.81553,-6.576537985775753,-2.756406457635376
1758191902.9180613,-6.56824726540473,-2.75411487638089
1758191903.0222404,-6.557874660672837,-2.7499863041706756
1758191903.1159608,-6.549800006065298,-2.7466751428695626
1758191903.2155428,-6.540014053346789,-2.741220662681344
1758191903.3166573,-6.533553435301627,-2.7363392954346297
1758191903.4146688,-6.525366879489344,-2.729302130151823
1758191903.515788,-6.515879963104616,-2.719707757858608
1758191903.6151814,-6.508935312443865,-2.711442302011688
1758191903.7150164,-6.504238031883711,-2.7081955944725995
1758191903.8148253,-6.476341060461092,-2.7204907001785816
1758191903.9155526,-6.442039635585036,-2.7432233908538373
1758191904.0186245,-6.408782179290812,-2.765454180247779
1758191904.1151924,-6.375530515547276,-2.7876844784984347
1758191904.2153435,-6.342277556066266,-2.8099154988895223
1758191904.3147216,-6.300693290153382,-2.8377062026970226
1758191904.4143307,-6.2762474468530245,-2.85387569989458
1758191904.5149279,-6.2582279834517385,-2.8630393118518827
1758191904.61467,-6.252092410711493,-2.8598497947510437
1758191904.7155938,-6.246470477347819,-2.850409986346752
1758191904.8147044,-6.243002659955844,-2.843091991482388
1758191904.918351,-6.236421063581365,-2.8310991259165466
1758191905.0209005,-6.206153201223625,-2.8345490879472353
1758191905.1166236,-6.166584892308738,-2.845842990522852
1758191905.214414,-6.128223327130171,-2.857180930424427
1758191905.3147583,-6.089866112542652,-2.868521300505621
1758191905.4148571,-6.051508841796829,-2.879861465557813
1758191905.5148492,-6.013151518992893,-2.8912014262317247
1758191905.6149988,-5.984383494605758,-2.8997062635272126
1758191905.7150896,-5.946026087115308,-2.9110458708405083
1758191905.8159428,-5.907649395221863,-2.9223782717188334
1758191905.9146729,-5.878861814505948,-2.930873452711095
1758191906.016847,-5.840499360547448,-2.942207393660886
1758191906.1175857,-5.802134240219185,-2.9535394779675457
1758191906.214849,-5.77334666998608,-2.962034430559373
1758191906.324605,-5.734965838922539,-2.9733597975884947
1758191906.4163516,-5.68698863121236,-2.9875123823483847
1758191906.514694,-5.648600469175633,-2.9988307353399843
1758191906.6200519,-5.619805783106736,-3.007315695206197
1758191906.7151024,-5.571852326203887,-3.0214676492842414
1758191906.8149776,-5.533489491511192,-3.0327889933381718
1758191906.9158719,-5.5047173257481266,-3.041279869985922
1758191907.0144105,-5.456763645862802,-3.0554310792797583
1758191907.11462,-5.418387501191013,-3.0667470589704267
1758191907.2145176,-5.370402466209773,-3.0808850266835033
1758191907.3163364,-5.351208030267851,-3.086538727903467
1758191907.4146757,-5.3128184487407335,-3.097843590931652
1758191907.5160608,-5.264852180257463,-3.1119771415609434
1758191907.6242645,-5.236077163889403,-3.120458204094381
1758191907.7142859,-5.197698144683671,-3.1317610703030327
1758191907.8150933,-5.168898227110834,-3.1402342829478966
1758191907.916841,-5.130490169522218,-3.1515278432940814
1758191908.0148382,-5.083029954786655,-3.1652034666531415
1758191908.1147528,-5.061624271328799,-3.168456341317745
1758191908.2160923,-5.053473291700032,-3.162306666249594
1758191908.3160186,-5.0502793993998605,-3.151299156615744
1758191908.414476,-5.04772216652036,-3.1373692671583515
1758191908.514951,-5.047493477747365,-3.1292740589958212
1758191908.6171668,-5.047666127583579,-3.1211900965644994
1758191908.714516,-5.048567472451846,-3.1104499342158105
1758191908.8157809,-5.047083998202029,-3.107049563349424
1758191908.9245427,-5.043291726875545,-3.1153132989910204
1758191909.0154097,-5.043117096017688,-3.1263314905147195
1758191909.1147416,-5.043356730144793,-3.1371119547400297
1758191909.2148554,-5.0440367812398295,-3.1451672378145927
1758191909.315238,-5.045617040327791,-3.1558251871491088
1758191909.4226904,-5.047961348175959,-3.1663390497659547
1758191909.5232391,-5.051944356605388,-3.179195446387211
1758191909.6145763,-5.057088871370516,-3.1916417188359256
1758191909.7157483,-5.062033899187434,-3.2012384137649237
1758191909.8148546,-5.064762197907257,-3.2058970734144148
1758191909.918285,-5.060647204799528,-3.224148164706956
1758191910.0146787,-5.033083508098462,-3.2474923511271903
1758191910.1151025,-5.014247148863864,-3.265390414123137
1758191910.2153926,-4.984863180441001,-3.289997403620936
1758191910.3163161,-4.956094636480994,-3.314800626319445
1758191910.4143279,-4.92742783707318,-3.3398965383273085
1758191910.5158288,-4.91198158182724,-3.3526134309635838
1758191910.6154497,-4.88108500277094,-3.378046152833506
1758191910.7146852,-4.860393840152873,-3.393812672100472
1758191910.8171237,-4.855130993937104,-3.3948518136520436
1758191910.9148524,-4.849680929780136,-3.389852174817528
1758191911.0146217,-4.845139163042572,-3.3831479061235
1758191911.1147535,-4.840965771585678,-3.3762082051385045
1758191911.2159019,-4.835995165552146,-3.3666240715454543
1758191911.3145788,-4.832726762009907,-3.3592147303688473
1758191911.4158893,-4.830772073740097,-3.3541817713042796
1758191911.5149186,-4.82741218362889,-3.3439211081983005
1758191911.6144698,-4.8253815409951155,-3.3360814416747098
1758191911.7153091,-4.823776983223697,-3.328143583539996
1758191911.8156507,-4.822308289631615,-3.3174470880961056
1758191911.92276,-4.821713974067371,-3.309370536649553
1758191912.0152938,-4.821585476402818,-3.298579644143397
1758191912.1156485,-4.820391038262575,-3.287653441500448
1758191912.2155268,-4.800994263755482,-3.279879826750626
1758191912.317535,-4.760335571279382,-3.2747276420912437
1758191912.4150226,-4.720629869958195,-3.2694448962602523
1758191912.5151749,-4.680983314455364,-3.264149853102963
1758191912.618046,-4.641336736713647,-3.2588550395024862
1758191912.7167406,-4.6116009255116115,-3.254885194904259
1758191912.8154292,-4.571938360170847,-3.2496088022789356
1758191912.9149215,-4.53480480795922,-3.2455054754394768
1758191913.017245,-4.520531127102264,-3.2453269604693498
1758191913.11461,-4.513717058548019,-3.257435571608215
1758191913.214728,-4.513760998928197,-3.2709265956656948
1758191913.3164904,-4.5143716604389725,-3.2790015599620776
1758191913.4151146,-4.515417246541327,-3.2870317055395115
1758191913.5146208,-4.517482434769409,-3.2976284211639806
1758191913.6149228,-4.521126643049254,-3.3106202580003297
1758191913.7155166,-4.524873748455814,-3.320744897973965
1758191913.8351786,-4.529339390674696,-3.33057371696002
1758191913.9172647,-4.534500439390399,-3.340055850602373
1758191914.0149918,-4.541888638902333,-3.3513464335753334
1758191914.116136,-4.5467984561978,-3.3577858421582243
1758191914.21507,-4.552048695710114,-3.3639509721037877
1758191914.3148434,-4.561513667464887,-3.3735682755747685
1758191914.4152699,-4.567594459756757,-3.3789164945146783
1758191914.5183473,-4.575078605192711,-3.3869720977817894
1758191914.6146667,-4.557221591075451,-3.42351374783646
1758191914.716518,-4.534823669890447,-3.457688565716606
1758191914.8174448,-4.512741697104295,-3.4910391717396814
1758191914.9150832,-4.501700639810696,-3.5077142762259514
1758191915.0150023,-4.4796185957529895,-3.5410645244145993
1758191915.1155334,-4.457536604237912,-3.574422662322278
1758191915.2218373,-4.435454947462383,-3.607773155361921
1758191915.3147683,-4.418893074716707,-3.632792632546386
1758191915.4155898,-4.3968103290566045,-3.666145742743028
1758191915.5193784,-4.374729098467685,-3.6994965359444034
1758191915.614751,-4.3581659726932065,-3.724513621107078
1758191915.715357,-4.3305645816476215,-3.766202232447663
1758191915.8146036,-4.308483562630946,-3.7995531974781733
1758191915.916327,-4.286402629011228,-3.8329042282847974
1758191916.0151129,-4.269841986229213,-3.8579175429311707
1758191916.1146564,-4.236720852244586,-3.9079442725638898
1758191916.2145286,-4.225680519851042,-3.924619877043752
1758191916.3214924,-4.209583915454268,-3.9491526706602875
1758191916.41476,-4.20489865647026,-3.9499494199903067
1758191916.5150342,-4.194242089471839,-3.9420954038137297
1758191916.6258402,-4.186314867942217,-3.9347669822448292
1758191916.7227569,-4.178935187884214,-3.926887252118043
1758191916.8200862,-4.172141263356594,-3.918496971209697
1758191916.9145834,-4.16596830575856,-3.9096395559969372
1758191917.0155067,-4.163124825773625,-3.9050499154976674
1758191917.116009,-4.156754252062932,-3.8931542352040545
1758191917.2153316,-4.151478454514819,-3.880733929769531
1758191917.3314471,-4.148075126291763,-3.870487439424651
1758191917.4145155,-4.1454176957489555,-3.860022649004057
1758191917.5158744,-4.143922561125237,-3.8520634068037913
1758191917.6157846,-4.135860468033451,-3.8421324125871528
1758191917.7155688,-4.110788750413865,-3.8409708055952265
1758191917.8145516,-4.059647184724791,-3.8439071246776404
1758191917.9148476,-4.019715916993274,-3.846542701134169
1758191918.0152724,-3.9997507287650067,-3.8478572889245517
1758191918.115211,-3.9698108427295997,-3.8498362870959597
1758191918.2151363,-3.9199222875167283,-3.853148634500301
1758191918.3177223,-3.880011422228858,-3.8557982264389605
1758191918.4152641,-3.840100544537917,-3.858447564030708
1758191918.516439,-3.820145102713393,-3.859772137323561
1758191918.6153054,-3.770249449838613,-3.863074332310312
1758191918.7209036,-3.7303384886945294,-3.865721899830305
1758191918.8149471,-3.700401727515614,-3.8677037879691873
1758191918.9152544,-3.660466735195958,-3.87033130060695
1758191919.0317922,-3.6205345392919095,-3.8729558480734925
1758191919.1156752,-3.6005653574545735,-3.8742641066676056
1758191919.2145767,-3.5506515876741127,-3.8775365977460834
1758191919.3178732,-3.520710955070859,-3.879501262614438
1758191919.4154387,-3.4807988644606858,-3.8821318531331213
1758191919.5171418,-3.440886827040669,-3.8847630502378725
1758191919.6148868,-3.41095277818063,-3.8867362808854153
1758191919.7154908,-3.381592329239812,-3.8884681580117513
1758191919.8146179,-3.358839453184997,-3.888513037213594
1758191919.917511,-3.3506771819404135,-3.884774571329656
1758191920.0156906,-3.3481159983563735,-3.877308607998923
1758191920.1163,-3.3485585741000605,-3.866489989180962
1758191920.2149892,-3.3502942881485067,-3.853134245913794
1758191920.3146248,-3.3519103569859614,-3.845216991379107
1758191920.4229465,-3.354726205204826,-3.834820237383083
1758191920.5158331,-3.3583024408013875,-3.8246525745217745
1758191920.6178582,-3.3614846831368355,-3.817206377637822
1758191920.7157109,-3.369030347602518,-3.802883033273706
1758191920.8341534,-3.3749001608052875,-3.7938224146001724
1758191920.9146297,-3.381406535523232,-3.785207419588407
1758191921.015131,-3.388515819560419,-3.777082635013372
1758191921.1150568,-3.3981939703369552,-3.767679845681452
1758191921.2158766,-3.4022955651253306,-3.7641688340203934
1758191921.3157163,-3.413078955541404,-3.7560563888036653
1758191921.414809,-3.424548112164923,-3.7489457487802866
1758191921.515529,-3.4317203530731315,-3.74518457942469
1758191921.622951,-3.4390852039666853,-3.7418159829771835
1758191921.7148185,-3.4485743908310362,-3.736259492940712
1758191921.8150434,-3.444990919073421,-3.7060072795941057
1758191921.914828,-3.433519054089092,-3.666489465054851
1758191922.015331,-3.424891225807596,-3.6377442151995987
1758191922.1146252,-3.4162638483184677,-3.6089984449469212
1758191922.2157235,-3.407639944186806,-3.580253892013071
1758191922.3151352,-3.3990125848412904,-3.5515190177677924
1758191922.4156678,-3.3846315508540283,-3.503633871434339
1758191922.515327,-3.3731269450769927,-3.465325672170954
1758191922.626247,-3.36449861815758,-3.4365944753819515
1758191922.719536,-3.352994350543817,-3.398286152068475
1758191922.8151162,-3.3414902741259382,-3.3599777628926866
1758191922.9148932,-3.3271179955810384,-3.312070935332739
1758191923.0178595,-3.3156251201094347,-3.2737370996955995
1758191923.1157024,-3.3012636063028737,-3.225819286878113
1758191923.2161896,-3.286897024279466,-3.177929780696627
1758191923.3152175,-3.2754057263785556,-3.139610579108371
1758191923.4199545,-3.263922648253702,-3.1012603970431063
1758191923.5150816,-3.25244222147251,-3.062909648620394
1758191923.621512,-3.2409669920733792,-3.024558976755458
1758191923.7171197,-3.2323591935988167,-2.995809375281281
1758191923.8153145,-3.218008508497224,-2.947914447474514
1758191923.914938,-3.20857962425084,-2.9122140674729216
1758191924.0190039,-3.204478425292511,-2.8971742665561946
1758191924.1154885,-3.1985543728111367,-2.8967985593263994
1758191924.2149205,-3.188582698752549,-2.9009348283251253
1758191924.3202746,-3.1789349579908857,-2.905778850301168
1758191924.414897,-3.169660704091956,-2.9113042283789854
1758191924.5150242,-3.1608079092957513,-2.9174823525137095
1758191924.618002,-3.156553960478647,-2.920806331367035
1758191924.7149525,-3.1464660372441067,-2.9297667801116885
1758191924.8179226,-3.142663356915497,-2.93359899226948
1758191924.9150894,-3.1337809493219355,-2.9437562535069883
1758191925.0183034,-3.1273547463398867,-2.952431569192277
1758191925.1154795,-3.1229537371601457,-2.9592293288789526
1758191925.214656,-3.1164539459932055,-2.971054879165818
1758191925.3149495,-3.112035950383067,-2.9809063706826744
1758191925.4145608,-3.088588046534068,-2.981059335857344
1758191925.5151374,-3.049727111277453,-2.968294682918873
1758191925.6155674,-3.0118538631188163,-2.955337579918427
1758191925.7159386,-2.9740082441950313,-2.942392225673971
1758191925.8213172,-2.9267011419945526,-2.926210773605521
1758191925.914852,-2.888849203235332,-2.9132676206258115
1758191926.0146532,-2.850969908618213,-2.9003344840421645
1758191926.1167738,-2.8036448206835,-2.8841649796983404
1758191926.2158287,-2.77524726662056,-2.874464054390748
1758191926.3227212,-2.737375088141926,-2.8615338802839645
1758191926.4150908,-2.6900484313584205,-2.8453714235851097
1758191926.5152328,-2.652198143215865,-2.8324396538265573
1758191926.6204689,-2.6048851939794626,-2.816275196935154
1758191926.7146277,-2.567034766026308,-2.803343836253338
1758191926.8165488,-2.52918427970388,-2.7904126569449677
1758191926.9325001,-2.5007963779983307,-2.7807143904138734
1758191927.014622,-2.455884335957916,-2.7664446569167755
1758191927.1160884,-2.4402461699867635,-2.7650697451932937
1758191927.221493,-2.4358819148164566,-2.773915283322234
1758191927.3152792,-2.4336105067502265,-2.784470205943936
1758191927.4268825,-2.432104255258227,-2.7951612730332087
1758191927.5147574,-2.4313089873482947,-2.8086320359427384
1758191927.6189232,-2.431387035687763,-2.816721584158556
1758191927.7147098,-2.4321519734456443,-2.8274730766404446
1758191927.8150403,-2.4269889965370366,-2.839177188151565
1758191927.9148586,-2.3930272042922383,-2.8490415807086973
1758191928.0147011,-2.352733016182962,-2.8567325322628507
1758191928.1227524,-2.3037396340735508,-2.8667178419337516
1758191928.2181215,-2.2743271334467723,-2.872699912586919
1758191928.3159838,-2.2351006346368782,-2.8806709611904595
1758191928.4150412,-2.195880832992044,-2.8886434203843736
1758191928.5146844,-2.1566771769643847,-2.8966202759219817
1758191928.615958,-2.107684082528269,-2.9065950604753628
1758191928.7158697,-2.0782881820234387,-2.912579767486497
1758191928.8146527,-2.0292949446832815,-2.922554004480695
1758191928.9208784,-1.98030162732815,-2.9325278957267717
1758191929.0148218,-1.9526648124255244,-2.9363086233229136
1758191929.1205835,-1.945773961030851,-2.939075239879369
1758191929.2147768,-1.9468666141034805,-2.948545444771932
1758191929.3184392,-1.9503786214151766,-2.9587541701317117
1758191929.415742,-1.9546158267834124,-2.968683733740791
1758191929.5157862,-1.9595562645420785,-2.9782827346173164
1758191929.6166756,-1.9666814212785573,-2.9897411455854543
1758191929.7168348,-1.9731052855966609,-2.998417795899423
1758191929.8149662,-1.9673483080370866,-3.0126831959845033
1758191929.9150586,-1.9468552347623023,-3.032445784988979
1758191930.0144827,-1.908886467226508,-3.0662331939957563
1758191930.1152349,-1.8790204906627856,-3.0928609960868996
1758191930.2306337,-1.8566207190858015,-3.112831715852592
1758191930.3145437,-1.8267539710668075,-3.1394596287969345
1758191930.4160774,-1.7968880247576806,-3.1660873646323093
1758191930.5163918,-1.7670226089305305,-3.192715390337967
1758191930.6188583,-1.7469141864247228,-3.210353726579234
1758191930.714616,-1.738770983810482,-3.223927980857224
1758191930.819741,-1.7482175682078074,-3.2333365165255006
1758191930.914789,-1.7544489263502447,-3.238508224526884
1758191931.0145214,-1.7631743525928412,-3.2448666375813993
1758191931.1159241,-1.7746872901588469,-3.251905487553201
1758191931.216091,-1.784324405719217,-3.2567736032453505
1758191931.3147714,-1.7917134950353506,-3.2672152456182544
1758191931.4244397,-1.7860712176339717,-3.2916715817095867
1758191931.516132,-1.776021302016702,-3.3211193634599137
1758191931.6190937,-1.7593398275362873,-3.36829575117804
1758191931.715638,-1.7493404137201045,-3.396580787578811
1758191931.8224845,-1.739341167897004,-3.4248657038997767
1758191931.914776,-1.7226812074166677,-3.472016081793845
1758191932.0152218,-1.7126877439770491,-3.5003211549082685
1758191932.1156254,-1.7031804082510515,-3.5281127635487914
1758191932.2145033,-1.6981652040321311,-3.5457370338073377
1758191932.3155947,-1.6879141479676942,-3.5523302704428685
1758191932.427268,-1.6803433713194025,-3.549283090645776
1758191932.5150096,-1.670523616442924,-3.5445192112631747
1758191932.623818,-1.6610843267500777,-3.539039759468784
1758191932.715892,-1.6520721321866134,-3.532872378009946
1758191932.8147895,-1.6455852030909424,-3.5278243607426107
1758191932.9148915,-1.639287611460211,-3.5224364210528205
1758191933.0264645,-1.6319505573965913,-3.514517018781045
1758191933.1152127,-1.6236110355166296,-3.5039093830071235
1758191933.2163181,-1.6176469735940644,-3.494910074817106
1758191933.3157947,-1.6123455751969422,-3.485504899113311
1758191933.417679,-1.60773435484224,-3.475742574826975
1758191933.5151284,-1.6047434122057656,-3.4682168274498535
1758191933.6152456,-1.5871392696393267,-3.4572335629737285
1758191933.7147846,-1.548996568640396,-3.465343976938776
1758191933.827523,-1.5098122042860924,-3.474719857263795
1758191933.9148293,-1.4709709821065189,-3.484271945951186
1758191934.0147386,-1.432129716644332,-3.493823817417101
1758191934.1212502,-1.393288410255693,-3.5033754735932794
1758191934.2160983,-1.3544470635652552,-3.512926917052275
1758191934.3145769,-1.3058585651526817,-3.5248476002507
1758191934.415426,-1.2670160388391596,-3.5343942883528063
1758191934.5145893,-1.2281637714113323,-3.5439373224785675
1758191934.6217036,-1.199014986414096,-3.5510905294582744
1758191934.714962,-1.1504326834664527,-3.563008525763814
1758191934.8149757,-1.1018612106260866,-3.5749255693367763
1758191934.9217777,-1.0630162156066496,-3.584462222032086
1758191935.014636,-1.0338824300752472,-3.591614600961278
1758191935.1153715,-0.9950373299045668,-3.601150922037774
1758191935.230658,-0.9561921727027222,-3.610687030842446
1758191935.3150408,-0.9286533317222996,-3.6138826174612446
1758191935.4158516,-0.9253907771539857,-3.613858564337614
1758191935.515387,-0.9253906567361335,-3.613858553584511
1758191935.6157906,-0.9253906575847292,-3.6138585453184335
1758191935.714735,-0.9253906587166418,-3.613858542492358
1758191935.8155477,-0.9253906597004946,-3.6138585400297805
1758191935.9223716,-0.9253906610003683,-3.6138585363189177
1758191936.0168588,-0.9253906617869344,-3.613858533619594
1758191936.116024,-0.9253906622568447,-3.613858531721893
1758191936.2151632,-0.9253906628541209,-3.6138585287554212
1758191936.315517,-0.9253906631958664,-3.6138585265259686
1758191936.4199786,-0.9253906634411146,-3.6138585243984362
1758191936.51591,-0.9253906636392056,-3.6138585218535875
1758191936.6145835,-0.9253906637110962,-3.613858520376283
1758191936.7155461,-0.9253906637684101,-3.613858517980125
1758191936.8146584,-0.9253906637685112,-3.613858516111516
1758191936.9157922,-0.9253906637361697,-3.613858514277176
1758191937.014682,-0.9253906636592746,-3.613858512022768
1758191937.117549,-0.9253906635973481,-3.6138585106868018
1758191937.2147198,-0.9253906634731227,-3.6138585084823855
1758191937.3156967,-0.9253906633881642,-3.613858507170746
1758191937.4146588,-0.9253906632650134,-3.6138585054323205
1758191937.518409,-0.9253826762938251,-3.6138593966735226
1758191937.614941,-0.9253826417598945,-3.6138592832764513
1758191937.7156904,-0.9253826420467294,-3.6138592689964
1758191937.8312101,-0.9253826432192174,-3.613859266139931
1758191937.928038,-0.9253826442359551,-3.613859263643828
1758191938.0186002,-0.9253826453427718,-3.613859260604189
1758191938.1242466,-0.9253826463947402,-3.613859257157381
1758191938.2157195,-0.9253826470241896,-3.613859254624057
1758191938.3159034,-0.9253826473959105,-3.613859252830073
1758191938.4159749,-0.9253826477809107,-3.613859250554938
1758191938.5152814,-0.9253826481174434,-3.613859247863873
1758191938.615699,-0.9253826482567047,-3.6138592463154127
1758191938.7152448,-0.925382648405415,-3.6138592438227253
1758191938.820354,-0.9253826484532757,-3.6138592423708014
1758191938.9160342,-0.925382648475532,-3.613859240945921
1758191939.0148423,-0.9253826484758756,-3.613859239544187
1758191939.1209996,-0.9253826484574669,-3.613859238162257
1758191939.2244334,-0.9253826484083671,-3.61385923634562
1758191939.3145604,-0.9253826483360501,-3.613859234553505
1758191939.4149926,-0.9253826482692264,-3.6138592332227124
1758191939.514784,-0.9253826481096846,-3.613859230588475
1758191939.6155365,-0.9253826480193934,-3.6138592292824665
1758191939.7156587,-0.9253823394453162,-3.613859162819074
1758191939.8156428,-0.9253746413971193,-3.6138600719991847
1758191939.9210343,-0.9253746257393649,-3.613859998512334
1758191940.0175521,-0.9253746269565875,-3.6138599916970273
1758191940.1153193,-0.9253746281105374,-3.613859988924329
1758191940.2223632,-0.9253746291019266,-3.613859986461183
1758191940.3173168,-0.9253746301793233,-3.6138599834532563
1758191940.4209576,-0.9253746310225212,-3.6138599806941176
1758191940.5148323,-0.9253746315278246,-3.6138599787590473
1758191940.6156769,-0.9253746320614633,-3.613859976326928
1758191940.721355,-0.9253746324626277,-3.613859974034728
