time,x,y
4568.823,0.008575379007589198,0.000819989950221971
4568.843,0.008578112298985467,0.0008201985097828006
4568.863,0.008580807122002126,0.0008204572496205177
4568.883,0.008582204683639117,0.0008206794397625128
4568.903,0.008584989739519957,0.0008209049471503339
4568.923,0.008587642765670523,0.0008211561353387437
4568.943,0.0085903677037731,0.0008213667431691262
4568.963,0.008591841928103396,0.0008216114137253927
4568.983,0.00859456126843395,0.0008218181288230743
4569.003,0.008597367068891769,0.0008220650139363433
4569.023,0.008600002444376784,0.0008223041958318801
4569.043,0.008602722872726402,0.0008225104207190462
4569.063,0.008604182502603735,0.0008227519276641834
4569.083,0.008606910600584178,0.000822958657443372
4569.103,0.008609630127395507,0.0008232310160032264
4569.123,0.008611034961638203,0.0008234581251616519
4569.143,0.008613791201834201,0.0008236621273404766
4569.163,0.0086165615641581,0.0008239120477985868
4569.183,0.008619294862462948,0.0008241205973236464
4569.203,0.008621989693694262,0.0008243793233208599
4569.223,0.008623387262182692,0.0008246015108554778
4569.243,0.008626172325366829,0.0008248270071101533
4569.263,0.0086288253590034,0.0008250781847019898
4569.283,0.008631550304034428,0.0008252887824494426
4569.303,0.008633024536154547,0.0008255334467111189
4569.323,0.008635743883375773,0.00082574015185213
4569.343,0.008638549691595582,0.0008259870250472192
4569.363,0.008641185074174308,0.0008262261943597514
4569.383,0.008643905509359097,0.0008264324094651815
4569.403,0.008645365146790863,0.00082667391270743
4569.423,0.008648093251714856,0.0008268806324924886
4569.443,0.008650812786979115,0.0008271529790364266
4569.463,0.008652217628055011,0.000827380082994627
4569.483,0.008654973875231488,0.0008275840752960085
4569.503,0.008657744245085398,0.0008278339838751611
4569.523,0.008660477550295278,0.0008280425233649297
4569.543,0.008663172389737593,0.0008283012355224473
4569.563,0.008664569965075038,0.0008285234204496943
4569.583,0.008667355035559071,0.0008287489055718613
4569.603,0.008670008076678695,0.0008290000725676551
4569.623,0.008672733028634631,0.0008292106602327666
4569.643,0.008674207268541557,0.0008294553181999135
4569.663,0.008676926622649687,0.0008296620133847913
4569.683,0.008679732438628025,0.0008299088746623426
4569.703,0.008682367828297361,0.000830148031392492
4569.723,0.008685088270313637,0.0008303542367167453
4569.743,0.008686547915297244,0.0008305957362559527
4569.763,0.008689276027160932,0.0008308024460473832
4569.783,0.00869199557087431,0.0008310747805760769
4569.803,0.008693400418781076,0.0008313018793341269
4569.823,0.00869615667293458,0.0008315058617585903
4569.843,0.008698927050314977,0.0008317557584593635
4569.863,0.008701660362426127,0.0008319642879143738
4569.883,0.00870435521007508,0.000832222986232983
4569.903,0.008705752792259054,0.0008324451685527045
4569.923,0.008708537870039626,0.0008326706425429598
4569.943,0.008711190918639249,0.0008329217989431563
4569.963,0.008713915877516396,0.0008331323765264841
4569.983,0.008715390125206904,0.0008333770282007793
4570.003,0.008718109486198045,0.0008335837134392319
4570.023,0.008720915309931562,0.0008338305628000633
4570.043,0.008723550706688291,0.0008340697069659192
4570.063,0.00872627115553249,0.0008342759025096117
4570.083,0.008727730808065035,0.0008345173983721019
4570.103,0.008730458926864242,0.0008347240982033863
4570.123,0.008733178479023135,0.0008349964207174183
4570.143,0.008734583333757987,0.0008352235143149798
4570.163,0.008737339594885166,0.0008354274868635612
4570.183,0.008740109979788115,0.0008356773717379059
4570.203,0.008742843298796737,0.0008358858911583961
4570.223,0.008745538154647719,0.0008361445756971495
4570.243,0.008746935743674956,0.0008363667554716971
4570.263,0.008749720828748767,0.0008365922183312262
4570.283,0.00875237388482484,0.0008368433642108986
4570.303,0.008755098850619467,0.0008370539317129771
4570.323,0.008756573106089991,0.0008372985771759238
4570.343,0.008759292473959679,0.0008375052525355878
4570.363,0.00876209830544496,0.0008377520899804931
4570.383,0.008764733709285502,0.0008379912216443594
4570.403,0.008767454164953815,0.0008381974074082464
4570.423,0.008768913825032518,0.0008384388996505159
4570.443,0.00877164195076299,0.0008386455895677215
4570.463,0.008774361511363682,0.0008389179000675958
4570.483,0.008775766372923963,0.0008391449885415431
4570.503,0.008778522641021445,0.0008393489512151372
4570.523,0.008781293033443414,0.000839598824295446
4570.543,0.008784026359345762,0.0008398073336818127
4570.563,0.008786721223394571,0.0008400660044640942
4570.583,0.008788118819262735,0.0008402881817071413
4570.603,0.008790903911626367,0.0008405136334366098
4570.623,0.008793556975175917,0.0008407647688028804
4570.643,0.008796281947884281,0.0008409753262242296
4570.663,0.008797756211131658,0.0008412199654758029
4570.683,0.008800475585875944,0.0008414266309569825
4570.703,0.00880328142510951,0.000841673456486588
4570.723,0.008805916836030922,0.0008419125756492342
4570.743,0.008808637298519748,0.0008421187516339024
4570.763,0.008810096966141795,0.0008423602402556422
4570.783,0.008812825098799586,0.0008425669202592675
4570.803,0.008815544667838356,0.0008428392187455906
4570.823,0.008816949536221752,0.0008430663020959956
4570.843,0.00881970581128615,0.0008432702548951817
4570.863,0.008822476211223507,0.0008435201161819867
4570.883,0.008825209544015989,0.0008437286155347147
4570.903,0.008827904416258626,0.0008439872725612665
4570.923,0.008829302018965157,0.0008442094472727217
4570.943,0.008832087118615294,0.0008444348878728424
4570.963,0.008834740189635242,0.000844686012726367
4570.983,0.008837465169253763,0.0008448965600675183
4571.003,0.008838939440275022,0.0008451411931078045
4571.023,0.008841658821890367,0.0008453478487111719
4571.043,0.00884446466886886,0.0008455946623261891
4571.063,0.008847100086868166,0.0008458337689883825
4571.083,0.008849820556173917,0.0008460399351942903
4571.103,0.008851280231336772,0.0008462814201953049
4571.123,0.008854008370918206,0.0008464880902858937
4571.143,0.008856727948391513,0.000846760376759415
4571.163,0.008858132823595821,0.0008469874549865831
4571.183,0.008860889105623694,0.0008471913979118995
4571.203,0.008863659513073007,0.000847441247405739
4571.223,0.008866392852751884,0.0008476497367254279
4571.243,0.008869087733184268,0.0008479083799970545
4571.263,0.008870485342726716,0.0008481305521767389
4571.283,0.00887327044966009,0.0008483559816481204
4571.303,0.00887592352814738,0.0008486070959893181
4571.323,0.008878648514672464,0.0008488176332508816
4571.343,0.008880122793464468,0.0008490622600798029
4571.363,0.008882842181947022,0.000849268905805847
4571.383,0.008885648036666968,0.0008495157075069793
4571.403,0.008888283461741014,0.0008497548016695045
4571.423,0.00889100393786009,0.0008499609580973168
4571.443,0.00889246362056113,0.0008502024394773592
4571.463,0.008895191767062306,0.000850409099655383
4571.483,0.008897911352966446,0.0008506813741167214
4571.503,0.008899316234989178,0.000850908447220709
4571.523,0.008902072523977102,0.0008511123802726095
4571.543,0.008904842938934905,0.0008513622179741005
4571.563,0.008907576285496474,0.0008515706972612856
4571.583,0.008910271174114626,0.0008518293267786431
4571.603,0.008911668790490702,0.0008520514964264102
4571.623,0.008914453904703884,0.0008522769147696652
4571.643,0.00891710699065561,0.0008525280185990577
4571.663,0.008919831984083616,0.0008527385457816352
4571.683,0.008921306270643276,0.0008529831663992191
4571.703,0.008924025665989328,0.0008531898022483833
4571.723,0.0089268315284473,0.0008534365920363726
4571.743,0.008929466960593033,0.0008536756736999058
4571.763,0.008932187443521887,0.0008538818203500922
4571.783,0.008933647133758538,0.0008541232981089386
4571.803,0.008936375287175675,0.0008543299483748301
4571.823,0.008939094881506997,0.0008546022108247272
4571.843,0.008940499770346031,0.0008548292788055013
4571.863,0.008943256066290723,0.0008550332019846542
4571.883,0.00894602648875346,0.000855283027894222
4571.903,0.008948759842194093,0.0008554914971493953
4571.923,0.008951454738993982,0.0008557501129133533
4571.943,0.008952852362201166,0.0008559722800291292
4571.963,0.008955637483690878,0.0008561976872448689
4571.983,0.008958290577104032,0.0008564487805629924
4572.003,0.008961015577431203,0.00085665929766703
4572.023,0.008962489871755588,0.0008569039120733718
4572.043,0.008965209273961498,0.0008571105380462314
4572.063,0.008968015144154212,0.0008573573159216923
4572.083,0.00897065058336859,0.0008575963850869224
4572.103,0.008973371073103437,0.0008578025219599455
4572.123,0.008974830770873,0.0008580439960974018
4572.143,0.00897755893120233,0.0008582506364517023
4572.163,0.008980278533957248,0.0008585228868907951
4572.183,0.008981683429610081,0.000858749949748625
4572.203,0.008984439732508034,0.0008589538630554744
4572.223,0.008987210162472285,0.000859203677173799
4572.243,0.008989943522788209,0.0008594121363974657
4572.263,0.008992638427765872,0.0008596707384087657
4572.283,0.008994036057801812,0.0008598929029924472
4572.303,0.008996821186564575,0.0008601182990813427
4572.323,0.008999474287436079,0.0008603693818887224
4572.343,0.00900219929465879,0.000860579888914831
4572.363,0.009003673596744564,0.0008608244971097927
4572.383,0.009006393005806471,0.000861031113206789
4572.403,0.009009198883730321,0.0008612778791704113
4572.423,0.009011834330010508,0.0008615169358381615
4572.443,0.009014554826547796,0.0008617230629346809
4572.463,0.009016014531847742,0.0008619645334505227
4572.483,0.009018742699085366,0.0008621711638937165
4572.503,0.009021462310260159,0.0008624434023226363
4572.523,0.009022867212724738,0.0008626704600575801
4572.543,0.00902562352257251,0.0008628743634927424
4572.563,0.0090283939600348,0.0008631241658202742
4572.583,0.009031127327222381,0.0008633326150129933
4572.603,0.00903382224037369,0.0008635912032724077
4572.623,0.00903521987723594,0.0008638133653238477
4572.643,0.0090380050132686,0.0008640387502865626
4572.663,0.00904065812159554,0.0008642898225837766
4572.683,0.009043383135710289,0.0008645003195325476
4572.703,0.009044857445554545,0.000864744921516317
4572.723,0.009047576861468891,0.0008649515277380396
4572.743,0.009050382747120573,0.0008651982817905072
4572.763,0.009053018200463257,0.0008654373259614212
4572.783,0.00905573870379947,0.0008656434432818854
4572.803,0.00905719841662718,0.0008658849101759239
4572.823,0.009059926590769374,0.0008660915307086373
4572.843,0.009062646210360504,0.0008663637571280912
4572.863,0.009064051119634292,0.0008665908097402646
4572.883,0.009066807436428594,0.0008667947033042674
4572.903,0.00906957788138538,0.0008670444938416605
4572.923,0.00907231125544096,0.0008672529330040187
4572.943,0.00907500617676222,0.0008675115075123004
4572.963,0.009076403820448314,0.0008677336670313243
4572.983,0.009079188963747445,0.0008679590408684014
4573.003,0.009081842079526614,0.0008682101026559927
4573.023,0.009084567100529697,0.0008684205895279388
4573.043,0.009086041418129538,0.0008686651853004647
4573.063,0.009088760840892551,0.0008688717816474406
4573.083,0.009091566734268614,0.0008691185237894693
4573.103,0.00909420219467088,0.000869357555464359
4573.123,0.00909692270480239,0.000869563663009395
4573.143,0.009098382425155357,0.0008698051262813864
4573.163,0.009101110606198306,0.0008700117369040654
4573.183,0.009103830234202078,0.0008702839513147128
4573.203,0.009105235150282904,0.0008705109988042185
4573.223,0.00910799147402026,0.0008707148824976038
4573.243,0.009110761926468095,0.0008709646612453245
4573.263,0.009113495307387878,0.0008711730903778633
4573.283,0.009116190236874742,0.000871431651135667
4573.303,0.0091175878873824,0.0008716538081221738
4573.323,0.0091203730379446,0.0008718791708343474
4573.343,0.009123026161173203,0.0008721302221127933
4573.363,0.009125751189060904,0.0008723406989084757
4573.383,0.00912722551441305,0.0008725852884697628
4573.403,0.009129944944020908,0.0008727918749423748
4573.423,0.009132750845117957,0.0008730386051746292
4573.443,0.009135386312576637,0.0008732776243542176
4573.463,0.009138106829499743,0.0008734837221242802
4573.483,0.009139566557375176,0.0008737251817739605
4573.503,0.009142294745315083,0.0008739317824870512
4573.523,0.009145014381727795,0.0008742039848895106
4573.543,0.009146419304613334,0.0008744310272564884
4573.563,0.009149175635290368,0.0008746349010798252
4573.583,0.009151946095225794,0.0008748846680384806
4573.603,0.009154679483006169,0.0008750930871416545
4573.623,0.009157374420654774,0.000875351634149886
4573.643,0.009158772077981554,0.0008755737886037432
4573.663,0.009161557235803506,0.0008757991401916212
4573.683,0.009164210366478482,0.0008760501809615031
4573.703,0.009166935401247269,0.0008762606476815465
4573.723,0.009168409734348692,0.0008765052310316639
4573.743,0.009171129170797779,0.0008767118076305852
4573.763,0.009173935079612464,0.000876958525953734
4573.783,0.009176570554124679,0.0008771975326387815
4573.803,0.009179291077835851,0.0008774036206344221
4573.823,0.009180750813231248,0.0008776450766616211
4573.843,0.0091834790080643,0.0008778516674657147
4573.863,0.009186198652882522,0.0008781238578607544
4573.883,0.009187603582570477,0.000878350895105343
4573.903,0.009190359920183896,0.0008785547590591615
4573.923,0.009193130387603367,0.0008788045142293111
4573.943,0.009195863782240708,0.0008790129233037067
4573.963,0.009198558728046896,0.0008792714565630881
4573.983,0.009199956392190338,0.0008794936084842647
4574.003,0.00920274155726878,0.0008797189489484569
4574.023,0.009205394695387104,0.0008799699792101645
4574.043,0.009208119737033307,0.0008801804358550278
4574.063,0.009209594077880863,0.000880425012993936
4574.083,0.009212313521167376,0.0008806315797196222
4574.103,0.009215119437696186,0.0008808782861344073
4574.123,0.009217754919259014,0.0008811172803255674
4574.143,0.00922047544975457,0.0008813233585473337
4574.163,0.009221935192667147,0.0008815648109517102
4574.183,0.009224663394389463,0.0008817713918472857
4574.203,0.009227383047609217,0.0008820435702354996
4574.223,0.009228787984097368,0.0008822706023578207
4574.243,0.009231544328643659,0.0008824744564426655
4574.263,0.009234314803543715,0.0008827241998247612
4574.283,0.009237048205034272,0.0008829325988708816
4574.303,0.009239743158994135,0.0008831911183820953
4574.323,0.009241140829951852,0.0008834132677703927
4574.343,0.00924392600228335,0.0008836385971115605
4574.363,0.009246579147842111,0.0008838896168657053
4574.383,0.00924930419636202,0.0008841000634360464
4574.403,0.009250778544952695,0.0008843446343637531
4574.423,0.009253497995072937,0.0008845511912166916
4574.443,0.009256303919312522,0.0008847978857237724
4574.463,0.009258939407922728,0.0008850368674218104
4574.483,0.009261659945199091,0.0008852429358702748
4574.503,0.009263119695626397,0.0008854843846517385
4574.523,0.009265847904234164,0.0008856909556393061
4574.543,0.009268567565852044,0.0008859631220213891
4574.563,0.009269972509138042,0.0008861901490216313
4574.583,0.009272728860613817,0.0008863939932380263
4574.603,0.009275499342990986,0.0008866437248327109
4574.623,0.009278232751331154,0.0008868521138511421
4574.643,0.009280927713440853,0.0008871106196150098
4574.663,0.009282325391210346,0.0008873327664703323
4574.683,0.009285110570791684,0.000887558084689135
4574.703,0.009287763723787746,0.0008878090939363323
4574.723,0.009290488779177836,0.000888019530432635
4574.743,0.009291963135508698,0.0008882640951491953
4574.763,0.009294682592459098,0.000888470642129974
4574.783,0.009297488524406025,0.0008887173247299478
4574.803,0.009300124020060557,0.0008889562939356862
4574.823,0.009302844564114232,0.0008891623526113328
4574.843,0.009304304322053633,0.0008894037977696229
4574.863,0.009307032537543253,0.0008896103588497693
4574.883,0.009309752207555668,0.0008898825132263897
4574.903,0.009311157157637119,0.000890109535104571
4574.923,0.009313913516038962,0.0008903133694530806
4574.943,0.00931668400588975,0.0008905630892609561
4574.963,0.009319417421075817,0.0008907714682522661
4574.983,0.00932211239133112,0.0008910299602695468
4575.003,0.009323510075910129,0.000891252104591777
4575.023,0.009326295262737823,0.0008914774116889095
4575.043,0.009328948423168275,0.0008917284104295882
4575.063,0.009331673485424893,0.0008919388368524668
4575.083,0.00933314784949265,0.0008921833953578512
4575.103,0.009335867313269328,0.0008923899324668852
4575.123,0.00933867325292028,0.0008926366031605981
4575.143,0.009341308755616225,0.0008928755598747369
4575.163,0.009344029306443461,0.0008930816087781223
4575.183,0.009345489071892334,0.0008933230503129962
4575.203,0.009348217294259883,0.000893529601486107
4575.223,0.009350936972663135,0.0008938017438579959
4575.243,0.009352341929537825,0.0008940287606141546
4575.263,0.009355098294862408,0.0008942325850953213
4575.283,0.009357868792183342,0.0008944822931168498
4575.303,0.009360602214211602,0.0008946906620814823
4575.323,0.009363297192608661,0.0008949491403529861
4575.343,0.009364694883994606,0.0008951712821419909
4575.363,0.009367480078065378,0.0008953965781179565
4575.383,0.009370133245927073,0.0008956475663526029
4575.403,0.009372858315046528,0.0008958579827025911
4575.423,0.0093743326868483,0.0008961025349968843
4575.443,0.009377052157447555,0.0008963090622347574
4575.463,0.009379858104798959,0.0008965557210228184
4575.483,0.009382493614533204,0.0008967946652460702
4575.503,0.009385214172130462,0.0008970007043777282
4575.523,0.009386673945086292,0.0008972421422889283
4575.543,0.009389402174327984,0.0008974486835555173
4575.563,0.009392121861118475,0.0008977208139233137
4575.583,0.009393526824784094,0.000897947825557769
4575.603,0.009396283197027958,0.0008981516401721052
4575.623,0.00939905370181554,0.0008984013364078681
4575.643,0.009401787130682366,0.0008986096953464258
4575.663,0.009404482117217183,0.0008988681598728473
4575.683,0.00940587981540783,0.0008990902991285023
4575.703,0.009408665016718346,0.0008993155839839872
4575.723,0.009411318192008366,0.0008995665617132561
4575.743,0.009414043267987105,0.000899776967990926
4575.763,0.009415517647520005,0.0009000215140740938
4575.783,0.009418237124938264,0.0009002280314413416
4575.803,0.00942104307998682,0.0009004746783244211
4575.823,0.009423678596756205,0.0009007136100575087
4575.843,0.009426399161119935,0.0009009196394180109
4575.863,0.009427858941580124,0.0009011610737054253
4575.883,0.009430587177692167,0.0009013676050660291
4575.903,0.009433306872866237,0.0009016397234303817
4575.923,0.009434711843320443,0.0009018667299431867
4575.943,0.009437468222480237,0.0009020705346912479
4575.963,0.009440238734731082,0.0009023202191417503
4575.983,0.009442972170432714,0.0009025285680548108
4576.003,0.009445667165101247,0.000902787018836934
4576.023,0.00944706487009431,0.0009030091555591779
4576.043,0.00944985007864128,0.0009032344292948575
4576.063,0.00945250326135668,0.0009034853965192457
4576.083,0.009455228344191102,0.0009036957927250789
4576.103,0.009456702731451855,0.0009039403325972088
4576.123,0.00945942221568533,0.0009041468400942939
4576.143,0.009462228178427574,0.0009043934750730962
4576.163,0.0094648637022293,0.0009046323943168221
4576.183,0.009467584273355784,0.00090483841390665
4576.203,0.009469044061317627,0.0009050798445700537
4576.223,0.009471772304296217,0.0009052863660252297
4576.243,0.009474492007850228,0.0009055584723868159
4576.263,0.009475896985090843,0.0009057854737780282
4576.283,0.009478653371163166,0.0009059892686603775
4576.303,0.009481423890873742,0.0009062389413263627
4576.323,0.009484157333406625,0.0009064472802144088
4576.343,0.009486852336204905,0.0009067057172529565
4576.363,0.009488250047997613,0.000906927851441564
4576.383,0.009491035263777627,0.0009071531140580144
4576.403,0.00949368845391535,0.0009074040707780293
4576.423,0.009496413543601735,0.0009076144569127095
4576.443,0.009497887938587253,0.0009078589905737433
4576.463,0.009500607429632189,0.0009080654882012071
4576.483,0.009503413400064796,0.0009083121112764078
4576.503,0.009506048930895728,0.0009085510180314417
4576.523,0.009508769508781375,0.0009087570278511697
4576.543,0.009510229304242276,0.0009089984548902749
4576.563,0.009512957554083434,0.0009092049664404525
4576.583,0.00951567726601366,0.0009094770607998711
4576.603,0.009517082250038417,0.0009097040570697118
4576.623,0.0095198386430198,0.0009099078420869407
4576.643,0.009522609170186588,0.0009101575029687352
4576.663,0.009525342619546961,0.0009103658318323018
4576.683,0.009528037630470741,0.0009106242551280545
4576.703,0.009529435349060845,0.0009108463867829595
4576.723,0.009532220572070583,0.0009110716382808909
4576.743,0.009534873769627732,0.000911322584497103
4576.763,0.0095375988661625,0.0009115329605610869
4576.783,0.009539073268869748,0.00091177748801108
4576.803,0.009541792766722491,0.0009119839757694103
4576.823,0.009544598744841967,0.0009122305869417384
4576.843,0.00954723428269913,0.0009124694812088784
4576.863,0.009549954867340425,0.0009126754812590301
4576.883,0.009551414670297857,0.0009129169046735677
4576.903,0.009554142926998122,0.000913123406319323
4576.923,0.00955686264730109,0.0009133954886773749
4576.943,0.009558267638107559,0.0009136224798259116
4576.963,0.009561024037994734,0.0009138262549785527
4576.983,0.009563794572614314,0.000914075904076738
4577.003,0.009566528028798461,0.0009142842229163555
4577.023,0.009569223047844078,0.0009145426324701073
4577.043,0.009570620773229298,0.0009147647615911845
4577.063,0.009573406003465498,0.0009149900019711875
4577.083,0.009576059208438986,0.000915240937684047
4577.103,0.00957878431181847,0.0009154513036779466
4577.123,0.009580258722244436,0.0009156958249169527
4577.143,0.009582978226901281,0.0009159023028067633
4577.163,0.00958578421270424,0.0009161489020768623
4577.183,0.009588419757584534,0.0009163877838568189
4577.203,0.009591140348977723,0.0009165937741379552
4577.223,0.009592600159428883,0.0009168351939277319
4577.243,0.009595328422984245,0.0009170416856695651
4577.263,0.009598048151656189,0.0009173137560268335
4577.283,0.009599453149242178,0.000917540742054283
4577.303,0.009602209556031686,0.0009177445073427789
4577.323,0.009604980098100596,0.0009179941446580168
4577.343,0.009607713561104972,0.0009182024534742474
4577.363,0.009610408588268334,0.0009184608492867842
4577.383,0.009611806320446187,0.0009186829758739179
4577.403,0.009614591557905373,0.0009189082051366183
4577.423,0.00961724477029216,0.0009191591303466891
4577.443,0.009619969880512766,0.0009193694862710837
4577.463,0.00962144429865434,0.0009196140012990563
4577.483,0.009624163810111525,0.0009198204693207409
4577.503,0.009626969803594572,0.0009200670566893032
4577.523,0.009629605355494904,0.0009203059259828092
4577.543,0.009632325953636594,0.0009205119064954464
4577.563,0.009633785771579109,0.0009207533226603665
4577.583,0.009636514041985855,0.0009209598044987539
4577.603,0.009639233779023253,0.0009212318628559278
4577.623,0.009640638783386408,0.000921458843762204
4577.643,0.009643395197074935,0.0009216625991872702
4577.663,0.009646165746589597,0.0009219122247199871
4577.683,0.009648899216410479,0.0009221205235133068
4577.703,0.00965159425168759,0.0009223789055853123
4577.723,0.009652991990655536,0.0009226010296383394
4577.743,0.00965577723533452,0.0009228262477844125
4577.763,0.009658430455131605,0.0009230771624922423
4577.783,0.009661155572189724,0.0009232875083476523
4577.803,0.009662629998044073,0.0009235320171647246
4577.823,0.009665349516297848,0.000923738475318791
4577.843,0.00966815551745762,0.0009239850507865144
4577.863,0.009670791076375092,0.000924223907594326
4577.883,0.009673511681261616,0.0009244298783390143
4577.903,0.0096749715066929,0.0009246712908787633
4577.923,0.009677699783947225,0.0009248777628142199
4577.943,0.009680419529346534,0.0009251498091719879
4577.963,0.009681824540484513,0.0009253767849573322
4577.983,0.009684580961068601,0.0009255805305193633
4578.003,0.009687351518025727,0.0009258301442702385
4578.023,0.009690084994659471,0.0009260384330412392
4578.043,0.009692780038046283,0.0009262968013734634
4578.063,0.009694177783802115,0.0009265189228923295
4578.083,0.00969696303569751,0.0009267441299224133
4578.103,0.009699616262901986,0.0009269950341284179
4578.123,0.009702341386793916,0.0009272053699153834
4578.143,0.009703815820357713,0.0009274498725214424
4578.163,0.009706535345404478,0.0009276563208084047
4578.183,0.009709341354237504,0.0009279028843759544
4578.203,0.009711976920168994,0.0009281417286987769
4578.223,0.009714697531796646,0.0009283476896759673
4578.243,0.009716157364713984,0.0009285890985903189
4578.263,0.009718885648812133,0.0009287955606233954
4578.283,0.00972160540256957,0.0009290675949824344
4578.303,0.009723010420480224,0.0009292945656470171
4578.323,0.009725766847956532,0.0009294983013466491
4578.343,0.009728537412352457,0.000929747903316094
4578.363,0.009731270895795341,0.0009299561820653271
4578.383,0.009733965947287919,0.0009302145366585825
4578.403,0.009735363699829132,0.0009304366556431234
4578.423,0.009738148958937536,0.000930661851557821
4578.443,0.00974080219354631,0.0009309127452626976
4578.463,0.009743527324268593,0.0009311230709818147
4578.483,0.009745001765538847,0.0009313675673769464
4578.503,0.009747721297374883,0.000931574005797401
4578.523,0.009750527313877846,0.0009318205574655439
4578.543,0.009753162886820474,0.0009320593893041642
4578.563,0.009755883505185792,0.0009322653405145428
4578.583,0.009757343345586693,0.0009325067458033328
4578.603,0.009760071636524908,0.0009327131979344507
4578.623,0.009762791398637005,0.0009329852202954296
4578.643,0.009764196423317845,0.0009332121858392772
4578.663,0.009766952857682872,0.0009334159116769187
4578.683,0.009769723429514314,0.000933665501865617
4578.703,0.009772456919762761,0.0009338737705935687
4578.723,0.00977515197935723,0.000934132111448659
4578.743,0.009776549738681448,0.0009343542278987622
4578.763,0.00977933500499965,0.0009345794126987133
4578.783,0.009781988247009862,0.0009348302959029133
4578.803,0.009784713384558698,0.0009350406115547698
4578.823,0.00978618783353244,0.0009352851017390113
4578.843,0.009788907372153998,0.0009354915302933902
4578.863,0.009791713396323513,0.0009357380700627289
4578.883,0.009794348976274039,0.0009359768894178105
4578.903,0.00979706960137338,0.0009361828308618241
4578.923,0.009798529449255081,0.00093642423252477
4578.943,0.009801257747029432,0.0009366306747545677
4578.963,0.009803977517492339,0.0009369026851181147
4578.983,0.009805382548941352,0.0009371296455414326
4579.003,0.009808138990191853,0.0009373333615177997
4579.023,0.00981090956945515,0.0009375829399262812
4579.043,0.009813643066505368,0.0009377911986335405
4579.063,0.009816338134197498,0.0009380495257511481
4579.083,0.009817735900302368,0.0009382716396666508
4579.103,0.00982052117382698,0.0009384968133525478
4579.123,0.00982317442323551,0.0009387476860566268
4579.143,0.009825899567607356,0.0009389579916416884
4579.163,0.009827374024281459,0.0009392024756150028
4579.183,0.009830093569684787,0.0009394088943038963
4579.203,0.009832899601517321,0.000939655422175147
4579.223,0.0098355351884729,0.0009398942290474913
4579.243,0.009838255820302691,0.0009401001607256956
4579.263,0.00983971567566258,0.0009403415587625558
4579.283,0.009842443980269316,0.000940547991091423
4579.303,0.009845163759079515,0.000940819989458323
4579.323,0.009846568797294182,0.0009410469447612143
4579.343,0.009849325245426685,0.0009412506508767808
4579.363,0.00985209583211846,0.0009415002175055743
4579.383,0.00985482933596683,0.0009417084661926487
4579.403,0.009857524411752767,0.0009419667795735744
4579.423,0.00985892218463567,0.0009421888909544563
4579.443,0.00986170746536338,0.0009424140535269215
4579.463,0.009864360722167249,0.0009426649157313212
4579.483,0.009867085873358526,0.0009428752112502089
4579.503,0.009868560337729995,0.0009431196890126491
4579.523,0.009871279889911554,0.0009433260978365534
4579.543,0.009874085929403767,0.0009435726138103629
4579.563,0.009876721523361255,0.0009438114082006663
4579.583,0.009879442161917818,0.0009440173301136208
4579.603,0.009880902024753418,0.0009442587245241646
4579.623,0.009883630336188814,0.0009444651469526626
4579.643,0.009886350123342744,0.0009447371333234239
4579.663,0.009887755168320814,0.0009449640835059761
4579.683,0.00989051162333197,0.0009451677797612927
4579.703,0.009893282217448684,0.0009454173346108905
4579.723,0.009896015728091442,0.0009456255732783066
4579.743,0.009898710811967037,0.0009458838729232818
4579.763,0.009900108591625805,0.0009461059817693239
4579.783,0.009902893879553242,0.0009463311332289071
4579.803,0.00990554714374952,0.0009465819849342988
4579.823,0.009908272301756407,0.0009467922703876033
4579.843,0.009909746773822108,0.0009470367419391783
4579.863,0.009912466332778019,0.0009472431408985638
4579.883,0.009915272379926517,0.0009474896449756594
4579.903,0.009917907980882924,0.0009477284268847007
4579.923,0.009920628626162772,0.0009479343390329146
4579.943,0.009922088496471443,0.0009481757298170136
4579.963,0.009924816814731698,0.0009483821423456002
4579.983,0.009927536610225648,0.0009486541167209913
4580.003,0.009928941661964844,0.0009488810617833248
4580.023,0.009931698123851248,0.0009490847481788896
4580.043,0.009934468725389521,0.000949334291249977
4580.063,0.009937202242823153,0.0009495425198983007
4580.083,0.009939897334784696,0.0009498008058081129
4580.103,0.009941295121216834,0.0009500229121192426
4580.123,0.009944080416340744,0.0009502480524667175
4580.143,0.009946733687926364,0.0009504988936735792
4580.163,0.009949458852745462,0.0009507091690618257
4580.183,0.00995093333250224,0.0009509536344025723
4580.203,0.009953652898228884,0.0009511600234980227
4580.223,0.009956458953030337,0.0009514065156791054
4580.243,0.009959094560982606,0.0009516452851076016
4580.263,0.009961815212982044,0.0009518511874916244
4580.283,0.009963275090761243,0.0009520925746490921
4580.303,0.009966003415842414,0.0009522989772783805
4580.323,0.009968723219672765,0.0009525709396590449
4580.343,0.00997012827817086,0.000952797879601322
4580.363,0.009972884746929159,0.0009530015561377335
4580.383,0.009975655355885533,0.0009532510874308093
4580.403,0.009978388880106347,0.0009534593060605953
4580.423,0.009981083980149758,0.0009537175782360122
4580.443,0.009982481773352894,0.0009539396820121475
4580.463,0.009985267075669855,0.0009541648112480199
4580.483,0.009987920354641903,0.0009544156419568342
4580.503,0.009990645526269524,0.0009546259072805888
4580.523,0.009992120013714686,0.0009548703664105397
4580.543,0.009994839586208417,0.0009550767456425849
4580.563,0.009997645648659358,0.0009553232259282947
4580.583,0.01000028126360468,0.000955561982877067
4580.603,0.010003001922320155,0.0009557678754974237
4580.623,0.010004461807567252,0.0009560092590279231
4580.643,0.010007190139465813,0.0009562156517583409
4580.663,0.010009909951629061,0.0009564876021449445
4580.683,0.01001131501688365,0.0009567145369673213
4580.703,0.01001407149251042,0.000956918203645137
4580.723,0.010016842108881336,0.0009571677231606934
4580.743,0.010019575639885661,0.0009573759317724787
4580.763,0.010022270748006878,0.0009576341902142548
4580.783,0.010023668547978575,0.0009578562914552361
4580.803,0.010026453857485254,0.0009580814095801953
4580.823,0.010029107143840643,0.0009583322297915728
4580.843,0.010031832322273195,0.0009585424850514015
4580.863,0.010033306817403428,0.0009587869379705052
4580.883,0.010036026396660448,0.0009589933073395244
4580.903,0.010038832466757422,0.0009592397757305932
4580.923,0.010041468088692402,0.0009594785202002279
4580.943,0.010044188754120362,0.0009596844030574879
4580.963,0.010045648646832751,0.0009599257829608644
4580.983,0.010048376985544775,0.0009601321657929482
4581.003,0.010051096806037309,0.0009604041041861964
4581.023,0.010052501878046138,0.0009606310338887345
4581.043,0.01005525836053802,0.0009608346907084454
4581.063,0.010058028984320129,0.0009610841984471028
4581.083,0.01006076252210428,0.0009612923970413667
4581.103,0.010063457638299255,0.0009615506417502005
4581.123,0.010064855445037234,0.0009617727404559223
4581.143,0.010067640761730438,0.0009619978474706672
4581.163,0.010070294055466222,0.0009622486571850353
4581.183,0.010073019240700028,0.0009624589023814617
4581.203,0.010074493743512398,0.0009627033490897919
4581.223,0.01007721332952909,0.0009629097085964726
4581.243,0.010080019407268794,0.0009631561650935874
4581.263,0.010082655036190605,0.0009633948970849274
4581.283,0.010085375708327429,0.0009636007701795825
4581.303,0.01008683560850248,0.000963842146455483
4581.323,0.010089563954024144,0.000964048519389729
4581.343,0.010092283782842167,0.0009643204457902767
4581.363,0.010093688861602956,0.0009645473703730556
4581.383,0.010096445350956534,0.0009647510173352296
4581.403,0.010099215982146262,0.0009650005132975487
4581.423,0.010101949526706556,0.0009652087018749075
4581.443,0.010104644650971356,0.000965466932851669
4581.463,0.010106042464473022,0.0009656890290219275
4581.483,0.010108827788349387,0.000965914124927042
4581.503,0.010111481089462613,0.0009661649241449988
4581.523,0.010114206281494013,0.0009663751592786276
4581.543,0.01011568079198535,0.0009666195997762219
4581.563,0.010118400384757972,0.0009668259494209797
4581.583,0.010121206470136913,0.0009670723940248073
4581.603,0.010123842106042606,0.0009673111135385644
4581.623,0.01012656278488466,0.0009675169768711729
4581.643,0.010128022692519764,0.0009677583495195135
4581.663,0.010130751044847335,0.00096796471255643
4581.683,0.01013347088198727,0.0009682366269649734
4581.703,0.010134875967497774,0.0009684635464282183
4581.723,0.010137632463709741,0.0009686671835334238
4581.743,0.010140403102303693,0.0009689166677198939
4581.763,0.010143136653636482,0.0009691248462808526
4581.783,0.010145831785967115,0.0009693830635262585
4581.803,0.010147229606230206,0.000969605157161005
4581.823,0.010150014937286324,0.0009698302419571336
4581.843,0.010152668245773957,0.0009700810306791735
4581.863,0.010155393444599422,0.0009702912557505472
4581.883,0.010156867962766752,0.0009705356900374291
4581.903,0.010159587562291635,0.000970742029820786
4581.923,0.010162393655306537,0.0009709884625320078
4581.943,0.010165029298192931,0.0009712271695689161
4581.963,0.010167749983736683,0.0009714330231400177
4581.983,0.010169209898829416,0.0009716743921606341
4582.003,0.010171938257959243,0.0009718807453007387
4582.023,0.01017465810341769,0.0009721526477178871
4582.043,0.010176063195675551,0.0009723795620615737
4582.063,0.010178819698742476,0.0009725831893103293
4582.083,0.010181590344737229,0.0009728326617216323
4582.103,0.010184323902838969,0.0009730408302666953
4582.123,0.010187019043231636,0.0009732990337814922
4582.143,0.010188416870253729,0.0009735211248805935
4582.163,0.01019120220848634,0.000973746198568344
4582.183,0.010193855524345423,0.000973996976795035
4582.203,0.010196580729961373,0.0009742071918046888
4582.223,0.010198055255801735,0.0009744516198808223
4582.243,0.010200774862075067,0.0009746579498032796
4582.263,0.010203580962722482,0.0009749043706225704
4582.283,0.010206216612586697,0.0009751430651833591
4582.303,0.010208937304828577,0.0009753489089934798
4582.323,0.0102103972273762,0.0009755902743860065
4582.343,0.010213125593304322,0.0009757966176298075
4582.363,0.01021584544707738,0.0009760685080562749
4582.383,0.010217250546080466,0.0009762954172806841
4582.403,0.010220007055999028,0.0009764990346736169
4582.423,0.010222777709390965,0.0009767484953101054
4582.443,0.010225511274257845,0.0009769566538398138
4582.463,0.010228206422708414,0.0009772148436247826
4582.483,0.010229604256487036,0.0009774369321880834
4582.503,0.01023238960189278,0.0009776619947682074
4582.523,0.010235042925120279,0.0009779127625000334
4582.543,0.010237768137522987,0.0009781229674485701
4582.563,0.010239242671033235,0.0009783673893140404
4582.583,0.010241962284051356,0.0009785737093760917
4582.603,0.010244768392327894,0.00097882011830421
4582.623,0.010247404049166915,0.000979058800389584
4582.643,0.010250124748103315,0.0009792646344392781
4582.663,0.010251584678103283,0.0009795059962036318
4582.683,0.01025431305082605,0.0009797123295517275
4582.703,0.01025703291291032,0.0009799842079881486
4582.723,0.01025843801865619,0.0009802111120932348
4582.743,0.010261194535422902,0.0009804147196308221
4582.763,0.010263965196208678,0.000980664168493228
4582.783,0.010266698767837087,0.0009808723170081396
4582.803,0.010269393924341463,0.0009811304930640245
4582.823,0.010270791764874332,0.000981352579091466
4582.843,0.010273577117449854,0.0009815776305644877
4582.863,0.010276230448042732,0.0009818283878020046
4582.883,0.010278955667228681,0.0009820385826899806
4582.903,0.010280430208405723,0.0009822829983447672
4582.923,0.0102831498281651,0.0009824893085470172
4582.943,0.01028595594406733,0.0009827357055845816
4582.963,0.010288591607877956,0.000982974375195368
4582.983,0.010291312313505219,0.0009831801994851681
4583.003,0.010292772250954891,0.0009834215576210474
4583.023,0.010295500630468416,0.0009836278810738293
4583.043,0.01029822050086008,0.0009838997475209326
4583.063,0.01029962561334647,0.0009841266465070047
4583.083,0.010302382136958065,0.0009843302441897566
4583.103,0.010305152805134086,0.0009845796812785069
4583.123,0.01030788638352036,0.0009847878197791764
4583.143,0.010310581548074762,0.0009850459821067168
4583.163,0.010311979395359345,0.0009852680655981565
4583.183,0.010314764755101475,0.0009854931059647258
4583.203,0.010317418093056877,0.0009857438527084426
4583.223,0.010320143319022392,0.0009859540375364022
4583.243,0.010321617867863161,0.0009861984469804758
4583.263,0.010324337494359882,0.0009864047473234073
4583.283,0.010327143617884487,0.0009866511324711333
4583.303,0.010523801255105623,0.00048284934442294506
4583.323,0.01131469950777323,-0.0012169721467232318
4583.343,0.011743464812140336,-0.0035913572906074594
4583.363,0.01164419144655093,-0.0062733325684630175
4583.383,0.011471843106121898,-0.008967472102595141
4583.403,0.011251041817010522,-0.011658062436815594
4583.423,0.010981850176992974,-0.014344234620642052
4583.443,0.010664355797276634,-0.017025118106821162
4583.463,0.010298662067113377,-0.01969984412142325
4583.483,0.009884888009293168,-0.02236754598088308
4583.503,0.009423168233174694,-0.0250273593722731
4583.523,0.008913652883935638,-0.02767842263187255
4583.543,0.008356507586937883,-0.03031987702241061
4583.563,0.007751913387229872,-0.032950867008953305
4583.583,0.007100066684218413,-0.03557054053338765
4583.603,0.006401179161542654,-0.03817804928744687
4583.623,0.005655477712183318,-0.04077254898420961
4583.643,0.004863204358842913,-0.043353199627998606
4583.663,0.004024616169637649,-0.045919165782594695
4583.683,0.0031399851691452235,-0.04846961683767617
4583.703,0.002209598244861437,-0.051003727273387006
4583.723,0.0012337570491240332,-0.053520676922932026
4583.743,0.00021277789657050267,-0.056019651233096567
4583.763,-0.0008530083427935736,-0.05849984152258357
4583.783,-0.001963256354831952,-0.06096044523806439
4583.803,-0.0031176064967278795,-0.06340066620783856
4583.823,-0.004315684916545416,-0.06581971489300487
4583.843,-0.005557103676793521,-0.06821680863605013
4583.863,-0.006841460881877495,-0.07059117190677144
4583.883,-0.008168340809318005,-0.07294203654545606
4583.903,-0.009537314044615247,-0.07526864200325897
4583.923,-0.010947937619635088,-0.07757023557972771
4583.943,-0.01239975515439644,-0.07984607265744482
4583.963,-0.01389229700214496,-0.0820954169337719
4583.983,-0.015425080397607864,-0.08431754064969955
4584.003,-0.01699760960833658,-0.086511724815827
4584.023,-0.01860937608906051,-0.08867725943551183
4584.043,-0.020259858638997527,-0.09081344372525145
4584.063,-0.021948523562088866,-0.09291958633237193
4584.083,-0.023674824830153776,-0.0949950055501152
4584.103,-0.025438204248989016,-0.09703902953022574
4584.123,-0.027238091627470463,-0.09905099649314603
4584.143,-0.029073904949742834,-0.10103025493592827
4584.163,-0.03094505055061881,-0.10297616383797031
4584.183,-0.0328509232943332,-0.10488809286466899
4584.203,-0.03479090675682647,-0.10676542256907057
4584.223,-0.03676437341175097,-0.10860754459157398
4584.243,-0.038770684820406826,-0.11041386185771303
4584.263,-0.040809191825822225,-0.11218378877400978
4584.283,-0.04287923475118986,-0.11391675142185376
4584.303,-0.04498014360286004,-0.11561218774931788
4584.323,-0.047111238278072544,-0.11726954776078083
4584.343,-0.049271828777577895,-0.11888829370418125
4584.363,-0.05146121542326362,-0.1204679002556895
4584.383,-0.05367868908085442,-0.12200785470154517
4584.403,-0.055923531387707226,-0.12350765711677586
4584.423,-0.05819501498566717,-0.12496682054049095
4584.443,-0.060492403758895405,-0.12638487114742347
4584.463,-0.06281495307652557,-0.12776134841538994
4584.483,-0.06516191003995334,-0.12909580528833475
4584.503,-0.0675325137345149,-0.13038780833463925
4584.523,-0.06992599548527186,-0.13163693790039238
4584.543,-0.07234157911658488,-0.13284278825734744
4584.563,-0.07477848121513438,-0.1340049677453201
4584.583,-0.07723591139603228,-0.13512309890882201
4584.603,-0.07971307257166368,-0.13619681862776264
4584.623,-0.08220916122289909,-0.13722577824209647
4584.643,-0.08472336767233167,-0.13820964367033106
4584.663,-0.08725487635921228,-0.1391480955218547
4584.683,-0.08980286611578024,-0.14004082920307714
4584.703,-0.09236651044471664,-0.14088755501741151
4584.723,-0.09494497779748236,-0.14168799825915235
4584.743,-0.09753743185333259,-0.14244189930132933
4584.763,-0.10014303179883796,-0.14314901367763183
4584.783,-0.10276093260777419,-0.14380911215851339
4584.803,-0.10539028532127119,-0.14442198082159008
4584.823,-0.108030237328143,-0.1449874211164504
4584.843,-0.11067993264534352,-0.14550524992399105
4584.863,-0.1133385121985116,-0.14597529961038785
4584.883,-0.11600511410258708,-0.1463974180758026
4584.903,-0.11867887394249066,-0.14677146879791617
4584.923,-0.12135892505386736,-0.14709733087036608
4584.943,-0.12404439880389938,-0.14737489903615467
4584.963,-0.12673442487219272,-0.14760408371608064
4584.983,-0.12942813153174212,-0.14778481103223537
4585.003,-0.13212464592997322,-0.1479170228265925
4585.023,-0.13482309436985454,-0.1480006766747103
4585.043,-0.13752260259018254,-0.14803574585403415
4585.063,-0.14021896367085182,-0.14802910361401544
4585.083,-0.1429138326418554,-0.1479812110990426
4585.103,-0.14560793550388573,-0.14788294704396743
4585.123,-0.14829914980193293,-0.14773832106097942
4585.143,-0.15098721280217425,-0.14754517361025996
4585.163,-0.15367140762616083,-0.14730169865271414
4585.183,-0.15635016085119133,-0.14701206042589318
4585.203,-0.15902318987242703,-0.1466741217457692
4585.223,-0.1616897192245737,-0.14628614422572844
4585.243,-0.16434827275280528,-0.14585232268951268
4585.263,-0.1669985308883788,-0.14537057203669076
4585.283,-0.16963968360872198,-0.1448392111249781
4585.303,-0.17227035978712818,-0.1442624604643787
4585.323,-0.1748901943451728,-0.1436382888778476
4585.343,-0.17749833847037635,-0.1429650789240815
4585.363,-0.18009353120102836,-0.1422470656867726
4585.383,-0.18267536375062896,-0.14148227489436604
4585.403,-0.18524295614931974,-0.14066915918232134
4585.423,-0.1877951543498543,-0.13981195721688233
4585.443,-0.1903315086751179,-0.1389087548020529
4585.463,-0.19353106303950598,-0.13972619227933122
4585.483,-0.19788627677693102,-0.1436169541056953
4585.503,-0.20226835244076297,-0.14932444600611156
4585.523,-0.20647726912288994,-0.15665406682423122
4585.543,-0.21050999938612938,-0.16550551560890106
4585.563,-0.21449958555385218,-0.17467645087938605
4585.583,-0.21847771669552501,-0.1840818301978906
4585.603,-0.22246597517965808,-0.1938371960810909
4585.623,-0.22644456613288494,-0.20303865262324555
4585.643,-0.23042148168063176,-0.21225689375595158
4585.663,-0.23440249635457824,-0.22142998200765546
4585.683,-0.23838362307631042,-0.23060377374442748
4585.703,-0.24236504160819258,-0.23977888265495498
4585.723,-0.246345585016158,-0.24895405687277603
4585.743,-0.25032640509012266,-0.25812919417769087
4585.763,-0.254307144427283,-0.2673040465366198
4585.783,-0.2582879519810035,-0.2764791493144888
4585.803,-0.2622686781965008,-0.2856534582085801
4585.823,-0.26624838378224797,-0.29483129187633117
4585.843,-0.270228817443508,-0.3040082007401088
4585.863,-0.27420820441261895,-0.3131865991424816
4585.883,-0.2781880612324002,-0.32236444432416317
4585.903,-0.28216753317946397,-0.3315428132869106
4585.923,-0.28614698042933706,-0.3407266483400035
4585.943,-0.29012601418639505,-0.3499043972209717
4585.963,-0.29410509028849013,-0.35908227228443446
4585.983,-0.2980846336997219,-0.3682588567928602
4586.003,-0.3020636519207822,-0.3774413465831494
4586.023,-0.3060432639040386,-0.3866173483858
4586.043,-0.3100218411492713,-0.3957988090930278
4586.063,-0.31400102659246737,-0.4049725544005137
4586.083,-0.3179802145769536,-0.41414630126944846
4586.103,-0.32195939287047154,-0.4233200533512046
4586.123,-0.32593856138092075,-0.4324938106741885
4586.143,-0.32991772011723797,-0.4416675732308153
4586.163,-0.3338968690839158,-0.45084134100607137
4586.183,-0.33787600828029574,-0.46001511397774913
4586.203,-0.34185513770083326,-0.46918889211653686
4586.223,-0.34583425733540774,-0.4783626753861858
4586.243,-0.3498133671696673,-0.4875364637437508
4586.263,-0.3537924671854046,-0.49671025713990374
4586.283,-0.3577715573609595,-0.5058840555193159
4586.303,-0.36175063767164817,-0.5150578588211068
4586.323,-0.3657297080902111,-0.5242316669793498
4586.343,-0.3697087685872782,-0.5334054799236366
4586.363,-0.37368781913184645,-0.5425792975796885
4586.383,-0.3776668596917651,-0.5517531198700111
4586.403,-0.38164589023422457,-0.5609269467145852
4586.423,-0.38562491072624383,-0.570100778031586
4586.443,-0.38960392113515335,-0.579274613738126
4586.463,-0.39358292142906687,-0.5884484537510093
4586.483,-0.3975619115773388,-0.5976222979874937
4586.503,-0.4015408915510038,-0.6067961463660522
4586.523,-0.4055198613231923,-0.6159699988071233
4586.543,-0.40949882086952083,-0.6251438552338467
4586.563,-0.41347777016844967,-0.6343177155727728
4586.583,-0.41745670920160943,-0.6434915797545423
4586.603,-0.42143563795408967,-0.6526654477145268
4586.623,-0.4254145564146877,-0.6618393193934246
4586.643,-0.4293934645761169,-0.6710131947378046
4586.663,-0.43337277710510747,-0.6801922291393719
4586.683,-0.43735028637942436,-0.6893701661659083
4586.703,-0.4413289701877578,-0.6985441523408141
4586.723,-0.4453076592690509,-0.707718118653305
4586.743,-0.4492863377487899,-0.7168920884589626
4586.763,-0.45326500553637866,-0.7260660619706512
4586.783,-0.457243662672844,-0.735240039178485
4586.803,-0.46122230920330787,-0.7444140200785552
4586.823,-0.4652009451757843,-0.7535880046751317
4586.843,-0.46917957064097265,-0.7627619929805056
4586.863,-0.47315788658478075,-0.771936592123509
4586.883,-0.4771317659028129,-0.7811251135064847
4586.903,-0.4811092790577842,-0.7903073464780876
4586.923,-0.48508661209201703,-0.799482187648345
4586.943,-0.48906345750583446,-0.8086607320947248
4586.963,-0.49304128133091013,-0.8178379173109813
4586.983,-0.4970189828508718,-0.8270144061135152
4587.003,-0.5009967891540672,-0.8361898348724789
4587.023,-0.5049744927111746,-0.8453664510473394
4587.043,-0.5089525653982857,-0.8545414395999508
4587.063,-0.5129292685596544,-0.8637210298200524
4587.083,-0.516906058588852,-0.8729003034531623
4587.103,-0.5208827147736625,-0.8820796526345938
4587.123,-0.5248593240494235,-0.8912577982559995
4587.143,-0.5288357815663469,-0.9004365814986467
4587.163,-0.5328121949601236,-0.9096192941983718
4587.183,-0.5367879681953432,-0.9188016427422873
4587.203,-0.5407639266988444,-0.927980827821952
4587.223,-0.5447398574650197,-0.9371600747931803
4587.243,-0.5487164651292162,-0.9463375650982496
4587.263,-0.5526927326875058,-0.9555208739661482
4587.283,-0.5566684013799041,-0.9647051523780131
4587.303,-0.5606443103823857,-0.9738803042547413
4587.323,-0.5646203595451389,-0.983055411111184
4587.343,-0.5685964000018818,-0.9922305228873977
4587.363,-0.572572430684829,-1.0014056398926896
4587.383,-0.5765484515979606,-1.0105807621280762
4587.403,-0.5805244627492875,-1.0197558895850178
4587.423,-0.5845004641415903,-1.0289310222477281
4587.443,-0.5884764557725752,-1.0381061600932149
4587.463,-0.5924524376351505,-1.0472813030913848
4587.483,-0.5964284097177415,-1.0564564512052228
4587.503,-0.6004043720046374,-1.0656316043910454
4587.523,-0.6043803244763717,-1.0748067625988278
4587.543,-0.6083562671101278,-1.0839819257725978
4587.563,-0.6123321998801686,-1.0931570938508957
4587.583,-0.6163081227582868,-1.1023322667672901
4587.603,-0.620284035714271,-1.1115074444509534
4587.623,-0.6242599387163833,-1.1206826268272785
4587.643,-0.6282358317318437,-1.1298578138185427
4587.663,-0.6322117147273181,-1.1390330053446047
4587.683,-0.6361875876694044,-1.1482082013236288
4587.703,-0.640163450525111,-1.1573834016728295
4587.723,-0.6441393032623267,-1.1665586063092301
4587.743,-0.6481151458502735,-1.175733815150426
4587.763,-0.6520909782599422,-1.184909028115343
4587.783,-0.6560668004645016,-1.1940842451249896
4587.803,-0.6600426124396837,-1.2032594661031872
4587.823,-0.6640184141641345,-1.2124346909772772
4587.843,-0.6679942056197348,-1.2216099196787922
4587.863,-0.67196998679188,-1.2307851521440938
4587.883,-0.6759457576697226,-1.2399603883149592
4587.903,-0.6799212593189822,-1.2491377767752445
4587.923,-0.6838969386908437,-1.2583130786231196
4587.943,-0.6878726215859399,-1.2674883500008731
4587.963,-0.6918482938064052,-1.2766636248049636
4587.983,-0.6958239552815642,-1.2858389033454618
4588.003,-0.6997996060459306,-1.2950141855989352
4588.023,-0.7037752461379668,-1.3041894715467282
4588.043,-0.7077508755993192,-1.3133647611784656
4588.063,-0.7117264944746917,-1.3225400544920503
4588.083,-0.7157021028116803,-1.3317153514935447
4588.103,-0.7196777006605656,-1.3408906521969757
4588.123,-0.7236535494904834,-1.3500677295300394
4588.143,-0.7276242555864034,-1.3592604640059587
4588.163,-0.7315977336875911,-1.3684400259707228
4588.183,-0.735572499296374,-1.377617754685199
4588.203,-0.7395460356888717,-1.386796119093728
4588.223,-0.7435209024141614,-1.3959746928300818
4588.243,-0.7474956298923067,-1.4051523888305395
4588.263,-0.7514703194058424,-1.41433009495711
4588.283,-0.7554450794316254,-1.42350783324801
4588.303,-0.7594198384594363,-1.4326835826064095
4588.323,-0.7633938247442429,-1.4418642879889534
4588.343,-0.7673676121326698,-1.451044781327554
4588.363,-0.7713410892816178,-1.4602256000061897
4588.383,-0.7753145670738097,-1.4694062705592248
4588.403,-0.7792879067358435,-1.4785870191713921
4588.423,-0.7832610588327796,-1.4877708982050986
4588.443,-0.7872339185551033,-1.4969537127599946
4588.463,-0.791206868186569,-1.5061342278584604
4588.483,-0.7951799468103812,-1.5153142947556457
4588.503,-0.7991537515201265,-1.524497364927501
4588.523,-0.8031262413876763,-1.5336773362122824
4588.543,-0.8070991337318114,-1.5428630187319565
4588.563,-0.8110721138175482,-1.5520394477417572
4588.583,-0.815045133579341,-1.5612158671374656
4588.603,-0.8190181439691373,-1.5703922916401394
4588.623,-0.8229911445763782,-1.5795687213720084
4588.643,-0.8269641354098598,-1.588745156331478
4588.663,-0.8309371164766776,-1.5979215965088394
4588.683,-0.8349100877786886,-1.6070980418871417
4588.703,-0.838883049312724,-1.616274492442239
4588.723,-0.8428560010708727,-1.6254509481429034
4588.743,-0.8468289430408005,-1.6346274089510182
4588.763,-0.8508018752061032,-1.6438038748218482
4588.783,-0.8547747975466921,-1.6529803457043704
4588.803,-0.8587477100392004,-1.662156821541687
4588.823,-0.8627206126574196,-1.6713333022714911
4588.843,-0.866693505372751,-1.6805097878265924
4588.863,-0.8706663881546727,-1.6896862781355029
4588.883,-0.8746392609712199,-1.6988627731230612
4588.903,-0.8786121237894692,-1.7080392727111013
4588.923,-0.8825849765760254,-1.7172157768191567
4588.943,-0.8865578192975077,-1.7263922853651874
4588.963,-0.8905306519210257,-1.7355687982663286
4588.983,-0.894503474414647,-1.7447453154396495
4589.003,-0.8984762867478467,-1.7539218368029181
4589.023,-0.9024490888919382,-1.7630983622753589
4589.043,-0.9064218808204796,-1.772274891778401
4589.063,-0.9103946625096523,-1.7814514252364062
4589.083,-0.9143674339386064,-1.7906279625773707
4589.103,-0.9183401950897755,-1.7998045037335935
4589.123,-0.92231294594915,-1.8089810486423004
4589.143,-0.9262856865065118,-1.8181575972462287
4589.163,-0.9302581243873779,-1.8273363295704277
4589.183,-0.934230783905637,-1.8365129200953978
4589.203,-0.9382034363024059,-1.845689503727498
4589.223,-0.9421760779472451,-1.8548660910166075
4589.243,-0.9461487088473246,-1.864042682037279
4589.263,-0.9501213290381392,-1.873219276765082
4589.283,-0.9540939385585872,-1.8823958751827738
4589.303,-0.9580665374507311,-1.8915724772814195
4589.323,-0.9620391257596682,-1.9007490830603468
4589.343,-0.9660117035333572,-1.9099256925270136
4589.363,-0.9699842708224038,-1.9191023056968035
4589.383,-0.9739559515887102,-1.9282842831088387
4589.403,-0.9779243788286742,-1.937475433929252
4589.423,-0.9818950539125662,-1.946655683997072
4589.443,-0.9858669044308955,-1.9558344589040861
4589.463,-0.989836964058898,-1.9650150238855928
4589.483,-0.9938091207937595,-1.9741942176638207
4589.503,-0.9977808105932476,-1.9833732934056918
4589.523,-1.0017524407854876,-1.992552409482938
4589.543,-1.0057240407183616,-2.0017315395042394
4589.563,-1.009695332933891,-2.0109096192434417
4589.583,-1.0136667389974818,-2.020090481444634
4589.603,-1.0176370832768662,-2.029272823524149
4589.623,-1.021607907831069,-2.0384546086867723
4589.643,-1.0255780437207,-2.0476369897742663
4589.663,-1.0295486625157984,-2.056818514600409
4589.683,-1.0335187458547042,-2.0660047242976187
4589.703,-1.0374887374099275,-2.075188118775465
4589.723,-1.0414586451235763,-2.084369972881863
4589.743,-1.0454284667089733,-2.09355110082321
4589.763,-1.0493993891256428,-2.102737018839545
4589.783,-1.0533693186958075,-2.1119182453187344
4589.803,-1.0573385158938016,-2.121103763399018
4589.823,-1.0613084886433453,-2.1302814974463526
4589.843,-1.0652784754985163,-2.139459229640073
4589.863,-1.069248452754272,-2.1486369670037986
4589.883,-1.0732184202197126,-2.1578147095970017
4589.903,-1.0771883779047164,-2.1669924574163955
4589.923,-1.0811583258155553,-2.1761702104510485
4589.943,-1.085128263953283,-2.185347968682791
4589.963,-1.0890981923139735,-2.1945257320862708
4589.983,-1.093068110889008,-2.2037035006290773
4590.003,-1.0970380196654026,-2.212881274271955
4590.023,-1.1010079186261665,-2.2220590529690725
4590.043,-1.1049778077506882,-2.2312368366683804
4590.063,-1.1089476870151513,-2.2404146253120225
4590.083,-1.1129175563929699,-2.249592418836817
4590.103,-1.1168874158552446,-2.258770217174795
4590.123,-1.1208572653712316,-2.2679480202537863
4590.143,-1.1248271049088245,-2.2771258279980575
4590.163,-1.128796934435038,-2.286303640328988
4590.183,-1.132766753916494,-2.29548145716577
4590.203,-1.1367365633199078,-2.3046592784261506
4590.223,-1.1407063626125629,-2.3138371040271775
4590.243,-1.1446761517627735,-2.32301493388596
4590.263,-1.148645930740334,-2.3321927679204326
4590.283,-1.1526156995169425,-2.3413706060501127
4590.303,-1.1565854580666055,-2.350548448196848
4590.323,-1.1605552063660092,-2.3597262942855357
4590.343,-1.164524944394861,-2.3689041442448255
4590.363,-1.168494672136197,-2.3780819980077754
4590.383,-1.1724643895766484,-2.3872598555124753
4590.403,-1.1764342952890243,-2.3964393194658364
4590.423,-1.1804034893231612,-2.4056177706824045
4590.443,-1.184373117142408,-2.4147956684627667
4590.463,-1.1883427359548029,-2.4239735646499945
4590.483,-1.1923123440003394,-2.43315146454129
4590.503,-1.1962819412996577,-2.4423293681588967
4590.523,-1.2002515278888874,-2.4515072754792064
4590.543,-1.2042211038074675,-2.460685186486357
4590.563,-1.2081906690979778,-2.4698631011728
4590.583,-1.2121602238060036,-2.4790410195392334
4590.603,-1.2161297679799563,-2.4882189415944582
4590.623,-1.2200993016708515,-2.497396867355163
4590.643,-1.2240652588944714,-2.50658250525919
4590.663,-1.228032753354845,-2.5157737347447235
4590.683,-1.232000871359394,-2.524954237003099
4590.703,-1.235969293724649,-2.5341343125171396
4590.723,-1.2399371107837205,-2.543316437321848
4590.743,-1.2439062541746084,-2.5524968665964454
4590.763,-1.2478745538946292,-2.561677331600854
4590.783,-1.2518431259048595,-2.5708577611374275
4590.803,-1.2558116171275608,-2.580037908757762
4590.823,-1.2597799699880725,-2.589219054085005
4590.843,-1.2637480404428747,-2.5984004020405562
4590.863,-1.2677154058683182,-2.607582972088609
4590.883,-1.2716832692968958,-2.6167661079759457
4590.903,-1.2756507814310942,-2.6259495287310735
4590.923,-1.2796178309636823,-2.635134535153418
4590.943,-1.2835851901031967,-2.644322331329101
4590.963,-1.2875516027379679,-2.6535060625122333
4590.983,-1.291518455600068,-2.6626892501854784
4591.003,-1.2954856596231208,-2.6718711065627927
4591.023,-1.2994526625009541,-2.6810592926012204
4591.043,-1.3034200910157014,-2.690242641809668
4591.063,-1.3073863400139356,-2.6994274076073164
4591.083,-1.3113532887356476,-2.708606451047433
4591.103,-1.3153202392315484,-2.717785496324773
4591.123,-1.31928718001499,-2.7269645468024817
4591.143,-1.3232541110012168,-2.7361436025094905
4591.163,-1.3272210322001925,-2.7453226634410703
4591.183,-1.3311879436173608,-2.754501729585069
4591.203,-1.3351548452529813,-2.7636808009220974
4591.223,-1.3391217371023778,-2.7728598774255993
4591.243,-1.3430886191562348,-2.7820389590619907
4591.263,-1.3470554914009285,-2.7912180457908784
4591.283,-1.351022353818891,-2.8003971375653505
4591.303,-1.3549892063890017,-2.8095762343323374
4591.323,-1.3589560490870065,-2.818755336033039
4591.343,-1.3629228818859542,-2.827934442603415
4591.363,-1.366889704756659,-2.837113553974731
4591.383,-1.3708565176681697,-2.846292670074154
4591.403,-1.3748233205882505,-2.855471790825397
4591.423,-1.378790113483866,-2.864650916149399
4591.443,-1.38275689632167,-2.873830045965039
4591.463,-1.3867236690684872,-2.8830091801898696
4591.483,-1.390690431691786,-2.892188318740871
4591.503,-1.3946571841601407,-2.901367461535213
4591.523,-1.398623926443675,-2.9105466084910203
4591.543,-1.4025906585144823,-2.9197257595281227
4591.563,-1.4065573803470275,-2.928904914568805
4591.583,-1.4105240919185107,-2.9380840735385236
4591.603,-1.4144907932092037,-2.947263236366598
4591.623,-1.4184574842027524,-2.956442402986863
4591.643,-1.4224241648864335,-2.9656215733382902
4591.663,-1.4263904564360284,-2.9748026624644455
4591.683,-1.4303571802050552,-2.983982120572206
4591.703,-1.4343237720197985,-2.9931613285193146
4591.723,-1.4382903539044165,-3.0023405375398142
4591.743,-1.4422569250139963,-3.0115197502847852
4591.763,-1.446223485376032,-3.020698966750758
4591.783,-1.4501900350272459,-3.0298781869152256
4591.803,-1.4541565740076108,-3.0390574107637134
4591.823,-1.458123102360221,-3.0482366382900548
4591.843,-1.4620896201311433,-3.0574158694963156
4591.863,-1.4660561273692347,-3.066595104392636
4591.883,-1.4700226241259124,-3.075774342996999
4591.903,-1.473983883538568,-3.0849643365057733
4591.923,-1.477950027593064,-3.0941555273394155
4591.943,-1.481914972784898,-3.1033357039498903
4591.963,-1.4858803810997827,-3.1125175885216887
4591.983,-1.4898450466863005,-3.1217017507363494
4592.003,-1.493811059461834,-3.130882086847416
4592.023,-1.4977768799033297,-3.140063689555105
4592.043,-1.5017423040846598,-3.149245367564744
4592.063,-1.5057073816977211,-3.15842768603159
4592.083,-1.5096725937505766,-3.167610545487163
4592.103,-1.5136373212493284,-3.1767944804337556
4592.123,-1.5176019915362473,-3.1859789102115106
4592.143,-1.5215667467319445,-3.195161628762895
4592.163,-1.5255307539662806,-3.2043456373398667
4592.183,-1.5294945649896055,-3.213533915389689
4592.203,-1.5334598206133123,-3.222720466985029
4592.223,-1.5374227512558123,-3.2319069147352075
4592.243,-1.5413865520557697,-3.2410914270064946
4592.263,-1.5453508953200836,-3.2502740758802147
4592.283,-1.5493145971470006,-3.259463346247637
4592.303,-1.5532791370855055,-3.2686505694352865
4592.323,-1.557242299263291,-3.277834007607213
4592.343,-1.5612062157112891,-3.287014362141212
4592.363,-1.565170126894443,-3.296194720582843
4592.383,-1.5691340283009878,-3.305375084240544
4592.403,-1.5730979199063726,-3.314555453125727
4592.423,-1.5770618017201206,-3.3237358272323814
4592.443,-1.5810256737467352,-3.332916206547191
4592.463,-1.5849895359855757,-3.342096591049606
4592.483,-1.5889533884311187,-3.351276980711923
4592.503,-1.5929172310732598,-3.360457375499438
4592.523,-1.5968810638976496,-3.3696377753706797
4592.543,-1.600844886886061,-3.378818180277707
4592.563,-1.604808700016788,-3.3879985901664864
4592.583,-1.6087725032650653,-3.3971790049773305
4592.603,-1.6127362966035113,-3.4063594246453928
4592.623,-1.616700080002589,-3.4155398491012283
4592.643,-1.6206638534310773,-3.4247202782713955
4592.663,-1.6246276168565557,-3.433900712079107
4592.683,-1.6285913702458867,-3.4430811504449177
4592.703,-1.6325551135657048,-3.4522615932874405
4592.723,-1.636518846782895,-3.4614420405240844
4592.743,-1.6404825698650654,-3.4706224920718154
4592.763,-1.6444462827810062,-3.4798029478479107
4592.783,-1.648409985501128,-3.4889834077707302
4592.803,-1.6523736779978828,-3.4981638717604664
4592.823,-1.6563373602461515,-3.5073443397398854
4592.843,-1.6603010322236114,-3.5165248116350387
4592.863,-1.6642646939110635,-3.52570528737596
4592.883,-1.6682283452927251,-3.5348857668973017
4592.903,-1.6721919863564862,-3.544066250138948
4592.923,-1.676155368271902,-3.5532488188821554
4592.943,-1.680118898911697,-3.5624294324456685
4592.963,-1.684082451514461,-3.5716099514592616
4592.983,-1.6880459935240382,-3.5807904734037015
4593.003,-1.692009524754759,-3.5899709990836923
4593.023,-1.6959730452391872,-3.599151528478291
4593.043,-1.6999365550145105,-3.60833206156623
4593.063,-1.7039000541211282,-3.617512598334477
4593.083,-1.7078635426025386,-3.6266931387782986
4593.103,-1.7118270205051855,-3.6358736829011713
4593.123,-1.7157904878782717,-3.6450542307146145
4593.143,-1.7197541366573872,-3.6542350693633674
4593.163,-1.7237121241389548,-3.6634305808455054
4593.183,-1.72767441676639,-3.672619278051078
4593.203,-1.7316370315822736,-3.681800145362027
4593.223,-1.735599312024547,-3.6909851320742395
4593.243,-1.7395611081274638,-3.700168789242532
4593.263,-1.7435240018748526,-3.709351568427581
4593.283,-1.7474863912203231,-3.718534672734063
4593.303,-1.7514487314503318,-3.727717804429692
4593.323,-1.755411481659972,-3.7368995625064727
4593.343,-1.7593732205577208,-3.7460854457536876
4593.363,-1.763334911451984,-3.7552701275151543
4593.383,-1.767296455139007,-3.7644553573318262
4593.403,-1.7712578866952111,-3.7736412367667738
4593.423,-1.7752193699756231,-3.7828256075745217
4593.443,-1.7791801388281203,-3.7920152373203697
4593.463,-1.7831414234873404,-3.8012044174293926
4593.483,-1.7871021084671401,-3.8103902339936715
4593.503,-1.791062857687639,-3.8195760578085034
4593.523,-1.7950235519628706,-3.8287602946085486
4593.543,-1.7989846573337236,-3.837950243840996
4593.563,-1.8029459841411437,-3.8471412555069566
4593.583,-1.8069062481174398,-3.8563235409279755
4593.603,-1.8108671244914103,-3.8655052080821783
4593.623,-1.8148279932417875,-3.874686879830158
4593.643,-1.8187888521894782,-3.883868556800045
4593.663,-1.8227497013295937,-3.8930502389966293
4593.683,-1.826710540670983,-3.902231926412647
4593.703,-1.8306713702173296,-3.9114136190335573
4593.723,-1.8346321899672133,-3.920595316837596
4593.743,-1.838592999914378,-3.9297770197958632
4593.763,-1.8425538000480404,-3.9389587278724925
4593.783,-1.8465145903532323,-3.9481404410248895
4593.803,-1.8504753708111727,-3.9573221592040535
4593.823,-1.8544361413996708,-3.966503882354954
4593.843,-1.8583969020935458,-3.9756856104169853
4593.863,-1.8623576528650785,-3.9848673433244737
4593.883,-1.8663183936844707,-3.9940490810072395
4593.903,-1.869780293484561,-4.002705341516327
4593.923,-1.8720656411622318,-4.010116840528609
4593.943,-1.8731519164700199,-4.015841281798625
4593.963,-1.873555216323814,-4.019839678350583
4593.983,-1.8735522695351488,-4.022039259855317
4594.003,-1.8735249310800126,-4.022497310911335
4594.023,-1.8735246606782827,-4.022497385595591
4594.043,-1.8735246958707321,-4.022497371030015
4594.063,-1.8735247104789607,-4.022497364457337
4594.083,-1.873524716039452,-4.022497361518977
4594.103,-1.873524717595877,-4.022497360235855
4594.123,-1.8735247173964795,-4.022497359701114
4594.143,-1.8735247164437552,-4.022497359502499
4594.163,-1.8735247151841814,-4.0224973594536735
4594.183,-1.8735247138159588,-4.022497359470745
4594.203,-1.8735247124264185,-4.022497359516074
4594.223,-1.8735247110533966,-4.0224973595728235
4594.243,-1.8735247097126595,-4.022497359633506
4594.263,-1.8735247084101614,-4.022497359694821
4594.283,-1.8735247071475125,-4.022497359755339
4594.303,-1.8735247059244313,-4.0224973598144675
4594.323,-1.8735247047398333,-4.022497359871988
4594.343,-1.8735247035923166,-4.022497359927844
4594.363,-1.8735247024803787,-4.022497359982054
4594.383,-1.8735247014025114,-4.02249736003467
4594.403,-1.8735247003572393,-4.022497360085746
4594.423,-1.8735246993431367,-4.022497360135345
4594.443,-1.8735246983588356,-4.02249736018353
4594.463,-1.8735246974030255,-4.022497360230366
4594.483,-1.8735246964744516,-4.022497360275907
4594.503,-1.8735246955719134,-4.022497360320213
4594.523,-1.8735246946942645,-4.022497360363337
4594.543,-1.873524693840408,-4.022497360405334
4594.563,-1.8735246930092952,-4.022497360446249
4594.583,-1.8735246921999242,-4.022497360486132
4594.603,-1.8735246914113357,-4.02249736052503
4594.623,-1.8735246906426148,-4.0224973605629835
4594.643,-1.8735246898928852,-4.022497360600036
4594.663,-1.8735246891613102,-4.022497360636224
4594.683,-1.8735246884470893,-4.022497360671589
4594.703,-1.8735246877494582,-4.022497360706166
4594.723,-1.8735246870676856,-4.022497360739992
4594.743,-1.8735246864010726,-4.022497360773098
4594.763,-1.8735246857489514,-4.022497360805516
4594.783,-1.8735246851106833,-4.022497360837277
4594.803,-1.8735246844856572,-4.022497360868408
4594.823,-1.8735246838732895,-4.022497360898939
4594.843,-1.8735246832730232,-4.022497360928893
4594.863,-1.8735246826843241,-4.0224973609583
4594.883,-1.8735246821066822,-4.022497360987183
4594.903,-1.873524681539611,-4.022497361015562
4594.923,-1.8735246809826442,-4.02249736104346
4594.943,-1.8735246804353365,-4.022497361070902
4594.963,-1.873524679897263,-4.022497361097904
4594.983,-1.8735246793680156,-4.022497361124487
4595.003,-1.8735246788472062,-4.022497361150672
4595.023,-1.8735246783344621,-4.022497361176472
4595.043,-1.873524677829429,-4.022497361201907
4595.063,-1.8735246773317662,-4.02249736122699
4595.083,-1.8735246768411484,-4.022497361251739
4595.103,-1.8735246763572662,-4.022497361276168
4595.123,-1.8735246758798216,-4.022497361300292
4595.143,-1.8735246754085317,-4.022497361324126
4595.163,-1.8735246749431258,-4.022497361347679
4595.183,-1.8735246744833436,-4.022497361370966
4595.203,-1.8735246740289373,-4.022497361393997
4595.223,-1.87352467357967,-4.022497361416781
4595.243,-1.8732201659791614,-4.022787177398968
4595.263,-1.8720762827940383,-4.023785520171195
4595.283,-1.869854483130395,-4.025020556238076
4595.303,-1.8673486421116179,-4.026135501023137
4595.323,-1.8648193763016088,-4.027335263152268
4595.343,-1.862214431792791,-4.028624333006152
4595.363,-1.8596332162850115,-4.029622109774845
4595.383,-1.857044251031589,-4.030543314423479
4595.403,-1.8544610867600966,-4.0312880794637405
4595.423,-1.8518547010559785,-4.031992691782155
4595.443,-1.8492361624510267,-4.032649945346839
4595.463,-1.846606215635722,-4.033259958343849
4595.483,-1.8439657130663276,-4.033822536140917
4595.503,-1.8413155111655748,-4.034337496105194
4595.523,-1.8386564694717398,-4.034804671075761
4595.543,-1.8359894503496959,-4.035223909451627
4595.563,-1.8333153187035662,-4.035595075237848
4595.583,-1.8306349416896326,-4.035918048085461
4595.603,-1.8279491884296017,-4.036192723325785
4595.623,-1.825258929724261,-4.03641901199914
4595.643,-1.8225650377675529,-4.036596840878142
4595.663,-1.819868385861097,-4.036726152485648
4595.683,-1.8171698481291605,-4.036806905107427
4595.703,-1.8144702992332387,-4.036839072551415
4595.723,-1.8117722419868483,-4.036825146864781
4595.743,-1.809073379675869,-4.036760404641465
4595.763,-1.8063761001961862,-4.036647092348195
4595.783,-1.8036813098054103,-4.036485250133347
4595.803,-1.8009898821755124,-4.03627493088045
4595.823,-1.7983026895281806,-4.036016203442357
4595.843,-1.7956206026195953,-4.035709152378619
4595.863,-1.7929444904615954,-4.035353877919313
4595.883,-1.7902752200411711,-4.034950495926312
4595.903,-1.7876136560408526,-4.034499137849637
4595.923,-1.784960660560076,-4.033999950678841
4595.943,-1.7823170928375778,-4.0334530968894535
4595.963,-1.779683808974896,-4.032858754384474
4595.983,-1.7770616616610564,-4.032217116430955
4596.003,-1.7744514998985186,-4.031528391591676
4596.023,-1.7718541687304912,-4.030792803651926
4596.043,-1.7692705089697118,-4.0300105915414095
4596.063,-1.7667013569288001,-4.029182009251339
4596.083,-1.7641475441522971,-4.028307325746721
4596.103,-1.7616098971505079,-4.027386824873896
4596.123,-1.7590892371352727,-4.026420805263392
4596.143,-1.7565863797577863,-4.0254095802281356
4596.163,-1.7541021348485888,-4.024353477657139
4596.183,-1.7516373061598562,-4.023252839904696
4596.203,-1.7491926911100986,-4.022108023675229
4596.223,-1.746769080531399,-4.020919399903862
4596.243,-1.7443672584192895,-4.019687353632851
4596.263,-1.7419880016853677,-4.0184122838839915
4596.283,-1.7396320799127571,-4.017094603527125
4596.303,-1.737300255114473,-4.015734739144902
4596.323,-1.7349932814947733,-4.014333130893905
4596.343,-1.7327119052135342,-4.012890232362306
4596.363,-1.7304568641536904,-4.011406510424166
4596.383,-1.7282288876917389,-4.009882445090521
4596.403,-1.7260286964713112,-4.008318529357361
4596.423,-1.72385700217978,-4.006715269050614
4596.443,-1.7217145073278446,-4.005073182668219
4596.463,-1.7196019050320346,-4.003392801219342
4596.483,-1.7175198788000403,-4.001674668060784
4596.503,-1.7154691023187685,-3.999919338730583
4596.523,-1.7134502392450144,-3.9981273807787763
4596.543,-1.7114639429986211,-3.9962993735952828
4596.563,-1.7095108565580175,-3.994435908234799
4596.583,-1.707591612258008,-3.9925375872386017
4596.603,-1.705706831589713,-3.990605024453085
4596.623,-1.7038571250025754,-3.9886388448448655
4596.643,-1.7020430917083615,-3.9866396843122565
4596.663,-1.7002653194871356,-3.9846081894929064
4596.683,-1.6985243844951954,-3.982545017567349
4596.703,-1.6968208510750264,-3.9804508360582993
4596.723,-1.6951552715673504,-3.9783263226254633
4596.743,-1.6935281861253972,-3.976172164855685
4596.763,-1.6919401225315776,-3.973989060048292
4596.783,-1.6903915960167646,-3.9717777149955142
4596.803,-1.6888831090824317,-3.9695388457579335
4596.823,-1.6874151513259363,-3.9672731774349286
4596.843,-1.6859881992692367,-3.9649814439301627
4596.863,-1.684602716191379,-3.96266438771222
4596.883,-1.6832591519650644,-3.96032275957052
4596.903,-1.68195794289763,-3.9579573183667254
4596.923,-1.6806995115767498,-3.955568830781875
4596.943,-1.679484266721152,-3.9531580710595366
4596.963,-1.6783126030366144,-3.950725820745278
4596.983,-1.67718490107748,-3.948272868422805
4597.003,-1.67610152711388,-3.9458000094471077
4597.023,-1.6750628330048374,-3.9433080456749576
4597.043,-1.674069156077354,-3.9407977851931157
4597.063,-1.6731208190115736,-3.9382700420445764
4597.083,-1.6722181297320506,-3.9357256359531503
4597.103,-1.6713613813051447,-3.9331653920466976
4597.123,-1.6705508518424983,-3.930590140579243
4597.143,-1.6697868044105642,-3.928000716652221
4597.163,-1.6690694869460991,-3.925397959935037
4597.183,-1.6683991321775429,-3.9227827143851055
4597.203,-1.6677759575521751,-3.9201558279675095
4597.223,-1.6672001651689603,-3.9175181523743667
4597.243,-1.6666719417169578,-3.9148705427440067
4597.263,-1.6661914584192026,-3.9122138573799816
4597.283,-1.6657588709819569,-3.9095489574699904
4597.303,-1.6653743195492359,-3.906876706804706
4597.323,-1.6650379286625343,-3.9041979714965374
4597.343,-1.6647498072256721,-3.901513619698334
4597.363,-1.66451004847471,-3.8988245213220365
4597.383,-1.6643187299528743,-3.8961315477572698
4597.403,-1.6641759134904646,-3.893435571589895
4597.423,-1.6640816451897074,-3.890737466320537
4597.443,-1.6640359554145436,-3.888038106083086
4597.463,-1.6640341189103827,-3.885340692681065
4597.483,-1.6640735189813451,-3.882645326226012
4597.503,-1.6641591331125254,-3.879951145901895
4597.523,-1.6642933162798021,-3.8772590454733615
4597.543,-1.6644779059873347,-3.8745697309955682
4597.563,-1.6647087622959231,-3.871884837940241
4597.583,-1.6649880258165377,-3.8692046381815817
4597.603,-1.665317464376848,-3.8665298350147155
4597.623,-1.6653374977314124,-3.8643729113224485
4597.643,-1.6647255146423134,-3.8633692080917124
4597.663,-1.664495023716405,-3.863177658406671
4597.683,-1.6644937362031376,-3.86317724241907
4597.703,-1.6644937289275414,-3.863177285134962
4597.723,-1.6644937263187245,-3.863177301087098
4597.743,-1.664493725233942,-3.8631773081323595
4597.763,-1.6644937248183396,-3.863177311116183
4597.783,-1.6644937247023799,-3.863177312230806
4597.803,-1.6644937247213234,-3.8631773124863273
4597.823,-1.664493724800881,-3.863177312348752
4597.843,-1.6644937249073117,-3.863177312033125
4597.863,-1.6644937250252316,-3.8631773116386294
4597.883,-1.6644937251476233,-3.863177311210933
4597.903,-1.6644937252713006,-3.863177310770976
4597.923,-1.6644937253948364,-3.863177310328279
4597.943,-1.664493725517611,-3.8631773098870887
4597.963,-1.6644937256393753,-3.863177309449221
4597.983,-1.6644937257600492,-3.863177309015377
4598.003,-1.6644937258796288,-3.8631773085857493
4598.023,-1.6644937259981432,-3.863177308160301
4598.043,-1.664493726115636,-3.863177307738897
4598.063,-1.6626486457825462,-3.8628857425784027
4598.083,-1.6572887120897193,-3.862038419343869
4598.103,-1.6484961807435385,-3.8606488418913374
4598.123,-1.6386242497985262,-3.859086340618052
4598.143,-1.6287481438406362,-3.8575230115909616
4598.163,-1.618868271530996,-3.8559589387154087
4598.183,-1.6089885488631537,-3.8543947852854505
4598.203,-1.5985812395848267,-3.8530777398143243
4598.223,-1.587641820351243,-3.852007971954603
4598.243,-1.577594325586807,-3.8505268215221644
4598.263,-1.5676996623900274,-3.849005044112605
4598.283,-1.5578045139330206,-3.8474815257422104
4598.303,-1.5479162864987788,-3.8459535892898904
4598.323,-1.5380287614763357,-3.844424486104617
4598.343,-1.5281384973452259,-3.8428976638810997
4598.363,-1.5182567922182828,-3.841365258867544
4598.383,-1.5083702023489334,-3.8398357853201555
4598.403,-1.4984837876892227,-3.8383063688163053
4598.423,-1.4886005239405187,-3.8367754245876267
4598.443,-1.4787186823512581,-3.835243825090392
4598.463,-1.468836834774837,-3.833712274783205
4598.483,-1.458954987457075,-3.8321807727961246
4598.503,-1.449073132619244,-3.8306493318650667
4598.523,-1.4391912724913167,-3.8291179602256853
4598.543,-1.4293094039084675,-3.827586669966671
4598.563,-1.4194275276402415,-3.826055471424968
4598.583,-1.4095456428878628,-3.824524377522365
4598.603,-1.3996637512707095,-3.8229934046661675
4598.623,-1.3897818554248924,-3.82146257306444
4598.643,-1.3798999626157697,-3.819931909966476
4598.663,-1.3700180899262753,-3.8184014576934806
4598.683,-1.3601362946527353,-3.8168712933099607
4598.703,-1.3502545167021573,-3.815341679550467
4598.723,-1.3403728814488483,-3.813810294208064
4598.743,-1.3304911775226458,-3.8122790218116265
4598.763,-1.3206094708289449,-3.8107477647401518
4598.783,-1.3107277619590723,-3.8092165222742134
4598.803,-1.3008460508785304,-3.807685294421273
4598.823,-1.290964337547379,-3.8061540811905705
4598.843,-1.2810826219271718,-3.8046228825866413
4598.863,-1.2712009039813796,-3.803091698609053
4598.883,-1.2613191836757325,-3.801560529252259
4598.903,-1.2514374609785333,-3.8000293745055185
4598.923,-1.2415557358609528,-3.798498234352866
4598.943,-1.232235614428654,-3.797375211672987
4598.963,-1.2242940835242462,-3.796733552320187
4598.983,-1.2180463186861705,-3.7964358074946887
4599.003,-1.2135719595225154,-3.796300809328765
4599.023,-1.2101050810267586,-3.796500534511704
4599.043,-1.207332593271935,-3.7972556962437567
4599.063,-1.2052714694097846,-3.798582115233734
4599.083,-1.2039188078049456,-3.800483972217077
4599.103,-1.2033224763760353,-3.8029563524162726
4599.123,-1.2034299315223607,-3.805883906797437
4599.143,-1.2036653980892293,-3.808869689318899
4599.163,-1.2035305878653157,-3.8115654324805806
4599.183,-1.203442354189485,-3.8142636104520005
4599.203,-1.2034026975077534,-3.8169629799907727
4599.223,-1.2034110286230357,-3.819662590372387
4599.243,-1.2034682143624356,-3.822361599469725
4599.263,-1.2035739401705232,-3.825059134676117
4599.283,-1.203728198992405,-3.827754318800573
4599.303,-1.2039309421585915,-3.8304462786001885
4599.323,-1.2041821033410074,-3.83313414193475
4599.343,-1.2026012746995074,-3.836030563599336
4599.363,-1.197754569675853,-3.839275582187031
4599.383,-1.191141352875837,-3.8420920635439115
4599.403,-1.1830013120298355,-3.8443349217139677
4599.423,-1.1734283693223577,-3.8460218222234515
4599.443,-1.1635508623824982,-3.847587730721485
4599.463,-1.1533194285484738,-3.848983430351612
4599.483,-1.1430322457031383,-3.8503714917152454
4599.503,-1.133132251957039,-3.8519060410654675
4599.523,-1.1232488667693996,-3.8534559932902197
4599.543,-1.1133590953444232,-3.8550030155973563
4599.563,-1.1034766985278361,-3.8565545164133375
4599.583,-1.0935924626162261,-3.8581055166181164
4599.603,-1.0837081938687165,-3.8596563226476444
4599.623,-1.0738238892609868,-3.861206900971774
4599.643,-1.0639395485318592,-3.862757247171221
4599.663,-1.0540551716843423,-3.864307360701147
4599.683,-1.0441707587584226,-3.865857241534178
4599.703,-1.0342863097992534,-3.8674068897041667
4599.723,-1.0244018248513533,-3.8689563052469436
4599.743,-1.0145226100696811,-3.870507668716402
4599.763,-1.0046440801535026,-3.8720593794567395
4599.783,-0.9947655466318706,-3.8736111056311495
4599.803,-0.9848870153238686,-3.8751627510000177
4599.823,-0.9750084861947536,-3.876714404399785
4599.843,-0.9651299583691235,-3.8782660468592067
4599.863,-0.9552514282036946,-3.8798176748570534
4599.883,-0.9453728956184847,-3.8813692878034884
4599.903,-0.9354943605588177,-3.8829208856905906
4599.923,-0.9256158229726392,-3.8844724685200105
4599.943,-0.9157372828109557,-3.886024036298101
4599.963,-0.9058587400282969,-3.887575589035867
4599.983,-0.8959801945831438,-3.8891271267489365
4600.003,-0.8861015733213574,-3.8906786859498035
4600.023,-0.8762076252723475,-3.8922214058446833
4600.043,-0.866323006581665,-3.8937690675711645
4600.063,-0.8564383504834862,-3.8953166538111392
4600.083,-0.8465563737457876,-3.8968652728786104
4600.103,-0.836674498756208,-3.8984139524095163
4600.123,-0.8267926077815974,-3.8999625519708525
4600.143,-0.8169107048831868,-3.901511074634231
4600.163,-0.807028793394831,-3.9030595211678683
4600.183,-0.7971468771698497,-3.9046078894850136
4600.203,-0.7872649618574139,-3.906156170482726
4600.223,-0.7773830601081502,-3.9077043373268396
4600.243,-0.7675012251012862,-3.909252309136439
4600.263,-0.7576195774858823,-3.910800186307863
4600.283,-0.7482688764410201,-3.9119605921122207
4600.303,-0.7402586322199387,-3.9125984552714823
4600.323,-0.7339690680893834,-3.9129816273219187
4600.343,-0.7294493073781935,-3.9132633906624714
4600.363,-0.7258689114026614,-3.9131254920502445
4600.383,-0.7227876967207529,-3.9124188874006016
4600.403,-0.7202567577229922,-3.911157153216008
4600.423,-0.7183218323696491,-3.9093782271094826
4600.443,-0.7169233927604829,-3.9070547148297665
4600.463,-0.7160144467429942,-3.9042561726806384
4600.483,-0.7153308598856779,-3.9013224569223293
4600.503,-0.7146832888695183,-3.898359175689541
4600.523,-0.7123628297773458,-3.8955228341380685
4600.543,-0.7070056087774959,-3.8928976083162885
4600.563,-0.7001276930857272,-3.891011353194433
4600.583,-0.6918206077490698,-3.8899088070614165
4600.603,-0.6821507091217845,-3.889571480081671
4600.623,-0.672071112341881,-3.8894475796860957
4600.643,-0.6615473166163535,-3.8893644729925945
4600.663,-0.6515057209621137,-3.8892408496867845
4600.683,-0.6415004290248078,-3.889102567184915
4600.703,-0.6314987327482883,-3.888963235629835
4600.723,-0.6214959201189036,-3.8888193782978826
4600.743,-0.6114973193867445,-3.888674451649019
4600.763,-0.6014986938553902,-3.8885295434816762
4600.783,-0.5915000678576285,-3.8883846520834906
4600.803,-0.581501441654802,-3.8882397774769233
4600.823,-0.5715028152443338,-3.8880949196707695
4600.843,-0.5615041886211263,-3.8879500786670933
4600.863,-0.5515055617804495,-3.88780525446149
4600.883,-0.5415069347179835,-3.8876604470430927
4600.903,-0.5315083074298331,-3.8875156563946645
4600.923,-0.5215096799125346,-3.8873708824927395
4600.943,-0.5115076056184122,-3.8872335585468054
4600.963,-0.501504857083395,-3.8870946528862924
4600.983,-0.4915020463166407,-3.8869564956702796
4601.003,-0.4814992084054845,-3.8868184625393574
4601.023,-0.47149658124375915,-3.8866800416743588
4601.043,-0.46149491767453943,-3.8865424755330418
4601.063,-0.4514923187612194,-3.886405832796371
4601.083,-0.44149082089769415,-3.8862682505475874
4601.103,-0.4314880638395821,-3.8861311777581355
4601.123,-0.4214852076551068,-3.8859948048621207
4601.143,-0.4114823066664092,-3.885858512428979
4601.163,-0.40147958599639966,-3.8857218368610638
4601.183,-0.3914778029121292,-3.885585919348362
4601.203,-0.38147371407320996,-3.885451302471335
4601.223,-0.3714750230319836,-3.8853102618775357
4601.243,-0.3614763395494448,-3.8851692958707114
4601.263,-0.3514776560030336,-3.8850283462152415
4601.283,-0.3414789723100544,-3.884887412365122
4601.303,-0.33148028846837335,-3.8847464942601575
4601.323,-0.32148160447697854,-3.884605591848716
4601.343,-0.31148292033508845,-3.8844647050842047
4601.363,-0.30148423604209645,-3.8843238339254587
4601.383,-0.29148555159752415,-3.884182978337097
4601.403,-0.2814868670009774,-3.8840421382898453
4601.423,-0.2714869077757395,-3.88390176575026
4601.443,-0.2614824094760226,-3.8837663429174443
4601.463,-0.2514777197820031,-3.8836308883021893
4601.483,-0.24147732915450204,-3.8834925576560875
4601.503,-0.23147845207099096,-3.883352954202414
4601.523,-0.2214795824637579,-3.883213336543675
4601.543,-0.21148071122220521,-3.8830737190859304
4601.563,-0.20148184088636392,-3.882934109364046
4601.583,-0.19148297000774295,-3.8827945173449376
4601.603,-0.18148409937522747,-3.8826549511671438
4601.623,-0.1714852283221737,-3.882515419447661
4601.643,-0.16148635714518356,-3.882375930407346
4601.663,-0.15148748554014638,-3.8822364924266375
4601.683,-0.14148861358833587,-3.882097113652067
4601.703,-0.131489741197206,-3.8819578024106405
4601.723,-0.1214908685031593,-3.8818185671317185
4601.743,-0.11149199557866024,-3.88167941655416
4601.763,-0.1014931227360365,-3.8815403597074125
4601.783,-0.09149425044999118,-3.8814014055703705
4601.803,-0.081495379471686,-3.8812625631778443
4601.823,-0.07149651066721567,-3.881123842158277
4601.843,-0.06149764562681765,-3.8809852532715388
4601.863,-0.0514987868996568,-3.880846809634461
4601.883,-0.041499938638293585,-3.8807085264886947
4601.903,-0.03150110790322638,-3.8805704235956133
4601.923,-0.02150230775329019,-3.880432528714331
4601.943,-0.011503565634822117,-3.880294882583896
4601.963,-0.0015050339775656355,-3.880158092482868
4601.983,0.008493896542982764,-3.8800190319899084
4602.003,0.018492606349575388,-3.8798800021999336
4602.023,0.028491316489824618,-3.8797409909081635
4602.043,0.038490026791727944,-3.8796019964451305
4602.063,0.04848873726064222,-3.879463018807505
4602.083,0.05848744790342177,-3.8793240580013078
4602.103,0.06848615872648153,-3.8791851140263476
4602.123,0.0784848697357654,-3.8790461868760273
4602.143,0.0884835809367368,-3.878907276537366
4602.163,0.09848229233437161,-3.8787683829910846
4602.183,0.10848100393315317,-3.8786295062117655
4602.203,0.11847971573706988,-3.8784906461680597
4602.223,0.12847842774961535,-3.8783518028229724
4602.243,0.13847713997379113,-3.878212976134201
4602.263,0.1484787429423263,-3.878078995110096
4602.283,0.15848133050874627,-3.8779455341607374
4602.303,0.16848306609731478,-3.8778130036264047
4602.323,0.17848573605900803,-3.877681396481235
4602.343,0.188487305395786,-3.877548848031769
4602.363,0.1984901346311606,-3.8774168087716254
4602.383,0.2084930630120391,-3.8772854688268756
4602.403,0.21849603711967297,-3.877154207912729
4602.423,0.22849883313789623,-3.8770225647425463
4602.443,0.2385006909059147,-3.8768916759094703
4602.463,0.24850485248363727,-3.876762097221746
4602.483,0.25850361287247364,-3.8766260911457526
4602.503,0.26850236615257816,-3.8764901592255274
4602.523,0.27850111949317574,-3.876354243650236
4602.543,0.2884998729719148,-3.8762183438784557
4602.563,0.2984986265909173,-3.876082459850746
4602.583,0.30849738035124313,-3.875946591516267
4602.603,0.31849613425372597,-3.8758107388292964
4602.623,0.3284948882990275,-3.875674901749599
4602.643,0.3384936424876837,-3.875539080242788
4602.663,0.3484923968201482,-3.8754032742806213
4602.683,0.35849241019776523,-3.8752683022681036
4602.703,0.3684983323578214,-3.8751385421516344
4602.723,0.378501767688951,-3.875007366104879
4602.743,0.3885022385774815,-3.8748739442218003
4602.763,0.39850117822463804,-3.8747393689297787
4602.783,0.4085001181338708,-3.874604783697435
4602.803,0.41849905704912455,-3.8744701982379373
4602.823,0.42849799688742946,-3.874335622935826
4602.843,0.4384969362882191,-3.8742010660400847
4602.863,0.4484958761437249,-3.874066536727271
4602.883,0.4584948160401597,-3.8739320430590616
4602.903,0.4684937563187836,-3.873797593635907
4602.923,0.4784926968678236,-3.8736631966115516
4602.943,0.4884916378414235,-3.873528860297085
4602.963,0.4984905791567824,-3.873394592960841
4602.983,0.5084895207650406,-3.873260403183548
4603.003,0.518488462516459,-3.8731262996522897
4603.023,0.5284874040849015,-3.872992291516604
4603.043,0.5384863449179254,-3.87285838758889
4603.063,0.5484852842697323,-3.8727245971696376
4603.083,0.5584842211707847,-3.872590929948204
4603.103,0.5684831539131218,-3.8724573970281204
4603.123,0.5784820797137105,-3.8723240119228834
4603.143,0.5884809940566129,-3.8721907902577453
4603.163,0.5984798891812874,-3.8720577532436886
4603.183,0.6084787504448813,-3.871924929831535
4603.203,0.6184775462993883,-3.871792364838947
4603.223,0.6284763894849296,-3.8716601278942817
4603.243,0.6384751632453929,-3.871526064047547
4603.263,0.6484739418600108,-3.871392060742439
4603.283,0.6584727206722227,-3.8712580746447043
4603.303,0.6684714996384769,-3.871124105372448
4603.323,0.6784702787653826,-3.870990152933377
4603.343,0.6884690580596601,-3.8708562173326437
4603.363,0.6984678375275807,-3.870722298569063
4603.383,0.7084666171749499,-3.870588396635037
4603.403,0.7184653970070983,-3.8704545115165883
4603.423,0.728464177028875,-3.87032064319346
4603.443,0.7384629572446436,-3.8701867916392816
4603.463,0.7484617376582792,-3.870052956821798
4603.483,0.7584605182731687,-3.8699191387031515
4603.503,0.7684592990922148,-3.8697853372402355
4603.523,0.7784621831239644,-3.8696575929900825
4603.543,0.7884640209149317,-3.8695298449020163
4603.563,0.7984667537126637,-3.869403085650256
4603.583,0.8084683841306005,-3.869275390887035
4603.603,0.8184712712341838,-3.8691482134991544
4603.623,0.8284742557559722,-3.8690217374839055
4603.643,0.838477282746525,-3.8688953468721414
4603.663,0.8484801201018025,-3.8687685721072316
4603.683,0.8584820165902046,-3.8686425701331792
4603.703,0.8684848866629818,-3.8685174460685756
4603.723,0.878487755016589,-3.868390584700341
4603.743,0.8884865772011681,-3.8682596499394766
4603.763,0.8984853975680952,-3.8681287451464583
4603.783,0.9084842180447185,-3.867997856326034
4603.803,0.9184830386530596,-3.867866983303103
4603.823,0.9284818593946177,-3.8677361260220655
4603.843,0.93848068027042,-3.8676052844329822
4603.863,0.9484795012812801,-3.867474458491071
4603.883,0.9584783224278474,-3.8673436481570977
4603.903,0.9684771437106516,-3.867212853397728
4603.923,0.9784759651301445,-3.8670820741858147
4603.943,0.9884781410727065,-3.86695389176794
4603.963,0.9984836579710621,-3.866828874088373
4603.983,1.0084856986513442,-3.866701793895399
4604.003,1.018486119242375,-3.866573095632902
4604.023,1.0284851253110179,-3.8664435766945995
4604.043,1.0384841297206016,-3.8663140386480097
4604.063,1.048483135882156,-3.866184497333411
4604.083,1.058482141458254,-3.866054963235341
4604.103,1.0684811476211442,-3.865925447072579
4604.123,1.0784801536795199,-3.8657959579128205
4604.143,1.0884791601585757,-3.8656665049755645
4604.163,1.0984781668024617,-3.8655370968721177
4604.183,1.1084771738462122,-3.8654077421769664
4604.203,1.1184761812070658,-3.865278449259053
4604.223,1.1284751889199724,-3.8651492265930885
4604.243,1.1384741968444692,-3.865020082915207
4604.263,1.148473204852336,-3.8648910269529124
4604.283,1.1584722125412563,-3.864762067937214
4604.303,1.1684712193290605,-3.8646332146012385
4604.323,1.1784702244428533,-3.864504476571206
4604.343,1.1884692268402002,-3.864375863450287
4604.363,1.1984682246644087,-3.864247386803577
4604.383,1.2084672148764222,-3.864119060588503
4604.403,1.2184661926410383,-3.8639909008901117
4604.423,1.2284651493927508,-3.8638629302203227
4604.443,1.2384640689191944,-3.8637351787566674
4604.463,1.248462914870667,-3.863607696043465
4604.483,1.2584618178785496,-3.863480436678659
4604.503,1.2684606593084828,-3.863351422009818
4604.523,1.2784595043235558,-3.8632224598625404
4604.543,1.2884583495145696,-3.8630935148680456
4604.563,1.2984571948516042,-3.8629645867188085
4604.583,1.3084560403413619,-3.8628356754223945
4604.603,1.3184548859905096,-3.862706780983076
4604.623,1.328453731805262,-3.862577903398767
4604.643,1.3384525777913696,-3.862449042660963
4604.663,1.3484514239541086,-3.862320198754793
4604.683,1.3584502702982775,-3.8621913716591254
4604.703,1.3684491168281896,-3.8620625613467445
4604.723,1.378447963547675,-3.861933767784589
4604.743,1.3884468104600778,-3.8618049909340493
4604.763,1.3984456575682631,-3.8616762307513257
4604.783,1.4084485600636916,-3.8615543228976215
4604.803,1.418451429635826,-3.8614310791352264
4604.823,1.4284532997733403,-3.8613087096369414
4604.843,1.4384561062277208,-3.861187261871431
4604.863,1.4484578128910137,-3.86106486922358
4604.883,1.458460780973117,-3.860942985104717
4604.903,1.4684638480146825,-3.860821799234031
4604.923,1.4784669637438428,-3.860700689759699
4604.943,1.4884699050736132,-3.860579200096125
4604.963,1.4984719066974053,-3.860458457605627
4604.983,1.508474852594572,-3.8603371001179076
4605.003,1.5184737391585672,-3.8602112122115413
4605.023,1.5284726243607512,-3.8600853511757856
4605.043,1.5384715096697568,-3.859959506127014
4605.063,1.5484703951027252,-3.8598336769181953
4605.083,1.5584692806611422,-3.859707863494911
4605.103,1.5684681663460762,-3.859582065808246
4605.123,1.5784670521583888,-3.8594562838145126
4605.143,1.5884659380987778,-3.8593305174756294
4605.163,1.597875281622999,-3.859280388007556
4605.183,1.6058745986906253,-3.859266385904061
4605.203,1.612189560035725,-3.8592549388809316
4605.223,1.61683972795591,-3.8592150258389326
4605.243,1.6206478108574929,-3.858814435190358
4605.263,1.623787717047208,-3.8579914325415423
4605.283,1.626269113436011,-3.856763346115473
4605.303,1.6280595678839236,-3.8551719680322045
4605.323,1.62913672718917,-3.8531550898363336
4605.343,1.6295052621239705,-3.8507464043335564
4605.363,1.629332214204417,-3.8480749775068506
4605.383,1.6290871417742605,-3.8453916699855624
4605.403,1.6287937859131603,-3.8427130207715017
4605.423,1.6284502757040393,-3.8400400661797542
4605.443,1.6280607869510342,-3.8373742986284727
4605.463,1.6276232637155532,-3.834716023375418
4605.483,1.6271359744626068,-3.8320660661760324
4605.503,1.626603104831286,-3.8294257960514524
4605.523,1.6260226715898978,-3.826795560641644
4605.543,1.6253929936821792,-3.8241762535544317
4605.563,1.6247182890235945,-3.8215691218151076
4605.583,1.6239966276432964,-3.8189745547411116
4605.603,1.6232263939582092,-3.8163934710139125
4605.623,1.6224118126485711,-3.813827021267846
4605.643,1.621551004797953,-3.8112756316630856
4605.663,1.6206405609973304,-3.8087400453836526
4605.683,1.619674652276731,-3.806219323915941
4605.703,1.6186635095978361,-3.803716314178358
4605.723,1.6176074848823192,-3.801231912947284
4605.743,1.616506920623622,-3.7987669250958285
4605.763,1.6153621734495518,-3.7963221483600647
4605.783,1.614173614222261,-3.793898373866397
4605.803,1.6129416279165012,-3.7914963858913446
4605.823,1.611666613492,-3.7891169616166356
4605.843,1.610348983762111,-3.786760870886873
4605.863,1.6089891652588664,-3.784428875969897
4605.883,1.6075875980945482,-3.782121731319906
4605.903,1.6061447358198961,-3.779840183343388
4605.923,1.604661045279064,-3.777584970167885
4605.943,1.603137006461429,-3.7753568214136117
4605.963,1.6015731123503596,-3.773156457967909
4605.983,1.5999698687690158,-3.770984591762526
4606.003,1.5983277942232543,-3.7688419255536547
4606.023,1.5966474197416767,-3.7667291527046842
4606.043,1.5949292887128428,-3.764646956971574
4606.063,1.593173956719639,-3.7625960122907607
4606.083,1.591381991370752,-3.760576982569487
4606.103,1.5895539721291871,-3.7585905214784607
4606.123,1.5876904901377067,-3.7566372722467025
4606.143,1.585792148041073,-3.7547178674585098
4606.163,1.5838595598049103,-3.7528329288524436
4606.183,1.5818933505310055,-3.7509830671222426
4606.203,1.5798941562688391,-3.7491688817196502
4606.223,1.5778626238231228,-3.747390960659121
4606.243,1.575799410557122,-3.7456498803244385
4606.263,1.573705184191547,-3.743946205277309
4606.283,1.57158062259881,-3.742280488068031
4606.303,1.56942641359247,-3.74065326904841
4606.323,1.5672432547117217,-3.7390650761870847
4606.343,1.5650318530008265,-3.737516424887527
4606.363,1.5627929247834311,-3.736007817808973
4606.383,1.5605271954317745,-3.7345397446905797
4606.403,1.5582353991308349,-3.733112682179145
4606.423,1.555918278637529,-3.731727093660696
4606.443,1.5535765850351324,-3.7303834290963245
4606.463,1.5512110774831394,-3.7290821248625625
4606.483,1.548822522962822,-3.7278236035966406
4606.503,1.5464116960187924,-3.726608274046919
4606.523,1.543979378496906,-3.725436530928755
4606.543,1.5415263592788562,-3.724308754786046
4606.563,1.5390534340138167,-3.7232253118586285
4606.583,1.5365614048475187,-3.722186553955705
4606.603,1.5340510801490987,-3.721192818335383
4606.623,1.531523274236081,-3.7202444275904063
4606.643,1.5289788070978072,-3.719341689540115
4606.663,1.526418504117612,-3.7184848971285986
4606.683,1.5238431957940044,-3.7176743283290445
4606.703,1.521253717461096,-3.7169102460541676
4606.723,1.51865090900846,-3.716192898072673
4606.743,1.5160356146005902,-3.7155225169316366
4606.763,1.5134086823960875,-3.714899319884682
4606.783,1.5111681934442263,-3.712484015822622
4606.803,1.5096440907376545,-3.7068605941139654
4606.823,1.5090913713359864,-3.6996981298440006
4606.843,1.5095712257441223,-3.6912732227629954
4606.863,1.511038139238933,-3.6816675500947986
4606.883,1.5127197532383596,-3.671809090320525
4606.903,1.5142400617377587,-3.6616027724855917
4606.923,1.515740985262122,-3.6513252141467474
4606.943,1.5173983026934577,-3.6414549731721224
4606.963,1.519067684247467,-3.6315954469231797
4606.983,1.5207369220307108,-3.6217361157015593
4607.003,1.522406144910643,-3.611876783306418
4607.023,1.5240753536741378,-3.6020174479591147
4607.043,1.5257445483131158,-3.592158109628217
4607.063,1.5274137288052343,-3.5822987683054124
4607.083,1.529082895122961,-3.5724394239868613
4607.103,1.530752047234137,-3.562580076673121
4607.123,1.5324211851024825,-3.5527207263691993
4607.143,1.5340903086881363,-3.5428613730845826
4607.163,1.5357594179482161,-3.533002016833204
4607.183,1.5374285128374032,-3.523142657633362
4607.203,1.5390975933085436,-3.513283295507605
4607.223,1.540766659313259,-3.5034239304825516
4607.243,1.54243571080256,-3.493564562588686
4607.263,1.5441047477274634,-3.4837051918601
4607.283,1.5457737700395988,-3.4738458183341994
4607.303,1.5474427776918018,-3.463986442051374
4607.323,1.5491117706386954,-3.45412706305464
4607.343,1.5507807488372398,-3.4442676813892463
4607.363,1.5524497122472598,-3.4344082971022614
4607.383,1.5541186608319357,-3.4245489102421405
4607.403,1.5557875945582533,-3.414689520858275
4607.423,1.5574565133974176,-3.4048301290005285
4607.443,1.5591254173252165,-3.394970734718772
4607.463,1.5607943063223337,-3.385111338062414
4607.483,1.5624631803746092,-3.375251939079933
4607.503,1.5641320394732459,-3.3653925378184186
4607.523,1.5658008836149595,-3.3555331343231276
4607.543,1.5674697128020676,-3.345673728637052
4607.563,1.5691385270425235,-3.3358143208005147
4607.583,1.5708054624244363,-3.3259525685518363
4607.603,1.5724741462618754,-3.316093131105542
4607.623,1.574142828532377,-3.3062337026107254
4607.643,1.5758114959540543,-3.2963742721634297
4607.663,1.5774801484521195,-3.2865148396769324
4607.683,1.5791487860700335,-3.276655405169623
4607.703,1.580817408856241,-3.2667959686562753
4607.723,1.582486016862785,-3.256936530146844
4607.743,1.5841546101448787,-3.247077089646382
4607.763,1.5858218730472824,-3.2372158201997197
4607.783,1.5874861059311292,-3.2273515271702005
4607.803,1.5891481194426393,-3.217481611051578
4607.823,1.5908123151495537,-3.2076153872660607
4607.843,1.5924739159858385,-3.197745174515227
4607.863,1.5941355789349427,-3.1878758917308487
4607.883,1.5958005958714894,-3.178014160443218
4607.903,1.5974678749761297,-3.1681545003373826
4607.923,1.5991351411613517,-3.1582948393552703
4607.943,1.6008023931053612,-3.148435176142961
4607.963,1.6024696308625705,-3.1385755106508024
4607.983,1.6041368978466695,-3.1287148478590114
4608.003,1.6058018017876063,-3.118850549526203
4608.023,1.6074650483099246,-3.1089849766142037
4608.043,1.6091276057779589,-3.099117037816669
4608.063,1.6107932475606535,-3.0892547823518632
4608.083,1.612455516589807,-3.079386802048921
4608.103,1.6141193056528333,-3.0695209930224965
4608.123,1.6157829657960754,-3.0596551417297135
4608.143,1.6174464039802048,-3.0497892483716593
4608.163,1.619109609236078,-3.0399233130193655
4608.183,1.6207725809039144,-3.0300573362466414
4608.203,1.6224353195253143,-3.020191318576915
4608.223,1.6240978256495557,-3.010325260432537
4608.243,1.6257600997087076,-3.0004591621519436
4608.263,1.6274221420298025,-2.9905930240099092
4608.283,1.6290847370112262,-2.9807286059822498
4608.303,1.6307488855828876,-2.97086838686626
4608.323,1.6324129963646608,-2.961008175363498
4608.343,1.6340770556382913,-2.9511479624318047
4608.363,1.6357411156171293,-2.94128775109443
4608.383,1.6374051652609385,-2.931427540476242
4608.403,1.6390692012256414,-2.921567326922141
4608.423,1.6407332228745846,-2.9117071104181798
4608.443,1.6423972301559058,-2.9018468909828696
4608.463,1.6440612230211213,-2.891986668639071
4608.483,1.645725201420725,-2.882126443413711
4608.503,1.647389165304761,-2.8722662153375627
4608.523,1.6490531146234315,-2.862405984444979
4608.543,1.6507170493276997,-2.852545750773595
4608.563,1.6519476418083576,-2.8432738382700546
4608.583,1.6525374457336843,-2.8354276957774784
4608.603,1.6527942934212565,-2.8292008585690023
4608.623,1.6529310292829382,-2.8247332346189338
4608.643,1.6530946072318624,-2.821439078400266
4608.663,1.6538767933719623,-2.8189438299890726
4608.683,1.6550614914196615,-2.8173348784175776
4608.703,1.6568111049145182,-2.816549528257385
4608.723,1.659076200592174,-2.816520875645684
4608.743,1.6616683011381617,-2.817086576419983
4608.763,1.6642830073907011,-2.8177566569558823
4608.783,1.66688542301447,-2.8184738776218206
4608.803,1.6694744991636135,-2.8192378214750216
4608.823,1.6720493949001278,-2.820048236183208
4608.843,1.6746092765397933,-2.8209048581260427
4608.863,1.6771533154248695,-2.8218074089364538
4608.883,1.6796806881474657,-2.822755595513886
4608.903,1.682190576797075,-2.8237491100950733
4608.923,1.6846821692113056,-2.824787630340425
4608.943,1.687154659227593,-2.8258708194316715
4608.963,1.6896072469345857,-2.826998326178155
4608.983,1.6920391389223355,-2.8281697851301013
4609.003,1.6944495485307296,-2.8293848166977544
4609.023,1.6968376960957843,-2.8306430272756193
4609.043,1.6992028091935223,-2.8319440093712855
4609.063,1.7015441228812433,-2.833287341738447
4609.083,1.7038608799360544,-2.834672589513826
4609.103,1.7061523310905462,-2.836099304357752
4609.123,1.7084177352655665,-2.837567024598215
4609.143,1.7106563598000268,-2.8390752753782156
4609.163,1.7128674806777482,-2.8406235688062615
4609.183,1.7150503827513368,-2.8422114041099054
4609.203,1.7172043599631321,-2.843838267792205
4609.223,1.7193287155632695,-2.8455036337910355
4609.243,1.721422762324937,-2.8472069636412085
4609.263,1.7234858227569088,-2.8489477066393656
4609.283,1.725517229313457,-2.850725300011658
4609.303,1.7275163246017629,-2.852539169084258
4609.323,1.7294824615869289,-2.8543887274567776
4609.343,1.731415003794724,-2.8562733771786895
4609.363,1.7333133255121556,-2.858192508928904
4609.383,1.7351768119859756,-2.8601455021986655
4609.403,1.7370048596191858,-2.8621317254779464
4609.423,1.738796876165601,-2.864150536445574
4609.443,1.740552280922472,-2.8662012821632783
4609.463,1.7422705049211626,-2.8682832992738936
4609.483,1.743950991115801,-2.8703959142039346
4609.503,1.7455931945698167,-2.872538443370735
4609.523,1.7471965826402012,-2.874710193394308
4609.543,1.7487606351593037,-2.8769104613140892
4609.563,1.7502848446139396,-2.879138534810641
4609.583,1.7517687163215305,-2.881393692432359
4609.603,1.7532117686030038,-2.8836752038271922
4609.623,1.7546135329521186,-2.8859823299793077
4609.643,1.7559735542009054,-2.8883143234505795
4609.663,1.7572913906808902,-2.8906704286267537
4609.683,1.7585666143797773,-2.893049881968052
4609.703,1.7597988110932838,-2.895451912263973
4609.723,1.7609875805718425,-2.897875740891991
4609.743,1.7621325366619136,-2.900320582079829
4609.763,1.763233307441683,-2.902785643170979
4609.783,1.7642895353509602,-2.9052701248931
4609.803,1.765300877315129,-2.9077732216289727
4609.823,1.766267004863047,-2.9102941216896436
4609.843,1.767187604238821,-2.91283200758945
4609.863,1.7680623765074341,-2.9153860563226126
4609.883,1.7688910376542226,-2.9179554396411254
4609.903,1.7696733186782339,-2.920539324333678
4609.923,1.7704089656795245,-2.9231368725054048
4609.943,1.7710977399404728,-2.925747241858267
4609.963,1.7717394180011934,-2.928369585971917
4609.983,1.7741709707861844,-2.930592297130748
4610.003,1.7798057394550968,-2.9320762466710746
4610.023,1.7869728499797923,-2.932578132296027
4610.043,1.7953951981520577,-2.9320385129395703
4610.063,1.804991092129513,-2.9305036893815446
4610.083,1.814837695535878,-2.928752943589127
4610.103,1.8249782200820093,-2.927135249484345
4610.123,1.8353477514537937,-2.925594072181668
4610.143,1.8451939574603815,-2.923850414092946
4610.163,1.8550426399432254,-2.9221120587731932
4610.183,1.8648899724626506,-2.9203734132171473
4610.203,1.8747373056073566,-2.9186347868667943
4610.223,1.8845846414238283,-2.9168961749859927
4610.243,1.894431979968775,-2.9151575774952425
4610.263,1.904279321272296,-2.9134189943561095
4610.283,1.9141266653599196,-2.911680425526737
4610.303,1.9239740122526285,-2.9099418709615694
4610.323,1.9338213619666813,-2.908203330611563
4610.343,1.9436687145134757,-2.9064648044244463
4610.363,1.9535160698994605,-2.9047262923450323
4610.383,1.963363428126094,-2.902987794315566
4610.403,1.9732107891898527,-2.9012493102761034
4610.423,1.9830581530822857,-2.8995108401649383
4610.443,1.9929055197901204,-2.8977723839190364
4610.463,2.0027528892954156,-2.896033941474511
4610.483,2.012600261575756,-2.8942955127671013
4610.503,2.0224476366044946,-2.8925570977326682
4610.523,2.0322950143510328,-2.8908186963077007
4610.543,2.042142394781144,-2.8890803084298167
4610.563,2.051989777857329,-2.8873419340382633
4610.583,2.0618371635392037,-2.8856035730744094
4610.603,2.0716845517839144,-2.883865225482215
4610.623,2.0815319425465826,-2.8821268912086873
4610.643,2.091379335780758,-2.880388570204318
4610.663,2.1012267314389,-2.878650262423475
4610.683,2.111074129472858,-2.8769119678247743
4610.703,2.120921529834366,-2.875173686371408
4610.723,2.130768932475532,-2.8734354180314305
4610.743,2.140616337349325,-2.871697162778007
4610.763,2.150463744410055,-2.8699589205896063
4610.783,2.160311153613834,-2.868220691450149
4610.803,2.170158564919028,-2.866482475349107
4610.823,2.180007146295506,-2.864744843929882
4610.843,2.1898642782665134,-2.8630131774689254
4610.863,2.1997119382440444,-2.8612752936992276
4610.883,2.2095595943898014,-2.8595374470824217
4610.903,2.2194072420080975,-2.857799609813063
4610.923,2.22925571074003,-2.856063217405013
4610.943,2.2391036506934467,-2.854325609748273
4610.963,2.2489549228672123,-2.8525899952899563
4610.983,2.2588089139175107,-2.8508553536648105
4611.003,2.2686630120734392,-2.8491208959861485
4611.023,2.2785171944779328,-2.8473866872671523
4611.043,2.2883714433427595,-2.8456527364712336
4611.063,2.298225748985888,-2.843919044971866
4611.083,2.308080106312223,-2.842185612477658
4611.103,2.3179345122105555,-2.840452438201536
4611.123,2.3277889648671004,-2.8387195216278434
4611.143,2.337643463099792,-2.8369868621424166
4611.163,2.3474980056399293,-2.8352544588445037
4611.183,2.3573525911244597,-2.833522310615882
4611.203,2.3672072178726267,-2.8317904159258314
4611.223,2.377061883029309,-2.8300587719344827
4611.243,2.3869165814296234,-2.828327373663438
4611.263,2.3967713020509707,-2.8265962085316745
4611.283,2.4066241067119107,-2.8248643427544815
4611.303,2.416472337166999,-2.8231307736474185
4611.323,2.4263205814791045,-2.821397322532239
4611.343,2.4361688283036473,-2.8196638866451367
4611.363,2.446017077588717,-2.8179304650485975
4611.383,2.4558653293820907,-2.8161970577368143
4611.403,2.4657135837307322,-2.814463664708466
4611.423,2.4755618406794246,-2.812730285957857
4611.443,2.4854101002703386,-2.8109969214746986
4611.463,2.495258362542631,-2.8092635712440517
4611.483,2.5051066275320664,-2.8075302352463054
4611.503,2.5149548952706886,-2.8057969134572267
4611.523,2.5248031657865084,-2.8040636058480573
4611.543,2.5346514391032406,-2.8023303123856604
4611.563,2.5445023369776174,-2.8006010886625923
4611.583,2.554361151717827,-2.7988763768666853
4611.603,2.564214795764904,-2.7971497227195408
4611.623,2.57406839236814,-2.7954231298005294
4611.643,2.583919347717038,-2.793695786372565
4611.663,2.5937701920558225,-2.79196820537314
4611.683,2.603621106150416,-2.790240984300658
4611.703,2.613472050055396,-2.7885139264025627
4611.723,2.6233230224121007,-2.7867870318042205
4611.743,2.6331771221019835,-2.7850608162514368
4611.763,2.643033835682922,-2.7833341122210093
4611.783,2.6528837886794823,-2.7816052542773275
4611.803,2.662732500784438,-2.7798744222152334
4611.823,2.672581215938705,-2.7781436062802713
4611.843,2.682429933675197,-2.7764128038946634
4611.863,2.692278653947522,-2.7746820149781986
4611.883,2.7021273767111342,-2.772951239473284
4611.903,2.7119761019200013,-2.771220477326283
4611.923,2.721824829527044,-2.769489728487753
4611.943,2.7316735594846278,-2.767758992912795
4611.963,2.741522291745048,-2.766028270561357
4611.983,2.751371026261029,-2.764297561398512
4612.003,2.761219762986208,-2.7625668653946813
4612.023,2.77106850187561,-2.7608361825258076
4612.043,2.780917242886116,-2.7591055127734894
4612.063,2.790765985976902,-2.7573748561250624
4612.083,2.800614731109859,-2.7556442125736185
4612.103,2.8104678723311127,-2.753916999337864
4612.123,2.820321936424622,-2.752189450092259
4612.143,2.830170924687363,-2.7504591741181423
4612.163,2.8400198953224165,-2.748728895104225
4612.183,2.8498774409050456,-2.747004318107843
4612.203,2.8597303037385697,-2.745277259525262
4612.223,2.8695818179003565,-2.743548586556278
4612.243,2.879430749931757,-2.741818990190185
4612.263,2.8892816384522155,-2.7400906670149925
4612.283,2.8991370680508024,-2.738364108582532
4612.303,2.9089925813856268,-2.736637624930339
4612.323,2.9188481702826343,-2.7349113949658883
4612.343,2.9287038228776807,-2.7331854275536016
4612.363,2.9385595314628583,-2.7314597219633905
4612.383,2.948415291171033,-2.7297342765277324
4612.403,2.9582710989527494,-2.7280090899363625
4612.423,2.968126952730484,-2.7262841610524027
4612.443,2.9779828505383064,-2.724559488309334
4612.463,2.987838789900303,-2.7228350696437653
4612.483,2.997694767470602,-2.7211109020887965
4612.503,3.0075507773867476,-2.719386980089848
4612.523,3.0174068068597375,-2.717663289442185
4612.543,3.0272596029561334,-2.715938159297595
4612.563,3.037109145833949,-2.714212080687431
4612.583,3.046958696530903,-2.7124860672723865
4612.603,3.0568082496854867,-2.7107600686146145
4612.623,3.0666578052992115,-2.7090340842558795
4612.643,3.076507363420086,-2.7073081141942583
4612.663,3.086356924094743,-2.705582158427836
4612.683,3.096206487367565,-2.7038562169502445
4612.703,3.1060560532802506,-2.702130289750509
4612.723,3.115905621871428,-2.700404376812988
4612.743,3.1257551931762793,-2.6986784781173707
4612.763,3.135604767226214,-2.696952593638727
4612.783,3.145454344048565,-2.6952267233476177
4612.803,3.1553039236663403,-2.6935008672102514
4612.823,3.1651570758495913,-2.691779596532432
4612.843,3.1750181951716723,-2.690063066265723
4612.863,3.1848724206035977,-2.6883435789710033
4612.883,3.1947262875662568,-2.686624394724272
4612.903,3.20457839173,-2.684904331464397
4612.923,3.2144306775678464,-2.6831844322096456
4612.943,3.2242829009651546,-2.681464698918128
4612.963,3.234135153233169,-2.6797451238894303
4612.983,3.243987351565682,-2.6780257126973477
4613.003,3.2538435799783567,-2.6763061945682325
4613.023,3.263702004108213,-2.6745881206566304
4613.043,3.273551359481008,-2.672865165475991
4613.063,3.2834013714415815,-2.671141744857405
4613.083,3.2932513862983512,-2.6694183394366506
4613.103,3.303101403719731,-2.667694947567127
4613.123,3.312951423660308,-2.665971569176604
4613.143,3.3228014460753825,-2.6642482042077655
4613.163,3.3326514709188255,-2.6625248526072682
4613.183,3.3425014981435424,-2.6608015143260397
4613.203,3.3523515277019516,-2.6590781893196205
4613.223,3.362201559546483,-2.657354877548467
4613.243,3.372051593630069,-2.6556315789782134
4613.263,3.3819016299066247,-2.6539082935798914
4613.283,3.3917516683315316,-2.652185021330097
4613.303,3.4016017088620862,-2.6504617622111124
4613.323,3.411451751457953,-2.648738516210977
4613.343,3.4213017960815666,-2.647015283323504
4613.363,3.431156689855471,-2.645295998339838
4613.383,3.4410116119195253,-2.6435755539297072
4613.403,3.450861895506689,-2.6418526691384048
4613.423,3.460712137751246,-2.6401298150133727
4613.443,3.4705636461831153,-2.638408491598644
4613.463,3.480414486821661,-2.636686332423673
4613.483,3.4902709864519714,-2.6349668023995787
4613.503,3.500127633718617,-2.6332471555712873
4613.523,3.50998438894742,-2.6315277554421463
4613.543,3.519841223875095,-2.6298086147068425
4613.563,3.5296981229082225,-2.6280897362942213
4613.583,3.539555077650637,-2.6263711194385166
4613.603,3.5494120834444685,-2.624652762867517
4613.623,3.558678742109523,-2.6233327238514295
4613.643,3.5665852371804574,-2.6225100810528397
4613.663,3.572782426963409,-2.622045941294407
4613.683,3.577220365723741,-2.6217881390557873
4613.703,3.5806350692356386,-2.6219437703473267
4613.723,3.5834154707040913,-2.6226879286480504
4613.743,3.585492753311545,-2.623990996385158
4613.763,3.5869074568020887,-2.6258610440234054
4613.783,3.5875775933188647,-2.628292551118477
4613.803,3.5876419193256845,-2.63113772992233
4613.823,3.5878861662297905,-2.63382405846062
4613.843,3.5880964167461062,-2.6365211123976344
4613.863,3.588244109137776,-2.6392206363996946
4613.883,3.588339019996631,-2.6419186267140837
4613.903,3.588385363453316,-2.6446179262394613
4613.923,3.5883856241166865,-2.647316498976551
4613.943,3.5883350865231702,-2.6500156579712195
4613.963,3.5901163601526265,-2.6527867394953066
4613.983,3.595183100030523,-2.6556633733925303
4614.003,3.60198228267076,-2.657982485347322
4614.023,3.610261337228727,-2.6596159998481106
4614.043,3.6199005367038772,-2.6606348675025537
4614.063,3.6298669787951945,-2.6614644075727574
4614.083,3.640185875097205,-2.6620803681377705
4614.103,3.6505850912628515,-2.6626545873334604
4614.123,3.6606235956075897,-2.6634194226847185
4614.143,3.670606703638563,-2.6642099678424525
4614.163,3.680580348029131,-2.6650170960844126
4614.183,3.69055387071168,-2.665824499297261
4614.203,3.7005274148705505,-2.6666317140995055
4614.223,3.710500978530363,-2.6674386713178864
4614.243,3.720474561296027,-2.6682453612901162
4614.263,3.730443456027991,-2.6690544243057057
4614.283,3.7404102784309603,-2.6698643030115603
4614.303,3.750377102261758,-2.6706741510789165
4614.323,3.7603439270780954,-2.671483983860392
4614.343,3.7703107528538946,-2.6722938015011235
4614.363,3.7802775795681103,-2.673103603999299
4614.383,3.790244407202031,-2.673913391345688
4614.403,3.8002112408965587,-2.6747231966017035
4614.423,3.8101828484967495,-2.675529599838151
4614.443,3.820154648822984,-2.6763356641931995
4614.463,3.8301280661076755,-2.677140321618418
4614.483,3.8400997341415404,-2.677946625251052
4614.503,3.850069799913333,-2.6787501060555505
4614.523,3.860044115355216,-2.679554059897399
4614.543,3.870017385125616,-2.680359164224761
4614.563,3.879990685613687,-2.681164146300413
4614.583,3.889964007600933,-2.6819688907099386
4614.603,3.8999373506951995,-2.6827733819273245
4614.623,3.9099107146902523,-2.683577617543718
4614.643,3.919884099419776,-2.684381597017593
4614.663,3.929857504743479,-2.6851853201177116
4614.683,3.9398284750731087,-2.6859899576438035
4614.703,3.949795576456208,-2.6867965933581837
4614.723,3.9597634168560947,-2.687602566193157
4614.743,3.969738154860534,-2.6884038305075095
4614.763,3.979707118529922,-2.6892092219012618
4614.783,3.989674231316678,-2.690015449648853
4614.803,3.999641343755161,-2.6908216588023532
4614.823,4.009608457365294,-2.6916278517281986
4614.843,4.019575572202357,-2.692434028419043
4614.863,4.029542688305427,-2.693240188845515
4614.883,4.039509805712607,-2.694046332983109
4614.903,4.049476924460866,-2.6948524608127604
4614.923,4.059444044585715,-2.6956585723210584
4614.943,4.069411166120881,-2.696464667500402
4614.963,4.079378289098026,-2.6972707463490906
4614.983,4.0893454135464555,-2.698076808871367
4615.003,4.099312539492867,-2.698882855077384
4615.023,4.109279666961114,-2.699688884983127
4615.043,4.119250074480424,-2.7004918002820157
4615.063,4.129220798936481,-2.7012936736428945
4615.083,4.139191733724225,-2.702094708136222
4615.103,4.149163905339425,-2.7028947986293543
4615.123,4.159134679654269,-2.7036964661962215
4615.143,4.1691056852383745,-2.7044965914269845
4615.163,4.179076747556372,-2.705297290590101
4615.183,4.189047461460861,-2.70609749378023
4615.203,4.199019262692297,-2.706897500341747
4615.223,4.208460374041704,-2.7073936183364897
4615.243,4.21647698729753,-2.7074550082771958
4615.263,4.222823512827874,-2.7074729087274787
4615.283,4.227501433035944,-2.7075388888459737
4615.303,4.231154609002269,-2.707840385375652
4615.323,4.234015285633312,-2.7085837301696656
4615.343,4.236119307086637,-2.7098521927797896
4615.363,4.2374077931722285,-2.7116244770167817
4615.383,4.237884591056816,-2.7138336251081676
4615.403,4.237662734352388,-2.716406015549815
4615.423,4.237193604626889,-2.7190941260124313
4615.443,4.236733009815897,-2.721753864044641
4615.463,4.236224539300457,-2.724405119333224
4615.483,4.235668434608307,-2.7270467862658565
4615.503,4.235064877175488,-2.7296780073301026
4615.523,4.234414063052355,-2.732297930494081
4615.543,4.2337162035626035,-2.734905707472494
4615.563,4.232971525236528,-2.737500493982229
4615.583,4.232180269732473,-2.7400814500128474
4615.603,4.2313426937534135,-2.7426477400955602
4615.623,4.230459068958851,-2.7451985335704503
4615.643,4.229529681872017,-2.7477330048518134
4615.663,4.2285548337824865,-2.7502503336915365
4615.683,4.227534840644257,-2.7527497054403796
4615.703,4.22647003296937,-2.7552303113070558
4615.723,4.225360755717196,-2.7576913486150088
4615.743,4.224207368179414,-2.760132021056757
4615.763,4.2230102438608865,-2.7625515389457322
4615.783,4.221769770356446,-2.7649491194655043
4615.803,4.220486349223788,-2.7673239869162947
4615.823,4.219160395852543,-2.7696753729587273
4615.843,4.217792339329695,-2.772002516854751
4615.863,4.216382622301437,-2.7743046657056634
4615.883,4.214931700831607,-2.7765810746872392
4615.903,4.21344004425682,-2.7788310072819318
4615.923,4.211908135038399,-2.781053735508156
4615.943,4.210336468611203,-2.7832485401466847
4615.963,4.208725553229416,-2.7854147109641922
4615.983,4.207075909809382,-2.787551546934017
4616.003,4.205388071769483,-2.7896583564542192
4616.023,4.203662584867087,-2.791734457563035
4616.043,4.201900007032532,-2.7937791781518047
4616.063,4.2001009082001,-2.7957918561755144
4616.083,4.199643316321032,-2.7990540434409863
4616.103,4.201607170750827,-2.804539428507995
4616.123,4.205247838420863,-2.810732608149816
4616.143,4.210457373372398,-2.817371494330639
4616.163,4.217151483787395,-2.8244150817144984
4616.183,4.224166089684839,-2.831543158879311
4616.203,4.231357124924595,-2.838855428785032
4616.223,4.238646498752597,-2.8462690853547574
4616.243,4.245697881239017,-2.853437373199858
4616.263,4.252713758187678,-2.8605700073397644
4616.283,4.2597298813659865,-2.8676983357585817
4616.303,4.266745955938068,-2.874826645298101
4616.323,4.273762106604741,-2.881954898901114
4616.343,4.280778333123373,-2.889083093401226
4616.363,4.287794633977947,-2.896211227158708
4616.383,4.294811008112061,-2.9033392990683615
4616.403,4.301827453590597,-2.9104673086952224
4616.423,4.308843969100913,-2.917595255483723
4616.443,4.315860553036738,-2.924723139101615
4616.463,4.322877204383909,-2.931850959199487
4616.483,4.329893921897057,-2.938978715563996
4616.503,4.336910704278412,-2.946106408021903
4616.523,4.3439275501948895,-2.953234036433806
4616.543,4.350944458294136,-2.9603616006935702
4616.563,4.3579614272458,-2.9674891007321667
4616.583,4.364978455442172,-2.974616536619128
4616.603,4.371995540969377,-2.981743908319736
4616.623,4.379012681431984,-2.988871215961093
4616.643,4.386029874751915,-2.995998459381174
4616.663,4.393047118069137,-3.003125638789481
4616.683,4.39951234426354,-3.0097156319803213
4616.703,4.404707814144769,-3.0150434956908136
4616.723,4.408461861379726,-3.0189058346310484
4616.743,4.410884481741207,-3.0219178327333878
4616.763,4.4121148177713945,-3.0246357681791856
4616.783,4.412307896939217,-3.0270868913857525
4616.803,4.411504645104272,-3.0292629663071384
4616.823,4.409748651760622,-3.0311477411884535
4616.843,4.407714848558083,-3.032923555042268
4616.863,4.405649644904066,-3.034662131557649
4616.883,4.403553478745402,-3.036363263929201
4616.903,4.401427026232921,-3.0380264042665748
4616.923,4.399270975351437,-3.0396510135190167
4616.943,4.397086023795511,-3.041236564960063
4616.963,4.394872878737541,-3.042782544398771
4616.983,4.392632256606898,-3.044288450357012
4617.003,4.3903648828640875,-3.045753794243753
4617.023,4.388071491769786,-3.0471781005263296
4617.043,4.385752826148773,-3.048560906898388
4617.063,4.383409637148837,-3.04990176444415
4617.083,4.381042683994807,-3.051200237798653
4617.103,4.378652733737888,-3.0524559053036144
4617.123,4.3762405610005715,-3.053668359158582
4617.143,4.373806947717368,-3.054837205567059
4617.163,4.371352682871726,-3.055962064877307
4617.183,4.368878562229471,-3.0570425717175818
4617.203,4.366385388069086,-3.0580783751255693
4617.223,4.363873968909288,-3.05906913867186
4617.243,4.361345119234155,-3.0600145405773116
4617.263,4.358799659216265,-3.0609142738242254
4617.283,4.356238414438102,-3.0617680462612658
4617.303,4.354221059690697,-3.064372570237615
4617.323,4.3532018623436946,-3.0701089772670493
4617.343,4.353286738418748,-3.077292231018556
4617.363,4.354512109632602,-3.0856413606851523
4617.383,4.35682536856787,-3.0950790753894295
4617.403,4.359374885979908,-3.10474949812494
4617.423,4.361817410155618,-3.114758355493625
4617.443,4.364251350976321,-3.124878142064615
4617.463,4.3667783566980605,-3.1345984433343266
4617.483,4.369309131781419,-3.1442841234930605
4617.503,4.37183673055124,-3.1539737319111474
4617.523,4.374366387109064,-3.163658279380237
4617.543,4.376902318792081,-3.173331016430077
4617.563,4.379438177468882,-3.1830037519626875
4617.583,4.381974022717528,-3.1926764909822083
4617.603,4.3845098550635395,-3.2023492334983974
4617.623,4.387045674489327,-3.2120219794550877
4617.643,4.389581480975049,-3.221694728794478
4617.663,4.392117274504038,-3.231367481458396
4617.683,4.394653055063261,-3.2410402373887988
4617.703,4.3971888226437015,-3.2507129965282693
4617.723,4.399724577240688,-3.260385758820514
4617.743,4.402260318854162,-3.270058524210844
4617.763,4.404796047488884,-3.2797312926466566
4617.783,4.4073317631545965,-3.289404064077887
4617.803,4.409867465866119,-3.2990768384574505
4617.823,4.412403155643362,-3.3087496157416476
4617.843,4.414938832511317,-3.3184223958905417
4617.863,4.417474496499967,-3.32809517886831
4617.883,4.420010147644135,-3.337767964643542
4617.903,4.42254578598329,-3.3474407531895065
4617.923,4.425078921428028,-3.3571192782313712
4617.943,4.427614459593016,-3.3667921983398736
4617.963,4.430149842859436,-3.376465051889688
4617.983,4.432685210824894,-3.386137908654617
4618.003,4.43522056603123,-3.395810768199886
4618.023,4.437754015368599,-3.4054870471212038
4618.043,4.440282178682351,-3.415167607485442
4618.063,4.4428161956535455,-3.424842322481304
4618.083,4.445351125101639,-3.4345152927182756
4618.103,4.447886028563539,-3.444188268087003
4618.123,4.4504209194722275,-3.4538612463772163
4618.143,4.452955798022561,-3.4635342275979464
4618.163,4.4554906642906715,-3.47320721178105
4618.183,4.458021243579973,-3.48288279704606
4618.203,4.460555812874643,-3.4925558925608096
4618.223,4.463090459536141,-3.502228935442774
4618.243,4.4656250847771215,-3.5119019819746526
4618.263,4.468159501716396,-3.5215768586604876
4618.283,4.4706888794621245,-3.531262161191194
4618.303,4.473222112864524,-3.540937171425021
4618.323,4.475753189868458,-3.550619623589136
4618.343,4.478282921703792,-3.560300183169701
4618.363,4.480816634684355,-3.569974037626961
4618.383,4.483350496684825,-3.5796472765991876
4618.403,4.485884318818696,-3.5893205348291004
4618.423,4.488418128424325,-3.5989937969440615
4618.443,4.490951925772755,-3.6086670628151207
4618.463,4.493485710893219,-3.6183403324653227
4618.483,4.496019483805303,-3.628013605916195
4618.503,4.498553244521244,-3.6376868831858076
4618.523,4.501086993046231,-3.6473601642884317
4618.543,4.503620729378771,-3.657033449234261
4618.563,4.506154453511085,-3.666706738029183
4618.583,4.508688165429538,-3.676380030674591
4618.603,4.510701779061302,-3.6854724451666216
4618.623,4.511958891776039,-3.6931499681116358
4618.643,4.512972505202392,-3.699196391016442
4618.663,4.514015309424369,-3.7035752786541374
4618.683,4.5152985634781,-3.7069732911846143
4618.703,4.517018011453098,-3.7096120018130723
4618.723,4.519016911856313,-3.7114214883562253
4618.743,4.521059215958138,-3.7121582047094184
4618.763,4.523348542875036,-3.7120441884165296
4618.783,4.525907156142167,-3.71131395618083
4618.803,4.528531686601646,-3.7105316961388204
4618.823,4.531058374869468,-3.709595851330847
4618.843,4.533568083075919,-3.708601475237341
4618.863,4.53605945530175,-3.707562126405261
4618.883,4.53853170875791,-3.706478111548125
4618.903,4.540984043775527,-3.7053497818656957
4618.923,4.543415666872637,-3.7041775031661497
4618.943,4.545825791340467,-3.702961655412138
4618.963,4.548213637493409,-3.7017026325896567
4618.983,4.550578432911906,-3.700400842576767
4619.003,4.55291941268262,-3.69905670700868
4619.023,4.555235819635849,-3.697670661139291
4619.043,4.557526904580098,-3.6962431536992795
4619.063,4.559791926533804,-3.694774646750905
4619.083,4.5620301529541125,-3.6932656155396018
4619.103,4.564240859962726,-3.6917165483425065
4619.123,4.566423332568835,-3.690127946314008
4619.143,4.568576864889117,-3.688500323328418
4619.163,4.5707007603648675,-3.6868342058198347
4619.183,4.572794331976337,-3.685130132619252
4619.203,4.574856902454338,-3.6833886547889274
4619.223,4.576887804489219,-3.6816103354540255
4619.243,4.578886380937323,-3.6797957496314764
4619.263,4.580851985025041,-3.677945484056006
4619.283,4.582783980550562,-3.6760601370032098
4619.303,4.584681742083453,-3.674140318109555
4619.323,4.586544655162146,-3.6721866481891494
4619.343,4.588372116489417,-3.67019975904707
4619.363,4.59016353412591,-3.668180293289067
4619.383,4.5919183276817375,-3.666128904127423
4619.403,4.59363592850613,-3.6640462551827295
4619.423,4.5953157798750865,-3.6619330202813782
4619.443,4.596957337176934,-3.659789883248577
4619.463,4.598560068095635,-3.6576175376966846
4619.483,4.600123452791705,-3.655416686808749
4619.503,4.603203011498654,-3.654246473296935
4619.523,4.6089873728648705,-3.654944531933426
4619.543,4.615833967434016,-3.657120510314291
4619.563,4.623463223201108,-3.660727361643043
4619.583,4.631816377122109,-3.6656920522819583
4619.603,4.640323040029643,-3.670950486248318
4619.623,4.6490999743201415,-3.6762735770524912
4619.643,4.657977167437645,-3.6816474514271453
4619.663,4.6664914404908515,-3.6869083867975596
4619.683,4.675004087056738,-3.6921641291157252
4619.703,4.683519044479713,-3.697419065518209
4619.723,4.692033724048661,-3.7026739192413136
4619.743,4.700546452796263,-3.707928994693733
4619.763,4.709060068258866,-3.713184165661745
4619.783,4.717575557628122,-3.718438316268688
4619.803,4.72608654419759,-3.7236932379986776
4619.823,4.734597030466957,-3.7289469854897708
4619.843,4.743105485114439,-3.7342015276668543
4619.863,4.751614090451962,-3.739454806311143
4619.883,4.760122364698064,-3.744708418281386
4619.903,4.768630640036523,-3.749962027299258
4619.923,4.777138919643501,-3.7552156303065343
4619.943,4.785647203602157,-3.760469227328486
4619.963,4.79415549196222,-3.765722818412797
4619.983,4.802663784768642,-3.7709764036024556
4620.003,4.811172082061355,-3.7762299829352415
4620.023,4.819680383874779,-3.781483556443506
4620.043,4.828188690237385,-3.7867371241539916
4620.063,4.836697001171344,-3.791990686087715
4620.083,4.845205316692214,-3.7972442422598887
4620.103,4.853182808446089,-3.80198566166534
4620.123,4.859914431103257,-3.8055403781612207
4620.143,4.865021719939188,-3.8080696178827322
4620.163,4.868642442473457,-3.809735002352484
4620.183,4.8717262682884845,-3.810512121104826
4620.203,4.874398381020665,-3.8104680926847814
4620.223,4.87665451899286,-3.809610175708871
4620.243,4.878329346923949,-3.807875619089358
4620.263,4.879637192395538,-3.805527332870854
4620.283,4.880890325465281,-3.803136190474733
4620.303,4.882100203587663,-3.800722890949108
4620.323,4.883266459292357,-3.798288196785609
4620.343,4.884388714269541,-3.7958328963088497
4620.363,4.885466604162912,-3.793357784820984
4620.383,4.886499778947889,-3.790863664174359
4620.403,4.887487903062793,-3.788351342501546
4620.423,4.88843065553193,-3.7858216339433546
4620.443,4.889327730082746,-3.783275358373776
4620.463,4.8901788352569096,-3.7807133411222416
4620.483,4.890983694515158,-3.7781364126935904
4620.503,4.891742046335854,-3.7755454084861118
4620.523,4.892453644307147,-3.772941168507999
4620.543,4.893118257212764,-3.770324537092558
4620.563,4.893735669111417,-3.7676963626124578
4620.583,4.894305679409894,-3.7650574971932733
4620.603,4.89482810292987,-3.7624087964265547
4620.623,4.89530276996857,-3.759751119082628
4620.643,4.895729526353318,-3.7570853268232693
4620.663,4.896108233490134,-3.7544122839144083
4620.683,4.896438768406455,-3.7517328569389568
4620.703,4.896721023788094,-3.749047914509855
4620.723,4.896954908010539,-3.746358326983405
4620.743,4.897140345164712,-3.7436649661729295
4620.763,4.897277275077259,-3.7409687050628215
4620.783,4.8973656533254415,-3.738270417522991
4620.803,4.897405451246764,-3.7355709780237523
4620.823,4.897401545350911,-3.732873409678992
4620.843,4.897358462637696,-3.7301782983883083
4620.863,4.897266878714015,-3.7274841842514217
4620.883,4.897124844138616,-3.7247920935789263
4620.903,4.896936488289095,-3.722103672325964
4620.923,4.896699663027367,-3.7194191859370047
4620.943,4.896412580282896,-3.7167393331641914
4620.963,4.89607941169973,-3.7140656977098447
4620.983,4.895698019385858,-3.7113985571291637
4621.003,4.895266700462543,-3.708738674719692
4621.023,4.89478965855672,-3.706087538581257
4621.043,4.894264821837756,-3.7034454766259968
4621.063,4.893690534010622,-3.700813267408996
4621.083,4.893071017566067,-3.698192298177305
4621.103,4.892404254969711,-3.69558294369847
4621.123,4.891688653776523,-3.692986015128844
4621.143,4.890928449803763,-3.6904027930297936
4621.163,4.890121683181788,-3.6878336963822784
4621.183,4.88926683156324,-3.6852795615217064
4621.203,4.888366194261924,-3.6827413597517333
4621.223,4.887408066964285,-3.680217700708692
4621.243,4.886404644652416,-3.677711590281081
4621.263,4.885356283063884,-3.6752239498854253
4621.283,4.88426332226538,-3.672755585663198
4621.303,4.8831261164213755,-3.67030729645393
4621.323,4.881945033951043,-3.6678798745291123
4621.343,4.8807204574078105,-3.6654741053535167
4621.363,4.879452783352498,-3.6630907673399022
4621.383,4.878142422222692,-3.6607306316062553
4621.403,4.876789798198514,-3.658394461735681
4621.423,4.877004608768412,-3.655107468762169
4621.443,4.880042032548298,-3.65013544386577
4621.463,4.884865086295905,-3.6448111395017464
4621.483,4.89131484842219,-3.639369173623757
4621.503,4.899300415810624,-3.633832603060034
4621.523,4.907616983314964,-3.628278425852487
4621.543,4.916191649937453,-3.6226399712027315
4621.563,4.924911763671563,-3.6169397819123468
4621.583,4.93327849013576,-3.6113724557859124
4621.603,4.941598875798194,-3.6058212580390396
4621.623,4.949920801745128,-3.6002700655438025
4621.643,4.958246075231337,-3.5947190554496564
4621.663,4.966564699996078,-3.589167423134441
4621.683,4.974882621928521,-3.583617355725645
4621.703,4.9832045619736745,-3.578065925407941
4621.723,4.991525400068671,-3.572513005359465
4621.743,4.999846885054679,-3.566960528205764
4621.763,5.008165561712596,-3.5614094871514945
4621.783,5.016483377155666,-3.555859259658758
4621.803,5.024801197425887,-3.550309044009635
4621.823,5.033119021208344,-3.544758833328686
4621.843,5.041436848558241,-3.5392086274932124
4621.863,5.0497546795375,-3.533658426446974
4621.883,5.058072514204364,-3.5281082301355218
4621.903,5.066390352612645,-3.522558038505949
4621.923,5.074708194811108,-3.5170078515072793
4621.943,5.0830260408429035,-3.511457669090838
4621.963,5.091343890745045,-3.505907491210608
4621.983,5.099661744547978,-3.5003573178235703
4622.003,5.107979602275193,-3.4948071488900108
4622.023,5.11629746394292,-3.489256984373806
4622.043,5.12406936158087,-3.484235946674693
4622.063,5.1305391106401865,-3.480472436243927
4622.083,5.135478187361933,-3.4778642807807247
4622.103,5.138689968135211,-3.4753809675090275
4622.123,5.140658081322039,-3.47294789242326
4622.143,5.14147945559779,-3.470575105431223
4622.163,5.14128957298014,-3.468270047900888
4622.183,5.140097304342823,-3.466059859007739
4622.203,5.138467032935113,-3.4639124533651557
4622.223,5.136792014755493,-3.4617954450888844
4622.243,5.13507916426148,-3.4597089342512315
4622.263,5.133329037106472,-3.457653581799411
4622.283,5.131542199206209,-3.4556300526635417
4622.303,5.129719228303365,-3.453639001700144
4622.323,5.127860713823442,-3.4516810733544907
4622.343,5.125967256698476,-3.4497569014579983
4622.363,5.124039469187173,-3.447867109028926
4622.383,5.122077974691699,-3.4460123080750105
4622.403,5.1200834075709425,-3.4441930993979404
4622.423,5.118056412950004,-3.442410072399653
4622.443,5.1159976465257,-3.4406638048904488
4622.463,5.113907774367824,-3.438954862898949
4622.483,5.1117874727159895,-3.437283800483989
4622.503,5.1096374277717915,-3.4356511595485646
4622.523,5.1074583354861725,-3.434057469656002
4622.543,5.105250901341784,-3.432503247848553
4622.563,5.103015840130323,-3.43098899846867
4622.583,5.100753875724736,-3.4295152129832447
4622.603,5.0984657408463345,-3.428082369811115
4622.623,5.096152176826875,-3.4266909341541747
4622.643,5.093813933365735,-3.4253413578324174
4622.663,5.0914517682823615,-3.424034079123265
4622.683,5.089066447264209,-3.422769522605506
4622.703,5.086658743610451,-3.4215480990081595
4622.723,5.084229437971779,-3.420370205064567
4622.743,5.081779318086604,-3.419236223371951
4622.763,5.07930917851404,-3.418146522256691
4622.783,5.07681982036401,-3.4171014556454864
4622.803,5.074312051024867,-3.416101362942545
4622.823,5.07178668388885,-3.415146568912912
4622.843,5.0692445380757425,-3.4142373835719915
4622.863,5.066686438155029,-3.41337410208129
4622.883,5.064113213866859,-3.412557004650357
4622.903,5.061525699842043,-3.4117863564448956
4622.923,5.058924735321328,-3.411062407500972
4622.943,5.056311163874151,-3.4103853926452365
4622.963,5.053685833116997,-3.409755531421058
4622.983,5.051049594431512,-3.409173028020465
4623.003,5.048403302682453,-3.408638071221774
4623.023,5.045747815935561,-3.4081508343328073
4623.043,5.04308399517541,-3.407711475139572
4623.063,5.040412704023239,-3.407320135860315
4623.083,5.03773480845482,-3.4069769431048536
4623.103,5.035051176518358,-3.406682007839098
4623.123,5.032362678052426,-3.406435425354686
4623.143,5.029670184403938,-3.406237275243702
4623.163,5.026974568146163,-3.406087621378384
4623.183,5.024343112254331,-3.4041057757353763
4623.203,5.021850280473272,-3.398839683094949
4623.223,5.020041950779551,-3.3918872571297953
4623.243,5.019027137234534,-3.3835099322456963
4623.263,5.018775473561894,-3.373796163585505
4623.283,5.018690544552986,-3.3637956585096798
4623.303,5.018647014722727,-3.353443725958922
4623.323,5.018593227476773,-3.342934326933313
4623.343,5.0185278392604085,-3.332868521081298
4623.363,5.018454697106511,-3.3228609068611434
4623.383,5.018376733476983,-3.31285451203789
4623.403,5.018299299698732,-3.302848073724478
4623.423,5.018222187040742,-3.2928416291262126
4623.443,5.018145383175611,-3.2828351799661135
4623.463,5.018068885091101,-3.2728287275719503
4623.483,5.017992691109372,-3.2628222730879086
4623.503,5.017916798665583,-3.2528158180819333
4623.523,5.017841203611659,-3.242809365228828
4623.543,5.01776589661749,-3.2328029200792714
4623.563,5.017689837591925,-3.2227978449245733
4623.583,5.017610420556929,-3.2127984746167746
4623.603,5.01753124166352,-3.202799118256546
4623.623,5.017452082050857,-3.192799761661302
4623.643,5.017372939695784,-3.1828004046240808
4623.663,5.01729381458158,-3.1728010470869172
4623.683,5.01721470670583,-3.162801688996387
4623.703,5.017135616061946,-3.1528023303026513
4623.723,5.017056542639008,-3.1428029709599756
4623.743,5.016977486421821,-3.132803610927216
4623.763,5.016898447391032,-3.1228042501682634
4623.783,5.016819425523276,-3.112804888652437
4623.803,5.016740420791376,-3.1028055263548135
4623.823,5.016661433164579,-3.092806163256509
4623.843,5.016582462608825,-3.082806799344888
4623.863,5.016503509087062,-3.0728074346137175
4623.883,5.016424572559586,-3.0628080690632498
4623.903,5.0163456529844,-3.0528087027002377
4623.923,5.016266750317621,-3.0428093355378962
4623.943,5.016187864513889,-3.0328099675957825
4623.963,5.016108995526789,-3.0228105988996194
4623.983,5.016030143309308,-3.0128112294810574
4624.003,5.015951307814269,-3.002811859377374
4624.023,5.015872488994789,-2.992812488631116
4624.043,5.0157936868047415,-2.9828131172896866
4624.063,5.015714901199179,-2.9728137454048924
4624.083,5.0156361321347855,-2.962814373032431
4624.103,5.015557379570278,-2.952815000231349
4624.123,5.015484364291756,-2.942807599121804
4624.143,5.01541678832483,-2.932796043170097
4624.163,5.015343133816275,-2.922792626237586
4624.183,5.015265291167201,-2.9127932409276824
4624.203,5.015187478604194,-2.902793860703888
4624.223,5.015109682533844,-2.8927944804691217
4624.243,5.0150319028149655,-2.8827951002343357
4624.263,5.014954139431136,-2.8727957200639653
4624.283,5.0148763923716695,-2.862796340020613
4624.303,5.014798661630586,-2.852796960163855
4624.323,5.014720947206631,-2.8427975805496706
4624.343,5.014643249103258,-2.8327982012299
4624.363,5.014565567328565,-2.8227988222517553
4624.383,5.014487901895181,-2.8127994436573682
4624.403,5.0144156336971495,-2.802793859338171
4624.423,5.014344623508318,-2.792788102553286
4624.443,5.014276403389326,-2.7827790763702107
4624.463,5.014205815194955,-2.7727739669500178
4624.483,5.01413633470178,-2.7627675239108225
4624.503,5.014064190869363,-2.7527637382476833
4624.523,5.013992139295755,-2.742759417508178
4624.543,5.013920832959828,-2.7327539548765154
4624.563,5.013849325654583,-2.7227497543484094
4624.583,5.013776438141934,-2.7127483540320254
4624.603,5.013708533383722,-2.7027393555651544
4624.623,5.013638069679853,-2.692732871321364
4624.643,5.013567732205006,-2.6827263663682266
4624.663,5.013497673708412,-2.672719857320994
4624.683,5.0134279154975046,-2.6627133460520622
4624.703,5.013358460599347,-2.65270683306101
4624.723,5.013289308805876,-2.6427003187622007
4624.743,5.013220458882081,-2.6326938040138703
4624.763,5.013151908995079,-2.6226872900059597
4624.783,5.01308365462964,-2.6126807794565905
4624.803,5.0130156847919505,-2.6026742787345523
4624.823,5.012946451617375,-2.5926698505664167
4624.843,5.012874420568149,-2.582670429730656
4624.863,5.012802545087155,-2.5726710180631596
4624.883,5.01273068819038,-2.562671606112701
4624.903,5.012658848636566,-2.5526721937219685
4624.923,5.0125870264156,-2.5426727808339975
4624.943,5.012515221524503,-2.532673367395944
4624.963,5.012443433956054,-2.522673953358632
4624.983,5.012371663698693,-2.5126745386770684
4625.003,5.012299910736602,-2.5026751233109223
4625.023,5.01222817504981,-2.4926757072249646
4625.043,5.0121564566143615,-2.4826762903894455
4625.063,5.012084755402522,-2.472676872780421
4625.083,5.012013071383008,-2.462677454380023
4625.103,5.011941404521274,-2.4526780351766524
4625.123,5.011869754779834,-2.44267861516513
4625.143,5.011798122118593,-2.4326791943467656
4625.163,5.011726506495233,-2.4226797727293663
4625.183,5.0116549078656,-2.412680350327178
4625.203,5.011583326184127,-2.4026809271607634
4625.223,5.011511761404266,-2.392681503256815
4625.243,5.011440213478933,-2.382682078647902
4625.263,5.011368682360952,-2.372682653372165
4625.283,5.011297168003517,-2.3626832274729486
4625.303,5.011225670360632,-2.3526838009983817
4625.323,5.011154189387565,-2.3426843740009105
4625.343,5.011082725041272,-2.3326849465367863
4625.363,5.011011277280818,-2.32268551866552
4625.383,5.010946368674147,-2.3126778935156893
4625.403,5.010886048811387,-2.302666581540411
4625.423,5.010817141021969,-2.292666210023962
4625.443,5.0107579255594,-2.2826546081577064
4625.463,5.010687785149732,-2.2726551741157657
4625.483,5.010617657316114,-2.262655736862082
4625.503,5.010547545864784,-2.2526562996030464
4625.523,5.010477450828548,-2.2426568624399352
4625.543,5.010407372198799,-2.232657425434782
4625.563,5.010337309971061,-2.2226579886460933
4625.583,5.010267264145527,-2.2126585521287114
4625.603,5.010197234727059,-2.202659115933287
4625.623,5.010129673442745,-2.192656484728827
4625.643,5.010075130964063,-2.1826385777447315
4625.663,5.010021448831551,-2.1726207956990002
4625.683,5.009968632695882,-2.16260313223161
4625.703,5.009916700037005,-2.1525856030235473
4625.723,5.009865658094471,-2.1425682132368977
4625.743,5.009815521431323,-2.132550967728418
4625.763,5.009762656366549,-2.1225392559569
4625.783,5.009704099698065,-2.112534373648793
4625.803,5.009644245908105,-2.1025306334554785
4625.823,5.009581858734097,-2.0925309519581483
4625.843,5.009519479104746,-2.082531430204517
4625.863,5.009457266384954,-2.072531971023687
4625.883,5.009395316463343,-2.062532666403195
4625.903,5.009336075640821,-2.0525299474766063
4625.923,5.009277621376139,-2.0425234026025176
4625.943,5.009219269179715,-2.0325168144032024
4625.963,5.00916119861808,-2.02251022274976
4625.983,5.009103428909406,-2.0125036297935366
4626.003,5.0090459613954055,-2.0024970367053427
4626.023,5.00898879441137,-1.992490444791249
4626.043,5.008931922695142,-1.9824838572195451
4626.063,5.008875332497931,-1.9724772815483886
4626.083,5.0088165129425,-1.9624741866976945
4626.103,5.0087558843282505,-1.9524746961844177
4626.123,5.008695327602636,-1.942475209327426
4626.143,5.008634788842589,-1.9324757221382654
4626.163,5.008574267561186,-1.9224762345175397
4626.183,5.0085137637547605,-1.91247674640938
4626.203,5.008453277419841,-1.9024772577615268
4626.223,5.0083928085486376,-1.8924777685254677
4626.243,5.008332357129017,-1.8824782786569485
4626.263,5.008271923144592,-1.8724787881164486
4626.283,5.008211506574835,-1.8624792968696084
4626.303,5.008151107395259,-1.8524798048876014
4626.323,5.008090725577608,-1.8424803121474493
4626.343,5.008030361090127,-1.8324808186322785
4626.363,5.007970013897827,-1.822481324331513
4626.383,5.007909683962822,-1.8124818292410045
4626.403,5.0078493712446726,-1.802482333363096
4626.423,5.007789075700754,-1.7924828367066186
4626.443,5.007728797286681,-1.782483339286823
4626.463,5.007668535956709,-1.7724838411252462
4626.483,5.007608291664171,-1.762484342249516
4626.503,5.00754806436193,-1.752484842693088
4626.523,5.007487854002828,-1.7424853424949305
4626.543,5.007427660540141,-1.732485841699148
4626.563,5.007367483928026,-1.7224863403545563
4626.583,5.007307324121962,-1.7124868385142062
4626.603,5.007247181079184,-1.702487336234869
4626.623,5.007187407107116,-1.692487168703783
4626.643,5.0071351859918956,-1.6824783084574912
4626.663,5.007089851712886,-1.6724618060831753
4626.683,5.007043189140013,-1.6624485558384008
4626.703,5.006992194919344,-1.6524415378202837
4626.723,5.00694134040337,-1.642434818386361
4626.743,5.006890567506898,-1.6324263901815106
4626.763,5.006833162274705,-1.622426880989259
4626.783,5.006775856555226,-1.6124273626512193
4626.803,5.006718568171423,-1.6024278443717606
4626.823,5.0066612963891295,-1.5924283263130972
4626.843,5.006604041200927,-1.5824288085318678
4626.863,5.006546802610686,-1.5724292910792321
4626.883,5.0064895806270036,-1.5624297740015178
4626.903,5.006432375263042,-1.5524302573398046
4626.923,5.00637518653634,-1.5424307411295424
4626.943,5.006319779567655,-1.5324299358274578
4626.963,5.006263374256144,-1.5224292854852302
4626.983,5.006211359101821,-1.5124249218256822
4627.003,5.006164364504663,-1.5024157061415477
4627.023,5.006112041400972,-1.4924115925795212
4627.043,5.006059014281299,-1.4824091290449224
4627.063,5.00600617457192,-1.4724066969810472
4627.083,5.005953547550786,-1.4624043125466022
4627.103,5.0059023926266715,-1.4523999175673241
4627.123,5.0058516453953334,-1.4423943176526646
4627.143,5.005801010175831,-1.4323915580974396
4627.163,5.005750789153367,-1.4223870922618795
4627.183,5.005704748179887,-1.412378787692843
4627.203,5.005656303060267,-1.4023732594187983
4627.223,5.005608975594272,-1.3923662737456473
4627.243,5.005562793807074,-1.3823601965255428
4627.263,5.005517378578233,-1.372351515675842
4627.283,5.005470397784715,-1.362346010823182
4627.303,5.005425033646573,-1.3523401951933076
4627.323,5.00538166599301,-1.3423299555786279
4627.343,5.005335293982258,-1.3323270999081334
4627.363,5.005318250096434,-1.3229408748045863
4627.383,5.005322295675987,-1.3149548380430454
4627.403,5.0053120766470816,-1.3086658977399677
4627.423,5.005356986358717,-1.3040397657906102
4627.443,5.005783277251105,-1.300269486795259
4627.463,5.0066485711153295,-1.2972563875303917
4627.483,5.007963786880903,-1.294985211016914
4627.503,5.009713262099087,-1.2934991254553434
4627.523,5.011905887335449,-1.292779268375518
4627.543,5.014509094111538,-1.2927600048317678
4627.563,5.0171993069949075,-1.2929237111640544
4627.583,5.019886096670051,-1.2931377898759384
4627.603,5.0225679937428875,-1.293398115284503
4627.623,5.025244737349266,-1.293706742392845
4627.643,5.02791543558628,-1.2940654985497917
4627.663,5.030578707911622,-1.2944702036363511
4627.683,5.033234232973154,-1.294922879508229
4627.703,5.035881118220284,-1.2954252790877945
4627.723,5.038518064492682,-1.2959731940335293
4627.743,5.041144709047735,-1.2965686095172693
4627.763,5.043760133361991,-1.297213201338942
4627.783,5.046363130918711,-1.2979027446046252
4627.803,5.0489533004364215,-1.2986391796946857
4627.823,5.051529699157029,-1.299424102941104
4627.843,5.054091216151214,-1.300253284505375
4627.863,5.056637413777506,-1.301128612525489
4627.883,5.059167328045473,-1.302051601432547
4627.903,5.061679945134749,-1.303018027846167
4627.923,5.064176821950409,-1.3040433260765079
4627.943,5.066655128451488,-1.305113477314296
4627.963,5.069113766367623,-1.3062280553947332
4627.983,5.071551937753972,-1.3073866982182862
4628.003,5.073968853720588,-1.308589030119035
4628.023,5.0763637323555315,-1.3098346613741525
4628.043,5.078735798946018,-1.3111231883286638
4628.063,5.08108428621859,-1.312454193529554
4628.083,5.083408434576846,-1.3138272458634983
4628.103,5.085707492336391,-1.315241900698051
4628.123,5.087980715956993,-1.3166977000261688
4628.143,5.090227370271853,-1.3181941726139623
4628.163,5.092446728713987,-1.3197308341515483
4628.183,5.094638073539703,-1.3213071874069087
4628.203,5.096800696049147,-1.3229227223826552
4628.223,5.098933896804009,-1.3245769164756178
4628.243,5.101036985842388,-1.3262692346392015
4628.263,5.104318460879283,-1.3265571402656546
4628.283,5.109694620825845,-1.324311466061864
4628.303,5.115690777438999,-1.3203545502442842
4628.323,5.122050732857052,-1.3148077745044249
4628.343,5.128737806373845,-1.307757474824154
4628.363,5.135492597824087,-1.300382745673604
4628.383,5.142407969915918,-1.292808832870358
4628.403,5.149403583589649,-1.2851402721971639
4628.423,5.156193926254713,-1.2777264914507016
4628.443,5.16294855899344,-1.2703342329124645
4628.463,5.1697071186892956,-1.2629522877632826
4628.483,5.1764606036075556,-1.2555768129555351
4628.503,5.183213879404876,-1.2482022530327113
4628.523,5.189967148442876,-1.2408276834180083
4628.543,5.196720415217143,-1.2334531128564945
4628.563,5.203473679760044,-1.2260785414396738
4628.583,5.210226942070651,-1.2187039691654995
4628.603,5.21698020215275,-1.211329396023677
4628.623,5.223733460015206,-1.2039548219967202
4628.643,5.23048930394302,-1.1965776277299385
4628.663,5.23724541594599,-1.1892011342072522
4628.683,5.244001678812299,-1.1818236959914223
4628.703,5.250757432327356,-1.1744462743972732
4628.723,5.257513863139189,-1.1670692685740807
4628.743,5.2642694055188475,-1.1596933159725353
4628.763,5.2704755314023854,-1.1528544509899954
4628.783,5.275416836271439,-1.1472836728910178
4628.803,5.278928783238136,-1.1431908245518623
4628.823,5.281829302262029,-1.1405632269381427
4628.843,5.284433002571182,-1.1391383473436127
4628.863,5.2868252830276425,-1.1387796296957124
4628.883,5.289006867941385,-1.139403803820136
4628.903,5.290947046731693,-1.1410377256116975
4628.923,5.2928271543490135,-1.1429774789583553
4628.943,5.294670092302364,-1.144949860610443
4628.963,5.296477246336943,-1.14695511148653
4628.983,5.298248026234035,-1.1489925686302518
4629.003,5.299981858653365,-1.1510615725636395
4629.023,5.3016781821133945,-1.1531614538544495
4629.043,5.303336447140193,-1.1552915331277833
4629.063,5.304956116448446,-1.157451121227718
4629.083,5.306536665121138,-1.1596395193999998
4629.103,5.308077580787261,-1.1618560194893377
4629.123,5.309578363797194,-1.1640999041478872
4629.143,5.311038527395453,-1.1663704470527532
4629.163,5.312457597890442,-1.1686669131311018
4629.183,5.313835114820977,-1.1709885587919582
4629.203,5.315170631119159,-1.173334632164003
4629.223,5.316463713269356,-1.1757043733388934
4629.243,5.317713941462906,-1.1780970146196559
4629.263,5.318920909748226,-1.1805117807737968
4629.283,5.320084226176048,-1.182947889290743
4629.303,5.321203512939476,-1.1854045506432658
4629.323,5.322278406508603,-1.187880968552505
4629.343,5.323308557759487,-1.19037634025623
4629.363,5.324293632097302,-1.1928898567799782
4629.383,5.326999550242811,-1.194768989012604
4629.403,5.332781819264851,-1.1954893691807216
4629.423,5.339952127809595,-1.1950324692707952
4629.443,5.348227852165573,-1.1933762304521605
4629.463,5.357534116763697,-1.1905774972569567
4629.483,5.367059973412957,-1.1875315045579955
4629.503,5.376865551303624,-1.1845497961342895
4629.523,5.38693737992784,-1.1815968776330894
4629.543,5.3964893662709175,-1.1785859667772678
4629.563,5.40603124973901,-1.1755577064157585
4629.583,5.415566801555077,-1.1725257921260515
4629.603,5.425094679944834,-1.169490539104931
4629.623,5.434622553020566,-1.1664554399288076
4629.643,5.444150430184128,-1.1634203555122975
4629.663,5.45367831129765,-1.1603852829769987
4629.683,5.463206196377861,-1.1573502222646859
4629.703,5.472734085437701,-1.1543151733378787
4629.723,5.48226777451066,-1.151284416955512
4629.743,5.491804809818916,-1.1482552913263304
4629.763,5.501332777704879,-1.1452203336846398
4629.783,5.510860810679913,-1.1421857302793264
4629.803,5.520388848152783,-1.1391511416395703
4629.823,5.529916889621852,-1.136116564650374
4629.843,5.5394449350656005,-1.1330819992184205
4629.863,5.548972984462242,-1.1300474452761122
4629.883,5.558501037786267,-1.127012902755292
4629.903,5.568029095008606,-1.1239783715874796
4629.923,5.577557156096912,-1.1209438517043637
4629.943,5.5870852210158315,-1.117909343038303
4629.963,5.596613289727346,-1.1148748455228314
4629.983,5.6061413621911065,-1.111840359093156
4630.003,5.615669438364819,-1.1088058836866541
4630.023,5.621793852671531,-1.1073696065982304
4630.043,5.626748398288054,-1.107641084971957
4630.063,5.6319803836779485,-1.1093939425834645
4630.083,5.63716586211076,-1.1113246717097953
4630.103,5.642600932216893,-1.1127553663613754
4630.123,5.647865231761226,-1.1147808662499028
4630.143,5.653200412768666,-1.116773574933125
4630.163,5.65850691397027,-1.1189786749537918
4630.183,5.6638452777645885,-1.1212643825691753
4630.203,5.669216524720649,-1.1236020063744927
4630.223,5.6746015941223344,-1.1253122061530136
4630.243,5.679960161340919,-1.1265239305744836
4630.263,5.685093113530346,-1.1288622113566187
4630.283,5.690111825852209,-1.1317353950398346
4630.303,5.695153982020316,-1.133611946408751
4630.323,5.699779181652442,-1.1356785000160983
4630.343,5.703417557012182,-1.1355358371207254
4630.363,5.707078917209125,-1.133250429369302
4630.383,5.711146215174568,-1.1323649973082561
4630.403,5.7136753556281965,-1.1313586507222377
4630.423,5.716514657048967,-1.1302797833550555
4630.443,5.7197466621354405,-1.1291006807848052
4630.463,5.723392414223866,-1.1278328054683202
4630.483,5.727458698980508,-1.1264967242705917
4630.503,5.731821871196614,-1.125155193728545
4630.523,5.736095950510846,-1.1239222782701244
4630.543,5.739880310735762,-1.1229056613743629
4630.563,5.743038272721593,-1.1221121034802142
4630.583,5.745707541607604,-1.1215159272150121
4630.603,5.747583954853445,-1.1210852481454077
4630.623,5.749526302856453,-1.1208583063392306
4630.643,5.752255236697978,-1.1208173698141333
4630.663,5.755211439145487,-1.120694854458634
4630.683,5.756761594604749,-1.12060071144289
4630.703,5.758128041445018,-1.1208153712434707
4630.723,5.759328900779496,-1.1206601929815418
4630.743,5.761130798499819,-1.120468569991953
4630.763,5.763455104006297,-1.1202557222057368
4630.783,5.766103754217219,-1.1200182095464362
4630.803,5.7678337736162835,-1.119964385166776
4630.823,5.768841706294178,-1.1198896226827963
4630.843,5.7703567593985845,-1.1198058153886532
4630.863,5.772394577114481,-1.1197309659123107
4630.883,5.774833726552637,-1.119632995859832
4630.903,5.777034373472957,-1.1196146555000732
4630.923,5.778464736417802,-1.1197040264362426
4630.943,5.779032050202814,-1.1197849375494482
4630.963,5.780124317601841,-1.1201050531067158
4630.983,5.781477424283052,-1.1201910249893219
4631.003,5.782527378128683,-1.120355196240165
4631.023,5.783071572752163,-1.1204861613251036
4631.043,5.785139359442969,-1.1212084646397795
4631.063,5.786914055615135,-1.1212986043436985
4631.083,5.789277985152443,-1.1218832570042454
4631.103,5.7911704897824245,-1.1223806198207669
4631.123,5.793005824050572,-1.1229141978866595
4631.143,5.795124411892924,-1.12343798766769
4631.163,5.796825111018013,-1.1237508196563581
4631.183,5.797492475002398,-1.1237829820035814
4631.203,5.7977542175595005,-1.1238114724147825
4631.223,5.7985136594983135,-1.124066566309299
4631.243,5.800261101033751,-1.1247098999885699
4631.263,5.801891298965916,-1.1249391309854342
4631.283,5.803387327849614,-1.1250055484105566
4631.303,5.805050270097725,-1.125023353210563
4631.323,5.8066442078289215,-1.125025470828936
4631.343,5.808257018949699,-1.1251241834133812
4631.363,5.810055095637612,-1.1252510483211535
4631.383,5.811811726176778,-1.125363717762059
4631.403,5.813511388294539,-1.1254625956939905
4631.423,5.815168204931562,-1.1255508669227645
4631.443,5.8168251219009415,-1.1256690170164914
4631.463,5.818442080093961,-1.1257909027318778
4631.483,5.820070631088333,-1.1259061048625265
4631.503,5.821668946461871,-1.126018746119302
4631.523,5.823230791474241,-1.126129739654013
4631.543,5.824855638097499,-1.1262967200374028
4631.563,5.8264156820439945,-1.1264332128275858
4631.583,5.827907885609697,-1.126521474709866
4631.603,5.829350611563719,-1.1265812657575898
4631.623,5.830913213267298,-1.126778170981423
4631.643,5.832395488640295,-1.1269232640122706
4631.663,5.83392001757986,-1.1270956211685796
4631.683,5.835469333812271,-1.1273013200211068
4631.703,5.83698218382585,-1.1275236800270734
4631.723,5.838532272868736,-1.1277759197411243
4631.743,5.84001074934468,-1.1279670275859102
4631.763,5.841364060054998,-1.1280430687884258
4631.783,5.842784272713926,-1.1283070035598792
4631.803,5.844290091104735,-1.1285777695612609
4631.823,5.845659448146728,-1.1287450662906424
4631.843,5.847137153017841,-1.1290487880412208
4631.863,5.848632446772489,-1.1293784094988177
4631.883,5.8500460240068985,-1.1296378043376312
4631.903,5.851540928699569,-1.130007126863935
4631.923,5.852993366789731,-1.130332466038304
4631.943,5.854453689325244,-1.1306983602684817
4631.963,5.855889261825776,-1.1311422739776156
4631.983,5.857033344358983,-1.1315610298725796
4632.003,5.858609979998583,-1.1323846938382576
4632.023,5.86053509246787,-1.133489457573985
4632.043,5.863665918488844,-1.1355830028862268
4632.063,5.867432944157361,-1.1381827354462575
4632.083,5.871296196919933,-1.1409261449637103
4632.103,5.874174645399749,-1.1428967063461664
4632.123,5.876421053032092,-1.144324542678056
4632.143,5.877548839831104,-1.1448660414750358
4632.163,5.878275184895632,-1.1451927894601706
4632.183,5.87870624642136,-1.1453961949866904
4632.203,5.879021109026158,-1.1456123328095043
4632.223,5.880304483525007,-1.1466044396627766
4632.243,5.8823184603444,-1.1481573205443656
4632.263,5.88293480964705,-1.1485187044199427
4632.283,5.883192873089202,-1.1486828738008186
4632.303,5.8841312646922175,-1.1494442031480134
4632.323,5.885943254461098,-1.150896384010061
4632.343,5.888036105720179,-1.1525265496581523
4632.363,5.888885102631594,-1.1530659666328629
4632.383,5.8891118749901095,-1.1532178939596847
4632.403,5.890048414709584,-1.1539711759597715
4632.423,5.891801635495869,-1.1554300415766245
4632.443,5.893257581366518,-1.1565074231466246
4632.463,5.8945631681966795,-1.1573619144658616
4632.483,5.895346540213882,-1.1577923087334099
4632.503,5.896301259958747,-1.158392275158049
4632.523,5.897363661471022,-1.159051306727667
4632.543,5.89862759401373,-1.1598416945831915
4632.563,5.8995843791346125,-1.1604021112744645
4632.583,5.9003369327780355,-1.160840569794968
4632.603,5.900896919692614,-1.1611744071961863
4632.623,5.901264080225032,-1.1613943995589382
4632.643,5.901506155532317,-1.1615395502420662
4632.663,5.901874707215564,-1.1617838005130494
4632.683,5.902375815984205,-1.1621118614696977
4632.703,5.90287743052796,-1.1624227509141278
4632.723,5.903715043506316,-1.1630160429417065
4632.743,5.904703119808012,-1.1636748977983442
4632.763,5.9054483526483015,-1.1641456545985214
4632.783,5.906021647940244,-1.1645232074161964
4632.803,5.906347719312057,-1.1647344931736419
4632.823,5.906560286135361,-1.1649032555457925
4632.843,5.906869306119543,-1.165156324768176
4632.863,5.907073087440198,-1.1653007964922448
4632.883,5.907619110113474,-1.165790757596049
4632.903,5.9079437514655275,-1.1660509477054566
4632.923,5.908286291433998,-1.166311478050117
4632.943,5.908477393443,-1.1664505305268884
4632.963,5.908873069488426,-1.1668120383131497
4632.983,5.909283512202003,-1.1671667509965784
4633.003,5.910568047680217,-1.1684698944656848
4633.023,5.914304916573388,-1.1723005278182856
4633.043,5.920478449587605,-1.1786347655570366
4633.063,5.927445143862625,-1.185791985710102
4633.083,5.934417725373079,-1.1929551167431918
4633.103,5.941396926879006,-1.2001250503355243
4633.123,5.944775900976712,-1.204210370217876
4633.143,5.94648423714161,-1.2065545056169993
4633.163,5.9481834912792255,-1.208889626196908
4633.183,5.950878340811036,-1.2115274048542102
4633.203,5.953782788894479,-1.2144887569502647
4633.223,5.955582096873068,-1.2194866947725502
4633.243,5.9580035886545755,-1.2225745302682751
4633.263,5.960418953765823,-1.2252877377889348
4633.283,5.962438102582126,-1.2285690018709996
4633.303,5.964311486538185,-1.2313097973387221
4633.323,5.966107240744048,-1.2340040623634672
4633.343,5.967840942901339,-1.236727597194209
4633.363,5.969480982641015,-1.2394260867676385
4633.383,5.971036322152181,-1.2421127871364888
4633.403,5.972588954887514,-1.244857770769672
4633.423,5.9740906289724975,-1.2475900095460444
4633.443,5.9754800065086995,-1.2503066871415818
4633.463,5.9768140935448955,-1.2530208114120462
4633.483,5.97809704521359,-1.255710234675752
4633.503,5.979347273414669,-1.2584306916045853
4633.523,5.980620777740989,-1.261220760133729
4633.543,5.981920514509979,-1.2641346375821942
4633.563,5.983161546099103,-1.267176152808167
4633.583,5.98443231795494,-1.270400506786383
4633.603,5.98571127480481,-1.2738477950248492
4633.623,5.987042364931547,-1.2775508559291904
4633.643,5.988381751265449,-1.2815964984485089
4633.663,5.989670437854329,-1.2859076445304198
4633.683,5.990925246062702,-1.2904413477817218
4633.703,5.992086146601776,-1.2951225249466938
4633.723,5.993135181498452,-1.2998261977356642
4633.743,5.994019414776297,-1.3045402895244504
4633.763,5.994777910962328,-1.3092482701571357
4633.783,5.9954263030187125,-1.3139304390735953
4633.803,5.995960234769549,-1.3185917296744727
4633.823,5.996381915760509,-1.323229400919884
4633.843,5.9966936744211505,-1.3278414413375519
4633.863,5.996897818739151,-1.332426580549718
4633.883,5.996996609520687,-1.33698241198971
4633.903,5.9969921604155125,-1.3415070496891264
4633.923,5.99688661470376,-1.3459989467353712
4633.943,5.9993109481425835,-1.349140648666794
4633.963,6.001577293519968,-1.3529122837301546
4633.983,6.001763421074184,-1.3583572673980047
4634.003,6.0017652285039444,-1.3672639511552642
4634.023,6.001615887700504,-1.3772625558652682
4634.043,6.001487678073191,-1.3873177093969373
4634.063,6.002964347828951,-1.3923967465351568
4634.083,6.005404568848724,-1.3942445764803721
4634.103,6.008167574834779,-1.396396988024424
4634.123,6.010015806075343,-1.39811068512272
4634.143,6.0103344113165225,-1.3981889697421235
4634.163,6.010297820429569,-1.398197035525333
4634.183,6.010343633451209,-1.3982115287849257
4634.203,6.0102663530270535,-1.398143581060261
4634.223,6.010199762650908,-1.3981373234397432
4634.243,6.010256834564921,-1.398185115065398
4634.263,6.010214951076749,-1.398071947722736
4634.283,6.010115573615811,-1.3979749220147604
4634.303,6.010064765771545,-1.3979210008069292
4634.323,6.010016714368668,-1.3979499367631067
4634.343,6.010202766166676,-1.3979882904168528
4634.363,6.010551645855822,-1.3977165296433562
4634.383,6.011345981266653,-1.396930549321181
4634.403,6.012569794292596,-1.3955989492618996
4634.423,6.01417859812373,-1.3938811308100534
4634.443,6.015932227557508,-1.39237843691658
4634.463,6.016930186698722,-1.3906133833111272
4634.483,6.017694211774599,-1.3888099150500486
4634.503,6.01888978500557,-1.3866563846785767
4634.523,6.019808818854451,-1.3843456889878618
4634.543,6.020779491950801,-1.3818782722808223
4634.563,6.021110015273323,-1.3800936054035478
4634.583,6.022079113215392,-1.378073652021877
4634.603,6.023195259495923,-1.3760499280981406
4634.623,6.024283756253208,-1.3738783806391583
4634.643,6.025043216519862,-1.3717020239335591
4634.663,6.026097973267804,-1.3696732293935487
4634.683,6.027086233561784,-1.3674810681794594
4634.703,6.028094744164195,-1.365198248692009
4634.723,6.029156507602005,-1.3629882079725917
4634.743,6.030097709104437,-1.3608289742016322
4634.763,6.031129701598276,-1.358574080056854
4634.783,6.032060372992053,-1.3564633697167936
4634.803,6.032947841821983,-1.3542007322511518
4634.823,6.033874505750814,-1.3519228832954084
4634.843,6.0347418494277125,-1.3496784518807243
4634.863,6.035667437061145,-1.3474136123148217
4634.883,6.036542542048822,-1.3452772965781754
4634.903,6.037328858515287,-1.3430249461719208
4634.923,6.038073078599683,-1.3408223274623132
4634.943,6.03884382057793,-1.338454994098008
4634.963,6.039765123183005,-1.3362507715008989
4634.983,6.040439305267447,-1.3339317967367408
4635.003,6.0411105651684585,-1.3316353935165797
4635.023,6.041880586364897,-1.3294905783565756
4635.043,6.042594585193194,-1.3273052605482345
4635.063,6.04322201715686,-1.325085286302368
4635.083,6.043913511754264,-1.322801782829496
4635.103,6.044500460223657,-1.3205288055485167
4635.123,6.045191082494049,-1.3182416847309582
4635.143,6.0459042862546575,-1.3160143553982013
4635.163,6.046545995329534,-1.3136503514881626
4635.183,6.047161934597389,-1.311340038661534
4635.203,6.047794224883566,-1.3089487830041506
4635.223,6.048329007541792,-1.3075469074518729
4635.243,6.0484154363448965,-1.3079531116581777
4635.263,6.048155876220771,-1.3099297484945829
4635.283,6.0477365866902035,-1.3132935430302168
4635.303,6.046434990641564,-1.318162024521168
4635.323,6.04463903908151,-1.3235806397742274
4635.343,6.043725980574993,-1.3288298710841853
4635.363,6.041885974651995,-1.3340130804993244
4635.383,6.040333122371632,-1.3391436703720698
4635.403,6.038545906880801,-1.3442938305626142
4635.423,6.037340872178827,-1.3498177240785034
4635.443,6.035442617421999,-1.3551139059004467
4635.463,6.034077778015958,-1.3603865596549747
4635.483,6.032686451114031,-1.3656986190407163
4635.503,6.030117778008387,-1.3708298051187924
4635.523,6.028043007244999,-1.3760991282080424
4635.543,6.02523949485447,-1.3811341707557416
4635.563,6.022887981815355,-1.3862719896976052
4635.583,6.019919296725799,-1.3910973085998823
4635.603,6.01683971981374,-1.3958114651870206
4635.623,6.01347062252183,-1.400331692430505
4635.643,6.015100882607377,-1.4020731317730928
4635.663,6.016077490241601,-1.4029372165556568
4635.683,6.0163082412197495,-1.4030986036416488
4635.703,6.016215770692799,-1.4030196284792678
4635.723,6.016067134926935,-1.4028962675510395
4635.743,6.015933838742384,-1.4027571128929133
4635.763,6.0158654320197495,-1.402731274355641
4635.783,6.0157446592129,-1.4026009675452362
4635.803,6.01563404808771,-1.4025004691664031
4635.823,6.015576110239501,-1.4024504096666852
4635.843,6.015486673518844,-1.4024346610506213
4635.863,6.015654357189146,-1.4025576149774042
4635.883,6.01576136159533,-1.4025792277686135
4635.903,6.016026496184918,-1.4027972301012988
4635.923,6.016174483531193,-1.402987840577645
4635.943,6.016346415858843,-1.4030978758110428
4635.963,6.016465165079965,-1.4032802225167904
4635.983,6.016677956650006,-1.4033278492098467
4636.003,6.016920260676916,-1.4035311858132027
4636.023,6.017270064575642,-1.4038336591167047
4636.043,6.017621959103771,-1.4042450760801393
4636.063,6.017871448559943,-1.4044309200831733
4636.083,6.018104850578089,-1.4045832079284644
4636.103,6.018338917961443,-1.4048337291727813
4636.123,6.018601639475946,-1.405066466598391
4636.143,6.018997924087312,-1.405405197140779
4636.163,6.0195472031854225,-1.4059137688518475
4636.183,6.020698715771285,-1.406945327005679
4636.203,6.022427726274476,-1.4085198355876911
4636.223,6.024706521380576,-1.4106240857066465
4636.243,6.0271339732268725,-1.4129598904930476
4636.263,6.029923693352599,-1.415683051134958
4636.283,6.031369306527681,-1.4185792653948626
4636.303,6.031535890484954,-1.4190607224820517
4636.323,6.0316810177964255,-1.4190973293717637
4636.343,6.031766424201249,-1.4188967829878882
4636.363,6.031835529600538,-1.4187656760797107
4636.383,6.031915621118221,-1.4186450221681233
4636.403,6.031950894507099,-1.4185391917319359
4636.423,6.031962124281175,-1.4185173504131054
4636.443,6.031962752793881,-1.418502054595538
4636.463,6.031965394680346,-1.4184880715000538
4636.483,6.0319658526159055,-1.4184763466532868
4636.503,6.031966856635449,-1.4184635348701795
4636.523,6.031968223916852,-1.418450056151714
4636.543,6.031969003127017,-1.4184383227901638
4636.563,6.031970131010633,-1.418425488841842
4636.583,6.031971547910412,-1.4184120034287484
4636.603,6.0319723485531975,-1.4184002670491076
4636.623,6.03197348490232,-1.4183874309331244
4636.643,6.031974905807851,-1.4183739405903144
4636.663,6.031975708407368,-1.4183622010460206
4636.683,6.031976845314377,-1.4183493636804583
4636.703,6.0319782672174105,-1.418335868414091
4636.723,6.031979070288674,-1.4183241257026897
4636.743,6.031980207087716,-1.4183112871567978
4636.763,6.031981629739743,-1.418297786938517
4636.783,6.031982433156157,-1.418286041013152
4636.803,6.03198356976157,-1.418273201173623
4636.823,6.03198499320231,-1.4182596958846436
4636.843,6.031985796927632,-1.4182479465646038
4636.863,6.03198693328433,-1.418235105205937
4636.883,6.031988357534449,-1.418221594748567
4636.903,6.031989161567374,-1.4182098420028757
4636.923,6.031990297687416,-1.4181969991315635
4636.943,6.031991722764772,-1.4181834835280178
4636.963,6.031992527107077,-1.4181717273797951
4636.983,6.031993662989715,-1.4181588830240444
4637.003,6.031995088899061,-1.4181453623051512
4637.023,6.031995893534765,-1.4181336027703486
4637.043,6.031997029171877,-1.4181207569394887
4637.063,6.031998455911856,-1.4181072311159255
4637.083,6.031999260840968,-1.41809546820684
4637.103,6.032000396235955,-1.4180826209163815
4637.123,6.03200182382739,-1.4180690900222481
4637.143,6.032002629040903,-1.4180573237637375
4637.163,6.0320037641591,-1.4180444749925023
4637.183,6.032005192610059,-1.4180309389797914
4637.203,6.0320059981023055,-1.4180191693095945
4637.223,6.032007132930378,-1.418006319009858
4637.243,6.032008562308298,-1.4179927779331467
4637.263,6.032009368047613,-1.4179810049015045
4637.283,6.0320105025720405,-1.4179681531234494
4637.303,6.032011932883758,-1.417954607028892
4637.323,6.032012738850789,-1.4179428306563402
4637.343,6.032013873062114,-1.4179299774126253
4637.363,6.032015304310927,-1.417916426315454
4637.383,6.032016110511478,-1.4179046466245309
4637.403,6.032017244412404,-1.417891791946012
4637.423,6.032018676622235,-1.4178782358983801
4637.443,6.032019483028795,-1.4178664529133778
4637.463,6.032020616605354,-1.417853596818075
4637.483,6.03202204977489,-1.4178400358359868
4637.503,6.032022856393538,-1.417828249580612
4637.523,6.032023989648871,-1.417815392101639
4637.543,6.032025423806375,-1.4178018262426193
4637.563,6.032026230601881,-1.417790036724771
4637.583,6.032027363488685,-1.4177771778040937
4637.603,6.03207144057524,-1.4172480046357285
4637.623,6.032678764526166,-1.4158262509341857
4637.643,6.0334286745354415,-1.4131114774522247
4637.663,6.034130769329597,-1.408822966120183
4637.683,6.034841506667564,-1.4032774930502834
4637.703,6.035786109957588,-1.3969936596138217
4637.723,6.036516174026764,-1.3907996090812003
4637.743,6.037465637971781,-1.384440642163337
4637.763,6.038494349416394,-1.3779710419905482
4637.783,6.039524737140287,-1.3715231416517162
4637.803,6.0404828319506585,-1.3651584601720983
4637.823,6.0414236139530555,-1.3587638367782373
4637.843,6.04231510383731,-1.3523897498120456
4637.863,6.043249683110213,-1.3460179674625707
4637.883,6.044265979873732,-1.3395233631274077
4637.903,6.045318923552592,-1.333060921710087
4637.923,6.046451605040384,-1.3265650732354939
4637.943,6.047691209256408,-1.3198618454904754
4637.963,6.049105551488472,-1.3129728578886095
4637.983,6.0505632426040945,-1.3060158619627384
4638.003,6.052017297700737,-1.2990621915447143
4638.023,6.0534977378972314,-1.2920732174589615
4638.043,6.055006344592457,-1.285046623160533
4638.063,6.056556197244786,-1.2779670277917103
4638.083,6.058056039747379,-1.2708975001099203
4638.103,6.0595796786108025,-1.2638177427000643
4638.123,6.0610676129666485,-1.2567648168149
4638.143,6.06231165096901,-1.2500123350278172
4638.163,6.063602118206431,-1.2431415340840393
4638.183,6.064971428896927,-1.23633055047754
4638.203,6.065985286676958,-1.2306953745002085
4638.223,6.066321348994643,-1.2285316957768868
4638.243,6.066248158562537,-1.2291294886788433
4638.263,6.066035986453395,-1.2309694040912031
4638.283,6.065590496486495,-1.2340081933781264
4638.303,6.06495198032961,-1.238437746799229
4638.323,6.064103733025414,-1.2441810996240803
4638.343,6.0630624862308125,-1.2513633591893545
4638.363,6.061889361140322,-1.2598198650642833
4638.383,6.060912418498499,-1.2679911618811535
4638.403,6.059825918700218,-1.276309764931093
4638.423,6.058813493520069,-1.28476458359215
4638.443,6.057959263721099,-1.2928959471808528
4638.463,6.057002789549753,-1.301139360814512
4638.483,6.055984127247875,-1.3096223484723393
4638.503,6.05500104775757,-1.3182509442997243
4638.523,6.054007931161398,-1.3269374672990135
4638.543,6.053023216185766,-1.335655978649839
4638.563,6.052002194451837,-1.3445392712855992
4638.583,6.051118726833686,-1.3532674684540806
4638.603,6.050209705914086,-1.361945598296242
4638.623,6.049451510060294,-1.3703668306310528
4638.643,6.048500343646261,-1.379190954004839
4638.663,6.047673927086115,-1.3879798207213445
4638.683,6.046734398382591,-1.3969405262217196
4638.703,6.045878277608894,-1.4059271998860825
4638.723,6.045081047826053,-1.4148825126456577
4638.743,6.044236063436017,-1.4239453331469556
4638.763,6.0434372959005636,-1.4329585808971101
4638.783,6.042681506298329,-1.4419865464685802
4638.803,6.041922302977627,-1.4510079824741753
4638.823,6.041133009388908,-1.4601805048796317
4638.843,6.040351944789579,-1.469335132513075
4638.863,6.039588771521441,-1.4785504489530912
4638.883,6.038828141379563,-1.4877381426062284
4638.903,6.038060366582072,-1.4970548815953963
4638.923,6.037405382781922,-1.5062368237232682
4638.943,6.037547856760389,-1.5142470890381097
4638.963,6.037708135163978,-1.5221937064967572
4638.983,6.037500177053333,-1.5300505993007067
4639.003,6.037448980007594,-1.5356689477222614
4639.023,6.0378128406570735,-1.5385309592099867
4639.043,6.0377706150787755,-1.5413872878904888
4639.063,6.037759012040652,-1.5445097216695893
4639.083,6.038838455117284,-1.5455111536601012
4639.103,6.040163958129184,-1.5471249284666257
4639.123,6.0424887294750524,-1.5479235138262382
4639.143,6.04500375005592,-1.5487644834291456
4639.163,6.047736736094652,-1.54916001385109
4639.183,6.0505369327229905,-1.5494991281337955
4639.203,6.053234509407692,-1.5495966418303604
4639.223,6.055933810665333,-1.54964564858113
4639.243,6.05863192519903,-1.5496484124235854
4639.263,6.061331017493587,-1.5496005458771902
4639.283,6.064028953672647,-1.5495040586427549
4639.303,6.06672470342098,-1.5493590276993037
4639.323,6.069417391948659,-1.549165499635047
4639.343,6.072106146709391,-1.5489235378856159
4639.363,6.0747900965267725,-1.5486332216054517
4639.383,6.077429004288009,-1.5480607479620625
4639.403,6.0792742232949495,-1.5457246793877895
4639.423,6.081068252374374,-1.5433562309337703
4639.443,6.082870734124551,-1.540939044366242
4639.463,6.084619498270199,-1.5385694949280455
4639.483,6.086328168057687,-1.5361523431650967
4639.503,6.088032632844059,-1.533734764958665
4639.523,6.089709693989821,-1.5312964304922705
4639.543,6.091323990108312,-1.5289144487430213
4639.563,6.092937225705581,-1.526452714128537
4639.583,6.09455780500002,-1.5240299112425413
4639.603,6.096142459017904,-1.5215992388806723
4639.623,6.097728066444711,-1.5191225631774445
4639.643,6.0992679883332634,-1.5166744473692886
4639.663,6.10080659945282,-1.5141484077979481
4639.683,6.1022647555099185,-1.5117059475840402
4639.703,6.103731723737811,-1.5091243317004
4639.723,6.104571406984337,-1.50780375560717
4639.743,6.104852376766883,-1.5090166153827231
4639.763,6.106012189233646,-1.5137050399612182
4639.783,6.108133278337961,-1.5218166859266784
4639.803,6.110822614473498,-1.5314377257529779
4639.823,6.113514674136784,-1.5410651022988415
4639.843,6.116208467445031,-1.5506987478595327
4639.863,6.118903431406324,-1.5603365872002897
4639.883,6.121597965170189,-1.5699728942511273
4639.903,6.124149022243256,-1.5800960199347724
4639.923,6.126527863029616,-1.5908069511497052
4639.943,6.129045568708719,-1.6013401147513537
4639.963,6.131687460197534,-1.6110207432261585
4639.983,6.134344577425774,-1.6207139952233924
4640.003,6.137003716564271,-1.6303593799530454
4640.023,6.139666237368469,-1.6399980013699829
4640.043,6.142328719082581,-1.649636639001131
4640.063,6.144991187743803,-1.6592752806713797
4640.083,6.1476536436126406,-1.668913926276794
4640.103,6.15031608674292,-1.6785525758262725
4640.123,6.152485389365681,-1.6876547333697498
4640.143,6.153586540093666,-1.6954825094405408
4640.163,6.15403129649965,-1.7015665648085536
4640.183,6.1541176796200325,-1.7058704646105887
4640.203,6.1540886947022715,-1.7083556659036208
4640.223,6.154068015500954,-1.709038821788797
4640.243,6.154068928260933,-1.7090435581788208
4640.263,6.154068559459216,-1.7090480672016592
4640.283,6.154068667139155,-1.7090494649716481
4640.303,6.1540687714746625,-1.7090494381227743
4640.323,6.154068806441072,-1.7090494288682145
4640.343,6.154068822564,-1.7090494242504553
4640.363,6.1540688302035145,-1.7090494217981487
4640.383,6.154068833961496,-1.7090494203687223
4640.403,6.154068835941824,-1.7090494194239145
4640.423,6.154068837106218,-1.709049418712501
4640.443,6.154068831432839,-1.7090494199486344
4640.463,6.154067863577108,-1.7090585670149996
4640.483,6.154067557603578,-1.7090685823782907
4640.503,6.154067241208612,-1.709078645300032
4640.523,6.154066924913692,-1.7090887075241228
4640.543,6.154066608603389,-1.7090987696473743
4640.563,6.1540662922842655,-1.709108831638714
4640.583,6.154065975956281,-1.7091188934984174
4640.603,6.154065659619441,-1.7091289552264648
4640.623,6.154065343273743,-1.709139016822857
4640.643,6.154065026919187,-1.7091490782875929
4640.663,6.154064710555771,-1.7091591396206733
4640.683,6.154064394183495,-1.7091692008220976
4640.703,6.154064077802359,-1.7091792618918666
4640.723,6.1540637614123606,-1.7091893228299813
4640.743,6.154063445013499,-1.7091993836364405
4640.763,6.154063128605774,-1.7092094443112442
4640.783,6.154062812189183,-1.7092195048543932
4640.803,6.154062495763728,-1.7092295652658884
4640.823,6.1540621793294035,-1.709239625545729
4640.843,6.154061862886213,-1.709249685693914
4640.863,6.154061546434154,-1.7092597457104453
4640.883,6.154061229973226,-1.7092698055953213
4640.903,6.154060913503427,-1.7092798653485433
4640.923,6.154060597024758,-1.7092899249701115
4640.943,6.154060280537217,-1.709299984460026
4640.963,6.154059964040802,-1.7093100438182867
4640.983,6.154059647535513,-1.7093201030448937
4641.003,6.154059331021351,-1.7093301621398471
4641.023,6.154059014498316,-1.709340221103146
4641.043,6.154058697966401,-1.709350279934792
4641.063,6.1540583814256085,-1.7093603386347849
4641.083,6.154058064875937,-1.7093703972031258
4641.103,6.154057748317387,-1.7093804556398131
4641.123,6.154057431749955,-1.7093905139448466
4641.143,6.154057115173644,-1.7094005721182277
4641.163,6.154056798588452,-1.7094106301599559
4641.183,6.154056481994375,-1.709420688070032
4641.203,6.154056165391415,-1.7094307458484563
4641.223,6.154055848779571,-1.709440803495228
4641.243,6.15405553215884,-1.7094508610103485
4641.263,6.1540552155292225,-1.7094609183938165
4641.283,6.154054898890719,-1.7094709756456323
4641.303,6.154054582243326,-1.7094810327657959
4641.323,6.1540542655870425,-1.7094910897543074
4641.343,6.154053948921871,-1.709501146611167
4641.363,6.154053632247808,-1.7095112033363753
4641.383,6.154053315564855,-1.7095212599299316
4641.403,6.1540529988730075,-1.7095313163918369
4641.423,6.154052682172266,-1.7095413727220907
4641.443,6.154052365462628,-1.7095514289206937
4641.463,6.154052048744097,-1.7095614849876455
4641.483,6.1540517320166686,-1.7095715409229477
4641.503,6.154051415280341,-1.7095815967265986
4641.523,6.154051098535114,-1.7095916523985992
4641.543,6.154050781780988,-1.7096017079389494
4641.563,6.154050465017964,-1.7096117633476497
4641.583,6.154050148246039,-1.7096218186246999
4641.603,6.154049831465213,-1.7096318737701004
4641.623,6.1540495146754814,-1.70964192878385
4641.643,6.154049197876848,-1.7096519836659498
4641.663,6.154048881069309,-1.7096620384164005
4641.683,6.154048564252864,-1.7096720930352016
4641.703,6.154048247427514,-1.7096821475223525
4641.723,6.154047930593257,-1.7096922018778538
4641.743,6.15404761375009,-1.709702256101707
4641.763,6.154047296898015,-1.709712310193911
4641.783,6.154046980037028,-1.7097223641544614
4641.803,6.154046663167113,-1.7097324179833489
4641.823,6.154046346288268,-1.7097424716805965
4641.843,6.154046029400497,-1.7097525252462074
4641.863,6.154045712503797,-1.7097625786801807
4641.883,6.154045395598166,-1.709772631982516
4641.903,6.154045078683604,-1.7097826851532147
4641.923,6.154044761760109,-1.7097927381922766
4641.943,6.15404444482768,-1.7098027910997005
4641.963,6.1540441278863165,-1.7098128438754883
4641.983,6.154043810936019,-1.70982289651964
4642.003,6.154043493976786,-1.7098329490321555
4642.023,6.154043177008616,-1.7098430014130348
4642.043,6.154042860031509,-1.7098530536622774
4642.063,6.1540425430454615,-1.7098631057798839
4642.083,6.154042226050476,-1.7098731577658544
4642.103,6.154041909046549,-1.709883209620189
4642.123,6.154041592033679,-1.7098932613428874
4642.143,6.15404127501187,-1.7099033129339511
4642.163,6.154040957981115,-1.7099133643933795
4642.183,6.1540406409414175,-1.7099234157211722
4642.203,6.154040323892774,-1.7099334669173296
4642.223,6.154040006835185,-1.709943517981852
4642.243,6.15403968976865,-1.7099535689147396
4642.263,6.154039372693166,-1.7099636197159918
4642.283,6.154039055608734,-1.7099736703856097
4642.303,6.154038738515353,-1.709983720923592
4642.323,6.15403842141302,-1.709993771329941
4642.343,6.154038104301739,-1.7100038216046554
4642.363,6.154037787181502,-1.7100138717477353
4642.383,6.154037470052312,-1.710023921759182
4642.403,6.15403715291417,-1.710033971638994
4642.423,6.154036835767073,-1.7100440213871715
4642.443,6.15403651861102,-1.7100540710037162
4642.463,6.1540362014460115,-1.7100641204886275
4642.483,6.154035884272045,-1.7100741698419044
4642.503,6.154035567089117,-1.7100842190635492
4642.523,6.154035249897231,-1.7100942681535611
4642.543,6.154034932696384,-1.7101043171119394
4642.563,6.1540346154865775,-1.710114365938684
4642.583,6.154034298267808,-1.7101244146337953
4642.603,6.154033981040076,-1.7101344631972744
4642.623,6.154033663803379,-1.7101445116291198
4642.643,6.154033346557716,-1.7101545599293337
4642.663,6.15403302930309,-1.7101646080979158
4642.683,6.154032712039497,-1.7101746561348654
4642.703,6.154032394766935,-1.710184704040183
4642.723,6.154032077485406,-1.7101947518138687
4642.743,6.154031760194908,-1.7102047994559222
4642.763,6.154031442895438,-1.7102148469663443
4642.783,6.154031125586998,-1.7102248943451346
4642.803,6.154030808269587,-1.710234941592293
4642.823,6.154030490943201,-1.71024498870782
4642.843,6.1540301736078415,-1.7102550356917159
4642.863,6.154029856263506,-1.710265082543981
4642.883,6.154029538910195,-1.7102751292646152
4642.903,6.154029221547909,-1.710285175853619
4642.923,6.154028904176644,-1.7102952223109915
4642.943,6.154028586796403,-1.710305268636733
4642.963,6.154028269407181,-1.7103153148308445
4642.983,6.154027952008979,-1.7103253608933247
4643.003,6.154027634601796,-1.7103354068241756
4643.023,6.154027317185631,-1.7103454526233954
4643.043,6.154026999760482,-1.7103554982909859
4643.063,6.154026682326353,-1.7103655438269476
4643.083,6.154026364883237,-1.7103755892312789
4643.103,6.154026047431136,-1.7103856345039812
4643.123,6.154025729970047,-1.7103956796450532
4643.143,6.154025412499972,-1.7104057246544955
4643.163,6.15402509502091,-1.7104157695323086
4643.183,6.154024777532856,-1.7104258142784932
4643.203,6.154024460035814,-1.7104358588930484
4643.223,6.1540241425297815,-1.710445903375975
4643.243,6.1540238250147565,-1.7104559477272736
4643.263,6.154023507490739,-1.7104659919469432
4643.283,6.154023189957726,-1.710476036034985
4643.303,6.154022872415722,-1.7104860799913981
4643.323,6.15402255486472,-1.7104961238161838
4643.343,6.154022237304722,-1.7105061675093405
4643.363,6.154021919735727,-1.7105162110708692
4643.383,6.154021602157734,-1.7105262545007704
4643.403,6.1540212845707405,-1.7105362977990446
4643.423,6.15402096697475,-1.710546340965691
4643.443,6.154020649369756,-1.7105563840007099
4643.463,6.154020331755762,-1.7105664269041012
4643.483,6.154020014132764,-1.7105764696758645
4643.503,6.154019696500764,-1.710586512316002
4643.523,6.154019378859758,-1.7105965548245123
4643.543,6.154019061209747,-1.7106065972013969
4643.563,6.154018743550732,-1.7106166394466544
4643.583,6.154018425882708,-1.7106266815602853
4643.603,6.154018108205676,-1.7106367235422895
4643.623,6.154017790519638,-1.7106467653926676
4643.643,6.154017472824586,-1.7106568071114194
4643.663,6.154017155120526,-1.7106668486985455
4643.683,6.154016837407452,-1.710676890154045
4643.703,6.154016519685368,-1.7106869314779192
4643.723,6.15401620195427,-1.7106969726701675
4643.743,6.154015884214157,-1.7107070137307905
4643.763,6.154015566465029,-1.710717054659788
4643.783,6.154015248706885,-1.7107270954571607
4643.803,6.154014930939723,-1.7107371361229085
4643.823,6.154014613163546,-1.7107471766570315
4643.843,6.154014295378349,-1.7107572170595295
4643.863,6.154013977584132,-1.710767257330403
4643.883,6.154013659780894,-1.7107772974696511
4643.903,6.154013341968636,-1.710787337477276
4643.923,6.154013024147353,-1.7107973773532765
4643.943,6.15401270631705,-1.7108074170976526
4643.963,6.154012388477722,-1.7108174567104055
4643.983,6.154012070629366,-1.710827496191535
4644.003,6.1540117527719875,-1.7108375355410406
4644.023,6.154011434905583,-1.7108475747589218
4644.043,6.1540111170301515,-1.7108576138451805
4644.063,6.154010799145689,-1.7108676527998148
4644.083,6.154010481252197,-1.7108776916228257
4644.103,6.154010163349674,-1.7108877303142136
4644.123,6.154009845438119,-1.7108977688739788
4644.143,6.154009527517533,-1.7109078073021218
4644.163,6.154009209587914,-1.7109178455986411
4644.183,6.154008891649261,-1.7109278837635382
4644.203,6.154008573701573,-1.7109379217968121
4644.223,6.1540082557448486,-1.7109479596984647
4644.243,6.154007937779089,-1.7109579974684945
4644.263,6.154007619804292,-1.7109680351069023
4644.283,6.154007301820457,-1.7109780726136885
4644.303,6.15400698382758,-1.7109881099888529
4644.323,6.154006665825664,-1.7109981472323954
4644.343,6.154006347814706,-1.7110081843443166
4644.363,6.154006029794709,-1.7110182213246172
4644.383,6.154005711765668,-1.711028258173296
4644.403,6.154005393727583,-1.7110382948903538
4644.423,6.154005075680454,-1.7110483314757914
4644.443,6.154004757624278,-1.7110583679296079
4644.463,6.154004439559056,-1.7110684042518034
4644.483,6.154004121484789,-1.7110784404423796
4644.503,6.15400380340147,-1.7110884765013343
4644.523,6.154003485309103,-1.7110985124286686
4644.543,6.154003167207685,-1.7111085482243833
4644.563,6.154002849097219,-1.7111185838884777
4644.583,6.1540025309777,-1.711128619420953
4644.603,6.154002212849127,-1.7111386548218075
4644.623,6.154001894711501,-1.7111486900910426
4644.643,6.154001576564822,-1.7111587252286586
4644.663,6.154001258409087,-1.7111687602346541
4644.683,6.154000940244295,-1.7111787951090318
4644.703,6.154000622070447,-1.711188829851791
4644.723,6.154000303887539,-1.711198864462931
4644.743,6.153999985695574,-1.711208898942452
4644.763,6.153999667494549,-1.7112189332903545
4644.783,6.1539993492844625,-1.711228967506638
4644.803,6.153999031065315,-1.7112390015913046
4644.823,6.153998712837105,-1.7112490355443528
4644.843,6.153998394599831,-1.7112590693657825
4644.863,6.153998076353492,-1.7112691030555949
4644.883,6.153997758098089,-1.7112791366137896
4644.903,6.15399743983362,-1.7112891700403663
4644.923,6.153997121560082,-1.7112992033353256
4644.943,6.15399680327748,-1.7113092364986677
4644.963,6.153996484985809,-1.7113192695303918
4644.983,6.153996166685068,-1.711329302430498
4645.003,6.1539958483752555,-1.7113393351989874
4645.023,6.153995530056372,-1.7113493678358604
4645.043,6.153995211728416,-1.7113594003411174
4645.063,6.153994893391387,-1.711369432714758
4645.083,6.153994575045282,-1.7113794649567824
4645.103,6.153994256690104,-1.7113894970671897
4645.123,6.153993938325848,-1.7113995290459814
4645.143,6.153993619952516,-1.7114095608931563
4645.163,6.153993301570106,-1.7114195926087163
4645.183,6.153992983178618,-1.7114296241926605
4645.203,6.153992664778052,-1.7114396556449885
4645.223,6.153992346368406,-1.7114496869657019
4645.243,6.153992027949676,-1.7114597181547995
4645.263,6.153991709521866,-1.7114697492122821
4645.283,6.153991391084972,-1.71147978013815
4645.303,6.153991072638995,-1.7114898109324037
4645.323,6.153990754183934,-1.7114998415950424
4645.343,6.153990435719787,-1.7115098721260658
4645.363,6.153990117246552,-1.7115199025254744
4645.383,6.15398979876423,-1.7115299327932687
4645.403,6.15398948027282,-1.7115399629294488
4645.423,6.153989161772321,-1.7115499929340154
4645.443,6.153988843262732,-1.7115600228069678
4645.463,6.153988524744052,-1.7115700525483066
4645.483,6.1539882062162805,-1.7115800821580316
4645.503,6.153987887679415,-1.7115901116361438
4645.523,6.153987569133458,-1.7116001409826427
4645.543,6.153987250578406,-1.7116101701975286
4645.563,6.1539869320142575,-1.7116201992808016
4645.583,6.153986613441013,-1.7116302282324614
4645.603,6.153986294858673,-1.711640257052508
4645.623,6.153985976267233,-1.7116502857409421
4645.643,6.153985657666696,-1.7116603142977642
4645.663,6.153985339057057,-1.7116703427229738
4645.683,6.153985020438318,-1.7116803710165718
4645.703,6.153984701810478,-1.7116903991785577
4645.723,6.153984383173535,-1.7117004272089322
4645.743,6.153984064527489,-1.7117104551076943
4645.763,6.153983745872332,-1.7117204828748418
4645.783,6.1539834272080665,-1.7117305105103746
4645.803,6.153983108534691,-1.7117405380142932
4645.823,6.153982789852205,-1.7117505653865979
4645.843,6.1539824711606075,-1.7117605926272892
4645.863,6.153982152459896,-1.711770619736367
4645.883,6.1539818337500725,-1.7117806467138308
4645.903,6.153981515031131,-1.7117906735596815
4645.923,6.153981196303078,-1.7118007002739188
4645.943,6.153980877565909,-1.7118107268565432
4645.963,6.153980558819621,-1.711820753307555
4645.983,6.153980240064215,-1.7118307796269534
4646.003,6.153979921299692,-1.7118408058147399
4646.023,6.153979602526048,-1.7118508318709145
4646.043,6.153979283743285,-1.7118608577954761
4646.063,6.153978964951399,-1.7118708835884253
4646.083,6.153978646150389,-1.7118809092497629
4646.103,6.153978327340257,-1.7118909347794873
4646.123,6.153978008521002,-1.7119009601776
4646.143,6.153977689692621,-1.7119109854441017
4646.163,6.153977370855114,-1.711921010578992
4646.183,6.153977052008479,-1.7119310355822708
4646.203,6.153976733152717,-1.7119410604539385
4646.223,6.153976414287825,-1.711951085193995
4646.243,6.153976095413804,-1.7119611098024412
4646.263,6.153975776530656,-1.711971134279276
4646.283,6.153975457638375,-1.7119811586245008
4646.303,6.153975138736961,-1.7119911828381156
4646.323,6.153974819826414,-1.7120012069201196
4646.343,6.153974500906732,-1.7120112308705135
4646.363,6.153974181977917,-1.7120212546892972
4646.383,6.153973863039967,-1.7120312783764715
4646.403,6.153973544092879,-1.7120413019320353
4646.423,6.153973225136652,-1.7120513253559901
4646.443,6.153972906171289,-1.7120613486483347
4646.463,6.1539725871967885,-1.7120713718090703
4646.483,6.1539722682131455,-1.7120813948381968
4646.503,6.15397194922036,-1.7120914177357143
4646.523,6.153971630218434,-1.7121014405016226
4646.543,6.153971311207366,-1.712111463135922
4646.563,6.153970992187153,-1.7121214856386138
4646.583,6.153970673157797,-1.7121315080096975
4646.603,6.153970354119293,-1.7121415302491727
4646.623,6.153970035071645,-1.7121515523570403
4646.643,6.15396971601485,-1.7121615743332996
4646.663,6.153969396948906,-1.712171596177951
4646.683,6.153969077873814,-1.7121816178909928
4646.703,6.153968758789571,-1.7121916394724288
4646.723,6.153968439696177,-1.7122016609222577
4646.743,6.153968120593632,-1.7122116822404787
4646.763,6.153967801481935,-1.7122217034270923
4646.783,6.153967482361085,-1.7122317244820995
4646.803,6.15396716323108,-1.7122417454055001
4646.823,6.153966844091921,-1.7122517661972934
4646.843,6.153966524943605,-1.7122617868574803
4646.863,6.153966205786133,-1.7122718073860612
4646.883,6.153965886619503,-1.712281827783036
4646.903,6.153965567443714,-1.712291848048405
4646.923,6.153965248258765,-1.7123018681821685
4646.943,6.153964929064657,-1.7123118881843262
4646.963,6.153964609861387,-1.712321908054878
4646.983,6.153964290648957,-1.7123319277938238
4647.003,6.153963971427361,-1.7123419474011656
4647.023,6.153963652196601,-1.7123519668769023
4647.043,6.153963332956677,-1.7123619862210329
4647.063,6.153963013707588,-1.7123720054335585
4647.083,6.153962694449331,-1.712382024514479
4647.103,6.153962375181907,-1.712392043463795
4647.123,6.153962055905315,-1.7124020622815066
4647.143,6.153961736619554,-1.7124120809676142
4647.163,6.153961417324623,-1.7124220995221187
4647.183,6.15396109802052,-1.7124321179450188
4647.203,6.153960778707247,-1.7124421362363151
4647.223,6.153960459384799,-1.7124521543960076
4647.243,6.153960140053179,-1.7124621724240967
4647.263,6.153959820712384,-1.7124721903205824
4647.283,6.153959501362414,-1.7124822080854654
4647.303,6.15395918200327,-1.7124922257187456
4647.323,6.153958862634946,-1.7125022432204229
4647.343,6.153958543257445,-1.712512260590497
4647.363,6.153958223870764,-1.712522277828969
4647.383,6.153957904474902,-1.7125322949358386
4647.403,6.153957585069863,-1.7125423119111056
4647.423,6.153957265655641,-1.7125523287547706
4647.443,6.153956946232235,-1.7125623454668335
4647.463,6.153956626799649,-1.7125723620472943
4647.483,6.153956307357877,-1.712582378496153
4647.503,6.1539559879069206,-1.7125923948134107
4647.523,6.153955668446778,-1.7126024109990678
4647.543,6.15395534897745,-1.712612427053123
4647.563,6.153955029498933,-1.7126224429755776
4647.583,6.153954710011228,-1.712632458766431
4647.603,6.153954390514334,-1.7126424744256838
4647.623,6.15395407100825,-1.7126524899533357
4647.643,6.153953751492975,-1.7126625053493871
4647.663,6.153953431968508,-1.7126725206138387
4647.683,6.153953112434848,-1.7126825357466897
4647.703,6.153952792891992,-1.7126925507479402
4647.723,6.153952473339943,-1.7127025656175907
4647.743,6.153952153778697,-1.712712580355642
4647.763,6.153951834208257,-1.7127225949620941
4647.783,6.153951514628618,-1.712732609436947
4647.803,6.153951195039781,-1.7127426237802006
4647.823,6.153950875441746,-1.7127526379918543
4647.843,6.15395055583451,-1.7127626520719088
4647.863,6.153950236218075,-1.7127726660203655
4647.883,6.153949916592437,-1.7127826798372234
4647.903,6.153949596957596,-1.7127926935224822
4647.923,6.153949277313552,-1.7128027070761442
4647.943,6.153948957660303,-1.7128127204982082
4647.963,6.15394863799785,-1.7128227337886737
4647.983,6.15394831832619,-1.7128327469475415
4648.003,6.153947998645324,-1.7128427599748117
4648.023,6.153947678955249,-1.7128527728704837
4648.043,6.153947359255965,-1.7128627856345586
4648.063,6.153947039547472,-1.7128727982670355
4648.083,6.153946719829769,-1.7128828107679164
4648.103,6.153946400102855,-1.7128928231372003
4648.123,6.1539460803667305,-1.7129028353748874
4648.143,6.153945760621389,-1.712912847480978
4648.163,6.153945440866837,-1.7129228594554726
4648.183,6.153945121103068,-1.7129328712983707
4648.203,6.153944801330084,-1.712942883009673
4648.223,6.153944481547884,-1.7129528945893788
4648.243,6.153944161756465,-1.7129629060374891
4648.263,6.153943841955829,-1.7129729173540031
4648.283,6.1539435221459735,-1.712982928538922
4648.303,6.1539432023269,-1.712992939592245
4648.323,6.153942882498604,-1.713002950513973
4648.343,6.153942562661083,-1.7130129613041056
4648.363,6.1539422428143435,-1.7130229719626433
4648.383,6.15394192295838,-1.7130329824895874
4648.403,6.153941603093192,-1.7130429928849362
4648.423,6.153941283218779,-1.7130530031486917
4648.443,6.153940963335139,-1.7130630132808518
4648.463,6.153940643442272,-1.7130730232814186
4648.483,6.153940323540176,-1.7130830331503908
4648.503,6.153940003628854,-1.7130930428877702
4648.523,6.1539396837083,-1.713103052493556
4648.543,6.153939363778516,-1.7131130619677482
4648.563,6.1539390438395,-1.7131230713103462
4648.583,6.153938723891252,-1.7131330805213512
4648.603,6.153938403933772,-1.713143089600764
4648.623,6.1539380839670565,-1.7131530985485839
4648.643,6.153937763991106,-1.7131631073648106
4648.663,6.15393744400592,-1.7131731160494454
4648.683,6.153937124011499,-1.7131831246024867
4648.703,6.153936804007839,-1.7131931330239354
4648.723,6.15393648399494,-1.7132031413137927
4648.743,6.153936163972803,-1.713213149472058
4648.763,6.153935843941426,-1.7132231574987318
4648.783,6.153935523900807,-1.7132331653938138
4648.803,6.1539352038509465,-1.7132431731573035
4648.823,6.153934883791845,-1.7132531807892035
4648.843,6.153934563723498,-1.713263188289513
4648.863,6.153934243645907,-1.7132731956582314
4648.883,6.15393392355907,-1.7132832028953588
4648.903,6.153933603462987,-1.7132932100008955
4648.923,6.153933283357658,-1.7133032169748406
4648.943,6.15393296324308,-1.7133132238171969
4648.963,6.153932643119254,-1.7133232305279622
4648.983,6.153932322986178,-1.713333237107138
4649.003,6.153932002843852,-1.7133432435547242
4649.023,6.153931682692273,-1.7133532498707207
4649.043,6.153931362531444,-1.713363256055128
4649.063,6.15393104236136,-1.7133732621079456
4649.083,6.1539307221820225,-1.7133832680291734
4649.103,6.153930401993429,-1.713393273818813
4649.123,6.153930081795582,-1.7134032794768634
4649.143,6.153929761588477,-1.7134132850033257
4649.163,6.153929441372114,-1.7134232903981992
4649.183,6.153929121146493,-1.7134332956614848
4649.203,6.153928800911611,-1.7134433007931826
4649.223,6.153928480667471,-1.7134533057932915
4649.243,6.153928160414071,-1.713463310661812
4649.263,6.1539278401514075,-1.7134733153987458
4649.283,6.153927519879479,-1.7134833200040915
4649.303,6.1539271995982885,-1.7134933244778496
4649.323,6.153926879307835,-1.7135033288200219
4649.343,6.153926559008114,-1.7135133330306058
4649.363,6.153926238699128,-1.713523337109604
4649.383,6.153925918380873,-1.7135333410570148
4649.403,6.153925598053353,-1.7135433448728388
4649.423,6.1539252777165645,-1.713553348557076
4649.443,6.153924957370505,-1.7135633521097273
4649.463,6.153924637015174,-1.7135733555307924
4649.483,6.1539243166505715,-1.7135833588202718
4649.503,6.153923996276697,-1.7135933619781651
4649.523,6.153923675893552,-1.7136033650044726
4649.543,6.153923355501128,-1.7136133678991947
4649.563,6.153923035099432,-1.713623370662332
4649.583,6.153922714688458,-1.7136333732938842
4649.603,6.153922394268209,-1.7136433757938525
4649.623,6.153922073838684,-1.7136533781622356
4649.643,6.15392175339988,-1.7136633803990342
4649.663,6.153921432951797,-1.713673382504249
4649.683,6.153921112494431,-1.713683384477879
4649.703,6.153920792027784,-1.713693386319924
4649.723,6.153920471551858,-1.7137033880303842
4649.743,6.153920151066648,-1.713713389609262
4649.763,6.153919830572154,-1.713723391056557
4649.783,6.153919510068378,-1.7137333923722673
4649.803,6.153919189555316,-1.713743393556394
4649.823,6.153918869032966,-1.7137533946089385
4649.843,6.153918548501331,-1.7137633955299
4649.863,6.153918227960405,-1.713773396319279
4649.883,6.153917907410192,-1.7137833969770757
4649.903,6.15391758685069,-1.71379339750329
4649.923,6.153917266281896,-1.7138033978979212
4649.943,6.153916945703811,-1.7138133981609707
4649.963,6.153916625116432,-1.7138233982924382
4649.983,6.153916304519761,-1.7138333982923242
4650.003,6.153915983913796,-1.7138433981606278
4650.023,6.153915663298536,-1.7138533978973503
4650.043,6.1539153426739786,-1.7138633975024908
4650.063,6.153915022040129,-1.7138733969760507
4650.083,6.153914701396978,-1.7138833963180307
4650.103,6.153914380744531,-1.7138933955284283
4650.123,6.153914060082784,-1.7139033946072457
4650.143,6.1539137394117365,-1.7139133935544821
4650.163,6.153913418731389,-1.713923392370138
4650.183,6.1539130980417385,-1.7139333910542143
4650.203,6.153912777342787,-1.7139433896067107
4650.223,6.153912456634529,-1.7139533880276272
4650.243,6.153912135916969,-1.7139633863169639
4650.263,6.153911815190104,-1.713973384474722
4650.283,6.153911494453931,-1.7139833825009
4650.303,6.153911173708452,-1.7139933803954996
4650.323,6.153910852953665,-1.7140033781585207
4650.343,6.15391053218957,-1.7140133757899618
4650.363,6.153910211416165,-1.7140233732898258
4650.383,6.153909890633449,-1.7140333706581101
4650.403,6.153909569841423,-1.7140433678948168
4650.423,6.153909249040083,-1.7140533649999443
4650.443,6.153908928229431,-1.714063361973494
4650.463,6.153908607409465,-1.7140733588154662
4650.483,6.153908286580184,-1.714083355525861
4650.503,6.153907965741586,-1.7140933521046775
4650.523,6.153907644893673,-1.714103348551918
4650.543,6.153907324036442,-1.714113344867581
4650.563,6.153907003169893,-1.7141233410516679
4650.583,6.153906682294025,-1.714133337104177
4650.603,6.153906361408839,-1.7141433330251101
4650.623,6.153906040514329,-1.714153328814467
4650.643,6.153905719610497,-1.7141633244722472
4650.663,6.153905398697344,-1.7141733199984512
4650.683,6.153905077774868,-1.7141833153930792
4650.703,6.153904756843067,-1.7141933106561313
4650.723,6.153904435901943,-1.7142033057876085
4650.743,6.153904114951491,-1.7142133007875089
4650.763,6.153903793991711,-1.7142232956558343
4650.783,6.153903473022604,-1.7142332903925854
4650.803,6.153903152044169,-1.714243284997761
4650.823,6.153902831056404,-1.7142532794713614
4650.843,6.153902510059309,-1.7142632738133885
4650.863,6.153902189052882,-1.7142732680238404
4650.883,6.153901868037124,-1.7142832621027186
4650.903,6.153901547012032,-1.7142932560500228
4650.923,6.153901225977607,-1.7143032498657527
4650.943,6.153900904933846,-1.7143132435499087
4650.963,6.153900583880752,-1.7143232371024917
4650.983,6.15390026281832,-1.7143332305235015
4651.003,6.153899941746552,-1.7143432238129384
4651.023,6.153899620665445,-1.7143532169708016
4651.043,6.153899299574999,-1.7143632099970916
4651.063,6.153898978475215,-1.7143732028918086
4651.083,6.15389865736609,-1.7143831956549542
4651.103,6.1538983362476225,-1.7143931882865269
4651.123,6.153898015119812,-1.714403180786527
4651.143,6.153897693982657,-1.7144131731549548
4651.163,6.153897372836161,-1.7144231653918107
4651.183,6.1538970516803175,-1.714433157497096
4651.203,6.153896730515128,-1.7144431494708097
4651.223,6.153896409340594,-1.7144531413129516
4651.243,6.153896088156711,-1.7144631330235227
4651.263,6.153895766963481,-1.7144731246025227
4651.283,6.1538954457609005,-1.7144831160499518
4651.303,6.153895124548971,-1.7144931073658107
4651.323,6.153894803327687,-1.7145030985500989
4651.343,6.153894482097053,-1.7145130896028173
4651.363,6.153894160857068,-1.7145230805239646
4651.383,6.153893839607729,-1.7145330713135418
4651.403,6.153893518349036,-1.7145430619715503
4651.423,6.153893197080985,-1.7145530524979886
4651.443,6.15389287580358,-1.7145630428928575
4651.463,6.153892554516817,-1.7145730331561577
4651.483,6.153892233220696,-1.7145830232878883
4651.503,6.153891911915217,-1.7145930132880507
4651.523,6.153891590600378,-1.7146030031566433
4651.543,6.153891269276179,-1.7146129928936675
4651.563,6.153890947942617,-1.714622982499124
4651.583,6.1538906265996935,-1.7146329719730116
4651.603,6.153890305247408,-1.7146429613153311
4651.623,6.153889983885758,-1.7146529505260832
4651.643,6.153889662514744,-1.7146629396052677
4651.663,6.153889341134364,-1.7146729285528848
4651.683,6.153889019744617,-1.7146829173689349
4651.703,6.1538886983455034,-1.7146929060534168
4651.723,6.153888376937021,-1.7147028946063319
4651.743,6.15388805551917,-1.714712883027681
4651.763,6.153887734091948,-1.7147228713174634
4651.783,6.153887412655357,-1.714732859475679
4651.803,6.153887091209393,-1.7147428475023287
4651.823,6.153886769754058,-1.7147528353974126
4651.843,6.153886448289348,-1.71476282316093
4651.863,6.153886126815264,-1.7147728107928815
4651.883,6.1538858053318055,-1.7147827982932686
4651.903,6.1538854838389705,-1.71479278566209
4651.923,6.153885162336758,-1.7148027728993462
4651.943,6.153884840825169,-1.714812760005037
4651.963,6.153884519304203,-1.7148227469791626
4651.983,6.153884197773855,-1.714832733821723
4652.003,6.153883876234129,-1.714842720532721
4652.023,6.15388355468502,-1.7148527071121533
4652.043,6.153883233126531,-1.7148626935600217
4652.063,6.153882911558659,-1.714872679876326
4652.083,6.153882589981401,-1.7148826660610668
4652.103,6.15388226839476,-1.7148926521142442
4652.123,6.153881946798732,-1.7149026380358574
4652.143,6.15388162519332,-1.714912623825907
4652.163,6.15388130357852,-1.7149226094843937
4652.183,6.153880981954333,-1.7149325950113166
4652.203,6.153880660320756,-1.7149425804066776
4652.223,6.153880338677792,-1.714952565670477
4652.243,6.153880017025435,-1.714962550802714
4652.263,6.1538796953636865,-1.7149725358033885
4652.283,6.153879373692547,-1.7149825206725005
4652.303,6.153879052012014,-1.71499250541005
4652.323,6.153878730322086,-1.7150024900160392
4652.343,6.153878408622766,-1.7150124744904667
4652.363,6.153878086914047,-1.715022458833332
4652.383,6.1538777651959355,-1.7150324430446364
4652.403,6.153877443468424,-1.715042427124381
4652.423,6.153877121731515,-1.7150524110725642
4652.443,6.153876799985205,-1.7150623948891865
4652.463,6.153876478229496,-1.7150723785742483
4652.483,6.153876156464385,-1.7150823621277487
4652.503,6.153875834689875,-1.71509234554969
4652.523,6.15387551290596,-1.715102328840071
4652.543,6.153875191112643,-1.7151123119988931
4652.563,6.153874869309922,-1.7151222950261562
4652.583,6.1538745474977965,-1.7151322779218598
4652.603,6.153874225676264,-1.7151422606860045
4652.623,6.1538739038453265,-1.71515224331859
4652.643,6.153873582004982,-1.7151622258196166
4652.663,6.153873260155227,-1.7151722081890841
4652.683,6.153872938296065,-1.715182190426994
4652.703,6.153872616427492,-1.7151921725333457
4652.723,6.153872294549506,-1.715202154508139
4652.743,6.153871972662111,-1.715212136351374
4652.763,6.153871650765301,-1.7152221180630516
4652.783,6.153871328859078,-1.7152320996431716
4652.803,6.153871006943441,-1.715242081091734
4652.823,6.153870685018387,-1.7152520624087386
4652.843,6.153870363083919,-1.715262043594186
4652.863,6.153870041140033,-1.7152720246480773
4652.883,6.15386971918673,-1.715282005570412
4652.903,6.153869397224006,-1.7152919863611906
4652.923,6.153869075251865,-1.7153019670204124
4652.943,6.153868753270301,-1.7153119475480785
4652.963,6.153868431279317,-1.7153219279441887
4652.983,6.153868109278911,-1.7153319082087433
4653.003,6.153867787269084,-1.7153418883417428
4653.023,6.1538674652498315,-1.7153518683431868
4653.043,6.153867143221155,-1.7153618482130748
4653.063,6.153866821183051,-1.715371827951408
4653.083,6.153866499135524,-1.7153818075581868
4653.103,6.153866177078568,-1.7153917870334106
4653.123,6.153865855012185,-1.71540176637708
4653.143,6.153865532936372,-1.715411745589195
4653.163,6.153865210851128,-1.7154217246697563
4653.183,6.153864888756455,-1.7154317036187636
4653.203,6.153864566652349,-1.7154416824362164
4653.223,6.153864244538812,-1.7154516611221162
4653.243,6.15386392241584,-1.7154616396764624
4653.263,6.153863600283437,-1.7154716180992562
4653.283,6.153863278141597,-1.715481596390496
4653.303,6.153862955990321,-1.715491574550183
4653.323,6.1538626338296085,-1.715501552578318
4653.343,6.15386231165946,-1.715511530474901
4653.363,6.153861989479872,-1.7155215082399309
4653.383,6.153861667290846,-1.7155314858734088
4653.403,6.153861345092379,-1.7155414633753352
4653.423,6.153861022884471,-1.7155514407457095
4653.443,6.153860700667124,-1.715561417984531
4653.463,6.153860378440334,-1.7155713950918026
4653.483,6.153860056204098,-1.7155813720675235
4653.503,6.153859733958418,-1.7155913489116927
4653.523,6.153859411703293,-1.7156013256243117
4653.543,6.153859089438725,-1.7156113022053796
4653.563,6.1538587671647065,-1.7156212786548983
4653.583,6.153858444881242,-1.7156312549728654
4653.603,6.15438508343937,-1.717425433610735
4653.623,6.155910488726094,-1.7226362513593434
4653.643,6.158411564787823,-1.7311831543035676
4653.663,6.1612178555710235,-1.7407770678285532
4653.683,6.16402521977223,-1.7503748163620656
4653.703,6.166833590268799,-1.7599760132721913
4653.723,6.16964180207246,-1.7695766734787306
4653.743,6.172305543417904,-1.7797087809290428
4653.763,6.174863015522334,-1.7902996084071674
4653.783,6.177671374518398,-1.7999736955182768
4653.803,6.180446203481484,-1.8096486541766204
4653.823,6.183225618200921,-1.8192688533632115
4653.843,6.186012959043142,-1.828872102991575
4653.863,6.188800255916882,-1.838475393218382
4653.883,6.191587540711183,-1.8480786875860036
4653.903,6.194374813710223,-1.8576819856679443
4653.923,6.19716207497814,-1.8672852874021157
4653.943,6.199949324573459,-1.8768885927293375
4653.963,6.202736562550108,-1.8864919015900812
4653.983,6.205523788957138,-1.896095213924939
4654.003,6.208311003838487,-1.9056985296751274
4654.023,6.211098207232751,-1.9153018487829967
4654.043,6.213885399173034,-1.924905171192525
4654.063,6.216672579686815,-1.9345084968498096
4654.083,6.2194597487958685,-1.9441118257035293
4654.103,6.222246906516245,-1.9537151577053955
4654.123,6.225034052858266,-1.963318492810569
4654.143,6.2278211878266125,-1.9729218309780494
4654.163,6.2306037685240625,-1.9825343868223062
4654.183,6.233390979258436,-1.9921381983673356
4654.203,6.236178081264563,-2.0017420173999376
4654.223,6.238965193393251,-2.0113458364138053
4654.243,6.2417522757493495,-2.020949608801059
4654.263,6.24453939876088,-2.0305534567380934
4654.283,6.247325933023977,-2.0401586024300844
4654.303,6.250110973442331,-2.0497671463970693
4654.323,6.252895973609409,-2.059375225103716
4654.343,6.255682296621751,-2.068978970978908
4654.363,6.258468551297415,-2.0785827456192623
4654.383,6.261254735063089,-2.0881865292367823
4654.403,6.264040840259273,-2.097790330382659
4654.423,6.266826857099193,-2.107394145998695
4654.443,6.269612771378272,-2.1169979798015226
4654.463,6.272398562370284,-2.126601830337766
4654.483,6.275184203128681,-2.1362056956405002
4654.503,6.27796964789087,-2.1458095646414916
4654.523,6.280754809052867,-2.155413389967172
4654.543,6.283539049217714,-2.165018366453502
4654.563,6.286323035816199,-2.174628102204018
4654.583,6.289107035615389,-2.1842378690080917
4654.603,6.291892585371467,-2.193842824481506
4654.623,6.294678109075689,-2.203446622305512
4654.643,6.297463608356619,-2.2130504264359536
4654.663,6.300249094827685,-2.222654234338452
4654.683,6.303034568612488,-2.2322580460271477
4654.703,6.305820029731492,-2.24186186153871
4654.723,6.308605478207673,-2.2514656809079754
4654.743,6.311390914067648,-2.261069504167248
4654.763,6.314176337341733,-2.270673331345855
4654.783,6.31696174806396,-2.280277162469745
4654.803,6.319747146272024,-2.289880997561125
4654.823,6.32253253200719,-2.2994848366381366
4654.843,6.32531432554671,-2.309093041797011
4654.863,6.3280938516663205,-2.318704703035802
4654.883,6.33087903633721,-2.32830862878271
4654.903,6.333664034018086,-2.337912582155442
4654.923,6.336449017764912,-2.347516539774291
4654.943,6.33923398916946,-2.357120501450279
4654.963,6.342018948313373,-2.366724467163964
4654.983,6.344803895265598,-2.3763284368924635
4655.003,6.347588830095372,-2.3859324106083397
4655.023,6.350373752871898,-2.395536388279771
4655.043,6.35315866366391,-2.405140369870786
4655.063,6.355943562539224,-2.414744355341533
4655.083,6.358728449564279,-2.4243483446486014
4655.103,6.3615133248036875,-2.4339523377453807
4655.123,6.364298188319798,-2.4435563345824507
4655.143,6.36708304017226,-2.453160335108007
4655.163,6.369867880417612,-2.462764339268318
4655.183,6.372652709108886,-2.4723683470081936
4655.203,6.375437526295239,-2.481972358271486
4655.223,6.378222332021637,-2.491576373001583
4655.243,6.381007126328532,-2.5011803911419355
4655.263,6.3837919092516096,-2.5107844126365593
4655.283,6.386576680821564,-2.5203884374305545
4655.303,6.389361441063918,-2.529992465470606
4655.323,6.39214618999889,-2.5395964967054736
4655.343,6.394930927641307,-2.549200531086462
4655.363,6.397715654000564,-2.5588045685678695
4655.383,6.400500083944713,-2.5684097144010662
4655.403,6.403281488766806,-2.578022958537215
4655.423,6.406057885803674,-2.587645085061449
4655.443,6.408833595238986,-2.5972675760058315
4655.463,6.411608576312029,-2.6068902579550692
4655.483,6.414382824554411,-2.616513138475053
4655.503,6.417156330637196,-2.626136220883575
4655.523,6.419929086673252,-2.635759502081167
4655.543,6.422701063709363,-2.645382964400147
4655.563,6.4250098864593035,-2.654507464765737
4655.583,6.426490215675062,-2.6622970472044027
4655.603,6.427466130321147,-2.668384816238748
4655.623,6.427973872456864,-2.6727158634362755
4655.643,6.42799702488204,-2.6759586295649447
4655.663,6.42732724637203,-2.6785138124592116
4655.683,6.4259407356905225,-2.6803945745836755
4655.703,6.423858020399607,-2.681584998755177
4655.723,6.4212617546417325,-2.6822428338865363
4655.743,6.418620051449007,-2.6828043444835927
4655.763,6.415970259246574,-2.683320916654323
4655.783,6.413311564676927,-2.6837897122032537
4655.803,6.410644858027321,-2.684210578453057
4655.823,6.40797100458039,-2.6845833785775852
4655.843,6.405290871666104,-2.6849079914066625
4655.863,6.402605328599084,-2.685184311471373
4655.883,6.399915246390073,-2.6854122490337287
4655.903,6.39722149745629,-2.685591730110288
4655.923,6.394524955332621,-2.685722696490091
4655.943,6.391826494383631,-2.6858051057470123
4655.963,6.389126989518886,-2.685838931132732
4655.983,6.386429927267967,-2.6858309992477434
4656.003,6.383734830073959,-2.6857820827806926
4656.023,6.381041090727658,-2.685684573897729
4656.043,6.378349497173785,-2.6855366251117596
4656.063,6.375661674212347,-2.68534236798763
4656.083,6.372977889489395,-2.6850996488092105
4656.103,6.3702988550607555,-2.6848066877426673
4656.123,6.368085378714653,-2.684837639403648
4656.143,6.367018720278663,-2.685568265644029
4656.163,6.366746346188448,-2.6858560438099377
4656.183,6.366747345002421,-2.6858607103210113
4656.203,6.366747471622851,-2.685866338836011
4656.223,6.36674747347304,-2.6858690096533575
4656.243,6.366747489866178,-2.685871757930005
4656.263,6.366747598295835,-2.6858757069000445
4656.283,6.366747659548299,-2.6858784460997893
4656.303,6.366747649658165,-2.6858823598297703
4656.323,6.36674766887512,-2.6858851209895187
4656.343,6.3667477017176894,-2.6858890664282704
4656.363,6.366747720554771,-2.6858918006774815
4656.383,6.3667477022048065,-2.6858957139250808
4656.403,6.366747722373305,-2.685898476020486
4656.423,6.366747748603303,-2.6859024208598736
4656.443,6.366747764041938,-2.6859051545893986
4656.463,6.366747745067822,-2.6859090677696
4656.483,6.366747765304675,-2.685911829934898
4656.503,6.36674779093367,-2.6859157747173006
4656.523,6.366747806060557,-2.685918508397557
4656.543,6.366747787027271,-2.6859224215698214
4656.563,6.366747807268593,-2.6859251837400033
4656.583,6.366747832840578,-2.6859291285154736
4656.603,6.366747847936965,-2.685931862189622
4656.623,6.3667478288961235,-2.68593577535923
4656.643,6.366747849136068,-2.685938537528351
4656.663,6.366747874700849,-2.6859424823014866
4656.683,6.366440430371337,-2.6877174352208413
4656.703,6.365521519506985,-2.6929933212950665
4656.723,6.364037076480791,-2.7016678793312763
4656.743,6.362574558695414,-2.7115543308083017
4656.763,6.361111409108525,-2.7214462415880547
4656.783,6.359647619304467,-2.7313423345204844
4656.803,6.35818376925212,-2.741238843835844
4656.823,6.35691389135223,-2.751520545674873
4656.843,6.355953597011359,-2.7624193297124453
4656.863,6.354719523002855,-2.7728028320870566
4656.883,6.353325614898963,-2.782761700183827
4656.903,6.3518961761512145,-2.7926618593791863
4656.923,6.3504653419983645,-2.8025586139027245
4656.943,6.34903454126487,-2.812455372875628
4656.963,6.3476037552549425,-2.822352134260482
4656.983,6.3461729837614715,-2.832248897972608
4657.003,6.34474222674716,-2.84214566394377
4657.023,6.3433114841802665,-2.852042432105371
4657.043,6.341880756033315,-2.8619392023889376
4657.063,6.340450042283258,-2.87183597472676
4657.083,6.339019342911614,-2.8817327490525213
4657.103,6.337588657904557,-2.8916295253019317
4657.123,6.3361579872529825,-2.9015263034133265
4657.143,6.334727330952515,-2.911423083328254
4657.163,6.333296689003475,-2.921319864992022
4657.183,6.33186606141081,-2.9312166483542192
4657.203,6.330435448183975,-2.9411134333691855
4657.223,6.329006067456509,-2.9510121004685033
4657.243,6.327578177677572,-2.9609125956903397
4657.263,6.326149610348435,-2.970811734001804
4657.283,6.32472351753899,-2.9807149862601956
4657.303,6.323294230155214,-2.9906133252168132
4657.323,6.32186988403637,-3.0005165826214313
4657.343,6.3204405347961075,-3.0104139339849048
4657.363,6.31901083028481,-3.0203108460952426
4657.383,6.31758114120203,-3.030207758697142
4657.403,6.316151419713828,-3.040105206933844
4657.423,6.314726487643014,-3.0500066936147885
4657.443,6.3133021385118955,-3.0599091437316095
4657.463,6.3118756357187085,-3.0698122918277795
4657.483,6.310449312238746,-3.0797154368433164
4657.503,6.309023229007159,-3.0896186148486433
4657.523,6.307597387620891,-3.0995218262933313
4657.543,6.306171787706545,-3.1094250713346465
4657.563,6.304746428787816,-3.1193283500678866
4657.583,6.303321310478151,-3.129231662554069
4657.603,6.30189495577176,-3.1391314179812566
4657.623,6.300467452725306,-3.1490286583250944
4657.643,6.299039974887686,-3.158925899291721
4657.663,6.297612564965983,-3.168823135988753
4657.683,6.296185141211282,-3.178720370487395
4657.703,6.29475772963733,-3.1886176072346224
4657.723,6.293330333324221,-3.198514846391575
4657.743,6.291902952294924,-3.208412088014944
4657.763,6.2904755865422475,-3.2183093321585963
4657.783,6.28904823605481,-3.2282065788731886
4657.803,6.287620900817266,-3.2381038282056167
4657.823,6.28619358081038,-3.2480010801985038
4657.843,6.284766276011121,-3.257898334889741
4657.863,6.283338986392816,-3.267795592312069
4657.883,6.281911711925332,-3.277692852492717
4657.903,6.280484452575309,-3.2875901154530975
4657.923,6.279057208306418,-3.2974873812085645
4657.943,6.277629979079655,-3.307384649768229
4657.963,6.27620276485367,-3.3172819211348408
4657.983,6.274775565585125,-3.3271791953047347
4658.003,6.273348381229064,-3.3370764722678445
4658.023,6.271921211739307,-3.3469737520077762
4658.043,6.270494057068868,-3.356871034501954
4658.063,6.269066917170373,-3.366768319721822
4658.083,6.267639791996488,-3.3766656076331105
4658.103,6.266600834221555,-3.3860007454170185
4658.123,6.266005607387916,-3.3939659790719787
4658.143,6.265672193152963,-3.4002227727861984
4658.163,6.265412902206245,-3.4047141279814546
4658.183,6.265574106502498,-3.4082976669706935
4658.203,6.266283661658338,-3.4113656786064035
4658.223,6.267516860682078,-3.413845010737353
4658.243,6.269304154064607,-3.4158212482169215
4658.263,6.2716189077145525,-3.417272258472102
4658.283,6.274376469043815,-3.418099752941674
4658.303,6.277215600380176,-3.4185551784873462
4658.323,6.280014672958415,-3.4189197895204715
4658.343,6.282762695409247,-3.419081526089942
4658.363,6.285461667685756,-3.4190990412812248
4658.383,6.288158287115375,-3.4190796454915997
4658.403,6.290853740287069,-3.419011666889675
4658.423,6.293546696069845,-3.418897273912349
4658.443,6.296237046271478,-3.4187343340246183
4658.463,6.298924087107041,-3.418521019179294
4658.483,6.3016062000400765,-3.4182614773085085
4658.503,6.304283123748944,-3.4179535729268355
4658.523,6.306954136367278,-3.4175955445685355
4658.543,6.309617674548862,-3.417191584529912
4658.563,6.312273449001769,-3.41673960366068
4658.583,6.314920681348719,-3.4162379100605254
4658.603,6.317557940631456,-3.4156907122880225
4658.623,6.320184884069823,-3.4150959734751334
4658.643,6.3228006959632,-3.414452063012936
4658.663,6.325404052491787,-3.413763207607411
4658.683,6.327994567473894,-3.4130274264156015
4658.703,6.330571394994249,-3.4122431567770484
4658.723,6.333133315798832,-3.4114146323436674
4658.743,6.33568175471297,-3.4105282128047585
4658.763,6.338214458195385,-3.409594028331194
4658.783,6.341416671535862,-3.4103665010372644
4658.803,6.345797589228892,-3.414207757304488
4658.823,6.350220925466071,-3.4198685448391872
4658.843,6.354482652578505,-3.427152266115746
4658.863,6.358575473093958,-3.4359654483586852
4658.883,6.362629197427227,-3.4451077791002587
4658.903,6.366671777343218,-3.4545583210010746
4658.923,6.370735621765567,-3.464082245678168
4658.943,6.374777629459202,-3.4732477368884753
4658.963,6.378826641117143,-3.4823914641622036
4658.983,6.382874564372371,-3.491535086409223
4659.003,6.386922474418408,-3.5006787098415235
4659.023,6.390970374151983,-3.5098223379105318
4659.043,6.395018263664588,-3.518965970700453
4659.063,6.399066143017397,-3.52810960825771
4659.083,6.403114012272014,-3.5372532506257555
4659.103,6.40716187149072,-3.546396897844755
4659.123,6.4112097207363705,-3.555540549950952
4659.143,6.415257560072246,-3.564684206976068
4659.163,6.4193053895618775,-3.573827868946771
4659.183,6.423353209268857,-3.582971535884194
4659.203,6.427401019256621,-3.59211520780352
4659.223,6.43144881958822,-3.60125888471364
4659.243,6.43549661032607,-3.6104025666168797
4659.263,6.439544391531689,-3.6195462535087977
4659.283,6.443592163265449,-3.6286899453780648
4659.303,6.447639925586286,-3.6378336422064157
4659.323,6.451687678551446,-3.6469773439686772
4659.343,6.455735422216211,-3.6561210506328763
4659.363,6.459783156633632,-3.665264762160416
4659.383,6.463830881854283,-3.6744084785063316
4659.403,6.4678785979260205,-3.6835521996196094
4659.423,6.471926304893757,-3.6926959254435743
4659.443,6.475974002799251,-3.701839655916343
4659.463,6.480021691680925,-3.710983390971331
4659.483,6.484069371573698,-3.720127130537807
4659.503,6.488117042508845,-3.7292708745415064
4659.523,6.492164704513894,-3.7384146229052684
4659.543,6.496212357612536,-3.747558375549721
4659.563,6.500260001824567,-3.756702132393984
4659.583,6.504307637165875,-3.7658458933563894
4659.603,6.50835526364844,-3.7749896583552265
4659.623,6.5124028812803765,-3.7841334273094693
4659.643,6.516450490066007,-3.793277200139523
4659.663,6.520498090005957,-3.8024209767679418
4659.683,6.524545681097296,-3.8115647571201445
4659.703,6.528057056453207,-3.820142716132687
4659.723,6.530339580344684,-3.8273242900778364
4659.743,6.5322323945771155,-3.8329486516692644
4659.763,6.534075011613182,-3.8368282611018096
4659.783,6.536038583803826,-3.839572855557085
4659.803,6.538188732393331,-3.841221393118736
4659.823,6.54045671883181,-3.8417986735658527
4659.843,6.542808249994674,-3.841408815328296
4659.863,6.545203137693789,-3.8402357206420232
4659.883,6.547579758135532,-3.838955415689438
4659.903,6.5499328151371605,-3.8376325650662313
4659.923,6.5522616802195754,-3.8362675828639214
4659.943,6.554565601321845,-3.8348609108958187
4659.963,6.556843833269979,-3.8334130044644854
4659.983,6.559095639193989,-3.8319243321378855
4660.003,6.561320290767373,-3.8303953755994056
4660.023,6.563517068432685,-3.8288266294950226
4660.043,6.565685261623998,-3.8272186012774885
4660.063,6.567824168986412,-3.825571811047647
4660.083,6.569933098592655,-3.8238867913929213
4660.103,6.572011368156852,-3.8221640872230322
4660.123,6.57405830524561,-3.820404255602942
4660.143,6.576073247486442,-3.818607865583005
4660.163,6.578055542773724,-3.8167754980262796
4660.183,6.58000454947226,-3.8149077454329077
4660.203,6.581919636618584,-3.8130052117614404
4660.223,6.583800184120095,-3.8110685122469605
4660.243,6.5856455829521545,-3.809098273215833
4660.263,6.5874552353531275,-3.8070951318968715
4660.283,6.589228555017505,-3.805059736228719
4660.303,6.590964967287033,-3.80299274466323
4660.323,6.592663909339845,-3.8008948259646176
4660.343,6.59432483037751,-3.7987666590041744
4660.363,6.595947191809887,-3.796608932550389
4660.383,6.597530467437578,-3.7944223450542838
4660.403,6.5990741436318325,-3.792207604429881
4660.423,6.600577719511602,-3.7899654278297006
4660.443,6.602040707117524,-3.787696541415288
4660.463,6.60346263158247,-3.785401680122796
4660.483,6.604843031298405,-3.7830815874237027
4660.503,6.607817961021682,-3.78166618153095
4660.523,6.613639811581301,-3.7818943010699444
4660.543,6.620639851141877,-3.7835096304911744
4660.563,6.628535651124214,-3.786487877841525
4660.583,6.6372627753490825,-3.790761051550913
4660.603,6.646166711592622,-3.7953146324744353
4660.623,6.6553650262369075,-3.7998879864427133
4660.643,6.664687724561601,-3.8044909691383855
4660.663,6.67365703908887,-3.8090436642222136
4660.683,6.68257858774808,-3.813589001853843
4660.703,6.691491006714686,-3.8181369512263443
4660.723,6.700402839713306,-3.822683155534594
4660.743,6.709317871808016,-3.8272300085882
4660.763,6.718234498447721,-3.831777660063169
4660.783,6.727150109830748,-3.8363244150818767
4660.803,6.736065341018406,-3.8408711950116463
4660.823,6.744975691527528,-3.8454164528463397
4660.843,6.75388603917803,-3.849961994617603
4660.863,6.762796447174183,-3.854507419076214
4660.883,6.771706916014194,-3.859052724588926
4660.903,6.780617445648496,-3.863597910855069
4660.923,6.789528036024086,-3.868142977646806
4660.943,6.798437666113903,-3.872687897668974
4660.963,6.807353265893969,-3.8772345221815905
4660.983,6.816262971590623,-3.8817794832412544
4661.003,6.825176857002329,-3.8863246826589988
4661.023,6.834083984289722,-3.8908694491392475
4661.043,6.84299105927931,-3.8954142848877544
4661.063,6.851898138230728,-3.899959112400886
4661.083,6.860805221712863,-3.9045039310023224
4661.103,6.869712309767695,-3.9090487406935486
4661.123,6.878619402429603,-3.9135935414859566
4661.143,6.88752649972993,-3.9181383333949724
4661.163,6.896433601696632,-3.9226831164400413
4661.183,6.905340708353914,-3.927227890644623
4661.203,6.914247819721911,-3.931772656036137
4661.223,6.923154935816407,-3.93631741264586
4661.243,6.9320620670929145,-3.940862203369661
4661.263,6.9409739591027915,-3.945407119838606
4661.283,6.949886242186086,-3.9499517387198497
4661.303,6.95879867747199,-3.9544964447365625
4661.323,6.967709950684463,-3.9590409503066324
4661.343,6.976621356390408,-3.9635853100302123
4661.363,6.985533618362831,-3.9681298607097606
4661.383,6.9944437603669245,-3.97267411020906
4661.403,7.003355032801513,-3.977218434795167
4661.423,7.01226647742559,-3.981762641798678
4661.443,7.021176648251061,-3.986306808519854
4661.463,7.030088974853374,-3.9908511993468156
4661.483,7.038412825696068,-3.994880263367203
4661.503,7.0454797120546795,-3.9977812761488862
4661.523,7.050891073741226,-3.9998483423256332
4661.543,7.054690620211049,-4.001156762578042
4661.563,7.057735820825118,-4.001646681453933
4661.583,7.060240911244573,-4.001341179522417
4661.603,7.062272518852405,-4.000252339027741
4661.623,7.063747901228466,-3.998302921133101
4661.643,7.06487792272273,-3.9958411749663774
4661.663,7.0659300374208,-3.993355212829942
4661.683,7.066937388919226,-3.9908506504253496
4661.703,7.067899506754417,-3.9883283518686987
4661.723,7.06881607686908,-3.9857891343847673
4661.743,7.069686801340706,-3.983233820690353
4661.763,7.070511397139184,-3.980663238893332
4661.783,7.071289596214886,-3.9780782221881252
4661.803,7.072021145593917,-3.9754796085565554
4661.823,7.072705807467408,-3.9728682404716325
4661.843,7.0733433592745465,-3.9702449646031526
4661.863,7.0739335937792855,-3.9676106315244772
4661.883,7.0744763191407,-3.9649660954201273
4661.903,7.074971358977023,-3.9623122137940023
4661.923,7.075418552423405,-3.9596498471781376
4661.943,7.075817754183485,-3.9569798588419594
4661.963,7.076168834574878,-3.954303114502062
4661.983,7.076471679568647,-3.9516204820325207
4662.003,7.0767261908229395,-3.948932831175764
4662.023,7.076932285710828,-3.9462410332540303
4662.043,7.0770898973425265,-3.943545960881445
4662.063,7.077198974582042,-3.94084848767672
4662.083,7.077259482058396,-3.938149487976502
4662.103,7.077272069848121,-3.935449858783817
4662.123,7.077235599385354,-3.9327504967164497
4662.143,7.077150707137432,-3.9300522113318435
4662.163,7.077017269787365,-3.9273559030067324
4662.183,7.078713781409928,-3.924531733062061
4662.203,7.083690981751981,-3.9215007931897743
4662.223,7.09041685062826,-3.9189737729503946
4662.243,7.098643074073044,-3.9170865537189026
4662.263,7.10827796516788,-3.915818019694452
4662.283,7.118214579840298,-3.9146847788517394
4662.303,7.128447718000189,-3.9137158658766524
4662.323,7.138930448460246,-3.9128574868484205
4662.343,7.1489164905661395,-3.9117644656975634
4662.363,7.158860457941258,-3.9106543661258635
4662.383,7.168804218866035,-3.9095395590055704
4662.403,7.178748015282827,-3.9084251007228734
4662.423,7.188691842094742,-3.9073109301374287
4662.443,7.198635697768662,-3.906197033561668
4662.463,7.2085795802005705,-3.9050834067503244
4662.483,7.218523485647534,-3.9039700445759626
4662.503,7.228467405556058,-3.902856935257002
4662.523,7.238410014730678,-3.9017433499535468
4662.543,7.248347191225869,-3.900627216674893
4662.563,7.25828437714758,-3.8995112679556017
4662.583,7.268221565323282,-3.8983953356996954
4662.603,7.278158755756852,-3.8972794183336408
4662.623,7.28809594850282,-3.8961635158192593
4662.643,7.298033143608561,-3.895047628132346
4662.663,7.307970341113413,-3.8939317552485346
4662.683,7.317907541048315,-3.8928158971432847
4662.703,7.327844743435542,-3.891700053791984
4662.723,7.337781948288524,-3.890584225170092
4662.743,7.347719155611747,-3.8894684112532643
4662.763,7.357656365400735,-3.8883526120174885
4662.783,7.367593577642142,-3.8872368274392297
4662.803,7.37753079231391,-3.8861210574955685
4662.823,7.387468009385511,-3.8850053021643376
4662.843,7.397405228818293,-3.8838895614242666
4662.863,7.407342450565882,-3.882773835255105
4662.883,7.417279674574673,-3.8816581236377568
4662.903,7.427216900784398,-3.8805424265543946
4662.923,7.437154129128731,-3.8794267439885726
4662.943,7.447091359535987,-3.8783110759253283
4662.963,7.4570285919298565,-3.877195422351274
4662.983,7.466965826230182,-3.876079783254663
4663.003,7.476903062353772,-3.874964158625466
4663.023,7.486840300215268,-3.873848548455413
4663.043,7.496777539727986,-3.8727329527380276
4663.063,7.506716140825882,-3.8716180550471666
4663.083,7.516661487518419,-3.8705093242485065
4663.103,7.526598875586987,-3.8693942157108454
4663.123,7.5365362519513175,-3.8682790897366446
4663.143,7.546473628514387,-3.8671639755374883
4663.163,7.556411004783364,-3.8660488814808813
4663.183,7.566348379697931,-3.8649338092513137
4663.203,7.568634299282776,-3.86246473682431
4663.223,7.569642611677984,-3.860685452328006
4663.243,7.570226857690051,-3.8597830353536944
4663.263,7.570024570668411,-3.8596512364020312
4663.283,7.569780160619179,-3.859499172521905
4663.303,7.569390565468366,-3.859307282778468
4663.323,7.569090495419493,-3.859228938220104
4663.343,7.568811151731786,-3.8591443651047985
4663.363,7.568513113006801,-3.8590299352545006
4663.383,7.568138139652933,-3.8589627096982366
4663.403,7.56785894837611,-3.858884555996079
4663.423,7.567434248428386,-3.8587639513162606
4663.443,7.566842608803574,-3.858427226713921
4663.463,7.566000429271988,-3.8579469678599407
4663.483,7.565088769533591,-3.8572359498443807
4663.503,7.564049948681063,-3.8564467891830256
4663.523,7.563030492026665,-3.8555564388861394
4663.543,7.561816433984679,-3.854665347655134
4663.563,7.560426139341189,-3.8535194307934932
4663.583,7.559042655291566,-3.8523214786720184
4663.603,7.557600692903633,-3.851078250610158
4663.623,7.556150530062648,-3.84979790610127
4663.643,7.554556761805329,-3.848363220792857
4663.663,7.55292594364837,-3.8468392143179027
4663.683,7.551399714334797,-3.845379738900646
4663.703,7.549949240899176,-3.843964794155242
4663.723,7.548343642071211,-3.842334870035895
4663.743,7.546831230423193,-3.840727571114416
4663.763,7.545395609881871,-3.839199187407425
4663.783,7.543923588943317,-3.8375619973218162
4663.803,7.542463802148701,-3.8358276294098315
4663.823,7.5410765040759955,-3.834104936667966
4663.843,7.539715343079547,-3.8323488177284184
4663.863,7.538345198060479,-3.830429308548639
4663.883,7.537050755326551,-3.8284931987171458
4663.903,7.535779386862585,-3.8264555874421284
4663.923,7.534555771487291,-3.8243568527698084
4663.943,7.533372160445335,-3.822147855863614
4663.963,7.53229384436808,-3.8197655142200233
4663.983,7.531171118647592,-3.8173096128726876
4664.003,7.530004629824984,-3.8148752207953613
4664.023,7.528794522245142,-3.812462227749569
4664.043,7.527541185584796,-3.8100714060944965
4664.063,7.526245025795487,-3.8077035292977954
4664.083,7.524906462555428,-3.8053593634342993
4664.103,7.5235259291390815,-3.803039666882332
4664.123,7.522103872294955,-3.800745190093033
4664.143,7.520640752114152,-3.7984766753608876
4664.163,7.519137041891739,-3.796234856595698
4664.183,7.517593227982473,-3.794020459096521
4664.203,7.517532756454306,-3.790726873543667
4664.223,7.520143487860539,-3.78551707667161
4664.243,7.524503955788977,-3.779806224384411
4664.263,7.528776387849415,-3.7745518947567525
4664.283,7.528522840408208,-3.7716321684953926
4664.303,7.528296169916366,-3.768145343816285
4664.323,7.528099684432007,-3.764676533596859
4664.343,7.527936659370338,-3.761245404078682
4664.363,7.527806519023325,-3.7578511263404315
4664.383,7.5277082102871855,-3.7544937867813464
4664.403,7.527640703576527,-3.751173388763592
4664.423,7.527602989528852,-3.747889921966771
4664.443,7.527594078646077,-3.7446433636064502
4664.463,7.527613001005882,-3.741433678848005
4664.483,7.527658805985494,-3.7382608211935344
4664.503,7.527730561994867,-3.7351247328590267
4664.523,7.527827356218354,-3.732025345143363
4664.543,7.527948294364523,-3.728962578786916
4664.563,7.528092500423533,-3.7259363443158637
4664.583,7.528259116430783,-3.7229465423782733
4664.603,7.528446122578747,-3.7199814921833805
4664.623,7.528653077643465,-3.7170446801759502
4664.643,7.528889807766071,-3.7141422763085123
4664.663,7.528879677328326,-3.71245390447395
4664.683,7.527628944559031,-3.7125908532125957
4664.703,7.527283250236388,-3.7125523357347316
4664.723,7.527653735198586,-3.71088207004401
4664.743,7.5270875321616995,-3.708786303885607
4664.763,7.526059923218232,-3.7063176075335744
4664.783,7.5247721898664,-3.7037926783075217
4664.803,7.523484905747393,-3.701218417972566
4664.823,7.522203704264954,-3.698564360634654
4664.843,7.520804328933489,-3.696048194500129
4664.863,7.519379320100707,-3.693550612803411
4664.883,7.517839185636918,-3.691249989155354
4664.903,7.5162378582146765,-3.6890447691273254
4664.923,7.51462351348491,-3.686824591813195
4664.943,7.512937745368891,-3.6846773173525538
4664.963,7.511270987119711,-3.682473458569177
4664.983,7.509598710002717,-3.680035045378933
4665.003,7.50786230275382,-3.6777495596889103
4665.023,7.50603703587682,-3.6755813745258266
4665.043,7.504234454435,-3.6732506343598046
4665.063,7.502384572291062,-3.670973780080895
4665.083,7.500485607385759,-3.668701740205053
4665.103,7.49854580340792,-3.666431330783691
4665.123,7.496540125088018,-3.6644702616461933
4665.143,7.49450796486743,-3.662384717847148
4665.163,7.492435430838285,-3.6602378954887005
4665.183,7.4903104983495,-3.6583209429297763
4665.203,7.488185865747836,-3.6563209673765336
4665.223,7.4859757895384424,-3.6544265039509685
4665.243,7.483764230212725,-3.652646563027359
4665.263,7.481506393217018,-3.6507339040778266
4665.283,7.479193564416219,-3.648800279577515
4665.303,7.476841866925534,-3.6471108742203313
4665.323,7.474468944795193,-3.645827775304127
4665.343,7.472071387800241,-3.6445868797370164
4665.363,7.469651860465277,-3.643389320299087
4665.383,7.467211158962412,-3.6422354956205214
4665.403,7.464750074417494,-3.641125780671419
4665.423,7.462269404587406,-3.6400605360417404
4665.443,7.459769953689434,-3.6390401078956263
4665.463,7.457252532128919,-3.6380648278468435
4665.483,7.45471795622321,-3.6371350128395283
4665.503,7.452167047923136,-3.636250965035193
4665.523,7.449600634532372,-3.6354129717060784
4665.543,7.447019548425083,-3.6346213051349388
4665.563,7.444424626762193,-3.6338762225212777
4665.583,7.4418167112065605,-3.6331779658940233
4665.603,7.439196647637388,-3.632526762030589
4665.623,7.436565285864067,-3.6319228223822804
4665.643,7.433923479339703,-3.631366343005917
4665.663,7.431622637269195,-3.6290085478607623
4665.683,7.4299567096261905,-3.623425510372245
4665.703,7.4292228982657065,-3.6162793236132256
4665.723,7.429489372064598,-3.6078449528663232
4665.743,7.430712699563885,-3.59820521033031
4665.763,7.4321442547271275,-3.5883073310672455
4665.783,7.433398960686963,-3.578059869476154
4665.803,7.434619832532282,-3.5677244169607034
4665.823,7.436014252876375,-3.557798836843464
4665.843,7.437417774667453,-3.547887523911074
4665.863,7.4388338486360945,-3.537987437912522
4665.883,7.440251032073726,-3.5280887208522884
4665.903,7.441668196811581,-3.518190001605734
4665.923,7.443085347061647,-3.508291280699698
4665.943,7.444502482847238,-3.4983925581714894
4665.963,7.445919676182751,-3.488493826355039
4665.983,7.447334652345787,-3.47859180181001
4666.003,7.4487478891339025,-3.468686860447348
4666.023,7.450162598368669,-3.4587832506012197
4666.043,7.451574817106412,-3.4488816407249248
4666.063,7.4529913239060726,-3.438982816049674
4666.083,7.454407813981944,-3.4290840052851976
4666.103,7.455824322792452,-3.4191851910027884
4666.123,7.457237018955355,-3.4092811614206218
4666.143,7.458647833908764,-3.399378068411561
4666.163,7.460062153469216,-3.389477002162092
4666.183,7.461478112465775,-3.379578115744854
4666.203,7.462894055617788,-3.3696792298539453
4666.223,7.464309490817109,-3.3597794615020855
4666.243,7.465721007061537,-3.3498767336656194
4666.263,7.467132899509778,-3.3399702618590545
4666.283,7.46854547396169,-3.3300651771986836
4666.303,7.469960307037524,-3.3201655199183033
4666.323,7.471375493671351,-3.3102665241524805
4666.343,7.47279066857319,-3.300367530925157
4666.363,7.474205839953261,-3.290468535942434
4666.383,7.475620996110849,-3.2805695386744813
4666.403,7.477036136940069,-3.270670539064484
4666.423,7.47845126243845,-3.2607715370587926
4666.443,7.4798663726085834,-3.2508725326058228
4666.463,7.481281467457371,-3.240973525656627
4666.483,7.4826965469960225,-3.231074516165432
4666.503,7.484111611240053,-3.221175504090128
4666.523,7.48552666020921,-3.211276489392737
4666.543,7.486941693927363,-3.201377472039821
4666.563,7.488356712422339,-3.191478452002854
4666.583,7.4897717157257215,-3.18157942925854
4666.603,7.491186703872608,-3.171680403789076
4666.623,7.492601676901321,-3.161781375582356
4666.643,7.494016634853097,-3.151882344632123
4666.663,7.495431577771719,-3.141983310938058
4666.683,7.496846505703152,-3.132084274505807
4666.703,7.498261418695123,-3.1221852353469437
4666.723,7.499676316796709,-3.112286193478883
4666.743,7.501091200057877,-3.102387148924724
4666.763,7.5025060685290486,-3.092488101713039
4666.783,7.50391939030932,-3.0825869273258593
4666.803,7.50533382908403,-3.0726877469530107
4666.823,7.5067485501213165,-3.0627886747636244
4666.843,7.508163258244443,-3.0528896034207675
4666.863,7.509577951705749,-3.0429905296155373
4666.883,7.510992630542031,-3.033091453368983
4666.903,7.512407294800573,-3.0231923747402476
4666.923,7.513821944525357,-3.013293293790775
4666.943,7.515236579756642,-3.0033942105833606
4666.963,7.516651200530653,-2.9934951251815702
4666.983,7.518065806879326,-2.9835960376491366
4667.003,7.519480398830079,-2.973696948049375
4667.023,7.52089497640562,-2.963797856444579
4667.043,7.522309539623801,-2.9538987628954385
4667.063,7.523724088497527,-2.943999667460468
4667.083,7.525138623034691,-2.934100570195449
4667.103,7.526553143238164,-2.9242014711529074
4667.123,7.527967649105842,-2.9143023703816158
4667.143,7.529382167274747,-2.904403265721289
4667.163,7.530795075494465,-2.894501485440333
4667.183,7.532206363368822,-2.8845987119673198
4667.203,7.533619049496469,-2.8746976404760543
4667.223,7.535030331032016,-2.8647938438804017
4667.243,7.536441730328674,-2.8548911681238724
4667.263,7.5378511160853945,-2.844984038589938
4667.283,7.539262751412514,-2.8350797834324903
4667.303,7.540671561227672,-2.825177833075007
4667.323,7.542084848624662,-2.8152785513898317
4667.343,7.5434981198730915,-2.80537928058855
4667.363,7.544911426688056,-2.7954794730963677
4667.383,7.546319903558582,-2.7855756268120357
4667.403,7.547423348246351,-2.7762155169908045
4667.423,7.548049613275321,-2.768216199931871
4667.443,7.548382913261649,-2.7619459178513845
4667.463,7.548565609548951,-2.757424428887339
4667.483,7.548361332973029,-2.753811616372521
4667.503,7.547618692547452,-2.7507104707925745
4667.523,7.546348786189092,-2.748174899352261
4667.543,7.544540035159902,-2.746181677903824
4667.563,7.542211048800926,-2.7447197745575247
4667.583,7.539432820721122,-2.7438597713519615
4667.603,7.536677327004201,-2.7435835408484373
4667.623,7.53398009821801,-2.7434701037916542
4667.643,7.531281140726294,-2.74340522963448
4667.663,7.528582173089044,-2.7433881564574314
4667.683,7.525886346458371,-2.74340834362312
4667.703,7.523133579208625,-2.7415819388600187
4667.723,7.520299241634099,-2.736473605323916
4667.743,7.518036540935172,-2.729640966068544
4667.763,7.516470303404976,-2.721333090855495
4667.783,7.515565152146817,-2.711640627873336
4667.803,7.514809228499594,-2.701667967654789
4667.823,7.5142185179499785,-2.6914284872525296
4667.843,7.513760997250521,-2.6808624829888066
4667.863,7.513056239906911,-2.670826624455771
4667.883,7.512323825254778,-2.660843091811467
4667.903,7.5115906922000795,-2.65085795007979
4667.923,7.510855560173067,-2.6408771050933675
4667.943,7.5101230070293985,-2.6308941207332133
4667.963,7.509391057925129,-2.6209088211542113
4667.983,7.508656599139776,-2.610928858254672
4668.003,7.50792195268738,-2.6009508523574043
4668.023,7.507195232033541,-2.590964608130716
4668.043,7.506456810054875,-2.5809922491166675
4668.063,7.505726579198689,-2.5710099777040667
4668.083,7.504994626916428,-2.5610306102494387
4668.103,7.504261499001236,-2.551051790667116
4668.123,7.503525794184737,-2.541077569458983
4668.143,7.502789005480184,-2.5311049088307254
4668.163,7.502052220133056,-2.521132252630896
4668.183,7.50131545042654,-2.5111595964112308
4668.203,7.500578704837701,-2.501186941344861
4668.223,7.499841993137154,-2.4912142851137506
4668.243,7.499105323367587,-2.4812416276719578
4668.263,7.498368704364344,-2.471268967765289
4668.283,7.497632143837065,-2.4612963050318735
4668.303,7.4968956507767635,-2.4513236387791846
4668.323,7.496159233813314,-2.4413509686335586
4668.343,7.495422902159777,-2.4313782942640985
4668.363,7.494686664873799,-2.4214056155885486
4668.383,7.493950531077659,-2.411432932703869
4668.403,7.493214510974075,-2.4014602461270633
4668.423,7.492478616283723,-2.39148755683953
4668.443,7.491742859911212,-2.3815148668955213
4668.463,7.491007258788794,-2.3715421799143637
4668.483,7.4902718359013924,-2.3615695028638477
4668.503,7.4895366217565265,-2.351596849578456
4668.523,7.488801668743011,-2.3416242539468457
4668.543,7.4880672569512265,-2.331651664782601
4668.563,7.487330907731795,-2.321679146481174
4668.583,7.486594648105674,-2.311706629047899
4668.603,7.48585840510678,-2.301734110404756
4668.623,7.485122178059037,-2.291761590516173
4668.643,7.484385966964431,-2.281789069375339
4668.663,7.483649771825804,-2.2718165469763854
4668.683,7.4829135926400925,-2.261844023314136
4668.703,7.482177429398189,-2.2518714983841943
4668.723,7.481441282084912,-2.2418989721830247
4668.743,7.480705150679071,-2.2319264447080234
4668.763,7.479969035153576,-2.2219539159575743
4668.783,7.479232935475615,-2.2119813859310966
4668.803,7.47849685160691,-2.202008854629083
4668.823,7.4777607835040065,-2.192036322053119
4668.843,7.477026349483671,-2.182062711314391
4668.863,7.476297593996756,-2.1720862345202963
4668.883,7.475567026532875,-2.162109507883181
4668.903,7.474837182937876,-2.1521326714550972
4668.923,7.474107418044226,-2.1421557799999
4668.943,7.473377236387362,-2.1321790917265315
4668.963,7.472647897809239,-2.122203274976872
4668.983,7.471919385767058,-2.112226505844648
4669.003,7.471189979093437,-2.1022508265258946
4669.023,7.470460926900152,-2.0922738895236184
4669.043,7.469732131188686,-2.0822960736329126
4669.063,7.468998651236769,-2.0723233473799274
4669.083,7.468265206524613,-2.062350620832398
4669.103,7.467531777000212,-2.0523778931030954
4669.123,7.466798362432326,-2.0424051641960754
4669.143,7.4660649627585105,-2.032432434126422
4669.163,7.465331577922363,-2.022459702909129
4669.183,7.464598207872626,-2.0124869705588497
4669.203,7.463864852563573,-2.0025142370897937
4669.223,7.46313151195537,-1.9925415025156172
4669.243,7.462398186014386,-1.9825687668493166
4669.263,7.461664874713425,-1.972596030103134
4669.283,7.460933747746483,-1.9626198915695743
4669.303,7.46020545274554,-1.9526403596544764
4669.323,7.45947524289786,-1.9426642933355267
4669.343,7.45874297273368,-1.932691303541361
4669.363,7.4580106928612855,-1.9227183197056414
4669.383,7.457278407555492,-1.9127453378011623
4669.403,7.456546126181198,-1.9027723554365723
4669.423,7.455813856826124,-1.8927993732333859
4669.443,7.455081607811427,-1.8828263899849045
4669.463,7.45434938687643,-1.8728534054980486
4669.483,7.453617201875715,-1.8628804189770767
4669.503,7.452885060920254,-1.852907430030681
4669.523,7.452152972255598,-1.8429344380458843
4669.543,7.451420944315646,-1.832961442633368
4669.563,7.450688985445134,-1.8229884433258912
4669.583,7.449957104571788,-1.8130154398772895
4669.603,7.449225310524173,-1.8030424320740315
4669.623,7.448493612584496,-1.793069419894577
4669.643,7.447762019838444,-1.7830964035315187
4669.663,7.4470305426122225,-1.7731233835815152
4669.683,7.446299192943449,-1.7631503612005117
4669.703,7.445567984042613,-1.7531773386608098
4669.723,7.44483693381869,-1.743204319974223
4669.743,7.444106066228969,-1.7332313128838412
4669.763,7.443375414144238,-1.7232583332645466
4669.783,7.442645035467192,-1.7132854221368548
4669.803,7.441914600036417,-1.7033124515075047
4669.823,7.441182827641805,-1.6933396032254386
4669.843,7.440451090599897,-1.683366752825877
4669.863,7.439719369668468,-1.6733939011881933
4669.883,7.438987664681867,-1.6634210483135972
4669.903,7.438255975646722,-1.6534481941956451
4669.923,7.437524302565475,-1.6434753388284302
4669.943,7.436792645434564,-1.6335024822067563
4669.963,7.436061004244337,-1.6235296243262254
4669.983,7.435329378979057,-1.6135567651833183
4670.003,7.434597769616962,-1.6035839047754599
4670.023,7.4338661761303895,-1.5936110431010757
4670.043,7.433134598485981,-1.5836381801596369
4670.063,7.432403036644922,-1.5736653159516938
4670.083,7.4316728770589835,-1.5636913726450647
4670.103,7.430948357322423,-1.5537144425833906
4670.123,7.430222776151541,-1.543737294559292
4670.143,7.429497285826985,-1.533760099088679
4670.163,7.428771380328478,-1.523783111367276
4670.183,7.4280463369824705,-1.5138069988988745
4670.203,7.427322136596428,-1.503829945333326
4670.223,7.426597065482975,-1.4938539970428677
4670.243,7.425872350537217,-1.4838767877135062
4670.263,7.425148332603173,-1.4738994432364976
4670.283,7.424423866224906,-1.4639216272347262
4670.303,7.423698674017383,-1.4539456973874532
4670.323,7.422969892235929,-1.4439726281905227
4670.343,7.422241131668041,-1.4339995581323968
4670.363,7.421512386166005,-1.4240264868947043
4670.383,7.420783655614819,-1.414053414488649
4670.403,7.420054939953816,-1.4040803409293077
4670.423,7.41932623912749,-1.3941072662315628
4670.443,7.41859755308554,-1.3841341904099445
4670.463,7.41786888178326,-1.3741611134785217
4670.483,7.417140225181881,-1.3641880354507954
4670.503,7.416411583248882,-1.3542149563395953
4670.523,7.415682955958215,-1.3442418761569839
4670.543,7.414957548382677,-1.3342640150064664
4670.563,7.4142333367003666,-1.3242852706935697
4670.583,7.413507592632984,-1.3143090581393178
4670.603,7.4127800066484575,-1.3043357282057182
4670.623,7.4120524083378365,-1.2943624030645446
4670.643,7.411324806928475,-1.284389077518342
4670.663,7.410597210449455,-1.274415752770935
4670.683,7.409869627614249,-1.2644424272638979
4670.703,7.409142066344112,-1.2544691011223787
4670.723,7.408414534559208,-1.2444957733428827
4670.743,7.407687040007463,-1.2345224436399953
4670.763,7.406959590929805,-1.2245491113224556
4670.783,7.4062321955336845,-1.2145757759783842
4670.803,7.4055048622953725,-1.2046024371150923
4670.823,7.40477759957978,-1.194629094354441
4670.843,7.404050416350602,-1.1846557474269555
4670.863,7.4033233215370915,-1.1746823961878792
4670.883,7.4025963243214745,-1.1647090406060638
4670.903,7.401869433960909,-1.1547356809799032
4670.923,7.4011426610064275,-1.1447623179272968
4670.943,7.400416017746849,-1.1347889528136166
4670.963,7.399689517758638,-1.1248155880937516
4670.983,7.398963180051929,-1.1148422282660555
4671.003,7.398237029499804,-1.1048688819292705
4671.023,7.397511101693593,-1.094895567298054
4671.043,7.396785461605216,-1.0849223351638326
4671.063,7.396059743818471,-1.074949069456131
4671.083,7.3953326642831625,-1.0649758762743922
4671.103,7.394605618540367,-1.0550026826726178
4671.123,7.393878588918291,-1.045029487853287
4671.143,7.393151575259335,-1.035056291799782
4671.163,7.392424577568694,-1.0250830945057683
4671.183,7.391697595847335,-1.0151098959656464
4671.203,7.390970630090234,-1.0051366961745316
4671.223,7.390243680286297,-0.995163495128338
4671.243,7.389516746418375,-0.985190292823856
4671.263,7.388789828463323,-0.9752170892588191
4671.283,7.388062926392163,-0.9652438844319574
4671.303,7.387336040170258,-0.9552706783430411
4671.323,7.386609169757593,-0.9452974709929115
4671.343,7.385882315109098,-0.9353242623834999
4671.363,7.385160664699382,-0.9253487356049193
4671.383,7.384439020960776,-0.9153713487362521
4671.403,7.383718228487198,-0.9053938517695613
4671.423,7.382997518856772,-0.8954163024618799
4671.443,7.382276392534839,-0.8854389579595473
4671.463,7.381556116723171,-0.8754624871771103
4671.483,7.380836677426028,-0.8654850718435579
4671.503,7.380116349433078,-0.8555087506474492
4671.523,7.379396375508197,-0.8455311666674208
4671.543,7.378677676233901,-0.8355511251337961
4671.563,7.377955807832291,-0.8255765401301511
4671.583,7.377231559329882,-0.8156031407708201
4671.603,7.376507330696297,-0.8056297404653499
4671.623,7.375783117113837,-0.7956563389878069
4671.643,7.375058918479189,-0.7856829363504662
4671.663,7.374334734732503,-0.775709532568358
4671.683,7.373610565819084,-0.765736127656286
4671.703,7.372886411689504,-0.7557627216286853
4671.723,7.372162272300001,-0.7457893144995124
4671.743,7.3714381476128,-0.7358159062821404
4671.763,7.370714037596418,-0.7258424969892584
4671.783,7.3699899422258826,-0.715869086632772
4671.803,7.369270336519375,-0.7058889545068497
4671.823,7.368550288431021,-0.6959104699424553
4671.843,7.367828428717905,-0.6859352348140824
4671.863,7.367105337093295,-0.6759615797968018
4671.883,7.3663822463131705,-0.6659879245287353
4671.903,7.3656591602382395,-0.656014270751082
4671.923,7.364936085699446,-0.6460406162576462
4671.943,7.3642130289796945,-0.6360669616326824
4671.963,7.363489997377719,-0.6260933057234951
4671.983,7.362766997875584,-0.616119648346179
4672.003,7.362044037973712,-0.6061459887521267
4672.023,7.361321125540328,-0.5961723265617144
4672.043,7.360598268655059,-0.586198661199711
4672.063,7.359875475607907,-0.5762249922932081
4672.083,7.359152754789431,-0.5662513194371601
4672.103,7.358430115037857,-0.5562776424093039
4672.123,7.357707565386595,-0.5463039610781641
4672.143,7.356985114793484,-0.5363302754535865
4672.163,7.3562627728276535,-0.5263565859028412
4672.183,7.355540550290471,-0.5163828931100433
4672.203,7.3548184594173245,-0.5064091986399997
4672.223,7.354096514451369,-0.49643550512412443
4672.243,7.353374735472772,-0.48646181762809754
4672.263,7.352653148264192,-0.4764881456631592
4672.283,7.351931791825519,-0.46651451015550516
4672.303,7.351210616549853,-0.45654100698320255
4672.323,7.350488940068777,-0.4465673190074968
4672.343,7.349766400691398,-0.43659379772107143
4672.363,7.3490438809946745,-0.42662027504343103
4672.383,7.34832137728006,-0.41664675114594457
4672.403,7.347598889524879,-0.40667322602347
4672.423,7.3468764177353,-0.396699699669731
4672.443,7.346153961911883,-0.38672617207907456
4672.463,7.345431522049138,-0.3767526432465829
4672.483,7.34470909813547,-0.36677911316815726
4672.503,7.3439866901532085,-0.35680558184059125
4672.523,7.343264298078683,-0.346832049261636
4672.543,7.342541921882381,-0.33685851543005096
4672.563,7.3418195615291575,-0.3268849803456452
4672.583,7.341097216978514,-0.3169114440093064
4672.603,7.340380077191098,-0.30693559159047284
4672.623,7.33966294434876,-0.29695787444325095
4672.643,7.338946669611435,-0.28698005155010237
4672.663,7.338230482926153,-0.27700217858157317
4672.683,7.337513880484973,-0.26702451239901676
4672.703,7.336798136990277,-0.25704772205045123
4672.723,7.336083235799636,-0.2470699898242908
4672.743,7.335367458660104,-0.23709336132764686
4672.763,7.334652037155718,-0.22711546870440757
4672.783,7.333937309760847,-0.21713743879611816
4672.803,7.333224173096231,-0.2071574630295237
4672.823,7.332504465537737,-0.197183719483098
4672.843,7.331784908787773,-0.18720998082470763
4672.863,7.331065368261509,-0.17723624106077118
4672.883,7.330345842750491,-0.16726250013233745
4672.903,7.329626332182161,-0.1572887580536506
4672.923,7.328906836497786,-0.14731501483965748
4672.943,7.328187355643605,-0.13734127050503941
4672.963,7.327467889571196,-0.12736752506409382
4672.983,7.3267484382378445,-0.11739377853062588
4673.003,7.326029001606886,-0.10742003091784418
4673.023,7.325309579647975,-0.09744628223826038
4673.043,7.324590414703138,-0.08747188043853052
4673.063,7.323875862600146,-0.07749159672704334
4673.083,7.323161034520563,-0.06751174268849598
4673.103,7.322442933565394,-0.057537617073530035
4673.123,7.321724530415805,-0.04756362186041098
4673.143,7.32100612760429,-0.037589629153224446
4673.163,7.3202877309333525,-0.02761563577550937
4673.183,7.319569346620885,-0.017641642860688405
4673.203,7.318850981437131,-0.007667648967501783
4673.223,7.318132642441767,0.0023063458382772788
4673.243,7.317414336809339,0.012280342473064441
4673.263,7.316696072053229,0.0222543412252275
4673.283,7.315977856133323,0.032228342747066124
4673.303,7.315259697146286,0.04220234742603686
4673.323,7.314541603382116,0.05217635573560771
4673.343,7.313823583354261,0.062150367978944215
4673.363,7.313105645843555,0.0721243844132184
4673.383,7.312387800008944,0.08209840510517405
4673.403,7.311670054745659,0.09207243002758009
4673.423,7.3109524198629705,0.10204645872816663
4673.443,7.310234906347666,0.11202049044868131
4673.463,7.309517526635105,0.12199452343310987
4673.483,7.308800295791798,0.131968554775534
4673.503,7.308083234819148,0.14194257884784792
4673.523,7.307366370601443,0.15191658498918265
4673.543,7.306649746050247,0.16189054890803084
4673.563,7.305933342555732,0.17186431693260606
4673.583,7.305216344993158,0.18183835433762494
4673.603,7.304498501170223,0.1918122150874467
4673.623,7.303780676800226,0.20178607688676953
4673.643,7.303062868430102,0.21175993989981742
4673.663,7.302345076036989,0.22173380413506827
4673.683,7.301627299625597,0.23170766959853634
4673.703,7.300909539195032,0.24168153629556943
4673.723,7.300191794738358,0.25165540423077926
4673.743,7.299474066242559,0.26162927340795833
4673.763,7.298756353688571,0.27160314383000733
4673.783,7.298038657051376,0.281577015498873
4673.803,7.2973209763001625,0.2915508884154975
4673.823,7.296603311398546,0.30152476257977934
4673.843,7.295885662304862,0.3114986379905466
4673.863,7.295168028972492,0.32147251464554233
4673.883,7.294457396109541,0.33145003367927073
4673.903,7.293745182394801,0.34142811637154136
4673.923,7.293033696978535,0.35140628634264176
4673.943,7.292322292768291,0.3613845098663223
4673.963,7.291610472069301,0.3713625295464499
4673.983,7.290899497902833,0.38133967475221414
4674.003,7.290189357703493,0.39131776759126796
4674.023,7.289478323290399,0.40129476930984825
4674.043,7.288767646034862,0.4112730319597656
4674.063,7.288059041656011,0.4212535551633015
4674.083,7.287343898365399,0.4312276232447235
4674.103,7.286628877646679,0.4412016882035438
4674.123,7.285913872895953,0.45117575427979384
4674.143,7.285198883155,0.46114982151217343
4674.163,7.284483908354007,0.47112388988624687
4674.183,7.283768948435011,0.48109795938713057
4674.203,7.283054003345084,0.4910720300002265
4674.223,7.282339073036701,0.5010461017113378
4674.243,7.281873944546712,0.5104296724915406
4674.263,7.281749854839971,0.5183989313723388
4674.283,7.281713087928884,0.5246977876387349
4674.303,7.281610375294207,0.5293755218920521
4674.323,7.281251915794064,0.5332023108041695
4674.343,7.2804436334787646,0.5363245822543354
4674.363,7.279198058271156,0.5387881098971434
4674.383,7.277543724046532,0.540435727035322
4674.403,7.275474073270597,0.5414702623704045
4674.423,7.273051454928735,0.54173509370423
4674.443,7.270282032775479,0.5416209996561314
4674.463,7.267429918741633,0.5415182735666545
4674.483,7.264652537925106,0.5412343171402624
4674.503,7.261895472334897,0.5408551136965061
4674.523,7.259145994953663,0.5404300104128341
4674.543,7.2562448547854865,0.5401349728505832
4674.563,7.253490408000046,0.5396494709349526
4674.583,7.250767335399491,0.5390739368645773
4674.603,7.248007203851545,0.5385276550003762
4674.623,7.245175871555211,0.5379736516653877
4674.643,7.242358947616634,0.5373711559179798
4674.663,7.239517891958628,0.5367430181534318
4674.683,7.2369598124573935,0.5358230026268693
4674.703,7.234457548436782,0.5348101431570251
4674.723,7.231973963146923,0.5337522749236566
4674.743,7.229509830153297,0.5326498823247738
4674.763,7.227065945425693,0.5315033238665253
4674.783,7.224643099715685,0.5303129713196718
4674.803,7.222242076898942,0.5290792105427907
4674.823,7.219863653717372,0.5278024413632636
4674.843,7.217508599537858,0.526483077444144
4674.863,7.215177676113775,0.5251215461473183
4674.883,7.212871637349298,0.5237182883931848
4674.903,7.2105912290664795,0.5222737585169716
4674.923,7.208337188775243,0.5207884241218129
4674.943,7.206110245446249,0.5192627659287038
4674.963,7.203911119286719,0.5176972776234372
4674.983,7.20174052151914,0.516092465700633
4675.003,7.199599154162906,0.514448849304939
4675.023,7.1974877098187635,0.5127669600694738
4675.043,7.195406871456071,0.511047341951555
4675.063,7.193357312202738,0.5092905510657301
4675.083,7.191339695137758,0.5074971555140955
4675.103,7.189354673086233,0.5056677352138583
4675.123,7.187402888416776,0.5038028817220688
4675.143,7.18548497284116,0.5019031980573999
4675.163,7.183601547216136,0.4999692985188427
4675.183,7.18175322134728,0.4980018085011379
4675.203,7.179940593794848,0.4960013643067559
4675.223,7.178164251681568,0.4939686129542064
4675.243,7.176424770502328,0.4919042119824618
4675.263,7.174722713935848,0.48980882925126995
4675.283,7.173058633658336,0.48768314273713964
4675.303,7.171433069159275,0.4855278403248043
4675.323,7.169846547559481,0.4833436195939898
4675.343,7.168299583431619,0.48113118760135654
4675.363,7.166792678623427,0.47889126065751486
4675.383,7.1653263220839,0.47662456409907644
4675.403,7.163900989692727,0.4743318320557447
4675.423,7.162517144093296,0.4720138072125114
4675.443,7.161175234529607,0.4696712405670712
4675.463,7.159875696687392,0.4673048911826322
4675.483,7.158618952539778,0.4649155259363287
4675.503,7.155722394250052,0.4633459119603918
4675.523,7.149896602680967,0.4632681367367659
4675.543,7.14282146332852,0.4645138272606175
4675.563,7.1347802664920685,0.46707354531849976
4675.583,7.125840909464489,0.47088279884788714
4675.603,7.116710237974901,0.4749627983969277
4675.623,7.107271698490369,0.47903247523232445
4675.643,7.097741630093208,0.48312045547977633
4675.663,7.088587999128875,0.4871877539010517
4675.683,7.079451339253078,0.49125875681923303
4675.703,7.070318626960428,0.4953312798726481
4675.723,7.061185906341423,0.49940377562379074
4675.743,7.05205318164627,0.5034762617424596
4675.763,7.042920452906373,0.5075487383801328
4675.783,7.033787720117361,0.5116212055255388
4675.803,7.024654983271149,0.5156936631609365
4675.823,7.015522242356365,0.5197661112640464
4675.843,7.006383601752033,0.5238391947731155
4675.863,6.997245096781667,0.5279105233955773
4675.883,6.988101915745077,0.531982623630166
4675.903,6.978960732011027,0.5360548297689949
4675.923,6.969821669082014,0.5401261702970305
4675.943,6.960677805204489,0.5441971123344692
4675.963,6.9515355843721185,0.5482685186746118
4675.983,6.942401210653455,0.5523400524615709
4676.003,6.933268037326651,0.5564115392837815
4676.023,6.924134866887222,0.5604830210720525
4676.043,6.915001692166285,0.5645544929235431
4676.063,6.906404201144503,0.5681174560514496
4676.083,6.8990814605824236,0.5706370530740476
4676.103,6.893436593908343,0.5724223763143583
4676.123,6.889477079130556,0.5735368180158062
4676.143,6.886302092828548,0.5738995739044164
4676.163,6.88353708191143,0.5735392327175014
4676.183,6.881306939162441,0.5724613611547701
4676.203,6.879516218037386,0.5706693532046924
4676.223,6.878405597905804,0.568271959526192
4676.243,6.877481255688754,0.5657352505740809
4676.263,6.87660276736978,0.5631825855167353
4676.283,6.875770361384566,0.5606145155874857
4676.303,6.874984307880223,0.5580318703742247
4676.323,6.8742448623893955,0.5554354868789098
4676.343,6.873552265288885,0.5528262067149312
4676.363,6.8729067417144085,0.5502048757744077
4676.383,6.872308501484823,0.5475723439244704
4676.403,6.871757739032271,0.5449294647078429
4676.423,6.871254633338271,0.5422770950462699
4676.443,6.870799347875806,0.5396160949460155
4676.463,6.870392030557394,0.5369473272049187
4676.483,6.8700328136890985,0.5342716571206709
4676.503,6.869721813930401,0.5315899522001316
4676.523,6.869459132259853,0.5289030818695212
4676.543,6.869244853946433,0.5262119171854286
4676.563,6.869079048526483,0.5235173305465736
4676.583,6.86896176978618,0.5208201954062858
4676.603,6.868893055749404,0.5181213859856805
4676.623,6.86887270712604,0.5154217738978323
4676.643,6.868900625136009,0.5127223231094689
4676.663,6.868977312542473,0.5100237844802658
4676.683,6.8691025494921725,0.5073270747580754
4676.703,6.869276302706432,0.5046330677980985
4676.723,6.869498515535838,0.5019426363725247
4676.743,6.869769115305505,0.499256652045297
4676.763,6.870088013651077,0.4965759848776379
4676.783,6.87045510656009,0.4939015031435786
4676.803,6.870870274413501,0.49123407304756767
4676.823,6.871333382031162,0.4885745584437681
4676.843,6.871844278721681,0.48592382055681155
4676.863,6.872402798336869,0.48328271770388936
4676.883,6.873008759330901,0.48065210501815414
4676.903,6.871835878958545,0.4775736871261681
4676.923,6.867469851652632,0.4737141172820654
4676.943,6.861293672452063,0.4700427775845352
4676.963,6.853527958541844,0.46673718250790647
4676.983,6.84426674178712,0.4637926455398326
4677.003,6.83468472874802,0.46092823391235344
4677.023,6.82482061506004,0.45813691729846573
4677.043,6.814688017482463,0.45538403371033415
4677.063,6.805081304126713,0.4525517014828254
4677.083,6.795472448662329,0.44970712034424165
4677.103,6.78587538746848,0.4468579734339312
4677.123,6.776288325475302,0.4440057599788025
4677.143,6.766704056508427,0.4411523715301842
4677.163,6.757119796849772,0.4382990192146475
4677.183,6.747535552208484,0.4354456994452055
4677.203,6.737951327134866,0.43259242032416884
4677.223,6.728367179560032,0.42973944117856394
4677.243,6.718783232804184,0.4268864494910763
4677.263,6.709199266866583,0.4240333922171174
4677.283,6.699615298100504,0.42118034615232625
4677.303,6.690031326732266,0.41832731200513107
4677.323,6.680447352770587,0.4154742897590135
4677.343,6.670863376213354,0.41262127938755067
4677.363,6.661279397050199,0.4097682808614859
4677.383,6.651692804966063,0.4069177002437011
4677.403,6.642107355891846,0.40406611370283774
4677.423,6.632521425936249,0.40121474082942726
4677.443,6.622931066014207,0.39836668307422163
4677.463,6.613337646501699,0.39551877570731037
4677.483,6.603746792783703,0.3926690689881314
4677.503,6.594162253180702,0.389817575929254
4677.523,6.584577968502817,0.38696562089863734
4677.543,6.574993676097645,0.3841136897899146
4677.563,6.56540938047784,0.3812617707606891
4677.583,6.555825081613521,0.3784098636402576
4677.603,6.5462407794294535,0.37555796836174615
4677.623,6.536654184598066,0.37270715206398314
4677.643,6.52706645441033,0.3698565390492473
4677.663,6.518066296796769,0.3675465330633155
4677.683,6.510490880444602,0.36609244084903036
4677.703,6.504506579646346,0.3648559141568603
4677.723,6.500190114443863,0.3635781044929053
4677.743,6.496874833350173,0.3621500982692996
4677.763,6.494440175888183,0.3604038051341438
4677.783,6.492935362979845,0.3584646953762168
4677.803,6.492140230855148,0.3561872021870301
4677.823,6.492373366601362,0.35383646727361184
4677.843,6.493270102781149,0.35132676573572813
4677.863,6.494259620888808,0.3488160611147845
4677.883,6.49529513113162,0.34632318513192106
4677.903,6.496375392955145,0.34384932368106885
4677.923,6.4974999980308965,0.3413953093774796
4677.943,6.498668582123678,0.3389619360796285
4677.963,6.499880767205942,0.3365499908651934
4677.983,6.501136161073874,0.33416025393380067
4678.003,6.50243435752119,0.331793498330777
4678.023,6.503774936504601,0.32945048968494967
4678.043,6.505157464301272,0.32713198595690895
4678.063,6.5065814936621305,0.32483873719489714
4678.083,6.5080465639636245,0.32257148529655605
4678.103,6.509552201359486,0.320330963775405
4678.123,6.511097918933554,0.31811789753134134
4678.143,6.512683216854284,0.31593300262469
4678.163,6.514307582531354,0.3137769860534881
4678.183,6.515970490774616,0.31165054553377153
4678.203,6.517671403955572,0.30955436928267643
4678.223,6.519409772171507,0.30748913580420456
4678.243,6.521185033412388,0.30545551367750934
4678.263,6.5229966137306565,0.3034541613475737
4678.283,6.52484392741403,0.3014857269181549
4678.303,6.526726377161473,0.29955084794688763
4678.323,6.528643354262495,0.2976501512424455
4678.343,6.530594238779984,0.29578425266368663
4678.363,6.532578399736754,0.2939537569207252
4678.383,6.534595195306044,0.29215925737791404
4678.403,6.536643973006173,0.29040133585874056
4678.423,6.538724069899592,0.2886805624526978
4678.443,6.540834812796524,0.2869974953242149
4678.463,6.542975518463357,0.28535268052379353
4678.483,6.545145493835994,0.2837466518015199
4678.503,6.547344036238219,0.28217993042317985
4678.523,6.549570433605198,0.2806530249892316
4678.543,6.551823964712101,0.27916643125692275
4678.563,6.5541038994078145,0.27772063196586694
4678.583,6.556409498853684,0.27631609666740586
4678.603,6.558740015767083,0.274953281558093
4678.623,6.561094694669688,0.27363262931763294
4678.643,6.563472772140124,0.2723545689515984
4678.663,6.565873477070786,0.27111951563922854
4678.683,6.5682960309284235,0.269927870586587
4678.703,6.5707396480182325,0.2687800208853218
4678.723,6.573203535751036,0.2676763393772362
4678.743,6.5756868949132015,0.2666171845248359
4678.763,6.5781889199389525,0.26560290028797756
4678.783,6.5807087991847135,0.2646338160067016
4678.803,6.583245715205141,0.26371024629029416
4678.823,6.585798845030581,0.26283249091258165
4678.843,6.588367360445617,0.2620008347134348
4678.863,6.590950428268525,0.26121554750642595
4678.883,6.59354721063138,0.2604768839925615
4678.903,6.595676169162047,0.2579573837969605
4678.923,6.596947578558197,0.2522666142636443
4678.943,6.597180301675758,0.2450832977564527
4678.963,6.596325667889601,0.23668435565939142
4678.983,6.594433803929939,0.2271505708130337
4679.003,6.5923183714786235,0.21737601606621837
4679.023,6.590339154408366,0.2072526902504304
4679.043,6.5883937878288386,0.19703012961356012
4679.063,6.586317537454084,0.1872162172383852
4679.083,6.5842172990464904,0.17743369707816972
4679.103,6.58211718134456,0.16765119590882915
4679.123,6.580017278458186,0.15786865165027358
4679.143,6.577917604313791,0.1480860633119902
4679.163,6.575816238289112,0.13830789978969207
4679.183,6.5737145441039875,0.12853163105250012
4679.203,6.571612882182287,0.118755356313508
4679.223,6.569511234516596,0.1089790793840533
4679.243,6.56740960091904,0.09920280029378606
4679.263,6.565307981364787,0.08942651902668677
4679.283,6.563206375829604,0.07965023555750425
4679.303,6.561105015390744,0.06987327400854182
4679.323,6.5590058348472375,0.06009208002443492
4679.343,6.5569064504756085,0.050310920147195695
4679.363,6.554808688757828,0.04052983100549849
4679.383,6.552710394042014,0.030746057568031428
4679.403,6.550613223180818,0.02096118037312112
4679.423,6.548514765670164,0.01117889745880942
4679.443,6.546416497883827,0.0013965736982198516
4679.463,6.544318438909809,-0.008385792892865635
4679.483,6.542220592273528,-0.01816820343215209
4679.503,6.540122959215967,-0.027950658591277953
4679.523,6.538025540462296,-0.03773315884065312
4679.543,6.535928336522684,-0.047515704538640714
4679.563,6.533831347747373,-0.0572982959376641
4679.583,6.531734574386671,-0.06708093322105048
4679.603,6.529638016612168,-0.07686361651929706
4679.623,6.52754057978391,-0.08664352279463965
4679.643,6.525442309152396,-0.09642052480186497
4679.663,6.52334403714804,-0.10619752132372233
4679.683,6.521245774075952,-0.11597452100838704
4679.703,6.519147524654314,-0.1257515244354398
4679.723,6.517049288897376,-0.13552853165171752
4679.743,6.5149510667818635,-0.14530554269302537
4679.763,6.512852858286785,-0.15508255758732326
4679.783,6.510754663393795,-0.16485957635439813
4679.803,6.508656482087212,-0.17463659900559958
4679.823,6.506558314353994,-0.18441362554366297
4679.843,6.50446016018372,-0.19419065596262283
4679.863,6.502362019568548,-0.20396769024781503
4679.883,6.5002638925031455,-0.2137447283759697
4679.903,6.4981657789846015,-0.22352177031539283
4679.923,6.4960676790123415,-0.23329881602623428
4679.943,6.493969592588008,-0.24307586546084034
4679.963,6.491871519715319,-0.2528529185641864
4679.983,6.489773460399944,-0.2626299752743855
4680.003,6.487675414649322,-0.27240703552326717
4680.023,6.485577382472505,-0.2821840992370228
4680.043,6.483479363879971,-0.2919611663369065
4680.063,6.4813813588834295,-0.30173823673998973
4680.083,6.479283367495624,-0.3115153103599578
4680.103,6.477185389730125,-0.3212923871079428
4680.123,6.475087425601128,-0.331069466893383
4680.143,6.4729908172883155,-0.3408490637596292
4680.163,6.470895925227522,-0.3506319690361888
4680.183,6.4688007196216954,-0.3604155416846502
4680.203,6.466705699992854,-0.3701991578015997
4680.223,6.464610910848952,-0.37998282283385465
4680.243,6.462516359212089,-0.38976653731935224
4680.263,6.460422046083178,-0.39955030105877365
4680.283,6.458327971605161,-0.4093341137591498
4680.303,6.45623413590372,-0.4191179753357165
4680.323,6.454140538661225,-0.4289018855569293
4680.343,6.452047178942214,-0.43868584368256797
4680.363,6.4499540559379716,-0.44846984867678463
4680.383,6.447861169112394,-0.4582539001628448
4680.403,6.445768516219186,-0.46803799614703423
4680.423,6.443673923420106,-0.47781702396998293
4680.443,6.441579234263971,-0.48759479604912254
4680.463,6.439484570545833,-0.4973725726602523
4680.483,6.437389921028591,-0.5071503514404762
4680.503,6.435295285586339,-0.5169281323756512
4680.523,6.433200664194719,-0.5267059154834378
4680.543,6.431106056829404,-0.5364837007905421
4680.563,6.429012397734556,-0.5462628601306893
4680.583,6.426919477453466,-0.5560453773928539
4680.603,6.424827346306986,-0.5658279409547273
4680.623,6.422736744629398,-0.5756112456715388
4680.643,6.4206465415024265,-0.58539858671726
4680.663,6.418555151988793,-0.5951824280055206
4680.683,6.416463709263021,-0.6049662017718931
4680.703,6.414372464953208,-0.6147500215222614
4680.723,6.412281433369065,-0.6245338880573337
4680.743,6.410190616780947,-0.6343178014503837
4680.763,6.408100015777525,-0.64410176161164
4680.783,6.406009630639892,-0.6538857684493864
4680.803,6.403919461544181,-0.6636698218980366
4680.823,6.4018295085934,-0.6734539218915264
4680.843,6.399739771851872,-0.6832380683743878
4680.863,6.398086078116128,-0.6924587671572151
4680.883,6.397184722846957,-0.7002577371719009
4680.903,6.396733200345497,-0.7064587364619678
4680.923,6.396596642911827,-0.7108737002932102
4680.943,6.396504517561981,-0.7140298548342581
4680.963,6.3958692069254575,-0.7163401699221994
4680.983,6.394640911844585,-0.7177950146539456
4681.003,6.392821377310684,-0.7184180321647732
4681.023,6.390561976180319,-0.718282505774781
4681.043,6.387994261943753,-0.7175342398081171
4681.063,6.3854140854771835,-0.7167431940231488
4681.083,6.3828480086799075,-0.7159054430498779
4681.103,6.380297429774662,-0.7150216433879459
4681.123,6.37776317923712,-0.7140920865018378
4681.143,6.375246077256325,-0.7131170744111136
4681.163,6.372746938318692,-0.7120969235900754
4681.183,6.370266571009157,-0.7110319649566791
4681.203,6.36780577776897,-0.7099225437980349
4681.223,6.365365354650011,-0.7087690196781091
4681.243,6.3629460910681335,-0.7075717663328458
4681.263,6.360548769557002,-0.7063311715558309
4681.283,6.358174165523333,-0.7050476370765492
4681.303,6.355823047004155,-0.7037215784325903
4681.323,6.353496174426456,-0.7023534248367223
4681.343,6.351194300369476,-0.7009436190394703
4681.363,6.348918169329821,-0.699492617187661
4681.383,6.3466685174894755,-0.6980008886792625
4681.403,6.344446072486807,-0.6964689160147856
4681.423,6.34225155319053,-0.694897194645434
4681.443,6.3400856694766485,-0.6932862328181635
4681.463,6.337949122008331,-0.6916365514177589
4681.483,6.335842602018646,-0.6899486838060095
4681.503,6.333766791096087,-0.6882231756580286
4681.523,6.331722360972785,-0.6864605847957284
4681.543,6.32970997331529,-0.6846614810184231
4681.563,6.327730279517826,-0.6828264459305063
4681.583,6.32578392049789,-0.6809560727661066
4681.603,6.323871526494089,-0.6790509662105999
4681.623,6.32199371686611,-0.6771117422188248
4681.643,6.320151099896753,-0.6751390278298175
4681.663,6.318344272595961,-0.6731334609778767
4681.683,6.3165738205068225,-0.6710956902997395
4681.703,6.314840317513582,-0.6690263749376608
4681.723,6.3131443256516375,-0.6669261843381822
4681.743,6.311486394919721,-0.6647957980463912
4681.763,6.309867063094296,-0.6626359054955072
4681.783,6.308286855546421,-0.6604472057916355
4681.803,6.30674628506125,-0.6582304074935991
4681.823,6.305245851660452,-0.6559862283877818
4681.843,6.3037860424278165,-0.6537153952579804
4681.863,6.3023673313383295,-0.6514186436503013
4681.883,6.300990179091105,-0.6490967176332121
4681.903,6.299655032946403,-0.6467503695528892
4681.923,6.298362326567129,-0.6443803597840639
4681.943,6.297112479865094,-0.641987456476618
4681.963,6.29590589885231,-0.6395724352981974
4681.983,6.29474297549764,-0.637136079173165
4682.003,6.293624087588943,-0.6346791780182185
4682.023,6.292549598601009,-0.6322025284750202
4682.043,6.291519857569366,-0.629706933640182
4682.063,6.290535198970111,-0.6271932027929421
4682.083,6.2895959426058345,-0.6246621511208723
4682.103,6.286924613155049,-0.6227341004426987
4682.123,6.2811563848874705,-0.621908688884336
4682.143,6.2739789678216304,-0.622235138910626
4682.163,6.265674530326242,-0.6237406370154668
4682.183,6.256318948715685,-0.6263697284475936
4682.203,6.246739285987496,-0.6292420760461771
4682.223,6.236877382926972,-0.6320408795615677
4682.243,6.2267471068445435,-0.6348015830984421
4682.263,6.217142556847643,-0.6376409118009582
4682.283,6.207545819604494,-0.6404957775244768
4682.303,6.197964303418138,-0.6433569981393549
4682.323,6.188382773550655,-0.6462182227322786
4682.343,6.178801240939169,-0.649079435469382
4682.363,6.169219705710593,-0.6519406362158731
4682.383,6.159638167861013,-0.6548018250036849
4682.403,6.150056627376911,-0.6576630018688722
4682.423,6.140475084236687,-0.6605241668497077
4682.443,6.130891537118652,-0.6633835523050228
4682.463,6.121307388333824,-0.6662430888959786
4682.483,6.111723135747675,-0.6691023800523056
4682.503,6.1021378793152055,-0.6719587358221987
4682.523,6.09254621040617,-0.6748151682858403
4682.543,6.082962480568173,-0.6776750885744617
4682.563,6.0733725665862845,-0.6805313327020462
4682.583,6.063785013394131,-0.6833906798109938
4682.603,6.05419330526119,-0.686248046071509
4682.623,6.044607043733916,-0.6891059426783801
4682.643,6.0350171499949985,-0.6919616377778034
4682.663,6.0254346554421625,-0.6948208079263488
4682.683,6.015852655716546,-0.6976804314087147
4682.703,6.006270648697489,-0.7005400309879862
4682.723,5.996688637931459,-0.7033996186202788
4682.743,5.9871066233790975,-0.7062591944746651
4682.763,5.977524604970702,-0.7091187586106309
4682.783,5.967942582639727,-0.7119783110820651
4682.803,5.958360556323819,-0.7148378519380786
4682.823,5.948778525965496,-0.7176973812229082
4682.843,5.939196491512773,-0.7205568989758441
4682.863,5.929614452919735,-0.7234164052311876
4682.883,5.920032410147043,-0.7262759000182407
4682.903,5.910450363162367,-0.7291353833613312
4682.923,5.9008683119407594,-0.7319948552798673
4682.943,5.8912862564649355,-0.7348543157884317
4682.963,5.881704196725504,-0.7377137648969041
4682.983,5.872122132721076,-0.7405732026106213
4683.003,5.862540064458321,-0.7434326289305683
4683.023,5.85295799195194,-0.7462920438535997
4683.043,5.843375915224552,-0.7491514473726939
4683.063,5.833793834306481,-0.7520108394772296
4683.083,5.824211749235499,-0.7548702201532943
4683.103,5.81462966005647,-0.7577295893840091
4683.123,5.805047566820927,-0.7605889471498777
4683.143,5.795465469586584,-0.7634482934291554
4683.163,5.785883368416775,-0.7663076281982233
4683.183,5.776301263379858,-0.769166951431979
4683.203,5.766719154548536,-0.7720262631042383
4683.223,5.757137041999167,-0.7748855631881292
4683.243,5.747554925811007,-0.7777448516564973
4683.263,5.737972806065444,-0.7806041284822983
4683.283,5.728390682845195,-0.7834633936389914
4683.303,5.718808556233505,-0.7863226471009135
4683.323,5.709226426313324,-0.7891818888436452
4683.343,5.699644293166499,-0.7920411188443574
4683.363,5.690062156872957,-0.7949003370821345
4683.383,5.680480017509938,-0.7977595435382752
4683.403,5.670897875151223,-0.8006187381965694
4683.423,5.661314645803859,-0.8034776504839869
4683.443,5.651732507498676,-0.8063367593787385
4683.463,5.642150349955649,-0.8091958959382513
4683.483,5.632568189455745,-0.8120550209836807
4683.503,5.6229860262443605,-0.8149141341514032
4683.523,5.613403860363685,-0.8177732354430362
4683.543,5.603821691846107,-0.8206323248669765
4683.563,5.594239520716209,-0.8234914024350275
4683.583,5.584655922500516,-0.8263497821849597
4683.603,5.575073736796623,-0.8292088030927256
4683.623,5.565491544096361,-0.8320677999292323
4683.643,5.555909348745266,-0.83492678478427
4683.663,5.546327145046714,-0.8377857571983129
4683.683,5.536737234313057,-0.8406413186077585
4683.703,5.527147734093827,-0.8434968858473215
4683.723,5.517554118778031,-0.8463502907095645
4683.743,5.508454098894526,-0.8487305883311151
4683.763,5.500665738218344,-0.8503357579681903
4683.783,5.494585432242622,-0.8514314929304062
4683.803,5.490265462458374,-0.8520274744587725
4683.823,5.4870257154145134,-0.852098258246041
4683.843,5.484405312151036,-0.8514925497025121
4683.863,5.482458384684737,-0.8501759565994843
4683.883,5.481194581520437,-0.8481591804275925
4683.903,5.480504519601512,-0.8455885758057812
4683.923,5.479912983866451,-0.8429545876193738
4683.943,5.47936895308613,-0.8403103789650593
4683.963,5.478872600421935,-0.8376567981216975
4683.983,5.478424087423484,-0.8349947052429546
4684.003,5.478023560095367,-0.8323249634214346
4684.023,5.477671148811946,-0.8296484382903374
4684.043,5.477366968276856,-0.8269659977113721
4684.063,5.477111117488877,-0.8242785114692525
4684.083,5.476903679713748,-0.8215868509705901
4684.103,5.476744722461788,-0.8188918889461958
4684.123,5.476634297471269,-0.8161944991560756
4684.143,5.476572440697387,-0.8134955560966587
4684.163,5.4765587297999545,-0.810795927430964
4684.183,5.476593726288381,-0.8080965647152736
4684.203,5.47667726404827,-0.8053982531743671
4684.223,5.476809349672644,-0.802701891734843
4684.243,5.476989944751605,-0.8000083545366821
4684.263,5.477218990213867,-0.7973185144737651
4684.283,5.4774964111392,-0.7946332431324822
4684.303,5.477822116939703,-0.7919534105216398
4684.323,5.478196001391119,-0.7892798847971534
4684.343,5.478617942669722,-0.786613531985319
4684.363,5.479087803395556,-0.7839552157057474
4684.383,5.479605430681511,-0.7813057968945506
4684.403,5.480170656187849,-0.7786661335281837
4684.423,5.480783296181954,-0.7760370803482033
4684.443,5.481443151603177,-0.773419488587151
4684.463,5.482150008132639,-0.7708142056957015
4684.483,5.482903636267917,-0.7682220750712258
4684.503,5.483703791402568,-0.765643935787869
4684.523,5.484550213910387,-0.7630806223282766
4684.543,5.485442629234386,-0.7605329643170743
4684.563,5.486380747980383,-0.7580017862562131
4684.583,5.48736426601517,-0.7554879072622941
4684.603,5.488392864569166,-0.7529921408059808
4684.623,5.489466210343471,-0.7505152944536162
4684.643,5.490583955621248,-0.7480581696111421
4684.663,5.491745738383302,-0.7456215612704363
4684.683,5.4929511824277935,-0.7432062577581533
4684.703,5.494199897493932,-0.7408130404871717
4684.723,5.495491479389564,-0.7384426837107239
4684.743,5.496825510122523,-0.7360959542792795
4684.763,5.498201558035596,-0.7337736114002432
4684.783,5.49961917794503,-0.7314764064005103
4684.803,5.501077911282411,-0.7292050824919054
4684.823,5.502577286239832,-0.7269603745395241
4684.843,5.504116817918238,-0.7247430088329551
4684.863,5.505696008478849,-0.7225537028603697
4684.883,5.507314347297608,-0.720393165085426
4684.903,5.508971311122573,-0.7182620947269281
4684.923,5.510666364234267,-0.7161611815411649
4684.943,5.512398958608944,-0.7140911056068253
4684.963,5.514168534084827,-0.7120525371124036
4684.983,5.515974518531372,-0.7100461361459722
4685.003,5.517816328021655,-0.7080725524872268
4685.023,5.519693367007992,-0.7061324254016916
4685.043,5.521605028500967,-0.7042263834369934
4685.063,5.523550694252016,-0.7023550442211349
4685.083,5.5255297349397985,-0.7005190142627123
4685.103,5.526283287079219,-0.6973075273972866
4685.123,5.5248343338853125,-0.6916587197577901
4685.143,5.5217827411944365,-0.6851509141841315
4685.163,5.517210685336125,-0.6780529072318187
4685.183,5.511199961127679,-0.6704140830425342
4685.203,5.504881259000436,-0.6626624011305062
4685.223,5.4984284983989475,-0.6546841722032873
4685.243,5.491906088254171,-0.6465839613894917
4685.263,5.48557089084666,-0.6388015141933232
4685.283,5.4792500632446455,-0.6310370889519141
4685.303,5.472932598195534,-0.6232783884988128
4685.323,5.46661489399508,-0.6155249215615487
4685.343,5.460297296164426,-0.6077713539398664
4685.363,5.453979674813058,-0.6000178115320065
4685.383,5.447662017372221,-0.5922643100998484
4685.403,5.441344323760078,-0.5845108525615542
4685.423,5.435026597103423,-0.5767574396272762
4685.443,5.428708842464435,-0.5690040718891355
4685.463,5.4223910652715555,-0.5612507502354689
4685.483,5.416073272833764,-0.5534974752424907
4685.503,5.409755475465179,-0.5457442483321834
4685.523,5.403438613045684,-0.5379912554059727
4685.543,5.39712272525008,-0.5302388259688594
4685.563,5.39080679405809,-0.5224864083234423
4685.583,5.3844908657924515,-0.5147339891475446
4685.603,5.378696039246972,-0.5075112586887213
4685.623,5.374143754482755,-0.5015526780495357
4685.643,5.370968791655364,-0.4971324764305184
4685.663,5.368872759360986,-0.4939047213111248
4685.683,5.367917186517646,-0.49109349523285745
4685.703,5.367949095729328,-0.48863473375508504
4685.723,5.368951210998619,-0.48654233188606594
4685.743,5.369327684072586,-0.48433165840159353
4685.763,5.369185204454051,-0.4819614624639713
4685.783,5.368777488288108,-0.47943401869708396
4685.803,5.368921332193726,-0.4772457237177418
4685.823,5.368663918847246,-0.4747849964720227
4685.843,5.368429345888029,-0.47233472181843617
4685.863,5.368231154192856,-0.46989045342615493
4685.883,5.368005801673462,-0.4673952301544331
4685.903,5.36782266509113,-0.46492370118624404
4685.923,5.367674574685741,-0.4624498766418644
4685.943,5.367543624148007,-0.459979749436635
4685.963,5.367396402471082,-0.4575010864706735
4685.983,5.3672170228016185,-0.4549535011019782
4686.003,5.3670822404850345,-0.45242274920634673
4686.023,5.367056100782702,-0.44996048168741865
4686.043,5.367034879390965,-0.4474618527903278
4686.063,5.367128195335686,-0.4450811716776698
4686.083,5.367065783022651,-0.4425721079987564
4686.103,5.367060353226715,-0.44003319907247257
4686.123,5.367134977776628,-0.4375521943516164
4686.143,5.367246550258873,-0.43509383284865644
4686.163,5.367376577344269,-0.4326165744156358
4686.183,5.367448051292247,-0.4300715464827752
4686.203,5.367513922309216,-0.42751845463787747
4686.223,5.3676616637184695,-0.4250179612236549
4686.243,5.367777223331147,-0.42245648582162787
4686.263,5.368045516257747,-0.42008189483656505
4686.283,5.368231095153832,-0.4175800104421031
4686.303,5.36850977353054,-0.4150958913056676
4686.323,5.368773676860674,-0.41258715340579866
4686.343,5.369026853031818,-0.41004904794804636
4686.363,5.369324488926238,-0.40753677575866887
4686.383,5.369668524937463,-0.4050574996412496
4686.403,5.36998095118956,-0.40254346417815534
4686.423,5.370330110125551,-0.4000387883095226
4686.443,5.370566312656357,-0.3982165477483737
4686.463,5.3699877973535575,-0.39688575765810563
4686.483,5.368780605636209,-0.39629695395665365
4686.503,5.367043933592301,-0.3963001091732325
4686.523,5.364687741584625,-0.39659674070105677
4686.543,5.361977358219142,-0.39717317994396645
4686.563,5.359252087529832,-0.3979719034596678
4686.583,5.356479961626997,-0.3987685580502322
4686.603,5.353827293026032,-0.39969524980045534
4686.623,5.3511443926505535,-0.40070676115015225
4686.643,5.349778720065446,-0.40265378073682184
4686.663,5.349095967422859,-0.4050599680484999
4686.683,5.348626201756428,-0.4075815622576778
4686.703,5.348313587308999,-0.4101994972554105
4686.723,5.3479597803340555,-0.41276404844355896
4686.743,5.347617454024911,-0.4153362172262686
4686.763,5.347228593490595,-0.41787286320976724
4686.783,5.346899436023147,-0.42042433861818856
4686.803,5.346659902026493,-0.4230281325894556
4686.823,5.346475758509583,-0.425652025361814
4686.843,5.346308352526325,-0.4282682930195348
4686.863,5.346160868218754,-0.4308946543828119
4686.883,5.346052894003495,-0.433522440044187
4686.903,5.3459852062182796,-0.43615849032058174
4686.923,5.345941922295942,-0.43879680945827493
4686.943,5.345919052791554,-0.44143235214606436
4686.963,5.345911860350288,-0.44406244528945465
4686.983,5.3459288033523436,-0.4466950236471168
4687.003,5.345965908332639,-0.4493248305687862
4687.023,5.345854534538428,-0.4508558398805255
4687.043,5.345217518629872,-0.4501386275237817
4687.063,5.342700019053043,-0.44660935057091355
4687.083,5.338074265629339,-0.44021011553903805
4687.103,5.3321758783030155,-0.4321651912660984
4687.123,5.326261287981594,-0.4241074320753915
4687.143,5.3203427609565335,-0.41604428106121516
4687.163,5.3144212032479015,-0.4079769973750066
4687.183,5.3084997777776435,-0.3999098905283976
4687.203,5.302473481289912,-0.39160255828268653
4687.223,5.296231496707015,-0.38285497379305444
4687.243,5.289834613688725,-0.3738200163317599
4687.263,5.283885915224538,-0.36578303240534393
4687.283,5.277959118921015,-0.35765520404216583
4687.303,5.272049697319956,-0.3495814823553003
4687.323,5.266140969366674,-0.34151255803826996
4687.343,5.260231003591479,-0.33344587360108563
4687.363,5.254321687435776,-0.3253792251479674
4687.383,5.248412379307561,-0.31731257196778484
4687.403,5.242503075665117,-0.3092459151032444
4687.423,5.2365937763932795,-0.30117925451981964
4687.443,5.230684481412391,-0.29311259017709906
4687.463,5.2247751906467705,-0.2850459220378156
4687.483,5.218865904024812,-0.2769792500685516
4687.503,5.21295662147935,-0.26891257424033493
4687.523,5.207047342948003,-0.26084589452917567
4687.543,5.201138068373476,-0.2527792109165492
4687.563,5.195228797703839,-0.24471252338981114
4687.583,5.189319530892742,-0.23664583194254785
4687.603,5.183410267899596,-0.2285791365748539
4687.623,5.177501008689714,-0.22051243729353942
4687.643,5.171591753234386,-0.21244573411225975
4687.663,5.165682501510921,-0.20437902705157202
4687.683,5.159773253502631,-0.19631231613891348
4687.703,5.154386639389921,-0.1887793927465599
4687.723,5.15021415796467,-0.18249793873984346
4687.743,5.147298646989696,-0.1777812900802367
4687.763,5.145403357699139,-0.17442806752646178
4687.783,5.144604171571175,-0.17158254908087162
4687.803,5.144765307926488,-0.169145662658391
4687.823,5.145879910859689,-0.1671242355289702
4687.843,5.147893870414624,-0.16551175121966838
4687.863,5.150159461391449,-0.1640433338697797
4687.883,5.152450974108225,-0.1626161414424218
4687.903,5.154767812601036,-0.1612304155429414
4687.923,5.157109227922624,-0.15988660376720745
4687.943,5.159474461803063,-0.15858514235896243
4687.963,5.161862748096965,-0.15732645392393202
4687.983,5.164273313045308,-0.156110947255279
4688.003,5.16670537553202,-0.15493901718470363
4688.023,5.169158147344828,-0.1538110444387495
4688.043,5.171630833440131,-0.15272739550042172
4688.063,5.174122632211524,-0.15168842247639866
4688.083,5.176632735761597,-0.15069446297007916
4688.103,5.179160330176628,-0.14974583996066457
4688.123,5.181704595803769,-0.14884286168842964
4688.143,5.184264707530347,-0.1479858215462917
4688.163,5.186839835064956,-0.1471749979777462
4688.183,5.189429143219946,-0.14641065438119316
4688.203,5.1920317921950465,-0.1456930390206488
4688.223,5.194646937861845,-0.14502238494279934
4688.243,5.19727373204886,-0.14439890990033394
4688.263,5.199911322827022,-0.14382281628146948
4688.283,5.202558854795382,-0.14329429104556732
4688.303,5.204884438312609,-0.14096095700000616
4688.323,5.206609305185808,-0.1353958712770078
4688.343,5.207418614368471,-0.1282578641903218
4688.363,5.207241307162219,-0.11982116405364768
4688.383,5.206119942772275,-0.11016900941020033
4688.403,5.204793096571532,-0.10025654142319618
4688.423,5.203649579305704,-0.08999390213858888
4688.443,5.2025263078357815,-0.07964966649229127
4688.463,5.201236986046285,-0.06969171423437513
4688.483,5.199930201415267,-0.05977085027151905
4688.503,5.198617730370588,-0.04985771116990729
4688.523,5.197305295732035,-0.039944566835889046
4688.543,5.195992875325158,-0.03003142055506268
4688.563,5.194680468900872,-0.020118272376291105
4688.583,5.193368076406203,-0.010205122315337694
4688.603,5.192055697796012,-0.0002919703866934159
4688.623,5.19074333303164,0.009621183396190412
4688.643,5.18943098208111,0.01953433902098673
4688.663,5.1881186449192995,0.02944749647657169
4688.683,5.186809172245291,0.03936457231944509
4688.703,5.185500331571677,0.04928122604229504
4688.723,5.184191389998389,0.05919849895319962
4688.743,5.182882880983014,0.06911836057797335
4688.763,5.1815745670107765,0.07903833326982802
4688.783,5.180266504326166,0.08895838344810808
4688.803,5.178958700849593,0.09887849040516986
4688.823,5.177651164668668,0.10879864459358107
4688.843,5.17634389804448,0.11871884093695723
4688.863,5.175036901375917,0.12863907649264275
4688.883,5.173730174781463,0.13855934948795984
4688.903,5.172423718232581,0.14847965885445483
4688.923,5.171117531417861,0.15840000374928528
4688.943,5.1698116136738,0.16832038319031467
4688.963,5.168505963859465,0.17824079593680903
4688.983,5.1672005799040335,0.1881612399716488
4689.003,5.1658954580573,0.19808171170962224
4689.023,5.164590589376773,0.2080022037817697
4689.043,5.1632855506669895,0.2179220676428601
4689.063,5.161977749428671,0.22783584669066825
4689.083,5.160670239879485,0.23774964086457903
4689.103,5.15936274828354,0.24766343722335493
4689.123,5.158055271598344,0.25757723556764955
4689.143,5.15674780983293,0.2674910359038828
4689.163,5.155440363021636,0.2774048382402995
4689.183,5.154132931195431,0.2873186425849647
4689.203,5.152825514381157,0.2972324489456102
4689.223,5.151518112601087,0.30714625732950496
4689.243,5.150210725872529,0.3170600677433341
4689.263,5.148903354207506,0.3269738801930858
4689.283,5.147595997612485,0.3368876946839466
4689.303,5.14628865608817,0.3468015112202097
4689.323,5.1449813296293705,0.35671532980519166
4689.343,5.143674018224919,0.36662915044116257
4689.363,5.1423667218576785,0.3765429731292885
4689.383,5.141059440504587,0.3864567978695864
4689.403,5.1397521741367935,0.39637062466089257
4689.423,5.138451848291322,0.4062893606483543
4689.443,5.137149389733687,0.41620624289854397
4689.463,5.135847228689151,0.4261243229904827
4689.483,5.134545818411545,0.43604252913369307
4689.503,5.133244482525895,0.44596079854180287
4689.523,5.13194272187827,0.4558788515538301
4689.543,5.130641849117679,0.46579610472630106
4689.563,5.129341746711758,0.4757142917145647
4689.583,5.128040863185781,0.4856313729039041
4689.603,5.126740223949219,0.4955496813475797
4689.623,5.125440295223048,0.5054681308039222
4689.643,5.1241403889901385,0.5153866675422005
4689.663,5.122840061539949,0.5253050194698661
4689.683,5.121542693592313,0.5352253003367567
4689.703,5.120238640513017,0.5451395735619989
4689.723,5.11893475598462,0.5550538464413874
4689.743,5.117630887152391,0.5649681212738413
4689.763,5.116327032468213,0.5748823980309928
4689.783,5.115023191855207,0.5847966766960935
4689.803,5.113719365253337,0.5947109572528468
4689.823,5.112415552608075,0.6046252396856705
4689.843,5.111111753870704,0.6145395239798069
4689.863,5.1098079689986395,0.6244538101214254
4689.883,5.1085041979557175,0.634368098097718
4689.903,5.107200440712423,0.6442823878969852
4689.923,5.105898623328497,0.6541989227464121
4689.943,5.104601829635756,0.6641227241963532
4689.963,5.103304088018396,0.6740437623247546
4689.983,5.102007465796178,0.6839672893122014
4690.003,5.100708286841473,0.6938870056056469
4690.023,5.099407855058431,0.703804545802119
4690.043,5.098107433924638,0.7137220722291528
4690.063,5.096805488236128,0.7236367741982118
4690.083,5.095503557924963,0.7335514751886556
4690.103,5.0942016586918895,0.7434661796819049
4690.123,5.092899796507753,0.7533808874002745
4690.143,5.091597978968599,0.7632956003366299
4690.163,5.09029621318747,0.7732103188571496
4690.183,5.0889945070271745,0.7831250442922674
4690.203,5.087692868368475,0.793039777353145
4690.223,5.086391305720891,0.8029545189523014
4690.243,5.085089827641961,0.8128692697540923
4690.263,5.083788442543584,0.822784030457338
4690.283,5.082487159633038,0.8326988013775583
4690.303,5.081185988603335,0.8426135825725439
4690.323,5.079884940580123,0.8525283736964339
4690.343,5.078584027853136,0.8624431735479561
4690.363,5.077283267852692,0.8723579797027619
4690.383,5.075982682609352,0.8822727868405126
4690.403,5.074682302785591,0.8921875836931503
4690.423,5.073382182396826,0.9021023417633961
4690.443,5.072082476836462,0.9120170764064961
4690.463,5.07078099861961,0.9219316582100546
4690.483,5.069479621342093,0.9318462590417103
4690.503,5.068178259970408,0.941760862085714
4690.523,5.066876913768489,0.9516754671863331
4690.543,5.065575582730206,0.9615900743455578
4690.563,5.064274266850713,0.9715046835661395
4690.583,5.0629729661195535,0.9814192948499348
4690.603,5.061671680520529,0.9913339081978174
4690.623,5.060370410031692,1.0012485236096196
4690.643,5.05906915462539,1.0111631410840844
4690.663,5.057767914268408,1.0210777606188346
4690.683,5.0564666889221455,1.0309923822103537
4690.703,5.055165478542872,1.0409070058539796
4690.723,5.053864283082033,1.0508216315439138
4690.743,5.052564365572309,1.0607373678487944
4690.763,5.051269617660261,1.0706561656444797
4690.783,5.049973894079018,1.0805751210429309
4690.803,5.048678232368269,1.0904941419171699
4690.823,5.047382139839952,1.1004129512907581
4690.843,5.0460869152453665,1.1103309642548271
4690.863,5.044792448697953,1.1202499160780683
4690.883,5.043497178832148,1.1301677646650126
4690.903,5.042202131911459,1.1400868553206762
4690.923,5.040907779180812,1.1500061056246444
4690.943,5.039614750535798,1.1599273029735468
4690.963,5.038315950408425,1.1698422550630854
4690.983,5.037017274858227,1.1797572116833335
4691.003,5.035718614426848,1.1896721702450088
4691.023,5.0344199681364055,1.1995871307223318
4691.043,5.033121335915403,1.2095020930986027
4691.063,5.0318227177046895,1.2194170573576735
4691.083,5.030524113450662,1.229332023484129
4691.103,5.029225523105578,1.2392469914633937
4691.123,5.027926946627887,1.2491619612818325
4691.143,5.026628383982499,1.2590769329268447
4691.163,5.025329835141002,1.2689919063869495
4691.183,5.02403464439828,1.2789110420556566
4691.203,5.022742676365202,1.2888339798604536
4691.223,5.021451232520794,1.2987581759639515
4691.243,5.0201580982025895,1.3086791105104887
4691.263,5.018864277054351,1.318600471732753
4691.283,5.017568368918671,1.3285173917550976
4691.303,5.016271642469074,1.338432781690395
4691.323,5.014974903437056,1.348348163952723
4691.343,5.0136781719648225,1.3582635488258772
4691.363,5.012381457850328,1.3681789327444491
4691.383,5.011084774042181,1.3780943204007234
4691.403,5.009788129977089,1.3880097114332834
4691.423,5.008491535682105,1.3979251081931803
4691.443,5.007194999625163,1.4078405111596084
4691.463,5.005898530673976,1.4177559217343685
4691.483,5.0046021378066525,1.427671340544024
4691.503,5.003305830095054,1.4375867685313206
4691.523,5.00200961614337,1.4475022062639262
4691.543,5.000713505722403,1.45741765415485
4691.563,4.999417508504319,1.4673331121779727
4691.583,4.998121636235492,1.4772485799354165
4691.603,4.996825901759757,1.4871640560579966
4691.623,4.995530323264254,1.497079537791419
4691.643,4.99423492376244,1.5069950191729073
4691.663,4.992939736499534,1.5169104871884933
4691.683,4.991644820695574,1.5268259081271431
4691.703,4.990349727376986,1.536741299028692
4691.723,4.989053465458321,1.5466565672396058
4691.743,4.987757240009566,1.5565718431514266
4691.763,4.986835510158099,1.5658958986370752
4691.783,4.986383156253789,1.5738015749781786
4691.803,4.986214645058199,1.5800695751733755
4691.823,4.9859926522281555,1.5847196766157796
4691.843,4.985547081632505,1.588482363173361
4691.863,4.984610192296318,1.591564170873563
4691.883,4.983259429740043,1.593915315266505
4691.903,4.98143133094113,1.5955308811925695
4691.923,4.97925272449232,1.5962997653146547
4691.943,4.976773425704014,1.5963187321714463
4691.963,4.973965349208691,1.5960471425240512
4691.983,4.971103092702227,1.5957795693012038
4692.003,4.968227492518401,1.595436348116343
4692.023,4.965400358957708,1.5949985745051136
4692.043,4.962629021012573,1.5944596027858864
4692.063,4.959847494858782,1.5938886355590063
4692.083,4.956984192222191,1.5933551074398447
4692.103,4.954297187701025,1.5926263962956637
4692.123,4.951573130993025,1.5918821558065175
4692.143,4.948971514461722,1.5909783605122514
4692.163,4.946335678949805,1.5900709509786306
4692.183,4.9435046631113,1.5892916743082695
4692.203,4.940799729681501,1.5883713467550191
4692.223,4.937979768612397,1.5874729932910538
4692.243,4.935156505833633,1.5865342025852773
4692.263,4.932352492579826,1.5855390939856722
4692.283,4.9295691693961965,1.584487960619066
4692.303,4.926806617931479,1.5833817892815825
4692.323,4.924065809816055,1.5822211969287963
4692.343,4.921347820002984,1.5810066181039177
4692.363,4.918653786558005,1.5797384843498752
4692.383,4.915984772116749,1.5784172755373327
4692.403,4.913343255430009,1.577043763796814
4692.423,4.910730646430944,1.5756188392601136
4692.443,4.908144672578474,1.5741422422406905
4692.463,4.905588200103449,1.5726153703743377
4692.483,4.903063282219637,1.5710385196207506
4692.503,4.900569873925504,1.5694123158201392
4692.523,4.898107829474041,1.56773728582546
4692.543,4.895678061608211,1.566014025226133
4692.563,4.893281505603352,1.5642431675622597
4692.583,4.8909190740624116,1.5624253659370013
4692.603,4.888591618963307,1.560561341463735
4692.623,4.88629553146658,1.5586536749957154
4692.643,4.884036468287271,1.5567017258584397
4692.663,4.8818169171960974,1.5547050469939017
4692.683,4.87963761755644,1.5526644975239166
4692.703,4.877499169608871,1.5505808779446273
4692.723,4.874052017810595,1.5495167227137554
4692.743,4.868160351957358,1.5503356896410767
4692.763,4.8614001712056245,1.5526221898382104
4692.783,4.853893151846463,1.556357654177702
4692.803,4.8456850302178065,1.5614877813057044
4692.823,4.837284941302349,1.566962892538337
4692.843,4.828498741969174,1.5725531831063468
4692.863,4.820026325365915,1.5780580061870901
4692.883,4.8115969150629185,1.5835320961686565
4692.903,4.803217815429383,1.5889952644200247
4692.923,4.794838727894469,1.5944581965522673
4692.943,4.7864592914821715,1.5999206521675862
4692.963,4.778083635277438,1.6053832179234646
4692.983,4.769707972965157,1.6108457726410619
4693.003,4.76133230623857,1.6163083217818044
4693.023,4.752956635133469,1.6217708654357126
4693.043,4.744580959681602,1.6272334036433516
4693.063,4.73620527992115,1.6326959364424325
4693.083,4.727829595896468,1.6381584638679674
4693.103,4.719453907657707,1.6436209859520412
4693.123,4.711078215260383,1.6490835027235946
4693.143,4.702702518764892,1.6545460142082418
4693.163,4.694326818235955,1.660008520428115
4693.183,4.685951113742039,1.6654710214017385
4693.203,4.677575405354727,1.6709335171439361
4693.223,4.669199693148062,1.676396007665774
4693.243,4.660823977197848,1.6818584929745317
4693.263,4.652448257580949,1.6873209730737144
4693.283,4.644072534374575,1.6927834479630963
4693.303,4.635696807655545,1.6982459176387972
4693.323,4.627321077499576,1.7037083820933954
4693.343,4.618945343980554,1.7091708413160709
4693.363,4.610569607169857,1.714633295292782
4693.383,4.602193867135667,1.7200957440064706
4693.403,4.593818123942324,1.7255581874372914
4693.423,4.58544237764973,1.7310206255628713
4693.443,4.577066628312784,1.7364830583585924
4693.463,4.5686908759808595,1.7419454857978898
4693.483,4.560315120697344,1.7474079078525726
4693.503,4.551939362499249,1.7528703244931545
4693.523,4.544093820145286,1.7578194267421614
4693.543,4.537493346644912,1.7615647712230498
4693.563,4.532500965869888,1.764206460730436
4693.583,4.528946519212482,1.7659650935694906
4693.603,4.525863183717883,1.7667901600584688
4693.623,4.523022226640731,1.766820747731198
4693.643,4.520474386193856,1.7660620029381022
4693.663,4.518238598365455,1.764518026017034
4693.683,4.516342883264609,1.7622824152405094
4693.703,4.514547027530181,1.759911182387477
4693.723,4.512815170911223,1.7575241898970628
4693.743,4.511062624152492,1.7550916264024385
4693.763,4.509421229097614,1.752611217357266
4693.783,4.507891193717925,1.7501161127760894
4693.803,4.506510531009367,1.74761435326316
4693.823,4.5052049801350735,1.7450858625124095
4693.843,4.503806670477202,1.7425099419529613
4693.863,4.502499114259963,1.739917374289896
4693.883,4.501299252992311,1.737294431846076
4693.903,4.50008289128379,1.7346650536721173
4693.923,4.498946401320693,1.731991354564012
4693.943,4.497750184071738,1.7292813828830007
4693.963,4.496570778550788,1.7265271497453663
4693.983,4.495445497365038,1.7237471292759288
4694.003,4.494376225028948,1.720945510703557
4694.023,4.493361742684487,1.7181224461271367
4694.043,4.492403462065618,1.715279145761301
4694.063,4.4915018516365715,1.71241682203206
4694.083,4.490659355085579,1.7095379241694961
4694.103,4.489883057374172,1.7066449292066586
4694.123,4.4891775996888175,1.7037422582925246
4694.143,4.488511879718592,1.700816764365285
4694.163,4.486172016978998,1.6980483947928946
4694.183,4.480768080943093,1.6955395707639498
4694.203,4.4738490607403305,1.6937972694581411
4694.223,4.465517224636508,1.6928679892468994
4694.243,4.455839744575492,1.6927312347812116
4694.263,4.4457823027054735,1.6927811689241687
4694.283,4.435263498213107,1.6928051759130116
4694.303,4.42524103569009,1.692848903996563
4694.323,4.415234739059864,1.6928964626080438
4694.343,4.405233123024163,1.6929493951720467
4694.363,4.395233583800148,1.6930038922552104
4694.383,4.385234045025403,1.6930583702373294
4694.403,4.375234505712445,1.6931128305562873
4694.423,4.3652349658755885,1.6931672731767171
4694.443,4.355235425545015,1.6932216980456296
4694.463,4.345235884755842,1.6932761051103498
4694.483,4.335236343547607,1.6933304943192198
4694.503,4.32523680196383,1.6933848656220938
4694.523,4.315237260051536,1.6934392189708072
4694.543,4.305237717860743,1.6934935543196408
4694.563,4.295238175443936,1.6935478716257442
4694.583,4.285238632855492,1.693602170849552
4694.603,4.2752390901511115,1.69365645195515
4694.623,4.265239547387232,1.6937107149106192
4694.643,4.255240004620424,1.693764959688333
4694.663,4.2452404619068185,1.6938191862652137
4694.683,4.235240919301497,1.6938733946229494
4694.703,4.225241376857928,1.6939275847481579
4694.723,4.215241834627408,1.693981756632507
4694.743,4.205240263399243,1.694034832569496
4694.763,4.19523597763199,1.6940838662502173
4694.783,4.185229485007466,1.6941331586432469
4694.803,4.175222972020268,1.694182328541553
4694.823,4.165216455855579,1.6942312303057476
4694.843,4.155209938600463,1.6942798422938465
4694.863,4.145203420583401,1.694328160852729
4694.883,4.1351969019181745,1.6943761854542378
4694.903,4.1251903825568865,1.6944239158752945
4694.923,4.115183862617514,1.6944713523677104
4694.943,4.105177342401807,1.6945184951101013
4694.963,4.095170822225887,1.6945653447071676
4694.983,4.0851643023294955,1.6946119015990557
4695.003,4.075157782992561,1.6946581663406552
4695.023,4.065151264936325,1.6947041399171086
4695.043,4.05514474873869,1.6947498235063008
4695.063,4.045144411725605,1.694799430101722
4695.083,4.035144853127594,1.6948490999666959
4695.103,4.025145295574773,1.6948987444047678
4695.123,4.0151457383913876,1.6949483711575868
4695.143,4.005146181516474,1.6949979803388449
4695.163,3.9951466248930707,1.6950475719906175
4695.183,3.985147068462051,1.6950971461518791
4695.203,3.975146794225039,1.6951460498142759
4695.223,3.9651423177302383,1.6951907686757066
4695.243,3.955137223022093,1.6952349675925686
4695.263,3.945132304471953,1.6952787420361073
4695.283,3.935127744869369,1.6953225847496298
4695.303,3.925122338288541,1.695365925138033
4695.323,3.9151180712157423,1.6954096080835317
4695.343,3.905114373797711,1.6954519141754392
4695.363,3.895112062557666,1.695494699387266
4695.383,3.8851069681263426,1.6955364774399309
4695.403,3.8751055438841857,1.695578773731602
4695.423,3.865099731419529,1.695620688397092
4695.443,3.8551030698499282,1.6956594110630678
4695.463,3.845097675316567,1.6957026263657344
4695.483,3.835091449972828,1.6957454076533562
4695.503,3.8250900910888634,1.695790790356762
4695.523,3.815090512711271,1.6958373577451067
4695.543,3.805090936086361,1.695883906238936
4695.563,3.795091358907972,1.6959304371135715
4695.583,3.7850917811480773,1.6959769503413558
4695.603,3.7750922028094966,1.6960234458734225
4695.623,3.7650926239013667,1.6960699236588168
4695.643,3.755093044438717,1.6961163836452113
4695.663,3.7450934644422644,1.6961628257793913
4695.683,3.7350938839381502,1.6962092500077495
4695.703,3.7250943029576273,1.6962556562767876
4695.723,3.7150947215367025,1.6963020445336148
4695.743,3.7050951397157292,1.6963484147264474
4695.763,3.6950955575389623,1.6963947668050927
4695.783,3.685095975054072,1.696441100721422
4695.803,3.6750963923116364,1.6964874164298243
4695.823,3.6650968093645933,1.696533713887635
4695.843,3.6550972262676793,1.6965799930555345
4695.863,3.6450976430768516,1.6966262538979202
4695.883,3.6350980598486977,1.696672496383235
4695.903,3.6250984766398426,1.6967187204842626
4695.923,3.615098893506351,1.6967649261783773
4695.943,3.605099310503149,1.696811113447749
4695.963,3.595099727683445,1.696857282279502
4695.983,3.585100145098177,1.6969034326658232
4696.003,3.5750958507359547,1.6969448463137333
4696.023,3.565089347957402,1.6969860675194233
4696.043,3.555082799171334,1.6970272956347527
4696.063,3.5450762444968533,1.6970682676148252
4696.083,3.5350696881133357,1.6971089490964897
4696.103,3.5250631308863567,1.6971493355025367
4696.123,3.5150565730821324,1.6971894264801004
4696.143,3.5050500148026247,1.6972292222562475
4696.163,3.4950434560769357,1.697268722994582
4696.183,3.485036897108927,1.6973079291488253
4696.203,3.475030338198789,1.697346840868409
4696.223,3.4650237796940777,1.697385458907207
4696.243,3.4550172217093515,1.6974237835292005
4696.263,3.44501066479121,1.697461815341187
4696.283,3.435004109631104,1.697499555493473
4696.303,3.4249981971450287,1.6975374990633594
4696.323,3.4149985707844634,1.6975792865243957
4696.343,3.4049989751994314,1.697620782407429
4696.363,3.394999380310659,1.6976622573168885
4696.383,3.384999785792484,1.697703714324103
4696.403,3.3750001915872128,1.6977451534998387
4696.423,3.365000597637447,1.6977865748852723
4696.443,3.355001003883673,1.6978279785188028
4696.463,3.3450006834714174,1.6978683275347117
4696.483,3.3349953576599853,1.6979040869871158
4696.503,3.324990657535271,1.697940823762531
4696.523,3.314985985899652,1.697976697047553
4696.543,3.3049800894631174,1.6980121815342832
4696.563,3.2949738612457122,1.698048308196056
4696.583,3.2849687698582954,1.6980840311821654
4696.603,3.274966305818928,1.698117420545016
4696.623,3.264960203828068,1.698153494424654
4696.643,3.2549539290129506,1.6981891385451389
4696.663,3.2449476523820495,1.6982245140914398
4696.683,3.2349413751111067,1.6982596124643086
4696.703,3.2249350975980993,1.6982944319341822
4696.723,3.214928820009847,1.6983289713050695
4696.743,3.204922542471446,1.6983632295229525
4696.763,3.1949228344152885,1.6984014137619063
4696.783,3.1849232155559664,1.6984395291589762
4696.803,3.1749235909408124,1.6984776251430906
4696.823,3.164923972272426,1.6985156962003187
4696.843,3.154924358564265,1.6985537527644345
4696.863,3.144924744207707,1.6985917921258629
4696.883,3.1349251292961746,1.6986298134537972
4696.903,3.1249255138466396,1.6986678166864981
4696.923,3.114925897880818,1.6987058017704284
4696.943,3.1049262814257967,1.6987437686519666
4696.963,3.0949266645137112,1.6987817172771469
4696.983,3.084927047181385,1.6988196475926953
4697.003,3.0749274294699185,1.6988575595465298
4697.023,3.0649278114242313,1.6988954530882436
4697.043,3.0549281930925787,1.6989333281695747
4697.063,3.0449285745260286,1.6989711847448565
4697.083,3.0349289557779167,1.69900902277144
4697.103,3.024929336903279,1.6990468422100906
4697.123,3.0149297179582715,1.6990846430253503
4697.143,3.0049300989995786,1.6991224251858639
4697.163,2.9949304800838177,1.6991601886646637
4697.183,2.9849308612669465,1.6991979334394123
4697.203,2.97493124260368,1.6992356594926017
4697.223,2.964931624146921,1.699273366811701
4697.243,2.9549300389072735,1.6993090689830712
4697.263,2.9449249451679624,1.6993420480186898
4697.283,2.934918391135694,1.6993748570281282
4697.303,2.924911823336905,1.699407498364368
4697.323,2.91490525495071,1.699439862286345
4697.343,2.9048986880933803,1.699471932710589
4697.363,2.894892123416622,1.6995037073396844
4697.383,2.884885561315598,1.6995351856942438
4697.403,2.8748790019256156,1.6995663676980568
4697.423,2.864872445496621,1.6995972535321333
4697.443,2.8548658924165924,1.6996278433888357
4697.463,2.844859343110559,1.6996581372447095
4697.483,2.834852798013854,1.699688135828958
4697.503,2.824846257405428,1.6997178393033407
4697.523,2.814839722000816,1.699747248395344
4697.543,2.8048331925788266,1.6997763641230639
4697.563,2.794828660699057,1.6998066118788568
4697.583,2.7848290200926393,1.6998397100310891
4697.603,2.774829392650471,1.6998726714713843
4697.623,2.764829765778788,1.6999056135391342
4697.643,2.754830139286894,1.6999385373063043
4697.663,2.744830513117731,1.6999714428241166
4697.683,2.734830887213178,1.7000043301324435
4697.703,2.724831261513088,1.700037199268491
4697.723,2.7148309495589817,1.7000693409774525
4697.743,2.704825759299223,1.700097393080904
4697.763,2.6948242773430584,1.7001274995808138
4697.783,2.6848182749511045,1.7001546128575808
4697.803,2.67481399095511,1.700183648498378
4697.823,2.664813290790786,1.700214999504274
4697.843,2.6548115482953953,1.7002457377071294
4697.863,2.6448107526657303,1.7002767508741485
4697.883,2.634809341960124,1.7003071363567543
4697.903,2.624808214666988,1.7003381469824312
4697.923,2.6148074812840782,1.7003691054177161
4697.943,2.6048067502732195,1.7003999813533872
4697.963,2.5948060343286596,1.7004307598232251
4697.983,2.5848053245806057,1.7004615043780202
4698.003,2.574805663454057,1.7004929536543787
4698.023,2.5648060020777117,1.7005243618042403
4698.043,2.5548063357828936,1.7005557451062592
4698.063,2.5448066696233935,1.700587103457253
4698.083,2.5348070100648217,1.7006184345598654
4698.103,2.5248073629515906,1.700649726762236
4698.123,2.514807726367561,1.7006810118449285
4698.143,2.5048080879000665,1.700712293733804
4698.163,2.4948084488913254,1.7007435572361707
4698.183,2.4848088093793312,1.7007748021745215
4698.203,2.4748091693923415,1.700806028493694
4698.223,2.4648095289634333,1.7008372361398219
4698.243,2.4548098881303027,1.700868425059827
4698.263,2.4448102469348423,1.7008995952019055
4698.283,2.434810605422684,1.70093074651601
4698.303,2.4248109636427055,1.7009618789543146
4698.323,2.4148113216465035,1.7009929924716591
4698.343,2.404811679487844,1.701024087025972
4698.363,2.3948120372220942,1.7010551625786554
4698.383,2.3848123949056355,1.7010862190949452
4698.403,2.3748127525952776,1.7011172565442287
4698.423,2.3648131103476535,1.701148274900322
4698.443,2.354813468218637,1.7011792741417056
4698.463,2.344813826262756,1.7012102542517147
4698.483,2.334812266313856,1.7012390583031505
4698.503,2.324811941279487,1.701269907785187
4698.523,2.3148122984020887,1.701300730134255
4698.543,2.3048126564812526,1.7013315260721718
4698.563,2.294813015018541,1.7013623028286917
4698.583,2.284813374040892,1.7013930604783796
4698.603,2.2748137335765692,1.701423799038881
4698.623,2.264814093648998,1.70145451853196
4698.643,2.254814454276424,1.7014852189837884
4698.663,2.2448148154716865,1.7015159004246532
4698.683,2.23481517724205,1.7015465628886206
4698.703,2.2248155395890974,1.7015772064131633
4698.723,2.214815902508677,1.7016078310387492
4698.743,2.20481626599091,1.7016384368084143
4698.763,2.19481663002026,1.7016690237672956
4698.783,2.184815242120501,1.7016983208128937
4698.803,2.174806589601499,1.7017229116588244
4698.823,2.16480692652049,1.7017533034461108
4698.843,2.1548072900703468,1.7017834567071666
4698.863,2.1448076543506454,1.701813589311148
4698.883,2.1348080190337866,1.7018437033825777
4698.903,2.124808384065128,1.7018737989841977
4698.923,2.1148087493900323,1.701903876158567
4698.943,2.1048085661165694,1.7019337000439299
4698.963,2.094803340150924,1.7019591063103376
4698.983,2.0848035281970163,1.7019884998160746
4699.003,2.0748013467395916,1.7020161938802028
4699.023,2.0647967993745864,1.7020423768576898
4699.043,2.0547971636415374,1.7020673532036439
4699.063,2.0447913162928457,1.7020925740758452
4699.083,2.0347858304717037,1.7021159184328047
4699.103,2.02477971322162,1.702140504409636
4699.123,2.0147735641675095,1.7021650048100778
4699.143,2.0047674176935666,1.7021892353941208
4699.163,1.9947612776954577,1.7022131765382875
4699.183,1.9847551459910961,1.7022368263488172
4699.203,1.9747514919876124,1.7022620466407699
4699.223,1.964751826944649,1.7022894767545114
4699.243,1.9547521804356267,1.7023168491606557
4699.263,1.9447525255571558,1.7023442247647833
4699.283,1.9347528583110376,1.702371573664243
4699.303,1.9247531853551991,1.7023988957320408
4699.323,1.914753512282313,1.702426195320209
4699.343,1.9047538458603832,1.7024534644151443
4699.363,1.8947541986667662,1.7024806984672314
4699.383,1.8847545486605004,1.702507940230364
4699.403,1.8747548980952602,1.7025351634397683
4699.423,1.8647552470148971,1.7025623678308437
4699.443,1.8547555954433357,1.702589553347167
4699.463,1.8447559434094831,1.7026167199338629
4699.483,1.8347562909471864,1.7026438675364357
4699.503,1.8247566380948474,1.7026709961012565
4699.523,1.815344799462286,1.7026805443177193
4699.543,1.8073339391286083,1.702684241740191
4699.563,1.8010198597192886,1.7026854211508502
4699.583,1.796388658879455,1.702728785189196
4699.603,1.7926277511564246,1.7031584727087443
4699.623,1.789613333978859,1.704045226935478
4699.643,1.7873567196262734,1.7053886728586403
4699.663,1.785882924278399,1.7071567654486985
4699.683,1.785200566238867,1.7093548959043292
4699.703,1.7852026247062582,1.7119489116670215
4699.723,1.7853861586610882,1.7146362875038106
4699.743,1.7856198216864947,1.7173213463430754
4699.763,1.7859038550080253,1.7200014272287156
4699.783,1.7862339938099443,1.7226753061951252
4699.803,1.7866122973517464,1.7253427694593197
4699.823,1.787040551652254,1.7280029388619575
4699.843,1.7875145561358694,1.7306544703841704
4699.863,1.7880363174041156,1.7332970113497548
4699.883,1.7886075532717685,1.735929666505567
4699.903,1.7892240447770666,1.7385511818502104
4699.923,1.7898877558271529,1.7411611669580234
4699.943,1.7906003263229748,1.7437586981275885
4699.963,1.7913575261797994,1.7463426172863168
4699.983,1.7921612715517652,1.7489124956348363
4700.003,1.793013121416319,1.7514673869604558
4700.023,1.7939088454528163,1.7540062297907868
4700.043,1.7948503053100184,1.75652855929431
4700.063,1.795838977458897,1.7590334117637418
4700.083,1.7968706400332817,1.761519822969387
4700.103,1.7979528107076792,1.7639878641958253
4700.123,1.7990871476599897,1.7664374433734176
4700.143,1.8002653963281716,1.7688662429728568
4700.163,1.8014871634335303,1.7712734398676935
4700.183,1.802752053147174,1.773658254884713
4700.203,1.80405965586448,1.7760199164826869
4700.223,1.8054095482361576,1.7783576606499252
4700.243,1.8068012933050699,1.780670731137613
4700.263,1.8082344406473463,1.7829583796936601
4700.283,1.8097085265167547,1.7852198662938135
4700.303,1.8096675612638076,1.7885135963096082
4700.323,1.8068969311187715,1.7936390176180665
4700.343,1.8023617460529038,1.7992105181027687
4700.363,1.7962083278234349,1.8049854064095117
4700.383,1.788526218117498,1.8109358843553123
4700.403,1.7805145127127395,1.8169214178667676
4700.423,1.772263635137987,1.8230186633254086
4700.443,1.76387992881016,1.8291835546984665
4700.463,1.7558309379932615,1.8351798722834591
4700.483,1.7478081106568177,1.8411631921915002
4700.503,1.7397948905642202,1.8471447810283943
4700.523,1.731781710827458,1.8531264102027243
4700.543,1.723768528166978,1.8591080359268226
4700.563,1.715755342122201,1.865089657851771
4700.583,1.707742152638159,1.8710712760195196
4700.603,1.6997289596693392,1.8770528904746195
4700.623,1.691715763176394,1.8830345012602554
4700.643,1.6837025631265252,1.8890161084178227
4700.663,1.6756893594938491,1.894997711986562
4700.683,1.667676152259679,1.9009793120032052
4700.703,1.6596629414127457,1.9069609085016532
4700.723,1.6516497269493344,1.9129425015126735
4700.743,1.643636508873351,1.9189240910636325
4700.763,1.635623287196308,1.924905677178258
4700.783,1.627610061937234,1.9308872598764368
4700.803,1.6195968331225106,1.9368688391740514
4700.823,1.6115836007856266,1.9428504150828516
4700.843,1.603570364966871,1.948831987610371
4700.863,1.5955571257129488,1.954813556759879
4700.883,1.5875438830765372,1.9607951225303795
4700.903,1.5795306371157765,1.9667766849166481
4700.923,1.5715173878937103,1.9727582439093108
4700.943,1.5635041354776753,1.9787397994949634
4700.963,1.5560431863597073,1.9841859972495175
4700.983,1.549879066702185,1.9883456452526171
4701.003,1.545226346882681,1.9913903396896209
4701.023,1.5422299414706142,1.9939805334373892
4701.043,1.540464782630978,1.996450731308543
4701.063,1.5398182724053322,1.998819357485572
4701.083,1.5401855030575347,2.0011039503250743
4701.103,1.5415499032436097,2.003241642953808
4701.123,1.5432957151507352,2.005301100250611
4701.143,1.545078725077412,2.007328016367386
4701.163,1.5468979281803172,2.009322512880425
4701.183,1.548752737247873,2.011283953654551
4701.203,1.5506425525220517,2.0132117038220314
4701.223,1.5525667628946114,2.0151051392162396
4701.243,1.5545247460946123,2.0169636466604337
4701.263,1.5565158688749852,2.0187866241644685
4701.283,1.5585394872028369,2.0205734811187717
4701.303,1.5605949464537228,2.022323638486475
4701.323,1.562681581610104,2.0240365289936775
4701.343,1.5647987174642204,2.0257115973177773
4701.363,1.566945668825574,2.0273483002737476
4701.383,1.5691217407332059,2.0289461069981938
4701.403,1.5713262286729062,2.0305044991309957
4701.423,1.5735584187994553,2.0320229709942907
4701.443,1.5758175881639456,2.0335010297685105
4701.463,1.5781030049461828,2.034938195665183
4701.483,1.5804139286921037,2.036334002096161
4701.503,1.582749610556092,2.0376879958389464
4701.523,1.585109293548029,2.0389997371977717
4701.543,1.5874922127848508,2.0402688001601046
4701.563,1.5898975957463486,2.041494772548265
4701.583,1.5915042646453634,2.044370888910542
4701.603,1.5916571261759536,2.050195161193616
4701.623,1.590502639837908,2.0572856375009256
4701.643,1.5880466474133077,2.065358994349166
4701.663,1.584352755431931,2.074346623382965
4701.683,1.5803905958589166,2.083529078857808
4701.703,1.5764462139145332,2.0930224267555078
4701.723,1.5724820088323737,2.1025883555884044
4701.743,1.5685307921711924,2.111805312544768
4701.763,1.5645747161109536,2.1209897717390023
4701.783,1.5606186112058098,2.1301743832659215
4701.803,1.556662470369819,2.1393589824654864
4701.823,1.552706307886828,2.1485435772195363
4701.843,1.548750127299859,2.1577281679093665
4701.863,1.5447939300442033,2.1669127540416246
4701.883,1.540837717509603,2.176097334912217
4701.903,1.536881490735699,2.1852819098464553
4701.923,1.53292525083164,2.194466478252014
4701.943,1.5289689990483488,2.2036510395553677
4701.963,1.525012737531235,2.212835588224993
4701.983,1.5210565028198504,2.2220201161955018
4702.003,1.5171002302130001,2.2312046908363445
4702.023,1.5131443544049512,2.2403907887973946
4702.043,1.5091893314725193,2.2495804237957526
4702.063,1.5052343724334385,2.258768580983964
4702.083,1.5012792584239518,2.2679542221236018
4702.103,1.4973241173316263,2.277138560157434
4702.123,1.4933690590648325,2.2863229170146897
4702.143,1.4894141003366772,2.2955073036377796
4702.163,1.485459267223934,2.3046917178336876
4702.183,1.4815045997032195,2.31387616020118
4702.203,1.4775501751317275,2.323060610184664
4702.223,1.4735960794976337,2.3322450272372928
4702.243,1.46964242779294,2.341436707925683
4702.263,1.4656866028336166,2.350626096973578
4702.283,1.4617338268934155,2.3598123465189706
4702.303,1.457779052880954,2.368996647410605
4702.323,1.453824304989059,2.37818095378376
4702.343,1.4498695676745006,2.387365264678636
4702.363,1.4459148407670457,2.396549580129264
4702.383,1.44196012423196,2.4057339001703033
4702.403,1.4380054180330468,2.414918224834339
4702.423,1.4340507221313188,2.4241025541513848
4702.443,1.4300960364849558,2.433286888148392
4702.463,1.4261413610493154,2.442471226848793
4702.483,1.422186695777,2.4516555702720777
4702.503,1.4182320406179605,2.4608399184334364
4702.523,1.4147918916088675,2.469482607248882
4702.543,1.412372732120023,2.476838811258987
4702.563,1.4106506326207404,2.4825228712178067
4702.583,1.4096088254947456,2.4865049314456185
4702.603,1.4093362646744572,2.4895485511821214
4702.623,1.409881383278126,2.492017319585636
4702.643,1.4112486321781066,2.4938838337000675
4702.663,1.413416829405861,2.4951295251477528
4702.683,1.4162297522768035,2.4958257444496788
4702.703,1.4187846255887755,2.4967055874201964
4702.723,1.4213515339862575,2.497541693373575
4702.743,1.4239331025380144,2.4983314755278343
4702.763,1.426528478281634,2.4990746682848317
4702.783,1.4291368193037348,2.499771029777149
4702.803,1.4317572795657805,2.5004203334690795
4702.823,1.4343890090704805,2.501022368156628
4702.843,1.4370311541514718,2.5015769380386126
4702.863,1.439682857764174,2.5020838627818947
4702.883,1.442343259776643,2.5025429775801213
4702.903,1.445011497260234,2.5029541332060945
4702.923,1.447686704779926,2.503317196057928
4702.943,1.4503680146841957,2.503632048199107
4702.963,1.453054557394353,2.503898587392631
4702.983,1.4557454616932777,2.504116727129345
4703.003,1.4583256333920207,2.506164828880983
4703.023,1.4606837548917084,2.51149255587247
4703.043,1.4623147178710059,2.518488691451273
4703.063,1.4631161942555333,2.526889104425131
4703.083,1.463120800798365,2.5366061675909686
4703.103,1.462951454560439,2.5466056148897582
4703.123,1.4628653353715957,2.5569565778238936
4703.143,1.4627184365012877,2.5673902197304344
4703.163,1.4625619835783914,2.577411836011588
4703.183,1.462403369187056,2.587416652162556
4703.203,1.462243591441864,2.597419961081282
4703.223,1.4620828769775884,2.607423299732215
4703.243,1.4619168647819776,2.6174215986970433
4703.263,1.4617508972205906,2.6274198927533283
4703.283,1.4615849459964247,2.6374181866253563
4703.303,1.461419010813718,2.6474164803935953
4703.323,1.4612530916130047,2.657414774092162
4703.343,1.4610871883381087,2.667413067758553
4703.363,1.4609213009346873,2.6774113614337813
4703.383,1.4607554293507041,2.687409655161945
4703.403,1.4605903117471326,2.697408649397798
4703.423,1.4604294289440216,2.7074122043569173
4703.443,1.460271582018082,2.7174174245524285
4703.463,1.4601160238155,2.727425071979112
4703.483,1.459958754107764,2.737432384798468
4703.503,1.459800171459447,2.7474371633484425
4703.523,1.459641679315525,2.757441523247219
4703.543,1.459484905389579,2.767446444593053
4703.563,1.459328624412491,2.7774540027731236
4703.583,1.4591696362286564,2.7874582353445576
4703.603,1.4590108042837309,2.797463654779065
4703.623,1.458852188814591,2.807469091918009
4703.643,1.458693863804011,2.8174745364498874
4703.663,1.4585358372164257,2.8274799869209772
4703.683,1.4583781099293627,2.8374854426084566
4703.703,1.4582206813299086,2.847490902790046
4703.723,1.4580635500211125,2.857496366327232
4703.743,1.4579067133591224,2.8675018314257206
4703.763,1.4577501655207838,2.8775072942113185
4703.783,1.4575938879198385,2.887512744895165
4703.803,1.457434544154106,2.8975133208785553
4703.823,1.457274316400026,2.907511713955843
4703.843,1.457114126030766,2.9175101067219447
4703.863,1.4569539518479602,2.927508500294096
4703.883,1.4567937937032547,2.9375068946604985
4703.903,1.4566336516435643,2.9475052897927583
4703.923,1.4564735257181258,2.9575036856579273
4703.943,1.456313415976128,2.967502082218916
4703.963,1.4561533224661511,2.9775004794348376
4703.983,1.4559932452356212,2.9874988772613773
4704.003,1.4558331843302919,2.9974972756512077
4704.023,1.4556731397937341,3.007495674554433
4704.043,1.4555131116668591,3.017494073919054
4704.063,1.4553530999874658,3.027492473691472
4704.083,1.4551931047898232,3.0374908738169872
4704.103,1.4550331261042884,3.0474892742403346
4704.123,1.454873163956969,3.057487674906203
4704.143,1.4547132183694287,3.0674860757597733
4704.163,1.4545532893584388,3.077484476747247
4704.183,1.45439337693578,3.0874828778163614
4704.203,1.4542334811080975,3.097481278916895
4704.223,1.4541654723408124,3.106887203597888
4704.243,1.454172941178358,3.114900166110948
4704.263,1.4541849100280972,3.1212181259169207
4704.283,1.4542223217527948,3.1258615969650245
4704.303,1.454625162301735,3.1296918780004668
4704.323,1.4554665076513018,3.132806813609145
4704.343,1.456735996779252,3.135172565778075
4704.363,1.4584559411586604,3.136778147799497
4704.383,1.4606140533621175,3.137606223616528
4704.403,1.4631905839472883,3.1376851220843194
4704.423,1.4658880534169598,3.1375361396077444
4704.443,1.4685805663163596,3.137340179775344
4704.463,1.4712691073912265,3.1370957836428883
4704.483,1.4739528028539388,3.1368030362429833
4704.503,1.4766307827916907,3.136462033142703
4704.523,1.4793021792647605,3.136072885520147
4704.543,1.481966126576778,3.135635720174118
4704.563,1.4846217615534685,3.1351506794756405
4704.583,1.4872682238201713,3.134617921314059
4704.603,1.4899046560781393,3.134037619038294
4704.623,1.4925302043795499,3.133409961393294
4704.643,1.4951440184011906,3.13273515245167
4704.663,1.497745251716747,3.1320134115405565
4704.683,1.500333062067613,3.1312449731637106
4704.703,1.50290661163214,3.130430086918873
4704.723,1.505465067293228,3.1295690174104167
4704.743,1.5080076009041579,3.128662044157335
4704.763,1.5105333895525501,3.1277094614966034
4704.783,1.5137410422577013,3.128458631172534
4704.803,1.5181497331870928,3.132267871254563
4704.823,1.5226140656747746,3.137896293166656
4704.843,1.5269285965804122,3.1451487831934486
4704.863,1.5310853676832217,3.1539319465289832
4704.883,1.5352054194541123,3.1630445898788837
4704.903,1.5393185282852002,3.172463687288769
4704.923,1.5434505422457394,3.181975253750829
4704.943,1.5475696459741166,3.191109121933106
4704.963,1.551675954396214,3.20023199351767
4704.983,1.555788582638592,3.209351614103658
4705.003,1.5599011641745268,3.218471229170062
4705.023,1.564013768568186,3.2275903854906294
4705.043,1.5681269302843652,3.2367048297290477
4705.063,1.5722398930654171,3.2458193791606633
4705.083,1.5763528432414662,3.2549339337183127
4705.103,1.5804657829854982,3.2640484922228823
4705.123,1.5845787123912525,3.2731630546763886
4705.143,1.5886916315345434,3.2822776210995586
4705.163,1.5928045404919569,3.291392191519885
4705.183,1.5963794892268164,3.299938018872206
4705.203,1.5986827101407302,3.307068898168813
4705.223,1.6004350652786736,3.3126546207202114
4705.243,1.6021575862588935,3.316488399733973
4705.263,1.6035987730716235,3.318962082535384
4705.283,1.6053813938038695,3.3203546644181583
4705.303,1.6072624690559951,3.3206954587774193
4705.323,1.6094940654507106,3.3201109121050285
4705.343,1.6118769497820546,3.3188679710367963
4705.363,1.6142386992184983,3.317560604524872
4705.383,1.6165764780617904,3.316210955479953
4705.403,1.6188895861287766,3.314819454489253
4705.423,1.621177275821042,3.313386551978401
4705.443,1.6234388072647317,3.3119127117221328
4705.463,1.6256734490432538,3.310398410662161
4705.483,1.6278804784281453,3.308844138755366
4705.503,1.6300591816023025,3.3072503988190416
4705.523,1.6322088538802362,3.305617706373231
4705.543,1.6343287999254408,3.303946589480218
4705.563,1.636418333964948,3.3022375885812116
4705.583,1.6384767800011502,3.300491256330256
4705.603,1.6405034720209901,3.2987081574253434
4705.623,1.6424977542026298,3.296888868436702
4705.643,1.6444589811197083,3.295033977632178
4705.663,1.6463865179433008,3.2931440847996045
4705.683,1.6482797406416803,3.2912198010660307
4705.703,1.6501380361779847,3.2892617487136433
4705.723,1.6519608027058432,3.2872705609921917
4705.743,1.6537474497630231,3.2852468819277223
4705.763,1.6554973984630987,3.2831913661274106
4705.783,1.657210081685126,3.2811046785802755
4705.803,1.6588849442612525,3.2789874944535713
4705.823,1.6605214431621613,3.27684049888468
4705.843,1.6621190476801981,3.274664386768324
4705.863,1.663677239609998,3.272459862538991
4705.883,1.6651955134263678,3.2702276399484718
4705.903,1.6666733764591923,3.2679684418384776
4705.923,1.668110349065046,3.26568299990834
4705.943,1.6695059647952264,3.2633720544778733
4705.963,1.6708597705598884,3.2610363542454963
4705.983,1.672171326787952,3.2586766560417977
4706.003,1.673440207582478,3.256293724578746
4706.023,1.6746660008712162,3.2538883321948116
4706.043,1.6758483085520395,3.251461258596269
4706.063,1.6769867466330295,3.2490132905950295
4706.083,1.6780809453669847,3.246545221843286
4706.103,1.6791305493801876,3.2440578525653514
4706.123,1.6801352177952786,3.241551989287012
4706.143,1.6810946243481424,3.239028444562717
4706.163,1.6820084574987408,3.236488036700933
4706.183,1.682876420535868,3.23393158948796
4706.203,1.6836982316758222,3.231359931910456
4706.223,1.6844736241550389,3.2287738978769362
4706.243,1.6852023463167274,3.226174325938437
4706.263,1.6858841616915923,3.2235620590085334
4706.283,1.6865188490727225,3.22093794408286
4706.303,1.6871062025847412,3.218302831958249
4706.323,1.6876460317473196,3.215657576951587
4706.343,1.6899892860433468,3.2133419427589685
4706.363,1.695561710787168,3.211640928450249
4706.383,1.702703138357615,3.21086214945884
4706.403,1.7111390216058078,3.2110755225644416
4706.423,1.7207862938397953,3.212238144445669
4706.443,1.7306930033143735,3.2136073855914313
4706.463,1.740949658311459,3.2147959443490732
4706.483,1.7512879572660704,3.215965310944125
4706.503,1.761240091135341,3.21729786085977
4706.523,1.7711496124272914,3.218651237905195
4706.543,1.78105703658484,3.2200062717907434
4706.563,1.7909644647988867,3.221361280327898
4706.583,1.8008718945434408,3.2227162743560305
4706.603,1.810779325716025,3.224071253970703
4706.623,1.8206867582437893,3.225426219170769
4706.643,1.8305941920595101,3.2267811699549487
4706.663,1.8405016271020243,3.2281361063228298
4706.683,1.8504090633168586,3.2294910282749796
4706.703,1.860316500656798,3.2308459358130235
4706.723,1.8702239390823754,3.2322008289397153
4706.743,1.8801313785622842,3.233555707658989
4706.763,1.8900388190737112,3.234910571975993
4706.783,1.8999462606025816,3.236265421897109
4706.803,1.9098537031437142,3.2376202574299606
4706.823,1.9197653207712584,3.2389715041576705
4706.843,1.9296727873458428,3.240324584716573
4706.863,1.9395802555453,3.241679179999674
4706.883,1.9494877346973012,3.243033732995387
4706.903,1.9593952150096412,3.244388271174517
4706.923,1.9693026964320817,3.2457427947976507
4706.943,1.9792101790206098,3.247097303894633
4706.963,1.9891176628390415,3.248451798493381
4706.983,1.9990271209100525,3.2498057101647357
4707.003,2.0089409282477817,3.251155872552444
4707.023,2.018855049811286,3.2525062587104294
4707.043,2.0287736263360294,3.2538508039596357
4707.063,2.0386840083560767,3.255198916892242
4707.083,2.0485978815973884,3.2565491887038416
4707.103,2.0585118623791394,3.2578996975616317
4707.123,2.0684246207425208,3.2592491734350806
4707.143,2.078337565633816,3.2605964268174312
4707.163,2.0882512371278303,3.261945475517417
4707.183,2.0981646283742226,3.263294338863655
4707.203,2.1080791391372116,3.2646436316885366
4707.223,2.1179936840247104,3.265992625313207
4707.243,2.127908258128197,3.267341354370769
4707.263,2.1378228526682603,3.26868983466815
4707.283,2.147736822821918,3.270038368255357
4707.303,2.1576447563944643,3.271389717227912
4707.323,2.1675527091205526,3.272740797067139
4707.343,2.1774606646838692,3.2740918601600124
4707.363,2.187368622967267,3.275442908981359
4707.383,2.1972765840001807,3.2767939435680127
4707.403,2.2071845478045056,3.278144963931833
4707.423,2.217092514393089,3.2794959700822774
4707.443,2.227000483769611,3.2808469620266725
4707.463,2.2369084559285937,3.2821979397702843
4707.483,2.246816430855483,3.2835489033164063
4707.503,2.256724408526826,3.2848998526664497
4707.523,2.2666323889105353,3.286250787820055
4707.543,2.276540371966234,3.2876017087752096
4707.563,2.2864483576456864,3.288952615528375
4707.583,2.2963563458933054,3.2903035080746275
4707.603,2.3062643366467293,3.2916543864078003
4707.623,2.316172329837467,3.2930052505206446
4707.643,2.326080325391605,3.2943561004049817
4707.663,2.3359883232305623,3.2957069360518694
4707.683,2.3458963232718943,3.2970577574517708
4707.703,2.355804325430136,3.298408564594722
4707.723,2.3657123296176734,3.2997593574704984
4707.743,2.3756203357456296,3.301110136068788
4707.763,2.3855283437247707,3.302460900379351
4707.783,2.3954363534664123,3.3038116503921864
4707.803,2.4053443648833137,3.3051623860976815
4707.823,2.4152527516549944,3.306513371057676
4707.843,2.4251699128894306,3.307856986621371
4707.863,2.435084907584714,3.309201766861985
4707.883,2.444993202846121,3.3105516831480055
4707.903,2.4549014054185645,3.311901604299041
4707.923,2.4648095874266116,3.3132515197208487
4707.943,2.474717753642237,3.314601398280776
4707.963,2.4846259008270075,3.315951230703253
4707.983,2.494544410403161,3.317294670755215
4708.003,2.5044626280481785,3.318638903183131
4708.023,2.51438083505046,3.3199819328209546
4708.043,2.5243008729261693,3.3213240643158795
4708.063,2.5342190974383603,3.322666847255019
4708.083,2.5441308408463703,3.3240118791398903
4708.103,2.55403924618188,3.325359596726256
4708.123,2.5639476580480225,3.326707308801365
4708.143,2.573856709154486,3.3280547715268396
4708.163,2.5837704153843086,3.3293980781475305
4708.183,2.5936860278596803,3.3307412677970465
4708.203,2.6036023460022504,3.332083961494163
4708.223,2.6135172282104393,3.333427474907603
4708.243,2.623432373629783,3.3347701317737766
4708.263,2.633344919872841,3.3361126563249974
4708.283,2.643253518624988,3.3374600229462015
4708.303,2.653162053047704,3.338806799603768
4708.323,2.6630705904317273,3.3401535555565345
4708.343,2.672979129515565,3.341500296955561
4708.363,2.6828876703800093,3.3428470238880936
4708.383,2.692796213119443,3.3441937363870498
4708.403,2.702706919506412,3.345538816319231
4708.423,2.712621897844152,3.3468809655052456
4708.443,2.722537231221727,3.3482242876233603
4708.463,2.7324525983258656,3.3495672823283917
4708.483,2.74236799822819,3.3509099998994025
4708.503,2.752283425942062,3.3522524579905633
4708.523,2.7621988714926595,3.353594671137879
4708.543,2.772113022145446,3.354937326007934
4708.563,2.7820218106390633,3.3562823429689197
4708.583,2.7919306127959556,3.357627180383666
4708.603,2.801839417725812,3.358972002001172
4708.623,2.8117482253728925,3.360316809347421
4708.643,2.8216570357657473,3.3616616024500305
4708.663,2.831565848924809,3.3630063813204063
4708.683,2.8414746648614244,3.3643511459676483
4708.703,2.8513834835777745,3.3656958963987447
4708.723,2.8612923050668804,3.3670406326186426
4708.743,2.871201129312714,3.3683853546303375
4708.763,2.8811099562903784,3.369730062434967
4708.783,2.8910187859663945,3.371074756031921
4708.803,2.9009276182990575,3.3724194354189634
4708.823,2.910836453238881,3.3737641005923575
4708.843,2.920745290729118,3.375108751547012
4708.863,2.930654130706345,3.376453388276622
4708.883,2.940562973101125,3.3777980107738266
4708.903,2.9504718178387144,3.3791426190303673
4708.923,2.960380664839836,3.380487213037254
4708.943,2.9702895140214833,3.381831792784927
4708.963,2.980198365297775,3.3831763582634293
4708.983,2.9901072185808197,3.3845209094625752
4709.003,3.0000160737816177,3.3858654463721165
4709.023,3.009924930810963,3.387209968981902
4709.043,3.0198337895803435,3.388554477282045
4709.063,3.029742650002848,3.3898989712630705
4709.083,3.039654862227329,3.3912417466394857
4709.103,3.0495698997675325,3.3925809181128592
4709.123,3.059485872377675,3.393919594795778
4709.143,3.0693949581803626,3.3952632009941026
4709.163,3.079303997417001,3.396606864598888
4709.183,3.0892130215482503,3.397950518703494
4709.203,3.099122030667044,3.3992941393251734
4709.223,3.1090310206941916,3.400637716991147
4709.243,3.1189502520301065,3.4019750599821714
4709.263,3.128871775882705,3.4033114689845805
4709.283,3.1387884084061923,3.4046504792454297
4709.303,3.148709226045644,3.405985514147996
4709.323,3.15863078996117,3.4073205110332623
4709.343,3.168541057414794,3.408660600241549
4709.363,3.178450312161994,3.410002076488474
4709.383,3.1883595715649244,3.4113435428648704
4709.403,3.1982697978813985,3.4126839184390882
4709.423,3.2081866465097586,3.4140212514539474
4709.443,3.218101903599652,3.415357547846302
4709.463,3.2280175176284955,3.416695181926145
4709.483,3.2379353481259,3.4180314363202835
4709.503,3.2478506918046666,3.419367898410805
4709.523,3.2577629492501297,3.420705249675624
4709.543,3.267672238077408,3.422046100920745
4709.563,3.2775816204576897,3.4233866270075466
4709.583,3.287491004978313,3.4247271361702825
4709.603,3.2974003911982765,3.4260676308094435
4709.623,3.3073097792065673,3.427408110979134
4709.643,3.317219169097664,3.428748576711596
4709.663,3.3271328864805665,3.430086507570284
4709.683,3.337047902473367,3.431422651679719
4709.703,3.346964090259714,3.432759656080854
4709.723,3.356880312982463,3.434096341945582
4709.743,3.366796567647737,3.435432755635995
4709.763,3.376712848816277,3.436768911695904
4709.783,3.3866291448353145,3.4381048271592505
4709.803,3.3965428073776582,3.439441889078743
4709.823,3.4064524488980514,3.440780557175041
4709.843,3.416362097398877,3.44211914532323
4709.863,3.4262717486142735,3.4434577185875437
4709.883,3.4361814025440944,3.4447962775815015
4709.903,3.4460910592159264,3.4461348223237773
4709.923,3.456000718648719,3.4474733528252774
4709.943,3.4659103808523097,3.4488118690946967
4709.963,3.4758200458273634,3.450150371138643
4709.983,3.4857297135653953,3.451488858961706
4710.003,3.4956393840488915,3.4528273325665433
4710.023,3.5055490572515144,3.454165791953982
4710.043,3.5154587331383915,3.4555042371231317
4710.063,3.5253684116664936,3.4568426680714994
4710.083,3.535278092785089,3.4581810847951253
4710.103,3.545187776436276,3.459519487288722
4710.123,3.5550974625555836,3.4608578755458224
4710.143,3.5650071510726353,3.46219624955893
4710.163,3.5749168419118775,3.4635346093196855
4710.183,3.5848265349933492,3.4648729548190267
4710.203,3.5947362302335035,3.4662112860473555
4710.223,3.6046459275460525,3.4675496029947057
4710.243,3.614555626842857,3.4688879056509094
4710.263,3.6244653280348103,3.4702261940057655
4710.283,3.634375031032751,3.4715644680491993
4710.303,3.6442847357483674,3.4729027277714217
4710.323,3.654194442095089,3.474240973163082
4710.343,3.6641107225245717,3.475574116274617
4710.363,3.674024787923735,3.476909399520177
4710.383,3.6839402550747193,3.4782426609891504
4710.403,3.693850168217727,3.4795800318252805
4710.423,3.703760048590019,3.480917450381664
4710.443,3.7136699148159265,3.4822548522780346
4710.463,3.723579765438022,3.483592218378268
4710.483,3.7334908438905376,3.4849291302330174
4710.503,3.743410639665763,3.486260708055835
4710.523,3.753332300858622,3.4875903608214975
4710.543,3.763254716520017,3.4889199622778575
4710.563,3.77317219317091,3.4902521114446663
4710.583,3.783093784075413,3.4915802585618807
4710.603,3.7930047736687924,3.4929144841541615
4710.623,3.8029148746854005,3.494249712825489
4710.643,3.8128249782299366,3.495584928908997
4710.663,3.8227371494311018,3.4969180077368955
4710.683,3.832655982303506,3.49824919177031
4710.703,3.842569825586616,3.499580256146179
4710.723,3.8524863848509465,3.5009112484232516
4710.743,3.862407381806772,3.502241010643766
4710.763,3.872322189046608,3.5035707637083404
4710.783,3.8822342199404734,3.5049028885726483
4710.803,3.8921444167690558,3.506237313595501
4710.823,3.9020546430541043,3.5075715879016354
4710.843,3.9119648712176662,3.5089058464928917
4710.863,3.9218751010853565,3.5102400905672266
4710.883,3.9317853327489294,3.511574320167891
4710.903,3.941695566302886,3.5129085353266967
4710.923,3.951611581675492,3.514238967733264
4710.943,3.96152733868332,3.515569297904488
4710.963,3.9714443768999748,3.516899994554556
4710.983,3.981361449460442,3.518230385038665
4711.003,3.991278553054123,3.519560506137172
4711.023,4.001195681643778,3.520890370506037
4711.043,4.0111128217178456,3.522219997251912
4711.063,4.021025993886441,3.52355156495639
4711.083,4.030936480450489,3.524883947534502
4711.103,4.040846971721758,3.5262162835251383
4711.123,4.050757465686944,3.5275486049301916
4711.143,4.060667962363721,3.5288809120595483
4711.163,4.070578461778391,3.530213204928631
4711.183,4.080488963948415,3.531545483547925
4711.203,4.090399468882124,3.5328777479257516
4711.223,4.100309976578672,3.5342099980683597
4711.243,4.1102204870280765,3.5355422339800042
4711.263,4.12013100021135,3.5368744556630314
4711.283,4.130041516100719,3.5382066631179834
4711.303,4.139952034659935,3.539538856343707
4711.323,4.149862555844662,3.540871035337475
4711.343,4.159773079602935,3.5422032000951247
4711.363,4.169683605875724,3.5435353506111924
4711.383,4.179594134597527,3.5448674868790633
4711.403,4.1895046656970525,3.5461996088911305
4711.423,4.199415199097964,3.5475317166389497
4711.443,4.209325734719639,3.5488638101134016
4711.463,4.2192362724780095,3.550195889304866
4711.483,4.229146812286422,3.5515279542033817
4711.503,4.239057354056503,3.552860004798813
4711.523,4.248967897699073,3.554192041081021
4711.543,4.258878443125043,3.5555240630400182
4711.563,4.268788990246322,3.5568560706661256
4711.583,4.278699538976712,3.5581880639501287
4711.603,4.288617569354864,3.5595145442983376
4711.623,4.298532427457343,3.5608436185831107
4711.643,4.308447910115999,3.5621706977806595
4711.663,4.318358663321869,3.5635018359608375
4711.683,4.328269386756741,3.5648330075569192
4711.703,4.338180094613127,3.566164155321665
4711.723,4.348090785414973,3.5674952636631456
4711.743,4.358005282835069,3.568823817109464
4711.763,4.367928473046116,3.5701477453995407
4711.783,4.377846830937804,3.571474232652739
4711.803,4.387769396107124,3.5727974202929955
4711.823,4.39769256529566,3.574120193711588
4711.843,4.407610520224844,3.5754446905103596
4711.863,4.417521709339722,3.5767735179417413
4711.883,4.427432651808858,3.578102492711423
4711.903,4.437343596080213,3.579431453925219
4711.923,4.447258469542562,3.580757284262895
4711.943,4.4571767177466715,3.582081649451954
4711.963,4.467092977615511,3.5834073283725605
4711.983,4.477010340313405,3.584732128373349
4712.003,4.486930704789101,3.586054631080798
4712.023,4.496847103059955,3.5873790715553957
4712.043,4.50675872396605,3.588705525120135
4712.063,4.516669775313653,3.590033623840518
4712.083,4.526580842084805,3.591361641554318
4712.103,4.536491910606878,3.5926896441459304
4712.123,4.546402980839212,3.594017632221816
4712.143,4.556314052874996,3.5953456058197144
4712.163,4.566225135928303,3.5966735377250645
4712.183,4.576142152184012,3.597998395719253
4712.203,4.5860592574248935,3.599321596374001
4712.223,4.595977143760096,3.600645983964803
4712.243,4.605895064114591,3.601970071682175
4712.263,4.615813014554197,3.6032938923959796
4712.283,4.625730988365963,3.6046174589106292
4712.303,4.635648969261822,3.6059407997876294
4712.323,4.645562318235327,3.607266250733018
4712.343,4.655473645360415,3.608592359473344
4712.363,4.665384976104862,3.6099184380304536
4712.383,4.67529630953244,3.6112445021450768
4712.403,4.685207645668612,3.612570551977135
4712.423,4.695118984538297,3.6138965875402413
4712.443,4.705030326157466,3.615222608844478
4712.463,4.7149416705329426,3.616548615897793
4712.483,4.724853017662367,3.6178746087060842
4712.503,4.734764367534258,3.619200587273276
4712.523,4.744675720128164,3.620526551601409
4712.543,4.754587075414888,3.621852501690743
4712.563,4.76449843335681,3.623178437539869
4712.583,4.774409793908298,3.6245043591458344
4712.603,4.784321157016178,3.6258302665042743
4712.623,4.794232522620299,3.6271561596095587
4712.643,4.804143890654149,3.628482038454932
4712.663,4.814055261045546,3.629807903032676
4712.683,4.823966633717379,3.631133753334268
4712.703,4.833878008588398,3.632459589350544
4712.723,4.843789385574038,3.6337854110718597
4712.743,4.853700764587293,3.6351112184882655
4712.763,4.86361214553959,3.6364370115896674
4712.783,4.873523528341695,3.6377627903659873
4712.803,4.883434912904622,3.63908855480733
4712.823,4.893346299140528,3.6404143049041333
4712.843,4.903257686963602,3.6417400406473197
4712.863,4.913178515287641,3.643059039252208
4712.883,4.923094827881841,3.6443804446192427
4712.903,4.933008600407944,3.6457038152801116
4712.923,4.942920181453703,3.6470287369570142
4712.943,4.952831738465203,3.6483536658387727
4712.963,4.962743280145286,3.649678561431668
4712.983,4.972654804088036,3.651003413103343
4713.003,4.982573984544507,3.6523236521099354
4713.023,4.992495543567609,3.6536422352409064
4713.043,5.0024189426728665,3.654959891941886
4713.063,5.012340588674117,3.6562782517938612
4713.083,5.022262149082244,3.657595312557222
4713.103,5.032185499243683,3.6589115438935265
4713.123,5.042102445641216,3.6602287742308386
4713.143,5.052025420620572,3.6615419276521957
4713.163,5.061939520929508,3.662862550823006
4713.183,5.071851415828486,3.6641844069230762
4713.203,5.081763311748059,3.665506241603602
4713.223,5.091679911717986,3.666823817633643
4713.243,5.10160259214133,3.6681379467878092
4713.263,5.111524374786954,3.669452435509889
4713.283,5.121439192292162,3.670769865908843
4713.303,5.131351126594838,3.6720910156476223
4713.323,5.141263138363151,3.673411961987631
4713.343,5.151175152066982,3.6747328924910287
4713.363,5.16108716740621,3.6760538084740584
4713.383,5.171001456544942,3.6773738942241017
4713.403,5.180919097679753,3.6786896646117406
4713.423,5.1908379151477675,3.680007195371778
4713.443,5.2007567639599035,3.681324391298261
4713.463,5.210675648475592,3.6826413013933763
4713.483,5.220594567122393,3.683957942095181
4713.503,5.230513517777453,3.6852743181524654
4713.523,5.240432497256966,3.6865904337235
4713.543,5.2503514982146635,3.6879062978954757
4713.563,5.260270501383509,3.6892219511289968
4713.583,5.270183541003902,3.690540334698697
4713.603,5.280095889321529,3.69185878551739
4713.623,5.290008240652808,3.6931772157406195
4713.643,5.2999205946586985,3.694495631600161
4713.663,5.309832951368319,3.695814033167768
4713.683,5.319745310805168,3.697132420455793
4713.703,5.329657672983715,3.69845079347389
4713.723,5.339570037909269,3.6997691522296097
4713.743,5.349482405577959,3.701087496728476
4713.763,5.359394775976813,3.7024058269740654
4713.783,5.369307149083908,3.703724142968093
4713.803,5.37921952486863,3.7050424447105224
4713.823,5.389131903292003,3.706360732199678
4713.843,5.399044284307103,3.7076790054323716
4713.863,5.408956667859558,3.7089972644040334
4713.883,5.418869053888109,3.7103155091088587
4713.903,5.428781442325255,3.7116337395399492
4713.923,5.438693833097936,3.712951955689477
4713.943,5.448606226128293,3.714270157548839
4713.963,5.458518621334456,3.7155883451088245
4713.983,5.468431018631391,3.7169065183597736
4714.003,5.4783434179317645,3.7182246772917518
4714.023,5.488255819146817,3.7195428218947035
4714.043,5.498168222187291,3.7208609521586244
4714.063,5.508080626964316,3.722179068073712
4714.083,5.517993033390318,3.723497169630528
4714.103,5.52790544137991,3.724815256820132
4714.123,5.537827339728719,3.726126518887561
4714.143,5.547746772753433,3.72743861934753
4714.163,5.557659455183755,3.728755901655258
4714.183,5.567572047848174,3.7300731846189286
4714.203,5.577484620497226,3.731390461330448
4714.223,5.58739717778773,3.732707701792535
4714.243,5.597309716677108,3.734024897207286
4714.263,5.607232629652469,3.735335649811821
4714.283,5.617155252481017,3.7366471962376058
4714.303,5.6270778632724365,3.737957547296576
4714.323,5.6370023099317095,3.7392669844352837
4714.343,5.646924958065978,3.7405770939899843
4714.363,5.6568476842341955,3.741885772106892
4714.383,5.666766760792744,3.743194422327388
4714.403,5.676690779837921,3.744500058324724
4714.423,5.686603704991472,3.7458145391902926
4714.443,5.696516617262368,3.7471287396104755
4714.463,5.7064307867632795,3.748442584872241
4714.483,5.716348336185591,3.7497525520970725
4714.503,5.726272160603313,3.751058362901588
4714.523,5.736194467812815,3.752364839155394
4714.543,5.746109443082173,3.753675866909218
4714.563,5.756022454475518,3.754989234160955
4714.583,5.765935483394398,3.7563025272297295
4714.603,5.775848514016864,3.7576158052525774
4714.623,5.785761546278044,3.7589290687562977
4714.643,5.795678185317845,3.760240133455398
4714.663,5.805596868084116,3.7615489558455018
4714.683,5.815516708101789,3.7628587641666305
4714.703,5.8254365830309025,3.7641682421661296
4714.723,5.8353564931622595,3.765477439730879
4714.743,5.845276436946921,3.7667863688937144
4714.763,5.8551964121693025,3.7680950337716905
4714.783,5.865116415162941,3.7694034390601865
4714.803,5.875036437549405,3.7707115953460493
4714.823,5.884955836147593,3.7720198098004807
4714.843,5.894869182039322,3.7733308704808657
4714.863,5.904782546039515,3.774641662680908
4714.883,5.914695912816612,3.7759524380712604
4714.903,5.924609282262664,3.777263199123227
4714.923,5.934522654407343,3.778573945873275
4714.943,5.944436029272687,3.7798846783329916
4714.963,5.954349406871662,3.7811953965116154
4714.983,5.9642627872080665,3.782506100416311
4715.003,5.974176170276519,3.783816790052232
4715.023,5.984089556062552,3.7851274654226112
4715.043,5.994002944542791,3.7864381265288496
4715.063,6.003916335685206,3.7877487733706223
4715.083,6.013829729449474,3.7890594059459968
4715.103,6.023743125787395,3.7903700242515534
4715.123,6.033656524643413,3.791680628282524
4715.143,6.043569925955186,3.792991218032937
4715.163,6.053483329654234,3.794301793495761
4715.183,6.0633967356666405,3.795612354663063
4715.203,6.073310143913819,3.7969229015261687
4715.223,6.083223554313311,3.7982334340758257
4715.243,6.093136966779632,3.799543952302365
4715.263,6.103050381225137,3.80085445619587
4715.283,6.112963797560922,3.8021649457463345
4715.303,6.122877215697719,3.803475420943829
4715.323,6.132790635546803,3.804785881778654
4715.343,6.142704057020895,3.806096328241491
4715.363,6.152617958369159,3.807406510605918
4715.383,6.162540413885892,3.808710144969969
4715.403,6.172460930206996,3.8100146276567926
4715.423,6.182374593142713,3.8113242019964315
4715.443,6.192288190486523,3.812633819752468
4715.463,6.202201771523472,3.8139434288164096
4715.483,6.2121153382063605,3.8152530020159596
4715.503,6.22202888665416,3.8165625302160207
4715.523,6.231952687543288,3.8178656171628
4715.543,6.241879028077456,3.819168109256149
4715.563,6.251801181202057,3.8204721516421403
4715.583,6.261725382384969,3.8217736634824173
4715.603,6.271651787690225,3.8230748262153007
4715.623,6.281572450825031,3.8243773457690606
4715.643,6.291495311618723,3.8256775093646755
4715.663,6.30141812752607,3.8269761322062004
4715.683,6.311332052072629,3.8282828322217783
4715.703,6.321245976853213,3.8295893715886105
4715.723,6.331161942920595,3.8308939149099963
4715.743,6.341085170899512,3.8321952218064905
4715.763,6.351005509563699,3.8334950863115385
4715.783,6.36092937675393,3.8347936197814656
4715.803,6.370843868103318,3.836098061186931
4715.823,6.380757899621291,3.837403736767323
4715.843,6.390671940578649,3.838709369107461
4715.863,6.400585983165437,3.840014986654393
4715.883,6.41050002739578,3.8413205896785216
4715.903,6.420419675193265,3.842622756968017
4715.923,6.430338730904033,3.8439244831563655
4715.943,6.440259591013629,3.8452265545026343
4715.963,6.450180486939343,3.8465283084889976
4715.983,6.460101417610681,3.8478297858152755
4716.003,6.47002238142728,3.849130995513943
4716.023,6.47994337608824,3.8504319412664736
4716.043,6.489864397383089,3.8517326284160007
4716.063,6.499785435550543,3.853033069811153
4716.083,6.509704505399942,3.8543343274272748
4716.103,6.519618870570451,3.855637576498154
4716.123,6.529533245143599,3.8569407044243746
4716.143,6.539447622400299,3.85824381702886
4716.163,6.5493620023212715,3.8595469152989503
4716.183,6.559276384935515,3.860849999256865
4716.203,6.569190770263595,3.862153068913628
4716.223,6.579105158316973,3.8634561242780734
4716.243,6.5890195490979275,3.8647591653569746
4716.263,6.598345684406032,3.8656873731492922
4716.283,6.606259313677231,3.866152639310622
4716.303,6.612525294155375,3.8663021146005767
4716.323,6.617070981800119,3.866250213874157
4716.343,6.620688485414501,3.866492786605373
4716.363,6.623709952165183,3.8673121407466446
4716.383,6.6259521244152255,3.868625235707518
4716.403,6.627384098779567,3.870394003631878
4716.423,6.628117734289072,3.8725976382066434
4716.443,6.628090612414321,3.875093583442573
4716.463,6.627543257764743,3.877733451854142
4716.483,6.626945715730372,3.8803659819301073
4716.503,6.626300893323682,3.8829873192060105
4716.523,6.625608999274763,3.8855966176297985
4716.543,6.624870258552657,3.888193032447988
4716.563,6.624084911130536,3.8907757231763322
4716.583,6.623253211938791,3.8933438538663494
4716.603,6.622375430808654,3.8958965933560066
4716.623,6.621451852400381,3.898433115524996
4716.643,6.620482776119831,3.900952599552206
4716.663,6.619468516026041,3.903454230173656
4716.683,6.618409400731431,3.905937197939858
4716.703,6.617305773295786,3.9084006994718288
4716.723,6.616157991114747,3.9108439377153066
4716.743,6.614966425803375,3.913266122192825
4716.763,6.613731463075111,3.915666469253408
4716.783,6.6124535026165026,3.9180442023197117
4716.803,6.611132957957882,3.9203985521324736
4716.823,6.609770256340226,3.9227287569921967
4716.843,6.60836583857835,3.9250340629979816
4716.863,6.606920158920612,3.927313724283468
4716.883,6.60543368490525,3.9295670032498835
4716.903,6.603906897213477,3.93179317079617
4716.923,6.602340289519446,3.9339915065462376
4716.943,6.600734368337154,3.9361612990733845
4716.963,6.599089652864357,3.9383018461219255
4716.983,6.597406674823512,3.940412454826135
4717.003,6.5956859782997865,3.9424924419265714
4717.023,6.593928119576076,3.9445411339839054
4717.043,6.59213366696499,3.946557867590353
4717.063,6.590303200637708,3.94854198957882
4717.083,6.588437312449616,3.950492857229876
4717.103,6.586536605762518,3.952409838476645
4717.123,6.584601695263303,3.9542923121076967
4717.143,6.582633206778841,3.9561396679680008
4717.163,6.580631777086885,3.957951307157957
4717.183,6.578598053722814,3.959726642230506
4717.203,6.576532694781924,3.9614650973862724
4717.223,6.574436368717127,3.963166108666652
4717.243,6.572309754131839,3.9648291241447087
4717.263,6.570153539567901,3.966453604113707
4717.283,6.567968423288432,3.968039021273066
4717.303,6.565755113055516,3.969584860911477
4717.323,6.563514325902719,3.971090621086896
4717.343,6.561246787902454,3.972555812803106
4717.363,6.558953233928288,3.973979960182508
4717.383,6.5566344074123375,3.9753626006348117
4717.403,6.554291060097937,3.97670328502129
4717.423,6.551923951787845,3.978001577814253
4717.443,6.54953385008826,3.979257057251457
4717.463,6.547121530148975,3.9804693154851494
4717.483,6.544687774400027,3.9816379587254946
4717.503,6.542233372285188,3.9827626073781914
4717.523,6.539759119992683,3.9838428961760894
4717.543,6.537265820183509,3.9848784743046832
4717.563,6.534754281717687,3.9858690055214026
4717.583,6.532225319378805,3.9868141682686526
4717.603,6.5296797535971605,3.9877136557805892
4717.623,6.5271184101717745,3.988567176183668
4717.643,6.524542119991539,3.989374452591029
4717.663,6.521951718755694,3.9901352231907716
4717.683,6.519348046693842,3.9908492413282586
4717.703,6.516731948285612,3.991516275582515
4717.723,6.514104271980103,3.9921361098368964
4717.743,6.511465869915183,3.992708543344093
4717.763,6.508817597636714,3.99323339078563
4717.783,6.506160313817726,3.993710482325953
4717.803,6.50349487997757,3.994139663661235
4717.823,6.500822160201049,3.994520796062957
4717.843,6.498143020857548,3.9948537564163966
4717.863,6.495458330320114,3.995138437254051
4717.883,6.492930039633827,3.9972502824659375
4717.903,6.490704699773049,4.002635457953806
4717.923,6.489247434569688,4.009670648558052
4717.943,6.488654199920365,4.018089241479676
4717.963,6.488890092192704,4.0278041093534425
4717.983,6.489306451490491,4.037796472052289
4718.003,6.489551743849283,4.048085475995469
4718.023,6.489819727054536,4.058651574077721
4718.043,6.490197282608701,4.068676048297877
4718.063,6.4905891751503075,4.078690255804317
4718.083,6.490985989164195,4.08869330357314
4718.103,6.49138872959229,4.098691252397108
4718.123,6.491791200921034,4.108689221707246
4718.143,6.492193407670609,4.118687203024308
4718.163,6.4925978098222235,4.12868066372806
4718.183,6.493003413412465,4.138672107330552
4718.203,6.4934089966645265,4.148663550232424
4718.223,6.493814563081793,4.158654989252143
4718.243,6.494220113331701,4.1686464292429894
4718.263,6.494625646906858,4.178637870236029
4718.283,6.495031163799944,4.18862931229484
4718.303,6.495436664011711,4.198620755479981
4718.323,6.495842147546725,4.208612199847919
4718.343,6.496247614413291,4.21860364545043
4718.363,6.4966530646233736,4.228595092334049
4718.383,6.497058498192484,4.238586540539587
4718.403,6.497463915139512,4.248577990101689
4718.423,6.497869315486558,4.258569441048463
4718.443,6.498274699258705,4.268560893401189
4718.463,6.498680066483766,4.278552347174068
4718.483,6.499085417192019,4.288543802374067
4718.503,6.499490751415896,4.298535259000837
4718.523,6.49989606918967,4.308526717046686
4718.543,6.500301370549101,4.318518176496645
4718.563,6.500706655531095,4.328509637328603
4718.583,6.501111924173328,4.33850109951351
4718.603,6.501517176513866,4.348492563015652
4718.623,6.5019224125908,4.358484027792989
4718.643,6.502327632441859,4.368475493797576
4718.663,6.5027289521438885,4.378470996028447
4718.683,6.503129591105978,4.3884694006262395
4718.703,6.503530262832923,4.3984678474560415
4718.723,6.5039306947258835,4.40846630806579
4718.743,6.504330848766902,4.418464780289202
4718.763,6.504730718594539,4.42846326373717
4718.783,6.505130303059263,4.438461758238102
4718.803,6.505529602296289,4.4484602634549715
4718.823,6.5059286163118735,4.4584587791033075
4718.843,6.506327345429908,4.468457304890784
4718.863,6.506725789429417,4.47845584080659
4718.883,6.507123949236582,4.488454386318842
4718.903,6.507521825718022,4.498452940744887
4718.923,6.507919419141935,4.508451503608692
4718.943,6.508316730771811,4.518450074328159
4718.963,6.50871558736819,4.528445932821662
4718.983,6.509116495298195,4.538437574812652
4719.003,6.50951730581315,4.548429216941157
4719.023,6.509918099601362,4.558420859128712
4719.043,6.51031887738301,4.568412501342523
4719.063,6.510719639141547,4.578404143553799
4719.083,6.511120384850679,4.588395785740932
4719.103,6.511521144165034,4.598387434040946
4719.123,6.511920128147843,4.608381714467356
4719.143,6.512314239429963,4.618380751331035
4719.163,6.5127095576812595,4.62837795376711
4719.183,6.513104493844568,4.638374597036836
4719.203,6.513499208677304,4.648369521967589
4719.223,6.51389407912238,4.65836559463784
4719.243,6.514289213928203,4.668363408013019
4719.263,6.514683368863751,4.6783590880228285
4719.283,6.515076346427234,4.688358375523454
4719.303,6.515471307214892,4.698352074073941
4719.323,6.515863859535263,4.708351385914144
4719.343,6.516258066877316,4.71834660982948
4719.363,6.516652710665964,4.72834487703053
4719.383,6.517047245235382,4.738343174417641
4719.403,6.517441528268022,4.748341482415947
4719.423,6.517838415958849,4.75833462663004
4719.443,6.5182361137262745,4.76832638259738
4719.463,6.518633795991936,4.7783181386411435
4719.483,6.519031461589115,4.7883098955425085
4719.503,6.519429110501618,4.798301653377408
4719.523,6.5198267427231755,4.808293412212292
4719.543,6.520224358251295,4.818285172110633
4719.563,6.520621957087284,4.828276933132341
4719.583,6.521019539236237,4.838268695333132
4719.603,6.521417104706979,4.848260458763938
4719.623,6.521814653511993,4.8582522234703704
4719.643,6.522212185667278,4.868243989492249
4719.663,6.5226097011922075,4.878235756863153
4719.683,6.523007200109335,4.888227525610089
4719.703,6.523404682444165,4.898219295753183
4719.723,6.523802148224899,4.9082110673054595
4719.743,6.524199597482157,4.918202840272697
4719.763,6.524597030248678,4.928194614653343
4719.783,6.52499444655899,4.938186390438517
4719.803,6.525391846449061,4.94817816761208
4719.823,6.525789229955948,4.958169946150782
4719.843,6.5261865971174275,4.968161726024476
4719.863,6.526583947971614,4.978153507196399
4719.883,6.526981282556579,4.9881452896235405
4719.903,6.527378600909984,4.998137073257045
4719.923,6.527772067483807,5.008132895618869
4719.943,6.528164822120306,5.0181316247116134
4719.963,6.528557583339913,5.02813039104068
4719.983,6.528950098226711,5.038129170735623
4720.003,6.529342332361259,5.048127961796942
4720.023,6.529734280766797,5.058126763845466
4720.043,6.5301259430681275,5.068125576694599
4720.063,6.5305173197451625,5.078124399992807
4720.083,6.530908411021022,5.088123233459706
4720.103,6.5312992170741495,5.0981220768653595
4720.123,6.531689738079186,5.1081209301286234
4720.143,6.532079974932807,5.118119792694686
4720.163,6.532469928544005,5.128118663860604
4720.183,6.532859599013246,5.138117543251347
4720.203,6.533248988044021,5.148116430126792
4720.223,6.533640642653358,5.158111204025884
4720.243,6.534033643895804,5.1681031580443255
4720.263,6.534426603904181,5.178095112103741
4720.283,6.534819547687568,5.188087066205112
4720.303,6.535212475455723,5.1980790203151575
4720.323,6.535605387186771,5.208070974406241
4720.343,6.535998282853866,5.218062928457968
4720.363,6.536391211211455,5.228054894292004
4720.383,6.536780521864548,5.2380517991776285
4720.403,6.537167448954358,5.248049293098369
4720.423,6.537555008013168,5.2580459531315284
4720.443,6.5379426189975405,5.268043681261906
4720.463,6.538328538166127,5.278038660039494
4720.483,6.538715593334223,5.288036856550083
4720.503,6.539101948604983,5.298036631995545
4720.523,6.539488711497778,5.308031508812076
4720.543,6.539875106104821,5.3180282527373945
4720.563,6.540260837558223,5.32802511024017
4720.583,6.540646815315507,5.338021885006767
4720.603,6.54103256875576,5.348019087561148
4720.623,6.541419363076326,5.358017680652349
4720.643,6.5418059929212315,5.368016293009135
4720.663,6.542192363836831,5.378014915486763
4720.683,6.542582117218483,5.388007057890741
4720.703,6.542971962015833,5.397999123162589
4720.723,6.5433617905541785,5.407991188940605
4720.743,6.543751602407206,5.417983255579326
4720.763,6.544141397563369,5.427975323149949
4720.783,6.544531176016909,5.437967391718434
4720.803,6.544920937765851,5.447959461347705
4720.823,6.545310682812026,5.457951532097024
4720.843,6.545700411161052,5.46794360402135
4720.863,6.546090122822273,5.477935677170774
4720.883,6.546479817808681,5.487927751589998
4720.903,6.546869496136775,5.497919827317833
4720.923,6.547259157826403,5.5079119043868205
4720.943,6.547648802900567,5.517903982822857
4720.963,6.5480384313851845,5.527896062644927
4720.983,6.54842804330884,5.537888143864884
4721.003,6.548817638702502,5.547880226487328
4721.023,6.5492072175992,5.557872310509513
4721.043,6.54959678003371,5.567864395921383
4721.063,6.549986326042199,5.577856482705642
4721.083,6.550375855661872,5.587848570837911
4721.103,6.550765368930593,5.597840660286965
4721.123,6.551154865886513,5.607832751015018
4721.143,6.551544346567682,5.617824842978095
4721.163,6.551933811011679,5.627816936126459
4721.183,6.552318466823934,5.637814448793051
4721.203,6.552703419650348,5.647813502991881
4721.223,6.5530882793785,5.657812582875937
4721.243,6.55347287972769,5.667811675191893
4721.263,6.553857197257561,5.677810778541985
4721.283,6.554241228626575,5.687809892634687
4721.303,6.554624973772356,5.69780901726498
4721.323,6.555008433124339,5.707808152073807
4721.343,6.555391606994865,5.717807296775178
4721.363,6.555774495305941,5.727806451237858
4721.383,6.556157098565512,5.737805615251179
4721.403,6.55653941764887,5.747804788245485
4721.423,6.556921453361631,5.757803969511162
4721.443,6.557303205846529,5.767803158754616
4721.463,6.5576846770280355,5.777802355043566
4721.483,6.558068830439236,5.787796743058021
4721.503,6.558453938189369,5.797789004155534
4721.523,6.558839014197028,5.807781265269459
4721.543,6.559224074053921,5.81777352640749
4721.563,6.559609117882742,5.827765787537133
4721.583,6.559994145660264,5.837758048631915
4721.603,6.560379157359126,5.8477503096726435
4721.623,6.560764079936364,5.857743170044556
4721.643,6.561143962326178,5.867740370695755
4721.663,6.561523831979954,5.877737604597326
4721.683,6.561903113053437,5.887736671722953
4721.703,6.562282945661508,5.89773444728588
4721.723,6.562660323514352,5.90773140860294
4721.743,6.563039491011558,5.91772863885644
4721.763,6.5634192395695905,5.927726144880829
4721.783,6.56379654999447,5.937722240958048
4721.803,6.564174982737325,5.947718058453835
4721.823,6.564552769762795,5.957716452072429
4721.843,6.564930936380225,5.967712351136428
4721.863,6.565308848238126,5.977712430264031
4721.883,6.565687751014935,5.987711326212125
4721.903,6.566066437894357,5.997710239176918
4721.923,6.566446080930655,6.007707237968028
4721.943,6.566828060957156,6.017699621459411
4721.963,6.56721000520535,6.027691995492623
4721.983,6.567591945326833,6.037684370830518
4722.003,6.567973868756491,6.047676742297194
4722.023,6.5683557759820985,6.057669114731442
4722.043,6.56873766649779,6.067661488161617
4722.063,6.5691195402977876,6.077653862649624
4722.083,6.569501397384405,6.087646238254056
4722.103,6.5698832377637855,6.0976386150291155
4722.123,6.570265061445795,6.107630993024044
4722.143,6.570646868443936,6.11762337228261
4722.163,6.571028658775202,6.1276157528426385
4722.183,6.571410432459915,6.137608134735603
4722.203,6.571792189521516,6.1476005179863025
4722.223,6.5721739299863415,6.157592902612575
4722.243,6.57255565388335,6.167585288625112
4722.263,6.572937361243839,6.177577676027322
4722.283,6.573319052101137,6.1875700648152865
4722.303,6.573700726490258,6.197562454977775
4722.323,6.574082384447562,6.207554846496339
4722.343,6.57446402601039,6.217547239345487
4722.363,6.574845651216689,6.227539633492921
4722.383,6.575227260104636,6.237532028899846
4722.403,6.575608852712255,6.247524425521343
4722.423,6.575988548737016,6.257518932735917
4722.443,6.576365699119676,6.267516723642748
4722.463,6.57674279150983,6.277516089178645
4722.483,6.577119703724385,6.287515475521293
4722.503,6.577496342870441,6.297514874670209
4722.523,6.5778726962449126,6.3075142851588755
4722.543,6.5782487624411266,6.317513706476508
4722.563,6.578624541897522,6.327513138224009
4722.583,6.5790000351097975,6.337512579969142
4722.603,6.579375242514317,6.347512031377346
4722.623,6.579750163963638,6.357511492380374
4722.643,6.580124800168445,6.3675109626188995
4722.663,6.580499152004636,6.37751044147995
4722.683,6.5808732201376126,6.387509928298666
4722.703,6.5812470049581675,6.397509422770653
4722.723,6.581620508343812,6.407508923789389
4722.743,6.581997657447501,6.417502238005924
4722.763,6.582374838946385,6.427494801233023
4722.783,6.582751996655937,6.437487364469247
4722.803,6.5831291382749,6.44747992771178
4722.823,6.5835062638526995,6.457472490928847
4722.843,6.583883373364885,6.467465054095147
4722.863,6.584260466783584,6.477457617192695
4722.883,6.584637357204916,6.487451342715167
4722.903,6.585009549232553,6.4974481869389065
4722.923,6.585380608208922,6.507446561815304
4722.943,6.585752244546185,6.5174452408306065
4722.963,6.586123224180007,6.5274456105112435
4722.983,6.586494144135365,6.537440679002493
4723.003,6.586864570025644,6.547439031126942
4723.023,6.587236178735621,6.557435839455905
4723.043,6.587606208948657,6.567432244351632
4723.063,6.587977337789776,6.57742839916608
4723.083,6.588346565336367,6.587427069709236
4723.103,6.588717411675298,6.597423307392016
4723.123,6.589087366743069,6.607423685166792
4723.143,6.589458301258437,6.6174228926993806
4723.163,6.589829025612525,6.627422114468802
4723.183,6.590200475495309,6.637419438694808
4723.203,6.590574516228721,6.647412114697772
4723.223,6.590948552957809,6.6574047844680635
4723.243,6.591322573073233,6.667397454957015
4723.263,6.5916965764763615,6.677390126306109
4723.283,6.592070563158324,6.687382798583618
4723.303,6.592444533114377,6.697375471854532
4723.323,6.5928184863435835,6.707368146180615
4723.343,6.59319242284882,6.71736082161975
4723.363,6.593566342636753,6.727353498225348
4723.383,6.593940245717775,6.737346176045765
4723.403,6.594314132105894,6.747338855123807
4723.423,6.594688001818597,6.757331535496273
4723.443,6.595061854876674,6.767324217193549
4723.463,6.5954356913040115,6.7773169002393026
4723.483,6.595809511127353,6.787309584650213
4723.503,6.596183314376028,6.797302270435781
4723.523,6.596557101081664,6.807294957598218
4723.543,6.596930871277871,6.817287646132409
4723.563,6.5973046249999,6.8272803360259395
4723.583,6.597678362284294,6.837273027259207
4723.603,6.598052083168528,6.8472657198056
4723.623,6.598425787690617,6.857258413631748
4723.643,6.598799475888763,6.867251108697841
4723.663,6.599173147800947,6.8772438049580185
4723.683,6.59954495462396,6.887238514807747
4723.703,6.5999142814849066,6.897236709310157
4723.723,6.600283420672202,6.907236377495087
4723.743,6.600652383124061,6.917236065250584
4723.763,6.601021075814104,6.927235765421282
4723.783,6.601389484649232,6.937235476635017
4723.803,6.601757607345895,6.947235198407155
4723.823,6.602125443932762,6.957234930322931
4723.843,6.6024929945160045,6.967234671971129
4723.863,6.6028602594671915,6.9772344230361965
4723.883,6.603227238432091,6.987234183470353
4723.903,6.60359393229931,6.997233952849879
4723.923,6.603960341936344,7.007233730541369
4723.943,6.6043264677574625,7.0172335159415855
4723.963,6.604692310575279,7.027233308688031
4723.983,6.605058218840284,7.037232457496662
4724.003,6.605427789656109,7.04722531617617
4724.023,6.605797096671958,7.057218173427788
4724.043,6.606166385254836,7.0672110306895455
4724.063,6.6065356577835495,7.077203887939739
4724.083,6.606904914257746,7.087196745147366
4724.103,6.607274154651978,7.097189602288316
4724.123,6.607643378937878,7.107182459345836
4724.143,6.608011636093436,7.117176055894254
4724.163,6.60837604041095,7.127174456882005
4724.183,6.608739600461796,7.137173482873189
4724.203,6.609101979432897,7.147173755558142
4724.223,6.6094662829716855,7.157171794422913
4724.243,6.6098286080768185,7.1671680339730175
4724.263,6.610191542469351,7.177165924067745
4724.283,6.610554728172928,7.187162343832761
4724.303,6.61091662151836,7.197160580287352
4724.323,6.61127955249506,7.20715749727597
4724.343,6.611641132460465,7.217155997927903
4724.363,6.612003692546534,7.227154187010885
4724.383,6.61236663982695,7.237153639796861
4724.403,6.612729665974948,7.24715314603688
4724.423,6.613092461709131,7.257152664648677
4724.443,6.613456728724943,7.2671489742380295
4724.463,6.613822904230442,7.2771419378815905
4724.483,6.614189068217513,7.287134899427753
4724.503,6.614555215521321,7.297127861734922
4724.523,6.614921346100078,7.307120824901096
4724.543,6.6152874599456695,7.3171137889937174
4724.563,6.615653557053856,7.327106754077283
4724.583,6.616019637424229,7.337099720212948
4724.603,6.616385701060188,7.347092687457904
4724.623,6.616751747968933,7.357085655864761
4724.643,6.617117778161374,7.367078625480998
4724.663,6.61748379165203,7.377071596348462
4724.683,6.617849788458877,7.38706456850293
4724.703,6.6182157686031715,7.397057541973712
4724.723,6.618581732109241,7.407050516783353
4724.743,6.618947679004227,7.417043492947373
4724.763,6.61931360931783,7.427036470474099
4724.783,6.6196795230820005,7.437029449364559
4724.803,6.620045420330626,7.447022429612451
4724.823,6.620411301099187,7.457015411204192
4724.843,6.6207771654244025,7.467008394119038
4724.863,6.621143013343869,7.477001378329273
4724.883,6.621508844895672,7.4869943638004735
4724.903,6.621874660118014,7.496987350491838
4724.923,6.622240459048834,7.506980338356577
4724.943,6.622603999321965,7.516975148191954
4724.963,6.622964937020205,7.526975218067582
4724.983,6.623326181526369,7.536975184373563
4725.003,6.623687214415681,7.546975167273668
4725.023,6.624047972194974,7.556975161956983
4725.043,6.624408445081766,7.566975167342569
4725.063,6.624768631522534,7.5769751830031975
4725.083,6.625128531712116,7.586975208503744
4725.103,6.625488145706769,7.59697524347014
4725.123,6.625847473877986,7.606975287603951
4725.143,6.626206515928242,7.616975340865598
4725.163,6.626565272824161,7.626975402757674
4725.183,6.626923745440031,7.636975472620602
4725.203,6.627281934013357,7.646975549947196
4725.223,6.627639839724167,7.656975634243237
4725.243,6.627998288964605,7.666974380595107
4725.263,6.628359872083905,7.676967527439961
4725.283,6.628721275148404,7.686960673747333
4725.303,6.629082660676251,7.6969538200502
4725.323,6.629444030144984,7.7069469663238594
4725.343,6.629805383545329,7.716940112538379
4725.363,6.630166720851225,7.726933258670837
4725.383,6.630528042033821,7.736926404705684
4725.403,6.6308873992040365,7.746922200728136
4725.423,6.6312428925577915,7.756922644808366
4725.443,6.631597927248328,7.7669214794155295
4725.463,6.631953826531926,7.776919531597847
4725.483,6.632310074584772,7.786916077514463
4725.503,6.632664318469648,7.7969134807605345
4725.523,6.633019414585804,7.806912936563114
4725.543,6.633375086396645,7.816908723936164
4725.563,6.633728034246233,7.826910652745444
4725.583,6.634084063675331,7.836904700521155
4725.603,6.634436611427506,7.846906638421342
4725.623,6.634791393794623,7.856903446415064
4725.643,6.6351465433572425,7.866903226207274
4725.663,6.635501599109726,7.876903037371615
4725.683,6.635856409845478,7.886902856573802
4725.703,6.6362140163227075,7.896897501724969
4725.723,6.636572323423988,7.906890762442661
4725.743,6.636930561465627,7.91688401393504
4725.763,6.637288790732225,7.926877262429464
4725.783,6.637647014173203,7.936870512425202
4725.803,6.638005220962773,7.946863763353304
4725.823,6.638363411004276,7.9568570152697
4725.843,6.63855257621382,7.966264006407363
4725.863,6.638591052301432,7.974299102650115
4725.883,6.638607980026064,7.980609954094916
4725.903,6.63859815323887,7.985240138034521
4725.923,6.638226792913721,7.989096645000594
4725.943,6.637414165576384,7.992409402823449
4725.963,6.636128676778184,7.99515891463024
4725.983,6.634424702334279,7.997310484483429
4726.003,6.632309211661547,7.998845818710664
4726.023,6.629908327596795,7.999494184337472
4726.043,6.627200123601155,7.999548363791912
4726.063,6.6244262344050755,7.999567192086834
4726.083,6.621477173220529,7.999774226343816
4726.103,6.618569084819754,7.999897970330494
4726.123,6.615676119435569,7.999948828533596
4726.143,6.612754475681646,7.9999062334420135
4726.163,6.6098107229669,7.999854359319473
4726.183,6.606973999944056,7.9996462741582075
4726.203,6.604163136727144,7.999351361319503
4726.223,6.601328008866193,7.999049836033774
4726.243,6.598573880517049,7.998591075105748
4726.263,6.5958141291102566,7.998139835158584
4726.283,6.592948832678674,7.997739350846493
4726.303,6.589986939539432,7.997360885364069
4726.323,6.587112112961352,7.996852110585492
4726.343,6.584278363496565,7.996258276132041
4726.363,6.581349808857093,7.995694476816251
4726.383,6.578479783418301,7.995049217697984
4726.403,6.575558599789215,7.994389569937724
4726.423,6.572685083832353,7.993652955909617
4726.443,6.569946801200286,7.9927880692573385
4726.463,6.5671198444958,7.991939171593495
4726.483,6.564423537542708,7.9909432521146915
4726.503,6.561732403262468,7.989921851536966
4726.523,6.559098731187238,7.988808645739869
4726.543,6.556465190223712,7.98767624609232
4726.563,6.554014290914481,7.986412805884407
4726.583,6.551594253690904,7.985095647167321
4726.603,6.548990351339764,7.983811902649087
4726.623,6.546562585493063,7.982416173843211
4726.643,6.544016575241783,7.981058419017293
4726.663,6.541480966166118,7.979634938544606
4726.683,6.538979524688886,7.978175996104211
4726.703,6.536668132705344,7.976574390569091
4726.723,6.534586200982652,7.9748563364658205
4726.743,6.532535374206451,7.973100971287161
4726.763,6.530516469116749,7.971308981720313
4726.783,6.528530139765127,7.969480948377232
4726.803,6.5265770284561775,7.967617462428732
4726.823,6.524657766826897,7.965719126463503
4726.843,6.522772975663269,7.963786554317134
4726.863,6.520923264708086,7.961820370889079
4726.883,6.51910923247059,7.959821211956429
4726.903,6.517331466037963,7.957789723984446
4726.923,6.5155905408886055,7.955726563933567
4726.943,6.5138870207071875,7.953632399062681
4726.963,6.512221457201518,7.9515079067284065
4726.983,6.510594389921253,7.949353774180149
4727.003,6.509006346078591,7.947170698350723
4727.023,6.507457840371092,7.944959385642348
4727.043,6.5059493748068,7.94272055170784
4727.063,6.504481438531923,7.9404549212269195
4727.083,6.503054507661349,7.938163227677536
4727.103,6.501669045112258,7.935846213102249
4727.123,6.500325500441205,7.933504627869641
4727.143,6.499024309684942,7.931139230430941
4727.163,6.497765895205381,7.928750787071958
4727.183,6.496550665538977,7.92634007166055
4727.203,6.4953790152508635,7.923907865389902
4727.223,6.494251324794057,7.921454956517866
4727.243,6.493167960373953,7.918982140102679
4727.263,6.490390561855315,7.917210206706368
4727.283,6.484585128403503,7.91671766261971
4727.303,6.477439285510155,7.91745625065755
4727.323,6.4692362421114575,7.9194367246386435
4727.343,6.460048292973302,7.92259962085102
4727.363,6.450650192534033,7.926018955514382
4727.383,6.440928700799459,7.929386106585869
4727.403,6.4311043754175445,7.93275356981859
4727.423,6.421687675085663,7.936164428208127
4727.443,6.41228733804924,7.9395742695782765
4727.463,6.402886991963937,7.942983905366556
4727.483,6.393486642542215,7.94639352796368
4727.503,6.384086289757102,7.94980313920341
4727.523,6.374685933589417,7.9532127390905325
4727.543,6.365281345892346,7.956622195504538
4727.563,6.3558708649634825,7.96002977620335
4727.583,6.346458924656808,7.963437192217817
4727.603,6.337048337686618,7.966844778961394
4727.623,6.327638364162316,7.970252479950025
4727.643,6.318228642985997,7.973660282601736
4727.663,6.308819053139124,7.977067496961013
4727.683,6.299406672825281,7.9804744303501325
4727.703,6.2899935367163735,7.9838816790103335
4727.723,6.280582709118088,7.9872881954581825
4727.743,6.271173300530792,7.990695106731004
4727.763,6.261767657245665,7.994101079773302
4727.783,6.252363827580047,7.997508118167574
4727.803,6.242962014123312,8.000915307057616
4727.823,6.233560850476269,8.004322690943486
4727.843,6.224159723309684,8.00773015089647
4727.863,6.21475859215491,8.01113760006448
4727.883,6.205357456574426,8.014545037700145
4727.903,6.19595631651304,8.017952463829143
4727.923,6.186555171923704,8.02135987848657
4727.943,6.177154022764421,8.024767281709837
4727.963,6.1677528689986705,8.028174673538427
4727.983,6.158351710595826,8.031582054013692
4728.003,6.148950547531501,8.034989423178626
4728.023,6.1395493797878355,8.038396781077596
4728.043,6.130148207353709,8.041804127756073
4728.063,6.121299986380267,8.044717001926868
4728.083,6.113735116778525,8.046713080089845
4728.103,6.107872087168733,8.048107234841035
4728.123,6.103724536564323,8.048935164319516
4728.143,6.100482339394152,8.049117017860318
4728.163,6.097706760659243,8.048628667446149
4728.183,6.095516950052008,8.047436717592557
4728.203,6.093741187058953,8.045597463252994
4728.223,6.0926290707696555,8.043163166186044
4728.243,6.091802451757244,8.040551292269388
4728.263,6.091108853945488,8.037942357665523
4728.283,6.09046228450046,8.035321244880892
4728.303,6.089862992524583,8.032688910934551
4728.323,6.089311173237771,8.030046210233785
4728.343,6.088807006081255,8.02739399967124
4728.363,6.086495126998182,8.025047080611273
4728.383,6.080946056653259,8.023271303137522
4728.403,6.073815698767625,8.022396554232403
4728.423,6.065377639350631,8.022496448598174
4728.443,6.055715578204938,8.023529189696294
4728.463,6.045791362348593,8.02476500414726
4728.483,6.035516513774688,8.02581184450846
4728.503,6.025177756794932,8.026829426519905
4728.523,6.015209300952335,8.028020200306914
4728.543,6.00526810294226,8.029231250650106
4728.563,5.995343131090839,8.0304513934498
4728.583,5.98541817245422,8.031671382217777
4728.603,5.975493212176297,8.032891354552888
4728.623,5.965568250112334,8.0341113120249
4728.643,5.955643286267352,8.035331254710789
4728.663,5.945718320648138,8.036551182670586
4728.683,5.93579335326128,8.037771095960519
4728.703,5.925868384113048,8.038990994632611
4728.723,5.9159434132093125,8.040210878734195
4728.743,5.906018440555452,8.041430748307478
4728.763,5.896091950129306,8.042649827767432
4728.783,5.88616338956709,8.043866386848416
4728.803,5.87623624965236,8.0450843266374
4728.823,5.866308201850683,8.04630176633237
4728.843,5.856377281857407,8.04751704580812
4728.863,5.84644665528588,8.048733584657219
4728.883,5.8365177075391035,8.049949355606794
4728.903,5.826587573623322,8.051165363318812
4728.923,5.8166598790900705,8.05237997699066
4728.943,5.806734735211851,8.053598547192546
4728.963,5.79680959971471,8.054817101195452
4728.983,5.78688445976103,8.05603567324484
4729.003,5.776956642447056,8.057251140491001
4729.023,5.767025906478328,8.0584647391803
4729.043,5.757094390898988,8.05967928979094
4729.063,5.747163001551891,8.060894301565629
4729.083,5.737231583461333,8.062109110293706
4729.103,5.727300136223255,8.063323680095868
4729.123,5.7173699828132145,8.064538525811736
4729.143,5.707441428770545,8.065750789704753
4729.163,5.697508645349851,8.066962808799358
4729.183,5.687580140604821,8.068177812339364
4729.203,5.677648375733246,8.069388095165834
4729.223,5.667722920366688,8.07060433978541
4729.243,5.657797498105368,8.071820556648088
4729.263,5.647872074443521,8.073036757919194
4729.283,5.63794664899646,8.074252943715615
4729.303,5.628021221746862,8.07546911399064
4729.323,5.618095792682006,8.076685268698995
4729.343,5.608170361789928,8.07790140779942
4729.363,5.598244929059436,8.079117531255143
4729.383,5.588319494480179,8.080333639034354
4729.403,5.578394058042703,8.081549731110544
4729.423,5.5684686197385,8.082765807462867
4729.443,5.55854317956004,8.083981868076384
4729.463,5.548617737500822,8.085197912942279
4729.483,5.5386922935553935,8.086413942057996
4729.503,5.528766847719368,8.087629955427305
4729.523,5.518841399989437,8.088845953060321
4729.543,5.508915950363371,8.090061934973441
4729.563,5.4989904988400085,8.091277901189219
4729.583,5.489065045419243,8.092493851736183
4729.603,5.479139590101996,8.0937097866486
4729.623,5.469210574773042,8.094922120701515
4729.643,5.4592811204880745,8.096133795571435
4729.663,5.449351927605752,8.097345084984598
4729.683,5.439421321698711,8.098555820507674
4729.703,5.4294920297391736,8.099766951142023
4729.723,5.419562675559117,8.10097813162133
4729.743,5.4096331679778356,8.102188613128364
4729.763,5.399702530241449,8.103398238911696
4729.783,5.3897733787002355,8.1046094565763
4729.803,5.37984408719617,8.105819116898122
4729.823,5.369913224182787,8.107029161313832
4729.843,5.3599865922006,8.108243041113132
4729.863,5.350060934462973,8.109457333398783
4729.883,5.34013527499657,8.110671606830953
4729.903,5.330209613770367,8.11188586542484
4729.923,5.320283950789611,8.113100109277994
4729.943,5.310358286060175,8.114314338447128
4729.963,5.300432619587653,8.11552855298427
4729.983,5.290506951377256,8.116742752936634
4730.003,5.28058128143372,8.117956938346206
4730.023,5.270655609761246,8.119171109249363
4730.043,5.260727874587435,8.120383851563316
4730.063,5.250798957506868,8.121595834326838
4730.083,5.240872120584904,8.122807528345572
4730.103,5.2309395193995805,8.124017406004683
4730.123,5.221008138060409,8.125227880325255
4730.143,5.211078694237535,8.12643891753174
4730.163,5.201146828588837,8.12764591967668
4730.183,5.191220550888548,8.128858933868328
4730.203,5.181294741164424,8.130071998100338
4730.223,5.1713689313826245,8.13128504735406
4730.243,5.161442573642428,8.132498119191235
4730.263,5.151512342261208,8.133706070664765
4730.283,5.141580585348431,8.134914235102602
4730.303,5.13164853778882,8.136123744849584
4730.323,5.1217164543019384,8.13733316732801
4730.343,5.11178434409252,8.138542370409533
4730.363,5.101852206250959,8.139751335964553
4730.383,5.091923670009479,8.140961855649971
4730.403,5.081995893682895,8.14217189851938
4730.423,5.072068670617054,8.14337980574628
4730.443,5.062137220304777,8.144585827947019
4730.463,5.052209267249883,8.145795710576621
4730.483,5.042283204893252,8.14700669220372
4730.503,5.032357141896614,8.148217661532644
4730.523,5.022431077113127,8.149428615481487
4730.543,5.012505010519764,8.15063955397616
4730.563,5.002578942104639,8.151850476966365
4730.583,4.9926528718565475,8.15306138440561
4730.603,4.982726799764931,8.154272276251609
4730.623,4.9728007258199485,8.155483152466742
4730.643,4.9628746500125445,8.156694013018503
4730.663,4.952948572334498,8.157904857879844
4730.683,4.943022492778486,8.159115687029491
4730.703,4.933096411338115,8.160326500452202
4730.723,4.923170328007965,8.161537298138951
4730.743,4.913244242783617,8.162748080087068
4730.763,4.903318155661673,8.163958846300263
4730.783,4.893392066639762,8.165169596788662
4730.803,4.883465975716545,8.166380331568703
4730.823,4.87353799235021,8.167589024742238
4730.843,4.863606869384411,8.168794888990911
4730.863,4.853677013116766,8.170001149958386
4730.883,4.843747060799293,8.171207458997722
4730.903,4.833816915764201,8.172413046513057
4730.923,4.823885590110368,8.173617825134265
4730.943,4.813955696407251,8.174824152289856
4730.963,4.804025536532224,8.176029039957784
4730.983,4.794095352928789,8.177234543367781
4731.003,4.784165461187689,8.17843967138409
4731.023,4.774234196164618,8.179644233147872
4731.043,4.764304322089708,8.180849169929337
4731.063,4.754374514478182,8.182054150984078
4731.083,4.744442137041488,8.183257530075325
4731.103,4.7345155561486125,8.18446645050905
4731.123,4.724589217227672,8.1856751620033
4731.143,4.714662876590112,8.186883855491931
4731.163,4.70473653420155,8.188092534151243
4731.183,4.6948101900672,8.189301198070309
4731.203,4.684883844192822,8.190509847305075
4731.223,4.674957496583885,8.191718481906808
4731.243,4.665031147245461,8.192927101921892
4731.263,4.655104796182147,8.194135707391407
4731.283,4.645178443397984,8.195344298350756
4731.303,4.635250018884374,8.196551464556665
4731.323,4.625320379603514,8.197757926611247
4731.343,4.615389430312988,8.198963393934449
4731.363,4.605459636220925,8.200168435880224
4731.383,4.595527701494524,8.201371559807255
4731.403,4.585599714224468,8.202578083824557
4731.423,4.575673258852756,8.203785864945832
4731.443,4.565746804504522,8.204993629808758
4731.463,4.555820348530686,8.206201380089077
4731.483,4.545892139355321,8.2074077267383
4731.503,4.535961353209128,8.208610979534466
4731.523,4.526028151409726,8.209813736040502
4731.543,4.516095452939402,8.211017958397173
4731.563,4.506162723103439,8.21222201760295
4731.583,4.496229963441697,8.213425845314276
4731.603,4.486297173907884,8.214629431958812
4731.623,4.476364354643153,8.21583277597176
4731.643,4.466435740447879,8.217037771548156
4731.663,4.4565066023555,8.218240920689304
4731.683,4.4465795435073865,8.219442661132339
4731.703,4.436645378287262,8.220643693011978
4731.723,4.426718604173237,8.22184908836616
4731.743,4.416791862227807,8.223054482469227
4731.763,4.406865118722211,8.224259861567022
4731.783,4.396938373426167,8.22546522524878
4731.803,4.387011626325421,8.226670573459606
4731.823,4.3770848774083255,8.227875906149807
4731.843,4.367158126663838,8.22908122327349
4731.863,4.3572313740815725,8.230286524789038
4731.883,4.347304619651869,8.231491810659595
4731.903,4.337377863365854,8.232697080853471
4731.923,4.327451105215504,8.233902335344503
4731.943,4.317524345193687,8.235107574112346
4731.963,4.307597583294204,8.23631279714274
4731.983,4.297670819511838,8.237518004427645
4732.003,4.287744053842363,8.238723195965406
4732.023,4.277817286282571,8.239928371760763
4732.043,4.267890516830284,8.24113353182486
4732.063,4.257963745484347,8.242338676175134
4732.083,4.248033658215362,8.243540723526209
4732.103,4.238103125443926,8.24474172174477
4732.123,4.228172364484085,8.245941991055942
4732.143,4.218240404203225,8.247141431556406
4732.163,4.20830986451668,8.248342424453357
4732.183,4.198379047890949,8.249541978521476
4732.203,4.188448188418954,8.250742136013594
4732.223,4.178517610141647,8.251941929968622
4732.243,4.168585632105307,8.253141168082204
4732.263,4.158654989484715,8.254340795546407
4732.283,4.148724327852507,8.255540469328999
4732.303,4.138793581609041,8.256739469577452
4732.323,4.128861898150957,8.257937547742552
4732.343,4.118930102085365,8.259137257362811
4732.363,4.109003084030801,8.260340512828439
4732.383,4.099076065718192,8.26154363068914
4732.403,4.089149045676294,8.262746732451703
4732.423,4.079222023891342,8.263949819404475
4732.443,4.06929500036891,8.265152891618058
4732.463,4.059367975114674,8.2663559491475
4732.483,4.0494409481339995,8.267558992043256
4732.503,4.03951391943184,8.268762020350831
4732.523,4.029586889012666,8.26996503411036
4732.543,4.019659853965668,8.271168059088813
4732.563,4.009730938616429,8.272369691549704
4732.583,3.9998008925359665,8.27357057133617
4732.603,3.9898692398863473,8.27477051320963
4732.623,3.979938777754373,8.275969755026193
4732.643,3.970004236458827,8.277168129274754
4732.663,3.960072053632346,8.278368028720708
4732.683,3.950142239340389,8.279565345632651
4732.703,3.9402150678100023,8.280767307577253
4732.723,3.9302879067518264,8.281969252012367
4732.743,3.920360744175873,8.283171181793904
4732.763,3.910432003052134,8.284371200167458
4732.783,3.9004979733920493,8.285567811707091
4732.803,3.890565139983225,8.286765064550973
4732.823,3.8806317366290948,8.287963482028479
4732.843,3.8706983006620814,8.289161704245437
4732.863,3.860764833238056,8.290359686163306
4732.883,3.8508313348482472,8.291557422423304
4732.903,3.840903311859397,8.29275764312943
4732.923,3.8309732890490396,8.293954902820246
4732.943,3.821046346080162,8.295151371097763
4732.963,3.811110971301222,8.29634684369961
4732.983,3.8011834797617863,8.297546663286973
4733.003,3.791256061699227,8.298746479212893
4733.023,3.781328642204529,8.299946279340414
4733.043,3.771401220927235,8.30114606402596
4733.063,3.761473797851731,8.302345833222363
4733.083,3.7515463729664402,8.303545586880604
4733.103,3.741618946260426,8.304745324955475
4733.123,3.7316915177234162,8.305945047406132
4733.143,3.721764087345878,8.307144754196564
4733.163,3.7118366551190736,8.308344445295974
4733.183,3.7019092210351197,8.309544120679156
4733.203,3.6919817850870316,8.310743780326778
4733.223,3.6820543472687657,8.311943424225593
4733.243,3.6721269075752554,8.313143052368641
4733.263,3.6621994660024337,8.314342664755326
4733.283,3.6522720225472494,8.315542261391464
4733.303,3.6423445772076715,8.316741842289257
4733.323,3.632417129982697,8.31794140746719
4733.343,3.6224862670047724,8.319137814595488
4733.363,3.6125548867880144,8.320332656937943
4733.383,3.6026222822910268,8.321526639636248
4733.403,3.5926910905744234,8.32272218191372
4733.423,3.5827596182951162,8.323916281253307
4733.443,3.57282809690875,8.325110983501762
4733.463,3.562896851552156,8.326305321297873
4733.483,3.5529642002869375,8.32749910315478
4733.503,3.543032875279501,8.328693280522584
4733.523,3.53310150774678,8.329887505899103
4733.543,3.523170021670148,8.33108104471784
4733.563,3.5132374697221267,8.332273667050607
4733.583,3.503306506264572,8.333467956965771
4733.603,3.4933740370421185,8.334661655441044
4733.623,3.483446345128759,8.335859289472111
4733.643,3.4735186519476313,8.337056826351292
4733.663,3.4635909570411174,8.338254347597378
4733.683,3.4536632604001283,8.339451854039103
4733.703,3.443735562030241,8.340649345742067
4733.723,3.4338078619370234,8.341846822760573
4733.743,3.42388016012572,8.34304428514427
4733.763,3.413952456601153,8.344241732937789
4733.783,3.404024751367653,8.345439166180336
4733.803,3.394097038250572,8.346636630115219
4733.823,3.3841666537553445,8.34783230053589
4733.843,3.3742370615962525,8.349027516863112
4733.863,3.36430356611829,8.350221197704558
4733.883,3.354372671282812,8.351415908550079
4733.903,3.344437938511378,8.352608431998538
4733.923,3.334504447460762,8.353801699732541
4733.943,3.3245746669929384,8.354994645241348
4733.963,3.3146468271121776,8.356191023749313
4733.983,3.3047189917407582,8.357387386098882
4734.003,3.294791151797682,8.358583766398525
4734.023,3.2848606366604733,8.359777025336694
4734.043,3.274927205296057,8.360968399737795
4734.063,3.2649929812620386,8.36216073053972
4734.083,3.255058882644234,8.363353525895285
4734.103,3.2451247556412355,8.36454611777381
4734.123,3.235190599918062,8.365738470034506
4734.143,3.225256415313666,8.366930578016609
4734.163,3.2153282920985995,8.368125257979436
4734.183,3.205397557889801,8.369317324585037
4734.203,3.195470027712512,8.370508057875496
4734.223,3.1855361412995205,8.371698952816129
4734.243,3.175606035058305,8.372889671847181
4734.263,3.1656779317269885,8.374083855685988
4734.283,3.1557498321208555,8.375278021361986
4734.303,3.1458217308209955,8.376472171515198
4734.323,3.135893627755584,8.377666306127812
4734.343,3.125965522911158,8.378860425153546
4734.363,3.1160374162755646,8.380054528549602
4734.383,3.1061093078374094,8.381248616277523
4734.403,3.0961811975861147,8.382442688303684
4734.423,3.086253085511969,8.383636744599633
4734.443,3.0763249716061836,8.384830785142494
4734.463,3.0663968558609302,8.386024809915229
4734.483,3.0564687382693827,8.387218818906856
4734.503,3.0465406188257407,8.388412812112612
4734.523,3.0366124975252538,8.389606789534072
4734.543,3.026684374364233,8.390800751179146
4734.563,3.0167562493400486,8.391994697062072
4734.583,3.0068281224511364,8.393188627203294
4734.603,2.9968999936969687,8.394382541629303
4734.623,2.986971863078044,8.395576440372421
4734.643,2.9770422645706347,8.396769298463047
4734.663,2.967110247732594,8.39795896561357
4734.683,2.9571780996413985,8.399148009321314
4734.703,2.94724477563068,8.400336240020229
4734.723,2.937312884997119,8.401526024115528
4734.743,2.9273807341313884,8.402714364291539
4734.763,2.917448565640731,8.403903326264393
4734.783,2.907516694298458,8.405091904535865
4734.803,2.8975834678838566,8.4062799126042
4734.823,2.8876516500398646,8.407468290863306
4734.843,2.8777199570465974,8.408656738116388
4734.863,2.8677869642091656,8.409845693252233
4734.883,2.8578586340236773,8.41103798228134
4734.903,2.8479303024379043,8.41223021533755
4734.923,2.8380019691285083,8.413422433152489
4734.943,2.828073634092668,8.414614636168336
4734.963,2.8181452973359784,8.415806824446376
4734.983,2.8082169588639125,8.416998998040121
4735.003,2.7982886186815956,8.418191156998406
4735.023,2.78836027679373,8.419383301364975
4735.043,2.7784319332045087,8.420575431178076
4735.063,2.768503039367411,8.421767511038086
4735.083,2.7585721892892283,8.422957173355918
4735.103,2.7486412147851222,8.424146989566314
4735.123,2.7387081387215133,8.425335887913999
4735.143,2.728776433947309,8.426524820878248
4735.163,2.7188410445546163,8.427710156140174
4735.183,2.7089125467330404,8.428901465738955
4735.203,2.6989840995046217,8.430092745716024
4735.223,2.6890556511908983,8.431284010770376
4735.243,2.6791271980143176,8.432475291998708
4735.263,2.6691953769497134,8.433663477203668
4735.283,2.659261254078123,8.434849202690454
4735.303,2.649326533485931,8.436036670973296
4735.323,2.639391821272057,8.437224334528395
4735.343,2.6294570796464396,8.438411790895678
4735.363,2.6195223084711556,8.439599009233842
4735.383,2.6095875078249566,8.440785985033166
4735.403,2.59965383684133,8.441973129015244
4735.423,2.589725139435882,8.443162637621
4735.443,2.579794080059106,8.444349349340671
4735.463,2.5698648364124126,8.445533970982787
4735.483,2.5599305636337393,8.446718024643504
4735.503,2.55000031915289,8.447905656581067
4735.523,2.5400715799039992,8.449094518424786
4735.543,2.5301428416815175,8.450283363392428
4735.563,2.520214101741348,8.451472192836384
4735.583,2.5102853600406787,8.452661006723805
4735.603,2.5003566165664934,8.453849805008769
4735.623,2.4904278713067907,8.455038587649131
4735.643,2.480499124250336,8.456227354607169
4735.663,2.470570375386712,8.457416105850037
4735.683,2.4606416247063816,8.458604841350155
4735.703,2.45071287220073,8.459793561085565
4735.723,2.4407841178621106,8.46098226504018
4735.743,2.4308553616838786,8.462170953204014
4735.763,2.4209266036604165,8.463359625573323
4735.783,2.410997843787154,8.4645482821507
4735.803,2.40106908206058,8.465736922945087
4735.823,2.391140318478241,8.466925547971744
4735.843,2.3812115530387374,8.468114157252101
4735.863,2.3712827857417054,8.469302750813625
4735.883,2.361354016587794,8.47049132868955
4735.903,2.351423274812896,8.471678205458122
4735.923,2.341490807179762,8.472862267080808
4735.943,2.3315569139886843,8.474045803531597
4735.963,2.3216243292402843,8.47522973879131
4735.983,2.3116916722411647,8.476413722563361
4736.003,2.3017588511311367,8.477596996970963
4736.023,2.2918248799325602,8.478779443508735
4736.043,2.2818923618700757,8.479963463396691
4736.063,2.271959654828841,8.481145977561662
4736.083,2.262027055789458,8.482329187990603
4736.103,2.2520948858870415,8.483511955768865
4736.123,2.2421614472826907,8.48469647644299
4736.143,2.2322324794602784,8.485883422756146
4736.163,2.2223035101439534,8.487070333811593
4736.183,2.2123745391084024,8.488257229821258
4736.203,2.2024455663544966,8.48944411103511
4736.223,2.1925165918878013,8.490630977511945
4736.243,2.1825876157136843,8.491817829304493
4736.263,2.1726586378371575,8.493004666460754
4736.283,2.1627296582627973,8.494191489023576
4736.303,2.1528006769946635,8.495378297030255
4736.323,2.143439323420482,8.496221330062827
4736.343,2.1354582443179044,8.496690072060646
4736.363,2.1291758109088725,8.496897347545975
4736.383,2.124644768163115,8.497073961016557
4736.403,2.1209498279312484,8.496858852005785
4736.423,2.1178326861382093,8.496124541304724
4736.443,2.115273010806689,8.494865988249742
4736.463,2.113255417551226,8.493105949953055
4736.483,2.1117621907344732,8.490831620067581
4736.503,2.1110232149364947,8.488160139242629
4736.523,2.110520554131954,8.485276084803886
4736.543,2.110087416145203,8.482393319660549
4736.563,2.109647208672119,8.479448611786
4736.583,2.10937366074711,8.476571210658978
4736.603,2.109027894442822,8.473609168033239
4736.623,2.108843157028791,8.47072885154328
4736.643,2.108635480325533,8.467767116789979
4736.663,2.108495873719625,8.464823650704952
4736.683,2.108507215870823,8.461940273700947
4736.703,2.108534263320821,8.459033520851058
4736.723,2.1085917329853996,8.456106763141783
4736.743,2.108708360349979,8.453196759240356
4736.763,2.108844078032771,8.450234876997442
4736.783,2.109096176664334,8.447334846676423
4736.803,2.109381739068687,8.444423729094169
4736.823,2.109798685558153,8.441607284765354
4736.843,2.1102930024258137,8.438802805410365
4736.863,2.110781324380409,8.43595009188729
4736.883,2.1114282334558467,8.43320710977292
4736.903,2.112207763265191,8.430556091103481
4736.923,2.113116046742981,8.42802122456956
4736.943,2.1140816792110564,8.425501732936764
4736.963,2.1150945473541825,8.422999436847046
4736.983,2.1161522849893997,8.42051577660137
4737.003,2.1172545480728022,8.41805156038261
4737.023,2.1184009794255108,8.415607585667885
4737.043,2.119591207651145,8.413184643281964
4737.063,2.1191528251829355,8.409919960299273
4737.083,2.11578355912088,8.40516653235103
4737.103,2.1106088123262263,8.400183395858603
4737.123,2.103803116566934,8.395193755233576
4737.143,2.095458720990602,8.390214420869961
4737.163,2.0867828752937148,8.38524007129256
4737.183,2.0778268628166074,8.38021835793837
4737.203,2.068756887219846,8.375148194262914
4737.223,2.0600454217544244,8.370164803440113
4737.243,2.0513560078127444,8.365193552334684
4737.263,2.0426678337207482,8.360221657991941
4737.283,2.0339867103955247,8.355251564526467
4737.303,2.0253094849126776,8.350281990027723
4737.323,2.01663223945709,8.345312405034422
4737.343,2.007954989374114,8.34034282585123
4737.363,1.999277734822118,8.335373252668385
4737.383,1.9906004758072555,8.330403685488083
4737.403,1.9819232123413901,8.325434124315501
4737.423,1.9732459444436727,8.320464569160926
4737.443,1.9645686721404192,8.315495020039581
4737.463,1.955891395464905,8.310525476971364
4737.483,1.947214114457081,8.305555939980566
4737.503,1.9385368291632241,8.30058640909552
4737.523,1.929859539635525,8.295616884348211
4737.543,1.9211822459316075,8.290647365773912
4737.563,1.912504948114,8.285677853410698
4737.583,1.9038276462495498,8.280708347299015
4737.603,1.8951503404087977,8.27573884748119
4737.623,1.8864730306653081,8.270769354000928
4737.643,1.8777957170949735,8.265799866902823
4737.663,1.869118399775293,8.260830386231813
4737.683,1.8604410787846244,8.255860912032707
4737.703,1.8517637542014431,8.250891444349627
4737.723,1.8430864261035826,8.24592198322555
4737.743,1.8344090945674896,8.240952528701794
4737.763,1.8257317596674867,8.235983080817554
4737.783,1.8170544214750597,8.231013639609474
4737.803,1.8083770800581656,8.226044205111197
4737.823,1.7996997354805857,8.221074777353016
4737.843,1.791022387801305,8.21610535636151
4737.863,1.78234503707395,8.211135942159215
4737.883,1.773667683346273,8.20616653476439
4737.903,1.7649903266596998,8.201197134190771
4737.923,1.756312967048931,8.196227740447393
4737.943,1.747635604541619,8.191258353538474
4737.963,1.7389574917649075,8.186288682026026
4737.983,1.7302765432726794,8.181319333271244
4738.003,1.7215979717921968,8.176349454996501
4738.023,1.7129205597128117,8.171380160244917
4738.043,1.7042431440313346,8.16641087459384
4738.063,1.6955657253319834,8.16144159596201
4738.083,1.686888303598807,8.15647232429501
4738.103,1.6782108788049706,8.151503059550066
4738.123,1.6695259867355308,8.146535359391192
4738.143,1.6608486614492728,8.141565646034763
4738.163,1.652171157596897,8.136596520026348
4738.183,1.6434936486165836,8.131627406786812
4738.203,1.6348161362130236,8.126658300499065
4738.223,1.6261360970389918,8.121688537715823
4738.243,1.61745862057857,8.116719303700354
4738.263,1.6087811058860098,8.111750202095076
4738.283,1.6001035872113019,8.106781108422448
4738.303,1.59142606473422,8.101812021479338
4738.323,1.5827464717236173,8.096841459433762
4738.343,1.5740656966000526,8.09187256982636
4738.363,1.5653882074572198,8.086903413227864
4738.383,1.556710667975357,8.081934353541227
4738.403,1.5480331237942013,8.07696530138792
4738.423,1.539355575269197,8.07199625589002
4738.443,1.5306780223558527,8.067027216974461
4738.463,1.522000465009845,8.06205818458053
4738.483,1.5133229031912616,8.05708915865284
4738.503,1.5046453368651984,8.052120139141447
4738.523,1.4959677660022672,8.047151126002088
4738.543,1.4872901905790403,8.042182119196283
4738.563,1.478612610578434,8.037213118691458
4738.583,1.4699350259900155,8.032244124461
4738.603,1.4612574368102413,8.027275136484251
4738.623,1.4525798430426244,8.022306154746467
4738.643,1.443902244697819,8.017337179238728
4738.663,1.4352246417936352,8.012368209957799
4738.683,1.426547034354974,8.007399246905937
4738.703,1.417869422413685,8.002430290090656
4738.723,1.4091918060083568,7.997461339524452
4738.743,1.4005141851840275,7.992492395224478
4738.763,1.3918365599918325,7.987523457212198
4738.783,1.383158930488587,7.982554525512981
4738.803,1.374481296736303,7.977585600155678
4738.823,1.3658036588016587,7.972616681172174
4738.843,1.357126016755411,7.967647768596913
4738.863,1.3484483706717663,7.9626788624663885
4738.883,1.3397707206277152,7.957709962818656
4738.903,1.3310930667023346,7.952741069692794
4738.923,1.3224154089760642,7.947772183128386
4738.943,1.313737747529972,7.942803303165003
4738.963,1.3050600824450052,7.93783442984168
4738.983,1.296382413801241,7.932865563196414
4739.003,1.287704741677148,7.927896703265658
4739.023,1.2790270661488554,7.922927850083859
4739.043,1.2703493872894465,7.917959003683013
4739.063,1.261671705168278,7.9129901640922355
4739.083,1.2529940198503395,7.908021331337387
4739.103,1.2443163313956485,7.903052505440712
4739.123,1.2356386398586952,7.898083686420535
4739.143,1.2269609452879442,7.893114874290995
4739.163,1.2182832477253884,7.8881460690618175
4739.183,1.209605547206171,7.883177270738141
4739.203,1.2009278437582738,7.878208479320398
4739.223,1.1922501374022694,7.873239694804234
4739.243,1.183572428151156,7.868270917180476
4739.263,1.174894716010257,7.863302146435176
4739.283,1.1662170009772022,7.8583333825496755
4739.303,1.157537943262944,7.853365199846785
4739.323,1.1488582744214266,7.848396235027645
4739.343,1.1401778187552545,7.843428058894737
4739.363,1.1314935244302338,7.838459364023875
4739.383,1.1228157073788418,7.833490759373768
4739.403,1.114137827308064,7.828522263233155
4739.423,1.1054525696219508,7.8235551290131395
4739.443,1.0967747518168143,7.818586322339524
4739.463,1.0880968150413532,7.813617955126426
4739.483,1.0794188732290653,7.808649599519194
4739.503,1.070738369911118,7.803680592546422
4739.523,1.0620604703378096,7.79871210260866
4739.543,1.0533825260315577,7.793743751542446
4739.563,1.044704577586896,7.7887754084190455
4739.583,1.0360266252465664,7.783807071977467
4739.603,1.0273486689486435,7.778838742136399
4739.623,1.0186669926710616,7.7738695677355
4739.643,1.0099874662917658,7.768900689747578
4739.663,1.0013095088044375,7.763932357239295
4739.683,0.9926315357176451,7.758964052873655
4739.703,0.9845069820412956,7.754527245214774
4739.723,0.9777143180886989,7.7513625045123105
4739.743,0.9724789616894747,7.749056933809904
4739.763,0.9689296456118415,7.746774061345104
4739.783,0.9665589649384687,7.744518645525607
4739.803,0.9653599168348654,7.742264001052945
4739.823,0.9651784403584976,7.7400177698052435
4739.843,0.965927587050219,7.737805363475251
4739.863,0.96735900612898,7.735569286567498
4739.883,0.9688807112871923,7.733339416968053
4739.903,0.9704422847325863,7.731137418796661
4739.923,0.9720432359640434,7.728963878294446
4739.943,0.9736830472805392,7.726819497462616
4739.963,0.9753611883992102,7.7247049700974495
4739.983,0.9770771166771779,7.722620980410172
4740.003,0.9788302772767788,7.720568202804345
4740.023,0.9806201033337951,7.71854730166679
4740.043,0.9824460161285977,7.716558931160922
4740.063,0.984307425260292,7.714603735022272
4740.083,0.9862037288239975,7.712682346356108
4740.103,0.9881343135914171,7.710795387437075
4740.123,0.9900985551948889,7.7089434695107375
4740.143,0.9920958183151187,7.70712719259702
4740.163,0.9941254568728163,7.7053471452955105
4740.183,0.9961868142244586,7.703603904592624
4740.203,0.9982792233623933,7.701898035670723
4740.223,1.0004020071195048,7.700230091719231
4740.243,1.0025544783786133,7.698600613747945
4740.263,1.0047359402867726,7.69701013040268
4740.283,1.0069456864745756,7.695459157783499
4740.303,1.0091830012805447,7.693948199265766
4740.323,1.0114471599806099,7.692477745324341
4740.343,1.0137374290226557,7.691048273361197
4740.363,1.0160530662660323,7.689660247536829
4740.383,1.0183933212258833,7.688314118605747
4740.403,1.0207574353220898,7.687010323756432
4740.423,1.023144642132591,7.685749286456034
4740.443,1.0255541676507767,7.684531416300149
4740.463,1.0271705779879101,7.681660698946176
4740.483,1.0273430597972328,7.6758369302081215
4740.503,1.026212480384495,7.668742559252629
4740.523,1.023783716634102,7.660660930264842
4740.543,1.0201201551737205,7.651660903886911
4740.563,1.0161889984421923,7.64246515379195
4740.583,1.0122776161769846,7.632957710482401
4740.603,1.0083537937168296,7.623355998091139
4740.623,1.004434036833801,7.614123697657989
4740.643,1.0005121783505149,7.604921653000647
4740.663,0.9965900166213503,7.595718366524769
4740.683,0.9926679452165055,7.586515028457046
4740.703,0.9887460416346725,7.57731161919952
4740.723,0.984824316681805,7.568108136977699
4740.743,0.980902770412312,7.558904583298655
4740.763,0.9769814015193494,7.549700960322742
4740.783,0.9730602092075779,7.540497269874131
4740.803,0.9691391914706334,7.531293514743423
4740.823,0.9652183461224101,7.522089699103873
4740.843,0.9612971172297107,7.512888004833568
4740.863,0.9573756758007506,7.503689429935652
4740.883,0.9534543033792457,7.494490821448641
4740.903,0.9495329417482232,7.485292208375479
4740.923,0.9456115902878193,7.476093591004784
4740.943,0.9416902489093703,7.4668949693420705
4740.963,0.9377689175346391,7.457696343387135
4740.983,0.9338475960913774,7.44849771313699
4741.003,0.9299259730629145,7.439298449788037
4741.023,0.9260048933941758,7.430089418658183
4741.043,0.9220845061212031,7.420889372396585
4741.063,0.9181639381502424,7.4116815724276695
4741.083,0.9142431003523844,7.4024722546367485
4741.103,0.9103225954029163,7.393261840430596
4741.123,0.9064026153260857,7.3840547636396625
4741.143,0.9024827023612376,7.374846865243427
4741.163,0.8985628663282661,7.365641446861968
4741.183,0.8946439519662095,7.356431922276069
4741.203,0.890724094562261,7.347222285765394
4741.223,0.8868044662490753,7.338011467982584
4741.243,0.8828853827874507,7.328804032271978
4741.263,0.8789663623212637,7.319595746187713
4741.283,0.8750473595824521,7.3103850095468665
4741.303,0.8711288256214692,7.301180811539059
4741.323,0.8672097925689247,7.291980303319179
4741.343,0.8632906719847863,7.282780731297572
4741.363,0.8593715452155988,7.273581160718715
4741.383,0.8554524285969272,7.264381585455805
4741.403,0.8515333222988389,7.255182005463279
4741.423,0.847614226360124,7.245982420747769
4741.443,0.8436951408200828,7.236782831318301
4741.463,0.8397760657189087,7.227583237185944
4741.483,0.8358570010970026,7.218383638363833
4741.503,0.8319379469942798,7.2091840348671905
4741.523,0.8280189034495082,7.199984426713294
4741.543,0.8240998704996605,7.190784813921433
4741.563,0.820180848179296,7.181585196512849
4741.583,0.816261836519985,7.172385574510618
4741.603,0.8123428355497669,7.163185947939548
4741.623,0.8084238452926577,7.153986316826025
4741.643,0.8045048657682047,7.14478668119785
4741.663,0.800585896991099,7.135587041084063
4741.683,0.796666938970841,7.1263873965147395
4741.703,0.7927479917114666,7.117187747520773
4741.723,0.788829055211344,7.107988094133655
4741.743,0.784910129463022,7.098788436385245
4741.763,0.7809912144531528,7.089588774307514
4741.783,0.7770723101624806,7.080389107932306
4741.803,0.7731535101771311,7.071188427540297
4741.823,0.7692361443531597,7.061982804128472
4741.843,0.765839951072485,7.053304090341626
4741.863,0.7634475190946628,7.045866142948172
4741.883,0.7617531438740685,7.0401172171808515
4741.903,0.7607352581068756,7.03606507677206
4741.923,0.7604266355745958,7.032924726303573
4741.943,0.7608374713303608,7.030277166892764
4741.963,0.7619560555525493,7.028016168894977
4741.983,0.7637829802379176,7.026281413352611
4742.003,0.7662102927585517,7.025247558827695
4742.023,0.7687545458042326,7.024199657565119
4742.043,0.7714199298823982,7.022882353861761
4742.063,0.7740624938780365,7.021780287646502
4742.083,0.7767656740535479,7.020648404842709
4742.103,0.7794694475347165,7.0196236341432305
4742.123,0.7821746999346111,7.0186096218240674
4742.143,0.7848852800824493,7.017825858896063
4742.163,0.7875312716953665,7.017294012343217
4742.183,0.7901871740237757,7.016809568306611
4742.203,0.7928513764272312,7.016373003302854
4742.223,0.7955230081719272,7.015984462295953
4742.243,0.7982012026192062,7.015644071575953
4742.263,0.8008850911074975,7.015351941717033
4742.283,0.8035738031853473,7.015108167575502
4742.303,0.8062664668999348,7.0149128282645705
4742.323,0.8089622090853652,7.014765987134494
4742.343,0.811660155650241,7.01466769175823
4742.363,0.8143288202631827,7.012736313436103
4742.383,0.816921436048944,7.007518635084285
4742.403,0.8188617753189288,7.000601890294536
4742.423,0.820035869502035,6.992245391352726
4742.443,0.8204723972006063,6.982538166291329
4742.463,0.8207476793241933,6.972541089924753
4742.483,0.820888231383034,6.962192335181491
4742.503,0.8210781314510747,6.951708172642343
4742.523,0.8213232523961755,6.941690810966814
4742.543,0.8215838347882134,6.931685509985217
4742.563,0.8218472060843337,6.921681914593448
4742.583,0.8221149766546414,6.91168602166907
4742.603,0.8223784785993854,6.901685058759558
4742.623,0.8226352425361859,6.8916787354873374
4742.643,0.8228985529589377,6.881676209080725
4742.663,0.8231619595352629,6.871673062475378
4742.683,0.823425077766215,6.861669897998297
4742.703,0.8236878953590466,6.851666723557274
4742.723,0.8239504123804096,6.841663540165166
4742.743,0.8242126289497496,6.831660348217871
4742.763,0.8244745454579455,6.821657147934232
4742.783,0.824736162285465,6.811653939496352
4742.803,0.8249974799416546,6.801650723095821
4742.823,0.8252584990563602,6.791647498985636
4742.843,0.8255192203930772,6.7816442674258415
4742.863,0.8257796462099131,6.771641029675291
4742.883,0.8260397793658307,6.761637787647609
4742.903,0.8262996273761998,6.751634545972004
4742.923,0.8265592176721007,6.741631317651464
4742.943,0.8268226608068332,6.731634354656745
4742.963,0.8270861258041698,6.7216381585704585
4742.983,0.8273495664662265,6.71164196157635
4743.003,0.8276129911210395,6.701645763268767
4743.023,0.8278763998505251,6.691649563615451
4743.043,0.8281397926593563,6.681653362596646
4743.063,0.8284031695506906,6.671657160201443
4743.083,0.8286665305269292,6.66166095642788
4743.103,0.8289298755897637,6.651664751282991
4743.123,0.8291932047402235,6.641668544782773
4743.143,0.8294565179787252,6.631672336952054
4743.163,0.8297198153051281,6.621676127824282
4743.183,0.8299830967187846,6.611679917441212
4743.203,0.8302463622185976,6.601683705852521
4743.223,0.8305096118030805,6.591687493115326
4743.243,0.8307728454704157,6.5816912792936435
4743.263,0.8310360632185155,6.571695064457782
4743.283,0.8312992650450821,6.561698848683639
4743.303,0.831562450947669,6.551702632051983
4743.323,0.8318256209237426,6.541706414647655
4743.343,0.8320887749707373,6.531710196558738
4743.363,0.8323519130861172,6.521713977875699
4743.383,0.8326150352674268,6.511717758690495
4743.403,0.8328781415123482,6.501721539095678
4743.423,0.8331412318187493,6.491725319183476
4743.443,0.8334043061847287,6.481729099044889
4743.463,0.8336673646086596,6.471732878768789
4743.483,0.8339304070892294,6.461736658441045
4743.503,0.8341845415429198,6.451730631105517
4743.523,0.8344402037763192,6.4417273473355605
4743.543,0.834695335009074,6.431723990239076
4743.563,0.8349502101044812,6.42172068370091
4743.583,0.8352047788743792,6.411717337951143
4743.603,0.8354583147846155,6.401712742229745
4743.623,0.8357169916576807,6.391714007282082
4743.643,0.8359775836080996,6.381717729567476
4743.663,0.8362381621965799,6.371721451326309
4743.683,0.8364987248308321,6.36172517353682
4743.703,0.8367592714921658,6.351728896219884
4743.723,0.8370198021861973,6.341732619376457
4743.743,0.8372780546984074,6.331734248617152
4743.763,0.8375287038058968,6.3217284361255235
4743.783,0.8377883606125532,6.311732358136541
4743.803,0.8380484537134445,6.301736073793387
4743.823,0.8383056941400424,6.29173775345529
4743.843,0.8385595238172739,6.281735135084006
4743.863,0.8388138482393743,6.271733484424631
4743.883,0.8390628335601199,6.261727646109918
4743.903,0.839317260097459,6.251724855867515
4743.923,0.8395718848258433,6.241721475417736
4743.943,0.8398262244973872,6.231718076524935
4743.963,0.8400802640099726,6.221714668449809
4743.983,0.840334003128097,6.211711252026398
4744.003,0.8405874418161878,6.201707827513638
4744.023,0.840840580395791,6.1917043950823984
4744.043,0.8410934192101751,6.1817009548755575
4744.063,0.8413459587814032,6.171697507059513
4744.083,0.841598199659348,6.16169405183533
4744.103,0.8418501428818328,6.151690589561349
4744.123,0.8421017909309612,6.141687121586191
4744.143,0.8423531472002543,6.131683650004221
4744.163,0.8426042210663662,6.1216801801391
4744.183,0.8428550590697692,6.111676728521739
4744.203,0.8431100202240265,6.101680252827699
4744.223,0.8433647537000802,6.091683830367364
4744.243,0.8436194670901982,6.081687406827659
4744.263,0.8438741645008291,6.071690981980811
4744.283,0.844128845974645,6.061694555797875
4744.303,0.844383511515737,6.051698128260562
4744.323,0.8446381611270644,6.041701699359442
4744.343,0.8448927948108523,6.031705269094039
4744.363,0.8451474125686346,6.021708837472881
4744.383,0.8454020144013071,6.011712404513443
4744.403,0.8456566003091728,6.001715970242004
4744.423,0.8459111702919934,5.991719534693414
4744.443,0.8461657243490445,5.9817230979107725
4744.463,0.8464202624791725,5.971726659945029
4744.483,0.8466747846808528,5.96173022085449
4744.503,0.8469292909522476,5.951733780704264
4744.523,0.8471837812912671,5.941737339565638
4744.543,0.84743825569563,5.931740897515375
4744.563,0.8476927141629177,5.92174445463498
4744.583,0.8479471566906412,5.91174801100989
4744.603,0.8482015832762946,5.901751566728656
4744.623,0.8484559939174098,5.891755121882052
4744.643,0.8487103886116126,5.881758676562203
4744.663,0.8489647673566741,5.871762230861677
4744.683,0.8492191301505598,5.861765784872558
4744.703,0.8494734769914727,5.851769338685561
4744.723,0.8497278078778937,5.841772892389122
4744.743,0.8499823233352651,5.8317759758918335
4744.763,0.8502276009365758,5.821770176970125
4744.783,0.8504743015334658,5.8117666722723005
4744.803,0.8507208039675278,5.801763074333388
4744.823,0.8509667300925161,5.791759556700257
4744.843,0.8512125148154714,5.781755973495066
4744.863,0.8514556669966488,5.771748989552498
4744.883,0.8517071746041763,5.761752215649441
4744.903,0.8519590384514703,5.751755713625552
4744.923,0.8522108875985881,5.741759211566437
4744.943,0.8524627207686706,5.731762709980296
4744.963,0.852714537955274,5.721766208881181
4744.983,0.8529663391641202,5.711769708268458
4745.003,0.8532155476705408,5.701771195095217
4745.023,0.8534569632197493,5.691765282419781
4745.043,0.8537086301484695,5.681768777740635
4745.063,0.8539599905737474,5.671772269854336
4745.083,0.8542082021346237,5.661773158011047
4745.103,0.8544522049062856,5.651769747232065
4745.123,0.8546983345494452,5.641767765574518
4745.143,0.8549382941418213,5.6317607948156025
4745.163,0.8551839812268887,5.6217585403102674
4745.183,0.8554298219826526,5.611754929954829
4745.203,0.8556753726248738,5.601751305702443
4745.223,0.8559206242092583,5.591747672775959
4745.243,0.8561655761541178,5.58174403184972
4745.263,0.8564102283118206,5.571740383130675
4745.283,0.856654580829506,5.561736726796162
4745.303,0.8568986339545929,5.551733062994961
4745.323,0.8571423881275206,5.541729391914732
4745.343,0.8573858437948124,5.531725713728488
4745.363,0.8576290021482229,5.521722028958388
4745.383,0.8578718655975491,5.511718339106504
4745.403,0.8581144379307968,5.501714646589301
4745.423,0.8583567293223199,5.491710957651513
4745.443,0.858599746237198,5.481708634468363
4745.463,0.8588459778834471,5.47171198477693
4745.483,0.8590919750906293,5.461715343308764
4745.503,0.8593379542997474,5.45171870067514
4745.523,0.8595839175371598,5.441722056741898
4745.543,0.8598298648260303,5.431725411482491
4745.563,0.8600757961700589,5.421728764880095
4745.583,0.860321711572013,5.411732116926757
4745.603,0.8605676110339457,5.401735467623493
4745.623,0.860813494557244,5.391738816980326
4745.643,0.861059362142672,5.381742165016201
4745.663,0.8613052137904195,5.371745511758843
4745.683,0.8615510495001597,5.361748857244496
4745.703,0.8617968692710969,5.351752201517596
4745.723,0.8620426731020244,5.341755544630347
4745.743,0.8622884609913853,5.331758886642232
4745.763,0.8625342329373265,5.321762227619432
4745.783,0.8627799889377588,5.311765567634199
4745.803,0.863025728990419,5.301768906764137
4745.823,0.8632714530929222,5.2917722450914635
4745.843,0.8635171612428267,5.2817755827022
4745.863,0.8637628534376853,5.271778919685322
4745.883,0.8640085296751044,5.261782256131904
4745.903,0.8642541899527919,5.251785592134205
4745.923,0.8644998342686113,5.241788927784776
4745.943,0.8647454626206241,5.231792263175547
4745.963,0.8649910750071382,5.221795598396918
4745.983,0.8652366714267425,5.2117989335368655
4746.003,0.8654779033874896,5.201796765713969
4746.023,0.8657178482268566,5.191794456438321
4746.043,0.8659567049119936,5.181792022564069
4746.063,0.8661943338646297,5.171788250399666
4746.083,0.8664315476319228,5.161784464694557
4746.103,0.8666684626058123,5.1517807127252375
4746.123,0.8669026483301618,5.141773208137518
4746.143,0.8671457223717401,5.131776511844106
4746.163,0.867388850513408,5.1217797932051194
4746.183,0.8676319632891888,5.111783074790648
4746.203,0.8678750600713577,5.101786356867609
4746.223,0.8681181408595333,5.09178963944582
4746.243,0.868361205659479,5.0817929225230705
4746.263,0.86860109501881,5.0717937712554555
4746.283,0.8688344233602592,5.06178806381762
4746.303,0.8690772068740417,5.051791345314468
4746.323,0.869319829072061,5.041794621407931
4746.343,0.8695579081277732,5.0317939035551715
4746.363,0.8697943532790865,5.021791245503861
4746.383,0.8700286397855206,5.011783855411384
4746.403,0.8702625873719786,5.001782249383369
4746.423,0.8704996101261436,4.991779083238336
4746.443,0.8707366673435357,4.981775255218416
4746.463,0.870973430261378,4.971771415087866
4746.483,0.8712098932547505,4.961767566205836
4746.503,0.8714460558993349,4.951763709311173
4746.523,0.8716819181935135,4.941759844648154
4746.543,0.871917480348938,4.9317559724453055
4746.563,0.8721527426763573,4.921752092888844
4746.583,0.8723877057340784,4.9117482062102535
4746.603,0.8726223699852976,4.901744312597572
4746.623,0.8728567369558999,4.891740412701643
4746.643,0.873090809288704,4.881736508142869
4746.663,0.8733245917527244,4.871732601699016
4746.683,0.8735580977976413,4.861728700708239
4746.703,0.8737927153701577,4.85172687979594
4746.723,0.8740300960970026,4.841730023075755
4746.743,0.8742673511789941,4.831733170024678
4746.763,0.8745045892859651,4.821736315766936
4746.783,0.874741811419114,4.81173946021784
4746.803,0.8749790175918513,4.801742603352781
4746.823,0.8752162078075805,4.791745745156396
4746.843,0.875453382068883,4.78174888562221
4746.863,0.8756905403776492,4.77175202475274
4746.883,0.87592768273512,4.761755162559493
4746.903,0.8761648091419333,4.751758299062887
4746.923,0.8764019195981753,4.741761434292081
4746.943,0.8766390141034308,4.731764568284706
4746.963,0.8768760926568399,4.721767701086523
4746.983,0.8771131552571487,4.711770832750981
4747.003,0.8773502019027697,4.701773963338721
4747.023,0.8775872325918381,4.691777092916978
4747.043,0.8778242473222722,4.681780221558948
4747.063,0.878061246091828,4.671783349343057
4747.083,0.8782982288981598,4.661786476352215
4747.103,0.8785351957388748,4.651789602672996
4747.123,0.8787721466115904,4.641792728394791
4747.143,0.8790090815139844,4.631795853608936
4747.163,0.8792460004438508,4.6217989784078055
4747.183,0.8794829033991441,4.611802102883917
4747.203,0.8797197903780274,4.601805227129009
4747.223,0.8799566613789114,4.591808351233142
4747.243,0.8801935164004953,4.581811475283813
4747.263,0.8804240063152384,4.5718078152320185
4747.283,0.8806549637592554,4.561803958273782
4747.303,0.8808866929743219,4.551802636619394
4747.323,0.8811148341806827,4.541798595298411
4747.343,0.8813445377973775,4.531795942878608
4747.363,0.8815713314592606,4.521790634731123
4747.383,0.8817978287279782,4.511784286245961
4747.403,0.882032195778344,4.50178736961804
4747.423,0.8822665809699141,4.491790441961923
4747.443,0.8825009504617835,4.481793514671345
4747.463,0.8827353039465479,4.471796587889092
4747.483,0.882969641426821,4.461799661622068
4747.503,0.8832039629083762,4.451802735866511
4747.523,0.8834319039813062,4.441799464613862
4747.543,0.8836596924077993,4.431797455222868
4747.563,0.8838936429970115,4.421800524787981
4747.583,0.8841275209970161,4.411803592371624
4747.603,0.8843568958832706,4.401802696405764
4747.623,0.8845830071939956,4.39179886105892
4747.643,0.8848080265975937,4.381791403497487
4747.663,0.8850341096615182,4.371790258869628
4747.683,0.8852624610068117,4.361785597146627
4747.703,0.8854907105551116,4.351781556824168
4747.723,0.885718663079844,4.341777506152332
4747.743,0.8859463153607475,4.3317734471589455
4747.763,0.8861736670192629,4.321769380470054
4747.783,0.8864007181509893,4.311765306311435
4747.803,0.8866274689727398,4.301761224903484
4747.823,0.8868539198179614,4.29175713643408
4747.843,0.8870800712778564,4.281753041145684
4747.863,0.8873059238354126,4.271748939218006
4747.883,0.8875314793096389,4.261744831474718
4747.903,0.8877567404307692,4.251740719650134
4747.923,0.8879817128114298,4.241736606962005
4747.943,0.8882064135506749,4.231732502250303
4747.963,0.8884331336909731,4.221731880167667
4747.983,0.8886617001812336,4.211734822238914
4748.003,0.888890207429965,4.201737765091388
4748.023,0.8891186982999911,4.191740706713654
4748.043,0.8893471731902721,4.181743647053383
4748.063,0.889575632108372,4.171746586087723
4748.083,0.8898040750574311,4.161749523802769
4748.103,0.8900325020398422,4.151752460193527
4748.123,0.8902609130573252,4.141755395264002
4748.143,0.8904893081109728,4.131758329027186
4748.163,0.8907176872012944,4.121761261504958
4748.183,0.8909460503282681,4.1117641927279
4748.203,0.8911743974913922,4.101767122735018
4748.223,0.891402728689735,4.091770051573375
4748.243,0.891631043921996,4.081772979297658
4748.263,0.8918593431865558,4.071775905969638
4748.283,0.8920876264815377,4.061778831657589
4748.303,0.8923158938048618,4.051781756435625
4748.323,0.892544145154304,4.041784680382976
4748.343,0.8927723805275539,4.031787603583212
4748.363,0.8930005999222669,4.021790526123439
4748.383,0.8932288033361221,4.0117934480934325
4748.403,0.8934569907668688,4.001796369584763
4748.423,0.8936851622123826,3.9917992906898987
4748.443,0.8939133176707084,3.9818022115012885
4748.463,0.8941414571401043,3.9718051321104597
4748.483,0.8943695806190852,3.961808052607107
4748.503,0.8945976881064555,3.951810973078219
4748.523,0.8948173161355396,3.9418042536264175
4748.543,0.8950390545331673,3.9318012936182525
4748.563,0.8952611236010249,3.9217983354359642
4748.583,0.8954831907643889,3.9117961691525336
4748.603,0.895708714214238,3.9017986053217824
4748.623,0.8959334549312917,3.891799364489069
4748.643,0.8961513489355797,3.881791331954896
4748.663,0.896372618243347,3.871786353720935
4748.683,0.8965891461235302,3.8617772106382904
4748.703,0.8968056217533869,3.8517672497788786
4748.723,0.8970238755605427,3.841761445883733
4748.743,0.8972459967882305,3.8317619082345153
4748.763,0.8974706015596903,3.821764761107173
4748.783,0.8976951877576181,3.811767610942241
4748.803,0.8979151080919072,3.8017657185678946
4748.823,0.8981340663882792,3.7917632874946086
4748.843,0.898356444505741,3.7817638068311252
4748.863,0.8985777228240401,3.771764618917559
4748.883,0.8987933224186629,3.761756966946966
4748.903,0.899010030017429,3.751755602647957
4748.923,0.8992289713470556,3.741750726884698
4748.943,0.8994478189540778,3.7317464730817402
4748.963,0.8996663701806852,3.721742207888926
4748.983,0.8998846210681788,3.711737934063647
4749.003,0.9001025711149195,3.701733652499782
4749.023,0.9003202202090329,3.6917293636188675
4749.043,0.9005375685294457,3.6817250676390185
4749.063,0.9007546163303753,3.6717207647533514
4749.083,0.9009713639942598,3.6617164551507666
4749.103,0.9011878120959302,3.6517121390784104
4749.123,0.9014039612399448,3.6417078167207007
4749.143,0.9016198134822203,3.6317034890806834
4749.163,0.9018353716657733,3.6216991579820745
4749.183,0.9020506425095807,3.611694827218868
4749.203,0.9022656487196525,3.6016905075871137
4749.223,0.9024831113320072,3.591690371740654
4749.243,0.9027019948261599,3.581693097834534
4749.263,0.9029208357874959,3.571695824046892
4749.283,0.9031396605104925,3.561698549031022
4749.303,0.9033584692418402,3.551701272743168
4749.323,0.9035772619874644,3.5417039951619875
4749.343,0.9037960387503018,3.5317067162750533
4749.363,0.9038929545097796,3.522298506381785
4749.383,0.9039151571603937,3.5142968333711053
4749.403,0.9039351736918125,3.5079792889212924
4749.423,0.9039730048580281,3.5033268302760248
4749.443,0.9043804063496387,3.499519408755847
4749.463,0.9052211277205244,3.4964465594663183
4749.483,0.9064696655026597,3.494079895378684
4749.503,0.9081356191009337,3.492403442122292
4749.523,0.9102169977148217,3.4914579583809386
4749.543,0.9126883566675494,3.4912407948954876
4749.563,0.9153693742933885,3.4914642701663805
4749.583,0.918049976627834,3.4917408149506697
4749.603,0.9207249348242706,3.492063380555949
4749.623,0.9233936008908216,3.492434153844631
4749.643,0.9260551791128702,3.4928548979267684
4749.663,0.9287082187920638,3.493321409147376
4749.683,0.9313523765129849,3.4938357492508074
4749.703,0.9339868610581967,3.494399583813223
4749.723,0.9366102882679741,3.495008694725507
4749.743,0.9392222961991715,3.495665094942668
4749.763,0.9418220551531252,3.496370386250063
4749.783,0.9444082871733138,3.4971203375373765
4749.803,0.9469805878066977,3.497916904315922
4749.823,0.9495380188902216,3.4987615419602593
4749.843,0.9520819927113652,3.4996639927940874
4749.863,0.954609506224708,3.5006121322788304
4749.883,0.9571195374927451,3.5016056044099475
4749.903,0.9596112723181977,3.5026440864059607
4749.923,0.9620839042656898,3.5037272413966107
4749.943,0.9645366331914944,3.5048547181195
4749.963,0.9669686654778124,3.5060261510356967
4749.983,0.9693792142804685,3.5072411604532348
4750.003,0.971767499774296,3.508499352654523
4750.023,0.9741327493959514,3.5098003200275327
4750.043,0.976474198084072,3.5111436412006514
4750.063,0.9787910885166856,3.5125288811810917
4750.083,0.9810826713458072,3.513955591496734
4750.103,0.9833482054291595,3.515423310341276
4750.123,0.9855869580589826,3.516931562722587
4750.143,0.9877982051879138,3.5184798606141277
4750.163,0.9899812316519333,3.5200677031093526
4750.183,0.9921353313904018,3.521694576578993
4750.203,0.9942598076632284,3.5233599548311445
4750.223,0.9963539732652382,3.5250632992741204
4750.243,0.9984171507378061,3.5268040590820298
4750.263,1.0004486725778658,3.528581671363092
4750.283,1.0024478814443956,3.530395561330727
4750.303,1.0044141303624876,3.5322451424774752
4750.323,1.0063467829251294,3.5341298167518613
4750.343,1.00824521349279,3.5360489747383244
4750.363,1.0101088073909223,3.5380019958403865
4750.383,1.0119369611054525,3.539988248467235
4750.403,1.0137290824763157,3.542007090223927
4750.423,1.015484590889058,3.5440578681054395
4750.443,1.0172029174644934,3.546139918694778
4750.463,1.0188835052463656,3.5482525683653634
4750.483,1.0205258093869138,3.5503951334878936
4750.503,1.0221292973302083,3.552566920641869
4750.523,1.0236934489930771,3.5547672268319075
4750.543,1.0252177569433931,3.556995339708979
4750.563,1.0267017265754792,3.559250537796589
4750.583,1.0281448762823322,3.5615320907219448
4750.603,1.0295467376243708,3.5638392594520334
4750.623,1.0309068554943785,3.5661712965345287
4750.643,1.03386933374011,3.567612586286373
4750.663,1.0396929560980481,3.5674352376398426
4750.683,1.0467068199955445,3.5658810020932292
4750.703,1.0546282986291913,3.5629717075517875
4750.723,1.0633923614278513,3.5587747871724162
4750.743,1.0723356674717694,3.5542990303637385
4750.763,1.081575714524681,3.549808449418981
4750.783,1.0909410343200954,3.545290793985372
4750.803,1.0999424518796799,3.540822963473251
4750.823,1.1088969568690437,3.536357881067084
4750.843,1.117843376822748,3.531889214557199
4750.863,1.1267913180649565,3.5274209187791534
4750.883,1.1357391363900387,3.5229524346903007
4750.903,1.1446866568748733,3.5184840845685295
4750.923,1.153634435006246,3.514015578014357
4750.943,1.1625813220441268,3.5095472196896056
4750.963,1.17153194743901,3.5050797424034594
4750.983,1.180482395606361,3.5006124145855253
4751.003,1.1894302798802143,3.4961441175066668
4751.023,1.1983809170348478,3.491676784033809
4751.043,1.2073315797058513,3.4872094600479913
4751.063,1.216283091944643,3.4827422519639626
4751.083,1.2252337667737774,3.478275254185195
4751.103,1.2341798669943715,3.4738082092429
4751.123,1.2431261323560745,3.4693410061833942
4751.143,1.2520723913739524,3.4648737979424755
4751.163,1.2610186552257998,3.4604065979442753
4751.183,1.2699649240575697,3.455939406264286
4751.203,1.2789111979030352,3.451472222866237
4751.223,1.2878574767883861,3.4470050477180223
4751.243,1.2962376284119814,3.443076991517139
4751.263,1.3032390367606188,3.4404422245922412
4751.283,1.3086754860394092,3.438345418460238
4751.303,1.3123641455571784,3.436260217669039
4751.323,1.314809845869611,3.434103990809184
4751.343,1.3160997237268361,3.4318709333342152
4751.363,1.3163414138338623,3.4297189135699906
4751.383,1.3156164183032748,3.427461956463243
4751.403,1.3141611629128245,3.4251542728561137
4751.423,1.3124376306433458,3.4228429706235395
4751.443,1.3105789015311928,3.4205761276325286
4751.463,1.308634978438921,3.4183286603478162
4751.483,1.306707029227599,3.416133469023003
4751.503,1.3046782713687801,3.413971572866946
4751.523,1.3027152346265545,3.411822713403055
4751.543,1.3007042474582085,3.4097488010740173
4751.563,1.2985737958887886,3.407695874298857
4751.583,1.2965507640157898,3.4056845124771296
4751.603,1.2943643293904288,3.403728381658887
4751.623,1.29212107382677,3.4017946499784286
4751.643,1.2902692323307714,3.3998330728906416
4751.663,1.2883806932206738,3.3979042789211795
4751.683,1.286457724610018,3.396009760948315
4751.703,1.2845009663934572,3.3941501500375275
4751.723,1.2825110511581683,3.3923260483664195
4751.743,1.280488622154997,3.390538046614135
4751.763,1.2784343332467916,3.388786723917555
4751.783,1.2763488487023116,3.387072647681827
4751.803,1.2742328429889793,3.3853963733923433
4751.823,1.2720870005640121,3.383758444429114
4751.843,1.2699120156626813,3.3821593918834414
4751.863,1.267708592082867,3.380599734376898
4751.883,1.2654774429653282,3.3790799778827667
4751.903,1.2632192905693187,3.3776006155501146
4751.923,1.2609348660433175,3.376162127530797
4751.943,1.2586249091907677,3.3747649808096636
4751.963,1.2562901682308172,3.373409629038332
4751.983,1.2539313995541193,3.3720965123728353
4752.003,1.2515493674738571,3.3708260573155386
4752.023,1.2491448439721862,3.369598676561636
4752.043,1.246718608442362,3.368414768850579
4752.063,1.2442714474268524,3.367274718822733
4752.083,1.2418041543517728,3.366178896881536
4752.103,1.239317529257997,3.365127659061408
4752.123,1.2368123785293155,3.364121346901596
4752.143,1.2342895146180102,3.3631602873261173
4752.163,1.2317497557682104,3.3622447925299244
4752.183,1.2291939257373727,3.3613751598713377
4752.203,1.2266228535162185,3.360551671770808
4752.223,1.2240373730474283,3.359774595615988
4752.243,1.2214383229433567,3.359044183673085
4752.263,1.2188265462030148,3.358360673004438
4752.283,1.2162028899285227,3.357724285392235
4752.303,1.213568205041199,3.3571352272682766
4752.323,1.210923345997439,3.356593689649686
4752.343,1.208269170504489,3.3560998480804405
4752.363,1.2059152410340706,3.3537895409244167
4752.383,1.204119955535999,3.3482418633558457
4752.403,1.203220026821403,3.341111412948238
4752.423,1.2032896598604526,3.332669438069616
4752.443,1.204286470744838,3.3230010108987598
4752.463,1.2054834934394882,3.3130720400668765
4752.483,1.206486365549737,3.3027872788826547
4752.503,1.207467007627947,3.292416896364314
4752.523,1.208622417458408,3.2824372370888706
4752.543,1.2097963911297407,3.2724952225791695
4752.563,1.210978228029208,3.2625656358110375
4752.583,1.212159844493002,3.2526360518356845
4752.603,1.2133414443451376,3.2427064666764536
4752.623,1.214523029519773,3.2327768802174175
4752.643,1.2157023360773425,3.222842906284035
4752.663,1.2168790491207029,3.2129046509566423
4752.683,1.2180551861623807,3.202969059962937
4752.703,1.2192293624647543,3.193030266216412
4752.723,1.2204059206532198,3.183093897226105
4752.743,1.2215825895289456,3.173158969720848
4752.763,1.2227555903181264,3.163224915415539
4752.783,1.223932535886937,3.1532888662799308
4752.803,1.2251093038135068,3.1433522628449886
4752.823,1.2262857816990156,3.1334156224861758
4752.843,1.2274619807011633,3.1234789480437826
4752.863,1.2286379043141051,3.113542240456094
4752.883,1.229813553904588,3.103605500535262
4752.903,1.2309889315566493,3.0936687298260246
4752.923,1.2321640399859093,3.083731930609493
4752.943,1.2333388852568103,3.073795107833305
4752.963,1.2345134839249234,3.063858273193604
4752.983,1.2356901212699547,3.05392546602075
4753.003,1.2368676445006819,3.0439953899750765
4753.023,1.238045120170677,3.034065309497527
4753.043,1.2392225810722568,3.0241352264023704
4753.063,1.2404000275004574,3.0142051407041257
4753.083,1.241577459448002,3.0042750524091457
4753.103,1.2427548769017982,2.9943449615314743
4753.123,1.2439322798460264,2.9844148680929123
4753.143,1.2451096682624905,2.9744847721228505
4753.163,1.2462870421309562,2.9645546736580206
4753.183,1.2474644014295009,2.9546245727421776
4753.203,1.2486417461348724,2.944694469425701
4753.223,1.2498190762228536,2.934764363765132
4753.243,1.2509963916686273,2.9248342558226477
4753.263,1.2521736924471436,2.9149041456654765
4753.283,1.253350978533482,2.9049740333652587
4753.303,1.254528249903205,2.8950439189973656
4753.323,1.2557055065327019,2.885113802640171
4753.343,1.2568827483995186,2.875183684374302
4753.363,1.2580599754826716,2.865253564281859
4753.383,1.2592371877629425,2.855323442445624
4753.403,1.2604143852231477,2.8453933189482505
4753.423,1.2615915678483873,2.8354631938714667
4753.443,1.2627687356262634,2.8255330672952814
4753.463,1.263945888547073,2.8156029392971993
4753.483,1.2651230266039657,2.80567280995147
4753.503,1.2663001497930748,2.7957426793283653
4753.523,1.2674772581136124,2.7858125474934923
4753.543,1.2686525823151147,2.7758796597485227
4753.563,1.2698189332769216,2.7659355666010046
4753.583,1.270995553435848,2.7560053871170322
4753.603,1.2721721105245596,2.7460751932533203
4753.623,1.2733486522305677,2.7361449982260138
4753.643,1.274525178991013,2.726214802209571
4753.663,1.2757016908371603,2.716284605226161
4753.683,1.276878187799136,2.706354407288196
4753.703,1.2780546699090913,2.6964242083998307
4753.723,1.279231137201026,2.686494008556983
4753.743,1.2804075897105625,2.6765638077474003
4753.763,1.2815840274746904,2.666633605950819
4753.783,1.2827604505315051,2.6567034031391925
4753.803,1.2839323893859698,2.6467697025956975
4753.823,1.2851019428576274,2.636829808496289
4753.843,1.2862729955218042,2.6268964223898355
4753.863,1.28744886813512,2.6169661980304713
4753.883,1.2886245393597235,2.6070359098806404
4753.903,1.289800194495368,2.5971056200012343
4753.923,1.290975581415968,2.587174643154363
4753.943,1.292146268465024,2.5772367406170393
4753.963,1.2933128824254398,2.5672948777128823
4753.983,1.294484924431268,2.5573607169362442
4754.003,1.2956538761264083,2.547424863352735
4754.023,1.2968234840958108,2.5374895514068836
4754.043,1.2979946657436092,2.5275523085635196
4754.063,1.2991656002590504,2.517615011440841
4754.083,1.3003362516709491,2.507677679412009
4754.103,1.301506627234543,2.4977403137448326
4754.123,1.3026767287527543,2.4878029152811543
4754.143,1.3038465572799494,2.477865484824743
4754.163,1.3050161148481867,2.467928024022843
4754.183,1.3061854045560537,2.4579905353967497
4754.203,1.3073544335963636,2.448053024543643
4754.223,1.3085232268300948,2.4381155056958117
4754.243,1.3096942497402353,2.428182695953707
4754.263,1.3108659825088074,2.4182519357157872
4754.283,1.3120376845409856,2.408321172034671
4754.303,1.3132093719496498,2.398390405751327
4754.323,1.3143810448761777,2.3884596368729034
4754.343,1.3155527033113,2.3785288654069725
4754.363,1.3163823180381977,2.3691664837274784
4754.383,1.3168067635869642,2.3611761957445125
4754.403,1.3169621574068175,2.354906890906865
4754.423,1.317088951272161,2.3503871920778323
4754.443,1.3168310149107394,2.3468478543503637
4754.463,1.3160496553758725,2.3439902324408717
4754.483,1.3147333307241063,2.3418213582739944
4754.503,1.3128884254157471,2.340356550691
4754.523,1.3105424687299065,2.3396344916718816
4754.543,1.3078326139358436,2.3394713108300462
4754.563,1.3051352626438588,2.339368309458367
4754.583,1.3024361149248478,2.3393138876231494
4754.603,1.2997369670275665,2.339307220165963
4754.623,1.2970411602564522,2.339335495142387
4754.643,1.2943463305687375,2.339412394281713
4754.663,1.2916533144552342,2.3395397683816967
4754.683,1.2889639757202833,2.3397135351031415
4754.703,1.2862782707785245,2.3399357458291603
4754.723,1.2835970414765303,2.3402082543595366
4754.743,1.28092170957189,2.3405269047766093
4754.763,1.2782525984966229,2.3408937404941574
4754.783,1.275590578119571,2.341310558409699
4754.803,1.2729369992155393,2.341773166216563
4754.823,1.270292200218497,2.3422835714638697
4754.843,1.2676570849196944,2.3428434962979163
4754.863,1.2650329153554527,2.3434487244103375
4754.883,1.2624200699667119,2.3441012238287717
4754.903,1.2598194772670495,2.3448026384868967
4754.923,1.2572323056538017,2.3455487401840216
4754.943,1.2546589713527077,2.3463414491706542
4754.963,1.252100425759485,2.347182328913104
4754.983,1.2495577410832375,2.3480671508970876
4755.003,1.2470313688401513,2.348997780245287
4755.023,1.2445220957073062,2.3499775610434384
4755.043,1.2420289082635512,2.3510123160369
4755.063,1.2395546563457405,2.3520917997155344
4755.083,1.2371002417727905,2.3532156348909283
4755.103,1.234666459647445,2.354383456869864
4755.123,1.232254097387552,2.3555948870424204
4755.143,1.2298639353949559,2.3568495327672174
4755.163,1.2274967468219131,2.358146987500387
4755.183,1.2251532973315555,2.3594868309304093
4755.203,1.2218675180880327,2.3592541127115108
4755.223,1.2169122052354027,2.356189537609438
4755.243,1.2116143115191795,2.3513374197446066
4755.263,1.2062076326396767,2.344857974713178
4755.283,1.2007147933833349,2.3368422340219124
4755.303,1.1952061804273588,2.3284954241269475
4755.323,1.189616204759346,2.3198886546759176
4755.343,1.1839697165462901,2.3111301206786785
4755.363,1.1784518074865435,2.3027369532968947
4755.383,1.1729534377018072,2.2943781116023203
4755.403,1.167448018201284,2.2860204075781256
4755.423,1.161941861320157,2.277668127301553
4755.443,1.1564357454367722,2.2693150601773615
4755.463,1.1509308305559984,2.2609614413936976
4755.483,1.1454258154142956,2.2526071136459356
4755.503,1.1399205540210078,2.24425385368708
4755.523,1.1344158751859885,2.235899649536282
4755.543,1.1289110797092385,2.227545161840309
4755.563,1.1234069811789493,2.219190630551259
4755.583,1.1179019534746177,2.2108375581814412
4755.603,1.1123988955631159,2.2024884157236118
4755.623,1.1068957907347463,2.1941393501510333
4755.643,1.1013926936652463,2.1857902789214423
4755.663,1.0958896032075456,2.177441203324267
4755.683,1.0903865193163758,2.169092123397976
4755.703,1.084883455142934,2.1607414391542052
4755.723,1.0793792143734673,2.152387800505177
4755.743,1.0738753597932558,2.1440351313881965
4755.763,1.0688944791475008,2.136258224207435
4755.783,1.0651827152379143,2.1297965961572056
4755.803,1.0626105071279923,2.124852432790418
4755.823,1.0601831889441167,2.1216311293585193
4755.843,1.0578183658810338,2.1196532759306135
4755.863,1.0555300371998828,2.1188238186109056
4755.883,1.0532909218525184,2.1190079009248337
4755.903,1.0510750055687357,2.1201939837987838
4755.923,1.0489160867778857,2.121808601789408
4755.943,1.0467894616322115,2.12347107851779
4755.963,1.0446930243712815,2.125171537885315
4755.983,1.042627527436127,2.1269094518886913
4756.003,1.04059363956871,2.128684257875438
4756.023,1.0385920185461726,2.130495381365457
4756.043,1.036623311762305,2.132342236385962
4756.063,1.034688156045661,2.134224225574462
4756.083,1.0327871774677617,2.136140740308783
4756.103,1.030920991150992,2.1380911608576247
4756.123,1.0290902010771368,2.140074856545489
4756.143,1.027295399897066,2.1420911859281273
4756.163,1.0255371687418375,2.1441394969761465
4756.183,1.0238160770353897,2.146219127265341
4756.203,1.0221326823089558,2.1483294041729226
4756.223,1.0204875300173195,2.1504696450792182
4756.243,1.0188811533570439,2.152639157574598
4756.263,1.0173140730868548,2.154837239671562
4756.283,1.0157867973503645,2.1570631800219493
4756.303,1.0142998215013843,2.1593162581392633
4756.323,1.0128536279320917,2.1615957446261187
4756.343,1.0114486859043454,2.163900901406749
4756.363,1.0100854513844717,2.1662309819645245
4756.383,1.0087643668818478,2.1685852315843333
4756.403,1.0074858612916122,2.170962887599667
4756.423,1.0062503497418407,2.1733631796442108
4756.443,1.0050582334454878,2.1757853299076597
4756.463,1.0022043909219185,2.1774311627341953
4756.483,0.9963820372807866,2.1776646345584862
4756.503,0.9892750760255767,2.176608733514664
4756.523,0.9811670274851311,2.1742651345631696
4756.543,0.9721277861364185,2.170696808279405
4756.563,0.9628905097615239,2.16686375924262
4756.583,0.9533886637405171,2.1630527624490608
4756.603,0.9435874977655451,2.1592322007705103
4756.623,0.934319400147582,2.1553969400253963
4756.643,0.9250797151710934,2.1515743681949733
4756.663,0.9158401477248161,2.147750446662836
4756.683,0.9066005734823332,2.1439265372116076
4756.703,0.8973609946521959,2.140102637433076
4756.723,0.8881214113337322,2.136278747302844
4756.743,0.8788818236096948,2.1324548668196655
4756.763,0.8696422315661592,2.1286309959855605
4756.783,0.8604026352919737,2.1248071348053084
4756.803,0.8511630348779746,2.120983283286083
4756.823,0.8419234304161729,2.1171594414370833
4756.843,0.8326838219989262,2.113335609269156
4756.863,0.8234442097181023,2.1095117867944153
4756.883,0.8142045936642441,2.105687974025862
4756.903,0.804964973925744,2.1018641709770054
4756.923,0.7957253505880334,2.0980403776614955
4756.943,0.7864857237328048,2.0942165940927575
4756.963,0.7772460934372598,2.090392820283645
4756.983,0.768006459773406,2.086569056246107
4757.003,0.7587668228073962,2.082745301990872
4757.023,0.7495271825989294,2.0789215575271554
4757.043,0.7402875392007098,2.0750978228623884
4757.063,0.7310478926579734,2.071274098001978
4757.083,0.7218082430080877,2.0674503829490862
4757.103,0.7125685902802278,2.063626677704447
4757.123,0.7033289344951298,2.059802982266211
4757.143,0.6940892756649302,2.055979296629825
4757.163,0.6848496137930846,2.052155620787941
4757.183,0.6756055268056299,2.048333420246708
4757.203,0.6663642176015624,2.0445105648344315
4757.223,0.6571172915317335,2.0406881201186313
4757.243,0.6478724133822786,2.0368670545798757
4757.263,0.6391697678240085,2.033550439709564
4757.283,0.6317537935648603,2.0312342785933843
4757.303,0.6260167243561132,2.0295919403265748
4757.323,0.6219967530575541,2.0286157923094215
4757.343,0.6189435727225181,2.028377485923092
4757.363,0.616472951562856,2.02894453002998
4757.383,0.6146131975900009,2.0303219961503496
4757.403,0.613381870305992,2.0324877732130235
4757.423,0.6124670551429112,2.0350484653306085
4757.443,0.6116182693778643,2.037611170329632
4757.463,0.6108157245000367,2.040188767375605
4757.483,0.6100596978756592,2.0427804010465147
4757.503,0.6093504354054209,2.0453852309802776
4757.523,0.6086881676726937,2.0480024126818073
4757.543,0.6080731099864063,2.0506310976033943
4757.563,0.6075054623061784,2.05327043343295
4757.583,0.6069854091731666,2.055919564383655
4757.603,0.6065131196474062,2.058577631483946
4757.623,0.6060887472515594,2.0612437728676087
4757.643,0.6057124299209573,2.063917124063806
4757.663,0.6053842899598162,2.066596818286893
4757.683,0.6051044340035024,2.0692819867258905
4757.703,0.6048729529867234,2.071971758833527
4757.723,0.6046899221175187,2.0746652626147792
4757.743,0.604555400856934,2.077361624914843
4757.763,0.6044694329042727,2.0800599717065187
4757.783,0.604432046187818,2.0827594283769444
4757.803,0.6044363098914454,2.0854565721001186
4757.823,0.6025887742589268,2.088194680124343
4757.843,0.5974586103100052,2.0909888659282077
4757.863,0.5906084437016231,2.093198056058054
4757.883,0.5822885208655642,2.094699279466948
4757.903,0.5725949029045341,2.095521580559723
4757.923,0.5626166742163787,2.096199088744771
4757.943,0.5523709313766808,2.096707427253856
4757.963,0.5417887558693812,2.097114815901436
4757.983,0.5317858434769568,2.0977482630029205
4758.003,0.52178896859226,2.0983981170999004
4758.023,0.5118039770023503,2.0990562195319415
4758.043,0.5018263729177106,2.0997201745587226
4758.063,0.49184876612626827,2.1003840747494333
4758.083,0.4818711583480294,2.1010479592193767
4758.103,0.47189353933223643,2.101711878379149
4758.123,0.46191104466443955,2.1023725557452617
4758.143,0.45192839362634096,2.103032459628189
4758.163,0.44194608691728765,2.1036916455688868
4758.183,0.43196238983828794,2.1043506020313485
4758.203,0.4219760258893437,2.105007101189035
4758.223,0.4119917583785922,2.1056650662540877
4758.243,0.40200767124138026,2.1063241467456555
4758.263,0.3920235524753153,2.106983176459341
4758.283,0.38203941604730485,2.107641968331491
4758.303,0.3720552623886697,2.108300501095002
4758.323,0.3620710915116842,2.108958772164581
4758.343,0.35208690342024435,2.10961678140863
4758.363,0.34210269813911015,2.1102745289716784
4758.383,0.33211968478573267,2.1109325746394525
4758.403,0.3221418360949245,2.1115933314544657
4758.423,0.312161385245859,2.11225053652795
4758.443,0.30217808755510944,2.112905513611531
4758.463,0.29219525936127966,2.113562190323426
4758.483,0.2822107718971561,2.1142174083102003
4758.503,0.2722321556757283,2.1148767806207807
4758.523,0.26225427888618197,2.115536658015594
4758.543,0.2522764013729931,2.116196518974538
4758.563,0.2422985227742981,2.116856363727761
4758.583,0.23232064309192685,2.1175161922212578
4758.603,0.22234276233264177,2.118176004399461
4758.623,0.21236488050426683,2.1188358002102947
4758.643,0.20238699761552573,2.1194955796057675
4758.663,0.1924091136759134,2.1201553425424633
4758.683,0.18243122869556233,2.1208150889819852
4758.703,0.17245334268510415,2.12147481889135
4758.723,0.16247545565552893,2.1221345322433236
4758.743,0.15249756761804256,2.1227942290167063
4758.763,0.14251967858392361,2.123453909196544
4758.783,0.13254178856438148,2.1241135727742972
4758.803,0.12256389757041655,2.1247732197479228
4758.823,0.11258600561268431,2.1254328501219053
4758.843,0.10260811270136411,2.1260924639072183
4758.863,0.09263021884603408,2.1267520611212216
4758.883,0.08265232405555342,2.1274116417874915
4758.903,0.07267123472825988,2.128068125474399
4758.923,0.06268960857462896,2.12872205996388
4758.943,0.052707824318907345,2.129376699141715
4758.963,0.042726335442532876,2.1300309811842464
4758.983,0.03274339946027356,2.1306846205536787
4759.003,0.02276179196133594,2.131338786078735
4759.023,0.012780113923782083,2.13199303648532
4759.043,0.00279831805560498,2.132646567130262
4759.063,-0.007184616214157863,2.1332992597772082
4759.083,-0.017166115624782995,2.13395367110428
4759.103,-0.027147776978711725,2.13460661647144
4759.123,-0.03712932043273136,2.1352603957511613
4759.143,-0.047110645228735815,2.135913743709135
4759.163,-0.057101109617291604,2.136562915204227
4759.183,-0.06708768668649619,2.137212583371482
4759.203,-0.0770719532012299,2.137863944175039
4759.223,-0.08705506437727568,2.1385155453802707
4759.243,-0.09703806341759223,2.139166233624747
4759.263,-0.10702891927481013,2.139813633510956
4759.283,-0.11701044123119805,2.140467073872321
4759.303,-0.1269920456463258,2.141120153386983
4759.323,-0.1369712506629237,2.1417741060451485
4759.343,-0.14695271643271696,2.142427129543767
4759.363,-0.15693795258333026,2.143077107434667
4759.383,-0.16692205595234685,2.1437278457768056
4759.403,-0.1769047495213339,2.1443802744898246
4759.423,-0.18688997172590305,2.145030141841106
4759.443,-0.1968714914379638,2.1456809577498883
4759.463,-0.20685527001364365,2.146330217405657
4759.483,-0.21684007289407964,2.146980230979216
4759.503,-0.22682474462685626,2.1476308651149294
4759.523,-0.23680943510768565,2.1482812930186013
4759.543,-0.2467941427127229,2.1489314655890412
4759.563,-0.25677886737256855,2.149581376650512
4759.583,-0.26676360908740177,2.150231025607523
4759.603,-0.27674836784066603,2.1508804125616052
4759.623,-0.2867331435954881,2.151529537659709
4759.643,-0.2967154517210502,2.152179640008425
4759.663,-0.30669386068397314,2.1528318432554645
4759.683,-0.31667337244158156,2.1534833637944835
4759.703,-0.3261081025851583,2.153930995164307
4759.723,-0.33411152903337815,2.154027736234264
4759.743,-0.34046520494201726,2.153974255859078
4759.763,-0.3450895143164262,2.1538882420972723
4759.783,-0.3487488875624581,2.1541681430979684
4759.803,-0.3516028211216456,2.1548953115359493
4759.823,-0.3536613551979014,2.1561098828000493
4759.843,-0.35491622531087547,2.157816384085426
4759.863,-0.35537484189188795,2.1600199204464308
4759.883,-0.35516403116968076,2.162611957532829
4759.903,-0.35478338867318,2.165294526403083
4759.923,-0.3543594244854681,2.1679603129996847
4759.943,-0.35388725514665653,2.170618285079414
4759.963,-0.3533673242074751,2.173267320504714
4759.983,-0.3527998012552592,2.175906559744102
4760.003,-0.3521848706679161,2.1785351480164628
4760.023,-0.35152273215588775,2.181152234082379
4760.043,-0.3508136006975118,2.18375697050573
4760.063,-0.3500577064635806,2.1863485139250742
4760.083,-0.3492552947370885,2.1889260253235254
4760.103,-0.34840662582826554,2.1914886702969243
4760.123,-0.34751197498494896,2.1940356193202297
4760.143,-0.3465716322983432,2.196566048012019
4760.163,-0.34558590260423455,2.199079137396989
4760.183,-0.3445551053797282,2.2015740741663583
4760.203,-0.3434795746355881,2.204050050936055
4760.223,-0.3423596588042679,2.20650626650259
4760.243,-0.34119572062372816,2.20894192609651
4760.263,-0.33998813701714625,2.211356241633328
4760.283,-0.33873729896862836,2.213748431961845
4760.303,-0.3374436113950433,2.2161177231097815
4760.323,-0.33610749301409837,2.218463348526637
4760.343,-0.3347293762087812,2.220784549323732
4760.363,-0.3333097068882907,2.223080574511376
4760.383,-0.3318489443455792,2.2253506812331527
4760.403,-0.33034756111161384,2.2275941349972825
4760.423,-0.32880604280646697,2.229810209905109
4760.443,-0.32722488798731836,2.2319981888767018
4760.463,-0.32560460799344493,2.2341573638736483
4760.483,-0.3239457267882453,2.2362870361190903
4760.503,-0.32224878079832503,2.238386516315076
4760.523,-0.3205143187496402,2.240455124857338
4760.543,-0.318742901500664,2.24249219204759
4760.563,-0.3169351018725162,2.2444970583034536
4760.583,-0.31509150447595596,2.246469074366119
4760.603,-0.3132127055351132,2.2484076015058534
4760.623,-0.31129931270780653,2.2503120117254327
4760.643,-0.3093519449022654,2.2521816879615852
4760.663,-0.30737123209006373,2.2540160242844784
4760.683,-0.30535781511505466,2.2558144260952817
4760.703,-0.30331234549809305,2.2575763103217725
4760.723,-0.3012354852373379,2.2593011056119376
4760.743,-0.2991279066039404,2.2609882525254714
4760.763,-0.29699029193294385,2.2626372037230116
4760.783,-0.29482333340925404,2.264247424152955
4760.803,-0.29262773284858157,2.2658183912355954
4760.823,-0.29040420147329654,2.267349595044354
4760.843,-0.288153459683196,2.268840538483781
4760.863,-0.285876236821227,2.2702907374640464
4760.883,-0.2835732709342794,2.271699721071569
4760.903,-0.28124530852920027,2.2730670317354575
4760.923,-0.2788931043242406,2.2743922253894424
4760.943,-0.2765174209961971,2.275674871628977
4760.963,-0.27411902892353424,2.2769145538632047
4760.983,-0.27169870592581896,2.2781108694615413
4761.003,-0.26925723699981235,2.279263429894624
4761.023,-0.26756413280917873,2.2820895715695073
4761.043,-0.2672348677529077,2.287906539141227
4761.063,-0.26817400039003164,2.295028710540873
4761.083,-0.2703842709292738,2.3031727346533164
4761.103,-0.27380419859874816,2.312268118661728
4761.123,-0.27748638074477056,2.321566387378912
4761.143,-0.2811330379020161,2.331182298290442
4761.163,-0.2847890424730949,2.340887499081187
4761.183,-0.2884663572758335,2.350207824036161
4761.203,-0.29213920601612536,2.3595136828946037
4761.223,-0.29581198577013124,2.3688160523470745
4761.243,-0.29948588864200565,2.3781162734104453
4761.263,-0.30315975366585607,2.3874165100019114
4761.283,-0.3068336076632765,2.396716750991267
4761.303,-0.3105074508728191,2.406016996297323
4761.323,-0.3141812833047113,2.4153172459404635
4761.343,-0.3178551049713885,2.4246174999398353
4761.363,-0.32152891588967963,2.4339177583120537
4761.383,-0.32520271608091333,2.443218021070918
4761.403,-0.32887347009986745,2.452522142982703
4761.423,-0.3325436330553092,2.461830151497811
4761.443,-0.33621730236165653,2.47113055161507
4761.463,-0.33989064898321264,2.4804309944593426
4761.483,-0.3435639818992391,2.4897314424494392
4761.503,-0.34723730386957813,2.499031895024325
4761.523,-0.35091061498761333,2.5083323521605965
4761.543,-0.3545839153259297,2.5176328138357196
4761.563,-0.3582572049589223,2.5269332800239357
4761.583,-0.36193048396262967,2.5362337506963253
4761.603,-0.365603752414333,2.545534225820938
4761.623,-0.36927701039212807,2.5548347053629605
4761.643,-0.37295025797446807,2.564135189284926
4761.663,-0.37662349523969213,2.5734356775469474
4761.683,-0.3802967222655357,2.582736170106991
4761.703,-0.3839699391286391,2.592036666921167
4761.723,-0.3876431459040484,2.601337167944053
4761.743,-0.39131634266472215,2.6106376731290393
4761.763,-0.3949895294810464,2.619938182428678
4761.783,-0.39866270642036417,2.629238695795064
4761.803,-0.402335873546525,2.6385392131802137
4761.823,-0.40600903091945767,2.647839734536448
4761.843,-0.40968217859477407,2.6571402598167855
4761.863,-0.413355316623404,2.666440788975321
4761.883,-0.4170284450512698,2.6757413219676147
4761.903,-0.4207015639190033,2.6850418587510454
4761.923,-0.4243746732617053,2.694342399285176
4761.943,-0.42804777310875153,2.703642943532078
4761.963,-0.4317208634836536,2.7129434914566537
4761.983,-0.4353934982357946,2.72224785344782
4762.003,-0.43906329421079854,2.73156064485095
4762.023,-0.4427307332828053,2.7408778464555614
4762.043,-0.4463973067077127,2.750195423123563
4762.063,-0.45006248729476694,2.7595126632682927
4762.083,-0.45373319397341233,2.7688170103464222
4762.103,-0.45740379230774825,2.7781193085621214
4762.123,-0.4606179831405662,2.7868603487513397
4762.143,-0.4628475086322701,2.794320343672936
4762.163,-0.4644450388717094,2.80007890905351
4762.183,-0.4653866883201237,2.8041327504355635
4762.203,-0.465601263399204,2.8072069191524465
4762.223,-0.46501198301020913,2.8096852448920036
4762.243,-0.4636295504732735,2.8115425382006625
4762.263,-0.4614681055116851,2.81275836695547
4762.283,-0.45890870158476865,2.813614956503637
4762.303,-0.4563329474719794,2.8144231410391027
4762.323,-0.453742960603,2.8151848242272925
4762.343,-0.4511396726813415,2.81589977087818
4762.363,-0.44852392885935133,2.8165677485795797
4762.383,-0.44589657763689405,2.8171885400162786
4762.403,-0.4432584712976398,2.817761943247769
4762.423,-0.4406104656227996,2.8182877717793993
4762.443,-0.4379534195990762,2.8187658546241297
4762.463,-0.4352881951267382,2.8191960363577215
4762.483,-0.4326156567280433,2.819578177167498
4762.503,-0.429936671256146,2.819912152894869
4762.523,-0.42725210760460053,2.820197855071747
4762.543,-0.4245628364175371,2.820435190951025
4762.563,-0.42186972980056126,2.8206240835312513
4762.583,-0.4191736610324149,2.820764471575645
4762.603,-0.41647550427741575,2.8208563096255785
4762.623,-0.4137761342986885,2.820899568008642
4762.643,-0.41107849528133855,2.8208990979187187
4762.663,-0.40838316104685424,2.820859480136687
4762.683,-0.4056887505284242,2.8207693994994534
4762.703,-0.40299707228498277,2.820632928361202
4762.723,-0.40016290190280085,2.822310720444591
4762.743,-0.39710120200079696,2.8272681833044877
4762.763,-0.39453228480996205,2.833977931655719
4762.783,-0.39259368736251055,2.84219194128957
4762.803,-0.3912651343756181,2.8518182334724154
4762.823,-0.390069189381214,2.8617472466434606
4762.843,-0.38906455260688183,2.872027227224289
4762.863,-0.38808595764605286,2.8823742034999356
4762.883,-0.3869267918215191,2.892340112895733
4762.903,-0.38574519385153044,2.902269718337481
4762.923,-0.38456381720532967,2.9121993448330885
4762.943,-0.38338245831519185,2.9221289742348056
4762.963,-0.38220111455368183,2.9320586061761915
4762.983,-0.38101978587338436,2.9419882405976594
4763.003,-0.379838472251111,2.951917877436338
4763.023,-0.3786571736653759,2.9618475166237426
4763.043,-0.3774758900963427,2.9717771580863994
4763.063,-0.37629462152596355,2.981706801746547
4763.083,-0.3751133679381077,2.9916364475228874
4763.103,-0.3739321293186687,3.0015660953313748
4763.123,-0.3727509056556579,3.011495745086028
4763.143,-0.371569696939279,3.0214253966997675
4763.163,-0.37038850316198196,3.0313550500852626
4763.183,-0.369207324318497,3.041284705155784
4763.203,-0.36802616040585084,3.0512143618260468
4763.223,-0.36684501142335796,3.061144020013049
4763.243,-0.36566387737259237,3.0710736796368816
4763.263,-0.36448364421861107,3.081004486448086
4763.283,-0.3633081407397728,3.0909389106469316
4763.303,-0.36213293421509507,3.100874263779108
4763.323,-0.36095575039637906,3.110808026027452
4763.343,-0.3597806138284768,3.120743376871221
4763.363,-0.358604592711129,3.130677229096709
4763.383,-0.3574318082240682,3.14061535037087
4763.403,-0.3562530697912019,3.150545965564551
4763.423,-0.35507321124319824,3.1604757703395276
4763.443,-0.353893371456056,3.1704055765336054
4763.463,-0.3530564216368066,3.179767708177356
4763.483,-0.3525922761933401,3.1877599005023893
4763.503,-0.3523860180039225,3.194031947829462
4763.523,-0.35224540018772094,3.1985532144118265
4763.543,-0.35248207431915607,3.202224427288645
4763.563,-0.35324165607756447,3.2052747998822015
4763.583,-0.35451774700170835,3.2078026096938377
4763.603,-0.3563116169759445,3.2098226622700725
4763.623,-0.3586181124346097,3.211288411565615
4763.643,-0.36136788342593473,3.2121847617565376
4763.663,-0.36430287596735705,3.2127482850036317
4763.683,-0.36702458817393413,3.212836004684267
4763.703,-0.36972281205152496,3.2128399035918966
4763.723,-0.37241815208104506,3.212806456728189
4763.743,-0.37511294482549157,3.2127226291222666
4763.763,-0.3778051007612008,3.212592419706897
4763.783,-0.38049436477517273,3.212413672380955
4763.803,-0.3831800361091691,3.212184571675406
4763.823,-0.3858605034323008,3.211909270535833
4763.843,-0.3887772566872183,3.213438547953916
4763.863,-0.39209053940129523,3.2182315152517074
4763.883,-0.3950021312742752,3.2247999169189105
4763.903,-0.3973696134569255,3.232908040137862
4763.923,-0.3992579570628942,3.2424305480680067
4763.943,-0.4009649751202551,3.2522831868917326
4763.963,-0.4025210850593488,3.262465694464582
4763.983,-0.4040080013595921,3.2728758654895875
4764.003,-0.40566368905721556,3.282809940218811
4764.023,-0.40733774090433833,3.292696708304668
4764.043,-0.4090277115617256,3.3025571032521657
4764.063,-0.4107199440738124,3.312412508389219
4764.083,-0.4124121542229981,3.322267917838663
4764.103,-0.41410435074223023,3.332123329581345
4764.123,-0.41579653377509457,3.341978743603555
4764.143,-0.41748870338715505,3.3518341599129937
4764.163,-0.4191808596383222,3.361689578518991
4764.183,-0.4208730025830471,3.3715449994321602
4764.203,-0.42256233783083147,3.3814033373367702
4764.223,-0.424254513119698,3.391258760729287
4764.243,-0.42594355241119247,3.4011182646214517
4764.263,-0.42763097715713155,3.4109801284907566
4764.283,-0.4293195914380984,3.420841261109107
4764.303,-0.4310104104196961,3.4306970152745317
4764.323,-0.43270189856927177,3.440552542569474
4764.343,-0.4343933648986212,3.4504080798451753
4764.363,-0.43608327315628503,3.4602668793868325
4764.383,-0.43777168517195814,3.47012902175689
4764.403,-0.4394599109585878,3.4799912340469796
4764.423,-0.4411478822584313,3.489853510341288
4764.443,-0.4428355942336014,3.4997158436118445
4764.463,-0.4445230473560682,3.5095782284669665
4764.483,-0.44621024232418643,3.5194406613096265
4764.503,-0.4478971806668405,3.5293031390028538
4764.523,-0.4495838644405916,3.539165658238031
4764.543,-0.45127029799867124,3.5490282142787075
4764.563,-0.45295649087028034,3.55889079816699
4764.583,-0.454642708393104,3.5687527685874416
4764.603,-0.4563314712227272,3.5786087890091305
4764.623,-0.4580199686561594,3.588464838458416
4764.643,-0.4597084495988609,3.598320890788015
4764.663,-0.4613969164239791,3.6081769457294732
4764.683,-0.4630853691096365,3.6180330032692196
4764.703,-0.464773807612383,3.627889063394764
4764.723,-0.46646223188996916,3.637745126092367
4764.743,-0.4681506419022054,3.647601191347091
4764.763,-0.4698390376115787,3.6574572591428836
4764.783,-0.4715274189838315,3.6673133294626776
4764.803,-0.4732157859884936,3.677169402288504
4764.823,-0.4749041385993691,3.68702547760162
4764.843,-0.47659247679496974,3.696881555382641
4764.863,-0.4782808005588913,3.7067376356116917
4764.883,-0.4799691098801334,3.716593718268551
4764.903,-0.4816574047533531,3.726449803332821
4764.923,-0.4833456851790565,3.73630589078408
4764.943,-0.4850339511637232,3.746161980602053
4764.963,-0.4867222027198672,3.756018072766777
4764.983,-0.488410439866027,3.765874167258764
4765.003,-0.4900986626266909,3.775730264059165
4765.023,-0.4917868710321582,3.785586363149925
4765.043,-0.4934696420380609,3.7954466085297978
4765.063,-0.49515301688907204,3.805307113624997
4765.083,-0.4968368211167049,3.8151673701956135
4765.103,-0.49851971770779496,3.825026868550383
4765.123,-0.5002018856766225,3.834887285116733
4765.143,-0.501884762547935,3.8447465925251354
4765.163,-0.5035674464645817,3.8546070926366998
4765.183,-0.5052494055183179,3.864467739791561
4765.203,-0.5069313432506498,3.874328462409264
4765.223,-0.5086136946780517,3.8841889745201525
4765.243,-0.5102952193594035,3.8940487404789597
4765.263,-0.5119760681485411,3.9039094464873623
4765.283,-0.5136570336555268,3.9137714053519517
4765.303,-0.5153424179349149,3.9236279971984196
4765.323,-0.5170277143105775,3.933484591549298
4765.343,-0.5187129964241547,3.94334118814972
4765.363,-0.520398264940336,3.953197787027024
4765.383,-0.5220835199345201,3.963054388187753
4765.403,-0.5237687614727699,3.972910991639559
4765.423,-0.5254539896159163,3.9827675973915158
4765.443,-0.5271392044191714,3.99262420545398
4765.463,-0.5288237700317189,4.002482077705435
4765.483,-0.5305069984755816,4.012340386105691
4765.503,-0.532189015138278,4.0222007616066815
4765.523,-0.5338714601808825,4.032061821067969
4765.543,-0.535552712244518,4.041922862500344
4765.563,-0.5372354794225982,4.051784052767241
4765.583,-0.5389177436843623,4.061645699817742
4765.603,-0.5405990287036594,4.071508433718956
4765.623,-0.5422827155196709,4.081365555852902
4765.643,-0.5439665751385414,4.091222556975425
4765.663,-0.5456504388872083,4.101079567175987
4765.683,-0.5473342939713888,4.1109365772696655
4765.703,-0.5490181280689931,4.1207935936350655
4765.723,-0.5507019324573766,4.1306506146851865
4765.743,-0.5523856984330597,4.140507643752536
4765.763,-0.5536586817094779,4.149819519216316
4765.783,-0.5543424729065869,4.157724042852616
4765.803,-0.5549518724126666,4.1639845974120915
4765.823,-0.5555019387240406,4.168599109998982
4765.843,-0.5561278484446535,4.172254426358258
4765.863,-0.5572238226461096,4.1752251073725555
4765.883,-0.558802867092334,4.1775003907780945
4765.903,-0.5608423419908587,4.179030808362707
4765.923,-0.5630853885604339,4.1795827616515675
4765.943,-0.5655801320048963,4.179339070849749
4765.963,-0.5681851898905128,4.178678650945607
4765.983,-0.5707917677329528,4.177976222727935
4766.003,-0.5733852367314974,4.177226992423028
4766.023,-0.5759647892674976,4.176431208744012
4766.043,-0.5785295903883747,4.175589130207202
4766.063,-0.5810788096976927,4.174701030226377
4766.083,-0.5836116219425391,4.173767197076253
4766.103,-0.5861272072779817,4.172787933792769
4766.123,-0.5886247515261858,4.171763558068318
4766.143,-0.5911034464334018,4.17069440214266
4766.163,-0.5935624899247667,4.1695808126895555
4766.183,-0.5960010863567912,4.168423150699241
4766.203,-0.5984184467674287,4.167221791356789
4766.223,-0.600813789123623,4.165977123916486
4766.243,-0.6031863385662193,4.164689551572318
4766.263,-0.6055353276521548,4.163359491324679
4766.283,-0.6078599965938463,4.161987373843442
4766.303,-0.6101595934956953,4.1605736433274885
4766.323,-0.612433374587664,4.159118757360861
4766.343,-0.614680604455882,4.157623186765636
4766.363,-0.6169005562702625,4.156087415451645
4766.383,-0.619092512009135,4.1545119402631645
4766.403,-0.6212557626809065,4.1528972708226535
4766.423,-0.6233896085428091,4.151243929371641
4766.443,-0.625493359316783,4.149552450608809
4766.463,-0.6275663344025812,4.147823381525296
4766.483,-0.629607863088194,4.146057281237233
4766.503,-0.6316172847576956,4.144254720815513
4766.523,-0.6335939490966332,4.142416283112656
4766.543,-0.6355372162950731,4.140542562586773
4766.563,-0.6374464572484106,4.138634165122432
4766.583,-0.6393210537560554,4.1366917078483
4766.603,-0.6411603987180684,4.134715818951381
4766.623,-0.6429638963298124,4.13270713748764
4766.643,-0.6447309622746464,4.130666313188803
4766.663,-0.646461023914659,4.128594006265131
4766.683,-0.6481535204793935,4.126490887203918
4766.703,-0.6498079032524797,4.124357636563542
4766.723,-0.6514236357560402,4.122194944762875
4766.743,-0.6530001939326971,4.120003511865914
4766.763,-0.6545370663249691,4.117784047361502
4766.783,-0.6560337542518037,4.115537269938107
4766.803,-0.657489771981968,4.113263907253604
4766.823,-0.6589046469039955,4.1109646957001456
4766.843,-0.6602779196923672,4.10864038016418
4766.863,-0.6616091444696066,4.1062917137817845
4766.883,-0.6628978889639635,4.103919457689495
4766.903,-0.664143734662378,4.101524380770894
4766.923,-0.6653462769584316,4.099107259399222
4766.943,-0.6665051252950247,4.0966688771763335
4766.963,-0.6676199033015386,4.09421002466832
4766.983,-0.6686902489252937,4.091731499138151
4767.003,-0.6697158145571398,4.089234104275672
4767.023,-0.6706962671510616,4.086718649925318
4767.043,-0.671631288337719,4.084185951811862
4767.063,-0.672520574531881,4.081636831264499
4767.083,-0.6733638370337425,4.079072114939574
4767.103,-0.6741608021241489,4.076492634542199
4767.123,-0.674911211153776,4.073899226546973
4767.143,-0.6756148206263332,4.071292731918048
4767.163,-0.6762714022758772,4.0686739958286315
4767.183,-0.6768807431383278,4.06604386738014
4767.203,-0.6774426456172906,4.06340319932105
4767.223,-0.6798051712763161,4.061107159503207
4767.243,-0.6853916422069228,4.059452761983537
4767.263,-0.6925393513505763,4.058733659188124
4767.283,-0.7009731801300487,4.059017484634392
4767.303,-0.7106103851933471,4.060260643880923
4767.323,-0.720505290072623,4.061712577920005
4767.343,-0.7307496628657273,4.062988931158834
4767.363,-0.7410808179513672,4.064232834143328
4767.383,-0.751002627682113,4.065645614905446
4767.403,-0.7609067950026847,4.067077889241842
4767.423,-0.7708095022320758,4.068509864938554
4767.443,-0.7807053552587133,4.069947321852353
4767.463,-0.7906011609391365,4.071384721839851
4767.483,-0.8004969682043502,4.072822106042916
4767.503,-0.8103927775795956,4.074259474990133
4767.523,-0.8202885890828434,4.075696828649856
4767.543,-0.8301844027256478,4.077134166988898
4767.563,-0.8400802185185385,4.0785714899788665
4767.583,-0.8499760364710213,4.080008797596606
4767.603,-0.8598718565915261,4.08144608982451
4767.623,-0.8697676788873664,4.082883366650798
4767.643,-0.8796635033647046,4.084320628069701
4767.663,-0.8895593300285265,4.085757874081605
4767.683,-0.8994551588826286,4.087195104693116
4767.703,-0.9093509899296124,4.0886323199170596
4767.723,-0.9192468231708891,4.090069519772421
4767.743,-0.929142658606697,4.091506704284222
4767.763,-0.9390384962361255,4.092943873483318
4767.783,-0.9489343360571516,4.09438102740615
4767.803,-0.958830178066685,4.095818166094432
4767.823,-0.9687292496852125,4.097253007208688
4767.843,-0.978628360113971,4.098687683449413
4767.863,-0.9885274734737645,4.100122304062352
4767.883,-0.9984265036414189,4.101556909005027
4767.903,-1.0083243448146386,4.102991899252168
4767.923,-1.0182235281810887,4.10442629917251
4767.943,-1.0281226610186318,4.105860723270682
4767.963,-1.0380218008134745,4.107295101332686
4767.983,-1.047920794092165,4.108729685914461
4768.003,-1.057819919739997,4.110164008658715
4768.023,-1.067719040968177,4.111598294640306
4768.043,-1.0776181446666258,4.113032547346096
4768.063,-1.0875172123003227,4.114466762119344
4768.083,-1.097414871230199,4.115901586909263
4768.103,-1.1073158796877918,4.117334289983586
4768.123,-1.1172166527632026,4.118766768458657
4768.143,-1.127117440070827,4.120197625040709
4768.163,-1.1370195639878535,4.121627350139553
4768.183,-1.1469198004711256,4.123060209782777
4768.203,-1.1568158945350864,4.124495619566781
4768.223,-1.1667119915377933,4.125931006852617
4768.243,-1.1766080905272225,4.127366379920577
4768.263,-1.1865041914928076,4.12880173886865
4768.283,-1.1964020901835772,4.130235951249669
4768.303,-1.2063043312869242,4.131665424083232
4768.323,-1.2162009543263368,4.133100374736196
4768.343,-1.226097107510237,4.134535389281638
4768.363,-1.2359932611879643,4.135970388836609
4768.383,-1.2453018880674667,4.13700933203836
4768.403,-1.253176548037892,4.137473995654034
4768.423,-1.2594314278692007,4.137445735301719
4768.443,-1.263973482497634,4.137427946353633
4768.463,-1.2674026432202856,4.137558583062029
4768.483,-1.2700038715419546,4.138198799548165
4768.503,-1.2717819412473277,4.139363945737055
4768.523,-1.2727278964358346,4.14105529039189
4768.543,-1.2729135486111518,4.143297816978529
4768.563,-1.272481407727254,4.145862886379937
4768.583,-1.2718798841454564,4.148493425144463
4768.603,-1.2712297092558822,4.151113329126941
4768.623,-1.2705323604815766,4.153721176866862
4768.643,-1.2697881893927667,4.156316043833385
4768.663,-1.268997439344721,4.158897089288894
4768.683,-1.2681603672540063,4.161463477638258
4768.703,-1.2672772448520977,4.164014378143273
4768.723,-1.2663483586507593,4.166548965165405
4768.743,-1.2653740098732638,4.169066418417027
4768.763,-1.264354514370612,4.171565923215257
4768.783,-1.2632902025267694,4.174046670736453
4768.803,-1.2621814191554095,4.17650785827014
4768.823,-1.261028523389783,4.178948689471611
4768.843,-1.2598318885667754,4.181368374612653
4768.863,-1.2585919021058771,4.1837661308300875
4768.883,-1.2573089653835698,4.186141182371868
4768.903,-1.2559834936034995,4.188492760840594
4768.923,-1.254615915662711,4.19082010543428
4768.943,-1.2532066740141736,4.193122463184363
4768.963,-1.251756224525775,4.195399089190816
4768.983,-1.2502650363359484,4.1976492468544215
4769.003,-1.2487335917060551,4.199872208106154
4769.023,-1.2471623858696381,4.202067253633682
4769.043,-1.2455519268786293,4.204233673105072
4769.063,-1.2439027354465781,4.206370765389714
4769.083,-1.2422153447889286,4.208477838776561
4769.103,-1.2404903004603665,4.21055421118976
4769.123,-1.2387281601891982,4.212599210401797
4769.143,-1.2369294937087154,4.214612174244229
4769.163,-1.2350948825854617,4.216592450816144
4769.183,-1.2332249200442749,4.218539398690445
4769.203,-1.2313202107899603,4.220452387118034
4769.223,-1.229381370825426,4.22233079623001
4769.243,-1.2274090272660831,4.224174017237896
4769.263,-1.2254038181503002,4.225981452631962
4769.283,-1.2233663922457005,4.22775251637762
4769.303,-1.221297408851083,4.229486634109832
4769.323,-1.219197537593771,4.231183243325461
4769.343,-1.2170674582221928,4.232841793573449
4769.363,-1.2149078603935501,4.2344617466426095
4769.383,-1.2127194434564461,4.236042576746852
4769.403,-1.2105029162284027,4.237583770707585
4769.423,-1.208258996768242,4.239084828132985
4769.443,-1.2059884121433617,4.240545261593863
4769.463,-1.2036918981919857,4.241964596795769
4769.483,-1.2013701992805337,4.243342372747013
4769.503,-1.199024068056298,4.2446781419222726
4769.523,-1.1966542651956718,4.245971470421439
4769.543,-1.1942615591482095,4.24722193812343
4769.563,-1.191846725876838,4.248429138834654
4769.583,-1.1894105485945585,4.249592680431883
4769.603,-1.1869538174979992,4.250712184999359
4769.623,-1.1844773294981852,4.251787288959892
4769.643,-1.1826969251338642,4.254559266092211
4769.663,-1.182185259043473,4.260363791372
4769.683,-1.182900167207734,4.267512952380875
4769.703,-1.1848534760628722,4.275723573613572
4769.723,-1.1879856672374502,4.28492293798033
4769.743,-1.19137287838905,4.294332867215352
4769.763,-1.194714242608874,4.304015766175958
4769.783,-1.1980455699236645,4.313958369813898
4769.803,-1.2014156322742378,4.323390989359968
4769.823,-1.204792960982747,4.332808745063317
4769.843,-1.2081701936884761,4.342225117322034
4769.863,-1.2115473775785517,4.3516409953719455
4769.883,-1.2149252156070502,4.361053010918007
4769.903,-1.2183029427104537,4.370465035629329
4769.923,-1.2216805664176953,4.3798770887340535
4769.943,-1.2250580702998626,4.389289172301415
4769.963,-1.228435433929377,4.398701287546653
4769.983,-1.2318126282566815,4.40811343305161
4770.003,-1.23518960412054,4.417525600072358
4770.023,-1.2385663528858812,4.426937765247327
4770.043,-1.2419390465051359,4.436361198086189
4770.063,-1.2453165976471865,4.445773110748251
4770.083,-1.24869408177887,4.455185040766058
4770.103,-1.2520715527795172,4.464596975655565
4770.123,-1.2554490123228668,4.4740089147191
4770.143,-1.258826460431681,4.483420857966285
4770.163,-1.2622038971185023,4.492832805411456
4770.183,-1.26558132240038,4.502244757066621
4770.203,-1.268958736299099,4.511656712941181
4770.223,-1.2723351319306924,4.521069916704881
4770.243,-1.275708726755263,4.530488755630105
4770.263,-1.2790847014137294,4.539905139833635
4770.283,-1.2824617040405821,4.549317244567194
4770.303,-1.2858386872388452,4.558729355703111
4770.323,-1.2892143793450548,4.568144894536887
4770.343,-1.2925855428955118,4.577566562105915
4770.363,-1.295958309551758,4.586983545000386
4770.383,-1.2993308075093377,4.596400197366458
4770.403,-1.3027033777860608,4.605817477193614
4770.423,-1.306075877935692,4.615233683755993
4770.443,-1.3094479488049773,4.624650155096553
4770.463,-1.312820078578902,4.634067506373137
4770.483,-1.316192130833427,4.643483849554963
4770.503,-1.3195637519673833,4.652900471565216
4770.523,-1.3229354328976022,4.66231797836515
4770.543,-1.3263070373402477,4.67173447960872
4770.563,-1.3296798949506061,4.681150678350298
4770.583,-1.3330528373247372,4.6905746054960415
4770.603,-1.3364235063209562,4.7000015349866535
4770.623,-1.339794214161464,4.709428122311713
4770.643,-1.343164964186822,4.718853143078625
4770.663,-1.34653583436678,4.728278852045339
4770.683,-1.3499060981308413,4.737704849335098
4770.703,-1.3532746015752215,4.747133567917116
4770.723,-1.3566445058434529,4.756559098288051
4770.743,-1.3600131801669735,4.765985620261453
4770.763,-1.3633827438580022,4.775411015911451
4770.783,-1.366748563965564,4.784840039120831
4770.803,-1.3701137503394054,4.794271693215974
4770.823,-1.3734779584489505,4.803703446462566
4770.843,-1.3768411704803623,4.8131354333831275
4770.863,-1.380204682630031,4.822563138055319
4770.883,-1.383568257082489,4.831989679775333
4770.903,-1.3869332654738769,4.841411373039796
4770.923,-1.3903007549941249,4.850829743564499
4770.943,-1.393668925056314,4.860245719864642
4770.963,-1.3970352934479213,4.869667445029911
4770.983,-1.4004018720270035,4.8790873329254145
4771.003,-1.4037687306312692,4.888505740289908
4771.023,-1.407135999136204,4.897921616392587
4771.043,-1.410503244162671,4.90733741568505
4771.063,-1.4138704375851472,4.916753234005305
4771.083,-1.4172375741638061,4.92616906700255
4771.103,-1.4206046445076812,4.9355849215412455
4771.123,-1.4239716399974758,4.945000797978133
4771.143,-1.427338551293119,4.9544167002552175
4771.163,-1.4307053683858648,4.963832629815012
4771.183,-1.4340720782865564,4.97324858918775
4771.203,-1.4374386652773807,4.982664579764053
4771.223,-1.4408051075652988,4.992080602388437
4771.243,-1.44417137424079,5.0014966546842405
4771.263,-1.4475374114220196,5.010912725315552
4771.283,-1.4509032067952183,5.020328781511005
4771.303,-1.4542649151450688,5.029756148006109
4771.323,-1.45763156366683,5.039171967259961
4771.343,-1.4609981410016188,5.048587804345655
4771.363,-1.4643647051387232,5.058003646303866
4771.383,-1.4677312577911166,5.067419492434366
4771.403,-1.4710977989828231,5.076835342746325
4771.423,-1.474464328727343,5.086251197253612
4771.443,-1.4778308470426946,5.095667055967735
4771.463,-1.4811973539516272,5.105082918897558
4771.483,-1.4845631049061838,5.114499937295636
4771.503,-1.487925814424726,5.123922664437092
4771.523,-1.4912905444420204,5.133343081064511
4771.543,-1.4941450787940476,5.142217096173515
4771.563,-1.4960943667736777,5.1497782307762066
4771.583,-1.4974621126713705,5.155654026820179
4771.603,-1.4982377700577412,5.15978629569176
4771.623,-1.498363383771763,5.162885259976377
4771.643,-1.4977141916211358,5.165353911749314
4771.663,-1.4962924767848842,5.1671797224014195
4771.683,-1.4941209730026654,5.168348994715017
4771.703,-1.491522473431323,5.169109932329953
4771.723,-1.488921692630582,5.1698337568331345
4771.743,-1.4863082341669203,5.170510645089936
4771.763,-1.4836830070612108,5.171140386343509
4771.783,-1.4810468633926148,5.17172277586608
4771.803,-1.4784006582879505,5.172257624219599
4771.823,-1.4757452501310515,5.172744757459136
4771.843,-1.4730815002755355,5.17318401719109
4771.863,-1.4704102727537396,5.173575260623241
4771.883,-1.467732433986036,5.173918360608521
4771.903,-1.4650488524906697,5.174213205682739
4771.923,-1.462360398594188,5.174459700096357
4771.943,-1.459667944142531,5.174657763840494
4771.963,-1.456972362212815,5.174807332667279
4771.983,-1.4542745268258226,5.174908358104652
4772.003,-1.4515753126592235,5.174960807465775
4772.023,-1.4488769072701397,5.17496752181774
4772.043,-1.4461812287911369,5.1749350623650265
4772.063,-1.4434869262664787,5.174856222155065
4772.083,-1.4407945643601279,5.174728837798147
4772.103,-1.4381049487706292,5.174551028631334
4772.123,-1.435419597698528,5.174326919347644
4772.143,-1.4327387687428539,5.174054442442163
4772.163,-1.4300633120689898,5.173731759575933
4772.183,-1.42739465424345,5.173363040734918
4772.203,-1.4247331057290966,5.172946253517368
4772.223,-1.422079546738046,5.172479627493379
4772.243,-1.4194353011855712,5.171967365520826
4772.263,-1.4168007225223218,5.171407471661562
4772.283,-1.4141767217652348,5.170798251026496
4772.303,-1.411564529438068,5.170143925504863
4772.323,-1.4089645373917115,5.169442542676746
4772.343,-1.406377682386475,5.168692486280505
4772.363,-1.4038050996598177,5.1678979859843
4772.383,-1.4012472179478526,5.167057139875707
4772.403,-1.3987049960733784,5.16616841297351
4772.423,-1.3961794726366579,5.165236031274419
4772.443,-1.3936710539975157,5.164256285068517
4772.463,-1.3911786895675318,5.163219709413685
4772.483,-1.3887052302915261,5.162138400932749
4772.503,-1.3862516408310281,5.161012754809306
4772.523,-1.3838187165929388,5.159843136511412
4772.543,-1.3814072447359884,5.15862992527042
4772.563,-1.3790180053848102,5.157373514343685
4772.583,-1.376651771401511,5.156074310886623
4772.603,-1.3743093081462523,5.154732735817522
4772.623,-1.3710233615124712,5.154963031544847
4772.643,-1.3660658092755686,5.158023957379287
4772.663,-1.3607643702125782,5.162872170762604
4772.683,-1.3553529529955963,5.169347630943779
4772.703,-1.3498542483777163,5.177359332284023
4772.723,-1.3443395271082783,5.185702108357941
4772.743,-1.3387430526336548,5.194304598526268
4772.763,-1.3330898244092917,5.203058770755334
4772.783,-1.3275654191598871,5.211448282165882
4772.803,-1.322049498404747,5.219809906252274
4772.823,-1.3165381520635804,5.228158154737474
4772.843,-1.3110268815162136,5.236506204743287
4772.863,-1.3055152540040171,5.244854591634592
4772.883,-1.3000048109995328,5.253203981873334
4772.903,-1.294494828559005,5.261548540799829
4772.923,-1.2889848384644513,5.269893058058874
4772.943,-1.2834748550587287,5.278237578800641
4772.963,-1.2779648781286237,5.286582103418606
4772.983,-1.2724549075733285,5.294926631921335
4773.003,-1.2669449432944633,5.303271164317614
4773.023,-1.2614349851957656,5.3116157006204885
4773.043,-1.2559250331836795,5.319960240846936
4773.063,-1.2504150871679351,5.328304785017448
4773.083,-1.2449026774907426,5.336653982522983
4773.103,-1.2398718420254613,5.344513731210807
4773.123,-1.2361332059442003,5.3510370410749
4773.143,-1.2335606230345202,5.356059130412413
4773.163,-1.2311260288338266,5.3593413588943735
4773.183,-1.2287005800979391,5.36136965313753
4773.203,-1.2264891193526963,5.3622585083218395
4773.223,-1.2243400489069807,5.362134833476191
4773.243,-1.2222991280508344,5.361020064278307
4773.263,-1.22017564001785,5.35915597368262
4773.283,-1.2181073488648821,5.357225613925687
4773.303,-1.2160719667123654,5.355135720311643
4773.323,-1.2140869401345844,5.352934164459999
4773.343,-1.2121363996444208,5.350693872281183
4773.363,-1.2102360089611337,5.348437804826642
4773.383,-1.2083688069997134,5.346181219107316
4773.403,-1.2065005391834056,5.344070420411958
4773.423,-1.2046197767082376,5.342134844584597
4773.443,-1.202773983018198,5.340165007191536
4773.463,-1.2009639324658719,5.338162256966468
4773.483,-1.1991902121493834,5.3361272512996125
4773.503,-1.1974533960995888,5.334060648319087
4773.523,-1.1957540465445204,5.331963116336028
4773.543,-1.1940927137228545,5.329835333727261
4773.563,-1.1924699357033128,5.327677988731376
4773.583,-1.1908862382061935,5.325491779239696
4773.603,-1.1893421344269888,5.32327741258267
4773.623,-1.1878381248622656,5.321035605311513
4773.643,-1.1863746971380487,5.31876708297497
4773.663,-1.1849523258409647,5.316472579891165
4773.683,-1.1835714723524529,5.314152838914474
4773.703,-1.1822325846863473,5.311808611197494
4773.723,-1.1809360973301715,5.309440655948194
4773.743,-1.179682431090478,5.30704974018237
4773.763,-1.1784719929425589,5.304636638471655
4773.783,-1.1773051758848536,5.302202132687259
4773.803,-1.176182358798341,5.299747011739787
4773.823,-1.175103906311199,5.297272071315382
4773.843,-1.1740701686689567,5.294778113608567
4773.863,-1.1730814816103468,5.292265947052106
4773.883,-1.1721381662490247,5.289736386044226
4773.903,-1.1712405289612706,5.287190250673566
4773.923,-1.1686017133200555,5.285217938301307
4773.943,-1.1628486047956428,5.284297602785323
4773.963,-1.1556677848712387,5.284505994492713
4773.983,-1.1473408597549808,5.285874743363804
4774.003,-1.1379442640686028,5.288349916240991
4774.023,-1.1283191049011538,5.291065300455786
4774.043,-1.1183579295578894,5.293684125642798
4774.063,-1.1082820628516958,5.2962989771847635
4774.083,-1.09860385067063,5.298990154157569
4774.103,-1.0889743203019266,5.301692143441277
4774.123,-1.079347015634804,5.304395371109283
4774.143,-1.0697197088002564,5.307098593766417
4774.163,-1.0600923993165736,5.309801804014392
4774.183,-1.050465087210212,5.312505001817882
4774.203,-1.0408377725024933,5.315208187211424
4774.223,-1.0312104552075063,5.317911360233459
4774.243,-1.021583135331996,5.320614520925552
4774.263,-1.01195581287532,5.323317669332157
4774.283,-1.0023284878294765,5.326020805500352
4774.303,-0.992701160179201,5.328723929479545
4774.323,-0.9830726258567296,5.331425864127475
4774.343,-0.9734386165407147,5.334124687022853
4774.363,-0.9638025084228511,5.336824373450052
4774.383,-0.9541664420815945,5.339524060724349
4774.403,-0.9445304276300313,5.342223774910656
4774.423,-0.934894463118406,5.344923525837733
4774.443,-0.9252585414559176,5.3476233164920215
4774.463,-0.9156249166124166,5.350323036565444
4774.483,-0.9059923038481916,5.353023449113068
4774.503,-0.8963579260073042,5.355723474273844
4774.523,-0.8867248455576688,5.358423044176089
4774.543,-0.8770974287633515,5.361125915187825
4774.563,-0.8674699739780033,5.36382857471013
4774.583,-0.8578425154791798,5.366531220455416
4774.603,-0.8482150534809918,5.369233854277846
4774.623,-0.8385875879185184,5.3719364762509505
4774.643,-0.8289601187265122,5.374639086426324
4774.663,-0.8193285014239005,5.377340934168867
4774.683,-0.809692587147184,5.380039740047947
4774.703,-0.8000556343961029,5.382739275975103
4774.723,-0.790423042032331,5.3854408623551455
4774.743,-0.7807850855362674,5.388135417393151
4774.763,-0.7711493191856553,5.390833966936665
4774.783,-0.7615212241293733,5.393535648440644
4774.803,-0.7518934585925305,5.3962372195606445
4774.823,-0.7422656877923408,5.398938776491955
4774.843,-0.7326379129289546,5.401640321668349
4774.863,-0.72301013400953,5.404341855111611
4774.883,-0.7133823510358053,5.407043376814848
4774.903,-0.7037545640165627,5.409744886766357
4774.923,-0.6941267729677028,5.412446384950242
4774.943,-0.6844989779121142,5.415147871346817
4774.963,-0.6748711788794715,5.4178493459330355
4774.983,-0.6652433759059625,5.4205508086829495
4775.003,-0.6556155690339528,5.4232522595681685
4775.023,-0.6459877583115821,5.425953698558348
4775.043,-0.6363599437923059,5.428655125621686
4775.063,-0.6267321255343828,5.431356540725418
4775.083,-0.6171043036003097,5.434057943836316
4775.103,-0.6074764780562164,5.436759334921175
4775.123,-0.5978486489712228,5.439460713947313
4775.143,-0.5888000037189136,5.441632913238668
4775.163,-0.5811655083657775,5.442985037675217
4775.183,-0.5751462195034284,5.44408305419651
4775.203,-0.5708426176615492,5.445052512547668
4775.223,-0.5677269710556817,5.446085880427248
4775.243,-0.5653472398425894,5.447791296119848
4775.263,-0.5639988974879723,5.449654891093597
4775.283,-0.5635732844509247,5.451683868458826
4775.303,-0.5639252538830763,5.454079472532407
4775.323,-0.564732922698376,5.456686530339356
4775.343,-0.5655814853213816,5.459282861918506
4775.363,-0.5664722757068958,5.46189249892062
4775.383,-0.567463248764791,5.464463764631342
4775.403,-0.5685476791876619,5.46692981873517
4775.423,-0.5696866334762918,5.469376990747084
4775.443,-0.5708696703399482,5.47180336390754
4775.463,-0.572096185706872,5.474208051798519
4775.483,-0.5733657792353882,5.476590275382015
4775.503,-0.5746780393813604,5.478949263796266
4775.523,-0.5760325410931889,5.4812842537758
4775.543,-0.577428845854746,5.483594489862212
4775.563,-0.5788665017796395,5.48587922462392
4775.583,-0.5803450437252534,5.488137718879042
4775.603,-0.5818639934204759,5.490369241919082
4775.623,-0.5834228596032943,5.492573071732044
4775.643,-0.5850211381657675,5.494748495224081
4775.663,-0.586658312304755,5.496894808439262
4775.683,-0.5883338526773656,5.499011316777109
4775.703,-0.5900472175604559,5.50109733520787
4775.723,-0.5917978530137761,5.503152188485441
4775.743,-0.593585193046542,5.505175211358006
4775.763,-0.5954086597873339,5.507165748776452
4775.783,-0.5972676636573248,5.509123156100618
4775.803,-0.5991616035469041,5.511046799303514
4775.823,-0.6010898669958219,5.512936055173528
4775.843,-0.6030518303770158,5.514790311514735
4775.863,-0.6050468590843112,5.516608967345309
4775.883,-0.6070743077242107,5.518391433094076
4775.903,-0.6091335203119758,5.5201371307951534
4775.923,-0.6112238304722302,5.521845494280617
4775.943,-0.6133445616442673,5.523515969371078
4775.963,-0.6154950272922458,5.525148014064027
4775.983,-0.6176745311204109,5.526741098719722
4776.003,-0.6198823672934334,5.528294706244379
4776.023,-0.6221178206619267,5.529808332270442
4776.043,-0.6243801669931315,5.531281485333535
4776.063,-0.6266686732067073,5.53271368704586
4776.083,-0.6289825976155166,5.534104472265644
4776.103,-0.6313211901712291,5.535453389262329
4776.123,-0.6336836927145175,5.536759999877142
4776.143,-0.6360693392295803,5.53802387967874
4776.163,-0.6384773561026772,5.539244618113632
4776.183,-0.6409069623843471,5.540421818651101
4776.203,-0.6433573700549371,5.541555098922401
4776.223,-0.6458277842930853,5.542644090854043
4776.243,-0.648317403746774,5.543688440795003
4776.263,-0.6508254208066016,5.544687809637757
4776.283,-0.6533510218809162,5.545641872933095
4776.303,-0.6558933876724885,5.546550320998642
4776.323,-0.6584516934564258,5.547412859021152
4776.343,-0.6610251093590624,5.548229207152582
4776.363,-0.6636128006375956,5.548999100600033
4776.383,-0.6662139279602688,5.549722289709638
4776.403,-0.6688276476869423,5.550398540044503
4776.423,-0.671018098123261,5.552859224166116
4776.443,-0.6724276138407521,5.5585131221890896
4776.463,-0.6728349177964709,5.565686273244753
4776.483,-0.6721842439452772,5.574100804196385
4776.503,-0.67052298824236,5.583675622253369
4776.523,-0.6686425619717666,5.593498264551828
4776.543,-0.6668883780925574,5.603613862302325
4776.563,-0.6652083277108113,5.613963555469226
4776.583,-0.6633574882088387,5.623804517793367
4776.603,-0.6614919545473558,5.633630723124078
4776.623,-0.6596242210992245,5.643454366949854
4776.643,-0.6577564491461457,5.65327801160655
4776.663,-0.6558886909295848,5.663101659744224
4776.683,-0.6540209469304759,5.6729253114166625
4776.703,-0.6521532171242532,5.682748966654298
4776.723,-0.6502855014818284,5.692572625479516
4776.743,-0.6484177999747729,5.7023962879064465
4776.763,-0.6465501125755067,5.712219953940759
4776.783,-0.644682439257435,5.722043623579562
4776.803,-0.6428147799950743,5.731867296811371
4776.823,-0.640947134764186,5.741690973616183
4776.843,-0.6390795035418952,5.7515146539656214
4776.863,-0.6372118863068091,5.761338337823178
4776.883,-0.6353442830391203,5.771162025144543
4776.903,-0.6334766937207034,5.780985715877997
4776.923,-0.631609118335201,5.790809409964905
4776.943,-0.6297415568680943,5.800633107340251
4776.963,-0.6278740093067628,5.810456807933268
4776.983,-0.6260064756405292,5.820280511668105
4777.003,-0.6241389558606875,5.830104218464556
4777.023,-0.6222714499605152,5.839927928238838
4777.043,-0.620403957935277,5.849751640904396
4777.063,-0.6185364797821994,5.859575356372743
4777.083,-0.6166696024269381,5.869399770001957
4777.103,-0.6148054400505104,5.879229227287694
4777.123,-0.612940900888643,5.889059510562936
4777.143,-0.6110765146406577,5.8988898287978575
4777.163,-0.6092123622396292,5.908720191763584
4777.183,-0.607348454526702,5.918550599949613
4777.203,-0.6054847925792357,5.928381053064104
4777.223,-0.6036213757127838,5.938211550431213
4777.243,-0.6017582030765033,5.948042091408497
4777.263,-0.5998952740096861,5.957872675185239
4777.283,-0.598032587634744,5.967703301310985
4777.303,-0.5961701420270284,5.97753396802605
4777.323,-0.5943050623286511,5.987358192437876
4777.343,-0.5928970036910363,5.9966279020703865
4777.363,-0.591982491550996,6.0045287773074545
4777.383,-0.5914555440542623,6.010734583486161
4777.403,-0.5911553546347595,6.015177086205474
4777.423,-0.5912821598711301,6.018676245344716
4777.443,-0.5919785289928238,6.021690681824672
4777.463,-0.5932481563572464,6.0241307953749175
4777.483,-0.5950911751655723,6.0260640321530055
4777.503,-0.5974810731580366,6.027460428418105
4777.523,-0.600162317950718,6.027951128843757
4777.543,-0.6028474440515261,6.02823095421656
4777.563,-0.6055372012329523,6.028462420510669
4777.583,-0.608230695039916,6.028645436472479
4777.603,-0.610927051372072,6.028779942236703
4777.623,-0.6136253954460925,6.028865893916672
4777.643,-0.6163248519233181,6.028903263453076
4777.663,-0.6190225526503895,6.028899059999097
4777.683,-0.6217611752474551,6.030747001267075
4777.703,-0.6245556044028922,6.035877345177021
4777.723,-0.6267649355848129,6.042727422518371
4777.743,-0.6282756375449051,6.051050892223752
4777.763,-0.6291623792004777,6.0607269371174795
4777.783,-0.6298427567060141,6.070704864329376
4777.803,-0.6303560924699685,6.080949224158356
4777.823,-0.6307660666618392,6.0915303877005815
4777.843,-0.6314015389449724,6.10155147064886
4777.863,-0.6320473833245065,6.111560339553436
4777.883,-0.6327166976231269,6.121537525189827
4777.903,-0.6333855695575056,6.131514788934115
4777.923,-0.6340544220577111,6.141492054033135
4777.943,-0.6347232592680707,6.151469319955786
4777.963,-0.6353920812909971,6.161446586718762
4777.983,-0.636060888191246,6.171423854346867
4778.003,-0.6367296800302917,6.1814011228671255
4778.023,-0.6373984568661103,6.191378392308413
4778.043,-0.638067218752684,6.2013556627011415
4778.063,-0.6387319320692136,6.211336975575854
4778.083,-0.6393950838485541,6.221319027422639
4778.103,-0.640058470299984,6.23129959005166
4778.123,-0.6407219928732673,6.241282076107142
4778.143,-0.6413853821912017,6.251264379917016
4778.163,-0.6420475637391194,6.2612480300396
4778.183,-0.6427112728927017,6.271232313219165
4778.203,-0.6433747515712654,6.281216639157086
4778.223,-0.6440379441162077,6.291200998828418
4778.243,-0.6447008449905312,6.301185385939769
4778.263,-0.6453634546588303,6.311169796934365
4778.283,-0.6460257737778468,6.3211542300018095
4778.303,-0.6466878032162166,6.331138683972085
4778.323,-0.6473495438949523,6.3411231579725245
4778.343,-0.6480109968909747,6.3511076510361395
4778.363,-0.6486721635381691,6.361092162106876
4778.383,-0.649333045795736,6.371076689733365
4778.403,-0.6499936478664751,6.381061230821972
4778.423,-0.6506539784285874,6.391045779325653
4778.443,-0.6513145240894007,6.401029670683415
4778.463,-0.6519784119516001,6.411007297006732
4778.483,-0.65264200053384,6.420984918024968
4778.503,-0.6533055705396671,6.430962540431348
4778.523,-0.6539691250814819,6.440940164219578
4778.543,-0.6546326641366316,6.450917789367811
4778.563,-0.6552961876533262,6.460895415851272
4778.583,-0.6559596955801598,6.470873043642717
4778.603,-0.6566231878670091,6.480850672712682
4778.623,-0.6572866644656461,6.490828303029722
4778.643,-0.6579501253303199,6.500805934560702
4778.663,-0.6586135704183089,6.510783567271088
4778.683,-0.6592769996904404,6.520761201125263
4778.703,-0.6599404131115627,6.530738836086846
4778.723,-0.6606038106509816,6.540716472119033
4778.743,-0.6612671922828401,6.550694109184936
4778.763,-0.6619305579864496,6.560671747247919
4778.783,-0.6625939077465626,6.570649386271948
4778.803,-0.6632572415535919,6.580627026221924
4778.823,-0.6639205594037683,6.590604667064011
4778.843,-0.6645838612992289,6.600582308765955
4778.863,-0.6652471472480563,6.61055995129739
4778.883,-0.6659104172642483,6.620537594630114
4778.903,-0.666573671367621,6.630515238738359
4778.923,-0.6672369095836622,6.640492883599037
4778.943,-0.6679001319433173,6.650470529191945
4778.963,-0.6685608330850281,6.660450036197731
4778.983,-0.6692159229071729,6.670433419243834
4779.003,-0.6698720076742672,6.680414772450188
4779.023,-0.6705298192365302,6.6903932978100356
4779.043,-0.6711869097262937,6.700373100126766
4779.063,-0.6718442084678192,6.710351619447282
4779.083,-0.6725007284267116,6.720331477711981
4779.103,-0.673157999405011,6.7303116390497
4779.123,-0.6738154181769873,6.74029347383212
4779.143,-0.6744769338011073,6.750271230974977
4779.163,-0.6751384251167704,6.760248987163197
4779.183,-0.6757999010311885,6.77022674412608
4779.203,-0.6764613616808126,6.780204501903442
4779.223,-0.6771228071331825,6.790182260518206
4779.243,-0.6777842374528049,6.800160019995471
4779.263,-0.6784456527010927,6.810137780362457
4779.283,-0.6791070529358477,6.8201155416481924
4779.303,-0.6797684382107739,6.830093303883192
4779.323,-0.6804262918977522,6.840074363878703
4779.343,-0.6810839963258699,6.850056267177034
4779.363,-0.6817400950812097,6.860037908560274
4779.383,-0.682395303779588,6.870020317045489
4779.403,-0.68305114853197,6.88000366932848
4779.423,-0.6837072857387589,6.8899880843582055
4779.443,-0.6843636329116247,6.899972865793614
4779.463,-0.6850197321911005,6.9099576872123345
4779.483,-0.6856755490592881,6.919942540026
4779.503,-0.6863310782974775,6.929927418951522
4779.523,-0.6869863191725132,6.939912321014209
4779.543,-0.6876412715497835,6.949897244659301
4779.563,-0.6882959357019018,6.959882188861569
4779.583,-0.6889503122244607,6.969867152738159
4779.603,-0.6896044019372571,6.9798521353600655
4779.623,-0.6902582060596011,6.989837135656625
4779.643,-0.6909117268352394,6.999822151990057
4779.663,-0.6915649689097911,7.009807180991479
4779.683,-0.6922179438471119,7.019792215557599
4779.703,-0.6928714693817947,7.029775897922691
4779.723,-0.6935279302231376,7.039754001403313
4779.743,-0.6941842044328741,7.0497321063254805
4779.763,-0.6948404616639443,7.059710212627908
4779.783,-0.6954967034270252,7.0696883202984
4779.803,-0.6961529296845279,7.079666429314471
4779.823,-0.6968091403845567,7.089644539650864
4779.843,-0.6974653354758446,7.099622651279899
4779.863,-0.698121514908519,7.109600764171702
4779.883,-0.6987776786347014,7.119578878294481
4779.903,-0.6994338266090904,7.129556993614793
4779.923,-0.7000899587895051,7.139535110097849
4779.943,-0.7007460751373951,7.149513227707831
4779.963,-0.7014021756183128,7.159491346408219
4779.983,-0.7020582602023321,7.169469466162129
4780.003,-0.7027143288644278,7.179447586932646
4780.023,-0.7033703815847893,7.1894257086831805
4780.043,-0.7040264183490935,7.199403831377796
4780.063,-0.7046824391487045,7.209381954981554
4780.083,-0.7053384439808235,7.219360079460841
4780.103,-0.7059944328485698,7.229338204783678
4780.123,-0.7066504057610065,7.239316330920027
4780.143,-0.7073063627330977,7.249294457842073
4780.163,-0.7079623037856075,7.259272585524477
4780.183,-0.7086182289449362,7.269250713944622
4780.203,-0.7092741382429029,7.279228843082817
4780.223,-0.7099260073914656,7.289210074079318
4780.243,-0.7105741868132778,7.29919286431872
4780.263,-0.7112234823539885,7.309174467051198
4780.283,-0.7118736790764967,7.319153488780687
4780.303,-0.7125231788156616,7.3291339000096585
4780.323,-0.7131737692899645,7.339112740467527
4780.343,-0.7138220799770415,7.349094433243537
4780.363,-0.7144715151946209,7.3590767338573455
4780.383,-0.7151233314792952,7.369056136551218
4780.403,-0.7157775286929211,7.379034375151991
4780.423,-0.7164317059992356,7.389012613677099
4780.443,-0.7170858679395995,7.398990852979389
4780.463,-0.7177400146169927,7.408969093089075
4780.483,-0.7183941460982356,7.418947334029456
4780.503,-0.71904826244726,7.428925575826077
4780.523,-0.7197023637248207,7.438903818506549
4780.543,-0.7203564499879826,7.448882062100242
4780.563,-0.7210105212896386,7.458860306637952
4780.583,-0.7216600873251601,7.468843328257473
4780.603,-0.7223101221904442,7.478824933974821
4780.623,-0.7229590908868168,7.48880751914201
4780.643,-0.72360729188245,7.498791309979656
4780.663,-0.7242554040088026,7.508774143764518
4780.683,-0.7249044442958085,7.518759359287794
4780.703,-0.7255534291041198,7.528744632404523
4780.723,-0.726202152379417,7.53872994357606
4780.743,-0.7268505911259968,7.548715284662695
4780.763,-0.7274987418003003,7.558700650944878
4780.783,-0.7281466038533483,7.568686039787897
4780.803,-0.7287941772511599,7.5786714497796
4780.823,-0.7294414623050712,7.588656879970128
4780.843,-0.7300884596515145,7.5986423294705725
4780.863,-0.7307351701672735,7.608627797348351
4780.883,-0.7313815951531857,7.618613282493196
4780.903,-0.7320277372321078,7.628598783049734
4780.923,-0.7326736015343569,7.638584295303765
4780.943,-0.7333192026658296,7.648569810816841
4780.963,-0.7339662063648981,7.6585525883812835
4780.983,-0.7346152443109917,7.668531170852567
4781.003,-0.7352641989598866,7.678509754680412
4781.023,-0.7359131375652217,7.688488339879004
4781.043,-0.7365620606928526,7.698466926431556
4781.063,-0.7372109682963183,7.708445514315009
4781.083,-0.7378598603236709,7.718424103503641
4781.103,-0.7385087367237818,7.728402693969339
4781.123,-0.7391575974470252,7.73838128568185
4781.143,-0.7398064424458742,7.748359878609037
4781.163,-0.7404552716754744,7.758338472717163
4781.183,-0.7411040850941828,7.768317067971203
4781.203,-0.7417528826640731,7.778295664335154
4781.223,-0.7424016643513952,7.788274261772373
4781.243,-0.7430504301269921,7.798252860245905
4781.263,-0.7436991799666647,7.808231459718834
4781.283,-0.7443479138514786,7.818210060154621
4781.303,-0.7449966317680254,7.82818866151745
4781.323,-0.7456453337086152,7.838167263772554
4781.343,-0.7462940196714114,7.848145866886557
4781.363,-0.746942689660507,7.858124470827769
4781.383,-0.7475913436859338,7.868103075566494
4781.403,-0.7482399817636123,7.8780816810753125
4781.423,-0.7488886039152387,7.888060287329329
4781.443,-0.749537210168115,7.898038894306404
4781.463,-0.7501858005549131,7.908017501987373
4781.483,-0.7508283824356274,7.918000922095531
4781.503,-0.7514699199628319,7.927983569865662
4781.523,-0.7521122858985672,7.93796447420427
4781.543,-0.7527546157627487,7.947945260508862
4781.563,-0.7533967548140619,7.957926088493788
4781.583,-0.7540387112313951,7.967906928279607
4781.603,-0.7546804854112041,7.977887779410475
4781.623,-0.7553208027813972,7.98787203768116
4781.643,-0.7559672100300597,7.997850725516341
4781.663,-0.7566140421398484,8.00782944395505
4781.683,-0.7572608558612298,8.017808162652214
4781.703,-0.75790765422904,8.027786882123042
4781.723,-0.758554437334714,8.03776560239437
4781.743,-0.7592012052445323,8.04774432348992
4781.763,-0.7598479580218771,8.057723045435658
4781.783,-0.7604946957268652,8.067701768259573
4781.803,-0.7611414184158435,8.07768049199135
4781.823,-0.7617881261409077,8.087659216662047
4781.843,-0.762430586169154,8.097642779303856
4781.863,-0.7630724971234204,8.107625167591266
4781.883,-0.7637130283254827,8.117608422325302
4781.903,-0.7643550296921131,8.127592258453141
4781.923,-0.7649949096520887,8.137576835898912
4781.943,-0.7656366549043089,8.147562547304156
4781.963,-0.7662782636574456,8.15754830707713
4781.983,-0.7669195946710203,8.16753410384946
4782.003,-0.7675606342173504,8.177519929627003
4782.023,-0.7682013816125561,8.18750577993267
4782.043,-0.7688418376364151,8.197491652306175
4782.063,-0.769482003036952,8.207477545417808
4782.083,-0.7701218786563007,8.217463458346263
4782.103,-0.7707614654963294,8.22744939017686
4782.123,-0.7714007647374755,8.237435339955395
4782.143,-0.7720397778754764,8.247421306526332
4782.163,-0.7726785079409157,8.25740728773027
4782.183,-0.77331696045231,8.267393279462059
4782.203,-0.7739551523045353,8.277379271825637
4782.223,-0.7745956834706048,8.287361150607243
4782.243,-0.7752373194735236,8.29734020978135
4782.263,-0.7758789066728446,8.307319270246639
4782.283,-0.776520478125658,8.31729833207013
4782.303,-0.7771620340846964,8.327277395233367
4782.323,-0.7778035745005296,8.337256459712767
4782.343,-0.7784450993212466,8.347235525482146
4782.363,-0.779086608495897,8.357214592512962
4782.383,-0.7797281019751374,8.36719366077458
4782.403,-0.7803695797118217,8.377172730234516
4782.423,-0.781011041661574,8.387151800858742
4782.443,-0.781652487783318,8.397130872612006
4782.463,-0.7822939180397759,8.407109945458132
4782.483,-0.782935332397925,8.417089019360347
4782.503,-0.7833436113896624,8.426464103569467
4782.523,-0.7834812104612381,8.434461754883682
4782.543,-0.7836052256016259,8.440765143600336
4782.563,-0.7837658038463123,8.445430955409053
4782.583,-0.7841124570712723,8.449203617523969
4782.603,-0.7849385111960905,8.452317372408087
4782.623,-0.7862485916822489,8.454804391718515
4782.643,-0.7878603381844529,8.456474355675208
4782.663,-0.7898996002652329,8.457367065540286
4782.683,-0.7923410599690427,8.457587762138244
4782.703,-0.7951333176352028,8.457495274201143
4782.723,-0.798018720830024,8.457400424501042
4782.743,-0.8008584401773282,8.457218784987196
4782.763,-0.8037004517993983,8.456980883810008
4782.783,-0.8064971414830594,8.45664073430813
4782.803,-0.8092997872904977,8.45627616851088
4782.823,-0.8121879489526839,8.455940754295499
4782.843,-0.8150587897705752,8.455543047425058
4782.863,-0.8179235882451854,8.455075790682491
4782.883,-0.820707640649822,8.454476022897598
4782.903,-0.8233317317350962,8.453715926731018
4782.923,-0.8258748176090354,8.452821308941175
4782.943,-0.8284022291985336,8.4518729669297
4782.963,-0.8309121777634798,8.450879285086662
4782.983,-0.8334038258822847,8.449840594869471
4783.003,-0.8358763669524695,8.448757233344
4783.023,-0.8383290008743022,8.447629551883749
4783.043,-0.8407609340815798,8.446457916135394
4783.063,-0.8431713797870573,8.445242705895879
4783.083,-0.8455595582274006,8.443984314984792
4783.103,-0.847924696905597,8.442683151113036
4783.123,-0.8502660308307158,8.441339635747795
4783.143,-0.8525828027549325,8.439954203974054
4783.163,-0.854874263407756,8.438527304352625
4783.183,-0.8571396717273915,8.437059398774942
4783.203,-0.8593782950892009,8.435550962314649
4783.223,-0.861589409531253,8.434002483076142
4783.243,-0.863772299976956,8.432414462040164
4783.263,-0.86592626045479,8.430787412906504
4783.283,-0.8680505943151944,8.429121861933933
4783.303,-0.8701446144446598,8.427418347777358
4783.323,-0.8722076434771106,8.425677421322307
4783.343,-0.8742390140026769,8.423899645516626
4783.363,-0.8762380687739596,8.422085595199448
4783.383,-0.8782041609098923,8.420235856927343
4783.403,-0.8801366540973298,8.418351028797488
4783.423,-0.882034922790465,8.416431720267807
4783.443,-0.8838983524081641,8.414478551973872
4783.463,-0.8857263395293096,8.412492155542369
4783.483,-0.8875182920861989,8.410473173400954
4783.503,-0.8892736295560197,8.40842225858428
4783.523,-0.8909917831503928,8.406340074535928
4783.543,-0.8926721960029216,8.404227294906088
4783.563,-0.8943143233546597,8.402084603344743
4783.583,-0.8959176327373526,8.399912693290222
4783.603,-0.8974816041542667,8.397712267752924
4783.623,-0.8990057302583927,8.395484039094141
4783.643,-0.9004895165277618,8.393228728799947
4783.663,-0.9019324814375856,8.390947067250103
4783.683,-0.9033341566289202,8.388639793482037
4783.703,-0.9046940870735266,8.386307654950027
4783.723,-0.9060118312346042,8.383951407279723
4783.743,-0.9072869612230776,8.381571814018187
4783.763,-0.9085190629491279,8.37916964637979
4783.783,-0.9097077362686794,8.376745682988119
4783.803,-0.9108525951245812,8.37430070961433
4783.823,-0.9119532676822587,8.371835518912205
4783.843,-0.9130093964596392,8.369350910150295
4783.863,-0.9140206384512048,8.366847688941467
4783.883,-0.9149866652460549,8.364326666970225
4783.903,-0.9159071631399066,8.361788661718098
4783.923,-0.9167818332409954,8.359234496187433
4783.943,-0.917610391569872,8.356664998623852
4783.963,-0.9183925691531231,8.354081002237638
4783.983,-0.9191281121110622,8.351483344924254
4784.003,-0.9198167817394672,8.348872868984197
4784.023,-0.9204583545854429,8.346250420842365
4784.043,-0.9210526225175117,8.343616850767031
4784.063,-0.9215993927900253,8.340973012588538
4784.083,-0.922098488102005,8.338319763417813
4784.103,-0.9225497466505082,8.335657963364739
4784.123,-0.9229530221786136,8.332988475256434
4784.143,-0.9233081840181177,8.330312164355462
4784.163,-0.9236151171270125,8.327629898077983
4784.183,-0.9238737221218201,8.324942545711894
4784.203,-0.9240839153048362,8.32225097813492
4784.223,-0.9242456286863323,8.319556067532698
4784.243,-0.9243588100017507,8.316858687116873
4784.263,-0.9244234227239204,8.31415971084317
4784.283,-0.9263213397077247,8.311467150826434
4784.303,-0.9315062558712996,8.308809613597305
4784.323,-0.9383982397533985,8.30678307984602
4784.343,-0.9467394238003631,8.305504757060117
4784.363,-0.9564404389161533,8.304947067638263
4784.383,-0.966433309377237,8.304547011796732
4784.403,-0.9767781382836762,8.304335439974585
4784.423,-0.9871893230641572,8.304025739527724
4784.443,-0.997205005163547,8.303654712464914
4784.463,-1.007201245945089,8.303269426842366
4784.483,-1.0171931389057278,8.302876472607695
4784.503,-1.0271850907364575,8.302483582404923
4784.523,-1.0371770435116319,8.302090708202654
4784.543,-1.0471689963616249,8.301697849421261
4784.563,-1.0571609492731937,8.301305006088649
4784.583,-1.0671596710363176,8.300916610028432
4784.603,-1.077158584824503,8.300528212970233
4784.623,-1.0871575388039285,8.300140076799117
4784.643,-1.0971565192737243,8.299752228227396
4784.663,-1.1071555193942726,8.2993646716484
4784.683,-1.1171545353196213,8.298977407821411
4784.703,-1.1271535649067812,8.298590437015326
4784.723,-1.1371526066586681,8.298203758923439
4784.743,-1.1471516595082072,8.297817373122603
4784.763,-1.1571507223890407,8.297431278770931
4784.783,-1.167149793863557,8.297045474164092
4784.803,-1.17714887157443,8.296659956209332
4784.823,-1.1871479508814775,8.296274718199383
4784.843,-1.1971470202383931,8.295889735138875
4784.863,-1.2071405864568008,8.295501456773566
4784.883,-1.2171326982887758,8.295112773474703
4784.903,-1.2271248100390337,8.294724119515552
4784.923,-1.237116922340657,8.294335482005284
4784.943,-1.2471090352519307,8.293946860843358
4784.963,-1.2571011488235078,8.293558256042934
4784.983,-1.2670932631043916,8.293169667613286
4785.003,-1.2770853781415787,8.292781095558542
4785.023,-1.2870774939796459,8.29239253987753
4785.043,-1.2970696106603596,8.29200400056375
4785.063,-1.307061728222308,8.291615477605353
4785.083,-1.3170538467005668,8.29122697098522
4785.103,-1.3270459661263896,8.290838480681069
4785.123,-1.3370380865269413,8.29045000666561
4785.143,-1.3470302079250662,8.290061548906785
4785.163,-1.3570223303390994,8.289673107368033
4785.183,-1.367014453782717,8.289284682008608
4785.203,-1.3770065782648362,8.288896272783955
4785.223,-1.3869987037895553,8.288507879646096
4785.243,-1.3969908303561458,8.28811950254408
4785.263,-1.4069829579590876,8.28773114142447
4785.283,-1.4169750865881492,8.287342796231822
4785.303,-1.4269672162285194,8.286954466909215
4785.323,-1.436959346860975,8.286566153398793
4785.343,-1.4469514784620983,8.286177855642308
4785.363,-1.4569436110045315,8.28578957358168
4785.383,-1.4669357444572717,8.285401307159553
4785.403,-1.4769290068977414,8.285014049368366
4785.423,-1.4869301216228599,8.284632970994396
4785.443,-1.4969395113984028,8.284262769240703
4785.463,-1.5069394422501068,8.283883324694049
4785.483,-1.5169420423341242,8.283504393322815
4785.503,-1.5269520170145532,8.283132674966147
4785.523,-1.5369442399446998,8.282747101198686
4785.543,-1.5469364642671726,8.28236115831987
4785.563,-1.5569286901261243,8.281975231057281
4785.583,-1.5669209164385096,8.281589319064533
4785.603,-1.5769131431506316,8.281203422319575
4785.623,-1.5869053702216909,8.2808175408071
4785.643,-1.5968975976128639,8.28043167451754
4785.663,-1.606889825287597,8.280045823447134
4785.683,-1.6168873832834,8.279663415228365
4785.703,-1.6268996876989619,8.279292941868079
4785.723,-1.6369121069407147,8.278923376640723
4785.743,-1.6469245566628008,8.2785547504372
4785.763,-1.6569370365146234,8.27818707558486
4785.783,-1.6669495470787636,8.27782036218346
4785.803,-1.6769620919134984,8.277454622461386
4785.823,-1.6869746751420622,8.277089869871897
4785.843,-1.6969872912928432,8.276726119925776
4785.863,-1.706999973838993,8.276363402415654
4785.883,-1.7170126965847818,8.276001711798108
4785.903,-1.7270253013900978,8.275642805268367
4785.923,-1.737025117876043,8.275273156867309
4785.943,-1.7470208871636463,8.2749012300155
4785.963,-1.7570164748882044,8.274529314942265
4785.983,-1.76701202505949,8.27415762813204
4786.003,-1.7770092172525742,8.27378704308664
4786.023,-1.7870064622193431,8.273416921956823
4786.043,-1.7970051064935881,8.273048922965312
4786.063,-1.8070046312664774,8.272681186118723
4786.083,-1.8170014033503699,8.27231114190237
4786.103,-1.8269942597347104,8.271938655228666
4786.123,-1.8369869436752029,8.271565084259093
4786.143,-1.8469796324480812,8.271191541615394
4786.163,-1.8569723217410812,8.27081801542783
4786.183,-1.8669650115602652,8.270444505615428
4786.203,-1.876957701957579,8.270071012194617
4786.223,-1.8869503929842182,8.26969753517794
4786.243,-1.8969430846896946,8.269324074572983
4786.263,-1.9069357771214042,8.268950630382172
4786.283,-1.9169284703242224,8.268577202602687
4786.303,-1.9269211643401196,8.26820379122641
4786.323,-1.9369138592078006,8.267830396239926
4786.343,-1.946906554962375,8.267457017624592
4786.363,-1.9568992516350592,8.267083655356647
4786.383,-1.9668919492529153,8.266710309407415
4786.403,-1.9768846478386282,8.2663369797435
4786.423,-1.9862923422421557,8.266137728403768
4786.443,-1.9943073914651124,8.266106510071449
4786.463,-2.00062326977549,8.266144783290398
4786.483,-2.005240632254055,8.266209798102759
4786.503,-2.008959340325585,8.266602863536376
4786.523,-2.011992347520385,8.267476135347765
4786.543,-2.0143257308053104,8.268787422975139
4786.563,-2.015921393444045,8.2705308364207
4786.583,-2.01674885862687,8.272719148066818
4786.603,-2.0168630620873658,8.275325139906926
4786.623,-2.0167842192226026,8.27801925672217
4786.643,-2.016655032553054,8.280711888950497
4786.663,-2.0164794908746377,8.283401109598145
4786.683,-2.016255510817829,8.286086667151237
4786.703,-2.015981240006895,8.288767720658623
4786.723,-2.0156608318293343,8.291442835489534
4786.743,-2.015292244837726,8.294111712376504
4786.763,-2.0148736812359327,8.296773461894938
4786.783,-2.014409336305872,8.299426743386466
4786.803,-2.0138972041246017,8.302071209317988
4786.823,-2.01333556077478,8.304705962427798
4786.843,-2.012728623588394,8.307329743933321
4786.863,-2.0120744262362202,8.309942166260425
4786.883,-2.0113713231828894,8.312542306707979
4786.903,-2.0106235441009583,8.315129001009492
4786.923,-2.0116100337158134,8.318270842132593
4786.943,-2.0157377493641393,8.322383184532969
4786.963,-2.021684106086479,8.326415818499148
4786.983,-2.0292388889669004,8.330178119887613
4787.003,-2.038307997146563,8.333669229964604
4787.023,-2.0477021456610984,8.337099378231706
4787.043,-2.056601472725298,8.340126226694967
4787.063,-2.065697708400778,8.342910743447133
4787.083,-2.0741339208071565,8.345829338470997
4787.103,-2.0797365952610725,8.347032583375343
4787.123,-2.083740661513656,8.347701086091007
4787.143,-2.086901208717293,8.347756733599985
4787.163,-2.0895313805923093,8.347144124757902
4787.183,-2.091793945618802,8.345804647058412
4787.203,-2.093556841533449,8.34382695027042
4787.223,-2.0948517528560124,8.341241746121865
4787.243,-2.0958494263596976,8.338597493468306
4787.263,-2.0969263534807996,8.335857076393685
4787.283,-2.0975483875505754,8.333233096932112
4787.303,-2.0981227710683736,8.33059520158364
4787.323,-2.098649587748638,8.327947368777828
4787.343,-2.099128662532575,8.325290480097346
4787.363,-2.099559839830964,8.32262539716467
4787.383,-2.0999429796604057,8.319952984030458
4787.403,-2.100277957656064,8.317274107084096
4787.423,-2.100564665108697,8.314589634768572
4787.443,-2.10080300899626,8.311900437293941
4787.463,-2.1009929120099735,8.30920738635106
4787.483,-2.1011343125749278,8.306511354825723
4787.503,-2.101227164865318,8.303813216513156
4787.523,-2.101271438814375,8.30111384583301
4787.543,-2.1012695427818646,8.298415631007357
4787.563,-2.1012169250054584,8.295716584317478
4787.583,-2.1011157124824615,8.293018818537087
4787.603,-2.1009659610672835,8.290323320238784
4787.623,-2.1007677189553964,8.287630963828326
4787.643,-2.1005210509200385,8.284942621702887
4787.663,-2.100226037444501,8.282259164875283
4787.683,-2.099882774681669,8.279581462700696
4787.703,-2.099491374417404,8.276910382595686
4787.723,-2.0990519640289915,8.274246789758012
4787.743,-2.0985646864385807,8.271591546887485
4787.763,-2.0980297000616437,8.268945513907868
4787.783,-2.0974471787504614,8.266309547689904
4787.803,-2.098646268945826,8.263241479236319
4787.823,-2.103045386755062,8.259421123852153
4787.843,-2.1092529499045214,8.255805254232502
4787.863,-2.1170466026837715,8.252569312734598
4787.883,-2.126332840598606,8.249707833123436
4787.903,-2.1359400289678065,8.246929649605006
4787.923,-2.1458820537602983,8.24424320354579
4787.943,-2.155944799727098,8.241559144477868
4787.963,-2.165600165317579,8.2387995031933
4787.983,-2.1752118007878636,8.236044283773689
4788.003,-2.184821488530038,8.233277542392667
4788.023,-2.194431107858895,8.230510662960862
4788.043,-2.204040725457483,8.227743755035782
4788.063,-2.2136503487147334,8.224976842631312
4788.083,-2.2232599770346986,8.222209929448667
4788.103,-2.232869609161941,8.219443015857463
4788.123,-2.242479243969656,8.216676102221628
4788.143,-2.2520888805833534,8.21390918917162
4788.163,-2.2616985181953035,8.211142277376608
4788.183,-2.2713081560703263,8.208375367696476
4788.203,-2.2809177934881566,8.20560846109364
4788.223,-2.2905274297461866,8.202841558593818
4788.243,-2.3001370640730276,8.200074661636505
4788.263,-2.309746695573162,8.197307771648854
4788.283,-2.3193563232545626,8.194540890607524
4788.303,-2.328965946101249,8.191774020391486
4788.323,-2.338575562715479,8.189007163897218
4788.343,-2.3481851718419913,8.186240323189566
4788.363,-2.3577947722638446,8.183473501176815
4788.383,-2.3674043617224445,8.180706702904788
4788.403,-2.3770152256459967,8.177940562583494
4788.423,-2.3866273107847564,8.17517582048007
4788.443,-2.396241445134376,8.172411840379002
4788.463,-2.4058594592715936,8.169649208855748
4788.483,-2.4154748170364466,8.166885224765679
4788.503,-2.4250864078130165,8.164120335921668
4788.523,-2.434695891297624,8.161354485238979
4788.543,-2.4443053992971193,8.158588689425349
4788.563,-2.4539149103416356,8.155822906347112
4788.583,-2.463524424279946,8.153057135621214
4788.603,-2.4731339411754982,8.150291377225054
4788.623,-2.4827477307624215,8.147526579869439
4788.643,-2.492358788426304,8.144761962493273
4788.663,-2.5019683336199554,8.141996316092635
4788.683,-2.5115778895283136,8.139230696592664
4788.703,-2.5211874488716868,8.13646508963326
4788.723,-2.5307970116577283,8.133699495053317
4788.743,-2.5404065779652822,8.130933912814829
4788.763,-2.5500161478728227,8.128168342880072
4788.783,-2.5596257214569214,8.125402785210543
4788.803,-2.569235298791437,8.122637239767002
4788.823,-2.5788448799467325,8.11987170650953
4788.843,-2.588454464988939,8.117106185397635
4788.863,-2.598064053979258,8.11434067639037
4788.883,-2.6076736469733137,8.111575179446463
4788.903,-2.6172832440205682,8.108809694524469
4788.923,-2.6268928451637934,8.106044221582946
4788.943,-2.6365024504386185,8.103278760580622
4788.963,-2.6461120598731394,8.100513311476593
4788.983,-2.655721673487621,8.097747874230526
4789.003,-2.665331291294262,8.094982448802849
4789.023,-2.6749409132970525,8.09221703515496
4789.043,-2.6845505394917093,8.089451633249436
4789.063,-2.694160169865703,8.086686243050238
4789.083,-2.7037698043983545,8.083920864522893
4789.103,-2.713379443061027,8.081155497634697
4789.123,-2.7229890858173955,8.078390142354895
4789.143,-2.732598732623787,8.075624798654838
4789.163,-2.7422083834296025,8.072859466508152
4789.183,-2.75181803817781,8.070094145890867
4789.203,-2.7614276968054945,8.067328836781522
4789.223,-2.7710373592444735,8.064563539161297
4789.243,-2.7806470254219664,8.061798253014077
4789.263,-2.7902566952613084,8.059032978326504
4789.283,-2.7998663686827028,8.05626771508803
4789.303,-2.809476045604008,8.053502463290906
4789.323,-2.8190857259415463,8.050737222930202
4789.343,-2.8286968910941335,8.047972261267118
4789.363,-2.838324296432335,8.045214831236732
4789.383,-2.8479521507188963,8.042458240754682
4789.403,-2.8575802112584445,8.039702342933586
4789.423,-2.8672084653710503,8.036947160894739
4789.443,-2.8768369164036764,8.034192704463447
4789.463,-2.886465568476636,8.031438984393
4789.483,-2.8960944241921256,8.028686007849453
4789.503,-2.9057234816176583,8.025933783577495
4789.523,-2.915352732363703,8.023182326554224
4789.543,-2.9249821707687818,8.020431694752524
4789.563,-2.934606468690832,8.017680649304786
4789.583,-2.9442184661391715,8.014923310507719
4789.603,-2.9538304054433273,8.012165946675369
4789.623,-2.963442346649636,8.009408594565649
4789.643,-2.973054290390301,8.006651254526277
4789.663,-2.9826662366684924,8.00389392656126
4789.683,-2.9922781854889937,8.001136610671821
4789.703,-3.001308257933481,7.998911550055676
4789.723,-3.0089182580895573,7.997530616445893
4789.743,-3.0149070253375223,7.996287495841519
4789.763,-3.0191835365660125,7.99519205803365
4789.783,-3.022458796667401,7.993784270858783
4789.803,-3.024831660125309,7.992085255428243
4789.823,-3.026313315382664,7.990187677661809
4789.843,-3.026825226020976,7.988174458361482
4789.863,-3.0266451743159544,7.9857934699976285
4789.883,-3.0258544383892425,7.983190833747559
4789.903,-3.0249955672353503,7.980560052168971
4789.923,-3.024076063363326,7.977979279655335
4789.943,-3.0231222295433158,7.975423322788136
4789.963,-3.022122956587418,7.972881788067791
4789.983,-3.021071158877167,7.9703613647182845
4790.003,-3.019976350367045,7.96786432055414
4790.023,-3.0188289525453498,7.9653929956865195
4790.043,-3.0176281642974874,7.962943831218002
4790.063,-3.016382161217515,7.960519343995875
4790.083,-3.0151012980450096,7.958111973132077
4790.103,-3.0137748700654496,7.955728240226944
4790.123,-3.0124018640336834,7.953368850290849
4790.143,-3.0109886406921254,7.951035325162386
4790.163,-3.009527094863301,7.948733698755046
4790.183,-3.0080159713658348,7.946461149572154
4790.203,-3.006462947660935,7.944218844199839
4790.223,-3.0048775835084074,7.941997518258111
4790.243,-3.0032503781069773,7.9398054391203035
4790.263,-3.0015811707691893,7.93764334908
4790.283,-2.9998742928508983,7.935512107265253
4790.303,-2.998146010220246,7.933338216017775
4790.323,-2.9963833809179925,7.931185364383026
4790.343,-2.9945780785556053,7.9290452162503415
4790.363,-2.992804207620421,7.926779880435338
4790.383,-2.9909778782103738,7.924537711350612
4790.403,-2.989092114906034,7.922414869582094
4790.423,-2.9871885273664622,7.920218854332273
4790.443,-2.9852429584781683,7.918061035396593
4790.463,-2.983217817189648,7.916062341971977
4790.483,-2.9811606276862013,7.914097571897824
4790.503,-2.9790651830848525,7.912182638045778
4790.523,-2.9769478952384687,7.910100018709379
4790.543,-2.9747890511414745,7.908054680705649
4790.563,-2.972560592548652,7.906199014400002
4790.583,-2.9702899342218623,7.904743502330899
4790.603,-2.9679906910037768,7.903328821525234
4790.623,-2.965666327742569,7.901955733193288
4790.643,-2.96331761551676,7.900624692735837
4790.663,-2.9609453152204392,7.899336132373545
4790.683,-2.958550195377862,7.898090470536138
4790.703,-2.956133032047526,7.896888111790549
4790.723,-2.953694608565414,7.89572944669459
4790.743,-2.951235715282629,7.894614851655071
4790.763,-2.948757149299112,7.893544688791343
4790.783,-2.946259714193841,7.892519305804513
4790.803,-2.9437442197518844,7.89153903585258
4790.823,-2.941211481688714,7.890604197431662
4790.843,-2.9386623213721563,7.889715094263477
4790.863,-2.9360975655423527,7.888872015189126
4790.883,-2.9335180460300943,7.888075234069283
4790.903,-2.930924599473844,7.8873250096907555
4790.923,-2.928318067035765,7.886621585679442
4790.943,-2.925699294116988,7.885965190419593
4790.963,-2.9230691300723755,7.885356036979324
4790.983,-2.9204284279249633,7.884794323042291
4791.003,-2.9177780440802445,7.884280230845393
4791.023,-2.915118838040431,7.88381392712245
4791.043,-2.912451672118782,7.883395563053645
4791.063,-2.909777411154099,7.883025274220705
4791.083,-2.9070969222254295,7.882703180567674
4791.103,-2.90441107436702,7.882429386367143
4791.123,-2.9017207382835517,7.882203980191861
4791.143,-2.899026786065685,7.882027034891679
4791.163,-2.8963300909059075,7.881898607575678
4791.183,-2.8936315268147035,7.881818739599472
4791.203,-2.890931968333744,7.8817874569470305
4791.223,-2.888216204257433,7.879922933135072
4791.243,-2.8854948590388494,7.874771232134891
4791.263,-2.8833834157586318,7.867904802609337
4791.283,-2.8820022406843337,7.859580047596828
4791.303,-2.8813248795382704,7.849886672142938
4791.323,-2.880801539022211,7.839899506390169
4791.343,-2.8804954964231513,7.829560202149651
4791.363,-2.8801067868381125,7.819135062916651
4791.383,-2.8796000082000774,7.809132374919167
4791.403,-2.8790854675395847,7.799145666633719
4791.423,-2.878570676477628,7.789159188061785
4791.443,-2.8780557843155075,7.7791727250450435
4791.463,-2.877540888749182,7.769186259239877
4791.483,-2.877026006621013,7.759199789204594
4791.503,-2.8765111413738804,7.7492133158154965
4791.523,-2.875996294207395,7.739226840145249
4791.543,-2.8754814661145764,7.729240363284724
4791.563,-2.8749666580950413,7.7192538863285876
4791.583,-2.8744518711779037,7.709267410359051
4791.603,-2.8739371067214368,7.69928093653802
4791.623,-2.87342236630241,7.689294466383805
4791.643,-2.8729076513422287,7.679308001179961
4791.663,-2.8723929641573185,7.669321542813252
4791.683,-2.8718823867256504,7.659329850976543
4791.703,-2.8713789518668884,7.64933069607217
4791.723,-2.8708649414861354,7.639344234998591
4791.743,-2.8703509681587667,7.629357782806319
4791.763,-2.8698370105630118,7.619371330722918
4791.783,-2.869323068528423,7.609384878684729
4791.803,-2.8688091420557993,7.599398426713314
4791.823,-2.868295231147669,7.5894119748221875
4791.843,-2.8677817762423965,7.57942424024303
4791.863,-2.86727219644086,7.569435356666793
4791.883,-2.8667587736120272,7.559447626141058
4791.903,-2.866250970395466,7.5494567931500445
4791.923,-2.8657426237934427,7.539466503448766
4791.943,-2.865401778281543,7.530022000596089
4791.963,-2.8653541513398535,7.521985955166799
4791.983,-2.8652454634045177,7.51562706087432
4792.003,-2.8651441005552725,7.510945888156391
4792.023,-2.8647781425228955,7.507116095674043
4792.043,-2.8639898758675613,7.50398773921648
4792.063,-2.8627470605910683,7.501486980923285
4792.083,-2.861152636908671,7.499754717405203
4792.103,-2.8591314919093986,7.49875936642536
4792.123,-2.8567233885145087,7.498481035445195
4792.143,-2.854061125890237,7.498752801153382
4792.163,-2.8513896877051943,7.499100505793323
4792.183,-2.8487247366170503,7.499496250012903
4792.203,-2.846067284661377,7.499941896817594
4792.223,-2.843418833796777,7.500433232260595
4792.243,-2.8407797031952193,7.500972312863744
4792.263,-2.838150694606284,7.501560793987784
4792.283,-2.8355331737076614,7.502194454576385
4792.303,-2.8329275099311086,7.502875297879853
4792.323,-2.830334538118569,7.50360491384055
4792.343,-2.8277555181953966,7.504379070106653
4792.363,-2.8251908618231982,7.505199711934241
4792.383,-2.822640179428324,7.506076132803151
4792.403,-2.820104576670476,7.507002405125489
4792.423,-2.8175860544867763,7.507974162322983
4792.443,-2.8150854395977083,7.508991086267035
4792.463,-2.812603541447544,7.510052846984191
4792.483,-2.810141163220428,7.511159100074074
4792.503,-2.8076991016923363,7.5123094868017075
4792.523,-2.8052781469830057,7.513503634219024
4792.543,-2.8028790823093295,7.514741155290508
4792.563,-2.800502683741266,7.516021649022687
4792.583,-2.7981497199603615,7.517344700597344
4792.603,-2.7958209520209896,7.518709881508345
4792.623,-2.7935171331143813,7.520116749701962
4792.643,-2.791239008335495,7.521564849720572
4792.663,-2.7889873144528043,7.523053712849607
4792.683,-2.786762779680999,7.524582857267654
4792.703,-2.78456612345664,7.526151788199563
4792.723,-2.782398056216737,7.527759998072496
4792.743,-2.780259279180222,7.529406966674829
4792.763,-2.7781504841322753,7.531092161317811
4792.783,-2.7760723532114224,7.532815036999989
4792.803,-2.7740255586993174,7.5345750365743465
4792.823,-2.772010762813116,7.536371590918216
4792.843,-2.7700286175003264,7.538204119105954
4792.863,-2.768079764236014,7.540072028584532
4792.883,-2.766164833822273,7.54197471535211
4792.903,-2.7642844461898295,7.543911564139746
4792.923,-2.762439210201717,7.545881948596439
4792.943,-2.760629723458931,7.54788523147768
4792.963,-2.758856572108047,7.549920764837711
4792.983,-2.757120330650775,7.5519878902257425
4793.003,-2.7554215617555036,7.5540859388863195
4793.023,-2.7537608160708866,7.556214231964046
4793.043,-2.7521386320416017,7.558372080712876
4793.063,-2.750555535726435,7.560558786710115
4793.083,-2.7490120406189,7.5627736420752525
4793.103,-2.747508647470606,7.56501592969373
4793.123,-2.7460458441176776,7.567284923445638
4793.143,-2.744624105310496,7.569579888439373
4793.163,-2.7432438925470786,7.571900081250121
4793.183,-2.7419056539104347,7.574244750163089
4793.203,-2.7406098239101953,7.576613135421289
4793.223,-2.739356823328849,7.579004469477619
4793.243,-2.738147059072879,7.581417977251045
4793.263,-2.7369809240290626,7.5838528763865
4793.283,-2.7358587969261947,7.586308377518248
4793.303,-2.733053866861874,7.588036450232584
4793.323,-2.7272413912536013,7.588437673806705
4793.343,-2.7201080227696193,7.58758684760547
4793.363,-2.711937114660125,7.5854776702599525
4793.383,-2.702800019243658,7.582170737041443
4793.403,-2.6934568327971156,7.578604088545417
4793.423,-2.6837934012740745,7.575080306035314
4793.443,-2.6740366056384106,7.571549998626557
4793.463,-2.664684600157336,7.567991201663727
4793.483,-2.6553320261951594,7.564434340239865
4793.503,-2.6459813038129227,7.560877352666737
4793.523,-2.6366305132026193,7.557320505952333
4793.543,-2.627279649651114,7.553763839538507
4793.563,-2.617928713422515,7.5502073607664775
4793.583,-2.6085777046255214,7.54665107155425
4793.603,-2.5992266237739283,7.543094972158016
4793.623,-2.589875471592283,7.539539062417093
4793.643,-2.580524248552559,7.535983342374447
4793.663,-2.571172955248872,7.532427811724949
4793.683,-2.5618215926706576,7.528872469886352
4793.703,-2.5524701615916054,7.525317316622674
4793.723,-2.543118662214263,7.521762351964038
4793.743,-2.5337670960873235,7.518207574537402
4793.763,-2.5244154652323822,7.514652983187671
4793.783,-2.5150637711723283,7.511098577338579
4793.803,-2.505712017550463,7.507544354278951
4793.823,-2.4963607206246503,7.503990226998126
4793.843,-2.4870144480399534,7.500435080091587
4793.863,-2.477668092577401,7.496880133536659
4793.883,-2.468898635799528,7.493868392130946
4793.903,-2.4615404071038376,7.49195554061229
4793.923,-2.4557862305597347,7.490311638519535
4793.943,-2.4517484599399464,7.488804641764954
4793.963,-2.448981128100281,7.487204585662742
4793.983,-2.447310797798349,7.485430703069118
4794.003,-2.446717493530766,7.483655300562826
4794.023,-2.4470156043093763,7.481582381107921
4794.043,-2.4480215855665644,7.479160052939683
4794.063,-2.449309072498323,7.47670492148763
4794.083,-2.4506300126108362,7.474284146277278
4794.103,-2.4518690516186785,7.471889561546988
4794.123,-2.453156375126615,7.469516827376833
4794.143,-2.454486261822321,7.467167632319867
4794.163,-2.4558582107627602,7.464842754208729
4794.183,-2.457271777129721,7.46254294516821
4794.203,-2.4587265034029993,7.460268949126371
4794.223,-2.460221918828301,7.458021501655266
4794.243,-2.4617575395600384,7.455801329744488
4794.263,-2.4633328688137675,7.453609151577671
4794.283,-2.4649473970216005,7.451445676311766
4794.303,-2.4666006019904394,7.449311603859011
4794.323,-2.4682919490630217,7.447207624671543
4794.343,-2.4700208912817416,7.445134419528575
4794.363,-2.471786869555274,7.443092659326073
4794.383,-2.473589312828045,7.441083004868784
4794.403,-2.475427638252616,7.439106106664569
4794.423,-2.477301251365097,7.437162604720885
4794.443,-2.479209546263731,7.435253128343362
4794.463,-2.481151905790804,7.433378295936356
4794.483,-2.4831277017180757,7.431538714805418
4794.503,-2.4851362949359537,7.429734980961655
4794.523,-2.4871770356465994,7.427967678927937
4794.543,-2.489249263561224,7.426237381547024
4794.563,-2.491352308101754,7.424544649791632
4794.583,-2.493485488607098,7.4228900325765705
4794.603,-2.4956481145441747,7.421274066573112
4794.623,-2.4978394857238446,7.419697276025754
4794.643,-2.5000588925218556,7.4181601725716515
4794.663,-2.5023056161048496,7.41666325506295
4794.683,-2.504578928661439,7.415207009392345
4794.703,-2.50687809363829,7.4137919083221595
4794.723,-2.5092023659811136,7.4124184113173
4794.743,-2.5115509923804025,7.411086964382411
4794.763,-2.5139232115216794,7.409797999903541
4794.783,-2.516318254340039,7.408551936494673
4794.803,-2.518735344278645,7.407349178849396
4794.823,-2.5211736975508834,7.406190117597955
4794.843,-2.523632523405821,7.405075129169972
4794.863,-2.526111024396599,7.404004575662961
4794.883,-2.528608396651427,7.40297880471685
4794.903,-2.531123830146799,7.401998149394572
4794.923,-2.5336565089826104,7.4010629280688285
4794.943,-2.5362056116588527,7.40017344431504
4794.963,-2.538770311353597,7.399329986810486
4794.983,-2.5413497762019994,7.398532829239579
4795.003,-2.543943169576115,7.397782230205269
4795.023,-2.546549650365304,7.397078433146413
4795.043,-2.549168373257083,7.396421666261099
4795.063,-2.551798489018289,7.395812142435753
4795.083,-2.554439144776446,7.395250059179959
4795.103,-2.5570894843012653,7.39473559856685
4795.123,-2.5597486482862166,7.394268927178985
4795.143,-2.5624157746301517,7.393850196059595
4795.163,-2.5650899987189333,7.393479540669101
4795.183,-2.5677704537070762,7.393157080846831
4795.203,-2.5704562707993888,7.3928829207778595
4795.223,-2.5731465795326214,7.392657148964885
4795.243,-2.5758405080571025,7.39247983820514
4795.263,-2.57845144213001,7.3904710990049844
4795.283,-2.5808900867222513,7.385179751588055
4795.303,-2.582626945112966,7.378209180727236
4795.323,-2.5835557026863976,7.369821928653595
4795.343,-2.583707633489314,7.360106088119155
4795.363,-2.5836898864897297,7.350105221045166
4795.383,-2.583681053671143,7.33975295866516
4795.403,-2.583665574459718,7.329241841520762
4795.423,-2.5836484535172866,7.319174119108695
4795.443,-2.5836330208205713,7.309166777017457
4795.463,-2.5836177201532284,7.299166379071928
4795.483,-2.5836008378641435,7.289166702266741
4795.503,-2.5835839766865663,7.279167030070155
4795.523,-2.5835671351983946,7.26916735768437
4795.543,-2.583550313365753,7.259167685147844
4795.563,-2.583533511185264,7.249168012552806
4795.583,-2.58351672865496,7.2391683399918145
4795.603,-2.5834999657739366,7.22916866755628
4795.623,-2.5834832225423807,7.219168995335577
4795.643,-2.5834664989615894,7.20916932341618
4795.663,-2.583449795033994,7.199169651880813
4795.683,-2.5834331107631585,7.189169980807652
4795.703,-2.5834164461537816,7.179170310269571
4795.723,-2.5833998012116757,7.169170640333421
4795.743,-2.5833831759437493,7.1591709710594
4795.763,-2.5833665703579696,7.149171302500442
4795.783,-2.58334998446332,7.139171634701741
4795.803,-2.5833334182697487,7.129171967700286
4795.823,-2.5833168717881083,7.119172301524516
4795.843,-2.583302398330648,7.109169672717073
4795.863,-2.5832887141354473,7.099166713694117
4795.883,-2.583274800568868,7.089166258502214
4795.903,-2.583261095973681,7.079164446677947
4795.923,-2.583245173392306,7.069164776643631
4795.943,-2.583231232250775,7.059163584552071
4795.963,-2.5832179166384392,7.049161817916183
4795.983,-2.5832061086652787,7.039158827147378
4796.003,-2.5831943709827296,7.029146360809026
4796.023,-2.5831843406636317,7.019136439060833
4796.043,-2.5831727985315585,7.009131854020065
4796.063,-2.583163100205394,6.999121954502663
4796.083,-2.583151015218277,6.989118075295746
4796.103,-2.583139283188741,6.979114796637928
4796.123,-2.5831281012638425,6.969110756249314
4796.143,-2.5831164990806923,6.9591065112751735
4796.163,-2.5831055505623546,6.949102459757424
4796.183,-2.583094770971462,6.9390986791265
4796.203,-2.583083654710811,6.929094523495833
4796.223,-2.5830730829692694,6.9190878126241095
4796.243,-2.58306400112097,6.909084050265944
4796.263,-2.5830545446636854,6.899082493217892
4796.283,-2.583045319147238,6.889078031428927
4796.303,-2.5830363413981723,6.879075066638277
4796.323,-2.58302725025911,6.869072954960827
4796.343,-2.583015910627799,6.859073489199431
4796.363,-2.583002988018151,6.849073647531083
4796.383,-2.5829901038041942,6.839073810685152
4796.403,-2.5829772475593304,6.829073973045911
4796.423,-2.5829644192131878,6.81907413450689
4796.443,-2.582951618806594,6.809074295032718
4796.463,-2.5829388463793843,6.799074454598673
4796.483,-2.5829261019675487,6.789074613189924
4796.503,-2.582913385612116,6.779074770801442
4796.523,-2.5829006973866795,6.76907492743795
4796.543,-2.5828880372938783,6.759075083113417
4796.563,-2.582875405360094,6.749075237851095
4796.583,-2.582862801611797,6.73907539168313
4796.603,-2.582850226074658,6.729075544650178
4796.623,-2.582837678773806,6.719075696800954
4796.643,-2.582825159734051,6.709075848191711
4796.663,-2.582813165603455,6.6990740895088035
4796.683,-2.582802146335357,6.689069639811494
4796.703,-2.5827925226535937,6.679065832923508
4796.723,-2.582782671370459,6.66905685989799
4796.743,-2.582772528371218,6.659046798604883
4796.763,-2.5827634046076438,6.649037134388346
4796.783,-2.5827517591769262,6.639037422397086
4796.803,-2.582739787024183,6.62903774261758
4796.823,-2.582727836078403,6.619038063118685
4796.843,-2.5827159069210843,6.609038383677216
4796.863,-2.582703999560496,6.599038704381011
4796.883,-2.5826921140050167,6.589039025319112
4796.903,-2.582680250264172,6.579039346577554
4796.923,-2.5826684083486504,6.56903966823848
4796.943,-2.5826565883090717,6.559039990379469
4796.963,-2.582644790167234,6.549040313072544
4796.983,-2.582633013923607,6.539040636383512
4797.003,-2.582621259595228,6.529040960371495
4797.023,-2.5826095272003196,6.519041285088272
4797.043,-2.582597816758151,6.509041610577775
4797.063,-2.5825861282889746,6.49904193687568
4797.083,-2.582574437249099,6.48904225524767
4797.103,-2.582563839643998,6.479039449852882
4797.123,-2.5825547720089026,6.469034824144717
4797.143,-2.582545150527861,6.459034527542954
4797.163,-2.582536133626047,6.449032863648926
4797.183,-2.582527196725419,6.4390304109968035
4797.203,-2.5825181400079,6.429026589593541
4797.223,-2.58251042679118,6.419017626859576
4797.243,-2.582501715809831,6.409007342495609
4797.263,-2.5824943012069292,6.39900289876136
4797.283,-2.58248687867072,6.38899074574893
4797.303,-2.5824798308825154,6.378988703699993
4797.323,-2.582471715868357,6.36898530277607
4797.343,-2.582463963756691,6.3589813556109105
4797.363,-2.5824559491724837,6.348977412804872
4797.383,-2.5824505658802064,6.338974749776185
4797.403,-2.5824438131047023,6.328972250083402
4797.423,-2.582437517512868,6.318968798862122
4797.443,-2.58242983972965,6.308966873731955
4797.463,-2.5824233939935306,6.298961925209636
4797.483,-2.5824175174121793,6.288959331599148
4797.503,-2.5824127597400985,6.278956926975757
4797.523,-2.5824053584233946,6.268952947252654
4797.543,-2.582399010491882,6.25895334649177
4797.563,-2.582391760581984,6.248951685804828
4797.583,-2.5823844321716587,6.238950132621067
4797.603,-2.5823780435783585,6.228950904494559
4797.623,-2.582370603240855,6.218946696114106
4797.643,-2.5823643406715076,6.208944144137041
4797.663,-2.5823574236054863,6.198944333819133
4797.683,-2.5823529295826755,6.188940776425718
4797.703,-2.582344633285227,6.1789408071816965
4797.723,-2.5823364362957633,6.1689409635241415
4797.743,-2.5823282797574554,6.158941119462258
4797.763,-2.5823201619319196,6.148941274325868
4797.783,-2.5823120829336594,6.138941428156409
4797.803,-2.5823040426892763,6.128941580997476
4797.823,-2.5822960412581337,6.118941732892952
4797.843,-2.582288078718771,6.108941883890777
4797.863,-2.582280155077862,6.098942034043403
4797.883,-2.582272445166295,6.088942381847681
4797.903,-2.5822650251256496,6.078937834522608
4797.923,-2.582257070576753,6.068933884521179
4797.943,-2.5822498111285115,6.0589248238487405
4797.963,-2.5822427337176386,6.0489189266508285
4797.983,-2.5822370945770503,6.038915326990718
4798.003,-2.582229561858624,6.028911058709601
4798.023,-2.5822223094224586,6.018906160697683
4798.043,-2.5822156828382763,6.008901606698325
4798.063,-2.5822079802774978,5.998897341492855
4798.083,-2.5822007988937545,5.988893525020203
4798.103,-2.5821937466888163,5.978889125897574
4798.123,-2.5821865933121577,5.968885156415679
4798.143,-2.582179591969015,5.95888033879406
4798.163,-2.5821732404880096,5.94887586297735
4798.183,-2.5821658313614897,5.938871681303263
4798.203,-2.5821589702383596,5.928867992215315
4798.223,-2.5821522232491225,5.918863726972447
4798.243,-2.5821454265943404,5.908859937411874
4798.263,-2.582139052671368,5.898851240749686
4798.283,-2.5821326351055793,5.8888453967267544
4798.303,-2.582126603628343,5.8788413653911205
4798.323,-2.5821197800720426,5.868840028407224
4798.343,-2.5821141028280157,5.858835982585005
4798.363,-2.5821083045302267,5.848824522600126
4798.383,-2.5821027782498596,5.838825109106438
4798.403,-2.5820963885971904,5.82882495778594
4798.423,-2.582091459209691,5.818824841698082
4798.443,-2.582086539725919,5.808818238541215
4798.463,-2.5820822304688575,5.798815825758082
4798.483,-2.582078269499842,5.788803753589384
4798.503,-2.582072835180221,5.778801018324384
4798.523,-2.5820683227020225,5.7687997755941325
4798.543,-2.58206331380464,5.758797253929095
4798.563,-2.582059025537307,5.748794366170863
4798.583,-2.58205401934084,5.738791725912992
4798.603,-2.5820502599380495,5.728787271570239
4798.623,-2.582047755400292,5.718784104094671
4798.643,-2.5820449526929212,5.7087835812439485
4798.663,-2.582042490606853,5.698780908846755
4798.683,-2.5820386151392545,5.688780025970598
4798.703,-2.5820351968966646,5.678775675580773
4798.723,-2.582032728497963,5.66877496674872
4798.743,-2.5820292974038326,5.658772613955141
4798.763,-2.582024970437174,5.648772469562002
4798.783,-2.5820220358931927,5.638773266028422
4798.803,-2.5820175564845287,5.628771805522882
4798.823,-2.582013528814183,5.618765230965535
4798.843,-2.5820095264662397,5.608758398204243
4798.863,-2.5820062343332753,5.598747395982861
4798.883,-2.5820050225178273,5.588745967057376
4798.903,-2.582000822859316,5.578745604447545
4798.923,-2.5819863137554866,5.569302127472688
4798.943,-2.5819858504936124,5.561250650958018
4798.963,-2.5819857335112544,5.55490837452484
4798.983,-2.5819396234894545,5.550240199420649
4799.003,-2.581519410718394,5.546445902279149
4799.023,-2.5806570482185522,5.543381565154185
4799.043,-2.5793863078325505,5.54097246682256
4799.063,-2.577720988499803,5.539249334598767
4799.083,-2.5756640390739687,5.538229425439348
4799.103,-2.573225795882782,5.537925922237408
4799.123,-2.5705404613809635,5.538090285768507
4799.143,-2.5678546204979016,5.538308273664442
4799.163,-2.565173061656135,5.5385746485073275
4799.183,-2.5624966584129427,5.538891228794764
4799.203,-2.5598269943553356,5.539253848400692
4799.223,-2.557164361839071,5.5396646008554145
4799.243,-2.554509522791071,5.54012519463063
4799.263,-2.5518639392808304,5.540631428131211
4799.283,-2.549227941367882,5.541185353845546
4799.303,-2.5466023345083815,5.541788620648855
4799.323,-2.5439884732128832,5.54243700581915
4799.343,-2.54138673138938,5.543132506732618
4799.363,-2.5387979468990096,5.54387670617709
4799.383,-2.5362233687803903,5.544665371317748
4799.403,-2.533663413016937,5.545500441183455
4799.423,-2.5311169539668237,5.546395143605585
4799.443,-2.5285865943139845,5.547335657951388
4799.463,-2.5260735790271167,5.548321557710756
4799.483,-2.523578724330844,5.5493525223004845
4799.503,-2.5211028376920797,5.55042821727785
4799.523,-2.5186467203196634,5.5515482937907334
4799.543,-2.5162111669391285,5.552712388690172
4799.563,-2.513796965544656,5.553920124653121
4799.583,-2.5114048971532417,5.555171110309174
4799.603,-2.509035735561396,5.55646494037107
4799.623,-2.506690247104493,5.5578011957688975
4799.643,-2.504369190418844,5.559179443787892
4799.663,-2.5020733162065754,5.560599238209661
4799.683,-2.499803367003365,5.562060119456776
4799.703,-2.497560076949086,5.563561614740572
4799.723,-2.495344171561375,5.565103238212054
4799.743,-2.4931563675121344,5.56668449111579
4799.763,-2.490997372406949,5.568304861946725
4799.783,-2.488867884567374,5.569963826609809
4799.803,-2.486768592816047,5.571660848582397
4799.823,-2.484700176264542,5.573395379079396
4799.843,-2.482663304103864,5.575166857221141
4799.863,-2.4806586353975035,5.576974710204045
4799.883,-2.478686818876915,5.578818353474071
4799.903,-2.4767484927393166,5.580697190903128
4799.923,-2.4748442844477077,5.582610614968516
4799.943,-2.4729748105329867,5.584558006935579
4799.963,-2.471140676398106,5.586538737043729
4799.983,-2.4693424761241944,5.588552164696076
4800.003,-2.46758079227862,5.590597638652843
4800.023,-2.465856195725002,5.592674497228807
4800.043,-2.4641692454352104,5.594782068494971
4800.063,-2.4625204883034546,5.59691967048468
4800.083,-2.460910458962574,5.599086611404369
4800.103,-2.459339679602716,5.601282189849056
4800.123,-2.457808659792613,5.603505695022741
4800.143,-2.4563178963037027,5.605756406963738
4800.163,-2.4548678729373727,5.608033596774991
4800.183,-2.4534590603556414,5.610336526859294
4800.203,-2.4520919159155774,5.612664451159364
4800.223,-2.450766883507792,5.615016615402598
4800.243,-2.449484393399324,5.617392257350324
4800.263,-2.448244862081224,5.619790607051316
4800.283,-2.447048692121145,5.622210887099274
4800.303,-2.445896272021172,5.6246523128939865
4800.323,-2.444787976081166,5.627114092905828
4800.343,-2.44372416426779,5.629595428943256
4800.363,-2.4427051820893935,5.632095516422971
4800.383,-2.4417313604768682,5.634613544642372
4800.403,-2.4408030156705616,5.637148697054007
4800.423,-2.439920449113293,5.639700151541705
4800.443,-2.439083947349481,5.642267080698069
4800.463,-2.4382937819303656,5.6448486521031365
4800.483,-2.437550209325273,5.647444028603907
4800.503,-2.4368534708388685,5.650052368594596
4800.523,-2.4362037925343065,5.652672826297413
4800.543,-2.435601385162189,5.655304552043746
4800.563,-2.4350464440952293,5.657946692555646
4800.583,-2.4345391492685247,5.660598391227497
4800.603,-2.4340796651253362,5.663258788407844
4800.623,-2.433668140568276,5.665927021681329
4800.643,-2.433304708915819,5.668602226150655
4800.663,-2.4329894878640625,5.6712835347186346
4800.683,-2.4327225794536482,5.673970078370231
4800.703,-2.4325040700418024,5.676660986454641
4800.723,-2.4323340302794425,5.679355386967358
4800.743,-2.4322125150933003,5.682052406832251
4800.763,-2.4321395636730427,5.684751172183587
4800.783,-2.430233335939593,5.687437856620014
4800.803,-2.4250402381295966,5.690079348682096
4800.823,-2.418142039185082,5.69208456050645
4800.843,-2.409796962340435,5.693337084132354
4800.863,-2.40009428376322,5.693864769648113
4800.883,-2.3901002272881486,5.694233913390537
4800.903,-2.379754279331861,5.6944264193757075
4800.923,-2.369341903465288,5.694714179086174
4800.943,-2.3593305236325763,5.695060102967213
4800.963,-2.349337424098413,5.6954236557105915
4800.983,-2.339344358264597,5.695787045536336
4801.003,-2.3293512927835853,5.696150418127477
4801.023,-2.3193582272542743,5.696513774827642
4801.043,-2.309365161636698,5.696877115710374
4801.063,-2.299372095891327,5.697240440837006
4801.083,-2.289379029975414,5.697603750267262
4801.103,-2.2793859638433105,5.697967044058842
4801.123,-2.2693928974468585,5.6983303222669175
4801.143,-2.259399830735814,5.698693584943656
4801.163,-2.249406763658293,5.699056832137756
4801.183,-2.2394097909816786,5.69941567869608
4801.203,-2.229412403242534,5.69977560771803
4801.223,-2.2194166150086683,5.70013571276812
4801.243,-2.2094160257014983,5.700493388642925
4801.263,-2.1994190273655994,5.700851292411815
4801.283,-2.1894182554146213,5.701208961255197
4801.303,-2.1794181451624057,5.701566963517097
4801.323,-2.169418016026016,5.7019247050613275
4801.343,-2.159417872172927,5.702282156231532
4801.363,-2.1494177151361273,5.702639313252087
4801.383,-2.139417545935473,5.702996175859676
4801.403,-2.129417365232999,5.703352744310986
4801.423,-2.119417173720805,5.703709019234329
4801.443,-2.109416972225202,5.704065001755091
4801.463,-2.0994167620162894,5.704420693486762
4801.483,-2.089416544922244,5.7047760972856185
4801.503,-2.0794163250733386,5.705131219514164
4801.523,-2.069416112311478,5.705486080528758
4801.543,-2.059420032221611,5.705843297870797
4801.563,-2.049426787123506,5.706201871037072
4801.583,-2.039433542250123,5.706560401813815
4801.603,-2.0294402964419525,5.7069189165881875
4801.623,-2.019447049700436,5.707277415555813
4801.643,-2.009453802044874,5.7076358986694835
4801.663,-1.9994605534992966,5.707994365879209
4801.683,-1.9894673040920232,5.70835281713504
4801.703,-1.9794740538553195,5.708711252387669
4801.723,-1.9694808028250204,5.709069671588979
4801.743,-1.9594875510401208,5.709428074692597
4801.763,-1.9494942985423362,5.709786461654407
4801.783,-1.939501045375643,5.710144832433054
4801.803,-1.9300949453573537,5.710331174826253
4801.823,-1.922082810476862,5.7103462578984665
4801.843,-1.9157636016210524,5.710319594048932
4801.863,-1.9111446299490256,5.710246069575146
4801.883,-1.9074092674147696,5.709848742246573
4801.903,-1.9043684594617822,5.708985862203296
4801.923,-1.90201846751729,5.707661983107485
4801.943,-1.9004414337742042,5.705928561817428
4801.963,-1.8996163976036398,5.703733562955584
4801.983,-1.8995097291463725,5.701124199867342
4802.003,-1.89959234811214,5.698430057961649
4802.023,-1.8997250822403766,5.695737605709119
4802.043,-1.8999041378303203,5.693048631168104
4802.063,-1.9001316712141703,5.690363424153991
4802.083,-1.9004094731598014,5.687682700415464
4802.103,-1.9007333676890736,5.685008019674827
4802.123,-1.9011054911407919,5.682339680261323
4802.143,-1.9015275606356767,5.679678453354365
4802.163,-1.9019953700788848,5.677025797088711
4802.183,-1.9025110008217705,5.674382049763833
4802.203,-1.903076115054542,5.671748012093691
4802.223,-1.90368648400637,5.669125040022275
4802.243,-1.9043441343911958,5.666513518265813
4802.263,-1.905050663489262,5.663914283115382
4802.283,-1.9058018299660784,5.661328580694864
4802.303,-1.906599603038847,5.658756840352306
4802.323,-1.907445509152128,5.656199926794317
4802.343,-1.9083353050074945,5.653658979445472
4802.363,-1.9092708992119305,5.651134469488756
4802.383,-1.910253741551712,5.648627281261928
4802.403,-1.9112795999845353,5.646138452897188
4802.423,-1.9123579836533144,5.6436675757444625
4802.443,-1.9134866362285143,5.6412153418881585
4802.463,-1.9146592428696347,5.638783804644728
4802.483,-1.915875418062012,5.636373769184351
4802.503,-1.9171347678219761,5.633986015441024
4802.523,-1.9184368843189323,5.63162131592147
4802.543,-1.9197813459590816,5.629280435634701
4802.563,-1.921167717522399,5.6269641318565595
4802.583,-1.922595550303443,5.624673153895372
4802.603,-1.9240643822554262,5.622408242860394
4802.623,-1.9255737381374325,5.6201701314330546
4802.643,-1.9271231296646913,5.617959543641024
4802.663,-1.9287120556618182,5.615777194635055
4802.683,-1.9303400022189405,5.61362379046861
4802.703,-1.9320064428506714,5.61150002788019
4802.723,-1.9337108386579016,5.609406594078283
4802.743,-1.9354526384923911,5.607344166528876
4802.763,-1.9372312791242212,5.605313412745413
4802.783,-1.9390461854121324,5.60331499008109
4802.803,-1.9408967704768727,5.601349545523394
4802.823,-1.9427824358776584,5.599417715490751
4802.843,-1.9447025717919117,5.597520125631228
4802.863,-1.946656557198456,5.595657390623167
4802.883,-1.9486437600643616,5.593830113977736
4802.903,-1.950663537535672,5.5920388878433185
4802.923,-1.9527152361322186,5.590284292811809
4802.943,-1.9547981919467547,5.588566897726799
4802.963,-1.9569117308486137,5.586887259493793
4802.983,-1.9590551686920916,5.585245922892558
4803.003,-1.9612278115296922,5.58364342039178
4803.023,-1.9634289558303861,5.582080271966256
4803.043,-1.9656578887029326,5.58055698491689
4803.063,-1.9679138881243174,5.579074053693732
4803.083,-1.9701962231732533,5.577631959722438
4803.103,-1.9725041542686796,5.576231171234404
4803.123,-1.9748369334131086,5.574872143101003
4803.143,-1.9771938044406285,5.573555316672159
4803.163,-1.9795740032693252,5.572281119619674
4803.183,-1.981976758157833,5.571049965785565
4803.203,-1.9835772478350693,5.568170390784017
4803.223,-1.9837175860992522,5.562345799558886
4803.243,-1.982547853247778,5.555257825334958
4803.263,-1.9800745005111342,5.5471897741605956
4803.283,-1.9763612849739725,5.538210118554046
4803.303,-1.972379386888497,5.529036217858609
4803.323,-1.9684140117106086,5.519551926074015
4803.343,-1.9644284998900072,5.509994904946986
4803.363,-1.960452575387017,5.500807860306043
4803.383,-1.9564794908840917,5.491623558333369
4803.403,-1.9525044313110043,5.4824428088454304
4803.423,-1.9485299857842837,5.473262002575818
4803.443,-1.9445556783271647,5.464081124378447
4803.463,-1.9405815534311255,5.45490016486379
4803.483,-1.9366076124227267,5.445719127445783
4803.503,-1.932633853550654,5.436538017483214
4803.523,-1.9286602744443675,5.4273568423782
4803.543,-1.924686870427076,5.418175615553491
4803.563,-1.920713632123445,5.408994366119121
4803.583,-1.9167402034665733,5.399814219346875
4803.603,-1.9127662559752767,5.390638179625696
4803.623,-1.9087924865058108,5.381462080657419
4803.643,-1.9048187281795474,5.372285976401889
4803.663,-1.9008449794385878,5.3631098673878865
4803.683,-1.8968712402903438,5.3539337536416625
4803.703,-1.8928975107607884,5.344757635188429
4803.723,-1.8889237908792196,5.335581512057051
4803.743,-1.8849500806774309,5.3264053842799965
4803.763,-1.8809763801890282,5.3172292518931785
4803.783,-1.8770026894487377,5.308053114935774
4803.803,-1.8730290084917263,5.29887697344998
4803.823,-1.8690553373529215,5.289700827480753
4803.843,-1.865081676066363,5.280524677075498
4803.863,-1.8611080246645664,5.27134852228374
4803.883,-1.8571343831779166,5.262172363156755
4803.903,-1.8531607516341024,5.252996199747187
4803.923,-1.8491871300575804,5.2438200321086414
4803.943,-1.8452135184690905,5.234643860295264
4803.963,-1.8412399168852143,5.225467684361309
4803.983,-1.83726632531799,5.216291504360704
4804.003,-1.8332927437745792,5.20711532034661
4804.023,-1.8293191722569924,5.1979391323709825
4804.043,-1.8253456107618804,5.188762940484149
4804.063,-1.8213720592803806,5.179586744734388
4804.083,-1.8173985177980274,5.170410545167535
4804.103,-1.8134249862947354,5.161234341826592
4804.123,-1.8094514647448356,5.15205813475139
4804.143,-1.805478252755422,5.142881905385235
4804.163,-1.8015067744706266,5.133694206794811
4804.183,-1.7975346214131498,5.124513518013072
4804.203,-1.7935616325035946,5.115337082388122
4804.223,-1.7895886585507783,5.106160641604309
4804.243,-1.7856156947057644,5.096984197055333
4804.263,-1.7816433354391383,5.087806595056733
4804.283,-1.7776730253537507,5.078623698335614
4804.303,-1.773702813409074,5.069443437711774
4804.323,-1.7697302490979105,5.0602668176994685
4804.343,-1.7657577169334,5.051090189182409
4804.363,-1.761785194888717,5.041913556752219
4804.383,-1.7578126826743683,5.032736920439311
4804.403,-1.7563218091446153,5.027961657103309
4804.423,-1.7565504181246583,5.022897728273986
4804.443,-1.7579384082853304,5.017557501296092
4804.463,-1.759659514847715,5.012334159700655
4804.483,-1.7607843828700611,5.006905472266306
4804.503,-1.7618739459082209,5.001496774105619
4804.523,-1.763646426006304,4.996188941159662
4804.543,-1.7653520736396113,4.990830918310454
4804.563,-1.767295356807536,4.985489552581439
4804.583,-1.769300343692215,4.980129355427975
4804.603,-1.771364303363148,4.974744600649238
4804.623,-1.773483965851485,4.969330104410498
4804.643,-1.7756559892938886,4.9638813364466925
4804.663,-1.7769911357635546,4.958385591045696
4804.683,-1.7779842395304926,4.953068938040366
4804.703,-1.7799366981354365,4.947833316981136
4804.723,-1.7819959899776359,4.943756752520915
4804.743,-1.7840909712420094,4.941952643521587
4804.763,-1.7856503008056683,4.939644971313402
4804.783,-1.7875031105184955,4.937618786779932
4804.803,-1.7899306295189659,4.937114688943921
4804.823,-1.7892930264083482,4.935702240783572
4804.843,-1.788399002607939,4.9339763893026065
4804.863,-1.7874528610711917,4.9320872505398095
4804.883,-1.7864863332928664,4.930166453937185
4804.903,-1.785562112775561,4.928280546521263
4804.923,-1.7847019239527464,4.926483480010656
4804.943,-1.7838400687084706,4.924646883912002
4804.963,-1.7830361124319845,4.922900441930627
4804.983,-1.7822100310510014,4.921080735740507
4805.003,-1.7814035866071674,4.919231883397332
4805.023,-1.7805907136624712,4.91732865286501
4805.043,-1.7797994304270448,4.915400882193699
4805.063,-1.779023581277654,4.913487170855626
4805.083,-1.7782775390774894,4.911585440358014
4805.103,-1.7775740174766774,4.909758667684507
4805.123,-1.776914662491254,4.907981748413384
4805.143,-1.77632438341077,4.9062513474621445
4805.163,-1.7759280326452875,4.904807157360509
4805.183,-1.7756575149456433,4.90374376876108
4805.203,-1.7755673326447494,4.902974799634667
4805.223,-1.775528312255678,4.902103045157479
4805.243,-1.775583756020621,4.901050739640078
4805.263,-1.7761315400032913,4.896677768131478
4805.283,-1.7771196021446118,4.891466115537091
4805.303,-1.7762546614528583,4.888326708720441
4805.323,-1.7751784373974353,4.884292031706542
4805.343,-1.774211572209073,4.879956820578603
4805.363,-1.7737664636759864,4.87604003262208
4805.383,-1.773389703463432,4.873669953570173
4805.403,-1.773213434722396,4.872341243558347
4805.423,-1.7733035516316147,4.871447349603914
4805.443,-1.773184268965275,4.8707047977697675
4805.463,-1.7730354273291913,4.86960115343034
4805.483,-1.772910037642935,4.868746889986098
4805.503,-1.7727911342558091,4.867782976316277
4805.523,-1.7725684702627202,4.866182787081237
4805.543,-1.77239939972853,4.864197450372198
4805.563,-1.7723197000251978,4.862923595052956
4805.583,-1.7721851886598743,4.8615040773548
4805.603,-1.7720569095900771,4.859915432225711
4805.623,-1.7718793869081544,4.857595269207459
4805.643,-1.7717832205678552,4.855929205077126
4805.663,-1.771719977048791,4.853771083490085
4805.683,-1.771637122586829,4.85135832792776
4805.703,-1.77165460914753,4.8482641910222295
4805.723,-1.7715688586862808,4.845617902130456
4805.743,-1.771831935583216,4.843351054674765
4805.763,-1.772056857446125,4.841617466959039
4805.783,-1.7723127893291932,4.840065211348411
4805.803,-1.7727830487357101,4.838252922435572
4805.823,-1.7734894537894113,4.836211563026311
4805.843,-1.774641585320619,4.8330857377325795
4805.863,-1.7754255637650052,4.830304181989031
4805.883,-1.7756143045855624,4.827592805153111
4805.903,-1.7762287778760997,4.824408612015826
4805.923,-1.7765166837575073,4.8224676524355194
4805.943,-1.7765636364436386,4.821488507620283
4805.963,-1.7766770682516213,4.820746118240382
4805.983,-1.7768333425850995,4.820277311583966
4806.003,-1.777545379357101,4.818503321018194
4806.023,-1.7784486417825571,4.816267030062302
4806.043,-1.7794389134182786,4.8137696067069315
4806.063,-1.7804184761885737,4.811255265164337
4806.083,-1.7810421377942907,4.8088939452757975
4806.103,-1.7817398575121404,4.805817338402315
4806.123,-1.7826864184014455,4.802617907794844
4806.143,-1.7829066062580712,4.801164037837928
4806.163,-1.7830222598573287,4.800338164912651
4806.183,-1.783079834094977,4.8000426227791335
4806.203,-1.783184009918064,4.799631441396628
4806.223,-1.783297376195136,4.799338194671398
4806.243,-1.7836173168816836,4.798570087501615
4806.263,-1.7842419154560192,4.797037886123611
4806.283,-1.784447647539504,4.796332636965497
4806.303,-1.7845918083485302,4.795921051832128
4806.323,-1.7847228913215287,4.795477971724682
4806.343,-1.7850097265026037,4.7947308674107685
4806.363,-1.785095857560545,4.79439688453573
4806.383,-1.785324760559865,4.793767738850048
4806.403,-1.785403661765906,4.793457529504363
4806.423,-1.78556604575427,4.792955646948458
4806.443,-1.7857506907488032,4.792431647987535
4806.463,-1.7860263936514555,4.7916490327287296
4806.483,-1.7862080005560614,4.791070621038044
4806.503,-1.7863250722149386,4.790644478882529
4806.523,-1.786487067931596,4.790174013434383
4806.543,-1.786603376448662,4.789808201566695
4806.563,-1.786805869292538,4.789253552834358
4806.583,-1.786897595325711,4.7889487029621955
4806.603,-1.7870692612075232,4.788445947478106
4806.623,-1.7872255245809998,4.7880334671427764
4806.643,-1.787333496292232,4.787654086409912
4806.663,-1.7875159746926115,4.787163791327501
4806.683,-1.787605190942016,4.7868649075735865
4806.703,-1.7877895513744912,4.786332534800535
4806.723,-1.7878791266138168,4.7860460328723855
4806.743,-1.7880525029564451,4.785540174470089
4806.763,-1.7881461467310478,4.7852471330251145
4806.783,-1.7883090206272012,4.784770498591297
4806.803,-1.78841251726721,4.784459605100046
4806.823,-1.7885673164446687,4.784007265927489
4806.843,-1.7886961266934331,4.783643679205533
4806.863,-1.7888257244711812,4.7832475365064
4806.883,-1.7889789024243357,4.782832067004751
4806.903,-1.789081761454532,4.7824969523416945
4806.923,-1.7892420549715204,4.782049322666096
4806.943,-1.789392584049069,4.781590288433136
4806.963,-1.78949806280514,4.781283960673245
4806.983,-1.7896021717562243,4.780963452081434
4807.003,-1.7897261671142506,4.780609095032714
4807.023,-1.7899186051679374,4.780059727019202
4807.043,-1.7900268750026787,4.77975393305744
4807.063,-1.7901797329323226,4.779322136226789
4807.083,-1.7902782517917197,4.779037333670143
4807.103,-1.7903716802682164,4.778762091808689
4807.123,-1.790472197922884,4.778467755850547
4807.143,-1.7907583259000173,4.77780870196542
4807.163,-1.7910058778281381,4.77719521620134
4807.183,-1.79149495107915,4.776021839770985
4807.203,-1.7916720987730255,4.7754895525489935
4807.223,-1.7917727273508701,4.775206700469196
4807.243,-1.7918725146788599,4.774929351050957
4807.263,-1.791976951349387,4.774644693515947
4807.283,-1.7920773652860267,4.77436776477008
4807.303,-1.7921825906227613,4.7740830700839725
4807.323,-1.792283740749929,4.773806480851211
4807.343,-1.792389753561654,4.773521791201259
4807.363,-1.7924915787334081,4.773245657831795
4807.383,-1.7925983756213546,4.7729609857151365
4807.403,-1.7927009214687717,4.772685202198528
4807.423,-1.792808497501895,4.77240056539255
4807.443,-1.7929118480468798,4.772124948315921
4807.463,-1.7930202032605793,4.7718403495877455
4807.483,-1.7931243415142846,4.77156493254559
4807.503,-1.7932334770467369,4.771280379328641
4807.523,-1.7933807857237702,4.77093506158164
4807.543,-1.7937063723766373,4.770197785544458
4807.563,-1.793945811923932,4.7695436177658
4807.583,-1.7940289522831652,4.769275194446001
4807.603,-1.7941404976843258,4.769000571100997
4807.623,-1.7942460545056338,4.768723161661959
4807.643,-1.7943588992211805,4.768447039195691
4807.663,-1.7946799956218082,4.767754556734931
4807.683,-1.7949336377849887,4.767119810674328
4807.703,-1.7950831506858402,4.7667111014529695
4807.723,-1.795158562889125,4.766490827160536
4807.743,-1.7952977612274925,4.766183527462413
4807.763,-1.795668301914402,4.765385360217111
4807.783,-1.7956623901939617,4.765423410242739
4807.803,-1.7956587034035298,4.765530647992449
4807.823,-1.7956554559774855,4.765666711972832
4807.843,-1.7956524892061836,4.765832089761181
4807.863,-1.795649666924617,4.766027286956837
4807.883,-1.7956468311220892,4.766252901986922
4807.903,-1.7956437948413884,4.766509626905402
4807.923,-1.7956403405019634,4.766798248906343
4807.943,-1.7956362162914636,4.76711965159071
4807.963,-1.7956885906311593,4.766944478783279
4807.983,-1.7957105738553232,4.76671891060756
4808.003,-1.795740487996036,4.766453656476783
4808.023,-1.795533049240046,4.766096279177839
4808.043,-1.7951967698485274,4.765756650059491
4808.063,-1.794808194032183,4.765907399373068
4808.083,-1.7948157363650465,4.7659038976091885
4808.103,-1.7948163869937745,4.765903091937076
4808.123,-1.7948163880372265,4.765903092565656
4808.143,-1.7948163891495292,4.76590309357373
4808.163,-1.7948163890730342,4.7659030939799445
4808.183,-1.7948163884792672,4.765903094105435
4808.203,-1.7948163876741432,4.7659030941067195
4808.223,-1.794816386790895,4.765903094054771
4808.243,-1.7948163858872916,4.765903093981359
4808.263,-1.794816384988114,4.7659030939005715
4808.283,-1.7948163841037126,4.765903093818577
4808.303,-1.7948163832381263,4.7659030937380225
4808.323,-1.7948163823926397,4.765903093660004
4808.343,-1.7948163815673501,4.765903093584927
4808.363,-1.7948163807618496,4.765903093512901
4808.383,-1.794816379975526,4.765903093443903
4808.403,-1.7948163792076943,4.765903093377857
4808.423,-1.7948163784576558,4.765903093314663
4808.443,-1.7948163777247197,4.765903093254217
4808.463,-1.794816377008214,4.765903093196413
4808.483,-1.7948163763074898,4.76590309314115
4808.503,-1.7948163756219233,4.765903093088326
4808.523,-1.7948163749509134,4.7659030930378465
4808.543,-1.7948163742938832,4.7659030929896185
4808.563,-1.7948163736502787,4.765903092943552
4808.583,-1.7948163730195674,4.765903092899562
4808.603,-1.7948163724012385,4.765903092857566
4808.623,-1.7948163717948002,4.765903092817483
4808.643,-1.7948163711997822,4.765903092779239
4808.663,-1.794816370615731,4.765903092742762
4808.683,-1.7948163700422115,4.76590309270798
4808.703,-1.794816369478807,4.765903092674824
4808.723,-1.794816368925116,4.765903092643234
4808.743,-1.794816368380753,4.765903092613146
4808.763,-1.7948163678453481,4.765903092584499
4808.783,-1.794816367318547,4.765903092557235
4808.803,-1.7948163668000077,4.765903092531306
4808.823,-1.7948163662894023,4.765903092506652
4808.843,-1.794816365786417,4.765903092483224
4808.863,-1.794816365290749,4.765903092460975
4808.883,-1.7948163648021092,4.7659030924398555
4808.903,-1.7948163643202182,4.7659030924198245
4808.923,-1.7948163638448082,4.765903092400839
4808.943,-1.7948163633756222,4.765903092382854
4808.963,-1.7948163629124139,4.76590309236583
4808.983,-1.7948163624549465,4.765903092349732
4809.003,-1.7948163620029918,4.765903092334524
4809.023,-1.7948163615563313,4.765903092320165
4809.043,-1.7948163611147552,4.7659030923066235
4809.063,-1.7948163606780614,4.765903092293869
4809.083,-1.7948163602460576,4.765903092281869
4809.103,-1.794816359818557,4.7659030922705945
4809.123,-1.794816359395381,4.765903092260015
4809.143,-1.7948163589763573,4.765903092250107
4809.163,-1.794816358561322,4.76590309224084
4809.183,-1.7948163581501173,4.765903092232188
4809.203,-1.7948163577425917,4.765903092224129
4809.223,-1.794816357338598,4.76590309221664
4809.243,-1.7948163569379967,4.7659030922096965
4809.263,-1.7948163565406543,4.765903092203279
4809.283,-1.79481635614644,4.765903092197364
4809.303,-1.7948163557552312,4.765903092191932
4809.323,-1.7948163553669079,4.765903092186967
4809.343,-1.7948163549813558,4.765903092182446
4809.363,-1.7957729283312434,4.7643899601056265
4809.383,-1.7986131260833556,4.759867416973187
4809.403,-1.8023037294614443,4.753779757475734
4809.423,-1.8038374093568394,4.750229047340789
4809.443,-1.8052242143082828,4.746973418168482
4809.463,-1.8066347650986074,4.743788235107229
4809.483,-1.8081188165931743,4.740735384952616
4809.503,-1.8096381804048356,4.73776771308743
4809.523,-1.8113531885092775,4.734639009354121
4809.543,-1.813003447383056,4.731559752070589
4809.563,-1.8146876528758233,4.728517796616519
4809.583,-1.816390192888238,4.725568368872145
4809.603,-1.8181389466273326,4.722658533402876
4809.623,-1.8199142347032196,4.7198251530799915
4809.643,-1.8217167360827804,4.717040905070942
4809.663,-1.823552738045014,4.714312087542587
4809.683,-1.825413361098422,4.7116393794310305
4809.703,-1.8273004092538523,4.709018412001413
4809.723,-1.8292121718799224,4.7064501207009215
4809.743,-1.8311471742775813,4.703931489094583
4809.763,-1.8331057900945362,4.701464839033008
4809.783,-1.8349086561923107,4.699219252846526
4809.803,-1.8357983026738987,4.6975075872034715
4809.823,-1.8361290553426808,4.697349718333871
4809.843,-1.836131500012989,4.697350648096722
4809.863,-1.836135070711166,4.697349142463004
4809.883,-1.8361352318849637,4.697348468206911
4809.903,-1.8361347570211761,4.697347855634533
4809.923,-1.8361363479098967,4.697348325607023
4809.943,-1.8361413002818814,4.697344786349128
4809.963,-1.836144114355588,4.697343429471917
4809.983,-1.8361476193161903,4.69734048384356
4810.003,-1.8361496661024874,4.6973394368005374
4810.023,-1.8361518379347097,4.697338802981433
4810.043,-1.836152952265116,4.69733768198835
4810.063,-1.836154804826257,4.697337031782894
4810.083,-1.8361565556552255,4.697336749476989
4810.103,-1.8361565507616209,4.697335966057539
4810.123,-1.8361568250596882,4.697335120182661
4810.143,-1.8361587673275364,4.697334330601122
4810.163,-1.8361577659139505,4.697333770685218
4810.183,-1.8361586381173243,4.697333360545196
4810.203,-1.8361608533739486,4.697332496633695
4810.223,-1.836161118748029,4.697331977403772
4810.243,-1.8361612302803376,4.697331882749332
4810.263,-1.8361636774151315,4.697331143882326
4810.283,-1.836163601691261,4.697330134349703
4810.303,-1.8361632519125768,4.697329745370426
4810.323,-1.8371873573159705,4.69646006450102
4810.343,-1.8383884477588857,4.695331183665038
4810.363,-1.8395759756248915,4.694140486053605
4810.383,-1.8404730361041282,4.693187555807261
4810.403,-1.8415729804796157,4.692075087570657
4810.423,-1.8426655509205472,4.690985842095085
4810.443,-1.8439518319661587,4.689741221080572
4810.463,-1.8458493339898538,4.6879485227043745
4810.483,-1.8482271761056677,4.685754919670285
4810.503,-1.8499112607187647,4.684122693015335
4810.523,-1.851603736849202,4.682516275734523
4810.543,-1.8533591738097608,4.680923731279533
4810.563,-1.8554442077609323,4.679067915524116
4810.583,-1.8574786078614143,4.6773272099865615
4810.603,-1.8590142570301724,4.675995610360526
4810.623,-1.860508598173135,4.674756972567799
4810.643,-1.861767142223021,4.6737128972459985
4810.663,-1.863081548193938,4.672683744968798
4810.683,-1.8645058646004522,4.671593342973698
4810.703,-1.8661656670940583,4.6704172705886835
4810.723,-1.867595592647791,4.669429319367205
4810.743,-1.869402135304792,4.6682015189104185
4810.763,-1.8708594819331594,4.66719401935291
4810.783,-1.8718775075411187,4.6664469518933664
4810.803,-1.8742393029407434,4.6649914290353225
4810.823,-1.8761186103455505,4.6637729368504
4810.843,-1.8778615473778781,4.662606990921015
4810.863,-1.8809015614202578,4.660825951763108
4810.883,-1.883122944213782,4.659477066839738
4810.903,-1.8854633478396499,4.658073743172876
4810.923,-1.8880151897030923,4.656613363900384
4810.943,-1.889602223004474,4.655702296098952
4810.963,-1.8934473945629942,4.653524812362049
4810.983,-1.8987181273149143,4.651003902773562
4811.003,-1.901614733267701,4.64953762286699
4811.023,-1.9048746736896054,4.647985158464309
4811.043,-1.9078391331557816,4.646586600121847
4811.063,-1.9107386026374849,4.645311255195328
4811.083,-1.9137448266950525,4.644125352931543
4811.103,-1.9168340296777202,4.64293141312213
4811.123,-1.920184971780126,4.641313752786795
4811.143,-1.9245639921313549,4.639780297069462
4811.163,-1.928683984513911,4.638522893433855
4811.183,-1.932188840660909,4.637418654606876
4811.203,-1.9340301694424182,4.636867690870433
4811.223,-1.9346865761773484,4.63667664699485
4811.243,-1.935291367926856,4.636501795700002
4811.263,-1.9359373629156604,4.636316874868015
4811.283,-1.9362535617311705,4.636227232146451
4811.303,-1.937111783158297,4.6359976915857475
4811.323,-1.9377398274524382,4.635806879783232
4811.343,-1.9384150402533056,4.635625877703129
4811.363,-1.9392245043561742,4.635404612515093
4811.383,-1.9405329696927878,4.635047627405811
4811.403,-1.9421848240993225,4.634625278483755
4811.423,-1.943725248883319,4.634243520545011
4811.443,-1.9459505857013868,4.6337230102789215
4811.463,-1.9476597068612325,4.63333103997177
4811.483,-1.949303336394646,4.632968860022802
4811.503,-1.950932874647408,4.632633925258228
4811.523,-1.9524158965063412,4.632322602291522
4811.543,-1.9543102613315748,4.631958502612548
4811.563,-1.956195520364587,4.631614402829863
4811.583,-1.9582021532444873,4.631270569859202
4811.603,-1.9606419410290585,4.63088084242834
4811.623,-1.9632484622807225,4.630512717213731
4811.643,-1.9665804896052297,4.630072961313812
4811.663,-1.9689634772505702,4.629826953766576
4811.683,-1.9697301336495046,4.629554249449472
4811.703,-1.9708212539636603,4.628840115029189
4811.723,-1.9726040640967206,4.62829880712862
4811.743,-1.973590434169527,4.6268226691834275
4811.763,-1.9740311304381415,4.624555858523101
4811.783,-1.9741923197165827,4.622065983144735
4811.803,-1.9738222991739631,4.619421567848371
4811.823,-1.9734964602769327,4.616645319387958
4811.843,-1.9731336191662232,4.6138354283283585
4811.863,-1.9728210233255288,4.610932485004222
4811.883,-1.9722096269156144,4.608281169027944
4811.903,-1.970574288922255,4.606653607435572
4811.923,-1.9681052375861228,4.605953883208481
4811.943,-1.9659360866441247,4.605211548340592
4811.963,-1.9635915254276346,4.604611278736092
4811.983,-1.9613158128310617,4.604092346710839
4812.003,-1.9591225273847384,4.6033753769792725
4812.023,-1.9567908861002759,4.602750451081643
4812.043,-1.9544130843356247,4.602260037139255
4812.063,-1.9520822722121531,4.601637874473811
4812.083,-1.949749775309157,4.601213799380879
4812.103,-1.9474923282570704,4.60060752673745
4812.123,-1.9451911599792264,4.600063366670651
4812.143,-1.9429000401454248,4.59970540690124
4812.163,-1.940591585539251,4.599239077155097
4812.183,-1.938261727099099,4.598758780469588
4812.203,-1.9360274646142057,4.598273990838397
4812.223,-1.9336609951279686,4.597812729055613
4812.243,-1.9312849695085588,4.5974845460884435
4812.263,-1.9289441445417888,4.597036684494163
4812.283,-1.9265969145602189,4.5966936016378845
4812.303,-1.9241134154877966,4.596387426643767
4812.323,-1.9217885316222993,4.595995390252758
4812.343,-1.9194973766775922,4.595616582230256
4812.363,-1.9171694681575784,4.595307142280298
4812.383,-1.914843070895801,4.595026004702836
4812.403,-1.9124503807387316,4.594824015361884
4812.423,-1.9101342709509268,4.5944689610531215
4812.443,-1.9078078427844471,4.594222791485547
4812.463,-1.9055169566080292,4.593985185709237
4812.483,-1.903094525535005,4.5938676481249106
4812.503,-1.9007869509980857,4.593559494362479
4812.523,-1.898544020056946,4.593466029876982
4812.543,-1.8962845915700586,4.5933219051722345
4812.563,-1.8939731671961577,4.593154529544464
4812.583,-1.8918160778545374,4.5928200831726755
4812.603,-1.8901252539316957,4.5910088820187696
4812.623,-1.8887820423896997,4.588512678687423
4812.643,-1.8872674549635369,4.586146824006633
4812.663,-1.885747918345502,4.583806949607049
4812.683,-1.8841642332873603,4.581439310447357
4812.703,-1.88243451598358,4.579365887192847
4812.723,-1.8806641722738533,4.577327965716608
4812.743,-1.878857426488779,4.575322218849868
4812.763,-1.87701487265639,4.573349307356558
4812.783,-1.8751371065750138,4.571409869681767
4812.803,-1.8745500108574318,4.568168466558211
4812.823,-1.8762940376530313,4.562609293167905
4812.843,-1.8796853611520326,4.556276132076401
4812.863,-1.884626570206195,4.549435165958597
4812.883,-1.8910328613216538,4.542126138402247
4812.903,-1.8977579765087687,4.5347242298900206
4812.923,-1.9046410824268334,4.527120999679709
4812.943,-1.9116035311385047,4.519422868412363
4812.963,-1.9183532693295837,4.511973724567724
4812.983,-1.9250884962923571,4.504570741586376
4813.003,-1.931816107016437,4.497165733190375
4813.023,-1.9385394024519496,4.489763776685611
4813.043,-1.9452627980119817,4.4823619670865344
4813.063,-1.9519861930757763,4.4749601570966915
4813.083,-1.958709586813996,4.467558345316157
4813.103,-1.9654329792292724,4.460156531711057
4813.123,-1.9721563703243083,4.452754716260168
4813.143,-1.978879760094972,4.445352898942378
4813.163,-1.9856031485304286,4.437951079736906
4813.183,-1.992326535613404,4.430549258623655
4813.203,-1.9990499213204944,4.423147435583556
4813.223,-2.0057733056225437,4.4157456105988855
4813.243,-2.0124966884850686,4.408343783653576
4813.263,-2.0192200698687315,4.400941954733501
4813.283,-2.025943449729858,4.39354012382673
4813.303,-2.0326668280209956,4.38613829092377
4813.323,-2.039390204691502,4.378736456017768
4813.343,-2.0461135796881638,4.37133461910469
4813.363,-2.0528369529558352,4.36393278018346
4813.383,-2.059560324438096,4.356530939256074
4813.403,-2.066283694077912,4.349129096327677
4813.423,-2.0730070618183047,4.3417272514066045
4813.443,-2.0797304276030135,4.334325404504386
4813.463,-2.0864537913771466,4.326923555635718
4813.483,-2.0931771530878187,4.3195217048184045
4813.503,-2.0999005126847603,4.312119852073252
4813.523,-2.106090456262674,4.305255692328829
4813.543,-2.1110245888755594,4.299658426072313
4813.563,-2.1145442551079916,4.295550771903213
4813.583,-2.11741061271561,4.292922544495216
4813.603,-2.120061843327544,4.29150491013855
4813.623,-2.122504296882661,4.291150722342541
4813.643,-2.12472812369711,4.291801851197415
4813.663,-2.126712372179139,4.293425994296375
4813.683,-2.1285973297751646,4.295359129348789
4813.703,-2.1304466944530103,4.297325634036083
4813.723,-2.1322603701466094,4.299325105311941
4813.743,-2.1340377747146375,4.301356898577002
4813.763,-2.135778332852351,4.303420356775596
4813.783,-2.1374814810031815,4.305514812539321
4813.803,-2.1391466675880064,4.307639588404513
4813.823,-2.1407733531871003,4.309793997017632
4813.843,-2.1423610107196347,4.311977341344998
4813.863,-2.143909125621034,4.3141889148871515
4813.883,-2.145417196017981,4.316428001898031
4813.903,-2.146884732900836,4.318693877609042
4813.923,-2.148311260293198,4.320985808458082
4813.943,-2.1496963154182995,4.323303052323528
4813.963,-2.1510394488619204,4.325644858763118
4813.983,-2.1523402247314922,4.328010469257645
4814.003,-2.153598220811042,4.330399117459241
4814.023,-2.1548130287116694,4.332810029444122
4814.043,-2.1559842540172234,4.335242423969457
4814.063,-2.1571115164249086,4.337695512734124
4814.083,-2.1581944498805425,4.340168500643014
4814.103,-2.1592327027082465,4.342660586074548
4814.123,-2.1602259377343764,4.345170961151061
4814.143,-2.1629374219789845,4.347042124533407
4814.163,-2.1687212045312254,4.3477443170872885
4814.183,-2.175889025361903,4.347264632043144
4814.203,-2.1841582717592645,4.3455820983704
4814.223,-2.193454590653495,4.34275351405137
4814.243,-2.202970209059058,4.339676258723908
4814.263,-2.2128158264905617,4.3366727650926595
4814.283,-2.222764906897504,4.3336672595246215
4814.303,-2.2323046866223355,4.330610515526019
4814.323,-2.2418281268328157,4.32754437688353
4814.343,-2.25135175314506,4.324479260659931
4814.363,-2.260875396697572,4.321414090172239
4814.383,-2.2703990870552153,4.318349106488535
4814.403,-2.2799228016600748,4.315284307212233
4814.423,-2.2894442088563154,4.312218945687354
4814.443,-2.2989621658234856,4.309152873047884
4814.463,-2.3084801417747536,4.30608687042514
4814.483,-2.3179981220994987,4.303020879371353
4814.503,-2.327516106657587,4.2999548993617145
4814.523,-2.337034095436443,4.296888930411922
4814.543,-2.346552088418776,4.293822972546916
4814.563,-2.3560700855814454,4.290757025795346
4814.583,-2.3655880868956345,4.287691090188969
4814.603,-2.3751060923270937,4.284625165762112
4814.623,-2.3846241018364402,4.281559252551085
4814.643,-2.394142115379517,4.278493350593609
4814.663,-2.403660132907787,4.275427459928233
4814.683,-2.413178154368791,4.272361580593743
4814.703,-2.4226961797066324,4.269295712628606
4814.723,-2.4322142088625043,4.266229856070395
4814.743,-2.4417322417752483,4.263164010955244
4814.763,-2.451250278381933,4.260098177317338
4814.783,-2.4607683186184577,4.257032355188408
4814.803,-2.4702863624201634,4.253966544597275
4814.823,-2.479261736416874,4.251412407293789
4814.843,-2.4869068360104105,4.249705390928483
4814.863,-2.4928723004331625,4.248534281951108
4814.883,-2.4970727099627954,4.247903990589936
4814.903,-2.5001935385417284,4.247856311700235
4814.923,-2.502663313024304,4.248560816413412
4814.943,-2.504469212978751,4.250013019887074
4814.963,-2.505596442462542,4.252189986849353
4814.983,-2.5062850396333007,4.254793648924996
4815.003,-2.506933292683194,4.257408141125938
4815.023,-2.5075344869946834,4.260034851454155
4815.043,-2.508087802707064,4.262671619068042
4815.063,-2.508590839002332,4.2653210170478015
4815.083,-2.5090418497136775,4.267982724282849
4815.103,-2.5094449690094627,4.270652148357657
4815.123,-2.5097999791617176,4.2733284017790885
4815.143,-2.510106763645203,4.276010616430032
4815.163,-2.5103652225959565,4.27869792253995
4815.183,-2.510575271885404,4.2813894487235755
4815.203,-2.5107368431336656,4.284084322268864
4815.223,-2.5108498837276425,4.286781669427128
4815.243,-2.510914356833482,4.289480615702331
4815.263,-2.510931060139733,4.292179649443279
4815.283,-2.5109106846899083,4.294875963926172
4815.303,-2.512736626697633,4.297628926013993
4815.323,-2.5178445164067678,4.30046393185264
4815.343,-2.5246768687208756,4.302727582597534
4815.363,-2.532984559719407,4.304294984269795
4815.383,-2.5426704989100783,4.305193509348379
4815.403,-2.552643021656179,4.305950400789993
4815.423,-2.5628829264525264,4.306541844489328
4815.443,-2.5734490227680658,4.307000265379925
4815.463,-2.5834810733356433,4.30769496640805
4815.483,-2.593459801369054,4.308424861675736
4815.503,-2.603438752816532,4.30916298078985
4815.523,-2.6134177112492885,4.309900889626127
4815.543,-2.6233966876383885,4.3106385379233645
4815.563,-2.6333756818723844,4.311375916090235
4815.583,-2.6433546934188556,4.312113022809861
4815.603,-2.65333372172306,4.312849858103962
4815.623,-2.66331276644735,4.313586422765541
4815.643,-2.6732857539494748,4.314326287357214
4815.663,-2.683258013800837,4.315066139482981
4815.683,-2.69323027415461,4.315805967980729
4815.703,-2.703202534922876,4.31654578050944
4815.723,-2.713174796154644,4.317285577177265
4815.743,-2.7231470579056407,4.318025358022236
4815.763,-2.733119320237067,4.31876512308143
4815.783,-2.743092425699966,4.319504183819388
4815.803,-2.7530646713324516,4.320243284090611
4815.823,-2.76303785202729,4.32098127061163
4815.843,-2.7730249299184693,4.321710067636187
4815.863,-2.7830021432414256,4.3224444616246105
4815.883,-2.7929817939028294,4.323178078577961
4815.903,-2.8029605369429267,4.323913084716471
4815.923,-2.812939303265266,4.324647870555936
4815.943,-2.8229180893547885,4.325382402635759
4815.963,-2.832896895096976,4.326116676495436
4815.983,-2.8428757204498276,4.326850691569142
4816.003,-2.852854565374219,4.3275844478242975
4816.023,-2.862833429828304,4.328317945301972
4816.043,-2.8728123137671275,4.329051184053141
4816.063,-2.8827912171429366,4.329784164129352
4816.083,-2.892768282060481,4.330517928087333
4816.103,-2.902740849505459,4.331253839993227
4816.123,-2.9127134122397664,4.331989737984312
4816.143,-2.922685967094798,4.3327255832089815
4816.163,-2.9326585241757868,4.3334614310546
4816.183,-2.9426310831285396,4.3341972634861134
4816.203,-2.952603643960537,4.334933080325798
4816.223,-2.9625762066785026,4.335668881547467
4816.243,-2.972548771281178,4.336404667123937
4816.263,-2.982521337759276,4.337140437025992
4816.283,-2.992493906095629,4.337876191222675
4816.303,-3.0024664762653965,4.33861192968162
4816.323,-3.0124390482363568,4.339347652369387
4816.343,-3.0224116219692685,4.34008335925182
4816.363,-3.032384197418301,4.340819050294386
4816.383,-3.042356774531528,4.341554725462552
4816.403,-3.0523293532514777,4.342290384722127
4816.423,-3.0623019335157413,4.343026028039624
4816.443,-3.0722745152576216,4.343761655382604
4816.463,-3.0822470984068344,4.344497266720007
4816.483,-3.09221968289023,4.345232862022477
4816.503,-3.1021922686325545,4.34596844126266
4816.523,-3.112164855557223,4.3467040044154945
4816.543,-3.122137443587107,4.34743955145846
4816.563,-3.1321100326453277,4.348175082371813
4816.583,-3.1420872477373396,4.3489064449609165
4816.603,-3.1520666593510067,4.34963788878763
4816.623,-3.162046105029763,4.350369264956484
4816.643,-3.1720255730562337,4.351100392293925
4816.663,-3.1814078452930876,4.3516004210160215
4816.683,-3.1894101875631433,4.351802851994727
4816.703,-3.195693063869728,4.351907879805311
4816.723,-3.2002742531993915,4.351983711935586
4816.743,-3.2040226512695513,4.351696297213613
4816.763,-3.2071379130000444,4.350938110916604
4816.783,-3.2097875934090925,4.3496516777271275
4816.803,-3.2118767533681982,4.347888672701144
4816.823,-3.2133995963070676,4.345659169801185
4816.843,-3.2141483124731733,4.343078437727061
4816.863,-3.2143734497774994,4.340271432404076
4816.883,-3.214604712114104,4.337430727894809
4816.903,-3.2148671483703763,4.334506621473422
4816.923,-3.2167916894337685,4.331560821958137
4816.943,-3.221862374217199,4.328500026757471
4816.963,-3.2285704703384215,4.326009598026945
4816.983,-3.2367735377827658,4.324170402688466
4817.003,-3.2463915250956084,4.322960932151093
4817.023,-3.25633646446345,4.321905333367407
4817.043,-3.2666742240626365,4.3210725372738565
4817.063,-3.2770270676235995,4.3202264579224
4817.083,-3.2870444608405265,4.319225654541148
4817.103,-3.297003286096792,4.3181935938010145
4817.123,-3.306960969053907,4.317160797283598
4817.143,-3.3169132217380173,4.3161261799081485
4817.163,-3.3268588891455453,4.315086717863847
4817.183,-3.336804345239141,4.314047009969043
4817.203,-3.346749802367574,4.313007318452131
4817.223,-3.356699158033957,4.311971066495241
4817.243,-3.366651881032852,4.31093650084998
4817.263,-3.376602502413317,4.309900635668349
4817.283,-3.3865542300874405,4.308866095393736
4817.303,-3.3965046120681968,4.307832325293775
4817.323,-3.4064571109488773,4.306798733139524
4817.343,-3.416412210978453,4.305769148123079
4817.363,-3.426359810674258,4.30473371990877
4817.383,-3.4363053898481866,4.303695361605981
4817.403,-3.4462509914820143,4.302657091565074
4817.423,-3.4561965946811255,4.301618837022789
4817.443,-3.466142199327388,4.300580597329687
4817.463,-3.47608995267292,4.299543498871495
4817.483,-3.486039210129459,4.298509431398044
4817.503,-3.4959852188252722,4.297471670657138
4817.523,-3.5059308475481443,4.296433652720644
4817.543,-3.515876478381046,4.295395651842026
4817.563,-3.5258221111752075,4.2943576657271
4817.583,-3.535767746003633,4.29331969433601
4817.603,-3.545713382935439,4.292281737652202
4817.623,-3.5556590220331006,4.291243795661723
4817.643,-3.5656046633518566,4.290205868353039
4817.663,-3.5755503069392036,4.28916795571699
4817.683,-3.585495952834474,4.288130057746773
4817.703,-3.5954416010684804,4.287092174437872
4817.723,-3.6053872516632577,4.286054305787996
4817.743,-3.6153329046318743,4.285016451796988
4817.763,-3.6252785599783466,4.283978612466729
4817.783,-3.6352242176976266,4.282940787801014
4817.803,-3.645169877775694,4.281902977805429
4817.823,-3.655115540189718,4.280865182487203
4817.843,-3.665061204908325,4.279827401855055
4817.863,-3.675006871891934,4.278789635919033
4817.883,-3.6849525410931805,4.27775188469033
4817.903,-3.6948982124574137,4.276714148181119
4817.923,-3.704843885923269,4.275676426404347
4817.943,-3.714789561423301,4.274638719373558
4817.963,-3.724735238884679,4.2736010271026865
4817.983,-3.7346809182299356,4.272563349605879
4818.003,-3.7446265993777588,4.271525686897282
4818.023,-3.7545722822438203,4.270488038990868
4818.043,-3.7645179667416406,4.269450405900238
4818.063,-3.774463652783463,4.268412787638445
4818.083,-3.7844187326900016,4.267382483416492
4818.103,-3.794365841398825,4.266345833830329
4818.123,-3.804317337214388,4.265314259232061
4818.143,-3.814263190115649,4.264277521345326
4818.163,-3.8242090165863183,4.263240746405333
4818.183,-3.8341548330392374,4.262203992775139
4818.203,-3.8441006392140626,4.261167272773016
4818.223,-3.854046432948231,4.26013059028986
4818.243,-3.8639922104901334,4.259093950224695
4818.263,-3.8739484544078278,4.258064210365521
4818.283,-3.8839044042737467,4.257033660267401
4818.303,-3.8938603110776024,4.256004303373257
4818.323,-3.9038181000855725,4.254975961803655
4818.343,-3.9137740774558454,4.253946853881319
4818.363,-3.9237298921476467,4.252919122075836
4818.383,-3.9336875885112987,4.2518922986047185
4818.403,-3.9436406552136,4.2508637986570275
4818.423,-3.9535864820094035,4.24983048776965
4818.443,-3.9635325941062467,4.2487970733350995
4818.463,-3.9734787070475095,4.247763674525506
4818.483,-3.9834288006114353,4.24673389952964
4818.503,-3.9933822878139633,4.245705659082054
4818.523,-4.0033360220647065,4.244677108062669
4818.543,-4.013288118585768,4.243649486343693
4818.563,-4.023237540855505,4.2426208316230305
4818.583,-4.033191286279684,4.241593325227038
4818.603,-4.043146733829183,4.240570850149961
4818.623,-4.053094050592575,4.239540630668361
4818.643,-4.063040297334338,4.238508607251031
4818.663,-4.0729865537345,4.237476626728314
4818.683,-4.082932811578159,4.23644466132565
4818.703,-4.092879070874967,4.23541271077278
4818.723,-4.10282895263044,4.234383141199209
4818.743,-4.112777788362329,4.233354543087452
4818.763,-4.12272405667458,4.23232269559076
4818.783,-4.132670340139976,4.23129096854437
4818.803,-4.142616625580845,4.230259257170081
4818.823,-4.152562912986249,4.229227560552718
4818.843,-4.162509202429555,4.228195878665702
4818.863,-4.172455493978839,4.227164211493106
4818.883,-4.182401787695423,4.226132559021481
4818.903,-4.191777065515728,4.225413203282171
4818.923,-4.199773570477916,4.225085379012259
4818.943,-4.206060675347694,4.224971910076485
4818.963,-4.210617570107265,4.224905478331544
4818.983,-4.214227620188945,4.225163669431318
4819.003,-4.21716102607258,4.225930123953819
4819.023,-4.219379832328103,4.227226032566456
4819.043,-4.220858796091867,4.229057202970093
4819.063,-4.221702291027519,4.231366025614294
4819.083,-4.221760581492727,4.234101283178663
4819.103,-4.221504505800026,4.237010306041978
4819.123,-4.221522584916615,4.239708643251321
4819.143,-4.221503240545881,4.242404806060387
4819.163,-4.221438689193717,4.245099581648389
4819.183,-4.221325560478534,4.247792630130107
4819.203,-4.221162009485592,4.2504832551300185
4819.223,-4.220952174465269,4.253169836765746
4819.243,-4.220693903010221,4.255852098000178
4819.263,-4.220385420566244,4.258529324051684
4819.283,-4.220030908459164,4.26119997765665
4819.303,-4.219628243718333,4.263863728261874
4819.323,-4.221042178265357,4.2668486705111075
4819.343,-4.225693011737766,4.270382840081319
4819.363,-4.232132280541383,4.273597302066747
4819.383,-4.2401310480278696,4.2763328721569325
4819.403,-4.249589580550891,4.278602748319622
4819.423,-4.259352414058914,4.2807730873893775
4819.443,-4.269375556302584,4.282844751360073
4819.463,-4.279736154719971,4.284810001480322
4819.483,-4.2895246080625515,4.286929518070287
4819.503,-4.299301547877729,4.289079671546443
4819.523,-4.309065842348935,4.291236524284899
4819.543,-4.31882996282692,4.293394010483564
4819.563,-4.328594085895367,4.2955514819308025
4819.583,-4.338358212364263,4.29770893985695
4819.603,-4.3481223422166035,4.299866384228937
4819.623,-4.357886475421794,4.302023814999984
4819.643,-4.367650611944974,4.304181232123076
4819.663,-4.377414751747477,4.306338635551697
4819.683,-4.387178894787222,4.3084960252404105
4819.703,-4.396943041019146,4.3106534011454345
4819.723,-4.406707190395669,4.312810763225177
4819.743,-4.416471342867168,4.314968111440748
4819.763,-4.42623549838248,4.317125445756451
4819.783,-4.435999656889435,4.319282766140221
4819.803,-4.445763818335356,4.321440072564035
4819.823,-4.45552798266762,4.323597365004278
4819.843,-4.465292149834174,4.32575464344204
4819.863,-4.4750563197840645,4.327911907863393
4819.883,-4.484820492467951,4.330069158259589
4819.903,-4.494584667838607,4.332226394627214
4819.923,-4.504348845851392,4.3343836169682906
4819.943,-4.514113026464708,4.3365408252903
4819.963,-4.523879126932768,4.33869720416532
4819.983,-4.533643737068013,4.340853611176562
4820.003,-4.543407944991133,4.343010700502527
4820.023,-4.553172152841932,4.345167777920502
4820.043,-4.562385380605078,4.346842150689993
4820.063,-4.570240263804779,4.347914996990166
4820.083,-4.576402695628139,4.348588980223436
4820.103,-4.580802626880451,4.348974375526105
4820.123,-4.584236989556578,4.348917125744103
4820.143,-4.587147746336893,4.3482755736526775
4820.163,-4.589521490361615,4.3470273470607514
4820.183,-4.591394969138894,4.345185226152017
4820.203,-4.592725529216893,4.342767122242106
4820.223,-4.593544383388031,4.339994788577363
4820.243,-4.594255516554748,4.3371714217837365
4820.263,-4.594888314474916,4.334341022832134
4820.283,-4.595241758061064,4.3316077957051204
4820.303,-4.595445515030948,4.328915901836262
4820.323,-4.595600812904886,4.32622062648498
4820.343,-4.595707573311651,4.3235229938916655
4820.363,-4.595765761452581,4.320823879524433
4820.383,-4.595776085997832,4.318125069623613
4820.403,-4.595751190353679,4.315429922475042
4820.423,-4.59567597228025,4.3127348337971405
4820.443,-4.597456943702146,4.309941744973241
4820.463,-4.602512875718621,4.307002180851081
4820.483,-4.609299662477211,4.304601162918737
4820.503,-4.617575580468632,4.302866189119518
4820.523,-4.627242242851464,4.301771533112907
4820.543,-4.63719712273497,4.30081215550516
4820.563,-4.64747376444402,4.3000406145906735
4820.583,-4.657892467046547,4.299327217725339
4820.603,-4.667896659319326,4.298429024727372
4820.623,-4.677861338560263,4.29749187202529
4820.643,-4.687821499010107,4.296551476343242
4820.663,-4.697785853770297,4.29561271609561
4820.683,-4.707749633700065,4.294674742315155
4820.703,-4.717710681010579,4.293737022596164
4820.723,-4.727671424678573,4.292797718150757
4820.743,-4.73762692613758,4.291856034594438
4820.763,-4.747581948994208,4.290912385698964
4820.783,-4.757536981730686,4.289968796292419
4820.803,-4.767492015789045,4.289025222291533
4820.823,-4.777447051179141,4.288081663294565
4820.843,-4.787405702272754,4.287140596549165
4820.863,-4.797363263754384,4.286200413794834
4820.883,-4.8073183289834285,4.285256997625988
4820.903,-4.817273387134915,4.284313666809385
4820.923,-4.827228446949118,4.283370351585371
4820.943,-4.837183508609854,4.282427051278236
4820.963,-4.847138572193366,4.281483765864484
4820.983,-4.857093637768491,4.280540495328899
4821.003,-4.867048705397208,4.279597239658367
4821.023,-4.877003775134088,4.27865399884182
4821.043,-4.886958847025796,4.277710772870218
4821.063,-4.8969139211106825,4.276767561736516
4821.083,-4.90686899741843,4.275824365435629
4821.103,-4.9168240759698225,4.27488118396437
4821.123,-4.926779156776556,4.273938017321384
4821.143,-4.936734239841177,4.272994865507065
4821.163,-4.946689325157084,4.272051728523463
4821.183,-4.95664441270863,4.271108606374178
4821.203,-4.966599502471317,4.270165499064245
4821.223,-4.9765545944120655,4.269222406600007
4821.243,-4.9865096884895745,4.268279328988974
4821.263,-4.99646478465476,4.2673362662396945
4821.283,-5.006419882851283,4.266393218361591
4821.303,-5.016374983016121,4.2654501853648155
4821.323,-5.02633008508023,4.264507167260084
4821.343,-5.036285188969252,4.263564164058521
4821.363,-5.046240294604288,4.262621175771492
4821.383,-5.05619540190269,4.261678202410447
4821.403,-5.066150510778922,4.2607352439867565
4821.423,-5.076105621145418,4.2597923005115605
4821.443,-5.086061428393643,4.258850070897633
4821.463,-5.0960252783741895,4.257914162859461
4821.483,-5.105987325395342,4.256977184347525
4821.503,-5.115942740900838,4.256035401422622
4821.523,-5.1258979844384225,4.25509337521368
4821.543,-5.135853214219502,4.2541513234732085
4821.563,-5.145808436830648,4.253209289819467
4821.583,-5.155763650530604,4.252267285220469
4821.603,-5.165718852706371,4.251325314637507
4821.623,-5.17567403953854,4.250383384009479
4821.643,-5.185639596663911,4.249448344263045
4821.663,-5.195607485386257,4.248514343793366
4821.683,-5.205570406893443,4.247577451805637
4821.703,-5.21553756079304,4.246644819825142
4821.723,-5.225505511404546,4.245712231637289
4821.743,-5.235468374611589,4.2447769016142445
4821.763,-5.245435346003776,4.243845879055089
4821.783,-5.2553980813083205,4.242913029101335
4821.803,-5.265355696113297,4.241975501430235
4821.823,-5.2753111998158,4.241036833572275
4821.843,-5.285266704061663,4.24009818914784
4821.863,-5.29522346290408,4.23916058492729
4821.883,-5.305185933830762,4.23822712076713
4821.903,-5.315147492661355,4.237293921279322
4821.923,-5.325109315015054,4.236360171320819
4821.943,-5.335070794651446,4.235427591903945
4821.963,-5.345029826241594,4.234493248368166
4821.983,-5.354985566386358,4.233556539428091
4822.003,-5.364941154584499,4.232618828050875
4822.023,-5.374896745470309,4.231681141692175
4822.043,-5.384852337520173,4.230743470479101
4822.063,-5.394807930813531,4.2298058142975785
4822.083,-5.404763525445857,4.2288681731201185
4822.103,-5.414724906326526,4.227934780210714
4822.123,-5.424680865547161,4.226998766108864
4822.143,-5.434636484020295,4.2260613168468515
4822.163,-5.444592101304035,4.225123904737061
4822.183,-5.454547720326801,4.22418650777089
4822.203,-5.4645033412020725,4.223249125722528
4822.223,-5.4744589640042935,4.222311758573263
4822.243,-5.484414588801191,4.221374406308386
4822.263,-5.494370215653546,4.220437068915241
4822.283,-5.504325844614642,4.219499746383208
4822.303,-5.514281475729786,4.2185624387036755
4822.323,-5.524237109035898,4.2176251458700165
4822.343,-5.534192744561196,4.216687867877541
4822.363,-5.544148382324947,4.21575060472344
4822.383,-5.554104022337325,4.214813356406711
4822.403,-5.564059664599339,4.213876122928076
4822.423,-5.574015309102867,4.212938904289886
4822.443,-5.5839709558307655,4.212001700496021
4822.463,-5.593926604757072,4.211064511551761
4822.483,-5.603882255847301,4.210127337463662
4822.503,-5.613837909058816,4.209190178239426
4822.523,-5.623793564341273,4.208253033887753
4822.543,-5.633749221637163,4.207315904418189
4822.563,-5.643704880882398,4.206378789840977
4822.583,-5.653660542006992,4.205441690166891
4822.603,-5.663616204935761,4.204504605407085
4822.623,-5.67357186958911,4.203567535572923
4822.643,-5.683527535883833,4.202630480675824
4822.663,-5.693483203733987,4.201693440727092
4822.683,-5.703438873051738,4.200756415737776
4822.703,-5.71339966523897,4.19982321834192
4822.723,-5.723359693167866,4.198890277403046
4822.743,-5.733322407127222,4.19795966250218
4822.763,-5.743278268173531,4.197023589512723
4822.783,-5.7532340651165645,4.196087448064979
4822.803,-5.763189851792176,4.195151304128291
4822.823,-5.773145631285993,4.194215186534927
4822.843,-5.783101401470176,4.193279102286694
4822.863,-5.793057159654984,4.192343055013848
4822.883,-5.8030149796215875,4.19140832657921
4822.903,-5.812981207056569,4.1904787812262345
4822.923,-5.822947711796095,4.189550497367228
4822.943,-5.832916442919393,4.1886228255325
4822.963,-5.842327386129358,4.187979618074812
4822.983,-5.850360767165715,4.187750087992771
4823.003,-5.856674678903469,4.187698559865369
4823.023,-5.8612356793131495,4.187710134759728
4823.043,-5.864825922134867,4.188004838065108
4823.063,-5.867725101238426,4.1888094059611705
4823.083,-5.869944368427151,4.190139048697484
4823.103,-5.87143298671202,4.191972523057063
4823.123,-5.872167664556617,4.194275516725157
4823.143,-5.872175870589186,4.197027664119423
4823.163,-5.871945984462848,4.199909383158931
4823.183,-5.871940966772066,4.202632631347492
4823.203,-5.871894573015929,4.20532850808748
4823.223,-5.871789554522536,4.2080260826662474
4823.243,-5.871635989875563,4.210721360139438
4823.263,-5.871433938449515,4.213413428620747
4823.283,-5.8711834662886355,4.216101415321533
4823.303,-5.870884655068448,4.218784449150004
4823.323,-5.8705376021444104,4.221461660707663
4823.343,-5.870142420514602,4.224132182568739
4823.363,-5.8696992387766835,4.226795149560548
4823.383,-5.869208201079865,4.229449699042721
4823.403,-5.868669467071941,4.232094971185202
4823.423,-5.868083211841371,4.234730109245002
4823.443,-5.8674496258544835,4.237354259841631
4823.463,-5.866768914887811,4.239966573231149
4823.483,-5.86604129995559,4.242566203578748
4823.503,-5.865267017232452,4.245152309229803
4823.523,-5.8644463179713755,4.247724052979273
4823.543,-5.863579468416908,4.250280602339372
4823.563,-5.8626667497137195,4.252821129805411
4823.583,-5.861708457810578,4.255344813119686
4823.603,-5.860704903359759,4.257850835533329
4823.623,-5.859656411612008,4.260338386065981
4823.643,-5.85856332230713,4.2628066597632115
4823.663,-5.85742598956029,4.265254857951562
4823.683,-5.856244781744137,4.267682188491101
4823.703,-5.855020081366856,4.270087866025403
4823.723,-5.853752284946257,4.27247111222888
4823.743,-5.852441802880048,4.274831156051365
4823.763,-5.851089059312381,4.2771672339598785
4823.783,-5.849694491996821,4.27947859017754
4823.803,-5.848258552155863,4.281764476919591
4823.823,-5.8467817043370935,4.284024154626494
4823.843,-5.845264426266136,4.286256892194109
4823.863,-5.843707208696452,4.288461967200989
4823.883,-5.842110555256116,4.290638666132788
4823.903,-5.84047498229157,4.292786284603879
4823.923,-5.83880101870849,4.294904127576239
4823.943,-5.837089205809669,4.296991509575666
4823.963,-5.835340097129994,4.299047754905475
4823.983,-5.833554258268425,4.301072197857726
4824.003,-5.831732266716909,4.303064182922154
4824.023,-5.829874711686121,4.305023064992847
4824.043,-5.8279821939279035,4.30694820957282
4824.063,-5.826055325554215,4.308838992976544
4824.083,-5.824094729852437,4.3106948025305165
4824.103,-5.822101041096793,4.3125150367718845
4824.123,-5.820074904355715,4.314299105645133
4824.143,-5.8180169752949,4.316046430696839
4824.163,-5.815927919975882,4.317756445268363
4824.183,-5.813808414649914,4.319428594686401
4824.203,-5.811659145547006,4.321062336451213
4824.223,-5.810589077498355,4.324178049065564
4824.243,-5.8114733992901,4.329936849520662
4824.263,-5.813869225320814,4.336709518360951
4824.283,-5.817720464529464,4.344218222024068
4824.303,-5.822952239439335,4.352406709692398
4824.323,-5.8284825927946775,4.36073918136976
4824.343,-5.83409496454632,4.3693311827818535
4824.363,-5.8397682115569065,4.378069462039379
4824.383,-5.845309989556968,4.386453313425523
4824.403,-5.850842408784682,4.394796869543416
4824.423,-5.856367635021533,4.40313493526483
4824.443,-5.861893291250157,4.411469104271365
4824.463,-5.8674189395665755,4.419803276117692
4824.483,-5.872944582588342,4.428137452081311
4824.503,-5.878470220305385,4.436471632114413
4824.523,-5.883995852681447,4.444805816149855
4824.543,-5.889521479678112,4.453140004117162
4824.563,-5.89504710125565,4.4614741959432465
4824.583,-5.900249584994056,4.468196862386182
4824.603,-5.903457507625619,4.468231495575343
4824.623,-5.906589786720558,4.468273682964509
4824.643,-5.909715296038153,4.468353953275579
4824.663,-5.912803646042506,4.4684588731443595
4824.683,-5.915854912301137,4.468587370088809
4824.703,-5.9188697378013995,4.468738832633065
4824.723,-5.921862495562723,4.468911266205927
4824.743,-5.924827000543203,4.469114568771318
4824.763,-5.927750320578721,4.469316898054759
4824.783,-5.930639739532478,4.469549017917463
4824.803,-5.933494860842769,4.4698098848734285
4824.823,-5.9363094921521595,4.470067548601074
4824.843,-5.93909057024062,4.4703528447307725
4824.863,-5.941837563907232,4.4706647850303565
4824.883,-5.94454470901873,4.470971575082736
4824.903,-5.947218572831577,4.47130411006267
4824.923,-5.949858583314325,4.4716614336863785
4824.943,-5.952459615217298,4.472011599100638
4824.963,-5.955027860189601,4.472385604570777
4824.983,-5.957562655749661,4.472782551577526
4825.003,-5.960059403160476,4.473170445964235
4825.023,-5.962523908291554,4.473580398840777
4825.043,-5.964955424949271,4.474011569639333
4825.063,-5.967349862746584,4.474431914199984
4825.083,-5.969715053256822,4.474872778732141
4825.103,-5.972051021962112,4.475333639888314
4825.123,-5.974351896828602,4.4757822774053135
4825.143,-5.976622340634322,4.47625019619239
4825.163,-5.9788610880031285,4.476736701749725
4825.183,-5.981065763374442,4.477209622655651
4825.203,-5.983240280770266,4.477700580341509
4825.223,-5.985383009932556,4.478208906533457
4825.243,-5.9874930882259605,4.4787023249073314
4825.263,-5.989573378831208,4.479212557399357
4825.283,-5.9916218214121875,4.479738942659946
4825.303,-5.993639079871009,4.480249208621318
4825.323,-5.995626931954049,4.480775136211886
4825.343,-5.9975829870147725,4.481316102072251
4825.363,-5.999505810705867,4.48183944372832
4825.383,-6.001376449302828,4.48237316032066
4825.403,-6.00321781867196,4.4829092490552975
4825.423,-6.005030458618643,4.483447378884454
4825.443,-6.006814665800902,4.48398719645521
4825.463,-6.007813511827574,4.4840943012659675
4825.483,-6.007807761083638,4.483855327644449
4825.503,-6.008422436723839,4.4835632699110075
4825.523,-6.009403416926176,4.482650300954293
4825.543,-6.010311997476523,4.48187549071117
4825.563,-6.011487141265766,4.480795068461479
4825.583,-6.013045589769313,4.4795458888275395
4825.603,-6.014967467406229,4.478249243815055
4825.623,-6.01700320395296,4.476954211931961
4825.643,-6.019135411213442,4.475713560555697
4825.663,-6.0213529416712825,4.474541871079467
4825.683,-6.023678416192059,4.4734272342698835
4825.703,-6.026208605364353,4.472397261889619
4825.723,-6.028896205810564,4.471445353803909
4825.743,-6.031645825799246,4.470488819764893
4825.763,-6.034388733295901,4.469467837130948
4825.783,-6.036937211503705,4.4683137833140565
4825.803,-6.039491520677199,4.467111672409392
4825.823,-6.04216269016369,4.465948067952359
4825.843,-6.04479242715832,4.4647168170909355
4825.863,-6.047402959668805,4.463455011297574
4825.883,-6.049758405575016,4.462044796622587
4825.903,-6.052276244124809,4.460693339007674
4825.923,-6.054689744356731,4.45924358192399
4825.943,-6.056989161739656,4.457674404442907
4825.963,-6.059200557250304,4.456080186020801
4825.983,-6.061090621910784,4.454912815991471
4826.003,-6.062073642591264,4.454733448364191
4826.023,-6.062171815733451,4.454768136951175
4826.043,-6.062174321061792,4.4547716790998875
4826.063,-6.062176075951601,4.454774237779536
4826.083,-6.0621777793335685,4.454776773047112
4826.103,-6.062180015792695,4.4547799155086665
4826.123,-6.062181669264494,4.454782305772927
4826.143,-6.062183362346551,4.454784731072104
4826.163,-6.062185546777088,4.454787871781585
4826.183,-6.062187206007833,4.454790245375753
4826.203,-6.06218890313513,4.454792661411996
4826.223,-6.0621910746409355,4.4547958096163764
4826.243,-6.062192738556668,4.454798179806815
4826.263,-6.062194438222039,4.454800593643927
4826.283,-6.062196604956006,4.454803745071739
4826.303,-6.062198270689013,4.454806114108671
4826.323,-6.062199971281228,4.454808527201641
4826.343,-6.062202136169067,4.454811679898129
4826.363,-6.06220380258534,4.454814048509822
4826.383,-6.062205503507782,4.454816461347619
4826.403,-6.062207667652112,4.454819614564136
4826.423,-6.062209334296419,4.454821983042126
4826.443,-6.062211035311924,4.454824395810645
4826.463,-6.0622131991309685,4.454827549260371
4826.483,-6.062214865829307,4.454829917714871
4826.503,-6.062216566847198,4.454832330484646
4826.523,-6.063350487580925,4.456248756885099
4826.543,-6.066715973114816,4.460434035646405
4826.563,-6.072271831620941,4.467296187614434
4826.583,-6.078702571287893,4.4749468771181835
4826.603,-6.085136095214424,4.482601864842003
4826.623,-6.091572265190377,4.490260048864731
4826.643,-6.098008619330761,4.497918453027807
4826.663,-6.1046089476657395,4.505832032883473
4826.683,-6.1114547026373485,4.514126859782208
4826.703,-6.118167699961955,4.522182679164024
4826.723,-6.124608816135272,4.529854034021372
4826.743,-6.1310725456563535,4.537585418207046
4826.763,-6.137502021599808,4.545243953476421
4826.783,-6.143931350866181,4.55290258725916
4826.803,-6.150360676417553,4.560561224078436
4826.823,-6.156789999483895,4.568219863111027
4826.843,-6.163219320035264,4.575878504368961
4826.863,-6.169648638031834,4.583537147869545
4826.883,-6.176077953435125,4.591195793628083
4826.903,-6.182507266208616,4.598854441657526
4826.923,-6.188936576318251,4.606513091968237
4826.943,-6.19536588373291,4.614171744567757
4826.963,-6.201795188424859,4.6218303994606265
4826.983,-6.20822449037014,4.629489056648233
4827.003,-6.214653789548931,4.637147716128685
4827.023,-6.221083085945875,4.644806377896739
4827.043,-6.227512379550321,4.652465041943755
4827.063,-6.233941670356554,4.660123708257682
4827.083,-6.240370958363955,4.667782376823096
4827.103,-6.246800243577098,4.6754410476212644
4827.123,-6.2532325346293005,4.6831064913981155
4827.143,-6.2596625775712065,4.690770254021672
4827.163,-6.266092326634161,4.698432798718777
4827.183,-6.272521417604687,4.706094518383329
4827.203,-6.278950495490095,4.713756407174854
4827.223,-6.285379926698669,4.721418867418811
4827.243,-6.291808820331937,4.7290806591320385
4827.263,-6.2982377249626715,4.736742657303167
4827.283,-6.304666994002635,4.744405242651883
4827.303,-6.311095729780708,4.75206716394384
4827.323,-6.317524477464246,4.75972929209165
4827.343,-6.323953589896094,4.767392007185699
4827.363,-6.33038216955945,4.775054058235861
4827.383,-6.336274925622566,4.782146118639419
4827.403,-6.340930701402314,4.78798151964563
4827.423,-6.3442092820887845,4.792307861001729
4827.443,-6.346337016297274,4.7954844940746675
4827.463,-6.347318580500894,4.798259309706574
4827.483,-6.347304577302046,4.80067514604772
4827.503,-6.346318937837532,4.802736055615767
4827.523,-6.344412555769263,4.804448655765994
4827.543,-6.342157261329478,4.806018077623723
4827.563,-6.339952268610881,4.807589064997105
4827.583,-6.337729772035854,4.809121432327117
4827.603,-6.335480015190529,4.810613562284974
4827.623,-6.333203755844629,4.812064968818376
4827.643,-6.330901731144386,4.813475181002388
4827.663,-6.328574686477044,4.814843741145157
4827.683,-6.32622337548087,4.8161702049717
4827.703,-6.323848559802301,4.8174541417842836
4827.723,-6.321451008846057,4.818695134618066
4827.743,-6.3190314995205155,4.8198927803922
4827.763,-6.316590815978685,4.821046690056052
4827.783,-6.314129749355064,4.82215648873019
4827.803,-6.311649097498757,4.823221815841893
4827.823,-6.309149664703204,4.824242325254896
4827.843,-6.306632261432925,4.825217685393167
4827.863,-6.304097704047641,4.826147579358574
4827.883,-6.301546814524172,4.827031705042282
4827.903,-6.298980420176456,4.82786977522983
4827.923,-6.296399353374046,4.828661517699851
4827.943,-6.293804451259373,4.829406675316404
4827.963,-6.291196555464079,4.830105006114994
4827.983,-6.288576511824668,4.8307562833823035
4828.003,-6.285945170097664,4.831360295729724
4828.023,-6.283303383674484,4.831916847160793
4828.043,-6.28065200929616,4.83242575713265
4828.063,-6.27799190676804,4.832886860611589
4828.083,-6.275323938674541,4.833300008122868
4828.103,-6.2726489700940515,4.833665065794862
4828.123,-6.269967868314002,4.833981915397675
4828.143,-6.267281502546176,4.834250454376321
4828.163,-6.26459074364225,4.834470595878547
4828.183,-6.261896463809606,4.834642268777406
4828.203,-6.259199536327408,4.834765417688624
4828.223,-6.256500835262978,4.83484000298285
4828.243,-6.253815362325484,4.836747854186086
4828.263,-6.251177011010042,4.841942506761196
4828.283,-6.2491760069514655,4.8488418892488765
4828.303,-6.247928576554083,4.857187704403276
4828.323,-6.247406818139849,4.866890713665785
4828.343,-6.2470437620657435,4.87688498864379
4828.363,-6.2468550279633295,4.887231129511605
4828.383,-6.246595952067084,4.897697306317758
4828.403,-6.246243561289456,4.907695714343161
4828.423,-6.245886881432666,4.917689126728398
4828.443,-6.2455303267236495,4.92768243659217
4828.463,-6.245178880459899,4.937682013390153
4828.483,-6.244826606500247,4.947681858838321
4828.503,-6.2444744012445215,4.9576817589965945
4828.523,-6.2441224444889025,4.9676816722616435
4828.543,-6.243770758985065,4.977681596947349
4828.563,-6.243419347330004,4.987681532612426
4828.583,-6.243068209493076,4.997681478996316
4828.603,-6.24271734517534,5.007681435903693
4828.623,-6.242366754109246,5.017681403177464
4828.643,-6.242016436082026,5.0276813806866985
4828.663,-6.2416663909260635,5.037681368318999
4828.683,-6.241312756393225,5.047674857058684
4828.703,-6.240959208763455,5.057668278292233
4828.723,-6.240605677851573,5.06766170042146
4828.743,-6.2402521630272325,5.0776551239082925
4828.763,-6.2398986643099255,5.087648548767734
4828.783,-6.239545181729231,5.097641975002759
4828.803,-6.239191715317161,5.107635402608932
4828.823,-6.238838265107759,5.117628831574479
4828.843,-6.238484831136755,5.1276222618803695
4828.863,-6.2381314134412165,5.137615693500466
4828.883,-6.237778012059179,5.147609126401778
4828.903,-6.237424627029267,5.157602560544745
4828.923,-6.237071258390306,5.167595995883618
4828.943,-6.236717906180946,5.1775894323668865
4828.963,-6.236364570439268,5.1875828699377795
4828.983,-6.236011251202408,5.197576308534799
4829.003,-6.235657948506192,5.207569748092323
4829.023,-6.235304662384769,5.217563188541239
4829.043,-6.234951392870284,5.227556629809616
4829.063,-6.23459813999255,5.237550071823412
4829.083,-6.234244903778751,5.247543514507184
4829.103,-6.233891684253179,5.257536957784842
4829.123,-6.23353848143698,5.267530401580388
4829.143,-6.233185295347959,5.277523845818664
4829.163,-6.232832126000392,5.2875172904260825
4829.183,-6.2324833333469565,5.29751541351347
4829.203,-6.23213471799682,5.307515815040651
4829.223,-6.231786175248046,5.317516244973682
4829.243,-6.231437887762312,5.327516687361842
4829.263,-6.231089882713977,5.337517139888723
4829.283,-6.2307421644890155,5.3475176018447765
4829.303,-6.230394733664528,5.357518072864753
4829.323,-6.230047589968175,5.367518552514912
4829.343,-6.229700733254013,5.3775190405034605
4829.363,-6.22935416359012,5.387519536736021
4829.383,-6.229007880531342,5.397520041026399
4829.403,-6.228661883205374,5.407520552861734
4829.423,-6.228316170766896,5.417521071606846
4829.443,-6.227970743055561,5.427521597032403
4829.463,-6.227625598105105,5.437522128271599
4829.483,-6.2272777451437085,5.447517845644216
4829.503,-6.226928927603756,5.45751143236847
4829.523,-6.226580142283504,5.467505018960857
4829.543,-6.226231373485527,5.477498605573915
4829.563,-6.2258826210267975,5.487492192253717
4829.583,-6.225533884868,5.49748577905037
4829.603,-6.225185164971946,5.507479366019168
4829.623,-6.224836533271615,5.517473543757795
4829.643,-6.224489194248534,5.527467369451095
4829.663,-6.224142109565863,5.537462147864725
4829.683,-6.223803307173457,5.547467710309742
4829.703,-6.223461053514686,5.557467372511867
4829.723,-6.22311523357534,5.567461474109926
4829.743,-6.222927934411485,5.576862777565379
4829.763,-6.222898999768995,5.5848447767776195
4829.783,-6.222918213636112,5.591163720616342
4829.803,-6.2229214233983985,5.5957805829558
4829.823,-6.222530880440653,5.599488473508301
4829.843,-6.221687892977884,5.602398961823177
4829.863,-6.220378894036383,5.604559664534464
4829.883,-6.218598967555396,5.605949980750877
4829.903,-6.216392120279297,5.60652309701766
4829.923,-6.213790971108621,5.606418122957854
4829.943,-6.21110550772184,5.606132423586008
4829.963,-6.208426842129857,5.605797047224053
4829.983,-6.205754649715885,5.605413510974829
4830.003,-6.203089806052694,5.604981942412404
4830.023,-6.200433174487936,5.604502482115802
4830.043,-6.197785615536323,5.603975286151371
4830.063,-6.195147986684504,5.603400526041555
4830.083,-6.192521142116258,5.6027783887034115
4830.103,-6.189905932438238,5.602109076381979
4830.123,-6.187303204407034,5.601392806578812
4830.143,-6.184713800657663,5.600629811975655
4830.163,-6.1821385594335565,5.599820340353325
4830.183,-6.179578314318198,5.598964654505803
4830.203,-6.177033893968463,5.5980630321495894
4830.223,-6.174506121849839,5.597115765828377
4830.243,-6.171995815973592,5.596123162813076
4830.263,-6.169503788636019,5.595085544997284
4830.283,-6.167030846159942,5.594003248788251
4830.303,-6.164577788638503,5.5928766249934645
4830.323,-6.162145409681428,5.591706038702906
4830.343,-6.159734496163844,5.590491869167114
4830.363,-6.157345827977776,5.589234509671176
4830.383,-6.154980177786416,5.587934367404754
4830.403,-6.152638310781218,5.586591863328264
4830.423,-6.150320984441968,5.585207432035391
4830.443,-6.148028948299808,5.583781521612017
4830.463,-6.145762943703298,5.582314593491737
4830.483,-6.143523703587557,5.580807122308063
4830.503,-6.141311952246432,5.579259595743476
4830.523,-6.139128405107728,5.577672514375399
4830.543,-6.136973768511453,5.576046391519189
4830.563,-6.134848739491007,5.5743817530682644
4830.583,-6.132754005557254,5.57267913733135
4830.603,-6.130690244485374,5.570939094866927
4830.623,-6.128658124104419,5.5691621883148485
4830.643,-6.12665830208942,5.567348992225072
4830.663,-6.12469142575595,5.565500092883484
4830.683,-6.122758131857043,5.563616088134663
4830.703,-6.120859046382326,5.561697587201477
4830.723,-6.118994784359283,5.559745210501359
4830.743,-6.117165949656602,5.5577595894590415
4830.763,-6.115373134789501,5.555741366315602
4830.783,-6.113616920727083,5.553691193933561
4830.803,-6.111897876701691,5.55160973559786
4830.823,-6.1102165600203495,5.549497664812495
4830.843,-6.108573515878393,5.547355665092606
4830.863,-6.106969277175429,5.545184429751907
4830.883,-6.105404364333814,5.542984661685286
4830.903,-6.103879285119878,5.540757073146506
4830.923,-6.1023945344681705,5.538502385520967
4830.943,-6.1009505943089835,5.536221329093543
4830.963,-6.099547933399479,5.533914642811553
4830.983,-6.098187007158739,5.531583074042992
4831.003,-6.096868257507041,5.52922737833018
4831.023,-6.0955921127097055,5.526848319139061
4831.043,-6.094358987225758,5.524446667604384
4831.063,-6.093169281561747,5.5220232022710904
4831.083,-6.092023382130926,5.519578708832186
4831.103,-6.090921661118013,5.517113979863461
4831.123,-6.089864476349725,5.5146298145553825
4831.143,-6.088852171171231,5.512127018442519
4831.163,-6.087885074328587,5.50960640313079
4831.183,-6.086963499857256,5.50706878602291
4831.203,-6.086087746976714,5.504514990042284
4831.223,-6.085258099991157,5.501945843355636
4831.243,-6.084474828196258,5.49936217909461
4831.263,-6.083738185791918,5.496764835076564
4831.283,-6.083048411800955,5.4941546535247205
4831.303,-6.082405729993608,5.491532480787828
4831.323,-6.081810348817806,5.488899167059459
4831.343,-6.0812624613350525,5.486255566097034
4831.363,-6.080762245161856,5.483602534940643
4831.383,-6.080309862416592,5.4809409336317225
4831.403,-6.07990545967172,5.478271624931607
4831.423,-6.0795491679112565,5.475595474040009
4831.443,-6.079241102493424,5.4729133483134165
4831.463,-6.078981363118446,5.470226116983432
4831.483,-6.0787700338013835,5.467534650875067
4831.503,-6.07672846821358,5.464949283786291
4831.523,-6.071406723902625,5.46257770796557
4831.543,-6.064414754355582,5.460929048379898
4831.563,-6.056016425891771,5.4601063161932535
4831.583,-6.046299430926077,5.46007711745704
4831.603,-6.03629958408678,5.460221188577177
4831.623,-6.025948244079434,5.460294427806553
4831.643,-6.0154131114972955,5.460392679985828
4831.663,-6.0053483015856575,5.460502679753952
4831.683,-5.995323956737122,5.460634171906569
4831.703,-5.98532069698233,5.460769759263711
4831.723,-5.975321674919558,5.460908153799687
4831.743,-5.965322784786561,5.461046731787981
4831.763,-5.955323897679034,5.461185282776044
4831.783,-5.945325010343243,5.461323796785152
4831.803,-5.935326123963453,5.46146226539348
4831.823,-5.925327237454822,5.46160067953147
4831.843,-5.915328351310743,5.461739030631377
4831.863,-5.90532946510848,5.461877310127311
4831.883,-5.895330579180959,5.462015509329197
4831.903,-5.885331693603448,5.462153618994818
4831.923,-5.875332808891554,5.462291629531705
4831.943,-5.865333925674799,5.46242953121851
4831.963,-5.855335045024592,5.462567315130819
4831.983,-5.845336168447379,5.4627049699083265
4832.003,-5.835337298663159,5.46284248182774
4832.023,-5.8253384398488794,5.4629798350935275
4832.043,-5.8153395993895085,5.463117009425431
4832.063,-5.805340790948002,5.463253977209107
4832.083,-5.795342043378603,5.463390696023351
4832.103,-5.785343469080616,5.463527511839813
4832.123,-5.775344606170835,5.463664456616838
4832.143,-5.765345882955991,5.463802515635529
4832.163,-5.755347159760279,5.463940555415146
4832.183,-5.745348436400708,5.464078578369076
4832.203,-5.7353497128635516,5.4642165845051505
4832.223,-5.725350989137567,5.464354573814069
4832.243,-5.715352265212172,5.464492546292604
4832.263,-5.705353541077474,5.464630501943891
4832.283,-5.69535481672432,5.4647684407774575
4832.303,-5.6853560921443425,5.464906362809162
4832.323,-5.675357367329982,5.46504426806108
4832.343,-5.665358642274541,5.465182156561321
4832.363,-5.655359916972194,5.465320028343775
4832.383,-5.645361191418021,5.4654578834478125
4832.403,-5.635361427511773,5.4655942098662145
4832.423,-5.625358832733877,5.465724450041901
4832.443,-5.615355931899495,5.465855848557627
4832.463,-5.605352998521641,5.465987136058296
4832.483,-5.595350267855724,5.466118820254299
4832.503,-5.585348494416491,5.466249668948362
4832.523,-5.5753457779516555,5.466379607442264
4832.543,-5.565344155811382,5.466510511269639
4832.563,-5.555341254068453,5.466640925040269
4832.583,-5.545338230553408,5.4667706516688765
4832.603,-5.535334672541823,5.466900470278988
4832.623,-5.525335903245289,5.467035561662908
4832.643,-5.515337137628514,5.467170608352732
4832.663,-5.505338371892296,5.467305638911177
4832.683,-5.4953396059986614,5.4674406536374205
4832.703,-5.485340839950097,5.467575652590798
4832.723,-5.475342073749928,5.46771063582433
4832.743,-5.465343307401816,5.467845603386201
4832.763,-5.455344540909662,5.467980555319341
4832.783,-5.445345774277504,5.46811549166104
4832.803,-5.435347007509447,5.468250412442619
4832.823,-5.425348240609558,5.468385317689161
4832.843,-5.415346099102631,5.468517670004059
4832.863,-5.4053406342017425,5.468646787340665
4832.883,-5.395338663109913,5.46877813887691
4832.903,-5.385338271977228,5.468910767533582
4832.923,-5.375339316111326,5.469044464497211
4832.943,-5.365340363211288,5.469178166970831
4832.963,-5.355341409605462,5.469311863209599
4832.983,-5.345342457108067,5.469445545409095
4833.003,-5.335343504507404,5.469579204139076
4833.023,-5.325344552278258,5.469712831660584
4833.043,-5.315345599931482,5.4698464191229625
4833.063,-5.30534664761763,5.469979958440938
4833.083,-5.295347695109314,5.470113441223854
4833.103,-5.285348742508123,5.4702468591814455
4833.123,-5.275349789841523,5.470380203740892
4833.143,-5.2653508373060065,5.470513466203756
4833.163,-5.255351885170508,5.470646637272369
4833.183,-5.245352933967482,5.470779707462941
4833.203,-5.235353984442128,5.4709126671913735
4833.223,-5.225355037713853,5.471045507256634
4833.243,-5.215356095474452,5.471178215872872
4833.263,-5.205357160676275,5.471310778960704
4833.283,-5.19535823786506,5.4714431802938615
4833.303,-5.185359335269404,5.471575398432716
4833.323,-5.175360468091812,5.471707404316224
4833.343,-5.165361669795925,5.471839151664686
4833.363,-5.155362867168312,5.471970354950506
4833.383,-5.1453640724279985,5.472103574380395
4833.403,-5.135365282603861,5.472236716224343
4833.423,-5.125366492688571,5.472369840698828
4833.443,-5.115367702613485,5.472502948356337
4833.463,-5.105368912366331,5.4726360391877655
4833.483,-5.095370121936057,5.472769113184609
4833.503,-5.0853713313122535,5.472902170344625
4833.523,-5.075372540485203,5.473035210671958
4833.543,-5.065373749445929,5.473168234177137
4833.563,-5.0553749581862375,5.473301240877013
4833.583,-5.0453761666987464,5.47343423079463
4833.603,-5.03537737497693,5.4735672039590275
4833.623,-5.025378583015137,5.473700160404989
4833.643,-5.015379790808613,5.473833100172727
4833.663,-5.0053788917452655,5.4739604749496
4833.683,-4.995375985049415,5.47408770859772
4833.703,-4.98537301853583,5.474214099634724
4833.723,-4.975370017142982,5.474340382101334
4833.743,-4.965367217765557,5.474467061042721
4833.763,-4.955365376087675,5.474592906246155
4833.783,-4.945362590901106,5.474717841689017
4833.803,-4.935360897857073,5.474843745558206
4833.823,-4.925357924987406,5.474969157922506
4833.843,-4.915966624324802,5.475019119355277
4833.863,-4.907972944415846,5.475036057391685
4833.883,-4.901685246786962,5.475048299743299
4833.903,-4.897048057402207,5.475102551701198
4833.923,-4.893219953990018,5.475510044532644
4833.943,-4.890079522567087,5.476332657454219
4833.963,-4.887613050234632,5.477545990125002
4833.983,-4.885870612598596,5.479177126002322
4834.003,-4.884836340672026,5.481222069356647
4834.023,-4.884514686567696,5.483658224552033
4834.043,-4.884706012552914,5.486336403352531
4834.063,-4.8849543961828195,5.4890188785030505
4834.083,-4.885252608531889,5.491697369081154
4834.103,-4.885596913997153,5.494369541051821
4834.123,-4.885989364689502,5.4970350656204126
4834.143,-4.88643173281655,5.499693052639522
4834.163,-4.886919822118564,5.502342141744554
4834.183,-4.887455618552183,5.504981994721772
4834.203,-4.8880408411106675,5.507611726128433
4834.223,-4.888671276335737,5.510230059990485
4834.243,-4.88934886861551,5.512836618901824
4834.263,-4.8900752585845675,5.515430491778757
4834.283,-4.890846222474776,5.518010497647438
4834.303,-4.8916636559675855,5.52057622163507
4834.323,-4.892529118852704,5.523126729355127
4834.343,-4.893442273510902,5.5256614581249694
4834.363,-4.89441088938106,5.528181173517971
4834.383,-4.895424710428187,5.530683096106413
4834.403,-4.896483392949516,5.533166362043661
4834.423,-4.897586593681084,5.5356301671503685
4834.443,-4.898733955150404,5.538073714105799
4834.463,-4.899925105658999,5.540496212210396
4834.483,-4.901159659405105,5.542896877628451
4834.503,-4.902437216611471,5.545274933632735
4834.523,-4.903757363656878,5.547629610846575
4834.543,-4.9051196732112174,5.549960147483214
4834.563,-4.906523704374057,5.552265789582406
4834.583,-4.907969002816545,5.554545791244233
4834.603,-4.909455100926566,5.556799414860062
4834.623,-4.910981517957011,5.5590259313406865
4834.643,-4.912547760177107,5.561224620341616
4834.663,-4.914153321026683,5.563394770485573
4834.683,-4.915797681273339,5.565535679582223
4834.703,-4.917480309172469,5.567646654845216
4834.723,-4.919200660630105,5.569727013106617
4834.743,-4.920958179368622,5.571776081028831
4834.763,-4.922752297095328,5.573793195314091
4834.783,-4.924582433674035,5.575777702911669
4834.803,-4.9264479972997055,5.577728961222884
4834.823,-4.928348384676306,5.579646338304016
4834.843,-4.930282981198061,5.581529213067222
4834.863,-4.9322511611342765,5.5833769754795135
4834.883,-4.9342522878179675,5.585189026759843
4834.903,-4.936285713838465,5.586964779574317
4834.923,-4.938350781238282,5.588703658229492
4834.943,-4.940446821714417,5.59040509886369
4834.963,-4.942573156824294,5.59206854963625
4834.983,-4.9447290981965555,5.593693470914514
4835.003,-4.946913947746776,5.595279335458388
4835.023,-4.949126997898292,5.59682562860223
4835.043,-4.9513675318081,5.59833184843377
4835.063,-4.953634823597894,5.599797505969813
4835.083,-4.955928138590139,5.601222125328338
4835.103,-4.958246733549095,5.602605243896716
4835.123,-4.960589856926606,5.603946412495672
4835.143,-4.962956749112429,5.605245195538679
4835.163,-4.965346642688841,5.606501171186454
4835.183,-4.967758762689231,5.60771393149627
4835.203,-4.970192326860332,5.608883082565815
4835.223,-4.972646545927736,5.610008244671381
4835.243,-4.975120623864333,5.61108905240016
4835.263,-4.977613758161302,5.612125154776554
4835.283,-4.980125140101309,5.613116215382328
4835.303,-4.982653955033559,5.614061912470596
4835.323,-4.98457609190971,5.616737607791911
4835.343,-4.9853876049581745,5.622507133041722
4835.363,-4.98504356767486,5.629682716329339
4835.383,-4.983517705590536,5.637982241700556
4835.403,-4.980865400113265,5.64733032833814
4835.423,-4.977968604516358,5.65690242530037
4835.443,-4.975156986309599,5.666807661472381
4835.463,-4.972361345787402,5.6768060230886
4835.483,-4.9694837206540825,5.686404422812637
4835.503,-4.966600549422328,5.695984341859286
4835.523,-4.963715444281713,5.705562247659101
4835.543,-4.960830228616821,5.71514245313047
4835.563,-4.957946436148605,5.724722902556133
4835.583,-4.955060673111058,5.734299239403135
4835.603,-4.95217588513293,5.743879121963532
4835.623,-4.94929155724123,5.753459704881277
4835.643,-4.946408757602964,5.763047074077798
4835.663,-4.943525635504711,5.772631890395158
4835.683,-4.940642849424305,5.782217336363578
4835.703,-4.93776018430186,5.791799144477274
4835.723,-4.934878644133575,5.801385669695961
4835.743,-4.931996812362152,5.810972555605031
4835.763,-4.929115145740787,5.820558659449489
4835.783,-4.926233708372374,5.830144291821454
4835.803,-4.923352774870799,5.839726828868258
4835.823,-4.920471312165275,5.849315079032743
4835.843,-4.917590828695907,5.85890007005912
4835.863,-4.914709693670791,5.868480083401002
4835.883,-4.911827503359505,5.878061068828063
4835.903,-4.908945758638894,5.887642976526547
4835.923,-4.90606604826696,5.897229226457684
4835.943,-4.90318528541445,5.906810507354769
4835.963,-4.900302777485173,5.916385664958671
4835.983,-4.897420166297653,5.925960774909086
4836.003,-4.894537567341435,5.935535888653697
4836.023,-4.8916549809467575,5.945111006410182
4836.043,-4.888772407160759,5.9546861281652985
4836.063,-4.88588984602764,5.964261253901707
4836.083,-4.883007297589732,5.97383638360016
4836.103,-4.880124761886885,5.9834115172396425
4836.123,-4.877242238955883,5.992986654797495
4836.143,-4.87435972882991,6.00256179624958
4836.163,-4.871477231538038,6.0121369415704535
4836.183,-4.868594747104784,6.021712090733551
4836.203,-4.865712275549722,6.031287243711398
4836.223,-4.8628298168871344,6.04086240047582
4836.243,-4.859947371125741,6.05043756099818
4836.263,-4.857064938268472,6.060012725249603
4836.283,-4.8541825183123315,6.069587893201216
4836.303,-4.851300111248297,6.0791630648243995
4836.323,-4.848417717061308,6.088738240091014
4836.343,-4.845535335730305,6.098313418973652
4836.363,-4.842654158885911,6.107891925122824
4836.383,-4.8397740756719365,6.117473251829552
4836.403,-4.836893827121071,6.127054588769669
4836.423,-4.834013740309354,6.136635982280101
4836.443,-4.831133863305189,6.1462174387376045
4836.463,-4.828254202388286,6.155798958615887
4836.483,-4.825374757775154,6.165380541744761
4836.503,-4.8224955286033495,6.174962187450528
4836.523,-4.819616514652978,6.184543895571406
4836.543,-4.816737715429637,6.194125665934369
4836.563,-4.813859129637502,6.203707497533255
4836.583,-4.810980756117653,6.213289389101121
4836.603,-4.808102594656067,6.222871339961358
4836.623,-4.805224643151639,6.232453348353733
4836.643,-4.802346899881576,6.242035411819265
4836.663,-4.79946788593499,6.251612720584447
4836.683,-4.796588754071062,6.261188871339301
4836.703,-4.793709642813585,6.270765028436758
4836.723,-4.790830543882069,6.280341189204581
4836.743,-4.787951457122389,6.2899173536223225
4836.763,-4.7850723824607435,6.299493521697846
4836.783,-4.782193319829851,6.309069693441427
4836.803,-4.779314269168637,6.318645868865273
4836.823,-4.77643569705939,6.328223876193673
4836.843,-4.773558083379909,6.337806534821525
4836.863,-4.770680346926096,6.347389924056272
4836.883,-4.767803076422689,6.3569726967419165
4836.903,-4.764926904508186,6.366562470609591
4836.923,-4.762051518287862,6.376149051092385
4836.943,-4.759175992008623,6.3857359515904655
4836.963,-4.75630014038433,6.395321094031037
4836.983,-4.75342595841683,6.404910460812836
4837.003,-4.750550913645265,6.414497666300892
4837.023,-4.747676124207085,6.424085536730424
4837.043,-4.744801457803012,6.433669748969964
4837.063,-4.741927918694876,6.443258684751324
4837.083,-4.73905409321039,6.452847972202059
4837.103,-4.736180431551581,6.462436468083417
4837.123,-4.733306531791765,6.4720185850219485
4837.143,-4.730431902614023,6.481602630381149
4837.163,-4.727557758558474,6.491186166286695
4837.183,-4.7246828239003325,6.500766741831565
4837.203,-4.721807898611069,6.5103462445170335
4837.223,-4.718932805968878,6.519925633411663
4837.243,-4.716058606938787,6.529504389605116
4837.263,-4.713183110668633,6.539081674263649
4837.283,-4.710307633739448,6.5486589297042705
4837.303,-4.707432169687915,6.558236188839843
4837.323,-4.704556718480685,6.567813452011688
4837.343,-4.701681280150534,6.5773907192008005
4837.363,-4.698805854728772,6.586967990382655
4837.383,-4.69593044224397,6.596545265531222
4837.403,-4.6930550427213795,6.606122544619182
4837.423,-4.690179656182437,6.615699827618078
4837.443,-4.687304282644295,6.625277114498522
4837.463,-4.684428922119433,6.634854405230378
4837.483,-4.681553574615298,6.64443169978298
4837.503,-4.678678240134027,6.654008998125358
4837.523,-4.676281238694745,6.66303067829355
4837.543,-4.674683142917084,6.670745069575276
4837.563,-4.673580967157183,6.676758893926243
4837.583,-4.6729493881477975,6.681013294288044
4837.603,-4.6728797792987775,6.684406966567639
4837.623,-4.673459823404052,6.68733348061167
4837.643,-4.674674625214996,6.689676952987964
4837.663,-4.676515281076846,6.6914259335246795
4837.683,-4.678957898426637,6.692665693675126
4837.703,-4.681740841875661,6.69376861187475
4837.723,-4.684569794344211,6.6948549966017445
4837.743,-4.687419003915672,6.695885266772446
4837.763,-4.690289437266777,6.696858833753575
4837.783,-4.69317922523748,6.697775422574958
4837.803,-4.696086923878978,6.698634255088808
4837.823,-4.699011294951578,6.6994349383448615
4837.843,-4.701707292054593,6.701904986776179
4837.863,-4.704039873652373,6.7074030945758825
4837.883,-4.70556194301931,6.714394460082391
4837.903,-4.70622927301998,6.722774227790256
4837.923,-4.706069358669159,6.732467217934566
4837.943,-4.705746344084966,6.742510698056266
4837.963,-4.70560577623806,6.7530570316254455
4837.983,-4.705260918645916,6.763097393022652
4838.003,-4.704915884428883,6.773092435491349
4838.023,-4.704569717269123,6.783086119067074
4838.043,-4.704223574714077,6.793079802810441
4838.063,-4.703877448793664,6.803073486318425
4838.083,-4.7035313394098175,6.813067169588074
4838.103,-4.703185246537975,6.823060852629132
4838.123,-4.702839170153022,6.833054535459706
4838.143,-4.702493078319616,6.8430482248255675
4838.163,-4.702152014227441,6.853047029090916
4838.183,-4.701806098585719,6.86304070679285
4838.203,-4.701460250720797,6.873034401160916
4838.223,-4.701115797650783,6.8830289085867475
4838.243,-4.700770143640736,6.893022606681117
4838.263,-4.700425764437194,6.903017103078348
4838.283,-4.70008110319011,6.913011518966193
4838.303,-4.699742889650996,6.923013186176949
4838.323,-4.699401680686557,6.933013474409356
4838.343,-4.699060637827603,6.943013777830147
4838.363,-4.698719846841069,6.953014091314475
4838.383,-4.6983793246342795,6.963014413806436
4838.403,-4.698039073931208,6.973014745451996
4838.423,-4.697699095389854,6.983015086406815
4838.443,-4.697359389292891,6.993015436781554
4838.463,-4.697019955805049,7.0030157966470465
4838.483,-4.6966807950266665,7.013016166043615
4838.503,-4.696341907014429,7.023016544988668
4838.523,-4.696003291794155,7.03301693348247
4838.543,-4.695664160365486,7.043016068891945
4838.563,-4.695322213276772,7.053009915631343
4838.583,-4.694980304611019,7.0630037404709975
4838.603,-4.694638411748078,7.0729975665416
4838.623,-4.6942965350340735,7.082991394007341
4838.643,-4.693954674487103,7.092985222891962
4838.663,-4.693612830125364,7.102979053209907
4838.683,-4.693271001969058,7.112972884967466
4838.703,-4.692929190040202,7.122966718162723
4838.723,-4.692587394362405,7.13296055278552
4838.743,-4.692245614960649,7.142954388817547
4838.763,-4.691903851861026,7.152948226232488
4838.783,-4.691562105090491,7.162942064996256
4838.803,-4.691220374676594,7.17293590506731
4838.823,-4.690878660647202,7.182929746397052
4838.843,-4.690536963030231,7.192923588930284
4838.863,-4.690195281853363,7.202917432605738
4838.883,-4.689853617143774,7.212911277356676
4838.903,-4.6895119689278655,7.222905123111529
4838.923,-4.689170337231004,7.232898969794595
4838.943,-4.688828722077263,7.242892817326791
4838.963,-4.688487123489191,7.252886665626406
4838.983,-4.688145541487586,7.262880514609921
4839.003,-4.687803976091283,7.272874364192819
4839.023,-4.687462427316984,7.282868214290422
4839.043,-4.68712128731928,7.292862762279261
4839.063,-4.686784683319089,7.302861982330133
4839.083,-4.686447691007926,7.312862801454767
4839.103,-4.686110839745179,7.322863642147914
4839.123,-4.685774253855656,7.332864494236553
4839.143,-4.685437952093329,7.3428653559416635
4839.163,-4.685101937545945,7.3528662266427665
4839.183,-4.684766210485424,7.362867105959981
4839.203,-4.6844307706787705,7.372867993443781
4839.223,-4.6840956179193185,7.38286888881765
4839.243,-4.683760752453012,7.392869792046832
4839.263,-4.683426173467005,7.402870702759217
4839.283,-4.683091880028473,7.412871620353116
4839.303,-4.68275787171852,7.422872544288011
4839.323,-4.682424147623746,7.432873474211795
4839.343,-4.682090356465822,7.442873758288722
4839.363,-4.681752873905147,7.452867746139724
4839.383,-4.681415655542128,7.462861731395226
4839.403,-4.68107845606401,7.472855716465284
4839.423,-4.680741273045975,7.482849701408938
4839.443,-4.680404106438496,7.492843686267502
4839.463,-4.680066956213993,7.5028376710890194
4839.483,-4.679729822345202,7.512831655928072
4839.503,-4.679393823402468,7.522826432866494
4839.523,-4.679057301174004,7.5328215986551355
4839.543,-4.678725222442678,7.542819513790875
4839.563,-4.678397840004652,7.552824878397872
4839.583,-4.678067716927092,7.562825333363548
4839.603,-4.677735879876254,7.572823084873136
4839.623,-4.677404031566541,7.5828205754476015
4839.643,-4.677072274542075,7.592817850691949
4839.663,-4.676740645872585,7.6028149330686015
4839.683,-4.676409179335783,7.6128118405430145
4839.703,-4.676079597032345,7.622809716463292
4839.723,-4.675749226261189,7.632808752602732
4839.743,-4.675423230380423,7.642813602888799
4839.763,-4.675094042174831,7.652814449020773
4839.783,-4.674763875855961,7.662815126145745
4839.803,-4.674433160159845,7.672814557790964
4839.823,-4.674099572354613,7.682808687685377
4839.843,-4.67376602532184,7.6928027954577685
4839.863,-4.673432494257374,7.702796904445571
4839.883,-4.673098979357538,7.7127910148197945
4839.903,-4.672765480639609,7.722785126602965
4839.923,-4.6724319981221925,7.732779239808153
4839.943,-4.672098531825869,7.742773354440275
4839.963,-4.6717650817729846,7.752767470496011
4839.983,-4.671431647987436,7.762761587963817
4840.003,-4.6710982304944295,7.772755706824008
4840.023,-4.6707648293202375,7.782749827048929
4840.043,-4.670431444491946,7.792743948603197
4840.063,-4.670098076037174,7.802738071444038
4840.083,-4.669764723983807,7.812732195521688
4840.103,-4.669431388359725,7.822726320779871
4840.123,-4.669098069192523,7.832720447156334
4840.143,-4.668764766509234,7.842714574583454
4840.163,-4.668431480336072,7.8527087029888945
4840.183,-4.668098210698163,7.8627028322963115
4840.203,-4.667764957619299,7.872696962426089
4840.223,-4.667431721121707,7.882691093296142
4840.243,-4.667098501225821,7.892685224822691
4840.263,-4.6667652979500875,7.902679356921115
4840.283,-4.666432111310783,7.912673489506761
4840.303,-4.6660999380216515,7.922669655962441
4840.323,-4.665771648230954,7.932668492973591
4840.343,-4.665443023100372,7.942669603750013
4840.363,-4.66511455728,7.952670731796946
4840.383,-4.664786358336729,7.962671869354203
4840.403,-4.664458443258039,7.972673015436903
4840.423,-4.664130815217819,7.982674169823585
4840.443,-4.66380347462499,7.992675332293706
4840.463,-4.6634764214733515,8.002676502528518
4840.483,-4.663149655590028,8.012677680332787
4840.503,-4.66282317724744,8.022678865708333
4840.523,-4.662496985553243,8.032680058202041
4840.543,-4.662171079602772,8.042681257185397
4840.563,-4.661845459121632,8.052682462246635
4840.583,-4.661520122871701,8.062683672846886
4840.603,-4.661339202395232,8.072078395018526
4840.623,-4.661312196882758,8.08010086220231
4840.643,-4.661316082078376,8.0864048621147
4840.663,-4.661326994796557,8.0910317751597
4840.683,-4.6616982113588685,8.094879254725942
4840.703,-4.66253973663807,8.098169664687829
4840.723,-4.663818149793187,8.100917885031272
4840.743,-4.665537764179247,8.103085774846514
4840.763,-4.667618134690258,8.104549612534505
4840.783,-4.670046206854916,8.105249445727834
4840.803,-4.672730725187115,8.10526817612529
4840.823,-4.675422838125782,8.105135328758593
4840.843,-4.678111938519397,8.104953994440827
4840.863,-4.680797349493623,8.104722305768888
4840.883,-4.683477530849471,8.104444385095395
4840.903,-4.686152255711799,8.104118183901859
4840.923,-4.688820636585497,8.103741885512294
4840.943,-4.69148127296395,8.103319671858706
4840.963,-4.69413385107508,8.102849537994118
4840.983,-4.696777493416241,8.102329733888777
4841.003,-4.699410878472588,8.101764463840476
4841.023,-4.702033654822127,8.101151761226737
4841.043,-4.704644917350787,8.10048995247162
4841.063,-4.707243437892729,8.099783256859212
4841.083,-4.7098288278382965,8.099029754480979
4841.103,-4.712400156817315,8.0982278507243
4841.123,-4.714956837033006,8.097377869445383
4841.143,-4.717499754565154,8.096472002480763
4841.163,-4.720026005628025,8.095520503184707
4841.183,-4.7225347128017,8.094523694430444
4841.203,-4.725025063537677,8.093481899818345
4841.223,-4.727496251868598,8.09239545732253
4841.243,-4.729947478127976,8.091264719303783
4841.263,-4.732377949195343,8.090090052390776
4841.283,-4.734786878743925,8.088871837356143
4841.303,-4.737173487485878,8.087610468988618
4841.323,-4.739537003414932,8.086306355961439
4841.343,-4.7418766620463755,8.084959920697079
4841.363,-4.7441917066542585,8.083571599228426
4841.383,-4.746481388505773,8.082141841056545
4841.403,-4.748744967092751,8.080671109005138
4841.423,-4.750981710360219,8.079159879071797
4841.443,-4.753190894932038,8.07760864027622
4841.463,-4.755371806333575,8.076017894505434
4841.483,-4.757523739211475,8.07438815635616
4841.503,-4.759645997550555,8.072719952974374
4841.523,-4.7617378948878795,8.071013823892109
4841.543,-4.763798754524128,8.069270320861525
4841.563,-4.765827909732304,8.067490007686272
4841.583,-4.767824703963942,8.065673460050052
4841.603,-4.769788491052888,8.063821265342366
4841.623,-4.7717186354167875,8.061934022481315
4841.643,-4.773614512256389,8.060012341733321
4841.663,-4.775475507752751,8.05805684452962
4841.683,-4.777301019262447,8.056068163279333
4841.703,-4.7790904555107865,8.054046941178886
4841.723,-4.780843236783125,8.051993832017626
4841.743,-4.782558795114193,8.049909499979334
4841.763,-4.784236574475444,8.04779461943948
4841.783,-4.785876030960268,8.045649874757993
4841.803,-4.787476632966983,8.043475960067381
4841.823,-4.789037861379375,8.041273579056048
4841.843,-4.790559209744602,8.039043444746738
4841.863,-4.79204018444818,8.036786279269995
4841.883,-4.793480304885776,8.03450281363271
4841.903,-4.794879103631495,8.032193787481729
4841.923,-4.796236126602347,8.029859948862685
4841.943,-4.797550933218582,8.027502053974196
4841.963,-4.798823096559527,8.02512086691762
4841.983,-4.800052203514689,8.022717159442626
4842.003,-4.801237854929767,8.020291710688879
4842.023,-4.802379665747375,8.017845306924135
4842.043,-4.803477265142205,8.015378741279095
4842.063,-4.804530296650468,8.012892813479349
4842.083,-4.805538418293455,8.010388329574761
4842.103,-4.806501302695102,8.007866101666623
4842.123,-4.8074186371935035,8.005326947632945
4842.143,-4.808290123946312,8.002771690852107
4842.163,-4.809115480030051,8.000201159925227
4842.183,-4.809894437533339,7.99761618839747
4842.203,-4.81062674364411,7.995017614478491
4842.223,-4.811312160730857,7.992406280762244
4842.243,-4.811950466418035,7.989783033946274
4842.263,-4.812541453655678,7.987148724550677
4842.283,-4.81308493078335,7.984504206636751
4842.303,-4.813580721588524,7.98185033752549
4842.323,-4.814028665359502,7.979187977515951
4842.343,-4.814428616932946,7.9765179896035106
4842.363,-4.8166468396330036,7.974082329226709
4842.383,-4.822122127675911,7.972090582446997
4842.403,-4.829212732253718,7.970937282112946
4842.423,-4.837648178969815,7.970706680104584
4842.443,-4.847343225350836,7.971360305269352
4842.463,-4.857308227094583,7.9722066217364755
4842.483,-4.867625191684334,7.972839877232008
4842.503,-4.878021585233164,7.973428762195444
4842.523,-4.888057598871114,7.974191379527485
4842.543,-4.898029006565302,7.9750135778674425
4842.563,-4.908001113589423,7.975838267380605
4842.583,-4.91797324688165,7.976662684921639
4842.603,-4.927945405644823,7.9774868341314695
4842.623,-4.937917588395929,7.978310712597211
4842.643,-4.947889794374038,7.979134319409196
4842.663,-4.957862023100781,7.979957654200286
4842.683,-4.967834274176842,7.980780717055861
4842.703,-4.977806547203712,7.981603508065044
4842.723,-4.98777884181641,7.982426027602225
4842.743,-4.9977511575212334,7.983248275829964
4842.763,-5.007723494171477,7.984070252847612
4842.783,-5.017695851513159,7.984891959352526
4842.803,-5.027668228777711,7.9857133961084985
4842.823,-5.037640625196584,7.986534563998772
4842.843,-5.047613040309671,7.987355463959663
4842.863,-5.057578732546688,7.988179819897995
4842.883,-5.067544385680543,7.989003957127496
4842.903,-5.077510039364972,7.989828075047405
4842.923,-5.087475693477572,7.990652177397582
4842.943,-5.09744134800252,7.991476264193212
4842.963,-5.107407002932459,7.99230033541299
4842.983,-5.117372658267904,7.993124391033742
4843.003,-5.127339628463616,7.993947549732102
4843.023,-5.13731361319076,7.99476584993233
4843.043,-5.1472848143665955,7.995586702732432
4843.063,-5.157256519413136,7.9964057022085715
4843.083,-5.167228563278541,7.997225688477714
4843.103,-5.176599398388128,7.997796175569575
4843.123,-5.184598395194933,7.9980347286293005
4843.143,-5.1908767829313724,7.998176450140384
4843.163,-5.19545350132422,7.998229362201642
4843.183,-5.199208355189329,7.997926029475262
4843.203,-5.202419517557646,7.997126231559464
4843.223,-5.205079896711879,7.995834764285523
4843.243,-5.207186858271626,7.994068172025432
4843.263,-5.208723050775097,7.991838473582211
4843.283,-5.209628435533238,7.9891784990791
4843.303,-5.209938727272216,7.986328944603459
4843.323,-5.209905711730455,7.9836315026960305
4843.343,-5.209821548251939,7.980933165180325
4843.363,-5.209688834168155,7.978236777623502
4843.383,-5.209507610184173,7.975543222661509
4843.403,-5.209277935406241,7.972853373495317
4843.423,-5.208999884708902,7.970168101962306
4843.443,-5.2086735486678615,7.967488278323721
4843.463,-5.2082990335232155,7.964814770983173
4843.483,-5.2078764611380475,7.96214844620579
4843.503,-5.207405968952037,7.9594901678385765
4843.523,-5.206887709930149,7.95684079703203
4843.543,-5.206321852506396,7.954201191963058
4843.563,-5.2057085805227645,7.951572207559211
4843.583,-5.205048093163267,7.948954695224305
4843.603,-5.2043406048832175,7.946349502565499
4843.623,-5.203586345333694,7.943757473121866
4843.643,-5.2027855592812955,7.9411794460945835
4843.663,-5.201938506523162,7.938616256078818
4843.683,-5.201045461797371,7.936068732797354
4843.703,-5.2001067146887054,7.9335377008361485
4843.723,-5.199122569529888,7.931023979381832
4843.743,-5.198093345298348,7.928528381961345
4843.763,-5.197019375508579,7.926051716183723
4843.783,-5.195901008100195,7.923594783484244
4843.803,-5.194738605321774,7.921158378870941
4843.823,-5.1935325436105835,7.918743290673662
4843.843,-5.192283213468312,7.916350300295711
4843.863,-5.190991019332917,7.913980181968183
4843.883,-5.189656379446719,7.911633702507088
4843.903,-5.188279725720843,7.9093116210732575
4843.923,-5.186861503596176,7.9070146889351545
4843.943,-5.185402171900917,7.904743649234576
4843.963,-5.183902202704858,7.902499236755269
4843.983,-5.182362081170499,7.900282177694446
4844.003,-5.18078230540109,7.898093189437189
4844.023,-5.179163386285668,7.895932980333687
4844.043,-5.177505847341161,7.893802249479248
4844.063,-5.175810224551549,7.891701686497005
4844.083,-5.174077066204137,7.889631971323222
4844.103,-5.173725060790067,7.886356708470385
4844.123,-5.1758650863639515,7.880937590876614
4844.143,-5.179703897270435,7.874865202687215
4844.163,-5.185125146157815,7.868398009945191
4844.183,-5.192043237756779,7.861574304042159
4844.203,-5.199284397324799,7.854676507388598
4844.223,-5.206716293159191,7.847609048256897
4844.243,-5.21425374337025,7.840448092811007
4844.263,-5.221518587245399,7.83352956105408
4844.283,-5.228766226063505,7.826630989200619
4844.303,-5.236015171294565,7.81973203188634
4844.323,-5.243264298470867,7.812833137411634
4844.343,-5.250513594950498,7.805934433315407
4844.363,-5.257763073133299,7.799035932374154
4844.383,-5.265012741674177,7.792137625972826
4844.403,-5.272262610242972,7.7852395053341725
4844.423,-5.279512686781184,7.77834155164739
4844.443,-5.286763682703812,7.77144190449949
4844.463,-5.29401048180067,7.764543998295396
4844.483,-5.3012571373439235,7.757646164507026
4844.503,-5.308499875403503,7.750748384206436
4844.523,-5.315742723750235,7.743850694552303
4844.543,-5.322985533951367,7.736952976920511
4844.563,-5.330228286391236,7.730055219835291
4844.583,-5.33747097807802,7.7231574264286245
4844.603,-5.344713608481639,7.716259602751061
4844.623,-5.351956177698602,7.709361758151422
4844.643,-5.359198685016447,7.702463903990552
4844.663,-5.366440488436539,7.69556851711915
4844.683,-5.373682238587186,7.688673018723948
4844.703,-5.380923987183844,7.681777518641953
4844.723,-5.388166011764011,7.674881910480612
4844.743,-5.395413505316644,7.667982054066599
4844.763,-5.402662197299912,7.661081043095238
4844.783,-5.409908546609975,7.654180758230447
4844.803,-5.417154296947947,7.647281236321386
4844.823,-5.424400209521464,7.640383405008291
4844.843,-5.4316454848067295,7.633485215012863
4844.863,-5.438888770958399,7.62658589254016
4844.883,-5.446133060548051,7.619686975475878
4844.903,-5.453377149442039,7.612791399795462
4844.923,-5.460622118215104,7.6058952828747435
4844.943,-5.4678671097384015,7.598999214796196
4844.963,-5.47511216563484,7.592103226400068
4844.983,-5.48235728048456,7.585207317656685
4845.003,-5.489602440494129,7.578311484865493
4845.023,-5.496847621321201,7.5714157245857905
4845.043,-5.504092773757573,7.564520038942572
4845.063,-5.51133744055639,7.557624422493966
4845.083,-5.518586639652253,7.550725354170971
4845.103,-5.525831789988825,7.5438296514082905
4845.123,-5.533077083955244,7.536933871103344
4845.143,-5.540322952613969,7.5300377643074485
4845.163,-5.547568192555868,7.523142322254885
4845.183,-5.55481535281497,7.516246622387028
4845.203,-5.562058396616772,7.509352232656885
4845.223,-5.569301011948415,7.502457638467287
4845.243,-5.576543637494036,7.495563055654729
4845.263,-5.583786263868226,7.488668472455807
4845.283,-5.591028890980536,7.481773888759365
4845.303,-5.59827151881349,7.474879304563822
4845.323,-5.605514147343405,7.467984719873777
4845.343,-5.612756776539984,7.461090134699065
4845.363,-5.619999406366654,7.454195549054693
4845.383,-5.62724203678096,7.4473009629607265
4845.403,-5.634484667735033,7.440406376442139
4845.423,-5.641727299176101,7.433511789528589
4845.443,-5.648969931047051,7.426617202254186
4845.463,-5.656212563287032,7.419722614657154
4845.483,-5.663455195832093,7.412828026779511
4845.503,-5.670697828615857,7.405933438666673
4845.523,-5.677940461570204,7.399038850367034
4845.543,-5.6851830946259945,7.39214426193151
4845.563,-5.692425727713776,7.385249673413073
4845.583,-5.699668360764503,7.37835508486624
4845.603,-5.7069109937102604,7.37146049634656
4845.623,-5.714153626484965,7.364565907910087
4845.643,-5.721396259025039,7.3576713196128525
4845.663,-5.7286388912700845,7.350776731510318
4845.683,-5.735348821963087,7.344416639942545
4845.703,-5.740792112564377,7.33930679998735
4845.723,-5.744766373669462,7.335631993582012
4845.743,-5.747323803318915,7.332684623724943
4845.763,-5.748681878146539,7.329997846767396
4845.783,-5.748983678778058,7.327547082183816
4845.803,-5.748283272869499,7.325338154514938
4845.823,-5.746613964314241,7.3233911473534485
4845.843,-5.7446386605355615,7.321550333366777
4845.863,-5.742630797392267,7.319745835957941
4845.883,-5.7405907766563,7.31797776273573
4845.903,-5.738519256022265,7.3162466819248655
4845.923,-5.736416905580894,7.314553154445812
4845.943,-5.734284405517028,7.31289772922843
4845.963,-5.732122445883789,7.311280942984339
4845.983,-5.729931726389895,7.309703320024841
4846.003,-5.727712956182189,7.308165372081609
4846.023,-5.725466853623106,7.306667598129907
4846.043,-5.723194146063013,7.305210484214656
4846.063,-5.7208955696074115,7.303794503279654
4846.083,-5.718571868879043,7.302420115000264
4846.103,-5.716223796775017,7.301087765619928
4846.123,-5.713852114219112,7.2997978877908665
4846.143,-5.711457589909471,7.298550900419293
4846.163,-5.709041000061961,7.2973472085154745
4846.183,-5.70660312814948,7.296187203048943
4846.203,-5.70414476463757,7.29507126080915
4846.223,-5.701666706716671,7.293999744271782
4846.243,-5.699169758031416,7.292973001470965
4846.263,-5.696654728407267,7.291991365877475
4846.283,-5.69412243357495,7.291055156283136
4846.303,-5.691573694892959,7.290164676691409
4846.323,-5.689009339068507,7.289320216214268
4846.343,-5.686982467545921,7.286723022282005
4846.363,-5.685942415219854,7.280990316306573
4846.383,-5.686001153893184,7.273806768514076
4846.403,-5.687196136403445,7.265453213075144
4846.423,-5.689475037862473,7.2560071640098665
4846.443,-5.6919893510792825,7.246327544772626
4846.463,-5.6943944346917945,7.236308988313384
4846.483,-5.696775250316701,7.2261974740388615
4846.503,-5.6992551592825205,7.216487099588085
4846.523,-5.701754622597686,7.206797622680969
4846.543,-5.704253689214839,7.197103532039218
4846.563,-5.706751708597491,7.187409945577663
4846.583,-5.70925114345243,7.177720163915411
4846.603,-5.71174892606045,7.168028243511333
4846.623,-5.714247507835064,7.158335770814182
4846.643,-5.71674530233803,7.148646075726943
4846.663,-5.719243760501605,7.138954237074501
4846.683,-5.721741255689539,7.129263155915921
4846.703,-5.724238086147425,7.119568652078313
4846.723,-5.726735167761548,7.109874122769851
4846.743,-5.729232968713154,7.1001874796721935
4846.763,-5.731731427691754,7.090500710794898
4846.783,-5.7342291239370775,7.080811679569866
4846.803,-5.736727323546491,7.071124379254807
4846.823,-5.7392234509953575,7.061429854682601
4846.843,-5.741720845938217,7.0517439665994806
4846.863,-5.744217942271254,7.042055611944093
4846.883,-5.7467136851343845,7.03236386525231
4846.903,-5.749211321396554,7.022680323470427
4846.923,-5.751710260891849,7.012997991344071
4846.943,-5.754209186551487,7.003315654416821
4846.963,-5.756708098466728,6.993633313782159
4846.983,-5.75920699665813,6.983950969434542
4847.003,-5.761705881144509,6.974268621356282
4847.023,-5.764204751949405,6.964586269532202
4847.043,-5.766703609101186,6.9549039139500195
4847.063,-5.769202452632949,6.945221554600569
4847.083,-5.771701282582382,6.935539191477958
4847.103,-5.774199459812318,6.9258553204369635
4847.123,-5.776695500842175,6.91616795119146
4847.143,-5.7791939419217835,6.906484906238907
4847.163,-5.781692493043387,6.896802470115013
4847.183,-5.784191026111372,6.887120029303333
4847.203,-5.786689545689395,6.877437584681907
4847.223,-5.78918805188787,6.867755136280301
4847.243,-5.791686544778834,6.85807268412348
4847.263,-5.79418502443471,6.848390228239233
4847.283,-5.796683490928164,6.838707768658028
4847.303,-5.799181944331575,6.829025305412793
4847.323,-5.801680384716506,6.819342838538664
4847.343,-5.804178812153169,6.809660368072694
4847.363,-5.806677226709895,6.799977894053561
4847.383,-5.8091756284526195,6.790295416521233
4847.403,-5.8116740174443695,6.780612935516636
4847.423,-5.814172393744787,6.7709304510812975
4847.443,-5.816670757409671,6.761247963256983
4847.463,-5.819169108490556,6.751565472085339
4847.483,-5.8216674470343115,6.7418829776075135
4847.503,-5.824165773082803,6.732200479863798
4847.523,-5.826664086672584,6.722517978893267
4847.543,-5.829162387834631,6.712835474733424
4847.563,-5.831660676594146,6.7031529674198715
4847.583,-5.834159132296892,6.693469578714361
4847.603,-5.836654372683028,6.683781332421974
4847.623,-5.8391507460734395,6.674095879951292
4847.643,-5.841648706419748,6.664413285296209
4847.663,-5.844146427684373,6.65472867112369
4847.683,-5.8466428302050355,6.645044395989041
4847.703,-5.849138363871198,6.635354770518319
4847.723,-5.851632723917005,6.625658285819653
4847.743,-5.8541269326013134,6.615970833623982
4847.763,-5.8566222156890335,6.606283956821587
4847.783,-5.859116978996126,6.596596583911802
4847.803,-5.861610201020403,6.586900816599348
4847.823,-5.86410327530859,6.577205936447422
4847.843,-5.866596107356263,6.567511618685003
4847.863,-5.869089149660125,6.557821258466694
4847.883,-5.871581770058295,6.5481273053752425
4847.903,-5.8740748049565985,6.538436436903951
4847.923,-5.876566947736489,6.52874146155119
4847.943,-5.879059331595208,6.519050486381647
4847.963,-5.881550232142725,6.5093546374738365
4847.983,-5.884041456860398,6.499658423425649
4848.003,-5.886534305783905,6.489970479133111
4848.023,-5.88902645926318,6.480280019072999
4848.043,-5.891519454758286,6.4705914146870205
4848.063,-5.8940119785833005,6.460903065486302
4848.083,-5.89650236038234,6.451206552070488
4848.103,-5.8989937227055504,6.441518779906523
4848.123,-5.901486103473541,6.43183009972292
4848.143,-5.9039755810894,6.4221368022434975
4848.163,-5.90646791031753,6.412451788862233
4848.183,-5.908961290812109,6.402768023487996
4848.203,-5.911454657449618,6.3930842533529
4848.223,-5.91394801033498,6.383400479513294
4848.243,-5.916441349488328,6.3737167019631
4848.263,-5.918934674929256,6.364032920685064
4848.283,-5.921427986682117,6.35434913566448
4848.303,-5.923921284776075,6.34466534688958
4848.323,-5.926414569245005,6.334981554351736
4848.343,-5.928907840127357,6.325297758045603
4848.363,-5.931400371253537,6.315612319047538
4848.383,-5.933890720575969,6.305923066638117
4848.403,-5.9363837898976595,6.296239165723478
4848.423,-5.938876779984975,6.286555296187452
4848.443,-5.9413697537222445,6.2768714222994255
4848.463,-5.943862713985417,6.267187544613457
4848.483,-5.946355660870189,6.257503663156696
4848.503,-5.9488485944486476,6.247819777954544
4848.523,-5.951341514793322,6.238135889035213
4848.543,-5.95383442197689,6.228451996429558
4848.563,-5.956327316071667,6.218768100170854
4848.583,-5.95882019714906,6.209084200294532
4848.603,-5.960804150351126,6.199986775540905
4848.623,-5.9619815656604995,6.192306708443279
4848.643,-5.9629939046692915,6.186236265367103
4848.663,-5.963905849608626,6.181879178966494
4848.683,-5.96474215518647,6.178759818289795
4848.703,-5.965687715224109,6.176721801376256
4848.723,-5.9669535910309675,6.175670257594843
4848.743,-5.968878288633719,6.175376925619458
4848.763,-5.971266900796536,6.175831274166968
4848.783,-5.973813621390994,6.176727309351413
4848.803,-5.9763571121368235,6.177631077618335
4848.823,-5.978884081213004,6.178580630398544
4848.843,-5.981393542435486,6.179575506687214
4848.863,-5.983884682365964,6.180615382158803
4848.883,-5.986356694835551,6.181699919478859
4848.903,-5.9888087799600935,6.182828766935626
4848.923,-5.991240144382157,6.1840015585447645
4848.943,-5.993650001519436,6.185217914172651
4848.963,-5.996037571810669,6.186477439663764
4848.983,-5.998402082958952,6.187779726971848
4849.003,-6.000742770172343,6.189124354294818
4849.023,-6.003058876401662,6.1905108862131994
4849.043,-6.005349652575448,6.191938873832063
4849.063,-6.007614357831982,6.193407854926275
4849.083,-6.009852259748372,6.194917354088956
4849.103,-6.012062634566672,6.196466882883037
4849.123,-6.014244767417039,6.198055939995817
4849.143,-6.01639795253795,6.199684011396412
4849.163,-6.018521493493532,6.201350570496013
4849.183,-6.020614703388063,6.203055078310952
4849.203,-6.022676905077738,6.2047969836284835
4849.223,-6.024707431379766,6.206575723175329
4849.243,-6.0267056252789635,6.208390721789026
4849.263,-6.028670840131893,6.210241392592108
4849.283,-6.030602439868708,6.212127137169244
4849.303,-6.032499799192786,6.214047345747484
4849.323,-6.034362303778277,6.216001397379724
4849.343,-6.036189350465602,6.217988660131627
4849.363,-6.037980347455,6.2200084912721545
4849.383,-6.03973471449811,6.222060237467962
4849.403,-6.0414518830875865,6.224143234981847
4849.423,-6.043131296644708,6.226256809875474
4849.443,-6.044772410704858,6.228400278216567
4849.463,-6.046374693100754,6.230572946290747
4849.483,-6.04793762414323,6.232774110818148
4849.503,-6.04946069679937,6.235003059174903
4849.523,-6.050943416867732,6.237259069619589
4849.543,-6.05238530315035,6.239541411524579
4849.563,-6.053785887621262,6.241849345612289
4849.583,-6.055144715591191,6.244182124196207
4849.603,-6.056461345868108,6.246538991426552
4849.623,-6.0577353509133065,6.248919183540316
4849.643,-6.05896631699273,6.251321929115531
4849.663,-6.0601538443232466,6.253746449329385
4849.683,-6.0612975472136,6.256191958219917
4849.703,-6.062397054199854,6.258657662950982
4849.723,-6.063452008175089,6.261142764080101
4849.743,-6.064462066513239,6.263646455828879
4849.763,-6.0654269011869495,6.266167926355667
4849.783,-6.066346198879371,6.268706358030113
4849.803,-6.06721966108987,6.271260927709329
4849.823,-6.069839664319905,6.273258212336046
4849.843,-6.075583795640229,6.274233119255046
4849.863,-6.082766267526343,6.274092892401043
4849.883,-6.0911057946781195,6.272803235057487
4849.903,-6.10052544185313,6.270417346684811
4849.923,-6.110175931040386,6.267793418317429
4849.943,-6.120163796916602,6.26527179201796
4849.963,-6.13026244976075,6.26275670938246
4849.983,-6.1399616023361325,6.260156055670503
4850.003,-6.149616968428422,6.257545904437257
4850.023,-6.159269379327609,6.254933788057437
4850.043,-6.168921806570847,6.252321686109179
4850.063,-6.178574800611043,6.249709705509592
4850.083,-6.18822797251362,6.247097602351396
4850.103,-6.197881818811701,6.2444856602075
4850.123,-6.207550236963831,6.241881666612417
4850.143,-6.217207646363995,6.239273615997985
4850.163,-6.226867770052916,6.236665093821831
4850.183,-6.236526162464745,6.234055899372318
4850.203,-6.246180615954874,6.231445628907945
4850.223,-6.255833598178224,6.228834821777499
4850.243,-6.265486577447935,6.226224028275441
4850.263,-6.275139560936891,6.223613253843387
4850.283,-6.284792549201279,6.221002504581542
4850.303,-6.294445545307961,6.218391788021701
4850.323,-6.304098551192701,6.2157811115678125
4850.343,-6.3137515693073265,6.213170483086115
4850.363,-6.323404601623703,6.210559910365347
4850.383,-6.333057650233291,6.207949400900478
4850.403,-6.342710716946041,6.205338962391008
4850.423,-6.352363803697484,6.2027286024528765
4850.443,-6.362016912197411,6.2001183293213185
4850.463,-6.371670044028874,6.197508151565762
4850.483,-6.381323200550684,6.194898078263851
4850.503,-6.390976383008198,6.192288119103817
4850.523,-6.400629591989976,6.18967828491139
4850.543,-6.410282827911665,6.1870685917399815
4850.563,-6.419936089562182,6.184459059136301
4850.583,-6.429589372549082,6.181849715950228
4850.603,-6.439242664013153,6.179240610200083
4850.623,-6.448895970923139,6.176631873669275
4850.643,-6.458548844567924,6.174021534144071
4850.663,-6.468201791167269,6.171411350981195
4850.683,-6.477854741803202,6.168801181916247
4850.703,-6.487507695867947,6.166191025787523
4850.723,-6.49716065335922,6.1635808825761025
4850.743,-6.506813614279099,6.160970752267973
4850.763,-6.516466578628004,6.158360634843985
4850.783,-6.526119546404601,6.155750530279703
4850.803,-6.535772517605793,6.153140438545389
4850.823,-6.545425492226731,6.150530359606068
4850.843,-6.555078470260846,6.147920293421661
4850.863,-6.5647314516998865,6.145310239947165
4850.883,-6.574384436533988,6.142700199132897
4850.903,-6.584037424751752,6.140090170924819
4850.923,-6.593691654147997,6.137481381997285
4850.943,-6.603351772507052,6.134876532679648
4850.963,-6.613009446694007,6.132268534463392
4850.983,-6.622662561259308,6.129658969592891
4851.003,-6.632315680710007,6.127049425971518
4851.023,-6.641968803470043,6.124439894722866
4851.043,-6.651621929507872,6.12183037569555
4851.063,-6.661275058803968,6.119220868812344
4851.083,-6.670928191338696,6.1166113739970775
4851.103,-6.680581327092399,6.114001891174583
4851.123,-6.690234466045574,6.111392420271304
4851.143,-6.699887608179052,6.108782961215876
4851.163,-6.709540753474188,6.106173513939707
4851.183,-6.71919390191302,6.103564078377522
4851.203,-6.728847053478445,6.100954654467898
4851.223,-6.738500208154379,6.09834524215376
4851.243,-6.748153365925907,6.095735841382841
4851.263,-6.75780652677942,6.093126452108088
4851.283,-6.7674607599514065,6.090517461159234
4851.303,-6.777114011889254,6.087908262792764
4851.323,-6.786767189472675,6.085298938897688
4851.343,-6.796420370596624,6.082689623236247
4851.363,-6.80607747268547,6.08008249770136
4851.383,-6.815738288830651,6.077477730842863
4851.403,-6.825400211900967,6.07487322008366
4851.423,-6.835058377733644,6.07226638944792
4851.443,-6.844714806176412,6.069659112061843
4851.463,-6.854368497454019,6.06705096099927
4851.483,-6.864022194684628,6.064442815602344
4851.503,-6.873675889662736,6.061834680999573
4851.523,-6.883329591055832,6.059226565992842
4851.543,-6.892983296828193,6.056618476862491
4851.563,-6.902637011765889,6.054010421689904
4851.583,-6.91229073665873,6.051402407806713
4851.603,-6.921944474474657,6.048794443253235
4851.623,-6.931598226777396,6.0461865356742415
4851.643,-6.941251995798304,6.04357869252983
4851.663,-6.950905783214236,6.040970921659764
4851.683,-6.960559591003581,6.038363230654588
4851.703,-6.970213420801147,6.035755627852019
4851.723,-6.979867274168081,6.033148121929097
4851.743,-6.989521152441661,6.030540722077824
4851.763,-6.9991750567496025,6.027933437928522
4851.783,-7.008828987683211,6.025326281125519
4851.803,-7.0184829454689766,6.022719268299188
4851.823,-7.028136928509828,6.020112419919706
4851.843,-7.037790931664747,6.017505767242981
4851.863,-7.047444939227338,6.014899363009717
4851.883,-7.0570988582589,6.012293115646774
4851.903,-7.066752477792787,6.009685490623373
4851.923,-7.0764061427294624,6.0070779648039325
4851.943,-7.086059811493601,6.0044704526644646
4851.963,-7.095713483683432,6.0018629534696615
4851.983,-7.105367159298382,5.9992554672030876
4852.003,-7.115020838340227,5.996647993849513
4852.023,-7.124674520809058,5.994040533388547
4852.043,-7.134328206703217,5.991433085794515
4852.063,-7.143981896019285,5.988825651036474
4852.083,-7.153635588752099,5.986218229078272
4852.103,-7.163289284894785,5.983610819878695
4852.123,-7.172942984438803,5.981003423391657
4852.143,-7.182596687374015,5.978396039566458
4852.163,-7.192250393688766,5.975788668348099
4852.183,-7.201904103903297,5.97318136695144
4852.203,-7.211564747543881,5.970579329559689
4852.223,-7.221224556863998,5.967974953007153
4852.243,-7.230878387678358,5.965368035877633
4852.263,-7.240532225087787,5.96276114924539
4852.283,-7.249604877684004,5.960676355237806
4852.303,-7.257278214356099,5.959344494419188
4852.323,-7.263314459078033,5.958080720785559
4852.343,-7.267674448623964,5.956872611109531
4852.363,-7.271004558055047,5.955463420141455
4852.383,-7.273353312302411,5.953933529066209
4852.403,-7.274866255764983,5.951944490133915
4852.423,-7.275514841961848,5.949692041163857
4852.443,-7.275183764109241,5.947270594735825
4852.463,-7.274497518899452,5.94453657230499
4852.483,-7.273833472285565,5.941747267643119
4852.503,-7.273105979679256,5.938958805509638
4852.523,-7.272336855407978,5.936149168641834
4852.543,-7.271537966188383,5.933406936161561
4852.563,-7.270675653521067,5.930622763939277
4852.583,-7.2697144320094536,5.927954971075692
4852.603,-7.268698100852594,5.9253174685239065
4852.623,-7.267616466994302,5.922699470318186
4852.643,-7.266483161400745,5.920110714081131
4852.663,-7.265379733131862,5.917373099614188
4852.683,-7.264220547178082,5.914658508021817
4852.703,-7.263021798754132,5.9119688414437
4852.723,-7.261710653291326,5.909463068522032
4852.743,-7.260316774476952,5.907053375946135
4852.763,-7.258872614538267,5.904623519999745
4852.783,-7.257455038006913,5.9020674121217995
4852.803,-7.255944322027464,5.899641187655889
4852.823,-7.254416953393658,5.897223473154254
4852.843,-7.252832956641359,5.894856220583835
4852.863,-7.251259479226127,5.892378223757864
4852.883,-7.249601941391641,5.88994914755087
4852.903,-7.247896186536277,5.887608253449995
4852.923,-7.246182277951761,5.885179967242548
4852.943,-7.244401991207313,5.8828359314660865
4852.963,-7.242557271622612,5.880605962884835
4852.983,-7.240613922540223,5.878640714014942
4853.003,-7.238652302056306,5.8767171094583155
4853.023,-7.2365930053340835,5.874972642927748
4853.043,-7.234502516435387,5.873264645611701
4853.063,-7.23238161832828,5.871594530315313
4853.083,-7.230230996849679,5.869962846155349
4853.103,-7.228051347546854,5.868370121943368
4853.123,-7.225843375492116,5.866816873944939
4853.143,-7.223607795054137,5.865303605776283
4853.163,-7.221345329676927,5.863830808231142
4853.183,-7.219056711653844,5.862398959109459
4853.203,-7.216742681896303,5.8610085230488895
4853.223,-7.214403989697217,5.859659951359446
4853.243,-7.212041392489211,5.858353681861696
4853.263,-7.2096556555977465,5.857090138728858
4853.283,-7.207247551989374,5.855869732333184
4853.303,-7.204817862015331,5.854692859096987
4853.323,-7.202367373150778,5.853559901348668
4853.343,-7.199896879730041,5.852471227184043
4853.363,-7.197407182678194,5.8514271903332755
4853.383,-7.194899089239347,5.8504281300336265
4853.403,-7.192373412702092,5.849474370908249
4853.423,-7.189830972122418,5.848566222851149
4853.443,-7.187272592044525,5.847703980918461
4853.463,-7.1846991022198745,5.846887925226059
4853.483,-7.182111337324831,5.846118320853569
4853.503,-7.179510136677164,5.84539541775475
4853.523,-7.176896343951743,5.844719450674197
4853.543,-7.174270806895599,5.844090639070337
4853.563,-7.171634377042616,5.843509187044576
4853.583,-7.169355928423934,5.84112972432052
4853.603,-7.167742881194418,5.835531170277903
4853.623,-7.167076691428817,5.828378349129953
4853.643,-7.167422926973279,5.8199468620160175
4853.663,-7.168737368427165,5.810319112036947
4853.683,-7.17026245893216,5.800435219363932
4853.703,-7.171616511440673,5.790202340045958
4853.723,-7.172948866841807,5.779898000154698
4853.743,-7.174451025139696,5.770003543541006
4853.763,-7.175963814196482,5.760118978147447
4853.783,-7.177476406422082,5.750234396054217
4853.803,-7.178988982013132,5.740349811428623
4853.823,-7.180501543381842,5.730465224576455
4853.843,-7.182014090594624,5.720580635520856
4853.863,-7.18352662369131,5.7106960442814705
4853.883,-7.185039142705496,5.700811450876788
4853.903,-7.186551647664489,5.690926855324028
4853.923,-7.188062886114264,5.681040190199909
4853.943,-7.189573579647236,5.671153277828111
4853.963,-7.191083165351575,5.661263626666887
4853.983,-7.192591000775704,5.651375976643948
4854.003,-7.194102979998385,5.641491287727079
4854.023,-7.195614933104778,5.631606608676219
4854.043,-7.197126871862592,5.621721927612145
4854.063,-7.198638796382843,5.611837244412904
4854.083,-7.200149026955831,5.601950776538362
4854.103,-7.2016570956774,5.592061548501261
4854.123,-7.203163182187054,5.582171930862487
4854.143,-7.204674606660615,5.572287147900135
4854.163,-7.206186016063616,5.562402386384883
4854.183,-7.207297554519656,5.5530788436074445
4854.203,-7.20795001265684,5.545126008950002
4854.223,-7.208307282236488,5.538882120947088
4854.243,-7.2085479536040795,5.534381503728439
4854.263,-7.20837454721672,5.530765169638964
4854.283,-7.207654785686963,5.527708868789491
4854.303,-7.206378118885042,5.5251624052137505
4854.323,-7.20456017082839,5.52318238119118
4854.343,-7.202235977020325,5.521737889872686
4854.363,-7.199434222484958,5.520858996578932
4854.383,-7.1965259586132175,5.520237736347894
4854.403,-7.193667425936673,5.519745055213254
4854.423,-7.190734764640563,5.519235383257092
4854.443,-7.1880165677311645,5.519172117743791
4854.463,-7.185318284463843,5.519188876705236
4854.483,-7.182619470942518,5.519256527700711
4854.503,-7.17992231927768,5.519372744184065
4854.523,-7.177227708663733,5.5195374876541115
4854.543,-7.1745365124895715,5.519750704238709
4854.563,-7.171849602913622,5.520012324148115
4854.583,-7.169167850612043,5.520322261887231
4854.603,-7.166492124497791,5.520680416291783
4854.623,-7.163823291440252,5.521086670567516
4854.643,-7.161162215985824,5.521540892334326
4854.663,-7.158509760079471,5.522042933675334
4854.683,-7.155866782787362,5.52259263119088
4854.703,-7.15323414002058,5.523189806057441
4854.723,-7.150612684260059,5.523834264091454
4854.743,-7.1480032642827585,5.524525795818033
4854.763,-7.145406724889248,5.525264176544544
4854.783,-7.142823906632704,5.526049166439048
4854.803,-7.140255645549533,5.526880510613553
4854.823,-7.1377027728916245,5.5277579392120355
4854.843,-7.13516611486046,5.528681167503224
4854.863,-7.132646492343092,5.529649895978036
4854.883,-7.130144720650209,5.530663810451638
4854.903,-7.127661609256344,5.531722582170053
4854.923,-7.125197961542368,5.532825867921226
4854.943,-7.122754574540412,5.533973310150433
4854.963,-7.120332238681308,5.535164537079962
4854.983,-7.117931737544656,5.536399162832929
4855.003,-7.115553847611655,5.537676787561119
4855.023,-7.113199338020722,5.538996997576705
4855.043,-7.110868970326069,5.5403593654877215
4855.063,-7.10856349825922,5.5417634503371795
4855.083,-7.106283667493572,5.543208797745623
4855.103,-7.104030215412011,5.544694940057057
4855.123,-7.101803870877589,5.54622139648809
4855.143,-7.099605354007272,5.54778767328016
4855.163,-7.097435375948718,5.549393263854767
4855.183,-7.095294638660045,5.5510376489716196
4855.203,-7.093183834692495,5.552720296889619
4855.223,-7.091103646975956,5.55444066353066
4855.243,-7.08905474860719,5.55619819264623
4855.263,-7.087037802640692,5.55799231598684
4855.283,-7.0850534618820245,5.55982245347434
4855.303,-7.083102368683558,5.561688013377209
4855.323,-7.081185154742448,5.563588392488937
4855.343,-7.079302440900767,5.565522976309661
4855.363,-7.077454836947719,5.567491139231236
4855.383,-7.075642941423845,5.569492244725917
4855.403,-7.0738673414272055,5.571525645538892
4855.423,-7.072128612421532,5.573590683884864
4855.443,-7.070427318046402,5.575686691648909
4855.463,-7.068764009929502,5.577812990591802
4855.483,-7.06713922750114,5.579968892559989
4855.503,-7.0655534978111225,5.582153699700361
4855.523,-7.0640073353482915,5.5843667046799474
4855.543,-7.062501241862876,5.5866071909105655
4855.563,-7.061035706192008,5.588874432778477
4855.583,-7.059611204088683,5.591167695878978
4855.603,-7.058228198054457,5.593486237255852
4855.623,-7.05688713717625,5.595829305645531
4855.643,-7.05558845696755,5.598196141725766
4855.663,-7.054332579214331,5.6005859783685645
4855.683,-7.0531199118259735,5.6029980408971065
4855.703,-7.051950848691485,5.6054315473463445
4855.723,-7.050825769541205,5.607885708726958
4855.743,-7.049745039814234,5.610359729292269
4855.763,-7.0487090105317165,5.612852806807841
4855.783,-7.0459658884282,5.614677438727737
4855.803,-7.0401708780148695,5.615280686676989
4855.823,-7.033012228702225,5.6146785933482635
4855.843,-7.024772884849451,5.612855007938317
4855.863,-7.015526258079665,5.609868000004311
4855.883,-7.006064621863902,5.6066286138588115
4855.903,-6.996275990104484,5.603452787497099
4855.923,-6.986381770339601,5.600286727012808
4855.943,-6.976880631074778,5.5970768181984445
4855.963,-6.967401937527498,5.5938519735007155
4855.983,-6.957925284875087,5.590631747688475
4856.003,-6.9484507199692676,5.5874078505626
4856.023,-6.938984714089923,5.5841808355861415
4856.043,-6.9295202460386545,5.5809534599167945
4856.063,-6.920055773620468,5.5777260975062015
4856.083,-6.910591309122979,5.5744986898745275
4856.103,-6.90112414407591,5.571271787780419
4856.123,-6.891649532618825,5.568046849835511
4856.143,-6.882182693555129,5.564820118590998
4856.163,-6.872712311955657,5.561593980764697
4856.183,-6.86323621471385,5.55836858339661
4856.203,-6.853759641605496,5.555144178687347
4856.223,-6.844283759847136,5.551919632887063
4856.243,-6.834808287200378,5.54869536622315
4856.263,-6.82533593975642,5.545471811016421
4856.283,-6.815858030704167,5.542247434967299
4856.303,-6.806387756809564,5.539022945649072
4856.323,-6.796910950503865,5.535799215774903
4856.343,-6.787438197068722,5.532574983465821
4856.363,-6.777963236522131,5.529352002125648
4856.383,-6.768487886517737,5.526128865562456
4856.403,-6.7590143767165785,5.522905570028533
4856.423,-6.749536749766245,5.5196836150288595
4856.443,-6.740066888055616,5.516459510170037
4856.463,-6.7305919851681235,5.513236763896281
4856.483,-6.7211188450680535,5.51001527691202
4856.503,-6.711651070864758,5.50679149125377
4856.523,-6.702181221463997,5.503567964846997
4856.543,-6.692705524893361,5.500346513271689
4856.563,-6.683239812888074,5.497122748002792
4856.583,-6.673774103569128,5.493898993496574
4856.603,-6.664308390142955,5.490675250718845
4856.623,-6.6548426725640235,5.487451519692187
4856.643,-6.645376950849832,5.4842278004610465
4856.663,-6.6359112250207595,5.4810040930685195
4856.683,-6.626445495099338,5.477780397555253
4856.703,-6.616979761110067,5.474556713958844
4856.723,-6.607514023079196,5.471333042313312
4856.743,-6.5980482810345045,5.468109382648597
4856.763,-6.588582535005043,5.464885734990099
4856.783,-6.579701636164242,5.462184415199899
4856.803,-6.57222448625364,5.46052757243313
4856.823,-6.566342585718912,5.4591653610378845
4856.843,-6.562204556595133,5.457830648210595
4856.863,-6.559347810542258,5.45657366917289
4856.883,-6.557643477151784,5.455332945063148
4856.903,-6.556966654211497,5.453879581084159
4856.923,-6.557099249051643,5.451935207082267
4856.943,-6.557948671531539,5.4495055189646795
4856.963,-6.559013416662492,5.44702547084382
4856.983,-6.560123398894545,5.444564845827311
4857.003,-6.5612775054951795,5.442124589610111
4857.023,-6.562475341990389,5.439705501065843
4857.043,-6.563716519632323,5.4373083632035275
4857.063,-6.565000636165259,5.434933951729821
4857.083,-6.566327275674766,5.432583034904845
4857.103,-6.567696008663063,5.430256373332584
4857.123,-6.569106392150438,5.4279547197423295
4857.143,-6.570557969793294,5.425678818765776
4857.163,-6.572050272013877,5.4234294067126
4857.183,-6.573582816138607,5.4212072113461485
4857.203,-6.575155106542883,5.419012951660311
4857.223,-6.576766634801124,5.416847337658166
4857.243,-6.57841687984113,5.414711070132728
4857.263,-6.580105308102263,5.412604840449986
4857.283,-6.581831373697079,5.4105293303342785
4857.303,-6.583594518576272,5.408485211655985
4857.323,-6.585394172696824,5.4064731462215265
4857.343,-6.5872297541933635,5.40449378556553
4857.363,-6.589100669552846,5.402547770745154
4857.383,-6.591006313792588,5.400635732136409
4857.403,-6.5929460706418945,5.398758289232475
4857.423,-6.594919312727407,5.396916050443913
4857.443,-6.596925401762399,5.395109612900771
4857.463,-6.598963688740224,5.393339562256565
4857.483,-6.601033514132127,5.391606472494229
4857.503,-6.603134208089649,5.389910905734066
4857.523,-6.605265090651761,5.3882534120438645
4857.543,-6.6074254719569465,5.386634529251356
4857.563,-6.609614652460295,5.385054782759199
4857.583,-6.61183192315574,5.3835146853627815
4857.603,-6.614076565803421,5.382014737071095
4857.623,-6.616347853162158,5.380555424931007
4857.643,-6.618645049226989,5.379137222855259
4857.663,-6.620967409471561,5.377760591454535
4857.683,-6.623314181095263,5.37642597787391
4857.703,-6.625684603274795,5.3751338156340465
4857.723,-6.628077907419932,5.373884524477406
4857.743,-6.630493317433144,5.372678510219802
4857.763,-6.632930049972742,5.371516164607515
4857.783,-6.6353873147191855,5.370397865180184
4857.803,-6.6378643146441725,5.369323975139682
4857.823,-6.640360246282181,5.368294843225061
4857.843,-6.642874300004071,5.3673108035936865
4857.863,-6.644751931348629,5.3645988038403685
4857.883,-6.645472183762094,5.358812298702574
4857.903,-6.645015555034687,5.351639574718953
4857.923,-6.643360114873673,5.343360968206595
4857.943,-6.640563578586053,5.334052112646624
4857.963,-6.637521576926614,5.324525156442177
4857.983,-6.634556689421654,5.314662933601949
4858.003,-6.631593556119497,5.3046944753061815
4858.023,-6.628576807210518,5.295126338229331
4858.043,-6.625551127963819,5.285588790599551
4858.063,-6.622523352712123,5.276052030900219
4858.083,-6.619492757371391,5.26652254574216
4858.103,-6.616461603851839,5.256993424355536
4858.123,-6.613430468949019,5.247464298145689
4858.143,-6.610399345787779,5.23793516734052
4858.163,-6.607368234251529,5.228406031965373
4858.183,-6.604337134287196,5.218876892053788
4858.203,-6.601306045845031,5.209347747646599
4858.223,-6.598274968878205,5.199818598791618
4858.243,-6.595243903342924,5.190289445543286
4858.263,-6.592212849198572,5.18076028796225
4858.283,-6.589181806407803,5.171231126114864
4858.303,-6.58615077493664,5.161701960072641
4858.323,-6.583119754754529,5.1521727899116305
4858.343,-6.5800887458343995,5.142643615711767
4858.363,-6.577057748152684,5.133114437556156
4858.383,-6.5740267616893275,5.12358525553033
4858.403,-6.570995786427759,5.114056069721489
4858.423,-6.567964822354851,5.104526880217692
4858.443,-6.564933869460851,5.094997687107069
4858.463,-6.56190292773929,5.085468490476998
4858.483,-6.558871997186858,5.075939290413306
4858.503,-6.555841077803286,5.06641008699948
4858.523,-6.552810169591159,5.056880880315885
4858.543,-6.549779272555757,5.04735167043903
4858.563,-6.546748386704843,5.037822457440853
4858.583,-6.543717512048451,5.028293241388057
4858.603,-6.540686648598649,5.01876402234149
4858.623,-6.537655796369294,5.009234800355588
4858.643,-6.5346249553757785,4.99970557547788
4858.663,-6.531594123995982,4.990176344683231
4858.683,-6.52856435896175,4.98064289628101
4858.703,-6.525536702107779,4.971104089824235
4858.723,-6.52250949055437,4.961569535429662
4858.743,-6.519479238227409,4.95204012776233
4858.763,-6.51644899450339,4.942510718162803
4858.783,-6.513419012339255,4.932980220946407
4858.803,-6.510391628808864,4.92344344317211
4858.823,-6.507362851991926,4.913908405303307
4858.843,-6.504333678854852,4.904374637205126
4858.863,-6.501309032886408,4.894835332827891
4858.883,-6.498283666038651,4.885296762151721
4858.903,-6.495254541757686,4.875763497562188
4858.923,-6.492228838005768,4.866223475901228
4858.943,-6.489201183518444,4.856687707325178
4858.963,-6.486173692328642,4.847151936044881
4858.983,-6.483146439532933,4.837616086560732
4859.003,-6.480119412401597,4.828080165470637
4859.023,-6.477092384422719,4.818543744862201
4859.043,-6.474066481452995,4.80900720620419
4859.063,-6.471040252464421,4.799470716220847
4859.083,-6.468016676442244,4.789931038832749
4859.103,-6.464991592371982,4.780397562567643
4859.123,-6.461968255994212,4.770859124791942
4859.143,-6.4594417809744655,4.761870010544279
4859.163,-6.457778046107729,4.754196877411639
4859.183,-6.4566335549526235,4.748221036035808
4859.203,-6.456013570046369,4.743995806908306
4859.223,-6.455957014883845,4.740850170985944
4859.243,-6.456643330500679,4.738357663545106
4859.263,-6.458066356230934,4.736525169449401
4859.283,-6.4602047979293475,4.735364199520432
4859.303,-6.462817897568779,4.734684771796436
4859.323,-6.465442905031513,4.734054583592159
4859.343,-6.468078930050481,4.733471756556496
4859.363,-6.470725026687889,4.732936467925827
4859.383,-6.473380335809591,4.732448891685819
4859.403,-6.476043996048609,4.732009186455138
4859.423,-6.478715143357514,4.731617495250509
4859.443,-6.481392911294176,4.731273945440075
4859.463,-6.484076431312945,4.730978648705357
4859.483,-6.486764833055209,4.730731701009271
4859.503,-6.4894572446391665,4.730533182570029
4859.523,-6.4921527929488425,4.730383157840788
4859.543,-6.494850603922247,4.730281675494892
4859.563,-6.497549802838731,4.730228768416585
4859.583,-6.500248258870078,4.730221663157696
4859.603,-6.502944034612747,4.730253633726826
4859.623,-6.505638354016835,4.730332002659792
4859.643,-6.508330707918263,4.730458944299531
4859.663,-6.5110203863493235,4.730636297931719
4859.683,-6.5137057787079256,4.730859921674328
4859.703,-6.516386609567916,4.731131964975326
4859.723,-6.519062167835931,4.731454192174966
4859.743,-6.521730885160874,4.731822426942001
4859.763,-6.5243924749422,4.732238776952728
4859.783,-6.527046147187968,4.732704950389633
4859.803,-6.529690480220077,4.7332167366939775
4859.823,-6.532325129374608,4.733776192190563
4859.843,-6.534949262808375,4.734384964156068
4859.863,-6.537561569525101,4.7350388226989715
4859.883,-6.540161660415728,4.735739768555441
4859.903,-6.5427486687323455,4.736489381781034
4859.923,-6.545321392065225,4.737283423926579
4859.943,-6.547879399115908,4.738123837090901
4859.963,-6.55042179651571,4.739012127994861
4859.983,-6.552947486283418,4.739944060503645
4860.003,-6.555456349470232,4.740925322558688
4860.023,-6.5586750068700015,4.740225353230253
4860.043,-6.563141513011238,4.736484036556191
4860.063,-6.567691560756988,4.730924557359265
4860.083,-6.572116695205608,4.723738903079067
4860.103,-6.576407974648417,4.715020273836912
4860.123,-6.580667129651528,4.705971791412187
4860.143,-6.584928198402644,4.696620739002012
4860.163,-6.589206733529591,4.687138978829333
4860.183,-6.59346338511543,4.6780321885022405
4860.203,-6.597717141644309,4.668959997908003
4860.223,-6.601969666730618,4.659890406696498
4860.243,-6.606221990380905,4.650820607453867
4860.263,-6.61047413154112,4.641750708558895
4860.283,-6.614726089990683,4.632680722682528
4860.303,-6.618977865671661,4.623610650791792
4860.323,-6.623229458523221,4.614540492976278
4860.343,-6.627480868488333,4.605470249273153
4860.363,-6.631732095515256,4.5963999197186505
4860.383,-6.635983139090995,4.587329504551581
4860.403,-6.640233989707805,4.578259011537149
4860.423,-6.644484162887878,4.569200276277383
4860.443,-6.648733686207204,4.560141011151885
4860.463,-6.652983287939323,4.551085452960871
4860.483,-6.657232799725408,4.542029847055999
4860.503,-6.661482182831739,4.532974182128586
4860.523,-6.665731432973243,4.523918456363217
4860.543,-6.669980549208497,4.514862669122975
4860.563,-6.67422953113281,4.505806820025576
4860.583,-6.67847837848702,4.496750908795764
4860.603,-6.682727091088507,4.487694935227957
4860.623,-6.686976204873446,4.478640164651531
4860.643,-6.691225758613704,4.469587533898458
4860.663,-6.695473823771181,4.460532032040104
4860.683,-6.699722692353751,4.451480045219771
4860.703,-6.703971552029324,4.4424280542373715
4860.723,-6.708220401840056,4.433376058134882
4860.743,-6.712469241835785,4.424324056863168
4860.763,-6.716718072074027,4.415272050386545
4860.783,-6.720414219800911,4.406792522555989
4860.803,-6.7228476716431755,4.399679778154749
4860.823,-6.724815767666814,4.3941371853259
4860.843,-6.726709817356982,4.390366252492913
4860.863,-6.728578423436423,4.387868584986535
4860.883,-6.730585015577144,4.386500285767613
4860.903,-6.732858380188607,4.386136444839705
4860.923,-6.735208384957815,4.3867451624983405
4860.943,-6.737575188942009,4.388021692937515
4860.963,-6.739918497951744,4.389360029285948
4860.983,-6.742237647191912,4.390741293946222
4861.003,-6.74453156749606,4.392164088348298
4861.023,-6.746799509368471,4.393627934340195
4861.043,-6.749040739024903,4.39513235720611
4861.063,-6.751254531493303,4.396676869641858
4861.083,-6.7534401707459715,4.398260971649277
4861.103,-6.75559694988706,4.3998841506244055
4861.123,-6.757724171349566,4.401545881473774
4861.143,-6.759821147097115,4.403245626748787
4861.163,-6.761887198827791,4.40498283679273
4861.183,-6.763921658178279,4.4067569498968195
4861.203,-6.765923866927318,4.408567392463127
4861.223,-6.7678931771979025,4.410413579172916
4861.243,-6.7698289516578765,4.41229491315959
4861.263,-6.771730563718825,4.414210786185751
4861.283,-6.773597397733131,4.416160578824153
4861.303,-6.775428849189215,4.418143660642475
4861.323,-6.777224324904948,4.420159390391952
4861.343,-6.778983243219214,4.422207116199981
4861.363,-6.78070503418161,4.424286175766878
4861.383,-6.782389139740208,4.426395896566917
4861.403,-6.784035013927293,4.428535596053884
4861.423,-6.7856421230429245,4.430704581871272
4861.443,-6.787209945836168,4.432902152067289
4861.463,-6.788737973683765,4.435127595314765
4861.483,-6.790225710765979,4.437380191136046
4861.503,-6.791672674239373,4.439659210132876
4861.523,-6.793078394406166,4.441963914221247
4861.543,-6.794442414879886,4.444293556871111
4861.563,-6.795764292746983,4.446647383350838
4861.583,-6.797043598724047,4.449024630976203
4861.603,-6.7982799173103725,4.45142452936368
4861.623,-6.799472846935514,4.45384630068779
4861.643,-6.800622000101616,4.456289159942124
4861.663,-6.801727003520224,4.458752315203828
4861.683,-6.80278749824342,4.4612349679010945
4861.703,-6.803803139789086,4.463736313083394
4861.723,-6.804773598260183,4.4662555396940595
4861.743,-6.805698558457943,4.4687918308449275
4861.763,-6.8065777199889475,4.471344364092688
4861.783,-6.807410797366061,4.473912311716683
4861.803,-6.808197520103223,4.476494840997873
4861.823,-6.808937632804169,4.479091114498746
4861.843,-6.8096308952451094,4.481700290343966
4861.863,-6.810277082451482,4.48432152250157
4861.883,-6.81271950882019,4.486538252908738
4861.903,-6.818361647400281,4.488010295586301
4861.923,-6.825532259906985,4.488497190656179
4861.943,-6.8339562602528225,4.487940465512351
4861.963,-6.843551119259723,4.48638735962931
4861.983,-6.853394466663984,4.484619372799626
4862.003,-6.863589895963257,4.483009536463096
4862.023,-6.8738850516860825,4.481422719350213
4862.043,-6.883760397035411,4.479711136979518
4862.063,-6.8936164081902405,4.477973748453447
4862.083,-6.903473164928546,4.476228632982209
4862.103,-6.913324745461677,4.474481778585347
4862.123,-6.923181287076558,4.472739142906179
4862.143,-6.933029010154787,4.470992699761127
4862.163,-6.942878271735136,4.469245109777986
4862.183,-6.952727700289926,4.467498357061283
4862.203,-6.962578011377117,4.46575283219137
4862.223,-6.972423213696807,4.46400201975512
4862.243,-6.982268409560583,4.462251331322674
4862.263,-6.992113607450247,4.460500657396071
4862.283,-7.001958807512925,4.458749996921984
4862.303,-7.011804009776575,4.456999349822391
4862.323,-7.021649214269111,4.455248716032742
4862.343,-7.03149442101969,4.453498095493653
4862.363,-7.041339630058465,4.451747488151236
4862.383,-7.051187714174594,4.449998675165467
4862.403,-7.0610368131569,4.44825192492948
4862.423,-7.070886643294459,4.446504700792523
4862.443,-7.0807342220598075,4.444755654011304
4862.463,-7.090583855201375,4.443008159548321
4862.483,-7.100434073950427,4.441260784262442
4862.503,-7.110285995623916,4.439513781109456
4862.523,-7.12013796729848,4.4377669023794315
4862.543,-7.129989986428527,4.436020268218852
4862.563,-7.13984205265351,4.434273888131396
4862.583,-7.149694164940669,4.432527762978262
4862.603,-7.159546322231512,4.4307818923046245
4862.623,-7.1693985232143485,4.42903627514778
4862.643,-7.179250766260204,4.427290910149897
4862.663,-7.189103048362117,4.425545794349381
4862.683,-7.198955364359137,4.4238009229600355
4862.703,-7.208807703077535,4.422056283317933
4862.723,-7.2186581259893865,4.420310947164705
4862.743,-7.22850398257093,4.418563914881033
4862.763,-7.238349853295861,4.41681699953865
4862.783,-7.248195726770319,4.415070098860843
4862.803,-7.258041602885184,4.413323211954314
4862.823,-7.2678874816292085,4.411576338858379
4862.843,-7.277733362989283,4.409829479621328
4862.863,-7.287579246949662,4.408082634291091
4862.883,-7.297425133492146,4.4063358029145006
4862.903,-7.307271022596275,4.404588985536642
4862.923,-7.317116914239551,4.40284218220025
4862.943,-7.326962808397684,4.401095392945135
4862.963,-7.336808705044848,4.399348617807617
4862.983,-7.346654604153958,4.3976018568200494
4863.003,-7.356500505696953,4.395855110010355
4863.023,-7.3663464096450895,4.394108377401625
4863.043,-7.376192315969244,4.392361659011768
4863.063,-7.386038224640216,4.390614954853231
4863.083,-7.395288923644002,4.389316807503156
4863.103,-7.403148984553263,4.388548028007114
4863.123,-7.409349161840726,4.387881567158454
4863.143,-7.413903452645657,4.387408813803435
4863.163,-7.417613270009633,4.38651471533407
4863.183,-7.42045425296261,4.385328565212169
4863.203,-7.422370197720356,4.383993732122683
4863.223,-7.423710539225908,4.382023142092628
4863.243,-7.42434593927843,4.3796221164117215
4863.263,-7.424343104989258,4.376945888716621
4863.283,-7.4239093165895,4.374169378661031
4863.303,-7.4234464231048936,4.371387292257544
4863.323,-7.422974464369709,4.368521408151024
4863.343,-7.422445368326345,4.365655958275876
4863.363,-7.421811991788006,4.362881132428467
4863.383,-7.421184126300577,4.360032293280247
4863.403,-7.420499091013842,4.357173318747528
4863.423,-7.419759140714157,4.354334989094014
4863.443,-7.418987283726268,4.35150591912315
4863.463,-7.4181541514518985,4.348667665314613
4863.483,-7.417194912681551,4.345966372111336
4863.503,-7.4161584534981015,4.343317076438519
4863.523,-7.415141508508141,4.340588064849322
4863.543,-7.414076502558853,4.337873757991358
4863.563,-7.412942756486637,4.335188329547844
4863.583,-7.411731578756867,4.332543402704459
4863.603,-7.4104811142592055,4.329933073630333
4863.623,-7.409211803425729,4.327322709921681
4863.643,-7.407846536554319,4.324813296448521
4863.663,-7.406332750739381,4.322540891033559
4863.683,-7.40491397914541,4.320098822792652
4863.703,-7.403410992149384,4.317629419831268
4863.723,-7.4018667184522124,4.315202946817183
4863.743,-7.40025435570595,4.312795406024216
4863.763,-7.398481207801812,4.310761086098103
4863.783,-7.39667119494656,4.308758301968137
4863.803,-7.394825424029712,4.306788405979594
4863.823,-7.3929444958064545,4.304852040882204
4863.843,-7.391029018422216,4.302949833338582
4863.863,-7.3890796111754256,4.301082399029251
4863.883,-7.38709690436672,4.299250342504425
4863.903,-7.385081539111598,4.297454256992446
4863.923,-7.383034167149125,4.295694724209509
4863.943,-7.380955450646736,4.293972314171102
4863.963,-7.378846062000827,4.292287585005173
4863.983,-7.376706683632992,4.29064108276713
4864.003,-7.374538007781587,4.289033341256762
4864.023,-7.372340736288484,4.2874648818372805
4864.043,-7.37011558038086,4.285936213256686
4864.063,-7.367863260447879,4.284447831471708
4864.083,-7.365584505812237,4.283000219474626
4864.103,-7.363280054496563,4.281593847123263
4864.123,-7.360950652984741,4.280229170974521
4864.143,-7.358597055978242,4.278906634121775
4864.163,-7.356220026147692,4.277626666036519
4864.183,-7.3538203338798445,4.276389682414567
4864.203,-7.351398757020285,4.275196085027161
4864.223,-7.348956080612122,4.27404626157727
4864.243,-7.346493096631066,4.272940585561374
4864.263,-7.3440106037172095,4.271879416136955
4864.283,-7.341509406903883,4.27086309799588
4864.303,-7.338990317343988,4.26989196124384
4864.323,-7.336454152034136,4.268966321285964
4864.343,-7.3339017335369485,4.2680864787186374
4864.363,-7.331333889701857,4.267252719227615
4864.383,-7.328751453384678,4.266465313492352
4864.403,-7.326155262166235,4.26572451709658
4864.423,-7.3240257516671425,4.263210818026579
4864.443,-7.322756320039708,4.257524495456967
4864.463,-7.32252654131173,4.250344378705373
4864.483,-7.32338510769975,4.2419495629790305
4864.503,-7.325282852430421,4.232419609103242
4864.523,-7.327406427065586,4.222646822640167
4864.543,-7.329396284873578,4.212530296612826
4864.563,-7.3313803441506025,4.202359366294681
4864.583,-7.333481327464987,4.19256487266804
4864.603,-7.335590911946676,4.182784021456218
4864.623,-7.337700753999449,4.17300363594366
4864.643,-7.339810442754473,4.163223200672348
4864.663,-7.341919905505259,4.153442711309506
4864.683,-7.344029130444907,4.14366216802514
4864.703,-7.346138115438108,4.133881571223274
4864.723,-7.348246860070053,4.124100921344482
4864.743,-7.350355364371246,4.1143202187573165
4864.763,-7.352463628521027,4.1045394638104025
4864.783,-7.354571652752846,4.094758656838604
4864.803,-7.3566794373234465,4.084977798167186
4864.823,-7.358786982536793,4.075196888120493
4864.843,-7.360894288874199,4.065415927102324
4864.863,-7.363001356540662,4.055634915450742
4864.883,-7.36510818598031,4.045853853510574
4864.903,-7.367214777022227,4.036072741333762
4864.923,-7.3693211303835096,4.026291579260066
4864.943,-7.371427246843934,4.016510367895924
4864.963,-7.37353312727228,4.006729108301746
4864.983,-7.375638771789608,3.9969478005576127
4865.003,-7.377744182596297,3.987166446315607
4865.023,-7.379850139435286,3.9773869444969003
4865.043,-7.381957560399374,3.9676119047897616
4865.063,-7.384064874305924,3.9578368428083994
4865.083,-7.38617217400173,3.948061777916704
4865.103,-7.388279460347328,3.93828671033929
4865.123,-7.390386733355578,3.9285116401132294
4865.143,-7.392493993025393,3.9187365672695402
4865.163,-7.394601239349738,3.9089614918347433
4865.183,-7.396708097194305,3.899184754054845
4865.203,-7.398812207447617,3.8894049225690956
4865.223,-7.400503037079252,3.8801318245301317
4865.243,-7.401598613027544,3.872210232089931
4865.263,-7.402300145443585,3.866003506125856
4865.283,-7.40269955111172,3.8615547977769724
4865.303,-7.4026296277531305,3.8580531826951936
4865.323,-7.401973601207652,3.85510026646696
4865.343,-7.40072111064992,3.8526582854331424
4865.363,-7.398915594402428,3.850799241327143
4865.383,-7.396529168809679,3.84944844536112
4865.403,-7.393701004087703,3.84851491886606
4865.423,-7.39092227980113,3.847945114615041
4865.443,-7.388238967618534,3.8476519991169478
4865.463,-7.385550299215781,3.847407184352954
4865.483,-7.382857665626817,3.8472108044706084
4865.503,-7.380161943720521,3.847062923007963
4865.523,-7.377464006898225,3.8469635873594714
4865.543,-7.374764729174443,3.846912829184671
4865.563,-7.372066745283942,3.846907868439125
4865.583,-7.369371877664242,3.8469403412586693
4865.603,-7.366677097040683,3.847022984077477
4865.623,-7.363984884035095,3.847152033860301
4865.643,-7.36129550431635,3.8473295838036257
4865.663,-7.358609766046563,3.8475575035662333
4865.683,-7.35592917845671,3.8478316582595204
4865.703,-7.35325398607134,3.84815409675915
4865.723,-7.350585064666573,3.8485266450124223
4865.743,-7.347923824069803,3.848945116646348
4865.763,-7.3452705751415985,3.849411518683549
4865.783,-7.342626194404282,3.849927602920722
4865.803,-7.339992005785763,3.8504891656254228
4865.823,-7.337368359685976,3.8510981745496062
4865.843,-7.3347561604602385,3.8517563052547925
4865.863,-7.332156638740261,3.8524593387330532
4865.883,-7.329570182156349,3.8532091962175103
4865.903,-7.326997720383842,3.854007474383812
4865.923,-7.32444038795765,3.854849950366419
4865.943,-7.32189642308833,3.8557521759331683
4865.963,-7.319368834830621,3.8567001089243207
4865.983,-7.316858724651764,3.8576933757724765
4866.003,-7.314366907214379,3.8587316536248917
4866.023,-7.311894188958507,3.8598146056541904
4866.043,-7.309441370028264,3.8609418806432876
4866.063,-7.307009244041918,3.8621131130999946
4866.083,-7.304598597844365,3.86332792338054
4866.103,-7.302210211261894,3.8645859178170245
4866.123,-7.299844856859523,3.865886688848623
4866.143,-7.297503299700984,3.867229815156452
4866.163,-7.295186297111447,3.868614861801991
4866.183,-7.292894598443063,3.870041380368911
4866.203,-7.290628944843393,3.871508909108226
4866.223,-7.288390069026714,3.8730169730866155
4866.243,-7.2861786950482745,3.874565084337831
4866.263,-7.283995538081467,3.8761527420170596
4866.283,-7.281841304197922,3.8777794325581687
4866.303,-7.279716690150435,3.879444629833754
4866.323,-7.2776223831587314,3.881147795317938
4866.343,-7.275559060697921,3.8828883782518933
4866.363,-7.273527390289592,3.8846658158121015
4866.383,-7.271528029295427,3.886479533281373
4866.403,-7.26956162471322,3.8883289442227
4866.423,-7.267628812975182,3.8902134506560473
4866.443,-7.26573021974843,3.892132443238201
4866.463,-7.263866459737576,3.8940853014458487
4866.483,-7.262038136489294,3.8960713937620794
4866.503,-7.26024584219887,3.898090077866492
4866.523,-7.258490157518649,3.900140700829139
4866.543,-7.256771651368443,3.9022225993085335
4866.563,-7.253615545263653,3.903166823585209
4866.583,-7.247896862173238,3.9020519679749155
4866.603,-7.241225656060376,3.8993861903328084
4866.623,-7.233877382549471,3.8952366546685004
4866.643,-7.225905386808149,3.889680491731
4866.663,-7.217801574788139,3.8838202576501324
4866.683,-7.209452354918047,3.8778570188547126
4866.703,-7.2009629043066115,3.87182430386868
4866.723,-7.192815123396885,3.8659491283793783
4866.743,-7.184698583239993,3.8600889664829756
4866.763,-7.176589765674386,3.8542310278386647
4866.783,-7.1684804945715115,3.848374647917325
4866.803,-7.160371212028399,3.8425182984182173
4866.823,-7.152261858073022,3.8366620502166193
4866.843,-7.144152430947852,3.8308059086923762
4866.863,-7.136042931987809,3.8249498741523102
4866.883,-7.127933362561154,3.8190939464984432
4866.903,-7.119823724772483,3.813238124959465
4866.923,-7.111714021852161,3.807382408687045
4866.943,-7.103604257560921,3.801526796839116
4866.963,-7.09549443564314,3.7956712890007136
4866.983,-7.087384562370481,3.789815883525114
4867.003,-7.079274645475036,3.7839605794035682
4867.023,-7.071165435356084,3.778105417222701
4867.043,-7.063059198409771,3.7722505309942616
4867.063,-7.054952880517254,3.766395720987044
4867.083,-7.046846559302255,3.760540915592706
4867.103,-7.039271174495232,3.7552075235604137
4867.123,-7.032935051920902,3.7510713763855756
4867.143,-7.028180603394588,3.7481844722490214
4867.163,-7.0247641450599945,3.7462578639222963
4867.183,-7.021736604367565,3.7452958174565283
4867.203,-7.018910074015918,3.745139328321729
4867.223,-7.0163379315093515,3.745787558368502
4867.243,-7.014044606319831,3.7472382173534466
4867.263,-7.012071853146895,3.7493943035290958
4867.283,-7.010649207035142,3.751693449635099
4867.303,-7.009278813700267,3.7540193101346793
4867.323,-7.007950471360863,3.7563694937321577
4867.343,-7.00666463421601,3.758743214071489
4867.363,-7.00542171966476,3.761139702290631
4867.383,-7.0042221310650055,3.763558182223478
4867.403,-7.003066257788971,3.765997870453503
4867.423,-7.001954475083949,3.7684579765715305
4867.443,-7.000887143936316,3.770937703439116
4867.463,-6.999864610940924,3.773436247455608
4867.483,-6.998887208176131,3.7759527988285524
4867.503,-6.99795525308463,3.778486541847052
4867.523,-6.99706904836031,3.781036655157712
4867.543,-6.9962288818412475,3.783602312042806
4867.563,-6.99543502640889,3.7861826807003416
4867.583,-6.99468773989351,3.7887769245256546
4867.603,-6.993987264985942,3.791384202394257
4867.623,-6.993333829155549,3.794003668945679
4867.643,-6.992727644574415,3.7966344748680108
4867.663,-6.99216890804766,3.7992757671829986
4867.683,-6.991657800949835,3.801926689531462
4867.703,-6.991194489167265,3.804586382458911
4867.723,-6.990779123046268,3.8072539837012256
4867.743,-6.990411837347128,3.8099286284703062
4867.763,-6.990092751203748,3.8126094497396092
4867.783,-6.989821968088847,3.8152955785295117
4867.803,-6.9895995757846405,3.8179861441924583
4867.823,-6.989425646358899,3.820680274697843
4867.843,-6.989300236146321,3.823377096916614
4867.863,-6.9873421316095365,3.826026223018485
4867.883,-6.982098657830987,3.828566234968056
4867.903,-6.9751627639983145,3.8304369472144977
4867.923,-6.966794894128035,3.8315269866937527
4867.943,-6.95708377544222,3.831865936142204
4867.963,-6.9470844344402485,3.832040724747418
4867.983,-6.936733581251302,3.832130062243767
4868.003,-6.926295734828189,3.8322776774045635
4868.023,-6.9162823555400355,3.832437660219258
4868.043,-6.906279294273649,3.8326063611781103
4868.063,-6.896281121570044,3.832779520696107
4868.083,-6.886282943576204,3.8329526579798414
4868.103,-6.876284764447791,3.8331257790629185
4868.123,-6.866286584250196,3.8332988840065405
4868.143,-6.8562884030127496,3.8334719728297553
4868.163,-6.846290220772571,3.8336450455513513
4868.183,-6.836292037574645,3.8338181021899693
4868.203,-6.826293853471344,3.8339911427639475
4868.223,-6.816295668521863,3.834164167291176
4868.243,-6.80629748279161,3.8343371757889413
4868.263,-6.7962992963515125,3.8345101682737797
4868.283,-6.786301109277286,3.834683144761337
4868.303,-6.776302921648657,3.8348561052662418
4868.323,-6.766304733548529,3.8350290498019772
4868.343,-6.756306545062147,3.83520197838077
4868.363,-6.746308356276207,3.8353748910134846
4868.383,-6.7363101672779795,3.8355477877095363
4868.403,-6.726310624484595,3.8357198114338034
4868.423,-6.7163042603276795,3.8358843450175004
4868.443,-6.70629362211029,3.8360449151408806
4868.463,-6.696282995308733,3.836205817599231
4868.483,-6.686269371780132,3.8363640919408204
4868.503,-6.676255904986689,3.8365209713071646
4868.523,-6.666243035548983,3.8366782181157917
4868.543,-6.6562322836332894,3.8368372007006086
4868.563,-6.646218092513009,3.8369915942618666
4868.583,-6.63620560156031,3.8371459340827627
4868.603,-6.6262058131850265,3.8373127509159453
4868.623,-6.616207541694968,3.8374805946431145
4868.643,-6.606209272481263,3.837648417796836
4868.663,-6.596211003969617,3.8378162248728107
4868.683,-6.586212736145385,3.8379840159026855
4868.703,-6.576214469002371,3.8381517908760032
4868.723,-6.5662126198050785,3.8383151839149816
4868.743,-6.556209914805728,3.838478378537453
4868.763,-6.546207651323101,3.8386401943061004
4868.783,-6.536207049686233,3.8388029572606928
4868.803,-6.526203914452591,3.83896541056243
4868.823,-6.516203026293106,3.8391286722668823
4868.843,-6.506199826862607,3.8392897022624437
4868.863,-6.496192983391071,3.8394484915021643
4868.883,-6.4861886393536015,3.839608967258479
4868.903,-6.476183548837301,3.8397673087878688
4868.923,-6.466177987298727,3.8399243754487453
4868.943,-6.456171199363696,3.8400820319604514
4868.963,-6.446166869817523,3.840241372320729
4868.983,-6.43616177341964,3.840398726570167
4869.003,-6.426156225810418,3.840554723823711
4869.023,-6.416149485408911,3.8407111184919542
4869.043,-6.406145175754944,3.840869192742868
4869.063,-6.396138217341022,3.8410243746893666
4869.083,-6.3861319020046485,3.8411794340277168
4869.103,-6.3761295026718185,3.841335805128008
4869.123,-6.366131590231467,3.8414974824850794
4869.143,-6.356133245822956,3.8416602452556026
4869.163,-6.346134898739685,3.8418229808364397
4869.183,-6.336136550811661,3.841985699975661
4869.203,-6.326138202000537,3.842148402780078
4869.223,-6.316139852255623,3.842311089265199
4869.243,-6.3061415015343165,3.842473759446728
4869.263,-6.296143149802654,3.8426364133412867
4869.283,-6.286144797035581,3.8427990509663355
4869.303,-6.276146443217109,3.8429616723400657
4869.323,-6.266148088340415,3.843124277481294
4869.343,-6.256149732407822,3.843286866409324
4869.363,-6.246151375430733,3.8434494391438285
4869.383,-6.236153017429435,3.8436119957046997
4869.403,-6.226154658432845,3.8437745361119116
4869.423,-6.216156298478167,3.8439370603853593
4869.443,-6.206157937610467,3.8440995685447246
4869.463,-6.19615957588217,3.8442620606093088
4869.483,-6.18616121335249,3.84442453659789
4869.503,-6.1761628500868015,3.8445869965285784
4869.523,-6.166164486155932,3.8447494404186666
4869.543,-6.156166121635426,3.8449118682844974
4869.563,-6.146167756604745,3.845074280141331
4869.583,-6.1361693911464466,3.8452366760032293
4869.603,-6.126171025345316,3.845399055882938
4869.623,-6.116172659287498,3.8455614197917964
4869.643,-6.1061742930596,3.8457237677396425
4869.663,-6.096175926747799,3.84588609973475
4869.683,-6.086177560436958,3.8460484157837564
4869.703,-6.076179194209755,3.8462107158916314
4869.723,-6.066180828145825,3.8463730000616443
4869.743,-6.056182462320944,3.846535268295347
4869.763,-6.0461840968062575,3.846697520592585
4869.783,-6.036185731667544,3.846859756951509
4869.803,-6.026177593097962,3.8470130886902534
4869.823,-6.016172288966547,3.8471676582642633
4869.843,-6.006166872394685,3.8473219853621416
4869.863,-5.996161436881489,3.8474756272119928
4869.883,-5.98615240489566,3.84762706567918
4869.903,-5.976153758534285,3.8477866930116447
4869.923,-5.966155364825749,3.8479468059361714
4869.943,-5.956155263462711,3.8481052190942084
4869.963,-5.946153575798588,3.8482614641428636
4869.983,-5.936151316643947,3.848416656048632
4870.003,-5.9261485218664856,3.8485711894801713
4870.023,-5.916145183482346,3.8487245357870408
4870.043,-5.9061446294658575,3.848879217974929
4870.063,-5.896141205380251,3.8490334317168258
4870.083,-5.886141642403935,3.849190405774069
4870.103,-5.876135512051943,3.849341975988134
4870.123,-5.866131168194298,3.8494942803698855
4870.143,-5.856125519757483,3.8496450658802304
4870.163,-5.846120720201553,3.849795043367204
4870.183,-5.836113165968069,3.849944713823212
4870.203,-5.826108867929329,3.850095865725548
4870.223,-5.816103240285081,3.8502456138932906
4870.243,-5.806098439867976,3.850394615176542
4870.263,-5.796090896121139,3.8505431378720556
4870.283,-5.78608663901303,3.8506930086660787
4870.303,-5.776081046621787,3.850841503795735
4870.323,-5.766075731782408,3.8509895640050713
4870.343,-5.7567043968663345,3.8510547685744063
4870.363,-5.748716681412008,3.8510698734404083
4870.383,-5.7424540176920145,3.8510776805946785
4870.403,-5.737830564369433,3.851036718197717
4870.423,-5.734094851441854,3.8506144539991314
4870.443,-5.731104472556204,3.849739664018113
4870.463,-5.728864739663014,3.8484114019847864
4870.483,-5.727380891964669,3.846624997818307
4870.503,-5.726671408624741,3.844407178174223
4870.523,-5.726678393009624,3.841774044424031
4870.543,-5.7268254273894135,3.839082756250695
4870.563,-5.727026791676551,3.8363906767080667
4870.583,-5.7272766039432135,3.833702634326093
4870.603,-5.727574756103249,3.831019531738244
4870.623,-5.727921150794235,3.828342238670767
4870.643,-5.726454636067774,3.8253925798770263
4870.663,-5.721734045084691,3.8219774473681674
4870.683,-5.715230281368046,3.8189264206642424
4870.703,-5.707180363835014,3.816394506459176
4870.723,-5.697676895578698,3.814367972188829
4870.743,-5.687861135466216,3.8124528393911956
4870.763,-5.6776996439906835,3.8106835549696823
4870.783,-5.667467426862043,3.808929742693651
4870.803,-5.657641827519576,3.8070332393184425
4870.823,-5.647825154072287,3.8051290081912446
4870.843,-5.638008492474345,3.8032248046246044
4870.863,-5.628191828012535,3.801320614825337
4870.883,-5.6183751605075605,3.799416438686132
4870.903,-5.608558489945874,3.7975122762382045
4870.923,-5.5987418163199925,3.795608127518576
4870.943,-5.5889251396267765,3.793703992568238
4870.963,-5.5791084598674185,3.7917998714315746
4870.983,-5.569291777047399,3.78989576415577
4871.003,-5.55947509117641,3.787991670790206
4871.023,-5.549658402268234,3.7860875913858405
4871.043,-5.539841710340578,3.7841835259945764
4871.063,-5.530025015414888,3.7822794746686217
4871.083,-5.520208317516108,3.78037543745987
4871.103,-5.510391616672404,3.778471414419266
4871.123,-5.5005749129148835,3.776567405596207
4871.143,-5.490758206277248,3.7746634110379524
4871.163,-5.480941496795449,3.7727594307890646
4871.183,-5.471124784507319,3.7708554648908836
4871.203,-5.46130806945217,3.7689515133810305
4871.223,-5.451491351670393,3.7670475762929594
4871.243,-5.441674631203037,3.765143653655553
4871.263,-5.431857908091388,3.7632397454927617
4871.283,-5.422041182376548,3.7613358518233126
4871.303,-5.41222445409901,3.7594319726604506
4871.323,-5.402407723298246,3.7575281080117517
4871.343,-5.392590990012297,3.7556242578790027
4871.363,-5.3827742542773915,3.753720422258117
4871.383,-5.372957516127566,3.7518166011391414
4871.403,-5.363138459362681,3.7499145165959433
4871.423,-5.353321688575605,3.748010813430176
4871.443,-5.343504927424411,3.7461071142246167
4871.463,-5.3336881641043385,3.7442034294189104
4871.483,-5.323871398511512,3.742299759059706
4871.503,-5.3140546306585,3.7403961031015656
4871.523,-5.3042378605551725,3.7384924614942374
4871.543,-5.294421088207356,3.7365888341838134
4871.563,-5.284602915782783,3.7346855668054975
4871.583,-5.274782253239622,3.732785962853103
4871.603,-5.264961900316853,3.7308855010253725
4871.623,-5.255135996745918,3.7289879894161975
4871.643,-5.245312377076513,3.727088583885053
4871.663,-5.235489017835529,3.7251900083119818
4871.683,-5.225671456091452,3.7232879012565925
4871.703,-5.215854503178459,3.7213852208884526
4871.723,-5.206037547858952,3.719482554271453
4871.743,-5.196220590148233,3.717579901397918
4871.763,-5.186403630188746,3.7156772292642573
4871.783,-5.176582828079115,3.7137765102351383
4871.803,-5.1667617989581425,3.711876232311944
4871.823,-5.156943839420957,3.709973788067905
4871.843,-5.147121898251668,3.708074161323706
4871.863,-5.137300087243846,3.7061744279767463
4871.883,-5.127476916775197,3.7042754559204494
4871.903,-5.117660048225696,3.7023770226445176
4871.923,-5.107836631515702,3.7004782664722704
4871.943,-5.098016031858347,3.6985804403379845
4871.963,-5.088188323661989,3.696682806494821
4871.983,-5.078364385511694,3.6947851724556635
4872.003,-5.068541284018103,3.6928864618974466
4872.023,-5.05871814933653,3.69098790338094
4872.043,-5.048894972361672,3.6890895552715413
4872.063,-5.0390717524474535,3.6871914252535585
4872.083,-5.02924848960631,3.685293514474213
4872.103,-5.019425695800386,3.683395740023259
4872.123,-5.009608134336367,3.681495980464626
4872.143,-4.999789383490318,3.679596833426775
4872.163,-4.989965923512563,3.677700228344065
4872.183,-4.980143544765123,3.6758040925349387
4872.203,-4.970320092332871,3.6739083032186146
4872.223,-4.960502435653143,3.672009148853962
4872.243,-4.950684792255947,3.6701100006447716
4872.263,-4.940867145976092,3.668210865609454
4872.283,-4.931049496663162,3.666311744516264
4872.303,-4.9212318443343985,3.6644126374246695
4872.323,-4.911414189012138,3.662513544388451
4872.343,-4.901596530722177,3.6606144654608315
4872.363,-4.891778869493477,3.658715400693914
4872.383,-4.881961205357861,3.6568163501380773
4872.403,-4.872143538349697,3.654917313841395
4872.423,-4.8623258685055175,3.653018291849093
4872.443,-4.85250819586366,3.6511192842030225
4872.463,-4.842690520463864,3.6492202909411784
4872.483,-4.832872842346869,3.647321312097265
4872.503,-4.82305516155399,3.6454223477002983
4872.523,-4.813237478126695,3.643523397774261
4872.543,-4.803419792106187,3.641624462337815
4872.563,-4.793602103532983,3.6397255414040623
4872.583,-4.783782146399866,3.637828362799278
4872.603,-4.773964409262926,3.635929572535292
4872.623,-4.7647013742782285,3.634492656636891
4872.643,-4.756806334499791,3.633601519503728
4872.663,-4.750601878175693,3.6330657150102574
4872.683,-4.746160350822257,3.632746910744169
4872.703,-4.742641319761152,3.6328574730443974
4872.723,-4.739682061987418,3.6335297132747084
4872.743,-4.737190233592487,3.634802340613564
4872.763,-4.735283711163764,3.636614842588522
4872.783,-4.733887923118599,3.6390082916639783
4872.803,-4.7331291392769055,3.64178257102292
4872.823,-4.7323254918813396,3.6446872409520936
4872.843,-4.731577197523618,3.6476226592371854
4872.863,-4.730887326645587,3.650577980081896
4872.883,-4.728518642290317,3.6533812505268415
4872.903,-4.723119245777987,3.6559317593463914
4872.923,-4.716210905609572,3.657722354086232
4872.943,-4.707883943822396,3.658709992721463
4872.963,-4.698206554921902,3.6589151134058095
4872.983,-4.688146155606794,3.658927251124303
4873.003,-4.67762393993588,3.658934606661332
4873.023,-4.667617995165634,3.658945797747487
4873.043,-4.657609254441406,3.658957038768592
4873.063,-4.647609305412664,3.658968226635819
4873.083,-4.637608904113675,3.6589817637173367
4873.103,-4.627605015921045,3.658993383162112
4873.123,-4.617602633534452,3.6590048460246254
4873.143,-4.607598719139756,3.6590155988706963
4873.163,-4.597595474448272,3.659026107006859
4873.183,-4.58759249870042,3.6590375023366266
4873.203,-4.577589008084484,3.659048979721835
4873.223,-4.567584963369281,3.6590591971015987
4873.243,-4.557580866022725,3.65906932287841
4873.263,-4.547578617381587,3.659078754074617
4873.283,-4.537574051236719,3.659088085666017
4873.303,-4.527569648739059,3.659097862332353
4873.323,-4.517565796100594,3.659107106560361
4873.343,-4.507562983353577,3.6591170399586046
4873.363,-4.497559477568829,3.6591248592662025
4873.383,-4.487557205412911,3.6591322578474355
4873.403,-4.477553054877687,3.6591412501757623
4873.423,-4.467552684719695,3.6591474274688154
4873.443,-4.457546020591207,3.6591554028503976
4873.463,-4.447541263697161,3.6591631135841176
4873.483,-4.43754089478998,3.659171294262734
4873.503,-4.42754204609051,3.6591795132150415
4873.523,-4.4175442464013175,3.659187304049169
4873.543,-4.407540537409139,3.6591950458547444
4873.563,-4.397536882721583,3.6592039858499064
4873.583,-4.387535946005136,3.6592139356352495
4873.603,-4.377536277901754,3.6592245241113464
4873.623,-4.367536608030435,3.659235088179165
4873.643,-4.357536937330251,3.6592456289438484
4873.663,-4.347537265793302,3.659256146413659
4873.683,-4.337537593409928,3.65926664058705
4873.703,-4.327537920179129,3.6592771114635725
4873.723,-4.317538246108672,3.659287559043807
4873.743,-4.307538571214973,3.6592979833291808
4873.763,-4.297538895522957,3.6593083843013936
4873.783,-4.287536208060618,3.659318736095447
4873.803,-4.277525682532793,3.6593271047383267
4873.823,-4.267525207249451,3.6593360645572437
4873.843,-4.257525529381278,3.659346336617553
4873.863,-4.247525850177928,3.6593565902836094
4873.883,-4.237523488842625,3.659366712855398
4873.903,-4.227519648975625,3.6593750584855154
4873.923,-4.217512052196098,3.6593832032695173
4873.943,-4.2075042451944835,3.6593909836254275
4873.963,-4.197501275576897,3.659399944926722
4873.983,-4.187496139727993,3.6594083522554737
4874.003,-4.177488495510578,3.659415576346453
4874.023,-4.16748378504984,3.6594244878715014
4874.043,-4.157479210470893,3.6594334823884145
4874.063,-4.147473774222909,3.659442345227201
4874.083,-4.137468799299159,3.659450465447143
4874.103,-4.127463575119058,3.6594561381847397
4874.123,-4.117463903837564,3.6594653845832426
4874.143,-4.107464223706264,3.6594746135614793
4874.163,-4.097464544121067,3.65948381766681
4874.183,-4.08746486524645,3.6594929972050325
4874.203,-4.077465187131172,3.6595021521406883
4874.223,-4.067465509815643,3.6595112824326375
4874.243,-4.057465833332742,3.6595203880375444
4874.263,-4.047465700801995,3.6595300136365294
4874.283,-4.037453374982438,3.6595365750231132
4874.303,-4.027453327223702,3.6595451067580953
4874.323,-4.017453024787224,3.659553021251525
4874.343,-4.007449454866784,3.659560540829234
4874.363,-3.9974498044146145,3.6595678117968973
4874.383,-3.987448587951016,3.6595764873133363
4874.403,-3.977441420429756,3.659583646326408
4874.423,-3.9674418915690723,3.6595904430600377
4874.443,-3.9574382100753005,3.6595982007484325
4874.463,-3.9474356198840286,3.65960413286387
4874.483,-3.937431869229624,3.6596101273246697
4874.503,-3.9274276255762928,3.6596163300315947
4874.523,-3.9174232511534295,3.659621929297483
4874.543,-3.9074195182619684,3.6596276056116332
4874.563,-3.897416121881158,3.6596323916767917
4874.583,-3.887414898778383,3.6596376233355072
4874.603,-3.8774121097825796,3.6596447215315386
4874.623,-3.8674105915234045,3.6596516686283382
4874.643,-3.8574082441646174,3.65965817948304
4874.663,-3.8474040510308933,3.6596623485483946
4874.683,-3.837401245925366,3.6596664958625844
4874.703,-3.8273974006502693,3.6596714976713507
4874.723,-3.8173937909195317,3.6596763393731098
4874.743,-3.807392067752078,3.659681364476226
4874.763,-3.7973902352325877,3.6596862484296846
4874.783,-3.7873896401412757,3.659691237497338
4874.803,-3.7773890988947523,3.6596958786357643
4874.823,-3.767389177669028,3.6597005080757428
4874.843,-3.757389065987541,3.659706224968057
4874.863,-3.7473854953589796,3.6597111567869347
4874.883,-3.7373858181681614,3.6597176313462385
4874.903,-3.727386143555477,3.6597240598066785
4874.923,-3.7173864681632134,3.65973045723692
4874.943,-3.7073867919460866,3.6597368236346735
4874.963,-3.697387114903219,3.6597431589345217
4874.983,-3.687387437042914,3.6597494630718197
4875.003,-3.6773877583821597,3.659755735982565
4875.023,-3.6673880789464066,3.6597619776031856
4875.043,-3.6573883987693225,3.659768187862803
4875.063,-3.647388717893202,3.6597743665419147
4875.083,-3.6373814102715283,3.659781013341857
4875.103,-3.6273746816651573,3.6597862406202446
4875.123,-3.6173674410651966,3.659792436086063
4875.143,-3.6073606900802413,3.659798508160014
4875.163,-3.5973566672748074,3.6598039396953417
4875.183,-3.5873542620903796,3.6598110959502193
4875.203,-3.577349948681318,3.6598169857939022
4875.223,-3.5673468314459513,3.6598234823005105
4875.243,-3.557340001576158,3.6598286265224695
4875.263,-3.547331534407051,3.659835422508608
4875.283,-3.5373280462867958,3.6598412151728885
4875.303,-3.5273252855792108,3.6598471098750744
4875.323,-3.5173205572266224,3.659853591992142
4875.343,-3.5073164044053,3.659858605284725
4875.363,-3.497313745910763,3.6598648852855606
4875.383,-3.4873097949855456,3.6598707856847046
4875.403,-3.477306266518834,3.6598768163859514
4875.423,-3.467302966047511,3.6598827379276067
4875.443,-3.457298406672002,3.65988809403829
4875.463,-3.4472958708553643,3.65989390211911
4875.483,-3.4372910409382995,3.659899580469726
4875.503,-3.427288495947797,3.659904589402947
4875.523,-3.4172847070694945,3.65991040064493
4875.543,-3.407281226083246,3.6599157115994556
4875.563,-3.3972782202597105,3.6599209177755845
4875.583,-3.3872755663142966,3.6599255586337294
4875.603,-3.3772755182798813,3.6599292278368774
4875.623,-3.367275918235777,3.6599330856802736
4875.643,-3.357272773196547,3.659936938935904
4875.663,-3.3472689650397665,3.6599407220258833
4875.683,-3.3372657390120937,3.659944907070515
4875.703,-3.327264060661795,3.659949251305094
4875.723,-3.3172613829896993,3.6599515420599174
4875.743,-3.3072571463075215,3.659955263039204
4875.763,-3.2972529590918396,3.659958111746688
4875.783,-3.287251100108669,3.65996047805347
4875.803,-3.2772506426277035,3.6599648683837187
4875.823,-3.2672490960881864,3.659966386223101
4875.843,-3.2572473199403253,3.659967798107625
4875.863,-3.2472465351823354,3.6599711006071107
4875.883,-3.2372429924409003,3.659974185449573
4875.903,-3.227240543802477,3.659975910304383
4875.923,-3.217238209525499,3.65997789400398
4875.943,-3.2072336133090835,3.65997956993403
4875.963,-3.1972305136644894,3.659980919950779
4875.983,-3.187227958098745,3.659982979658586
4876.003,-3.1772235407122067,3.6599845229327364
4876.023,-3.167220307882369,3.6599857948737657
4876.043,-3.1572159466463448,3.659987120198229
4876.063,-3.1472159506007786,3.659988361857048
4876.083,-3.1372145534727944,3.6599915701307464
4876.103,-3.1272152195828196,3.6599941358129096
4876.123,-3.1172155442448646,3.6599974615495854
4876.143,-3.1072158704141146,3.6600007511744788
4876.163,-3.0972161959228877,3.660003994725769
4876.183,-3.087216520726574,3.6600071921679866
4876.203,-3.0772168448168027,3.6600103432573667
4876.223,-3.067217168194373,3.6600134477414694
4876.243,-3.05721749088715,3.660016505057944
4876.263,-3.047210951876893,3.6600207847862385
4876.283,-3.037208150078953,3.660022975092501
4876.303,-3.0272045816705604,3.6600269543212374
4876.323,-3.0172045160083045,3.6600304049910153
4876.343,-3.007195314947997,3.660032763939097
4876.363,-2.9971916537875387,3.660037377485416
4876.383,-2.9871899273513316,3.660040525808839
4876.403,-2.9771863804207332,3.6600447034258963
4876.423,-2.967185156365687,3.660048043136722
4876.443,-2.957182101274009,3.6600523628513786
4876.463,-2.947181159125774,3.660055771124805
4876.483,-2.937178010196183,3.6600598478143507
4876.503,-2.927176213676716,3.66006316048107
4876.523,-2.917173793477424,3.660067210834886
4876.543,-2.9071719333915103,3.660070479278266
4876.563,-2.8971695783538913,3.660074570055184
4876.583,-2.8871678582467464,3.660077972118853
4876.603,-2.877165449722845,3.66008199353356
4876.623,-2.8671644733794346,3.660085360573634
4876.643,-2.8571613493444925,3.660089368275394
4876.663,-2.8471601856576862,3.660092318836279
4876.683,-2.837157177529114,3.660096539857192
4876.703,-2.827157382958167,3.6600993674757856
4876.723,-2.8171530630361508,3.6601036857701614
4876.743,-2.807153189035051,3.6601064132974126
4876.763,-2.797149065672289,3.6601106724567245
4876.783,-2.7871478833539203,3.660113690202698
4876.803,-2.7771458139800034,3.6601171452358603
4876.823,-2.7671430966104293,3.6601197222979778
4876.843,-2.7571414226629942,3.6601230734594803
4876.863,-2.747138034098309,3.6601252166712728
4876.883,-2.737138328161306,3.660127303752401
4876.903,-2.7271391615987723,3.6601297948885065
4876.923,-2.717137949088102,3.66013117669211
4876.943,-2.7071380979763036,3.6601341543342283
4876.963,-2.697138250723669,3.6601370992463695
4876.983,-2.687136627955846,3.6601398307464628
4877.003,-2.6771338932145423,3.6601424269353346
4877.023,-2.6671315164204468,3.660143092975378
4877.043,-2.657128719438493,3.6601431714380888
4877.063,-2.6471280694575245,3.6601447498452147
4877.083,-2.637124203925541,3.6601465908219426
4877.103,-2.627123462757488,3.660147750881158
4877.123,-2.6171218075672473,3.6601484812183345
4877.143,-2.6071204426477186,3.6601499428528785
4877.163,-2.597115476633063,3.6601506423060415
4877.183,-2.5871126260566895,3.660151486095395
4877.203,-2.5771101294406087,3.6601520819038615
4877.223,-2.5671110502975236,3.660153294335309
4877.243,-2.557111071532074,3.6601545355405602
4877.263,-2.5471101029229195,3.6601565712249697
4877.283,-2.537108888382728,3.660158301723697
4877.303,-2.527103958943978,3.6601592555906217
4877.323,-2.5171005845949366,3.6601603409203203
4877.343,-2.5071000605280322,3.6601607006908616
4877.363,-2.4971003633609046,3.6601619003142285
4877.383,-2.4871006915205305,3.660163475015452
4877.403,-2.4770991442139754,3.6601653685994675
4877.423,-2.46709768396648,3.6601672978843722
4877.443,-2.4570975702606175,3.6601689318696162
4877.463,-2.447091314453006,3.6601712590252595
4877.483,-2.4370911650025118,3.660172502672244
4877.503,-2.4270811879219725,3.660175339880119
4877.523,-2.4170754927010907,3.6601770162270197
4877.543,-2.4070744293103172,3.66018002400529
4877.563,-2.3970654214321025,3.660181295169586
4877.583,-2.387063406976303,3.660183003210981
4877.603,-2.3770549218369963,3.6601861225410026
4877.623,-2.3670517010063503,3.660189410437841
4877.643,-2.357051768024121,3.660191187396886
4877.663,-2.347051947255753,3.6601934246323293
4877.683,-2.337052127245025,3.6601957053968235
4877.703,-2.3270523017539375,3.6601979878542314
4877.723,-2.3170524712740432,3.66020026412122
4877.743,-2.3070526368520454,3.6602025323562803
4877.763,-2.2970527997130823,3.660204791465056
4877.783,-2.2870529606602394,3.660207040986541
4877.803,-2.277053120487415,3.660209280260277
4877.823,-2.2670532800038585,3.6602115085823894
4877.843,-2.257053440017276,3.660213725235511
4877.863,-2.2470536013386324,3.6602159294657217
4877.883,-2.2370537647626643,3.6602181205163804
4877.903,-2.227053931075528,3.660220297550426
4877.923,-2.217054101503405,3.6602224589635033
4877.943,-2.2070542772619137,3.6602246035668666
4877.963,-2.1970544598823816,3.6602267297265483
4877.983,-2.1870546504104693,3.6602288362451634
4878.003,-2.177050618219772,3.660231508189401
4878.023,-2.1670496868505658,3.660234397817822
4878.043,-2.1570486102445026,3.6602367706024173
4878.063,-2.1470392012609567,3.6602383718121074
4878.083,-2.1370361883938727,3.6602405613404656
4878.103,-2.1270361153004513,3.6602419731028255
4878.123,-2.117036522595992,3.6602434636040453
4878.143,-2.1070368451035346,3.6602447848907897
4878.163,-2.0970340390946,3.660247612324936
4878.183,-2.0870290805449447,3.66024850330718
4878.203,-2.077029326100061,3.6602492741841295
4878.223,-2.0670295230244813,3.66025074171276
4878.243,-2.057029720406996,3.660252141772187
4878.263,-2.0470299179877207,3.6602534921807237
4878.283,-2.0370301157877213,3.660254794428245
4878.303,-2.027030313829786,3.6602560486906426
4878.323,-2.0170305121356344,3.6602572550304493
4878.343,-2.00703071072473,3.660258413506011
4878.363,-1.9970309096139323,3.6602595241801
4878.383,-1.9870311227720494,3.6602605909550245
4878.403,-1.9770273561193656,3.660260727447765
4878.423,-1.967024286565692,3.6602605258932885
4878.443,-1.957023406134152,3.6602608925511113
4878.463,-1.9470183980575064,3.6602608557969303
4878.483,-1.9370147421485469,3.6602604042805034
4878.503,-1.927613568555717,3.660257266414288
4878.523,-1.9196218460260874,3.660249755445765
4878.543,-1.9133108074241143,3.6602526263206467
4878.563,-1.9086817243235128,3.6602005430187408
4878.583,-1.904927399168376,3.6597614774436376
4878.603,-1.9019334666045207,3.6588789748914126
4878.623,-1.899719420395434,3.6575625273042
4878.643,-1.8982623074437412,3.65580214432427
4878.663,-1.8975833914366422,3.6535966508417763
4878.683,-1.8976045297660813,3.650983726651086
4878.703,-1.897782556406925,3.648294841684876
4878.723,-1.8980094642165857,3.645609499434741
4878.743,-1.8982848013379292,3.642929024018906
4878.763,-1.8986103138666597,3.6402538812830434
4878.783,-1.8989818190902905,3.6375856193821217
4878.803,-1.8994014330720033,3.6349245593905706
4878.823,-1.89987085466807,3.632271463780447
4878.843,-1.9003858710592696,3.6296277657536287
4878.863,-1.9009485453816704,3.6269938177177363
4878.883,-1.9015605187966602,3.624370432347903
4878.903,-1.9022175575092195,3.6217589298187094
4878.923,-1.9029216696425335,3.619159709589516
4878.943,-1.9036744297507948,3.616573617983343
4878.963,-1.9044715946307575,3.6140018656716113
4878.983,-1.9053151140035802,3.611444896214705
4879.003,-1.9062064896851603,3.6089035816059294
4879.023,-1.9071414800235793,3.6063790271593263
4879.043,-1.908121973100424,3.60387171544067
4879.063,-1.9091493919230593,3.6013825399282338
4879.083,-1.9102253028337344,3.598911770235227
4879.103,-1.9113535000031565,3.596459344395755
4879.123,-1.912525658565534,3.5940275956796044
4879.143,-1.9137413897737885,3.591617340276629
4879.163,-1.9150002997845892,3.589229358308019
4879.183,-1.9163019809355248,3.586864422371605
4879.203,-1.9176460117982734,3.5845232975713146
4879.223,-1.9190319573151364,3.5822067412824574
4879.243,-1.9204593689396985,3.57991550291719
4879.263,-1.9219277847807807,3.5776503236927217
4879.283,-1.923436729749569,3.57541193640231
4879.303,-1.9249857157098174,3.5732010651890715
4879.323,-1.9265742416310456,3.5710184253225674
4879.343,-1.928201793744655,3.568864722978154
4879.363,-1.9298678457029126,3.566740655019032
4879.383,-1.9315718587407742,3.5646469087809463
4879.403,-1.9333132818405419,3.5625841618594247
4879.423,-1.9350915518993856,3.56055308189949
4879.443,-1.9369060938997862,3.5585543263877204
4879.463,-1.9387563210829843,3.5565885424465677
4879.483,-1.9406416351255618,3.5546563666308173
4879.503,-1.9425614263192992,3.5527584247261137
4879.523,-1.9445150737544898,3.550895331549456
4879.543,-1.9465019455069053,3.5490676907516168
4879.563,-1.9485213988286179,3.547276094621462
4879.583,-1.9505727803429087,3.545521123892168
4879.603,-1.9526554262434697,3.5438033475493844
4879.623,-1.9547686624981044,3.5421233226414315
4879.643,-1.9569118050571237,3.5404815940916623
4879.663,-1.959084160066586,3.5388786945131523
4879.683,-1.96128502408651,3.5373151440259374
4879.703,-1.9635136843141274,3.535791450077052
4879.723,-1.9657694188122166,3.5343081072636413
4879.743,-1.968051496742478,3.532865597159461
4879.763,-1.9703591786038783,3.531464388145086
4879.783,-1.972691716475827,3.5301049352421616
4879.803,-1.975048354265989,3.52878767995203
4879.823,-1.9774283279625084,3.527513050099053
4879.843,-1.9798308658903592,3.526281459678936
4879.863,-1.982255188971514,3.525093308712333
4879.883,-1.9847005109885927,3.5239489831039843
4879.903,-1.9871660388516375,3.522848854507586
4879.923,-1.9896509728676635,3.5217932801965826
4879.943,-1.9914539892038416,3.5190359662002932
4879.963,-1.9920119464582882,3.5132364673506
4879.983,-1.9913538545510812,3.5060828682409224
4880.003,-1.9894658280980244,3.4978581801844904
4880.023,-1.9864065062061165,3.4886352522363784
4880.043,-1.98309310915396,3.4791992537398335
4880.063,-1.9798385731589927,3.4694377245346586
4880.083,-1.976579370060331,3.459574290713968
4880.103,-1.9732959819963907,3.4501097141261603
4880.123,-1.9699955285303843,3.4406602532073753
4880.143,-1.9666922381848766,3.4312220175319106
4880.163,-1.9633889922638843,3.421783772383111
4880.183,-1.9600857578975994,3.412345524052884
4880.203,-1.9567831079814415,3.4029042195784225
4880.223,-1.9534821143419103,3.3934588538049817
4880.243,-1.9501805247829607,3.384016118091488
4880.263,-1.9468780360379108,3.3745728764566416
4880.283,-1.9435755392206058,3.365128554769787
4880.303,-1.9402718131284944,3.355685866962975
4880.323,-1.936969531558516,3.3462411746095255
4880.343,-1.9336675713343596,3.336802726712441
4880.363,-1.930364662832234,3.327364371684348
4880.383,-1.9270617706407946,3.3179260109345736
4880.403,-1.923758890407626,3.308487646303723
4880.423,-1.9204560220446771,3.299049277752228
4880.443,-1.9171531655011582,3.2896109052196842
4880.463,-1.9138503207262767,3.280172528643467
4880.483,-1.910547487668835,3.2707341479597627
4880.503,-1.907244666277181,3.261295763104431
4880.523,-1.9039418564991986,3.2518573740138543
4880.543,-1.9006390582823263,3.2424189806257786
4880.563,-1.8973362715736053,3.232980582880125
4880.583,-1.894033496319752,3.22354218071977
4880.603,-1.8907307324672602,3.2141037740912908
4880.623,-1.887427979962522,3.2046653629456685
4880.643,-1.884125238751972,3.1952269472389276
4880.663,-1.8808225087822508,3.1857885269327295
4880.683,-1.877519790000383,3.1763501019948985
4880.703,-1.8742170823539681,3.166911672399875
4880.723,-1.870914385791384,3.1574732381291035
4880.743,-1.8676117002619932,3.1480347991713367
4880.763,-1.864309025716365,3.138596355522871
4880.783,-1.8610063621064843,3.129157907187687
4880.803,-1.8577037093859756,3.119719454177521
4880.823,-1.8544010675103082,3.110280996511845
4880.843,-1.851098436437008,3.100842534217774
4880.863,-1.8477958161258523,3.0914040673298775
4880.883,-1.8444932065390556,3.081965595889927
4880.903,-1.841190607641444,3.072527119946559
4880.923,-1.837888019400606,3.0630886395548704
4880.943,-1.8345854417870358,3.05365015477594
4880.963,-1.8312828747742464,3.044211665676288
4880.983,-1.8279803183388688,3.0347731723272866
4881.003,-1.8246777724607233,3.0253346748045002
4881.023,-1.821375237122868,3.015896173187003
4881.043,-1.8180727123116238,3.00645766755664
4881.063,-1.814770198016574,2.9970191579972676
4881.083,-1.8114676942305334,2.98758064459397
4881.103,-1.8081652009494977,2.9781421274322537
4881.123,-1.8048627181725656,2.968703606597252
4881.143,-1.8015602459018298,2.9592650821729074
4881.163,-1.7982577841422531,2.9498265542411852
4881.183,-1.7949557963840161,2.9403873552233746
4881.203,-1.791659261121481,2.9309316142950403
4881.223,-1.7883638767133012,2.9214756090239273
4881.243,-1.7850691674312407,2.912019365380439
4881.263,-1.7817751914378295,2.902562909902852
4881.283,-1.778481973545222,2.8931062093517554
4881.303,-1.775187119455282,2.8836581708117652
4881.323,-1.7718885195104517,2.8742182693567333
4881.343,-1.768589908005585,2.864778400233947
4881.363,-1.7652913076787666,2.8553385282587493
4881.383,-1.7619927187362583,2.8458986530856434
4881.403,-1.7586941411697796,2.8364587747334804
4881.423,-1.755395574970228,2.827018893216255
4881.443,-1.7520970201294417,2.8175790085391648
4881.463,-1.7487984766398839,2.8081391206986814
4881.483,-1.745501592064365,2.7986956735345485
4881.503,-1.742203627943434,2.789251486576439
4881.523,-1.7389048759619368,2.779805503640813
4881.543,-1.7356071929298031,2.7703600733592437
4881.563,-1.7323094705457323,2.7609153525337695
4881.583,-1.7290131788685101,2.7514640098769716
4881.603,-1.7257165590946955,2.742018955336257
4881.623,-1.722419830978743,2.732573074753202
4881.643,-1.7191233390922116,2.723127111612604
4881.663,-1.7158270619719147,2.71368107360661
4881.683,-1.7125306660308324,2.7042343453668987
4881.703,-1.7092346627133586,2.694790950054299
4881.723,-1.7059369820189616,2.6853505953394334
4881.743,-1.702639756168795,2.6759102545264626
4881.763,-1.699342546589878,2.666469907994288
4881.783,-1.6960453490302236,2.657029557061219
4881.803,-1.6927481633823296,2.6475892016850033
4881.823,-1.6894509895760994,2.638148841812825
4881.843,-1.6861538275422716,2.628708477394506
4881.863,-1.6828566772121527,2.619268108383379
4881.883,-1.6800710656452926,2.6103693630875546
4881.903,-1.678183838094993,2.6027913646087
4881.923,-1.6768722793975537,2.596894231386461
4881.943,-1.6761441616594137,2.5927295604610063
4881.963,-1.676025066295872,2.5896181864086856
4881.983,-1.6766748906786182,2.587137305340469
4882.003,-1.6780888156818756,2.585306920387675
4882.023,-1.6802453447679073,2.5841360268979163
4882.043,-1.6828499331676818,2.583394285332556
4882.063,-1.6854557004822133,2.58268871894306
4882.083,-1.6880738429653876,2.582030178393024
4882.103,-1.6907034226983026,2.5814188662201407
4882.123,-1.6933435859763264,2.58085498108713
4882.143,-1.6959934763905649,2.5803387063834817
4882.163,-1.6983297578000758,2.5780161534208164
4882.183,-1.7000802623251887,2.5724590990435723
4882.203,-1.700922482028911,2.565324896233589
4882.223,-1.7007840919676438,2.5568874464770412
4882.243,-1.6997072742147847,2.54723019932664
4882.263,-1.6984261962532148,2.537311712670554
4882.283,-1.6973312899907818,2.527042818882095
4882.303,-1.696257330824609,2.516692603039635
4882.323,-1.695013861121136,2.5067191688743833
4882.343,-1.6937542675981208,2.4967930692918077
4882.363,-1.692492618974153,2.486869703622266
4882.383,-1.6912317994293256,2.4769472406555653
4882.403,-1.6899717549422828,2.467023840581789
4882.423,-1.6887109066750285,2.457101531865488
4882.443,-1.6874503124952696,2.4471779899032584
4882.463,-1.6861907873127135,2.4372520224205005
4882.483,-1.6849284901235784,2.427331417203979
4882.503,-1.6836640245349475,2.417412037031284
4882.523,-1.682399577356287,2.4074926546911013
4882.543,-1.681135144573709,2.3975732702867645
4882.563,-1.6798707260862766,2.3876538838538637
4882.583,-1.6786063218283094,2.3777344954290163
4882.603,-1.6773419317382445,2.367815105049629
4882.623,-1.6760775557588357,2.3578957127535616
4882.643,-1.6748131938375692,2.3479763185787967
4882.663,-1.673548845927048,2.3380569225631045
4882.683,-1.6722845119853276,2.328137524743704
4882.703,-1.6710201919762078,2.318218125156929
4882.723,-1.6697558858694732,2.308298723837905
4882.743,-1.6684915936410785,2.2983793208202297
4882.763,-1.6672273152732835,2.288459916135669
4882.783,-1.665966772478339,2.278535885751509
4882.803,-1.664713992159427,2.2686005936816978
4882.823,-1.6634561911868095,2.258672671486196
4882.843,-1.66219659133108,2.248748358509435
4882.863,-1.6609342741507325,2.238827624516977
4882.883,-1.6596727906154338,2.22890551860295
4882.903,-1.6584133807807095,2.2189792624917812
4882.923,-1.657154081950698,2.2090529116300632
4882.943,-1.6558950319831351,2.1991264874722143
4882.963,-1.654636245399113,2.189200008150721
4882.983,-1.653377728169716,2.179273483366432
4883.003,-1.6521194821485716,2.1693469180369607
4883.023,-1.6508615075699626,2.159420315127359
4883.043,-1.649603804632489,2.1494936762591395
4883.063,-1.6483463733854675,2.139567002336328
4883.083,-1.64708921328813,2.129640294365109
4883.103,-1.645832323744342,2.1197135532840448
4883.123,-1.6445757035008506,2.109786780378891
4883.143,-1.643319350344566,2.099859977748509
4883.163,-1.6420632600340224,2.0899331492871083
4883.183,-1.6408074219723003,2.0800063033119254
4883.203,-1.6395506457367153,2.070081438263193
4883.223,-1.6382919260074134,2.060161324163345
4883.243,-1.637033356186151,2.0502411994609138
4883.263,-1.6357748026607413,2.0403210727858783
4883.283,-1.6345162642286502,2.030400944185554
4883.303,-1.633257740897618,2.0204808136307086
4883.323,-1.6319992326824666,2.0105606810917442
4883.343,-1.6307407395935236,2.000640546539741
4883.363,-1.629482261636243,1.9907204099468074
4883.383,-1.628223798810975,1.9808002712864117
4883.403,-1.6269653511128084,1.9708801305336932
4883.423,-1.6257069185314674,1.9609599876657529
4883.443,-1.6244485010512781,1.9510398426619278
4883.463,-1.6231900986511825,1.9411196955040357
4883.483,-1.6219317113048288,1.9311995461765938
4883.503,-1.6206732290587773,1.9212794069118118
4883.523,-1.6194217074783308,1.911353525098727
4883.543,-1.618168599891347,1.901430092139426
4883.563,-1.616916293719376,1.8915057353365738
4883.583,-1.6156632386685086,1.88158248873816
4883.603,-1.6144104793365592,1.8716580226901902
4883.623,-1.6131584545898947,1.8617334229240692
4883.643,-1.6119064931540956,1.8518087518316284
4883.663,-1.6106541064443862,1.841884284482537
4883.683,-1.609402560771284,1.8319606006391171
4883.703,-1.6081517610929046,1.822035952620107
4883.723,-1.6069007595990803,1.8121100377771262
4883.743,-1.6056450020336261,1.8021895450617056
4883.763,-1.6043893162832104,1.7922690497246108
4883.783,-1.6031336454343106,1.782348552312736
4883.803,-1.601877988950072,1.7724280528552996
4883.823,-1.6006223467587026,1.7625075513877475
4883.843,-1.5993667187956053,1.7525870479467078
4883.863,-1.5981111050001329,1.7426665425695465
4883.883,-1.5968555053160114,1.7327460352940343
4883.903,-1.595599919691752,1.7228255261580188
4883.923,-1.5943443480810293,1.7129050151990837
4883.943,-1.593088790443011,1.7029845024542145
4883.963,-1.5918332467426404,1.6930639879594678
4883.983,-1.5905777169508704,1.6831434717496425
4884.003,-1.5893222010448445,1.6732229538579682
4884.023,-1.5880666990080188,1.663302434315804
4884.043,-1.5868163510859423,1.6533750143675836
4884.063,-1.585573418170877,1.643436905452577
4884.083,-1.5843232261343114,1.6335102836207003
4884.103,-1.5830713635625637,1.6235863821715668
4884.123,-1.5818178324585173,1.6136645323318926
4884.143,-1.5805654627085122,1.603740571599225
4884.163,-1.579314804692374,1.5938132033265318
4884.183,-1.5780643146474898,1.5838857383375593
4884.203,-1.576814078520218,1.5739581995786014
4884.223,-1.5755641097529445,1.5640306047100243
4884.243,-1.5743144127149358,1.554102963559322
4884.263,-1.5730649884836885,1.5441752812154919
4884.283,-1.5718158369217226,1.5342475608243094
4884.303,-1.5705669580376604,1.5243198041128785
4884.323,-1.5693183515880273,1.5143920121557464
4884.343,-1.5680700169123623,1.504464186054129
4884.363,-1.5668219531937577,1.4945363268889527
4884.383,-1.5655741589975356,1.4846084360621798
4884.403,-1.5643266315602284,1.474680515979209
4884.423,-1.5630793658355955,1.4647525709716507
4884.443,-1.5618323473340117,1.4548246109287413
4884.463,-1.5605841512429601,1.4448993150186775
4884.483,-1.5593342819041422,1.4349780859598826
4884.503,-1.5580844941093135,1.425056850841729
4884.523,-1.556834722000257,1.415135613798354
4884.543,-1.5555849649949423,1.4052143748369463
4884.563,-1.5543352231063245,1.3952931339279695
4884.583,-1.5530854963486471,1.3853718910419375
4884.603,-1.5518357847315507,1.3754506461501024
4884.623,-1.5505860882597522,1.3655293992247965
4884.643,-1.5493364069328317,1.3556081502397592
4884.663,-1.5480867407450802,1.3456868991704434
4884.683,-1.5468370896854096,1.335765645994308
4884.703,-1.5455874537373229,1.3258443906910813
4884.723,-1.5443378328789479,1.3159231332430068
4884.743,-1.543088227083132,1.306001873635056
4884.763,-1.5418399115299135,1.2960795056250836
4884.783,-1.5405967398198213,1.2861540522567316
4884.803,-1.539352605413522,1.2762284555754204
4884.823,-1.538108552668179,1.2663028048247948
4884.843,-1.5368641017982843,1.2563773666367144
4884.863,-1.5356205304164605,1.246452736577372
4884.883,-1.534377750352664,1.2365271706645675
4884.903,-1.5331341927699966,1.2266027125843888
4884.923,-1.5318908990197733,1.216677019778137
4884.943,-1.530648317384247,1.2067511752676487
4884.963,-1.5294057635497638,1.1968252329050044
4884.983,-1.5281631034212928,1.1868990089567946
4885.003,-1.526916160032348,1.1769774076634707
4885.023,-1.5256692591086591,1.1670558041019319
4885.043,-1.52477970161008,1.1577019141872178
4885.063,-1.5243158216868997,1.149726220402276
4885.083,-1.5241158569250879,1.1434548303489995
4885.103,-1.5240117427652475,1.138932950329436
4885.123,-1.5242435655319726,1.135396811108097
4885.143,-1.525012979786377,1.1325584090566212
4885.163,-1.5263538500173175,1.130335271199703
4885.183,-1.5281934428228698,1.128856560090208
4885.203,-1.5305581353872124,1.1281543781709082
4885.223,-1.5333967003232676,1.128209984212503
4885.243,-1.5363608690416821,1.128486920401735
4885.263,-1.5390588793178896,1.1284199806406021
4885.283,-1.541758492495679,1.1283999927594481
4885.303,-1.5444564832971248,1.1284261676175624
4885.323,-1.5471550345883303,1.128503178044197
4885.343,-1.5498517576275759,1.1286287450170283
4885.363,-1.5525457707950217,1.1288028300961208
4885.383,-1.5552362008994662,1.12902537626415
4885.403,-1.5579221760708029,1.1292963107043992
4885.423,-1.5606028259740787,1.1296155449022218
4885.443,-1.5632772820899923,1.1299829746808376
4885.463,-1.565944677995143,1.1303984802413556
4885.483,-1.5686041496413488,1.1308619262077462
4885.503,-1.5712548356339613,1.13137316167676
4885.523,-1.573895877509125,1.1319320202727867
4885.543,-1.5765264200099138,1.132538320207634
4885.563,-1.5796051663188873,1.1313669863791078
4885.583,-1.58346504470191,1.1270025355265707
4885.603,-1.5871367824944727,1.120827838299218
4885.623,-1.5904429257260189,1.11306367714648
4885.643,-1.5933880630460064,1.103803615574379
4885.663,-1.5962528034047243,1.0942219060146972
4885.683,-1.5990312367951545,1.0843067610723662
4885.703,-1.6017930755766046,1.0742986929170666
4885.723,-1.604628058725955,1.0646759001682125
4885.743,-1.607476567737309,1.0550883360393457
4885.763,-1.6103304571579053,1.0455046292085313
4885.783,-1.6131843145734066,1.0359209196054893
4885.803,-1.6160381586487087,1.0263372057728362
4885.823,-1.6188919896027656,1.0167534876343416
4885.843,-1.6217458074868638,1.0071697651408018
4885.863,-1.624599612351698,0.9975860382473972
4885.883,-1.6274534042488396,0.9880023069139859
4885.903,-1.630307183230634,0.9784185711056591
4885.923,-1.6331609493500587,0.9688348307932426
4885.943,-1.6360147026605507,0.95925108595373
4885.963,-1.638868443215816,0.9496673365706518
4885.983,-1.6417221710696168,0.940083582634369
4886.003,-1.6445758862755426,0.9304998241422923
4886.023,-1.6474295888867663,0.9209160610990264
4886.043,-1.650283278955793,0.9113322935164342
4886.063,-1.6531369565341965,0.9017485214136255
4886.083,-1.6559906216723586,0.8921647448168666
4886.103,-1.658844274419201,0.8825809637594119
4886.123,-1.6616979148219235,0.8729971782812644
4886.143,-1.6645515429257496,0.8634133884288614
4886.163,-1.6674051587736738,0.8538295942546921
4886.183,-1.670258762406232,0.8442457958168524
4886.203,-1.6731123538612769,0.8346619931785373
4886.223,-1.6759659331737757,0.8250781864074802
4886.243,-1.6788195003756272,0.8154943755753428
4886.263,-1.6816730554955004,0.8059105607570625
4886.283,-1.6845265985586997,0.7963267420301645
4886.303,-1.6873801295870519,0.7867429194740441
4886.323,-1.6902336485988254,0.7771590931692276
4886.343,-1.6930871556086757,0.7675752631966197
4886.363,-1.6959406506276211,0.7579914296367442
4886.383,-1.6987941336630468,0.7484075925689864
4886.403,-1.7016476047187439,0.7388237520708438
4886.423,-1.7045010637949751,0.7292399082171939
4886.443,-1.70735451088857,0.7196560610795866
4886.463,-1.7102080084459799,0.7100712046285296
4886.483,-1.713057514429791,0.7004788594836566
4886.503,-1.7159096145674682,0.6908919946752031
4886.523,-1.7187627074629261,0.6813080453620955
4886.543,-1.7216157766773452,0.671724088767383
4886.563,-1.7244688333980496,0.6621401290426393
4886.583,-1.7273218777212023,0.6525561662666283
4886.603,-1.7301749096393144,0.6429722004704415
4886.623,-1.7325265265939027,0.6339307266999461
4886.643,-1.7340845802599996,0.626206957401351
4886.663,-1.7351625283898824,0.6201909754400506
4886.683,-1.7357659048250933,0.6159269418729437
4886.703,-1.7358518668065446,0.6126004920176426
4886.723,-1.7352910079621686,0.6098002920032229
4886.743,-1.7340915288229672,0.6075724931374372
4886.763,-1.7322476360545431,0.6058150802178663
4886.783,-1.7297904671356596,0.6045046907008942
4886.803,-1.7271373914945711,0.6038564735995482
4886.823,-1.724493155958307,0.6033122532113165
4886.843,-1.7218394600409461,0.6028156930714808
4886.863,-1.7191772544652117,0.6023669776326063
4886.883,-1.7165074034338295,0.6019662527422714
4886.903,-1.7138307728152145,0.6016136484163447
4886.923,-1.7111482306141332,0.6013092790039859
4886.943,-1.70846064669079,0.6010532431573419
4886.963,-1.705768892473901,0.600845623804994
4886.983,-1.703073840674235,0.6006864881308639
4887.003,-1.7003763649986914,0.6005758875584989
4887.023,-1.6976773398649296,0.6005138577406453
4887.043,-1.6949829824119573,0.5986185173582099
4887.063,-1.6923205054643486,0.593436154450616
4887.083,-1.6902874248826847,0.5865461234505343
4887.103,-1.6890011781761214,0.5782061776275278
4887.123,-1.6884342904040457,0.568505714179447
4887.143,-1.6880247548942033,0.5585132380617642
4887.163,-1.6878066497967699,0.5481687981885244
4887.183,-1.6874975655681066,0.5377474548069413
4887.203,-1.6871056985561683,0.5277434359831095
4887.223,-1.6867031847519258,0.517751901793447
4887.243,-1.6863007678560906,0.5077603334861109
4887.263,-1.6858983672681893,0.4977687640722757
4887.283,-1.6854959822894613,0.48777719391886937
4887.303,-1.6850936128471647,0.47778562304235234
4887.323,-1.684691258875785,0.467794051455806
4887.343,-1.6842889203128584,0.45780247917257827
4887.363,-1.6838865970995054,0.4478109062062178
4887.383,-1.6834842891809585,0.43781933257036354
4887.403,-1.6830819965070583,0.42782775827863323
4887.423,-1.6826797190327005,0.41783618334450956
4887.443,-1.6822774567182415,0.40784460778122716
4887.463,-1.6818752095298468,0.3978530316016599
4887.483,-1.6814749321345404,0.38785899896643594
4887.503,-1.6810887645874522,0.3778490020633252
4887.523,-1.680687222757915,0.36785737509800587
4887.543,-1.6802942553210343,0.3578559624603013
4887.563,-1.6798996235488999,0.34785722488637233
4887.583,-1.6795044573228177,0.3378589621172913
4887.603,-1.679113755846052,0.32785735320611437
4887.623,-1.6787175987937484,0.3178608762876722
4887.643,-1.6783203135965656,0.3078661462694546
4887.663,-1.6779211793869404,0.2978741496151257
4887.683,-1.6775219867549616,0.28788227659852733
4887.703,-1.677122823842272,0.27789040712893903
4887.723,-1.6767237023600348,0.26789853587804746
4887.743,-1.6763246284549105,0.25790666512333305
4887.763,-1.67592561200438,0.24791479283250667
4887.783,-1.675526660866678,0.23792291979020175
4887.803,-1.6751277842752619,0.22793104521136834
4887.823,-1.6747289909464578,0.21793916948666234
4887.843,-1.6743302905559267,0.20794729257738875
4887.863,-1.6739316922585943,0.19795541498309246
4887.883,-1.6735332060981658,0.1879635373502968
4887.903,-1.6731348435579534,0.17797166099640693
4887.923,-1.672736617645,0.16797978821210846
4887.943,-1.672338544020743,0.15798792271593687
4887.963,-1.6719406443133993,0.147996071462452
4887.983,-1.6715429465720668,0.13800424731511418
4888.003,-1.6711454957961698,0.12801247965747212
4888.023,-1.6707489315542965,0.11802088451192524
4888.043,-1.6703501533771739,0.10802898692203017
4888.063,-1.669951428463176,0.09803727195596726
4888.083,-1.6695527215225423,0.0880455562610059
4888.103,-1.669154030989899,0.07805383984434786
4888.123,-1.6687553568645261,0.06806212269822005
4888.143,-1.6683566991550753,0.0580704048151206
4888.163,-1.6679580578642499,0.048078686188061645
4888.183,-1.6675594329885528,0.03808696681067386
4888.203,-1.6671608245182459,0.028095246677301525
4888.223,-1.666762232437384,0.018103525783088617
4888.243,-1.6663636567239068,0.008111804124055688
4888.263,-1.6659650973498017,-0.0018799183028341895
4888.283,-1.6655665542813278,-0.01187164149961982
4888.303,-1.6651680274792982,-0.021863365467297738
4888.323,-1.6647729373800964,-0.031858403598405506
4888.343,-1.6643810275751527,-0.0418528238539448
4888.363,-1.6639880864968264,-0.051847470261097844
4888.383,-1.663595616318893,-0.06184336251556853
4888.403,-1.6632038609262139,-0.07183935488620935
4888.423,-1.6628121921267953,-0.08183539454306164
4888.443,-1.662420115708409,-0.09183123629926691
4888.463,-1.662028860810609,-0.10182616730480051
4888.483,-1.6616384651784506,-0.1118220627046016
4888.503,-1.6612471276475549,-0.12181687232208736
4888.523,-1.6608558357938554,-0.13181390808213317
4888.543,-1.6604599969054612,-0.1418057417395685
4888.563,-1.660064191126464,-0.15179757469775954
4888.583,-1.6596684010025375,-0.1617894083553716
4888.603,-1.659272626324316,-0.1717812427136481
4888.623,-1.6588768670303429,-0.1817730777583454
4888.643,-1.6584811230646732,-0.19176491347502936
4888.663,-1.6580853943761638,-0.20175674984934894
4888.683,-1.6576896809188966,-0.21174858686714826
4888.703,-1.657293982652569,-0.22174042451457704
4888.723,-1.6568982995428296,-0.2317322627781992
4888.743,-1.6565026315615594,-0.24172410164509947
4888.763,-1.6561072486895254,-0.25171660322262973
4888.783,-1.655716844256458,-0.2617149322399846
4888.803,-1.6553261226376543,-0.2717128286538212
4888.823,-1.6549326462522551,-0.2817064147730397
4888.843,-1.6545381307861045,-0.29169847688664113
4888.863,-1.6541436009774177,-0.3016905333394449
4888.883,-1.6537490645538975,-0.3116825878111638
4888.903,-1.6533545336679092,-0.32167464258653405
4888.923,-1.6529600175255486,-0.33166669674376087
4888.943,-1.6525655257615386,-0.34165875133073176
4888.963,-1.6521710665247056,-0.3516508062357037
4888.983,-1.6517766484409404,-0.36164286203333906
4889.003,-1.651382280136337,-0.37163491879899324
4889.023,-1.6509879702303023,-0.3816269768485343
4889.043,-1.6505937271918425,-0.391619036298725
4889.063,-1.6501995601078665,-0.40161109716528204
4889.083,-1.6498054779523963,-0.4116031593859492
4889.103,-1.6494114901985595,-0.42159522268820004
4889.123,-1.649017606270345,-0.4315872866482053
4889.143,-1.6486238360887515,-0.4415793504597072
4889.163,-1.6482301916327766,-0.45157141272271595
4889.183,-1.647836686239214,-0.4615634708923946
4889.203,-1.647443336229017,-0.47155552095623626
4889.223,-1.6470501642926172,-0.4815475552505096
4889.243,-1.646657199913315,-0.4915395594456696
4889.263,-1.6462644926297425,-0.5015314996140989
4889.283,-1.64587246890793,-0.5115234601365357
4889.303,-1.6454783420164265,-0.5215153599476784
4889.323,-1.6450843175287635,-0.5315072614863681
4889.343,-1.6446903102230341,-0.5414991637366742
4889.363,-1.6442963193268765,-0.5514910667024564
4889.383,-1.6439023448463463,-0.5614829703915047
4889.403,-1.6435083867892017,-0.5714748748112178
4889.423,-1.6432970356129897,-0.5808790206872543
4889.443,-1.6432628168556493,-0.5888938183084325
4889.463,-1.6432704934316538,-0.5952103363309493
4889.483,-1.6433405898470554,-0.5998380869861327
4889.503,-1.643742453712902,-0.6035861313739521
4889.523,-1.6445969234364146,-0.6066431198533971
4889.543,-1.6458872260205195,-0.6089892992797658
4889.563,-1.6476270406209748,-0.6106289061100632
4889.583,-1.6497864754803975,-0.6114829497044906
4889.603,-1.652380261998404,-0.6116230149147123
4889.623,-1.655074926302992,-0.6115473215448073
4889.643,-1.6577673778112707,-0.6114253315456332
4889.663,-1.6604570905854072,-0.6112547959827145
4889.683,-1.6631433426156874,-0.611033900688209
4889.703,-1.6658245443043977,-0.6107668019397022
4889.723,-1.6685004272731634,-0.6104513600675017
4889.743,-1.6711702230661005,-0.6100858266050503
4889.763,-1.6738324315298974,-0.6096743891182398
4889.783,-1.6764867433343784,-0.6092149557236824
4889.803,-1.6791323561585723,-0.6087058365384695
4889.823,-1.6817678798871722,-0.6081512479950458
4889.843,-1.6843929570943887,-0.607549150554488
4889.863,-1.6870067447182078,-0.6068979164862903
4889.883,-1.6896079645122706,-0.6062017792685709
4889.903,-1.692196214460365,-0.6054587555065549
4889.923,-1.6947706188844998,-0.6046672865289041
4889.943,-1.6973300073296593,-0.603831611188463
4889.963,-1.699873936304042,-0.6029498056503231
4889.983,-1.7024015060670619,-0.6020203862930682
4890.003,-1.704911836763409,-0.6010456598313615
4890.023,-1.707406274997269,-0.6000139818757031
4890.043,-1.7098818599350811,-0.5989375438515683
4890.063,-1.7123376622063764,-0.59781672922778
4890.083,-1.714772885982296,-0.5966519018111892
4890.103,-1.7171867433446144,-0.5954434392721574
4890.123,-1.719578453378083,-0.5941917333228077
4890.143,-1.7219472424021462,-0.5928971895887604
4890.163,-1.7242923442108236,-0.5915602274743911
4890.183,-1.7266130003099918,-0.5901812800245191
4890.203,-1.7289084601519067,-0.5887607937826597
4890.223,-1.7311779813668815,-0.5872992286459661
4890.243,-1.733420829992089,-0.5857970577169708
4890.263,-1.735636280697452,-0.584254767152246
4890.283,-1.7378236170086152,-0.5826728560080852
4890.303,-1.7399821315270163,-0.5810518360833018
4890.323,-1.7421111261470812,-0.5793922317592208
4890.343,-1.7442099122706074,-0.5776945798369216
4890.363,-1.7462778110184045,-0.5759594293717644
4890.383,-1.7483141534392783,-0.5741873415052026
4890.403,-1.7503182807164694,-0.5723788892938595
4890.423,-1.752289544371647,-0.570534657535807
4890.443,-1.7542273064665794,-0.5686552425939552
4890.463,-1.7561309398025846,-0.5667412522164347
4890.483,-1.757999828117869,-0.5647933053538104
4890.503,-1.759833366282832,-0.5628120319729579
4890.523,-1.7616309604934022,-0.5607980728673947
4890.543,-1.763392028462436,-0.558752079463858
4890.563,-1.7651159996091776,-0.5566747136249092
4890.583,-1.7668023152467356,-0.5545666474473473
4890.603,-1.7684504287674983,-0.552428563056229
4890.623,-1.7700598058263601,-0.5502611523943095
4890.643,-1.771629924521587,-0.5480651170067519
4890.663,-1.7731602755731193,-0.54584116782099
4890.683,-1.7746503624980567,-0.5435900249216722
4890.703,-1.776099701783059,-0.5413124173206665
4890.723,-1.7775078230533556,-0.5390090827221548
4890.743,-1.7788742692380506,-0.5366807672829089
4890.763,-1.780198596731399,-0.5343282253678799
4890.783,-1.7814803755497355,-0.5319522193012914
4890.803,-1.7827191894837389,-0.5295535191134703
4890.823,-1.7839146362457428,-0.5271329022836891
4890.843,-1.7867702310662255,-0.5254900200947502
4890.863,-1.792592102862813,-0.5252637797952521
4890.883,-1.799696629452729,-0.5263287559855844
4890.903,-1.8078003904184068,-0.5286827203692481
4890.923,-1.816833914151515,-0.5322629514332817
4890.943,-1.8260656056445004,-0.5361089741921556
4890.963,-1.83561106952792,-0.5399298634737005
4890.983,-1.8452464289655666,-0.5437644136716967
4891.003,-1.8544797921578675,-0.5476051383502126
4891.023,-1.8637181490923351,-0.5514431787334899
4891.043,-1.8729560833443237,-0.5552812609314093
4891.063,-1.8821938767806397,-0.5591191716128326
4891.083,-1.8914289015479386,-0.5629574766868178
4891.103,-1.9006652114691693,-0.5667955211692071
4891.123,-1.9099004689817496,-0.5706334367740291
4891.143,-1.919136803758184,-0.5744714451552074
4891.163,-1.9283720820161312,-0.5783092975792071
4891.183,-1.9376073815173882,-0.5821470056267234
4891.203,-1.946843959081656,-0.5859845907665862
4891.223,-1.9560792205504056,-0.5898222819516326
4891.243,-1.9653157845146456,-0.5936596652118276
4891.263,-1.974551312913651,-0.597496858734029
4891.283,-1.983787929028711,-0.601334107301881
4891.303,-1.993023494164704,-0.6051711152657074
4891.323,-2.002259105526629,-0.6090078915141616
4891.343,-2.0114928986888967,-0.6128443921418152
4891.363,-2.020732426680067,-0.6166820364217745
4891.383,-2.0299740900063825,-0.6205183786756641
4891.403,-2.0392175786688576,-0.624354048325506
4891.423,-2.048457207660254,-0.6281906112252016
4891.443,-2.057698258789112,-0.6320262128005968
4891.463,-2.0669399394689227,-0.6358610687336433
4891.483,-2.076184220730252,-0.639695343177119
4891.503,-2.0854265870560615,-0.6435297674410683
4891.523,-2.094671955223529,-0.6473634508938731
4891.543,-2.1039077959734445,-0.6511974906301323
4891.563,-2.113142380668673,-0.6550334263649557
4891.583,-2.1223769773540826,-0.6588693217268302
4891.603,-2.1316115782608214,-0.6627052066670409
4891.623,-2.1408461833063894,-0.6665410815001104
4891.643,-2.150080792469048,-0.6703769462813451
4891.663,-2.1593206257894373,-0.674210766615972
4891.683,-2.168563444853906,-0.6780455734179972
4891.703,-2.1778063931396976,-0.6818803249621278
4891.723,-2.187049321929083,-0.6857151300554941
4891.743,-2.1962922385678447,-0.6895499924647571
4891.763,-2.2055351486595884,-0.6933849155182665
4891.783,-2.2147780607853007,-0.6972199133594342
4891.803,-2.224020959415614,-0.7010550336575628
4891.823,-2.2332638373043383,-0.7048903037276344
4891.843,-2.2425067001857495,-0.708725742864107
4891.863,-2.2517495401275824,-0.7125613440150484
4891.883,-2.2609923330018846,-0.7163971014601102
4891.903,-2.2702350750286966,-0.7202330227911954
4891.923,-2.2794777631530376,-0.7240691149826082
4891.943,-2.2887203947567176,-0.7279053850657935
4891.963,-2.2979629674178863,-0.7317418383768469
4891.983,-2.3072054792005274,-0.7355784769813395
4892.003,-2.3164479278217343,-0.7394153018709545
4892.023,-2.3256903103851356,-0.7432523034723837
4892.043,-2.3349326294285317,-0.7470894846074606
4892.063,-2.3441751540843083,-0.7509262523208575
4892.083,-2.3534148808361586,-0.7547648364350661
4892.103,-2.362657205142203,-0.7586023372526847
4892.123,-2.37189939328365,-0.7624400436799553
4892.143,-2.381141479828383,-0.7662779268023645
4892.163,-2.390383470103646,-0.7701159775168972
4892.183,-2.399625369761943,-0.7739541868504585
4892.203,-2.408867185023386,-0.7777925459709745
4892.223,-2.418106718647957,-0.7816321500276192
4892.243,-2.4273462560971764,-0.7854710624083946
4892.263,-2.436585125437618,-0.7893104778293405
4892.283,-2.4458240215564775,-0.793148433054627
4892.303,-2.4550631187235954,-0.7969849599727716
4892.323,-2.4643023477428647,-0.8008217221687063
4892.343,-2.473541668962668,-0.804658321016316
4892.363,-2.4827810784422497,-0.8084947360524706
4892.383,-2.4920205675221636,-0.8123309663280074
4892.403,-2.501260126857045,-0.8161670138967464
4892.423,-2.5104997444792447,-0.8200028822614249
4892.443,-2.5197393991708052,-0.8238385785037362
4892.463,-2.5289790357943045,-0.8276741230068947
4892.483,-2.538214476684431,-0.831510429850045
4892.503,-2.546910126316559,-0.8348360687924925
4892.523,-2.5543149186024774,-0.8371556145726514
4892.543,-2.5600363126242396,-0.8388276603595267
4892.563,-2.564069191217024,-0.8398253941227629
4892.583,-2.567140651823554,-0.8400781250015301
4892.603,-2.569612256483597,-0.839525654559358
4892.623,-2.571483818266361,-0.8381635422851872
4892.643,-2.572724860204035,-0.8360087710399344
4892.663,-2.5736240460240243,-0.8334626612042485
4892.683,-2.574477631106357,-0.8309015440729522
4892.703,-2.575284985030588,-0.8283254573593811
4892.723,-2.5760458477815242,-0.8257352466766876
4892.743,-2.5767599720182015,-0.823131751768989
4892.763,-2.5774271255430894,-0.8205158166709671
4892.783,-2.5780470914207894,-0.8178882895073146
4892.803,-2.5786196680556484,-0.8152500222040018
4892.823,-2.5791446692622713,-0.8126018701981418
4892.843,-2.5796219243294556,-0.809944692147469
4892.863,-2.580051278077643,-0.8072793496396621
4892.883,-2.5804325909099917,-0.8046067069017123
4892.903,-2.5807657388571985,-0.8019276305095001
4892.923,-2.5810506136161937,-0.7992429890977135
4892.943,-2.5812871225828333,-0.79655365307021
4892.963,-2.5814751888787244,-0.7938604943109067
4892.983,-2.5816147513723027,-0.791164385895254
4893.003,-2.5817057646942687,-0.7884662018023457
4893.023,-2.581748199247509,-0.7857668166276961
4893.043,-2.5817469871288323,-0.783069127438602
4893.063,-2.5817065632698752,-0.780373762759641
4893.083,-2.5816156642397385,-0.7776793434534169
4893.103,-2.58147840224293,-0.7749876897047472
4893.123,-2.581292615816465,-0.7722990592538036
4893.143,-2.58105649454521,-0.7696141600229082
4893.163,-2.5807742011393895,-0.7669345771898092
4893.183,-2.5804435952337954,-0.7642605968004373
4893.203,-2.5800629338027052,-0.7615929624954599
4893.223,-2.5796364164235444,-0.7589331838892368
4893.243,-2.579161947693666,-0.7562815785285298
4893.263,-2.5786378488117996,-0.7536389345078081
4893.283,-2.5780683418883767,-0.7510066414615918
4893.303,-2.5774513845847835,-0.7483850700608452
4893.323,-2.576785360430129,-0.7457750469527531
4893.343,-2.5760745080484426,-0.7431778498132339
4893.363,-2.5753168414305345,-0.7405938952794204
4893.383,-2.5745108131356758,-0.7380240406936373
4893.403,-2.5736606669514073,-0.7354694557661502
4893.423,-2.57276447654378,-0.7329306000311304
4893.443,-2.5735907813001333,-0.7297333876947919
4893.463,-2.5774934667718066,-0.7253888308719795
4893.483,-2.583212948220693,-0.7210224077585693
4893.503,-2.590554078687668,-0.7168335811917536
4893.523,-2.5994170964647894,-0.7128281520878876
4893.543,-2.6085988310753816,-0.7088635703037376
4893.563,-2.6180156794175486,-0.7049117840727072
4893.583,-2.6277829316713084,-0.7009514709878115
4893.603,-2.6369975884189487,-0.6969956549604286
4893.623,-2.6462136851400815,-0.6930500435857189
4893.643,-2.655403183411468,-0.6890954946012908
4893.663,-2.6645925214688186,-0.685140920823484
4893.683,-2.673781928783249,-0.6811864456526558
4893.703,-2.682971416617656,-0.6772321405408752
4893.723,-2.692160984057236,-0.6732780148861217
4893.743,-2.7013506291835565,-0.6693240686130879
4893.763,-2.710540350800396,-0.6653703009955327
4893.783,-2.7197301479481952,-0.6614167112126114
4893.803,-2.7289200197137204,-0.6574632986593718
4893.823,-2.7381099654058514,-0.6535100628898612
4893.843,-2.747299983839109,-0.6495570030539356
4893.863,-2.7564900742428105,-0.6456041188574754
4893.883,-2.7656802361816024,-0.6416514101042846
4893.903,-2.7748704680477188,-0.6376988755863613
4893.923,-2.7840607676702644,-0.6337465140438209
4893.943,-2.79325113316039,-0.6297943248157545
4893.963,-2.8024415612913227,-0.6258423058534742
4893.983,-2.8116320474219654,-0.6218904550887244
4894.003,-2.8208193741947265,-0.6179380388041966
4894.023,-2.830004697635438,-0.6139856257704117
4894.043,-2.8386248314778975,-0.6105712440812879
4894.063,-2.845831925876361,-0.6083615154140987
4894.083,-2.8514748136118184,-0.6064679790469943
4894.103,-2.8553536223705662,-0.6046493682126384
4894.123,-2.857991593001661,-0.6029194317727987
4894.143,-2.859503364782488,-0.6010715381308919
4894.163,-2.859943954562067,-0.5992388814194306
4894.183,-2.8594606934587445,-0.5971529156047434
4894.203,-2.858196793712919,-0.5947770210523273
4894.223,-2.856917624749557,-0.5923928527428637
4894.243,-2.8556138721053514,-0.5900291983028849
4894.263,-2.8542677664513394,-0.587689358303341
4894.283,-2.8528797716963386,-0.5853741228350797
4894.303,-2.8514503366342194,-0.583084241039265
4894.323,-2.849979923344474,-0.580820453634993
4894.343,-2.848469007231948,-0.5785834929370948
4894.363,-2.846918076828364,-0.576374082621973
4894.383,-2.8453276336071087,-0.5741929374981816
4894.403,-2.843698191806967,-0.5720407632821195
4894.423,-2.8420302782605353,-0.5699182563778096
4894.443,-2.8403244322245578,-0.5678261036601051
4894.463,-2.838581205210444,-0.5657649822608986
4894.483,-2.8368011608138146,-0.5637355593580333
4894.503,-2.8349848745423034,-0.5617384919666997
4894.523,-2.833132933641065,-0.5597744267331425
4894.543,-2.8312459369156,-0.557843999730543
4894.563,-2.829324494551546,-0.5559478362569628
4894.583,-2.827369227931143,-0.5540865506352642
4894.603,-2.825380769446105,-0.5522607460149517
4894.623,-2.8233597623066458,-0.5504710141759063
4894.643,-2.8213068603464038,-0.5487179353340315
4894.663,-2.8192227278230297,-0.5470020779488555
4894.683,-2.817108039214232,-0.545323998533188
4894.703,-2.8149634790090783,-0.5436842414649665
4894.723,-2.812789741494412,-0.5420833388014739
4894.743,-2.810587530536241,-0.5405218100961459
4894.763,-2.808357559356052,-0.5390001622182261
4894.783,-2.8061005503020175,-0.5375188891755588
4894.803,-2.803817234615123,-0.5360784719408271
4894.823,-2.801508352190327,-0.534679378281568
4894.843,-2.799174651332869,-0.5333220625942979
4894.863,-2.7968168885099414,-0.5320069657430836
4894.883,-2.794435828097966,-0.5307345149028753
4894.903,-2.79203224212575,-0.5295051234079133
4894.923,-2.7896069100138514,-0.5283191906054788
4894.943,-2.787160618310486,-0.5271771017152337
4894.963,-2.784694160424329,-0.52607922769436
4894.983,-2.7822083363545813,-0.5250259251086616
4895.003,-2.7797039524186564,-0.5240175360097574
4895.023,-2.777181820977821,-0.5230543878184458
4895.043,-2.774642760161141,-0.5221367932142892
4895.063,-2.7720875935880054,-0.5212650500314244
4895.083,-2.7695171500895333,-0.5204394411605738
4895.103,-2.7669322634290765,-0.5196602344572063
4895.123,-2.7643337720220553,-0.5189276826557694
4895.143,-2.761722518655279,-0.5182420232899049
4895.163,-2.7590993502059127,-0.5176034786185371
4895.183,-2.7564651173601913,-0.5170122555577255
4895.203,-2.754196110650916,-0.5146238311219848
4895.223,-2.752604102043676,-0.5090186340230659
4895.243,-2.7519645961067227,-0.5018625666033427
4895.263,-2.7523423015804718,-0.4934314993413568
4895.283,-2.7536925096293876,-0.4838079447553035
4895.303,-2.7552538126672386,-0.47392951655905224
4895.323,-2.756672066523196,-0.4637559540075562
4895.343,-2.7580013979306335,-0.45333284322908957
4895.363,-2.759515137607024,-0.4433836784004317
4895.383,-2.7610507580744375,-0.43349480280390146
4895.403,-2.7625958371080372,-0.42361525322936483
4895.423,-2.764140864545767,-0.4137356859148851
4895.443,-2.765685877618799,-0.40385611633737545
4895.463,-2.7672308766382128,-0.393976544747711
4895.483,-2.7687758616113745,-0.3840969712374698
4895.503,-2.770320832541695,-0.37421739589313363
4895.523,-2.7718657894312106,-0.3643378187968963
4895.543,-2.773410732280752,-0.35445824002591075
4895.563,-2.774955661090101,-0.3445786596515662
4895.583,-2.7765005758581465,-0.3346990777388207
4895.603,-2.7780454765830345,-0.3248194943455939
4895.623,-2.7795903632623356,-0.3149399095222305
4895.643,-2.7811352358931862,-0.3050603233110347
4895.663,-2.7826800944724517,-0.29518073574588455
4895.683,-2.7842249389968634,-0.2853011468519264
4895.703,-2.7857697694631733,-0.275421556645358
4895.723,-2.78731374278394,-0.2655407923695386
4895.743,-2.7888584767123614,-0.2556612039214373
4895.763,-2.7904016657811357,-0.24577931148958598
4895.783,-2.791944939295293,-0.23589788596613553
4895.803,-2.7934849054780853,-0.22601367624181856
4895.823,-2.7950269372946015,-0.21613139621084487
4895.843,-2.7965693194520864,-0.20624947892535977
4895.863,-2.7981110518543937,-0.19636676213431065
4895.883,-2.7996552603140183,-0.18648708233817599
4895.903,-2.801199427851431,-0.17660739737342016
4895.923,-2.802743580306424,-0.16672771030899777
4895.943,-2.8042860458224554,-0.15684578056025958
4895.963,-2.805826047221794,-0.14695961043060857
4895.983,-2.80736699971479,-0.137073161456554
4896.003,-2.808907633743478,-0.12718666944905305
4896.023,-2.8104479871237436,-0.11730013510709913
4896.043,-2.8119880733923877,-0.10741355968309259
4896.063,-2.8135278954345906,-0.09752694392645864
4896.083,-2.8150674553160693,-0.08764028925826808
4896.103,-2.816606755386834,-0.07775359792424456
4896.123,-2.8181458006472315,-0.06786687441592057
4896.143,-2.8196846029792444,-0.057980128998002936
4896.163,-2.821224282823972,-0.048095342867119584
4896.183,-2.822765703511828,-0.03821521946273368
4896.203,-2.824306978259127,-0.028335080930367792
4896.223,-2.8258482375765093,-0.018454939300883176
4896.243,-2.8273894826917183,-0.00857479463932703
4896.263,-2.828930713646062,0.0013053530908409966
4896.283,-2.830471930468633,0.011185503919344662
4896.303,-2.832013133187215,0.021065657867716858
4896.323,-2.8335543218283137,0.030945814949013085
4896.343,-2.8350954964170936,0.04082597516762222
4896.363,-2.836636656977305,0.05070613851916751
4896.383,-2.8381778035312326,0.060586304990498045
4896.403,-2.8397189360996324,0.0704664745597705
4896.423,-2.8412600547016873,0.08034664719662069
4896.443,-2.8428011593549596,0.09022682286242234
4896.463,-2.844342250075361,0.10010700151063133
4896.483,-2.845883326877123,0.1099871830872107
4896.503,-2.8474243897727853,0.11986736753113314
4896.523,-2.8489654387731886,0.1297475547749551
4896.543,-2.850506473887479,0.13962774474545678
4896.563,-2.8520474951231214,0.14950793736434212
4896.583,-2.8535885024859295,0.15938813254899054
4896.603,-2.8551294959801035,0.16926833021325416
4896.623,-2.8566704756082766,0.1791485302682912
4896.643,-2.858211441371574,0.18902873262342829
4896.663,-2.859752393269684,0.198908937187042
4896.683,-2.8612933313009394,0.2087891438674515
4896.703,-2.862834255462403,0.2186693525738127
4896.723,-2.8643751657499683,0.22854956321700562
4896.743,-2.865909409256592,0.238439216186854
4896.763,-2.867449951457374,0.24831970977446194
4896.783,-2.86899048245504,0.25820017170251947
4896.803,-2.87053101149581,0.26808062689293677
4896.823,-2.8720715228232114,0.2779610770482346
4896.843,-2.8736120110323697,0.2878415205681535
4896.863,-2.875152473317842,0.29772195569596593
4896.883,-2.876692906279519,0.307602380552121
4896.903,-2.8782333047492092,0.317482792072083
4896.923,-2.8797736636714566,0.3273631864530293
4896.943,-2.8813139765386917,0.33724355941312256
4896.963,-2.8828483110598344,0.3471341508496416
4896.983,-2.884387507536018,0.35701551359552286
4897.003,-2.8859273759046298,0.36689585149052717
4897.023,-2.887465912501675,0.37677851400296775
4897.043,-2.889003645219462,0.3866606007143679
4897.063,-2.8905383701633425,0.39654550638738895
4897.083,-2.8920763997906036,0.40642867150231565
4897.103,-2.8936136320430523,0.41631185409327043
4897.123,-2.8951507541102783,0.4261948438682535
4897.143,-2.8966901408226557,0.4360752614663985
4897.163,-2.898229460250861,0.44595570307333643
4897.183,-2.8997687648352084,0.45583614667753986
4897.203,-2.9013061342815445,0.4657202348896165
4897.223,-2.9028412402713126,0.4756064248755142
4897.243,-2.904377307530993,0.4854936374744241
4897.263,-2.905913056405601,0.4953808930017767
4897.283,-2.907448527895647,0.505268190288588
4897.303,-2.908983733315086,0.5151555282318265
4897.323,-2.9105186751356635,0.5250429060757414
4897.343,-2.9120533554128962,0.5349303222522821
4897.363,-2.9135877765618923,0.5448177744286347
4897.383,-2.9151219443062364,0.5547052574290204
4897.403,-2.9166558731530965,0.5645927592103619
4897.423,-2.918191330488023,0.5744769700988664
4897.443,-2.9197278459658165,0.584357852611998
4897.463,-2.921264295174827,0.5942387429117174
4897.483,-2.9228007296818963,0.6041196362437771
4897.503,-2.9243371499913913,0.6140005326079766
4897.523,-2.925873556137618,0.6238814320402223
4897.543,-2.9274099481493425,0.6337623345689274
4897.563,-2.9289463260540787,0.6436432402142556
4897.583,-2.9304826898780605,0.6535241489878545
4897.603,-2.932019039646174,0.6634050608926814
4897.623,-2.933555375381896,0.67328597592292
4897.643,-2.9350916971072296,0.6831668940639858
4897.663,-2.936628004842654,0.6930478152926233
4897.683,-2.938164298607066,0.7029287395770922
4897.703,-2.939700578417749,0.7128096668774413
4897.723,-2.941236844290335,0.7226905971458644
4897.743,-2.9427730962387795,0.7325715303271411
4897.763,-2.9443093342753492,0.7424524663591491
4897.783,-2.9458455584106154,0.7523334051734515
4897.803,-2.94738176865346,0.762214346695947
4897.823,-2.948917965011094,0.772095290847578
4897.843,-2.9504541474890837,0.7819762375450908
4897.863,-2.9519903160913934,0.7918571867018406
4897.883,-2.953526470820428,0.801738138228628
4897.903,-2.955062611677101,0.811619092034568
4897.923,-2.9565987386608987,0.821500048027971
4897.943,-2.958134851769967,0.831381006117239
4897.963,-2.959670951001197,0.8412619662117574
4897.983,-2.9612068655056283,0.8511432549938341
4898.003,-2.9627363994413023,0.8610333943756531
4898.023,-2.9642720916115146,0.8709146263210756
4898.043,-2.9658078017681775,0.8807958366318455
4898.063,-2.9673435051276495,0.8906770411983496
4898.083,-2.968879189357547,0.9005582405523136
4898.103,-2.9704148498255476,0.9104394329526878
4898.123,-2.9719504838735697,0.9203206166848544
4898.143,-2.9734860878028946,0.9302017897118597
4898.163,-2.975021656292348,0.9400829487926164
4898.183,-2.976557184470521,0.9499640901107903
4898.203,-2.9780920393135117,0.9598465233285605
4898.223,-2.979621519390384,0.9697371791690381
4898.243,-2.9811564399699337,0.9796186564108639
4898.263,-2.982691513452743,0.9894997551679365
4898.283,-2.9842246995742343,0.9993837570729983
4898.303,-2.985757225511348,1.0092671656771668
4898.323,-2.9872876164271207,1.0191536569907518
4898.343,-2.988821179823265,1.0290355865952545
4898.363,-2.9903528788055342,1.0389215312274436
4898.383,-2.99188588395654,1.0488032577123154
4898.403,-2.9934204097587163,1.058684441081643
4898.423,-2.9949549035062555,1.0685656334217382
4898.443,-2.9964893826715264,1.078446827650729
4898.463,-2.998021126442179,1.088333715538511
4898.483,-2.9995515817901417,1.0982199571411104
4898.503,-3.0010827567478175,1.108107929678873
4898.523,-3.0026136204931695,1.1179959454810466
4898.543,-3.0041442106969787,1.1278840026303414
4898.563,-3.00567453542028,1.1377721002073262
4898.583,-3.0072045967084367,1.1476602373931029
4898.603,-3.008734396702509,1.157548412453277
4898.623,-3.0102639380680882,1.167436622844394
4898.643,-3.0117932273327783,1.1773248626085908
4898.663,-3.0133222831774176,1.1872131174791305
4898.683,-3.014853479796136,1.19709675278268
4898.703,-3.0163851364342054,1.2069783878907088
4898.723,-3.017916758290114,1.2168600278567816
4898.743,-3.019448365730719,1.2267416708301113
4898.763,-3.0209799589743005,1.2366233168357799
4898.783,-3.0225115380522203,1.2465049659086826
4898.803,-3.024043102992949,1.25638661807591
4898.823,-3.025574653823725,1.2662682733562507
4898.843,-3.0271061905705094,1.2761499317599403
4898.863,-3.028637713257909,1.2860315932885042
4898.883,-3.0301692219091185,1.295913257934688
4898.903,-3.0317007165458603,1.3057949256824757
4898.923,-3.0332321971883256,1.3156765965072066
4898.943,-3.034763663855133,1.3255582703757718
4898.963,-3.0362951165632794,1.3354399472469058
4898.983,-3.0378265553281163,1.3453216270715547
4899.003,-3.039357980163319,1.3552033097933278
4899.023,-3.040889391080882,1.3650849953490258
4899.043,-3.0424207880911043,1.3749666836692367
4899.063,-3.0439521712026054,1.3848483746789968
4899.083,-3.0454835404223406,1.3947300682985093
4899.103,-3.047014895755629,1.40461176444391
4899.123,-3.0485462372061964,1.41449346302808
4899.143,-3.050077564776222,1.424375163961488
4899.163,-3.0516088784664044,1.4342568671530598
4899.183,-3.0531401782760326,1.444138572511067
4899.203,-3.0546714642030635,1.4540202799440176
4899.223,-3.0562027362442197,1.4639019893615528
4899.243,-3.057730663282034,1.4737888649803712
4899.263,-3.0592584497084476,1.4836749734650618
4899.283,-3.0607893162509163,1.4935569453601902
4899.303,-3.0623202017763544,1.5034389024107786
4899.323,-3.0638510767594793,1.5133208542975405
4899.343,-3.065381931501853,1.5232028007430265
4899.363,-3.0669127618531107,1.5330847399163914
4899.383,-3.0684435653089515,1.5429666701242872
4899.403,-3.069974337809647,1.5528485891868213
4899.423,-3.071505073872172,1.562730493632644
4899.443,-3.0730357688507506,1.5726123797093972
4899.463,-3.074565327853293,1.5824962809437193
4899.483,-3.0760907692987467,1.5923873922642986
4899.503,-3.0776204806598155,1.6022691828561826
4899.523,-3.079150733323799,1.6121510329936173
4899.543,-3.0806780666030185,1.6220358093516645
4899.563,-3.0822053710891435,1.631920530283959
4899.583,-3.083732032165563,1.6418073216535392
4899.603,-3.0852610168204206,1.6516898643718387
4899.623,-3.0867878031743046,1.6615767437917615
4899.643,-3.088316047401831,1.6714590372648845
4899.663,-3.0898457336401695,1.681340973711862
4899.683,-3.0913753985641845,1.6912229148168483
4899.703,-3.0929050490076087,1.7011048577702528
4899.723,-3.094431680022217,1.7109926650355158
4899.743,-3.095956953737111,1.7208808364000527
4899.763,-3.0974832308902216,1.7307695676208692
4899.783,-3.099009207553502,1.7406583416634271
4899.803,-3.100534913351358,1.7505471567005337
4899.823,-3.10206035407166,1.7604360119432543
4899.843,-3.103585531528421,1.7703249064734328
4899.863,-3.105110447896259,1.7802138384379804
4899.883,-3.1066351063408737,1.7901028048904795
4899.903,-3.1081595141362643,1.7999917991760785
4899.923,-3.1096836965221963,1.8098808043034442
4899.943,-3.111210314188731,1.819764527645352
4899.963,-3.1127371079038624,1.8296469150641943
4899.983,-3.1142638747782145,1.8395293065634677
4900.003,-3.115790627307183,1.8494117010645366
4900.023,-3.11731736563643,1.8592940985984185
4900.043,-3.118844089796433,1.8691764991987874
4900.063,-3.120370799815442,1.8790589028913833
4900.083,-3.121897495720481,1.8889413096935959
4900.103,-3.123424177537282,1.8988237196142297
4900.123,-3.1249508452902273,1.908706132653361
4900.143,-3.126477499002277,1.918588548802282
4900.163,-3.128004138694914,1.9284709680435383
4900.183,-3.1295307643880905,1.9383533903510552
4900.203,-3.1310573761001796,1.9482358156903532
4900.223,-3.132583973847936,1.9581182440188498
4900.243,-3.134110557646464,1.9680006752862438
4900.263,-3.135637127509197,1.9778831094349816
4900.283,-3.1371636834478847,1.9877655464007915
4900.303,-3.1386902254725895,1.9976479861132983
4900.323,-3.140216753591697,2.007530428496686
4900.343,-3.1417432678119357,2.017412873470431
4900.363,-3.1432697681384036,2.0272953209500737
4900.383,-3.144796254574616,2.0371777708480368
4900.403,-3.146322727122552,2.047060223074474
4900.423,-3.1478491857827193,2.0569426775381423
4900.443,-3.1493756305542275,2.0668251341472903
4900.463,-3.150902061434872,2.076707592810553
4900.483,-3.152428478421223,2.0865900534378437
4900.503,-3.1539499283568753,2.096479014718132
4900.523,-3.155474465312358,2.1063645761944807
4900.543,-3.157000512093358,2.1162472921823987
4900.563,-3.1585265601929087,2.126129997334341
4900.583,-3.1600525888959594,2.136012697708614
4900.603,-3.161578592923756,2.145895392408677
4900.623,-3.1631045700841547,2.155778079514113
4900.643,-3.1646305185654353,2.1656607573276005
4900.663,-3.166156434690209,2.1755434233925786
4900.683,-3.167682313290833,2.185426074054862
4900.703,-3.1692081497716544,2.195308705585918
4900.723,-3.170730645006055,2.205196200805108
4900.743,-3.1722529299559614,2.215085105203037
4900.763,-3.1737780611415234,2.2249677726866612
4900.783,-3.1748932593969257,2.234261576861475
4900.803,-3.1755271748293477,2.2421455875388525
4900.823,-3.1760685117650023,2.248372335209823
4900.843,-3.1763402359088517,2.2529726619777075
4900.863,-3.176741645218603,2.256559759520739
4900.883,-3.1775852073864828,2.259399147539532
4900.903,-3.1788593587963123,2.2614791501664193
4900.923,-3.1807010091273438,2.2628480726583886
4900.943,-3.1828545835233752,2.2633193170545556
4900.963,-3.1854913294855725,2.2633035053865216
4900.983,-3.1883104121242294,2.2629429328552817
4901.003,-3.1910625822960315,2.2624566775483967
4901.023,-3.1938351308071677,2.2619679181518184
4901.043,-3.1966918568171026,2.261496268322753
4901.063,-3.1994912387989944,2.260916941460311
4901.083,-3.2023593055870623,2.2603672177096503
4901.103,-3.2051081943530497,2.259676811454781
4901.123,-3.2077326030083992,2.2588218220676684
4901.143,-3.2103074733472163,2.2579151059816334
4901.163,-3.2128768726315635,2.2569695773857568
4901.183,-3.2154346254565915,2.2559874357230316
4901.203,-3.21796952609528,2.2549539662045683
4901.223,-3.220477983692526,2.253865894620502
4901.243,-3.2229604077060476,2.252733385881209
4901.263,-3.225416266463904,2.2515487256123414
4901.283,-3.2278489996569433,2.2503112594375136
4901.303,-3.230256270628818,2.2490289503071135
4901.323,-3.2326461592524733,2.247712013764989
4901.343,-3.2350117172624886,2.2463500000850787
4901.363,-3.2373522157021553,2.2449421527750606
4901.383,-3.2396663459119237,2.243494131316474
4901.403,-3.2419477798875174,2.241998350215543
4901.423,-3.244199266955892,2.240453673106736
4901.443,-3.2464198674206237,2.238867570468813
4901.463,-3.2486191839789336,2.2372493726431277
4901.483,-3.250788639659886,2.235589860300819
4901.503,-3.2529274658221987,2.2338891579025777
4901.523,-3.255172174740474,2.2321784569230685
4901.543,-3.257153914990848,2.2303443497501885
4901.563,-3.259098283337917,2.228471771888029
4901.583,-3.2610086525669737,2.2265644912844116
4901.603,-3.2628843913368963,2.224623136928285
4901.623,-3.264724892844922,2.222648336652193
4901.643,-3.2665295616832264,2.2206407289997223
4901.663,-3.2682978139128296,2.2186009631417094
4901.683,-3.2700290772479526,2.216529698683847
4901.703,-3.273190903652533,2.215604945848437
4901.723,-3.278902573847239,2.2167550114974817
4901.743,-3.285557192649034,2.219461838521965
4901.763,-3.292879733713444,2.2236565699419564
4901.783,-3.300817342792771,2.2292617718971046
4901.803,-3.308884890437578,2.2351718279129766
4901.823,-3.31719558069149,2.2411880863031968
4901.843,-3.3256446890535467,2.247275750691568
4901.863,-3.3337549541662517,2.253201791676947
4901.883,-3.3418324483748862,2.2591113031890906
4901.903,-3.3499017735268417,2.2650171047263634
4901.923,-3.357970800237928,2.27092320239534
4901.943,-3.3660398279021626,2.276829297929957
4901.963,-3.3741088588435657,2.2827353891019433
4901.983,-3.3821778930798114,2.2886414758421876
4902.003,-3.3902469306038694,2.294547558103937
4902.023,-3.39831597140556,2.3004536358444234
4902.043,-3.406385015471839,2.306359709025169
4902.063,-3.4144540627868905,2.312265777612411
4902.083,-3.4225231133322627,2.318171841577479
4902.103,-3.4305921670870236,2.324077900897124
4902.123,-3.4386612240279457,2.3299839555537876
4902.143,-3.4467302841297047,2.3358900055358114
4902.163,-3.4547993473651153,2.341796050837596
4902.183,-3.462868413705378,2.3477020914596847
4902.203,-3.470406125892244,2.3530896385055997
4902.223,-3.4766968561285845,2.357263553695786
4902.243,-3.481420016304211,2.360190085346788
4902.263,-3.484810853981642,2.362135872315338
4902.283,-3.4877572350786545,2.3630790853511274
4902.303,-3.490270896385038,2.363060424680179
4902.323,-3.4923717113501227,2.3620915248548626
4902.343,-3.494038020935903,2.36019050949766
4902.363,-3.49551006006542,2.357927094346343
4902.383,-3.4969407411565565,2.3556377997763187
4902.403,-3.498329992357905,2.353323120226247
4902.423,-3.499677367702538,2.350983802254424
4902.443,-3.500982430194705,2.3486206031338424
4902.463,-3.5022447564115167,2.3462342880310336
4902.483,-3.5034639366988936,2.343825629736198
4902.503,-3.5046395753200446,2.3413954084102526
4902.523,-3.5057712905989136,2.3389444113275872
4902.543,-3.506858715058693,2.336473432614647
4902.563,-3.507901495555102,2.3339832729846406
4902.583,-3.5088992934041743,2.331474739468746
4902.603,-3.5098517845043085,2.3289486451441457
4902.623,-3.5107586594524025,2.326405808859288
4902.643,-3.5116196236539277,2.3238470549567225
4902.663,-3.512434397426825,2.3212732129938645
4902.683,-3.5132027160991672,2.3186851174620386
4902.703,-3.5139243301005534,2.316083607504102
4902.723,-3.514599005047237,2.3134695266309393
4902.743,-3.515226521821021,2.3108437224370837
4902.763,-3.5158066766419718,2.308207046315704
4902.783,-3.51633928113503,2.305560353173136
4902.803,-3.516824162390592,2.3029045011431326
4902.823,-3.5172611630191737,2.300240351300975
4902.843,-3.5195130081452777,2.297835753870747
4902.863,-3.525015436697424,2.295920301272187
4902.883,-3.5321213852813744,2.294865654092614
4902.903,-3.5405592321209647,2.294752303228521
4902.923,-3.550244269470281,2.295540592486587
4902.943,-3.560196544018114,2.2965252948590327
4902.963,-3.5705004336473465,2.297305475980619
4902.983,-3.5808841850617092,2.298043464938573
4903.003,-3.590920564373106,2.2989520086096507
4903.023,-3.6008882584427555,2.2999014275583822
4903.043,-3.610844167150222,2.300863382616617
4903.063,-3.620804607029024,2.301824510527091
4903.083,-3.630759886209254,2.3027876747156397
4903.103,-3.6407201518125065,2.3037481781827975
4903.123,-3.650679412864049,2.3047100966015397
4903.143,-3.6606387038393193,2.3056718865851367
4903.163,-3.670598016619462,2.306633445667315
4903.183,-3.6805573518481793,2.3075947582435976
4903.203,-3.6905167099935428,2.3085558214741937
4903.223,-3.700476091386828,2.309516634464394
4903.243,-3.710435496266158,2.310477196728632
4903.263,-3.720394924802455,2.3114375079435527
4903.283,-3.7303543771177283,2.312397567887438
4903.303,-3.740313853298531,2.313357376412015
4903.323,-3.7502733534059387,2.3143169334237026
4903.343,-3.760227916524073,2.31527879471284
4903.363,-3.7701811658955786,2.3162411781076275
4903.383,-3.7801344116636524,2.317203525265844
4903.403,-3.7900876551278255,2.318165860572076
4903.423,-3.8000409005555045,2.3191281829413013
4903.443,-3.8099941479965667,2.3200904896721104
4903.463,-3.819947397515758,2.32105278075391
4903.483,-3.8299006491719707,2.3220150562005353
4903.503,-3.8398539030168646,2.322977316027222
4903.523,-3.8498071590943845,2.3239395602502833
4903.543,-3.859760417440359,2.3249017888869865
4903.563,-3.8697136780821837,2.325864001955404
4903.583,-3.879666941038588,2.3268261994742674
4903.603,-3.889620206319482,2.3277883814628075
4903.623,-3.89957347392589,2.3287505479405857
4903.643,-3.909526743849974,2.329712698927328
4903.663,-3.919480016075144,2.330674834442745
4903.683,-3.929433290576247,2.331636954506364
4903.703,-3.93938656731985,2.332599059137353
4903.723,-3.949339846264596,2.3335611483543452
4903.743,-3.9592931273616445,2.3345232221752767
4903.763,-3.969246410555179,2.33548528061722
4903.783,-3.9791996957829894,2.3364473236962353
4903.803,-3.989152982977112,2.3374093514272194
4903.823,-3.9991080419261986,2.338369307397178
4903.843,-4.009068256491615,2.3393272472629603
4903.863,-4.0190283418266,2.3402853960825745
4903.883,-4.028988455524352,2.341243341561244
4903.903,-4.038948595937057,2.3422010286094013
4903.923,-4.048908762527585,2.343158448585839
4903.943,-4.058868955022986,2.3441155999980365
4903.963,-4.0688291731433095,2.345072482715559
4903.983,-4.07878941647892,2.3460290970734605
4904.003,-4.088749684732689,2.3469854431650075
4904.023,-4.098709977429096,2.3479415214362214
4904.043,-4.108670294087204,2.3488973321989604
4904.063,-4.118630634689101,2.3498528755621106
4904.083,-4.128590998727975,2.3508081524489
4904.103,-4.138551385326176,2.3517631636210736
4904.123,-4.148511793865584,2.352717910155662
4904.143,-4.158467541961624,2.353674930125319
4904.163,-4.16842123560482,2.3546327207903675
4904.183,-4.17837493049377,2.355590480603133
4904.203,-4.1883286259284285,2.3565482248178022
4904.223,-4.198282321896881,2.357505953562358
4904.243,-4.2082360184012515,2.358463666824002
4904.263,-4.218189715452209,2.359421364588079
4904.283,-4.228144321527031,2.3603784661400766
4904.303,-4.2381047700585155,2.3613317376328613
4904.323,-4.248062518857082,2.362286252029555
4904.343,-4.2580237227287245,2.3632392200209016
4904.363,-4.267983770313237,2.364192969968943
4904.383,-4.277943846801097,2.3651466079822754
4904.403,-4.2879039466628255,2.3661000101217775
4904.423,-4.2978640701321975,2.367053160705208
4904.443,-4.307824217337942,2.368006057951972
4904.463,-4.317784388356241,2.368958701898023
4904.483,-4.327744583235236,2.369911092766504
4904.503,-4.33770480200444,2.3708632307610316
4904.523,-4.347665044680466,2.3718151160499406
4904.543,-4.357625311271141,2.3727667487733615
4904.563,-4.36758560177856,2.3737181290509013
4904.583,-4.377545916201356,2.374669256987506
4904.603,-4.387500680885408,2.3756228242460686
4904.623,-4.397454737287849,2.3765768244158205
4904.643,-4.407408786532608,2.3775307762398596
4904.663,-4.4173628376427185,2.3784847269370606
4904.683,-4.427316890696951,2.3794386620746235
4904.703,-4.437270945762773,2.3803925815399114
4904.723,-4.44722500290468,2.381346485344716
4904.743,-4.457179062180437,2.382300373503184
4904.763,-4.467133123640482,2.383254246030656
4904.783,-4.477087187327461,2.3842081029435467
4904.803,-4.48704125327585,2.3851619442592074
4904.823,-4.496995321511647,2.386115769995782
4904.843,-4.506949392052154,2.3870695801720556
4904.863,-4.516903464905835,2.3880233748072968
4904.883,-4.526857540072264,2.3889771539210884
4904.903,-4.5368116175421775,2.3899309175331553
4904.923,-4.546765697297567,2.3908846656631937
4904.943,-4.556719779311913,2.3918383983306906
4904.963,-4.56667386355047,2.392792115554754
4904.983,-4.576627949970633,2.3937458173539405
4905.003,-4.586582038522391,2.394699503746087
4905.023,-4.59653612914885,2.39565317474815
4905.043,-4.606490221786823,2.396606830376053
4905.063,-4.616444316367478,2.3975604706445424
4905.083,-4.626401702723517,2.3985109743120168
4905.103,-4.636362558437142,2.3994606784123955
4905.123,-4.646323456351118,2.400410429625664
4905.143,-4.656284382571144,2.4013599515255093
4905.163,-4.666245335438168,2.40230920820292
4905.183,-4.676206314384202,2.4032581950761704
4905.203,-4.686167319054571,2.4042069119315626
4905.223,-4.696128349119574,2.4051553592133064
4905.243,-4.7060894041528485,2.406103537475074
4905.263,-4.716050483835925,2.407051447025119
4905.283,-4.726011587679407,2.407999088313575
4905.303,-4.735972715229278,2.4089464617329153
4905.323,-4.745340901349636,2.409617617915705
4905.343,-4.753334450816,2.4099175420580465
4905.363,-4.75960854294929,2.41006095102274
4905.383,-4.764155077473464,2.4101452951092854
4905.403,-4.767862406683142,2.409857232203565
4905.423,-4.770996695033109,2.40906960348502
4905.443,-4.773605516606309,2.4077669578701233
4905.463,-4.775659802608123,2.405967983281418
4905.483,-4.777157239374514,2.4037029229689075
4905.503,-4.7780434854740665,2.400990792888899
4905.523,-4.778187088215439,2.398235269561445
4905.543,-4.778186849984742,2.3955372348041695
4905.563,-4.778147461600665,2.3928413489358813
4905.583,-4.778057567097013,2.3901464949722473
4905.603,-4.7779212480737385,2.3874546375112105
4905.623,-4.777736432276902,2.3847657769191692
4905.643,-4.777501261688172,2.3820806805960406
4905.663,-4.779112797131978,2.3791872453532124
4905.683,-4.783985080573064,2.3759529838789053
4905.703,-4.790617439338525,2.373153435632381
4905.723,-4.798775829346007,2.370930381668533
4905.743,-4.808360975021142,2.369264149665394
4905.763,-4.818241382687857,2.3677154547149852
4905.783,-4.828440961524714,2.36632142176066
4905.803,-4.8388156798928135,2.364986901921824
4905.823,-4.848741640184125,2.363484800177012
4905.843,-4.858623186572534,2.3619494035710966
4905.863,-4.868504298344091,2.360414250211053
4905.883,-4.878385408274505,2.358879123454498
4905.903,-4.888266519946667,2.357344011309625
4905.923,-4.898147633405356,2.3558089135847977
4905.943,-4.908028748657386,2.35427383019888
4905.963,-4.9179098657118985,2.3527387610713073
4905.983,-4.927790984580766,2.351203706121578
4906.003,-4.937672105278521,2.3496686652698235
4906.023,-4.947553227822247,2.348133638437397
4906.043,-4.957434352231445,2.3465986255474536
4906.063,-4.967315478527874,2.345063626525531
4906.083,-4.977196606735366,2.3435286413001077
4906.103,-4.9870777368796135,2.3419936698031587
4906.123,-4.996958868987946,2.340458711970657
4906.143,-5.006840003089083,2.338923767743076
4906.163,-5.016721139212874,2.3373888370658347
4906.183,-5.026605951936718,2.3358576092292953
4906.203,-5.036491722156215,2.3343275722634873
4906.223,-5.046377977321476,2.3327965106960873
4906.243,-5.056262628362487,2.3312648371030997
4906.263,-5.0661468620691545,2.329733110689023
4906.283,-5.076033235263379,2.328200812167106
4906.303,-5.085919941128861,2.3266702522280482
4906.323,-5.095807907529771,2.325139361003234
4906.343,-5.105695918061722,2.3236086678976786
4906.363,-5.1155839710643765,2.322078229711932
4906.383,-5.1254720659362025,2.3205480522364876
4906.403,-5.135360201776828,2.3190181359430566
4906.423,-5.14524837766328,2.317488480330076
4906.443,-5.155136592388346,2.3159590844800477
4906.463,-5.165024844534986,2.3144299471463503
4906.483,-5.174913131321744,2.312901065513119
4906.503,-5.184801447905843,2.3113724349122533
4906.523,-5.194689783820927,2.3098440431820833
4906.543,-5.204575516347724,2.3083144481081703
4906.563,-5.214457277943628,2.306783475787764
4906.583,-5.224339049170946,2.3052526002526195
4906.603,-5.234220822845509,2.3037217395510323
4906.623,-5.24410259889649,2.302190892977852
4906.643,-5.253984377312573,2.3006600605754395
4906.663,-5.263866158080237,2.299129242393209
4906.683,-5.273747941183367,2.2975984384800197
4906.703,-5.283629726603441,2.296067648883461
4906.723,-5.2935115143197375,2.2945368736492178
4906.743,-5.303393304309569,2.2930061128204637
4906.763,-5.313275096548543,2.2914753664372975
4906.783,-5.323156891010816,2.2899446345362127
4906.803,-5.333038687669382,2.2884139171495974
4906.823,-5.342920486496363,2.2868832143053064
4906.843,-5.352802287463304,2.2853525260262635
4906.863,-5.362684090541478,2.2838218523301292
4906.883,-5.372565895702193,2.2822911932290246
4906.903,-5.382447702917091,2.2807605487293183
4906.923,-5.39232951215845,2.2792299188314735
4906.943,-5.4022113233994755,2.277699303529956
4906.963,-5.412093136614582,2.2761687028132087
4906.983,-5.4219749517796645,2.2746381166636986
4907.003,-5.431856768872351,2.2731075450580147
4907.023,-5.441738587872238,2.2715769879670376
4907.043,-5.451625383183391,2.2700515140377737
4907.063,-5.461511546716757,2.268527121295087
4907.083,-5.471397465168682,2.267003084923919
4907.103,-5.481281698832007,2.2654781496595175
4907.123,-5.491166126845636,2.263953378218039
4907.143,-5.501050454644597,2.262428745224753
4907.163,-5.510933352698123,2.260903325054934
4907.183,-5.520817755970272,2.259379052134267
4907.203,-5.530702010296688,2.2578545100017653
4907.223,-5.540588179763903,2.2563295711457574
4907.243,-5.550473560423348,2.2548054327578986
4907.263,-5.560359883309937,2.253281984885593
4907.283,-5.570246441135449,2.251758408918268
4907.303,-5.580128657924484,2.2502303483133574
4907.323,-5.59001087073592,2.2487023558323864
4907.343,-5.599893085367583,2.2471743776890167
4907.363,-5.6097753019216885,2.2456464133311855
4907.383,-5.619657520427331,2.244118462688432
4907.403,-5.629539740914,2.2425905256993692
4907.423,-5.6394219634122305,2.241062602307812
4907.443,-5.649304187953336,2.239534692463125
4907.463,-5.659190036994103,2.2380102762949905
4907.483,-5.669076665511206,2.2364854576068485
4907.503,-5.678962318831582,2.234960684554321
4907.523,-5.6888483199915205,2.2334359337861667
4907.543,-5.6987351096008485,2.231910664925734
4907.563,-5.70862350955392,2.230386785267522
4907.583,-5.718512538758836,2.2288627290367415
4907.603,-5.728401611090373,2.2273388892811976
4907.623,-5.738290726104553,2.2258153064945176
4907.643,-5.748179883069097,2.2242919851139695
4907.663,-5.758069081024447,2.222768925374447
4907.683,-5.767958318930665,2.2212461265962826
4907.703,-5.777847595514986,2.2197235877631956
4907.723,-5.787736909258667,2.2182013074154936
4907.743,-5.797626256977429,2.2166792822204746
4907.763,-5.807515633304624,2.2151575065805074
4907.783,-5.817405025802016,2.2136359635210296
4907.803,-5.827291154825924,2.2121130355082634
4907.823,-5.837173973821633,2.2105889208755576
4907.843,-5.847056798685286,2.209064860999717
4907.863,-5.856939625953985,2.2075408155909444
4907.883,-5.866822455588985,2.2060167843262897
4907.903,-5.876705287578758,2.2044927672517636
4907.923,-5.886588121909307,2.202968764416782
4907.943,-5.896470958564064,2.201444775870058
4907.963,-5.906353797524085,2.1999208016589207
4907.983,-5.916236638768267,2.19839684182869
4908.003,-5.9261194822735845,2.196872896422084
4908.023,-5.936002328015344,2.195348965478646
4908.043,-5.9458851759674545,2.193825049034226
4908.063,-5.95576802610271,2.1923011471204963
4908.083,-5.965650878393083,2.1907772597645208
4908.103,-5.975533732810023,2.189253386988376
4908.123,-5.985416589324767,2.187729528808825
4908.143,-5.995299447908629,2.1862056852370504
4908.163,-6.0051823085333265,2.1846818562784507
4908.183,-6.015065171171256,2.183158041932499
4908.203,-6.0249480357958,2.1816342421926653
4908.223,-6.034830902381603,2.1801104570464016
4908.243,-6.044713770904829,2.1785866864751915
4908.263,-6.054596641343428,2.1770629304546687
4908.283,-6.064479513677358,2.17553918895479
4908.303,-6.074367289550549,2.1740212030199366
4908.323,-6.084254697895175,2.1725037923073875
4908.343,-6.094142652004228,2.1709866704272454
4908.363,-6.10402804951479,2.169468578695051
4908.383,-6.113912145709703,2.167950207836851
4908.403,-6.123797541638982,2.1664324362775784
4908.423,-6.133681648333562,2.164914152066846
4908.443,-6.143567103502848,2.1633967114525783
4908.463,-6.153451928014613,2.1618789221318493
4908.483,-6.163339253880535,2.1603610515970493
4908.503,-6.173226731634714,2.1588438791199405
4908.523,-6.183114576309545,2.1573262652858225
4908.543,-6.1930010939573545,2.1558096162570117
4908.563,-6.20288435978663,2.154288400923629
4908.583,-6.212767624396621,2.1527672262285154
4908.603,-6.222650890859553,2.1512460656238512
4908.623,-6.232534159241751,2.149724918802028
4908.643,-6.2424174295721695,2.148203785695615
4908.663,-6.252300701880563,2.146682666244137
4908.683,-6.262183976197689,2.1451615603923604
4908.703,-6.27206725255503,2.1436404680906698
4908.723,-6.281954594678592,2.1421227849389193
4908.743,-6.291842483839824,2.1406053423376004
4908.763,-6.30172854495521,2.139086987413571
4908.783,-6.311617001366372,2.1375696963093906
4908.803,-6.321503709092108,2.1360515572797962
4908.823,-6.331394244962795,2.1345343762447144
4908.843,-6.34128433370288,2.133017158902816
4908.863,-6.3511744655194615,2.1315001750673717
4908.883,-6.3610646398920885,2.129983451102396
4908.903,-6.370954855936163,2.1284669897006014
4908.923,-6.380845112674715,2.1269507906542504
4908.943,-6.390735409008248,2.1254348530743536
4908.963,-6.400625743616867,2.1239191757765568
4908.983,-6.410516114833382,2.1224037571396894
4909.003,-6.420406519132842,2.120888593594177
4909.023,-6.430296950523744,2.1193736790273796
4909.043,-6.440187394843782,2.1178589937156276
4909.063,-6.450073254020241,2.116342176582553
4909.083,-6.459957124491958,2.1148249036140245
4909.103,-6.469840999014107,2.113307664746097
4909.123,-6.4797248759160295,2.1117904401743215
4909.143,-6.489608755174177,2.1102732297642164
4909.163,-6.499492636776664,2.1087560335636235
4909.183,-6.509376520709018,2.107238851621919
4909.203,-6.51926040695422,2.1057216839876465
4909.223,-6.529144295492918,2.104204530707862
4909.243,-6.53902818630363,2.1026873918275077
4909.263,-6.548912079362997,2.101170267388821
4909.283,-6.558795974646034,2.099653157430777
4909.303,-6.568679872126411,2.098136061988571
4909.323,-6.578563771776729,2.0966189810931475
4909.343,-6.588447673568822,2.0951019147707712
4909.363,-6.598331577474057,2.0935848630426603
4909.383,-6.608215483463635,2.0920678259246714
4909.403,-6.6180993915089,2.090550803427042
4909.423,-6.627983301581643,2.0890337955541987
4909.443,-6.637867213654396,2.0875168023046244
4909.463,-6.647751127700725,2.0859998236707935
4909.483,-6.657635043695507,2.0844828596391616
4909.503,-6.667518961615194,2.0829659101902376
4909.523,-6.677402881438063,2.081448975298705
4909.543,-6.687286796741754,2.079932113437298
4909.563,-6.697177217812176,2.0784223646325373
4909.583,-6.707065310847968,2.076911734215092
4909.603,-6.716953140745043,2.0754010655017123
4909.623,-6.72683958007953,2.0738898341771295
4909.643,-6.7367246519427315,2.0723781095812206
4909.663,-6.746611108793823,2.0708671978313333
4909.683,-6.7564975591752585,2.0693563746647126
4909.703,-6.766384062011126,2.067845788295866
4909.723,-6.776270583939529,2.0663344708719906
4909.743,-6.786158840505924,2.0648232645074187
4909.763,-6.796046337078338,2.0633128449383817
4909.783,-6.805937671988075,2.0618054692178407
4909.803,-6.8158220765871524,2.060291707925863
4909.823,-6.825706388467777,2.058777332000221
4909.843,-6.835590700900961,2.0572629803758358
4909.863,-6.845475015206382,2.0557486426941085
4909.883,-6.855359331427791,2.0542343187934335
4909.903,-6.865243649594169,2.0527200086085426
4909.923,-6.875127969735527,2.0512057120798795
4909.943,-6.885012291882826,2.049691429153182
4909.963,-6.894897320240499,2.048177751527914
4909.983,-6.904786071045758,2.0466668989905106
4910.003,-6.914674630768755,2.0451569042613538
4910.023,-6.9245616919310375,2.0436444030519896
4910.043,-6.934450720672408,2.042133922778521
4910.063,-6.944340170082326,2.0406231151740126
4910.083,-6.954231246594987,2.0391128075158846
4910.103,-6.964122393479264,2.0376024587303077
4910.123,-6.97401358315599,2.0360923546304552
4910.143,-6.983904815126413,2.0345825117758984
4910.163,-6.993796088419892,2.033072931738203
4910.183,-7.00368740208854,2.03156361413761
4910.203,-7.0135787549975275,2.030054558031824
4910.223,-7.023470145801185,2.0285457621974237
4910.243,-7.0333615726170535,2.0270372247566906
4910.263,-7.0432530316417825,2.0255289418972344
4910.283,-7.053144516049147,2.0240209064254713
4910.303,-7.063036009699606,2.0225130915740936
4910.323,-7.072921599585788,2.021002550051959
4910.343,-7.082806516844676,2.0194921161757224
4910.363,-7.092691437121436,2.0179817042877004
4910.383,-7.1025763597595635,2.0164713066026523
4910.403,-7.112461284743889,2.0149609230970946
4910.423,-7.122346212062098,2.013450553819976
4910.443,-7.132231141699241,2.0119401988206334
4910.463,-7.142116073637855,2.010429858147451
4910.483,-7.152001007858174,2.008919531847212
4910.503,-7.161885944338344,2.0074092199644844
4910.523,-7.171770883054672,2.0058989225410317
4910.543,-7.181655823981892,2.004388639615265
4910.563,-7.1915407670934375,2.002878371221729
4910.583,-7.201425712361722,2.001368117390642
4910.603,-7.2113106597584515,1.9998578781474743
4910.623,-7.221195609254908,1.998347653512595
4910.643,-7.231080560822269,1.9968374435009626
4910.663,-7.240965514431915,1.995327248121877
4910.683,-7.25085047005572,1.9938170673787998
4910.703,-7.260147209613064,1.9927157579515844
4910.723,-7.268029399439812,1.9920700568106662
4910.743,-7.274275614066927,1.991734692462822
4910.763,-7.278894774492022,1.991279039630475
4910.783,-7.28262540904258,1.9905417501227998
4910.803,-7.285496975887073,1.989516208385191
4910.823,-7.2877172959793555,1.9880435217847066
4910.843,-7.289184527971545,1.986054464168274
4910.863,-7.28971356220356,1.9838062192130217
4910.883,-7.289631481579936,1.9812130255572804
4910.903,-7.28919670593725,1.978452324756986
4910.923,-7.288701602457015,1.975690718197473
4910.943,-7.288128424019742,1.972972486017183
4910.963,-7.287519341360844,1.9702507290524163
4910.983,-7.286911152895435,1.9675278577332156
4911.003,-7.286216559909231,1.964827559989346
4911.023,-7.285568895442228,1.9620201368543475
4911.043,-7.284768496375277,1.9593448545779188
4911.063,-7.2839866236735125,1.9566138969157412
4911.083,-7.28324386244633,1.9537537903760183
4911.103,-7.282385444058778,1.951009085192382
4911.123,-7.281491150011585,1.9482667689913278
4911.143,-7.280558727272155,1.9455047305980044
4911.163,-7.27956865535654,1.942774720424888
4911.183,-7.278569718637986,1.9399848368457904
4911.203,-7.277514909051151,1.937190930488251
4911.223,-7.2762737097800585,1.9346769313528491
4911.243,-7.274953053182325,1.9322355830297937
4911.263,-7.273605221531776,1.9298078924174464
4911.283,-7.272202894025288,1.9274185497297782
4911.303,-7.270873000044251,1.92478527776747
4911.323,-7.269487370329567,1.9222031886025501
4911.343,-7.267984430586131,1.9198178437998685
4911.363,-7.266471513249207,1.917406465876763
4911.383,-7.264764834488074,1.9153173185342942
4911.403,-7.263018584264669,1.913258707200499
4911.423,-7.261235562499897,1.9112318478525923
4911.443,-7.259416349557052,1.909237400438579
4911.463,-7.257561533641919,1.9072760102588369
4911.483,-7.255671714430333,1.9053483119848653
4911.503,-7.253747502922585,1.9034549294968932
4911.523,-7.251789521261806,1.901596475688773
4911.543,-7.249798402548735,1.899773552274397
4911.563,-7.247774790652971,1.8979867495958516
4911.583,-7.245719340020462,1.8962366464332885
4911.603,-7.243632715476976,1.8945238098165285
4911.623,-7.241515592027323,1.892848794838434
4911.643,-7.239368654650082,1.891212144470159
4911.663,-7.238302938154696,1.8880949874919704
4911.683,-7.2391953255020995,1.882337434852606
4911.703,-7.241600610495217,1.8755680919921434
4911.723,-7.245462328539748,1.8680647212881942
4911.743,-7.250705492735098,1.8598835122403796
4911.763,-7.256247403822321,1.8515587470501054
4911.783,-7.261872043862405,1.842974901482247
4911.803,-7.267554500098104,1.8342402687895216
4911.823,-7.2731058221992,1.8258685657551192
4911.843,-7.278644682043821,1.8175309727358961
4911.863,-7.284181438781144,1.8092042455675637
4911.883,-7.289718159069186,1.800877433625908
4911.903,-7.2952548736468605,1.7925506161659681
4911.923,-7.3007915827855925,1.7842237940421715
4911.943,-7.306328286501389,1.77589696730677
4911.963,-7.311864984803591,1.7675701360103304
4911.983,-7.317401677696763,1.759243300209582
4912.003,-7.3229383651808275,1.7509164599670506
4912.023,-7.328475047251234,1.7425896153505493
4912.043,-7.334011723899136,1.7342627664326091
4912.063,-7.339548395111652,1.7259359132898613
4912.083,-7.345085060872118,1.717609056002369
4912.103,-7.350621721160399,1.7092821946529264
4912.123,-7.356158375953219,1.7009553293263253
4912.143,-7.361695025224517,1.692628460108595
4912.163,-7.367231668945829,1.6843015870862295
4912.183,-7.372768307086692,1.675974710345407
4912.203,-7.378304939615056,1.6676478299712074
4912.223,-7.383841566497717,1.659320946046839
4912.243,-7.388853981846229,1.6515304621388076
4912.263,-7.392673843436,1.6449899904384926
4912.283,-7.395355499426782,1.6400378442243508
4912.303,-7.397125347949753,1.636528534270186
4912.323,-7.397885663159714,1.6336035726018323
4912.343,-7.397704333978263,1.6311173797872147
4912.363,-7.396593960821659,1.6290862378968163
4912.383,-7.39458152731916,1.6275271641334341
4912.403,-7.3922538415781025,1.6261591149087156
4912.423,-7.389902112810682,1.6248334599160001
4912.443,-7.387526894758004,1.6235503407838445
4912.463,-7.385128954872546,1.6223101711931556
4912.483,-7.382709070006465,1.6211133539250544
4912.503,-7.380268024286039,1.6199602777758906
4912.523,-7.377806608833942,1.61885131738563
4912.543,-7.375325621502851,1.6177868331003902
4912.563,-7.372825866605445,1.616767170840905
4912.583,-7.370308154641069,1.6157926619769007
4912.603,-7.367773302019478,1.6148636232075755
4912.623,-7.365222130782041,1.61398035644835
4912.643,-7.362655468320823,1.6131431487240078
4912.663,-7.360074147095913,1.612352272068286
4912.683,-7.357479004351346,1.6116079834299508
4912.703,-7.3548708818299415,1.6109105245853461
4912.723,-7.352250625487355,1.6102601220573791
4912.743,-7.34961908520558,1.6096569870408626
4912.763,-7.346977114506121,1.609101315334137
4912.783,-7.344325570263034,1.608593287276857
4912.803,-7.341665312415958,1.6081330676938326
4912.823,-7.338997203683279,1.6077208058448007
4912.843,-7.336322109275504,1.607356635380001
4912.863,-7.333640896608905,1.6070406743014498
4912.883,-7.33095443501953,1.606773024929775
4912.903,-7.328263595477532,1.6065537738765283
4912.923,-7.32556925030193,1.606382992021863
4912.943,-7.322872272875747,1.606260734497497
4912.963,-7.320220853544139,1.6043057281050224
4912.983,-7.31767468579498,1.5990652367784286
4913.003,-7.315795861011306,1.5921315490946908
4913.023,-7.314696039371404,1.5837649758832244
4913.043,-7.314345757232242,1.574054274708069
4913.063,-7.314159296841084,1.5640551489390628
4913.083,-7.314064005180854,1.5537045020672355
4913.103,-7.313929826302379,1.5432235467696973
4913.123,-7.313755205383928,1.53322128766452
4913.143,-7.313577595887926,1.5232200066531465
4913.163,-7.313394867927176,1.513221999066889
4913.183,-7.313212230335393,1.5032239937095833
4913.203,-7.313029609817684,1.4932259876952805
4913.223,-7.312847005715543,1.4832279809919293
4913.243,-7.312664417971465,1.4732299736008607
4913.263,-7.312481846529935,1.4632319655272963
4913.283,-7.312299291332974,1.4532339567800072
4913.303,-7.312116752320645,1.4432359473712477
4913.323,-7.311934229431614,1.4332379373166502
4913.343,-7.31175172260374,1.4232399266350821
4913.363,-7.31156923177466,1.4132419153484785
4913.383,-7.311386756882402,1.4032439034816377
4913.403,-7.311204297865954,1.3932458910619863
4913.423,-7.311021854665873,1.3832478781193218
4913.443,-7.310839427224849,1.3732498646855253
4913.463,-7.310657015488253,1.3632518507942584
4913.483,-7.310474619404667,1.3532538364806364
4913.503,-7.310298921984663,1.3432473632636146
4913.523,-7.310124409891172,1.3332386547971393
4913.543,-7.309955005765936,1.32322617679301
4913.563,-7.309781148175488,1.3132206970084117
4913.583,-7.309600242195139,1.3032226638601063
4913.603,-7.30941935454356,1.2932246225213244
4913.623,-7.309238482366018,1.2832265809081596
4913.643,-7.309057625634514,1.273228539143889
4913.663,-7.308876784341613,1.2632304972629176
4913.683,-7.308704088681971,1.2532215706956422
4913.703,-7.308539533345259,1.243203184627685
4913.723,-7.308375876855418,1.2331846987115667
4913.743,-7.3082131577863505,1.2231662099967586
4913.763,-7.308051387739867,1.2131477145496068
4913.783,-7.3078905766785045,1.2031292104413998
4913.803,-7.307730735364156,1.1931106941209153
4913.823,-7.307571873658334,1.1830921623983373
4913.843,-7.307414008177295,1.1730735858680994
4913.863,-7.307257157284868,1.1630549934163157
4913.883,-7.3071013443106585,1.153036408291676
4913.903,-7.306946582483504,1.143017811625046
4913.923,-7.306792881661704,1.132999199278977
4913.943,-7.306638949797861,1.1229843471786556
4913.963,-7.306475510068623,1.1129807637827844
4913.983,-7.30631074838302,1.102979555276711
4914.003,-7.306143972008824,1.0929811623383254
4914.023,-7.305977369017333,1.082982804445723
4914.043,-7.305810967141274,1.0729844923965193
4914.063,-7.305644832719155,1.0629862862127155
4914.083,-7.3054802007139505,1.0529868460805003
4914.103,-7.305317201516789,1.042982291644793
4914.123,-7.30514987843281,1.0329839950101063
4914.143,-7.304982845125983,1.0229857194157241
4914.163,-7.304815831563789,1.0129874436909603
4914.183,-7.304648834642837,1.0029891676350835
4914.203,-7.304481854359124,0.9929908912126804
4914.223,-7.304314890732353,0.982992614390415
4914.243,-7.304147943777134,0.9729943371356748
4914.263,-7.303981013502486,0.96299605941691
4914.283,-7.303814099911713,0.95299778120398
4914.303,-7.303647203002306,0.9429995024684871
4914.323,-7.303480322765924,0.933001223184089
4914.343,-7.3033134591884314,0.9230029433267887
4914.363,-7.303146612249997,0.9130046628752
4914.383,-7.302979781925245,0.9030063818107876
4914.403,-7.302812968183482,0.893008100118073
4914.423,-7.302646170988956,0.8830098177848118
4914.443,-7.302479390301185,0.8730115348021378
4914.463,-7.3023126260753255,0.8630132511646695
4914.483,-7.302145878262596,0.8530149668705842
4914.503,-7.301979146810731,0.8430166819216519
4914.523,-7.301812431664475,0.8330183963232358
4914.543,-7.301645732766106,0.8230201100842525
4914.563,-7.3014790500560025,0.8130218232170997
4914.583,-7.301312383473199,0.8030235357375445
4914.603,-7.301145732955982,0.7930252476645803
4914.623,-7.300979098442485,0.7830269590202491
4914.643,-7.300812479871287,0.7730286698294326
4914.663,-7.300651579375327,0.7630234778157914
4914.683,-7.300490711460407,0.7530183208790839
4914.703,-7.300332877470803,0.7430119487950525
4914.723,-7.300173134454132,0.7330066110525234
4914.743,-7.300011456965689,0.723004517397993
4914.763,-7.2998540519876345,0.7129960028023064
4914.783,-7.299698603022093,0.7029851382877087
4914.803,-7.299545814608261,0.6929745506755584
4914.823,-7.299381670873951,0.6829762396382814
4914.843,-7.299217548675583,0.6729779086832804
4914.863,-7.299053442000848,0.6629795773190262
4914.883,-7.298889350803895,0.6529812457996156
4914.903,-7.298725275072337,0.6429829141623119
4914.923,-7.298561214799913,0.6329845824401413
4914.943,-7.298408783446918,0.6229707249867146
4914.963,-7.298261369604106,0.612951964581623
4914.983,-7.298114871650895,0.602933180225167
4915.003,-7.297969318890262,0.5929143964551461
4915.023,-7.297824717617285,0.5828956107016142
4915.043,-7.297681077209425,0.5728768206009535
4915.063,-7.297538408066716,0.5628580220534423
4915.083,-7.297396720010845,0.5528392147535173
4915.103,-7.297256035984373,0.5428203499582052
4915.123,-7.297116364524943,0.5328014983605552
4915.143,-7.296977731767991,0.5227826567269891
4915.163,-7.2968401484689,0.5127638071168383
4915.183,-7.296703624095799,0.5027449584088249
4915.203,-7.296568151522458,0.49272881458242807
4915.223,-7.296422088338262,0.4827241605406287
4915.243,-7.296273389572049,0.4727239607158848
4915.263,-7.296123729467507,0.4627253059796522
4915.283,-7.295974228255472,0.452726684356807
4915.303,-7.295824923685552,0.44272811267286816
4915.323,-7.29567589521007,0.4327296625025433
4915.343,-7.295528845278575,0.42272928924035563
4915.363,-7.295381722720181,0.41272583079707065
4915.383,-7.295231547621565,0.4027272781598044
4915.403,-7.295081525555355,0.3927287325419552
4915.423,-7.294931521348293,0.38273018672493936
4915.443,-7.294781533790774,0.3727316405987987
4915.463,-7.294631562895777,0.3627330941291325
4915.483,-7.294481608682558,0.35273454728272835
4915.503,-7.294331671165059,0.34273600002713706
4915.523,-7.294181750351604,0.3327374523310227
4915.543,-7.294031846244751,0.32273890416450646
4915.563,-7.293881958841239,0.312740355499496
4915.583,-7.293732088131955,0.3027418063099939
4915.603,-7.2935822341019945,0.2927432565723841
4915.623,-7.293432396730763,0.2827447062656933
4915.643,-7.29328257599215,0.27274615537182456
4915.663,-7.293132771854738,0.2627476038757605
4915.683,-7.292982984282104,0.252749051765735
4915.703,-7.292833213233132,0.24275049903337054
4915.723,-7.292683458662407,0.2327519456737812
4915.743,-7.292533720520622,0.22275339168563957
4915.763,-7.292383998755066,0.21275483707120704
4915.783,-7.292234293310108,0.20275628183632735
4915.803,-7.292084604127732,0.1927577259903835
4915.823,-7.291934931148098,0.18275916954621838
4915.843,-7.291785274310117,0.17276061252002
4915.863,-7.291635633552035,0.16276205493117257
4915.883,-7.291486008812037,0.15276349680207577
4915.903,-7.291337612662233,0.14276365034370758
4915.923,-7.291194343688543,0.1327573865601715
4915.943,-7.291051953638424,0.12274998443315563
4915.963,-7.290909269302432,0.11274227816595944
4915.983,-7.290767418469864,0.10273769072536795
4916.003,-7.290622198141567,0.09273509016612824
4916.023,-7.290473764071615,0.08273652325657027
4916.043,-7.2903253473331535,0.0727379461256936
4916.063,-7.290176946179697,0.06273936862546003
4916.083,-7.290028560572775,0.052740790902160634
4916.103,-7.289880190484411,0.0427422129944275
4916.123,-7.289731835892257,0.03274363493888602
4916.143,-7.289583496779856,0.022745056770975797
4916.163,-7.28944418725115,0.01273648061478398
4916.183,-7.28930785164295,0.0027241123506607685
4916.203,-7.289163860038821,-0.007276732988128604
4916.223,-7.2890167012197375,-0.017275328209010093
4916.243,-7.288870087742329,-0.027275234060801817
4916.263,-7.288724861346549,-0.03727559896279406
4916.283,-7.288582897879904,-0.04728040657000263
4916.303,-7.28843688103941,-0.057279333236786995
4916.323,-7.288290694090968,-0.06727811831703544
4916.343,-7.288144541915533,-0.07727690459386062
4916.363,-7.287998432176877,-0.08727568325686413
4916.383,-7.287852377046408,-0.09727446024117802
4916.403,-7.2877063854653805,-0.1072732320573965
4916.423,-7.287560469011587,-0.11727200060367308
4916.443,-7.287414638572194,-0.12727076383753474
4916.463,-7.287268906361791,-0.13726952131772158
4916.483,-7.287123286363483,-0.14726827032624773
4916.503,-7.286977794957905,-0.1572670075471377
4916.523,-7.2868324538325435,-0.16726572612450713
4916.543,-7.286687290131317,-0.17726441438333582
4916.563,-7.286542345412079,-0.18726304719611214
4916.583,-7.286397695007162,-0.1972615474058788
4916.603,-7.286254399408148,-0.2072612732529407
4916.623,-7.286112347108272,-0.2172654741478086
4916.643,-7.285966508702801,-0.22726409395810834
4916.663,-7.2858208533199225,-0.23726270427622523
4916.683,-7.285675216087711,-0.24726131476601193
4916.703,-7.285529595518482,-0.25725992556342525
4916.723,-7.285383991621825,-0.26725853670305566
4916.743,-7.285238404416112,-0.27725714821797315
4916.763,-7.28509283391438,-0.2872557601404242
4916.783,-7.284947280124018,-0.29725437250148834
4916.803,-7.284801743046643,-0.3072529853307358
4916.823,-7.284656222678033,-0.3172515986559023
4916.843,-7.284510719008122,-0.3272502125025836
4916.863,-7.284365232021064,-0.33724882689395336
4916.883,-7.284219761695342,-0.3472474418505059
4916.903,-7.284074308003951,-0.3572460573898282
4916.923,-7.283928870914636,-0.3672446735264012
4916.943,-7.283783450390166,-0.37724329027143416
4916.963,-7.2836380463886865,-0.3872419076327319
4916.983,-7.283492658864102,-0.39724052561459894
4917.003,-7.2833472877665075,-0.407239144217777
4917.023,-7.283201933042667,-0.41723776343942204
4917.043,-7.2830565946365065,-0.4272363832731155
4917.063,-7.282911272489662,-0.4372350037089138
4917.083,-7.282765966542035,-0.447233624733433
4917.103,-7.282620676732374,-0.4572322463299694
4917.123,-7.282475402998861,-0.46723086847865275
4917.143,-7.282330145279713,-0.47722949115663377
4917.163,-7.282186197062606,-0.4872291748871135
4917.183,-7.282048082657199,-0.4972374932871268
4917.203,-7.281909021072018,-0.5072431797931559
4917.223,-7.281771983931357,-0.5172509792193956
4917.243,-7.281632668671463,-0.5272540765015117
4917.263,-7.281488416380316,-0.5372526762330796
4917.283,-7.281344191589402,-0.5472513144530466
4917.303,-7.28119998247866,-0.5572499533789081
4917.323,-7.28105578894723,-0.5672485925558926
4917.343,-7.2809116109624314,-0.5772472319416081
4917.363,-7.2807674484972,-0.5872458714987376
4917.383,-7.280623301530199,-0.5972445111908915
4917.403,-7.280479170046002,-0.6072431509829062
4917.423,-7.280345085750491,-0.6172533677616425
4917.443,-7.280210084974091,-0.6272597672730423
4917.463,-7.280067560158017,-0.6372596607651154
4917.483,-7.2799298720314765,-0.6472634932238608
4917.503,-7.279787706496489,-0.6572632908835282
4917.523,-7.279648936351496,-0.6672657769639885
4917.543,-7.279516578531856,-0.6772757136795825
4917.563,-7.279378812794374,-0.6872792138559934
4917.583,-7.279239487177506,-0.6972809184233745
4917.603,-7.279098129422936,-0.7072797797238046
4917.623,-7.278956813597346,-0.7172786316917256
4917.643,-7.278815549110064,-0.7272774778535517
4917.663,-7.278674348778771,-0.7372763202775916
4917.683,-7.2785332229910065,-0.7472751575704324
4917.703,-7.278392184605306,-0.7572739896801497
4917.723,-7.278251245681335,-0.7672728148940864
4917.743,-7.278110420966299,-0.7772716311785332
4917.763,-7.277969727682724,-0.7872704344241563
4917.783,-7.277829188682212,-0.7972692174668013
4917.803,-7.277688832651986,-0.8072679670656349
4917.823,-7.277548704590802,-0.8172666544118626
4917.843,-7.277408891544559,-0.8272651803914565
4917.863,-7.277271135147528,-0.8372663920949724
4917.883,-7.277132730872245,-0.8472693120074543
4917.903,-7.276991767430196,-0.8572679944720486
4917.923,-7.276850886456245,-0.8672666732486194
4917.943,-7.27671002271764,-0.8772653522562789
4917.963,-7.276569175643955,-0.8872640315698785
4917.983,-7.276428345252526,-0.8972627112232856
4918.003,-7.2762875315609765,-0.9072613912494304
4918.023,-7.276146734581479,-0.9172600716803695
4918.043,-7.276005954320527,-0.9272587525469375
4918.063,-7.275865190778817,-0.9372574338784078
4918.083,-7.275724443951204,-0.9472561157021709
4918.103,-7.275583713826704,-0.9572547980434318
4918.123,-7.275443000388558,-0.9672534809249336
4918.143,-7.275302303614359,-0.9772521643667029
4918.163,-7.275161623476248,-0.9872508483858279
4918.183,-7.2750209599411475,-0.9972495329962656
4918.203,-7.274880312971061,-1.0072482182086802
4918.223,-7.2747396825234265,-1.0172469040303171
4918.243,-7.274599068551503,-1.0272455904649116
4918.263,-7.274458471004817,-1.0372442775126345
4918.283,-7.274317889829633,-1.0472429651700719
4918.303,-7.274177324969474,-1.0572416534302458
4918.323,-7.274036776365656,-1.0672403422826664
4918.343,-7.273896243957851,-1.0772390317134244
4918.363,-7.273755727684673,-1.0872377217053157
4918.383,-7.273615227484272,-1.0972364122380014
4918.403,-7.2734747432949245,-1.1072351032881973
4918.423,-7.273337301609704,-1.117237148241085
4918.443,-7.273203463345936,-1.1272449696783307
4918.463,-7.273069934164767,-1.1372513387679373
4918.483,-7.272936359689038,-1.1472588694515486
4918.503,-7.272803606303736,-1.1572638119273457
4918.523,-7.2726660076212255,-1.1672643168599308
4918.543,-7.272526715717206,-1.1772630223120524
4918.563,-7.272470092610688,-1.1866726670649825
4918.583,-7.272450664258125,-1.1946812293612223
4918.603,-7.272436772828319,-1.2009960734283442
4918.623,-7.272391039648489,-1.2056261734739124
4918.643,-7.27196221485531,-1.209444174779575
4918.663,-7.271148365472944,-1.212540976867761
4918.683,-7.2699236920010835,-1.2149269605996602
4918.703,-7.26826590067445,-1.2165646002927717
4918.723,-7.266149901928382,-1.217581852822355
4918.743,-7.2636691890967855,-1.2177808606662452
4918.763,-7.260983404660261,-1.2175747758197089
4918.783,-7.2583006551932,-1.2173205023320464
4918.803,-7.255622844546442,-1.2170159891602899
4918.823,-7.252951502600161,-1.2166653753515373
4918.843,-7.250286951897727,-1.2162666490613836
4918.863,-7.247630045431945,-1.2158180250670245
4918.883,-7.244982150299518,-1.215323696029756
4918.903,-7.242343598990066,-1.2147816748005096
4918.923,-7.239715283162593,-1.2141902494656607
4918.943,-7.237098477815108,-1.2135536332928376
4918.963,-7.234493553261148,-1.2128698822294994
4918.983,-7.231901427651952,-1.2121373620449674
4919.003,-7.229323281013586,-1.2113602952353815
4919.023,-7.226759520027118,-1.2105367881397664
4919.043,-7.224209455524301,-1.2096555273086962
4919.063,-7.221674880752214,-1.2087264107407676
4919.083,-7.219157443405936,-1.207751829923149
4919.103,-7.216657964056906,-1.2067321024994746
4919.123,-7.214177251737078,-1.205667559330598
4919.143,-7.2117161092549615,-1.2045585457106756
4919.163,-7.209275332995491,-1.203405421261686
4919.183,-7.206855712671498,-1.202208559811498
4919.203,-7.204458031077142,-1.2009683492679026
4919.223,-7.202083063843896,-1.199685191488812
4919.243,-7.199731579199148,-1.1983595021487388
4919.263,-7.197404337727576,-1.1969917106016734
4919.283,-7.1951020921353095,-1.195582259740473
4919.303,-7.192825587016971,-1.1941316058528892
4919.323,-7.190575558625643,-1.1926402184743576
4919.343,-7.188352734645778,-1.1911085802376684
4919.363,-7.186157833969074,-1.1895371867196258
4919.383,-7.18399156647328,-1.187926546284801
4919.403,-7.181854632803921,-1.1862771799264622
4919.423,-7.179747724158875,-1.1845896211047384
4919.443,-7.177671522075715,-1.1828644155820618
4919.463,-7.17562669822176,-1.1811021212558985
4919.483,-7.1736139141866895,-1.1793033079887407
4919.503,-7.171633821277636,-1.1774685574353185
4919.523,-7.169687060316627,-1.1755984628669307
4919.543,-7.167774261440267,-1.1736936289927875
4919.563,-7.1658960439015456,-1.1717546717782057
4919.583,-7.164053015873693,-1.1697822182594855
4919.603,-7.162245774255999,-1.1677769063552625
4919.623,-7.160474904481571,-1.1657393846741242
4919.643,-7.158740980327019,-1.1636703123182717
4919.663,-7.157044563724095,-1.161570358682994
4919.683,-7.155386204573376,-1.1594402032517568
4919.703,-7.1537664405601085,-1.1572805353867082
4919.723,-7.152185796972349,-1.1550920541144332
4919.743,-7.150644786521649,-1.1528754679068478
4919.763,-7.149143909166502,-1.150631494457134
4919.783,-7.147683651938815,-1.148360860450705
4919.803,-7.146264488773736,-1.1460643013311989
4919.823,-7.144886880343131,-1.143742561061602
4919.843,-7.143551273893044,-1.1413963918806236
4919.863,-7.142258103085463,-1.1390265540545008
4919.883,-7.1410077878447185,-1.1366338156244786
4919.903,-7.139800734208802,-1.1342189521502182
4919.923,-7.138637334185895,-1.1317827464494548
4919.943,-7.137517965616324,-1.1293259883342197
4919.963,-7.136442992040196,-1.126849474343978
4919.983,-7.135412762570859,-1.1243540074760265
4920.003,-7.134427611774297,-1.1218403969135002
4920.023,-7.133487859554609,-1.1193094577513198
4920.043,-7.1325938110455676,-1.1167620107204042
4920.063,-7.131745756508326,-1.1141988819104414
4920.083,-7.130943971235208,-1.1116209024914776
4920.103,-7.128380751964192,-1.1095512019468163
4920.123,-7.122666056081593,-1.1084162807765228
4920.143,-7.115482461816341,-1.1083558930679343
4920.163,-7.107110171651036,-1.109412178292905
4920.183,-7.097627605404987,-1.111534113122869
4920.203,-7.087907624812102,-1.1138875523076446
4920.223,-7.077846591539426,-1.1161216774246905
4920.243,-7.067728497336993,-1.1183500446632166
4920.263,-7.057991388446355,-1.1206875222311126
4920.283,-7.048259198391467,-1.1230266638505089
4920.303,-7.038529900612635,-1.1253666173816037
4920.323,-7.028797368945848,-1.127705565303936
4920.343,-7.01906416801397,-1.1300442324901503
4920.363,-7.009334808889258,-1.1323831349744142
4920.383,-6.9996006559481545,-1.13472030741251
4920.403,-6.989874262133836,-1.1370593598057752
4920.423,-6.980146962340128,-1.1393980660098153
4920.443,-6.970422721557141,-1.141738569238048
4920.463,-6.9606952940240445,-1.1440766961054296
4920.483,-6.950973556751375,-1.146417764678917
4920.503,-6.941251825936505,-1.1487588346305688
4920.523,-6.931530091502717,-1.1510998917134476
4920.543,-6.92180835336833,-1.1534409357934772
4920.563,-6.912086611552083,-1.1557819668279432
4920.583,-6.902364866079112,-1.1581229847726673
4920.603,-6.8926431169797935,-1.160463989582013
4920.623,-6.882921364289419,-1.1628049812094479
4920.643,-6.873199608047849,-1.1651459596081073
4920.663,-6.863477848299115,-1.1674869247313613
4920.683,-6.853756085090972,-1.1698278765333758
4920.703,-6.84403431847442,-1.1721688149696528
4920.723,-6.8343125485032035,-1.1745097399975626
4920.743,-6.824590775233259,-1.1768506515768424
4920.763,-6.815456192225094,-1.1786959397014374
4920.783,-6.8077478394672974,-1.179812646454253
4920.803,-6.801641110645233,-1.1805867474893812
4920.823,-6.79728434475704,-1.181271292850823
4920.843,-6.794144628839204,-1.1820063518430837
4920.863,-6.792075592787624,-1.1828523662189023
4920.883,-6.790941792563746,-1.1841385252477878
4920.903,-6.7905659051379015,-1.1861376098235232
4920.923,-6.790950581036416,-1.1885346138372712
4920.943,-6.7917633640537876,-1.1911069578219262
4920.963,-6.792626443006464,-1.1936644648652361
4920.983,-6.793535665881946,-1.1962061730581526
4921.003,-6.7944904844201846,-1.1987311008779094
4921.023,-6.795490585634479,-1.2012384296982126
4921.043,-6.796535645822904,-1.203727348317888
4921.063,-6.797625326670889,-1.206197051491008
4921.083,-6.7987592753829835,-1.208646740193944
4921.103,-6.799937124838306,-1.2110756218910639
4921.123,-6.801158493736383,-1.2134829107927039
4921.143,-6.802422986737987,-1.2158678281073576
4921.163,-6.803730194604064,-1.2182296022892334
4921.183,-6.805079694334753,-1.2205674692818846
4921.203,-6.806471049309651,-1.2228806727583132
4921.223,-6.807903809430062,-1.2251684643577778
4921.243,-6.809377511263638,-1.2274301039194737
4921.263,-6.810891678191651,-1.2296648597131634
4921.283,-6.81244582055899,-1.2318720086668462
4921.303,-6.814039435826989,-1.234050836591538
4921.323,-6.8156720087290426,-1.2362006384032347
4921.343,-6.817343011429085,-1.238320718342148
4921.363,-6.819051903682922,-1.2404103901893053
4921.383,-6.8207981330024525,-1.2424689774806146
4921.403,-6.822581134822864,-1.2444958137185147
4921.423,-6.824400332672857,-1.2464902425813074
4921.443,-6.826255138348035,-1.2484516181302971
4921.463,-6.828144952087605,-1.250379305014828
4921.483,-6.830069162754528,-1.2522726786753104
4921.503,-6.832027148019352,-1.254131125544304
4921.523,-6.83401827454791,-1.2559540432456937
4921.543,-6.836041898193095,-1.2577408407919666
4921.563,-6.838097364190949,-1.259490938779559
4921.583,-6.840184007361269,-1.2612037695822065
4921.603,-6.842301152312913,-1.2628787775421684
4921.623,-6.8444481136540025,-1.2645154191591852
4921.643,-6.8466241962071255,-1.2661131632769582
4921.663,-6.848828695229641,-1.2676714912669076
4921.683,-6.851060896639163,-1.2691898972089415
4921.703,-6.853320077244144,-1.2706678880689293
4921.723,-6.855605504979573,-1.2721049838725553
4921.743,-6.8579164391476075,-1.2735007178752151
4921.763,-6.8602521306629916,-1.274854636727619
4921.783,-6.862611822303025,-1.2761663006367696
4921.803,-6.864994748961838,-1.277435283521995
4921.823,-6.867400137908597,-1.2786611731657473
4921.843,-6.869827209049402,-1.2798435713588954
4921.863,-6.872275175192434,-1.280982094040298
4921.883,-6.874743242316033,-1.282076371430456
4921.903,-6.877230609839322,-1.2831260481591074
4921.923,-6.879736470895024,-1.2841307833866564
4921.943,-6.882260012604125,-1.2850902509193822
4921.963,-6.884800416352077,-1.286004139318396
4921.983,-6.887356858066222,-1.286872152002372
4922.003,-6.889928508494206,-1.2876940073440868
4922.023,-6.892514533483144,-1.2884694387608464
4922.043,-6.8951140942593305,-1.2891981947988853
4922.063,-6.897254545888807,-1.2917025349992168
4922.083,-6.898549965098966,-1.2973836479917376
4922.103,-6.898812767520074,-1.3045634907966146
4922.123,-6.897992806640012,-1.3129631617412216
4922.143,-6.896139097431182,-1.322502584667794
4922.163,-6.8940612541063135,-1.3322853811375046
4922.183,-6.892099184273996,-1.3423594825446334
4922.203,-6.890215691937019,-1.3527125295289375
4922.223,-6.888186272898035,-1.3625444541965093
4922.243,-6.886124638831942,-1.372327400475113
4922.263,-6.884061652371595,-1.3821119022827115
4922.283,-6.881998690653748,-1.3918964117200658
4922.303,-6.8799357425937275,-1.401680924774362
4922.323,-6.877872808051915,-1.4114654414263783
4922.343,-6.875809886980101,-1.4212499616894094
4922.363,-6.873746979330519,-1.4310344855698431
4922.383,-6.8716840850553265,-1.440819013066622
4922.403,-6.869621204106824,-1.4506035441711804
4922.423,-6.867558336437729,-1.460388078867461
4922.443,-6.8654954820014265,-1.4701726171320086
4922.463,-6.863432640752248,-1.4799571589341454
4922.483,-6.861369812645727,-1.489741704236217
4922.503,-6.859306997638884,-1.4995262529939166
4922.523,-6.857244195690465,-1.5093108051566715
4922.543,-6.85518140676122,-1.5190953606681012
4922.563,-6.8531186308141265,-1.5288799194665335
4922.583,-6.851055867814619,-1.538664481485577
4922.603,-6.848993117730805,-1.5484490466547398
4922.623,-6.846930380533652,-1.5582336149000955
4922.643,-6.844867656197154,-1.5680181861449851
4922.663,-6.842804944698479,-1.5778027603107443
4922.683,-6.840742246018089,-1.5875873373174583
4922.703,-6.838679560139832,-1.5973719170847247
4922.723,-6.836616887051003,-1.6071564995324303
4922.743,-6.8345542267423784,-1.6169410845815202
4922.763,-6.832491579208221,-1.6267256721547592
4922.783,-6.830433284985558,-1.6365166945269953
4922.803,-6.82837210206427,-1.646304351940788
4922.823,-6.8263096793415725,-1.6560892951639752
4922.843,-6.824247251091543,-1.665874232257285
4922.863,-6.822184834059592,-1.67565916845954
4922.883,-6.820122430849233,-1.6854441034972527
4922.903,-6.818060042114747,-1.6952290365698413
4922.923,-6.815997669124044,-1.7050139665120947
4922.943,-6.813935313449352,-1.7147988920442727
4922.963,-6.811872977342135,-1.72458381168187
4922.983,-6.809810664948096,-1.7343687117920605
4923.003,-6.807751953177461,-1.7441581614984074
4923.023,-6.805693117139503,-1.753949065217008
4923.043,-6.803634127819942,-1.7637391013119048
4923.063,-6.801575165114411,-1.773528547110954
4923.083,-6.799516058876687,-1.7833194815082103
4923.103,-6.797457838663993,-1.7931099431923858
4923.123,-6.795398925265588,-1.8028991799811467
4923.143,-6.793340747629623,-1.8126905155165747
4923.163,-6.791282427483869,-1.8224819525928335
4923.183,-6.7892242292449945,-1.832273440726171
4923.203,-6.78716626779135,-1.84206498244584
4923.223,-6.785108553443794,-1.8518565774238926
4923.243,-6.7830510874604775,-1.8616482247412194
4923.263,-6.780993869694918,-1.8714399235569306
4923.283,-6.778936899430907,-1.8812316727878469
4923.303,-6.776880175256813,-1.8910234707063824
4923.323,-6.774823694776582,-1.9008153144564912
4923.343,-6.772767453225979,-1.9106071985113775
4923.363,-6.770711439200006,-1.9203991107508749
4923.383,-6.76865577752245,-1.9301901813460307
4923.403,-6.76660212499477,-1.9399829796495514
4923.423,-6.764549096133378,-1.9497730011461862
4923.443,-6.7624952234393225,-1.95956084484716
4923.463,-6.76044036432758,-1.969345974321885
4923.483,-6.758385924053236,-1.9791305621768882
4923.503,-6.756333585629101,-1.9889229783825406
4923.523,-6.754276625636188,-1.9987087574882383
4923.543,-6.752219714788701,-2.0084945410787935
4923.563,-6.750162817829843,-2.0182803282460835
4923.583,-6.7481059344032515,-2.0280661190096327
4923.603,-6.746049064458229,-2.0378519133818935
4923.623,-6.743992207946528,-2.047637711367916
4923.643,-6.741935364819889,-2.057423512965291
4923.663,-6.739878535030261,-2.0672093181641054
4923.683,-6.737821718530068,-2.0769951269469753
4923.703,-6.73576491527246,-2.086780939289145
4923.723,-6.733708125211588,-2.096566755158683
4923.743,-6.73165134830287,-2.1063525745167335
4923.763,-6.729594584503253,-2.116138397317852
4923.783,-6.727537833771482,-2.125924223510408
4923.803,-6.725481096068345,-2.135710053037047
4923.823,-6.723424371356911,-2.14549588583522
4923.843,-6.721367659602755,-2.15528172183776
4923.863,-6.7193109607741635,-2.1650675609735104
4923.883,-6.7172542748423245,-2.1748534031680005
4923.903,-6.715197601781492,-2.1846392483441424
4923.923,-6.7131409415691214,-2.1944250964229743
4923.943,-6.711084294185994,-2.204210947324409
4923.963,-6.709027659616294,-2.213996800968002
4923.983,-6.706971037847671,-2.223782657273727
4924.003,-6.704914428871275,-2.2335685161627445
4924.023,-6.702857832681749,-2.2433543775581604
4924.043,-6.700800983334967,-2.253140440889769
4924.063,-6.698750315061024,-2.26293552728202
4924.083,-6.696694001003941,-2.272721745522372
4924.103,-6.69463766101472,-2.282507953332328
4924.123,-6.692581317581886,-2.292294160687998
4924.143,-6.690524980715428,-2.302080367433884
4924.163,-6.688468654531247,-2.3118665724989853
4924.183,-6.686412342075585,-2.3216527744858406
4924.203,-6.684356045980457,-2.3314389719707767
4924.223,-6.682299769100273,-2.3412251633819365
4924.243,-6.680243572605806,-2.351011309669863
4924.263,-6.678188827007809,-2.3607981894510757
4924.283,-6.676138808741724,-2.3705942966397564
4924.303,-6.674086145447707,-2.3803857354963704
4924.323,-6.672031544419043,-2.390173632778114
4924.343,-6.669976075686607,-2.399959705139365
4924.363,-6.66792066348307,-2.409745811383927
4924.383,-6.6658679525477025,-2.41953713348619
4924.403,-6.663814828449177,-2.4293293672583647
4924.423,-6.661762699114844,-2.439120997676125
4924.443,-6.659710306598766,-2.448913701424781
4924.463,-6.65765811697466,-2.458706458035531
4924.483,-6.655606171698612,-2.4684992673723047
4924.503,-6.653554474477495,-2.478292128771266
4924.523,-6.6515030254734,-2.4880850414165763
4924.543,-6.649451823916111,-2.4978780041273314
4924.563,-6.647400868342847,-2.5076710150630626
4924.583,-6.64535015599974,-2.5174640710520446
4924.603,-6.643299681550548,-2.5272571658634213
4924.623,-6.64124943098678,-2.5370502853143955
4924.643,-6.6391994878071925,-2.546841867947628
4924.663,-6.637152343658608,-2.5566368887588604
4924.683,-6.6351047039659266,-2.566427674098728
4924.703,-6.633056281721818,-2.57621546418082
4924.723,-6.631007172167751,-2.5860017944370686
4924.743,-6.628959264964195,-2.5957897516388333
4924.763,-6.626911375788248,-2.605581324788711
4924.783,-6.624860156037346,-2.615368305021627
4924.803,-6.622808963700045,-2.625155289093793
4924.823,-6.620757785061577,-2.6349422767390087
4924.843,-6.618706619954289,-2.6447292679763468
4924.863,-6.616655468329205,-2.654516262817065
4924.883,-6.614604330138171,-2.664303261265029
4924.903,-6.612553205333029,-2.6740902633166375
4924.923,-6.610502093865873,-2.6838772689607815
4924.943,-6.608450995689291,-2.6936642781788906
4924.963,-6.606399910756645,-2.7034512909450537
4924.983,-6.604348839022324,-2.713238307226217
4925.003,-6.602297780442023,-2.723025326982453
4925.023,-6.600742936491452,-2.7322278149297303
4925.043,-6.599732243636732,-2.7400205534093858
4925.063,-6.599053041649808,-2.74616263393171
4925.083,-6.598340573086927,-2.7506770326408194
4925.103,-6.597279746577575,-2.75423931522094
4925.123,-6.595874021037512,-2.7568969547229525
4925.143,-6.594422356523029,-2.7584716180636706
4925.163,-6.592335072751955,-2.7594682715409276
4925.183,-6.590004835677677,-2.759533083578625
4925.203,-6.587388544168343,-2.7590576250559216
4925.223,-6.58466512874475,-2.7584689973442384
4925.243,-6.581965725266774,-2.7578216351002887
4925.263,-6.579177123833051,-2.75717700927379
4925.283,-6.576538822006998,-2.7564055893025983
4925.303,-6.573788712680835,-2.755677736506941
4925.323,-6.571038955869986,-2.754913793228169
4925.343,-6.568246992621231,-2.754114142922937
4925.363,-6.565649340556365,-2.7531415243561566
4925.383,-6.563021216506854,-2.7521543073561485
4925.403,-6.560475928197792,-2.751066206858485
4925.423,-6.557874830462093,-2.749985857955725
4925.443,-6.555220478585934,-2.7488939628305933
4925.463,-6.552459134510561,-2.7478132283338645
4925.483,-6.54980167058297,-2.7466751325210366
4925.503,-6.547234323763127,-2.7454205025612874
4925.523,-6.544661874899025,-2.7441538093614097
4925.543,-6.542224725250517,-2.7427687717741276
4925.563,-6.540014291713224,-2.741220348891442
4925.583,-6.537831596855224,-2.7396320666491016
4925.603,-6.535677839071999,-2.7380047626984236
4925.623,-6.533553719435938,-2.7363389661817967
4925.643,-6.531459924533321,-2.7346352156759535
4925.663,-6.529397131188354,-2.732894062027792
4925.683,-6.5273660062823025,-2.731116068175071
4925.703,-6.525367206540076,-2.7293018089513565
4925.723,-6.523401378322976,-2.727451870896729
4925.743,-6.521469157426297,-2.7255668520714402
4925.763,-6.51957116888072,-2.7236473618705075
4925.783,-6.517708026756759,-2.7216940208377984
4925.803,-6.515880333971766,-2.719707460478624
4925.823,-6.514088682099205,-2.7176883230700812
4925.843,-6.512333651179957,-2.715637261468578
4925.863,-6.51061580953555,-2.7135549389140463
4925.883,-6.508935713583258,-2.711442028830467
4925.903,-6.507293907653101,-2.709299214622357
4925.923,-6.5041674799749964,-2.708246786766917
4925.943,-6.498407613832255,-2.7091583366227296
4925.963,-6.491641840340926,-2.711584631050106
4925.983,-6.4841455561352594,-2.7154691674375235
4926.003,-6.4759756791480445,-2.7207352499414093
4926.023,-6.467664457587302,-2.7262974400717987
4926.043,-6.459091286010179,-2.731944819811391
4926.063,-6.450371771859559,-2.737654690176596
4926.083,-6.44204094739235,-2.743223893666568
4926.103,-6.433723155758566,-2.7487816009327912
4926.123,-6.425407959791374,-2.754338923386869
4926.143,-6.41709510142601,-2.7598965858174287
4926.163,-6.408782191267954,-2.7654541707832965
4926.183,-6.400469277426319,-2.771011750208792
4926.203,-6.392156360381565,-2.7765693247871983
4926.223,-6.383843440160424,-2.782126894544853
4926.243,-6.375530516781227,-2.787684459496291
4926.263,-6.367217590258096,-2.7932420196503958
4926.283,-6.358904660600895,-2.7987995750104733
4926.303,-6.350591727815211,-2.8043571255743225
4926.323,-6.342277521303397,-2.809916037907997
4926.343,-6.333956557895958,-2.815476244694763
4926.363,-6.325640791896154,-2.8210337552181373
4926.383,-6.317325001209947,-2.8265912947515504
4926.403,-6.309009164625225,-2.8321487693447187
4926.423,-6.300693276001256,-2.8377061669076165
4926.443,-6.292377334530836,-2.8432634857541053
4926.463,-6.284061340166259,-2.848820725604321
4926.483,-6.276247469044307,-2.853875685454788
4926.503,-6.269679300940113,-2.8577269701616514
4926.523,-6.2647146129212965,-2.8604315052414897
4926.543,-6.261185913021833,-2.862236785814584
4926.563,-6.25822796198403,-2.863039263978113
4926.583,-6.255724247079209,-2.862899117090848
4926.603,-6.253672994855645,-2.861828699335052
4926.623,-6.252093376877639,-2.8598491559026784
4926.643,-6.250346942347423,-2.8575296704203352
4926.663,-6.248999620863928,-2.8551798857364985
4926.683,-6.247713620854632,-2.852806309687393
4926.703,-6.246470524234455,-2.850409922484257
4926.723,-6.2452707513242816,-2.847991539803323
4926.743,-6.244114691681217,-2.8455519453330815
4926.763,-6.243002720608291,-2.8430919294151056
4926.783,-6.2419351991510625,-2.8406122891207244
4926.803,-6.240912473967837,-2.838113827987227
4926.823,-6.239934877204417,-2.8355973557477356
4926.843,-6.239002726374663,-2.8330636880580466
4926.863,-6.2363373398227315,-2.8311274211146236
4926.883,-6.230572236025786,-2.8302854473115415
4926.903,-6.223394892394231,-2.8305914914781196
4926.923,-6.215087326511118,-2.832073365142374
4926.943,-6.205725275337055,-2.834676092871847
4926.963,-6.196137953554969,-2.8375221116902916
4926.983,-6.186216669035256,-2.8402797740206296
4927.003,-6.176202453272225,-2.843020832124086
4927.023,-6.166586553105865,-2.8458442641318222
4927.043,-6.156991244211477,-2.848675489893155
4927.063,-6.147401951437911,-2.85151065353264
4927.083,-6.1378126606027035,-2.8543457931667318
4927.103,-6.12822336590463,-2.857180920029866
4927.123,-6.118634067328477,-2.8600160341883383
4927.143,-6.1090447649314275,-2.8628511356153235
4927.163,-6.099455458773431,-2.865686224284744
4927.183,-6.089866148915829,-2.868521300172586
4927.203,-6.080276835420774,-2.871356363257391
4927.223,-6.070687518350621,-2.874191413520703
4927.243,-6.061098197767338,-2.8770264509474877
4927.263,-6.051508873731919,-2.8798614755264866
4927.283,-6.041919546303789,-2.8826964872505414
4927.303,-6.032330215540237,-2.8855314861168546
4927.323,-6.022740881495864,-2.8883664721272004
4927.343,-6.0131515442220635,-2.8912014452880825
4927.363,-6.003562203766521,-2.8940364056108354
4927.383,-5.993972860172756,-2.896871353111668
4927.403,-5.984383513479715,-2.899706287811649
4927.423,-5.974794163721389,-2.902541209736642
4927.443,-5.965204810926489,-2.905376118917179
4927.463,-5.955615455118183,-2.9082110153882827
4927.483,-5.94602609631387,-2.9110458991892396
4927.503,-5.936436734525025,-2.913880770363323
4927.523,-5.9268473697571,-2.9167156289574727
4927.543,-5.917244906112252,-2.91954607214092
4927.563,-5.907648667565998,-2.9223785303076517
4927.583,-5.8980543723940855,-2.9252110545600876
4927.603,-5.888460829329463,-2.92804369106569
4927.623,-5.878861687297651,-2.93087404874328
4927.643,-5.869268335923144,-2.9337058688350948
4927.663,-5.859678681836588,-2.936539737151293
4927.683,-5.850089021139725,-2.939373580616911
4927.703,-5.840499357199429,-2.9422074117106733
4927.723,-5.830908845672314,-2.9450411106398025
4927.743,-5.821314481488817,-2.947872969645186
4927.763,-5.811724046000319,-2.9507060776858722
4927.783,-5.802134237303454,-2.9535394867311067
4927.803,-5.792540113234462,-2.956372114268257
4927.823,-5.7829427606671295,-2.959203143448582
4927.843,-5.773346081884759,-2.962033982201929
4927.863,-5.763751000060782,-2.964865622005262
4927.883,-5.754155860982951,-2.9676970898975847
4927.903,-5.744560662202526,-2.970528368673828
4927.923,-5.734965404423565,-2.973359457404776
4927.943,-5.725370088466893,-2.9761903567978645
4927.963,-5.715774715012454,-2.979021067592286
4927.983,-5.706179284602334,-2.9818515903846525
4928.003,-5.696583797669262,-2.984681925639058
4928.023,-5.686988254561842,-2.987512073714341
4928.043,-5.677396053040053,-2.9903429403680235
4928.063,-5.667798806958356,-2.9931726974478896
4928.083,-5.658201998544913,-2.9960025019992265
4928.103,-5.648600474547337,-2.9988307149931948
4928.123,-5.639003340150476,-3.0016597350924834
4928.143,-5.629400013823724,-3.004486467602003
4928.163,-5.619805791241105,-3.007315674415408
4928.183,-5.610215106944477,-3.0101460871143293
4928.203,-5.600624421629574,-3.0129764919119366
4928.223,-5.591033732187093,-3.0158068846479367
4928.243,-5.581443038612308,-3.0186372652553826
4928.263,-5.571852340934334,-3.0214676336916426
4928.283,-5.5622616391876605,-3.024297989912669
4928.303,-5.552670933411572,-3.027128333873435
4928.323,-5.5430802236497705,-3.029958665528512
4928.343,-5.533489509949945,-3.0327889848326413
4928.363,-5.523898792363308,-3.0356192917413
4928.383,-5.5143080709441055,-3.0384495862112537
4928.403,-5.50471734574908,-3.0412798682010935
4928.423,-5.495126616836919,-3.0441101376717445
4928.443,-5.485535884267677,-3.0469403945869478
4928.463,-5.475945148102187,-3.0497706389137154
4928.483,-5.466354408401464,-3.0526008706227348
4928.503,-5.4567636652261005,-3.055431089688751
4928.523,-5.447172918635674,-3.058261296090884
4928.543,-5.437580086251573,-3.061090423886339
4928.563,-5.427984002281236,-3.0639186385838078
4928.583,-5.418387169568975,-3.0667467958924712
4928.603,-5.408790287409746,-3.069574813260965
4928.623,-5.399193343983685,-3.0724026257294623
4928.643,-5.389596338230905,-3.0752302246421874
4928.663,-5.3799992704223785,-3.078057609270193
4928.683,-5.370402141417295,-3.080884780187539
4928.703,-5.3608049516996745,-3.0837117377154875
4928.723,-5.35120770104386,-3.086538481545103
4928.743,-5.341610390181792,-3.0893650127640657
4928.763,-5.3320130203433065,-3.092191332435092
4928.783,-5.322415592581549,-3.0950174411731575
4928.803,-5.312818107979102,-3.0978433400931475
4928.823,-5.303220569278843,-3.1006690313918868
4928.843,-5.293627176352398,-3.103495976623374
4928.863,-5.284035519162261,-3.1063230627275384
4928.883,-5.274443853817403,-3.1091501194759523
4928.903,-5.26485218532607,-3.1119771635847018
4928.923,-5.2552605137024395,-3.1148041952799344
4928.943,-5.245668838908142,-3.117631214634671
4928.963,-5.236077160900018,-3.12045822171924
4928.983,-5.226484676521243,-3.123285453079761
4929.003,-5.216888356445605,-3.1261102672866135
4929.023,-5.207293179487961,-3.1289364244227524
4929.043,-5.197698135830693,-3.1317611015974216
4929.063,-5.188098053758777,-3.13458462401229
4929.083,-5.17849947273562,-3.1374095285384547
4929.103,-5.168899068945759,-3.1402340465415026
4929.123,-5.159300549300704,-3.143058168264479
4929.143,-5.149695047966295,-3.145881387385272
4929.163,-5.14009240429993,-3.1487047137041073
4929.183,-5.130490265524577,-3.151527912741692
4929.203,-5.120886506773193,-3.1543505174916766
4929.223,-5.111286653003284,-3.15717360840235
4929.243,-5.101682769460389,-3.159995548922806
4929.263,-5.092078023252986,-3.162817965638169
4929.283,-5.083029975496468,-3.1652034740270105
4929.303,-5.075291071923549,-3.166758240122127
4929.323,-5.069259201998932,-3.167821632104602
4929.343,-5.064986127645393,-3.168397136615989
4929.363,-5.061623617554567,-3.168456495521669
4929.383,-5.05877086214202,-3.167857260350287
4929.403,-5.056550216286307,-3.1666383001878726
4929.423,-5.054781091696426,-3.1647635000998697
4929.443,-5.05347389307184,-3.162306940706581
4929.463,-5.052709499220547,-3.159613115290959
4929.483,-5.0519222562074235,-3.156901525898477
4929.503,-5.0511285755777395,-3.154132190560355
4929.523,-5.050279412801712,-3.1512991477232313
4929.543,-5.049657702745592,-3.1485285031898997
4929.563,-5.049007875478297,-3.1457277505662886
4929.583,-5.048317808372237,-3.142852227741055
4929.603,-5.047895617990996,-3.140063160945022
4929.623,-5.047722330495293,-3.1373692702878437
4929.643,-5.047597527608832,-3.134672382260884
4929.663,-5.04752128626635,-3.1319736915847374
4929.683,-5.04749363181667,-3.129274074877872
4929.703,-5.047505836800515,-3.1265788149077762
4929.723,-5.047561228919129,-3.1238840678586692
4929.743,-5.047666936089847,-3.1211901482739592
4929.763,-5.047819001671886,-3.118499247428178
4929.783,-5.04801957900851,-3.1158116306842794
4929.803,-5.04827047412923,-3.113127995091994
4929.823,-5.0485675257455975,-3.110449944353679
4929.843,-5.048569217629748,-3.108304336682527
4929.863,-5.0480930070182675,-3.1071301537920624
4929.883,-5.047084019411909,-3.1070495488525522
4929.903,-5.045461946652879,-3.1081934757613334
4929.923,-5.044160797846816,-3.110136508170515
4929.943,-5.043562710025811,-3.1126080494762753
4929.963,-5.04329120696753,-3.1153138814623054
4929.983,-5.043085717246616,-3.1180165969463163
4930.003,-5.04309646722226,-3.120822155315637
4930.023,-5.043167658584141,-3.1236325419793154
4930.043,-5.043117174163675,-3.1263315071638313
4930.063,-5.04311239190218,-3.1290297825524376
4930.083,-5.04314476290554,-3.1317251854399406
4930.103,-5.043227581340836,-3.134419875153611
4930.123,-5.043356790734427,-3.137111962056819
4930.143,-5.043534493683996,-3.13980120804073
4930.163,-5.043762556854456,-3.1424867937947543
4930.183,-5.044036840375115,-3.1451672396590173
4930.203,-5.04435939552492,-3.1478422703235105
4930.223,-5.04473204726733,-3.150511019769263
4930.243,-5.045150608543762,-3.153172096180713
4930.263,-5.045617094831099,-3.1558251750538804
4930.283,-5.046133254922632,-3.1584693656676173
4930.303,-5.04669487816838,-3.1611033805814635
4930.323,-5.0473039439363125,-3.163726845143843
4930.343,-5.047962123123756,-3.166338844059205
4930.363,-5.048665188819041,-3.1689381828435397
4930.383,-5.049415076201953,-3.1715244473924664
4930.403,-5.050213376004732,-3.1740966995299713
4930.423,-5.051055856638085,-3.176653840466443
4930.443,-5.051944401567854,-3.179195418963654
4930.463,-5.052880519075395,-3.1817204766838887
4930.483,-5.053859984150888,-3.1842280130613543
4930.503,-5.054884623164646,-3.186717537574785
4930.523,-5.055961594867887,-3.1891888451334642
4930.543,-5.057088914631112,-3.1916416786202633
4930.563,-5.05826020091448,-3.1940738445852888
4930.583,-5.059475067176014,-3.1964845328364095
4930.603,-5.06073311987736,-3.1988729631851167
4930.623,-5.0620339516424835,-3.2012383629043923
4930.643,-5.0633771413277575,-3.2035799667551195
4930.663,-5.0647622541585315,-3.205897017221268
4930.683,-5.066188841869628,-3.208188764744397
4930.703,-5.06765644284915,-3.210454467955412
4930.723,-5.067606043290993,-3.2137480698346934
4930.743,-5.0648207445467,-3.218865545122754
4930.763,-5.060269618471512,-3.224424049266549
4930.783,-5.054099684378455,-3.230181307027474
4930.803,-5.0464005642722345,-3.2361097761844104
4930.823,-5.03892050122561,-3.2419173970601904
4930.843,-5.033043088999477,-3.247616409532612
4930.863,-5.027904313127151,-3.253294409670767
4930.883,-5.021536838225472,-3.2594151378299827
4930.903,-5.014066233491418,-3.2655321328919507
4930.923,-5.006639351475182,-3.271659129396303
4930.943,-4.999373448845017,-3.277785163959664
4930.963,-4.992156530484532,-3.283919278511234
4930.983,-4.98475103401486,-3.2900920395096
4931.003,-4.977661769078966,-3.2962204998280646
4931.023,-4.970329149715903,-3.3024417769007575
4931.043,-4.963481095537434,-3.308597123132826
4931.063,-4.9560378854845615,-3.3148479630589773
4931.083,-4.9490392659295015,-3.3210175781987505
4931.103,-4.942331886941343,-3.327226898156414
4931.123,-4.935099857139677,-3.3335201087258777
4931.143,-4.927427851245947,-3.3398965341002937
4931.163,-4.919705030843797,-3.3462545651548616
4931.183,-4.9119807025610935,-3.3526132067865255
4931.203,-4.904257013500021,-3.3589719543504617
4931.223,-4.8965323224677695,-3.3653297557546056
4931.243,-4.888808167541058,-3.3716882893416757
4931.263,-4.881085257726116,-3.378045985814924
4931.283,-4.873922273784,-3.383868164935921
4931.303,-4.867998718993148,-3.3884712970839552
4931.323,-4.863610035532818,-3.3916824456217896
4931.343,-4.860393887592248,-3.393813148957881
4931.363,-4.857585841947091,-3.3948185874932544
4931.383,-4.855131012972904,-3.3948518027854435
4931.403,-4.85301420366667,-3.3939106444060627
4931.423,-4.851274884072618,-3.392031435263909
4931.443,-4.84968099084073,-3.3898521520530593
4931.463,-4.848126936615202,-3.387644772043229
4931.483,-4.846612856370685,-3.3854097740620146
4931.503,-4.84513923725298,-3.383147879217643
4931.523,-4.843706556944366,-3.3808598194640567
4931.543,-4.84231528001522,-3.3785463353695917
4931.563,-4.840965857726976,-3.3762081758652265
4931.583,-4.8396587278720045,-3.3738460980047864
4931.603,-4.83839431461753,-3.371460866720421
4931.623,-4.837173028353606,-3.369053254573306
4931.643,-4.83599526554551,-3.366624041499822
4931.663,-4.834861408590883,-3.3641740145534467
4931.683,-4.833771825681905,-3.3617039676426517
4931.703,-4.832726870672799,-3.359214701265142
4931.723,-4.831726882952903,-3.3567070222387674
4931.743,-4.830772187325514,-3.354181743429473
4931.763,-4.829863093892669,-3.3516396834766304
4931.783,-4.828999897945994,-3.349081666516124
4931.803,-4.828182879863698,-3.3465085219015056
4931.823,-4.827412305013762,-3.3439210839235525
4931.843,-4.8266884236633345,-3.3413201915285162
4931.863,-4.826011470894341,-3.338706688035329
4931.883,-4.825381666525216,-3.336081420852006
4931.903,-4.824799215038761,-3.33344524119145
4931.923,-4.8242643055159995,-3.3307990037868276
4931.943,-4.823777111575956,-3.3281435666066876
4931.963,-4.823337791321288,-3.3254797905699123
4931.983,-4.822946487289634,-3.3228085392606252
4932.003,-4.822603326410616,-3.320130678643128
4932.023,-4.822308419968371,-3.3174470767769098
4932.043,-4.822061863569559,-3.3147586035318133
4932.063,-4.821863737116736,-3.312066130303357
4932.083,-4.82171410478704,-3.30937052972827
4932.103,-4.821613015016107,-3.3066726754002547
4932.123,-4.82156050048718,-3.3039734415860105
4932.143,-4.821553736834882,-3.3012751706106434
4932.163,-4.821586314977113,-3.2985796550835746
4932.183,-4.821665115182408,-3.295885220542994
4932.203,-4.821792489415339,-3.2931927526745435
4932.223,-4.821970277847395,-3.290502946181927
4932.243,-4.820297025671501,-3.2876442926066294
4932.263,-4.815356652236286,-3.284514598040458
4932.283,-4.808666060756853,-3.2818571511602426
4932.303,-4.800462080187816,-3.2798086158766564
4932.323,-4.790844042172486,-3.278346992928635
4932.343,-4.78093286307586,-3.2770096196622425
4932.363,-4.770701434220093,-3.2758386280788723
4932.383,-4.760328679232026,-3.2747126121194676
4932.403,-4.75036466850953,-3.273417144625568
4932.423,-4.7404531713399605,-3.2720924948324708
4932.443,-4.730541534281832,-3.2707686739829045
4932.463,-4.720629894590523,-3.2694448762970016
4932.483,-4.710718253746165,-3.2681210934951497
4932.503,-4.700806611751654,-3.266797325448771
4932.523,-4.6908949685891095,-3.2654735720987893
4932.543,-4.680983324234192,-3.264149833385688
4932.563,-4.671071678656407,-3.262826109249286
4932.583,-4.661160031819383,-3.261502399629139
4932.603,-4.651248383681181,-3.260178704464946
4932.623,-4.641336734194669,-3.2588550236969893
4932.643,-4.631425083307953,-3.2575313572665556
4932.663,-4.62151343096485,-3.2562077051163687
4932.683,-4.611600508716099,-3.2548844293268067
4932.703,-4.601682387711472,-3.253566861140763
4932.723,-4.591765290426578,-3.2522491972758467
4932.743,-4.581850162171707,-3.250930961520409
4932.763,-4.5719383659378305,-3.2496088046123153
4932.783,-4.56202662461045,-3.248285852950316
4932.803,-4.552114874338191,-3.246962933959878
4932.823,-4.5427686202603486,-3.246007182064579
4932.843,-4.534805398404752,-3.245506590824012
4932.863,-4.528538907450763,-3.2452687268143956
4932.883,-4.524031102969291,-3.2451237995145212
4932.903,-4.520530500736835,-3.2453275087896336
4932.923,-4.51770444184887,-3.246087068928503
4932.943,-4.515580745070482,-3.2474207117031417
4932.963,-4.514171454810398,-3.2492879895193454
4932.983,-4.5135197412754415,-3.2516973867031913
4933.003,-4.513610256144154,-3.2545730055388913
4933.023,-4.513717134253532,-3.257435588997847
4933.043,-4.513629715048749,-3.260133248653717
4933.063,-4.5135908042691275,-3.2628326783220776
4933.083,-4.513596855888542,-3.2655302903815686
4933.103,-4.5136545054115,-3.2682290591656544
4933.123,-4.513761064321844,-3.270926603920949
4933.143,-4.513916158086696,-3.273621785773266
4933.163,-4.514119735860582,-3.276313729673998
4933.183,-4.514371731148675,-3.279001563367734
4933.203,-4.514672061758376,-3.2816844160191883
4933.223,-4.5150206298305235,-3.2843614184821375
4933.243,-4.515417321876532,-3.287031703580281
4933.263,-4.515862008820564,-3.2896944063872287
4933.283,-4.5163545460466965,-3.292348664505462
4933.303,-4.516894773451075,-3.294993618344205
4933.323,-4.517482515498983,-3.2976284113961447
4933.343,-4.518117581286889,-3.300252190512919
4933.363,-4.518799764609337,-3.302864106179299
4933.383,-4.519528844030773,-3.3054633127859594
4933.403,-4.520304582962152,-3.3080489689007635
4933.423,-4.521126729742387,-3.3106202375384357
4933.443,-4.521995017724535,-3.313176286428534
4933.463,-4.522909165366681,-3.3157162882816142
4933.483,-4.5238688763274855,-3.318239421053458
4933.503,-4.5248738395662835,-3.3207448682072527
4933.523,-4.525923729447696,-3.323231818973642
4933.543,-4.527018205850637,-3.325699468608481
4933.563,-4.528156914281641,-3.3281470186482403
4933.583,-4.529339485992405,-3.330573677162911
4933.603,-4.530565538101432,-3.3329786590063457
4933.623,-4.531834673719638,-3.335361186063938
4933.643,-4.53314648207985,-3.3377204874975455
4933.663,-4.534500538670018,-3.340055799987616
4933.683,-4.535896405370045,-3.3423663679724496
4933.703,-4.537333630592102,-3.3446514438845627
4933.723,-4.538811749424318,-3.34691028838414
4933.743,-4.540330283777713,-3.3491421705895665
4933.763,-4.541888742536312,-3.3513463683050695
4933.783,-4.543486621710315,-3.353522168245491
4933.803,-4.545123404592303,-3.355668866258266
4933.823,-4.546798561916398,-3.357785767542653
4933.843,-4.548511552020403,-3.359872186866334
4933.863,-4.550261821010912,-3.361927448779457
4933.883,-4.552048802931437,-3.363950887826234
4933.903,-4.553871919933648,-3.3659418487542094
4933.923,-4.555730582451808,-3.3678996867212954
4933.943,-4.557624189380561,-3.369823767500674
4933.963,-4.559552128256218,-3.3717134676836555
4933.983,-4.561513775441752,-3.3735681748805386
4934.003,-4.563508496315671,-3.375387287919516
4934.023,-4.565535645464992,-3.3771702170436293
4934.043,-4.567594566882537,-3.378916384105728
4934.063,-4.569684594168729,-3.3806252227613625
4934.083,-4.571805050738077,-3.382296178659488
4934.103,-4.5739552500305285,-3.38392870963082
4934.123,-4.575027089820886,-3.3870438249367747
4934.143,-4.574146038645574,-3.3928031416806164
4934.163,-4.571754057339684,-3.3995771878597005
4934.183,-4.56790707960423,-3.4070880948126483
4934.203,-4.562679955143766,-3.4152795671209972
4934.223,-4.557154343478945,-3.42361518830205
4934.243,-4.551547014097994,-3.4322105385346093
4934.263,-4.545879735080058,-3.4409524008738637
4934.283,-4.540342027440986,-3.449339175738326
4934.303,-4.5348236290953,-3.4576892352661703
4934.323,-4.529303318762533,-3.4660265087610527
4934.343,-4.523782768930576,-3.474364052271419
4934.363,-4.5182622231038065,-3.4827015981319316
4934.383,-4.512741683637655,-3.4910391474788973
4934.403,-4.507221150494777,-3.4993767002762928
4934.423,-4.5017006236089765,-3.507714256481072
4934.443,-4.496180102909589,-3.5160518160548806
4934.463,-4.490659588322097,-3.524389378964314
4934.483,-4.485139079768524,-3.532726945181016
4934.503,-4.4796185771679,-3.541064514681735
4934.523,-4.4740980602581315,-3.549405037745695
4934.543,-4.468577555374797,-3.557747485581426
4934.563,-4.463057017357831,-3.566085043380141
4934.583,-4.457536589567605,-3.5744226602509603
4934.603,-4.45201616833949,-3.582760280935173
4934.623,-4.446495752678011,-3.591097904959038
4934.643,-4.440975342483879,-3.599435532325604
4934.663,-4.43545493766753,-3.607773163046232
4934.683,-4.429934538141917,-3.6161107971361917
4934.703,-4.424412321192083,-3.624453574045626
4934.723,-4.4188930759847755,-3.6327926412750697
4934.743,-4.413372742107964,-3.6411303273631366
4934.763,-4.4078524468328295,-3.649468030575945
4934.783,-4.40233208052046,-3.6578061402680206
4934.803,-4.396810341273567,-3.6661457513733953
4934.823,-4.39129002198702,-3.6744834455806745
4934.843,-4.385769715364096,-3.682821142512576
4934.863,-4.380249413976314,-3.691158843357566
4934.883,-4.374729117698251,-3.699496548152927
4934.903,-4.369207357259547,-3.707837405504982
4934.923,-4.363686288969347,-3.7161759232254545
4934.943,-4.358165996637177,-3.724513632943618
4934.963,-4.352645709254005,-3.732851346319241
4934.983,-4.34712542685575,-3.7411890637422145
4935.003,-4.341605149433993,-3.7495267852266903
4935.023,-4.336084876988696,-3.757864510781006
4935.043,-4.330564609526786,-3.766202240410521
4935.063,-4.325044347061758,-3.7745399741173955
4935.083,-4.319524089613269,-3.782877711900371
4935.103,-4.314003837206666,-3.7912154537545986
4935.123,-4.30848358987248,-3.799553199671511
4935.143,-4.302963347645869,-3.807890949638739
4935.163,-4.297443110566031,-3.8162287036400646
4935.183,-4.291922878675586,-3.824566461655429
4935.203,-4.286402652019918,-3.83290422366098
4935.223,-4.280882430646523,-3.8412419896291645
4935.243,-4.2753622146043195,-3.8495797595288623
4935.263,-4.269842003942979,-3.8579175333255615
4935.283,-4.264321798712227,-3.8662553109815767
4935.303,-4.258801598961166,-3.874593092456299
4935.323,-4.253281404737629,-3.88293087770648
4935.343,-4.247761216087509,-3.8912686666865492
4935.363,-4.242241033054153,-3.89960645934896
4935.383,-4.236720855677782,-3.907944255644558
4935.403,-4.231200683994925,-3.9162820555229674
4935.423,-4.2256805180379216,-3.924619858933001
4935.443,-4.220690802687881,-3.932410004078843
4935.463,-4.216961562447669,-3.9388936623670223
4935.483,-4.214410184382603,-3.9438327130735398
4935.503,-4.21200908386854,-3.9470934354784744
4935.523,-4.209583888250877,-3.9491526339788066
4935.543,-4.207209646448372,-3.9500581335053466
4935.563,-4.2048986308889305,-3.949949367281789
4935.583,-4.202677351440182,-3.9488324361712883
4935.603,-4.200522309103092,-3.9472069276103077
4935.623,-4.19839835624474,-3.9455408290645613
4935.643,-4.19630474533884,-3.943836775727662
4935.663,-4.194242137709568,-3.942095318811965
4935.683,-4.1922112003360725,-3.9403170215236436
4935.703,-4.190212590175714,-3.938502458935012
4935.723,-4.188246953811711,-3.936652217819667
4935.743,-4.186314927251478,-3.934766896475863
4935.763,-4.184417135728607,-3.9328471045467714
4935.783,-4.182554193506915,-3.9308934628376377
4935.803,-4.180726703686497,-3.928906603129653
4935.823,-4.178935258011666,-3.9268871679903343
4935.843,-4.177180436680797,-3.924835810580189
4935.863,-4.175462808158042,-3.9227531944554426
4935.883,-4.173782928986983,-3.920639993366589
4935.903,-4.172141343606259,-3.918496891052573
4935.923,-4.17053858416735,-3.916324581030379
4935.943,-4.168975170354646,-3.9141237663798973
4935.963,-4.167451609208021,-3.9118951595239184
4935.983,-4.165968394948175,-3.909639482003184
4936.003,-4.16452600880499,-3.9073574642464655
4936.023,-4.163124918849248,-3.9050498453357005
4936.043,-4.161765579827994,-3.902717372766251
4936.063,-4.160448433003882,-3.900360802202449
4936.083,-4.159173905998855,-3.8979808972285723
4936.103,-4.15794241264244,-3.895578429095532
4936.123,-4.156754352824983,-3.8931541764635025
4936.143,-4.155610112356095,-3.8907089251408298
4936.163,-4.154510062828556,-3.888243467819521
4936.183,-4.153454561487841,-3.8857586038076812
4936.203,-4.152443951107534,-3.883255138759232
4936.223,-4.151478559870661,-3.8807338844012587
4936.243,-4.150558701257084,-3.878195658259324
4936.263,-4.1496846739370055,-3.8756412833810576
4936.283,-4.148856761670596,-3.8730715880583246
4936.303,-4.148075233213722,-3.870487405548239
4936.323,-4.147340342229748,-3.867889573793243
4936.343,-4.146652327207361,-3.865278935140484
4936.363,-4.146011411384296,-3.8626563360606374
4936.383,-4.145417802676934,-3.8600226268663382
4936.403,-4.144871693615615,-3.8573786614303347
4936.423,-4.14437326128559,-3.854725296903449
4936.443,-4.143922667273538,-3.8520633934324207
4936.463,-4.143520057619479,-3.8493938138776844
4936.483,-4.143165562774095,-3.846717423531114
4936.503,-4.140989075589094,-3.844244433767089
4936.523,-4.135548444987669,-3.8421598986955963
4936.543,-4.128478481344243,-3.840886237865905
4936.563,-4.120048179567636,-3.8405122822465865
4936.583,-4.110343428023189,-3.841001011676047
4936.603,-4.100365488571378,-3.8416778129055182
4936.623,-4.0900353251237815,-3.842131110183716
4936.643,-4.079621725036583,-3.8425994192103397
4936.663,-4.069627476348324,-3.84324757191226
4936.683,-4.059647175141452,-3.8439071334790844
4936.703,-4.049664244340635,-3.8445664941418647
4936.723,-4.039681028571668,-3.845226029036151
4936.743,-4.029698544631803,-3.8458844406006585
4936.763,-4.019715861434881,-3.846542141488826
4936.783,-4.009733236630841,-3.8472001052347458
4936.803,-3.9997511989734136,-3.8478564519332448
4936.823,-3.989768240038973,-3.8485130570942636
4936.843,-3.979788574897665,-3.8491737564891664
4936.863,-3.9698108694337444,-3.8498362965034083
4936.883,-3.959833162167407,-3.85049879743318
4936.903,-3.949855453264456,-3.851161282262487
4936.923,-3.9398777427888056,-3.851823751203137
4936.943,-3.9299000308113805,-3.852486204260634
4936.963,-3.9199223174082367,-3.853148641437892
4936.983,-3.9099446026597473,-3.853811062737103
4937.003,-3.89996688664976,-3.854473468159733
4937.023,-3.8899891694647195,-3.855135857706516
4937.043,-3.880011451192787,-3.855798231377459
4937.063,-3.870033731922916,-3.856460589171846
4937.083,-3.8600560117439437,-3.8571229310882535
4937.103,-3.850078290743673,-3.857785257124568
4937.123,-3.8401005690079755,-3.8584475672780223
4937.143,-3.830122846619904,-3.859109861545222
4937.163,-3.820145123658844,-3.8597721399221814
4937.183,-3.8101651111815804,-3.860432452144606
4937.203,-3.8001832128478292,-3.8610884971573753
4937.223,-3.7902049556086923,-3.8617504514773087
4937.243,-3.7802272125612357,-3.8624124026328146
4937.263,-3.7702494693394137,-3.863074334419668
4937.283,-3.760271725939751,-3.8637362502415087
4937.303,-3.75029398239341,-3.864398150123426
4937.323,-3.740316238723942,-3.8650600340595234
4937.343,-3.7303384949462357,-3.8657219020435454
4937.363,-3.7203607510663272,-3.866383754069235
4937.383,-3.710380884614191,-3.867043925879691
4937.403,-3.700401149826139,-3.8677031021834383
4937.423,-3.690417651201364,-3.868360754230221
4937.443,-3.6804336364549317,-3.8690183591816005
4937.463,-3.6704508938517035,-3.8696748508312218
4937.483,-3.660466704111138,-3.8703313187918362
4937.503,-3.6504833855151686,-3.8709877518556315
4937.523,-3.6405006260578054,-3.871644874593101
4937.543,-3.6305169495625162,-3.872300281372943
4937.563,-3.62053393162525,-3.872956487911651
4937.583,-3.6105490590676697,-3.8736096411689034
4937.603,-3.600565807882936,-3.874264742256179
4937.623,-3.590579457384897,-3.874917118888554
4937.643,-3.5805946759893037,-3.8755712078307396
4937.663,-3.5706125487201765,-3.8762247214890007
4937.683,-3.5606337898176186,-3.8768803787710215
4937.703,-3.55065163310221,-3.8775361339556955
4937.723,-3.540672657316003,-3.8781918278550216
4937.743,-3.5306900403501875,-3.878846476848842
4937.763,-3.520710620429314,-3.8795008192298357
4937.783,-3.510732873586254,-3.8801583054824613
4937.803,-3.5007548709370258,-3.8808161705312902
4937.823,-3.490776868573608,-3.881474025746229
4937.843,-3.4807988646230883,-3.882131865012536
4937.863,-3.470820859000741,-3.882789688283178
4937.883,-3.460842851647613,-3.883447495565127
4937.903,-3.4508648425127832,-3.8841052868660375
4937.923,-3.4408868315536196,-3.884763062193709
4937.943,-3.430908818736151,-3.8854208215560058
4937.963,-3.420930804035354,-3.8860785649608043
4937.983,-3.410952787435358,-3.8867362924159132
4938.003,-3.400974768929551,-3.88739400392902
4938.023,-3.3909967485206103,-3.888051699507618
4938.043,-3.381592192282235,-3.8884667873805756
4938.063,-3.3735648991224285,-3.8886028944745346
4938.083,-3.3672666628387242,-3.888724156060832
4938.103,-3.36266381514402,-3.888796221440902
4938.123,-3.3588394576959906,-3.8885129113224863
4938.143,-3.3555620033112703,-3.887749095680638
4938.163,-3.352839373944983,-3.886501312375205
4938.183,-3.3506773039854645,-3.884774860869447
4938.203,-3.3491870296272297,-3.882631923809573
4938.223,-3.3483123324659037,-3.880068567201158
4938.243,-3.348115653312674,-3.877309269272724
4938.263,-3.3480968833953955,-3.8745631231367224
4938.283,-3.3482019309077824,-3.8718696716872247
4938.303,-3.348355461260843,-3.869178332657248
4938.323,-3.348559390798455,-3.8664900835840323
4938.343,-3.3488096283585125,-3.8638069881243893
4938.363,-3.3491081963823586,-3.861128929785178
4938.383,-3.349456915913929,-3.858456692155648
4938.403,-3.34985163760037,-3.8557916986715695
4938.423,-3.350294350837632,-3.853134284565226
4938.443,-3.350786823039996,-3.8504853088190756
4938.463,-3.351324853526805,-3.847846107779945
4938.483,-3.35191041451938,-3.8452170336111373
4938.503,-3.35254519784864,-3.842598980921453
4938.523,-3.3532249852389047,-3.839993192877785
4938.543,-3.3539517049494405,-3.83740006022346
4938.563,-3.354726969571684,-3.834820502370755
4938.583,-3.3555465544666334,-3.8322556665016063
4938.603,-3.3564123366297816,-3.8297059800524775
4938.623,-3.357331649531015,-3.8271715217175397
4938.643,-3.3583024874632543,-3.824652628234276
4938.663,-3.3593185057155286,-3.822151600511727
4938.683,-3.3603793690878234,-3.819669269224801
4938.703,-3.361484733719666,-3.8172064379533737
4938.723,-3.3626342414624846,-3.8147639037059276
4938.743,-3.3638275199460987,-3.8123424568615705
4938.763,-3.3650641827022967,-3.8099428809247198
4938.783,-3.366343829292714,-3.8075659522805383
4938.803,-3.3676660454404077,-3.8052124399529705
4938.823,-3.3690304031650093,-3.8028831053654883
4938.843,-3.370436460921335,-3.800578702104562
4938.863,-3.3718837637413515,-3.798299975685951
4938.883,-3.3733718433793785,-3.7960476633238005
4938.903,-3.37490021846042,-3.793822493702573
4938.923,-3.376468394631548,-3.791625186751803
4938.943,-3.37807586471623,-3.789456453423649
4938.963,-3.379722108871573,-3.7873169954731716
4938.983,-3.3814065947484213,-3.785207505241305
4939.003,-3.383128777654301,-3.783128665440423
4939.023,-3.384888100719237,-3.7810811489423988
4939.043,-3.3866839950644807,-3.7790656185690708
4939.063,-3.3885158799742285,-3.7770827268849922
4939.083,-3.3903831630704446,-3.7751331159923636
4939.103,-3.39228524049093,-3.7732174173280555
4939.123,-3.3942214970708084,-3.7713362514626163
4939.143,-3.396191306527618,-3.7694902279012243
4939.163,-3.3981940316502186,-3.767679944886523
4939.183,-3.4002290244917432,-3.7659059892033553
4939.203,-3.4022956265667963,-3.7641689359854014
4939.223,-3.404393169053138,-3.7624693485238176
4939.243,-3.406520972998026,-3.7608077780779783
4939.263,-3.40867834952941,-3.7591847636884776
4939.283,-3.4108646000720872,-3.7576008319926055
4939.303,-3.413079016568948,-3.756056497042524
4939.323,-3.4153208817073217,-3.7545522601264247
4939.343,-3.4175894691504394,-3.753088609592977
4939.363,-3.419884043773927,-3.751666020679376
4939.383,-3.422203861907242,-3.7502849553433344
4939.403,-3.4245481715798345,-3.748945862099356
4939.423,-3.4269162127718378,-3.7476491758596144
4939.443,-3.429307217669015,-3.7463953177797573
4939.463,-3.4317204109216366,-3.7451846951099244
4939.483,-3.434155009906979,-3.7440177010512423
4939.503,-3.436610224995061,-3.7428947146180205
4939.523,-3.4390852598172823,-3.7418161005058272
4939.543,-3.4415793115375712,-3.7407822089656073
4939.563,-3.4440915711257025,-3.7397933756839206
4939.583,-3.446621223632442,-3.7388499216693796
4939.603,-3.44854572462524,-3.736175933710032
4939.623,-3.449362332241131,-3.7304071386423083
4939.643,-3.4490246290581683,-3.7232312684391293
4939.663,-3.447506091967415,-3.7149304112241865
4939.683,-3.4448620337727838,-3.7055799950010524
4939.703,-3.4419736796988905,-3.696005349091683
4939.723,-3.43917103656184,-3.6860974195446428
4939.743,-3.436384488156143,-3.67609654507795
4939.763,-3.4335173172099296,-3.6664893262887572
4939.783,-3.4306439206991244,-3.6569074375072854
4939.803,-3.4277677212014757,-3.647325637179427
4939.823,-3.4248915456882036,-3.6377437849159064
4939.843,-3.422015543381546,-3.6281618770905064
4939.863,-3.4191397294364405,-3.6185799116555377
4939.883,-3.4162638437365107,-3.608998432906559
4939.903,-3.4133879989501743,-3.599419975311294
4939.923,-3.4105139582301205,-3.5898355572207943
4939.943,-3.4076401644708314,-3.5802529431313816
4939.963,-3.4047650532230587,-3.5706730442296917
4939.983,-3.4018888100207523,-3.561096029106151
4940.003,-3.3990125645365814,-3.5515190141239965
4940.023,-3.396136331618339,-3.5419419948587056
4940.043,-3.3932601113570477,-3.5323649712227048
4940.063,-3.3903839037131367,-3.5227879431726703
4940.083,-3.387507708645046,-3.513210910671667
4940.103,-3.384631526110571,-3.503633873689257
4940.123,-3.3817553560670826,-3.494056832201888
4940.143,-3.3788791984717528,-3.484479786193206
4940.163,-3.3760030532817904,-3.474902735654299
4940.183,-3.3731269204546885,-3.465325680583854
4940.203,-3.3702507999484745,-3.455748620988246
4940.223,-3.367374691721973,-3.4461715568815348
4940.243,-3.3644985957350553,-3.4365944882853885
4940.263,-3.3616225119488927,-3.4270174152289297
4940.283,-3.3587464403262097,-3.417440337748494
4940.303,-3.355870380831519,-3.4078632558873276
4940.323,-3.352994333431352,-3.3982861696952016
4940.343,-3.3501182980944697,-3.3887090792279673
4940.363,-3.347242274792064,-3.3791319845470404
4940.383,-3.3443662634979363,-3.369554885718831
4940.403,-3.3414902641886597,-3.3599777828141266
4940.423,-3.338614276843706,-3.3504006759074176
4940.443,-3.335739791107439,-3.340820475565361
4940.463,-3.3328659265174756,-3.3312371911570198
4940.483,-3.3299920003704067,-3.321653940074716
4940.503,-3.3271182570240563,-3.3120706318806308
4940.523,-3.3242447227443117,-3.302487261760075
4940.543,-3.321371401353462,-3.2929038296439312
4940.563,-3.318498293678774,-3.283320335692891
4940.583,-3.315625399938857,-3.273736779980197
4940.603,-3.3127527190224537,-3.264153163604159
4940.623,-3.309880249854123,-3.254569488055515
4940.643,-3.3070079921975095,-3.2449857541516693
4940.663,-3.3041359436777658,-3.2354019642972425
4940.683,-3.30126362997637,-3.225819307594865
4940.703,-3.2983901483407077,-3.2162414545247113
4940.723,-3.295516851555177,-3.2066635439295803
4940.743,-3.2926435688982507,-3.1970856296970074
4940.763,-3.289770298781001,-3.1875077123911675
4940.783,-3.286897041191174,-3.1779297920455267
4940.803,-3.284023796132985,-3.1683518686800345
4940.823,-3.2811505636122735,-3.1587739423061603
4940.843,-3.2782777933267155,-3.149193730131495
4940.863,-3.275406269026475,-3.13960987852098
4940.883,-3.2725340403623315,-3.1300256975914476
4940.903,-3.2696620888358785,-3.1204400281455027
4940.923,-3.266792765380239,-3.110849126565987
4940.943,-3.263922657864472,-3.1012604012466096
4940.963,-3.261052514263897,-3.0916709102122697
4940.983,-3.2581821415196273,-3.0820852513823995
4941.003,-3.2553131992407027,-3.0724948147063484
4941.023,-3.252442497899385,-3.062910606046384
4941.043,-3.249573534070896,-3.0533205288871565
4941.063,-3.2467049283474974,-3.043729734794412
4941.083,-3.2438355621198336,-3.034143779390048
4941.103,-3.240966987840159,-3.024558967863597
4941.123,-3.238097604116547,-3.0149750635130066
4941.143,-3.235228177290952,-3.0053920905313225
4941.163,-3.232359184736036,-2.9958093627564235
4941.183,-3.2294894233683116,-2.9862297246000087
4941.203,-3.2266192173989383,-2.9766508931508113
4941.223,-3.223748961981761,-2.967072081913782
4941.243,-3.220878718865881,-2.9574932666631835
4941.263,-3.2180084885605513,-2.94791444711222
4941.283,-3.2151382710283594,-2.9383356232074576
4941.303,-3.212268066225989,-2.9287567949026534
4941.323,-3.2099387378769295,-2.919761179158924
4941.343,-3.2085762916348317,-2.91222069469858
4941.363,-3.207422223163794,-2.9062159413823125
4941.383,-3.2063218043668007,-2.9019688947370184
4941.403,-3.2053730567914305,-2.899002240807523
4941.423,-3.2044781295971427,-2.8971742805828455
4941.443,-3.203000920411544,-2.896262288782285
4941.463,-3.2009579891437654,-2.8961311794738127
4941.483,-3.1985543815620203,-2.896798629599729
4941.503,-3.1960336534734135,-2.89776425020248
4941.523,-3.193531105070153,-2.898776374950923
4941.543,-3.191047191597612,-2.8998333707062116
4941.563,-3.1885827123544774,-2.900934895083373
4941.583,-3.1861384646913447,-2.9020805909084104
4941.603,-3.183715239376736,-2.903270086780822
4941.623,-3.1813138203102174,-2.9045029972010092
4941.643,-3.178934984277374,-2.9057789226990365
4941.663,-3.176579500707779,-2.9070974499671323
4941.683,-3.174248131435687,-2.908458151995828
4941.703,-3.1719416304635324,-2.9098605882136193
4941.723,-3.169660743728283,-2.911304304630022
4941.743,-3.1674062088706965,-2.9127888339819044
4941.763,-3.165178755007517,-2.9143136958829854
4941.783,-3.16297910250661,-2.9158783969763777
4941.803,-3.1608079627650247,-2.9174824310900864
4941.823,-3.1586660379899585,-2.919125279395374
4941.843,-3.156554020982557,-2.920806410567938
4941.863,-3.1544725949244903,-2.9225252809518523
4941.883,-3.1524224331672235,-2.9242813347262664
4941.903,-3.1504041990238507,-2.9260740040748776
4941.923,-3.1484185455634237,-2.927902709358222
4941.943,-3.1464661154076348,-2.9297668592888795
4941.963,-3.1445475405297505,-2.9316658511096896
4941.983,-3.142663442055695,-2.9335990707751325
4942.003,-3.140814430067194,-2.935565893136036
4942.023,-3.1390011034069136,-2.9375656821278158
4942.043,-3.1372240494855603,-2.9395977909624333
4942.063,-3.135483844090918,-2.941661562324308
4942.083,-3.1337810511988855,-2.9437563285703803
4942.103,-3.1321162227865598,-2.9458814119345345
4942.123,-3.130489898647485,-2.948036124736574
4942.143,-3.128902606209253,-2.950219769595901
4942.163,-3.127354860353603,-2.952431639650012
4942.183,-3.1258471632393054,-2.9546710187779084
4942.203,-3.124380004128076,-2.9569371818284425
4942.223,-3.1229538592138018,-2.959229394853572
4942.243,-3.121569191455422,-2.9615469153464633
4942.263,-3.1202264504137442,-2.9638889924843053
4942.283,-3.1189260720925476,-2.9662548673756635
4942.303,-3.1176684787842746,-2.9686437733121465
4942.323,-3.1164540789206003,-2.9710549360241227
4942.343,-3.1152832669281665,-2.9734875739402056
4942.363,-3.1141564230896996,-2.9759408984501627
4942.383,-3.113073913410759,-2.978414114170941
4942.403,-3.1120360894922494,-2.980906419215452
4942.423,-3.1092916767558343,-2.9827290071952812
4942.443,-3.1034962743749706,-2.983328061880827
4942.463,-3.0963380995659926,-2.9827207736221184
4942.483,-3.0881001074744163,-2.9808912062343724
4942.503,-3.078855632623087,-2.97789748022841
4942.523,-3.0693963344727617,-2.974651220723067
4942.543,-3.059610189996822,-2.9714680520015913
4942.563,-3.0497233852768106,-2.968281895868843
4942.583,-3.040238002880129,-2.9650467895624364
4942.603,-3.0307766774871743,-2.961810298046284
4942.623,-3.021315283030889,-2.9585739200685994
4942.643,-3.0118538844588127,-2.955337554351749
4942.663,-3.0023924824083004,-2.9521011999833315
4942.683,-2.9929310768970967,-2.948864856868051
4942.703,-2.9834696679339374,-2.945628524917025
4942.723,-2.9740082555245317,-2.9423922040417025
4942.743,-2.964546839671627,-2.939155894154395
4942.763,-2.9550854203750436,-2.935919595168866
4942.783,-2.9456239976317344,-2.9326833070009215
4942.803,-2.9361625714358683,-2.929447029568995
4942.823,-2.926701141778946,-2.926210762794711
4942.843,-2.9172397086499293,-2.922974506603443
4942.863,-2.9077782720354017,-2.9197382609248255
4942.883,-2.8983168319197485,-2.9165020256932537
4942.903,-2.8888479334537376,-2.9132671730429798
4942.923,-2.8793789548339936,-2.910033920907825
4942.943,-2.8699072088453526,-2.906800750616826
4942.963,-2.8604430977167743,-2.9035660673268415
4942.983,-2.850969897746851,-2.90033452024353
4943.003,-2.841499826484492,-2.897101644292016
4943.023,-2.8320324064824294,-2.893869049671448
4943.043,-2.8225686981730904,-2.890634526817233
4943.063,-2.813106772803446,-2.8873997582008335
4943.083,-2.8036448217035272,-2.884165011175558
4943.103,-2.794182189982191,-2.880930664437318
4943.123,-2.7847144890321935,-2.8776975935636893
4943.143,-2.7752466847436668,-2.874464509209239
4943.163,-2.765778787865933,-2.871231632346302
4943.183,-2.756310808330385,-2.8679989645028936
4943.203,-2.7468427554015102,-2.8647665031146468
4943.223,-2.7373746393267653,-2.8615342442171263
4943.243,-2.727906474734734,-2.8583021813909126
4943.263,-2.7184382927225745,-2.855070299016199
4943.283,-2.7089735516890983,-2.8518374409267033
4943.303,-2.6995110016259667,-2.848604428433759
4943.323,-2.690048440047163,-2.8453714554486655
4943.343,-2.6805858744082833,-2.842138493738869
4943.363,-2.6711233047843868,-2.8389055430827215
4943.383,-2.6616607311846696,-2.835672603519937
4943.403,-2.6521981536201102,-2.832439675093078
4943.423,-2.6427355721040593,-2.829206757844419
4943.443,-2.633272986652168,-2.8259738518152444
4943.463,-2.623810397282284,-2.8227409570451933
4943.483,-2.6143478040143218,-2.8195080735716354
4943.503,-2.6048852068701107,-2.816275201429077
4943.523,-2.595422605873219,-2.8130423406486114
4943.543,-2.5859600010487633,-2.809809491257407
4943.563,-2.5764973924231964,-2.80657665327825
4943.583,-2.56703478002408,-2.8033438267291366
4943.603,-2.557572163879851,-2.800111011622922
4943.623,-2.548109544019564,-2.796878207967034
4943.643,-2.53864692047264,-2.7936454157632364
4943.663,-2.5291842932686013,-2.790412635007475
4943.683,-2.519721662436806,-2.787179865689769
4943.703,-2.5102590280061854,-2.783947107794184
4943.723,-2.5007963900049788,-2.7807143612988643
4943.743,-2.491333743946866,-2.77748168151482
4943.763,-2.4818655735919584,-2.7742507547663524
4943.783,-2.4724028613404494,-2.7710182218185686
4943.803,-2.4634822931840623,-2.768296539977937
4943.823,-2.455884350944202,-2.766444697694631
4943.843,-2.4499686061957635,-2.765174887162551
4943.863,-2.445807151346923,-2.764470274216195
4943.883,-2.442708140039478,-2.7643860966703357
4943.903,-2.440246050699825,-2.765069306898565
4943.923,-2.4384339541047266,-2.7665126039279007
4943.943,-2.43729020255243,-2.768695046320245
4943.963,-2.436568114226795,-2.771305860173512
4943.983,-2.43588197665944,-2.7739152840408585
4944.003,-2.435242972213089,-2.776538234606775
4944.023,-2.434651279632283,-2.7791722830153445
4944.043,-2.4341070901710395,-2.7818165608240872
4944.063,-2.433610580752374,-2.7844702105082755
4944.083,-2.4331619128094744,-2.7871323716181933
4944.103,-2.4327612322120995,-2.7898021809512668
4944.123,-2.4324086692192264,-2.792478772841198
4944.143,-2.4321043384380907,-2.795161279447799
4944.163,-2.431848338789247,-2.7978488310464513
4944.183,-2.4316407534775,-2.8005405563171015
4944.203,-2.431481649968606,-2.803235582632714
4944.223,-2.4313710799716106,-2.8059330363471515
4944.243,-2.431309079426733,-2.808632043082422
4944.263,-2.431294899247332,-2.81133091892646
4944.283,-2.431317719537649,-2.8140268201895253
4944.303,-2.431387109026605,-2.816721588968124
4944.323,-2.431506958351333,-2.819414732359198
4944.343,-2.43167314446539,-2.8221045988945943
4944.363,-2.431887824830476,-2.8247909255751082
4944.383,-2.4321527958155866,-2.82747300068346
4944.403,-2.4324638856659404,-2.830149254395933
4944.423,-2.432823231942864,-2.8328193979793124
4944.443,-2.431360932381869,-2.835781004357571
4944.463,-2.4266532564385255,-2.8392392158201423
4944.483,-2.420162579320764,-2.842348738414484
4944.503,-2.412120377841065,-2.844954127563079
4944.523,-2.402626526446816,-2.8470698798194545
4944.543,-2.392829950757277,-2.8490821103425548
4944.563,-2.3827714992680282,-2.8509874576546497
4944.583,-2.3723761256496325,-2.852776657729161
4944.603,-2.3625381999366075,-2.8547400406200896
4944.623,-2.352732224985074,-2.856731913906357
4944.643,-2.3429326651754363,-2.858727618986139
4944.663,-2.333134592035992,-2.8607253000833754
4944.683,-2.3233365578345095,-2.8627230951852867
4944.703,-2.3135373304155107,-2.864720098096466
4944.723,-2.303738981093561,-2.866717258373275
4944.743,-2.2939374708812648,-2.8687128516359413
4944.763,-2.2841314720725405,-2.8707061759848242
4944.783,-2.2743271390990114,-2.872699945812213
4944.803,-2.264521459967063,-2.8746929334691878
4944.823,-2.254711097876088,-2.876684531130365
4944.843,-2.2449067817249744,-2.878678068063372
4944.863,-2.2351003927416566,-2.880671721068795
4944.883,-2.225296661009554,-2.8826653278426986
4944.903,-2.2154921499519795,-2.8846581945234386
4944.923,-2.2056850481983474,-2.886650909893229
4944.943,-2.1958808290477503,-2.8886434178888147
4944.963,-2.186076531163957,-2.8906365563590986
4944.983,-2.176274404710438,-2.892630283400318
4945.003,-2.1664757904326746,-2.8946253060570455
4945.023,-2.156677180039966,-2.896620271582079
4945.043,-2.146878569385586,-2.8986152547284116
4945.063,-2.1370799552396273,-2.9006102246243537
4945.083,-2.1272813375489865,-2.902605180992507
4945.103,-2.1174827162921446,-2.904600123828402
4945.123,-2.107684091455858,-2.9065950531262703
4945.143,-2.097885463035145,-2.9085899688768606
4945.163,-2.088086831033314,-2.9105848710676283
4945.183,-2.078288195461916,-2.9125797596829637
4945.203,-2.0684895563406185,-2.914574634704449
4945.223,-2.058690913696991,-2.9165694961111477
4945.243,-2.0488922675662193,-2.918564343879895
4945.263,-2.039093617990742,-2.9205591779856226
4945.283,-2.0292949650198113,-2.9225539984016877
4945.303,-2.0194963087089954,-2.9245488051002213
4945.323,-2.009697649119608,-2.926543598052477
4945.343,-1.9998989863180887,-2.9285383772291858
4945.363,-1.990100320375331,-2.9305331426009205
4945.383,-1.9803016513659613,-2.9325278941384494
4945.403,-1.971085548958535,-2.9340351130007756
4945.423,-1.9632981236691733,-2.9349491707332502
4945.443,-1.9571265738315033,-2.9356181321531407
4945.463,-1.952664831780783,-2.9363086385804067
4945.483,-1.949370310085691,-2.9370095447904374
4945.503,-1.947128453869546,-2.937788131421993
4945.523,-1.9457737543717055,-2.9390754808513453
4945.543,-1.945214323191187,-2.940997740889727
4945.563,-1.94539643174717,-2.9433684594444607
4945.583,-1.9461049531932726,-2.9459568484408294
4945.603,-1.9468667043251813,-2.94854542575138
4945.623,-1.9476756561208919,-2.951120902811283
4945.643,-1.948530831659738,-2.9536814039138317
4945.663,-1.9494319492240626,-2.9562260918279515
4945.683,-1.9503787165137834,-2.958754142752704
4945.703,-1.9513708265386813,-2.9612647384184396
4945.723,-1.952407957682535,-2.9637570662764885
4945.743,-1.9534897738119374,-2.9662303197552196
4945.763,-1.9546159243897034,-2.968683698514409
4945.783,-1.9557860445924047,-2.971116408697203
4945.803,-1.9569997554319107,-2.973527663179602
4945.823,-1.958256663880851,-2.9759166818173663
4945.843,-1.9595563630018673,-2.9782826916902554
4945.863,-1.9608984320805507,-2.980624927343549
4945.883,-1.9622824367619365,-2.9829426310267606
4945.903,-1.9637079291904456,-2.9852350529295255
4945.923,-1.9651744481531495,-2.9875014514146234
4945.943,-1.9666815192262426,-2.9897410932481177
4945.963,-1.968228654924637,-2.9919532538266327
4945.983,-1.9698153548545752,-2.9941372174017835
4946.003,-1.9714411058692,-2.9962922773018175
4946.023,-1.9731053822270355,-2.998417736150515
4946.043,-1.9733496503169885,-3.0017027168918777
4946.063,-1.9710329555386492,-3.007048658169977
4946.083,-1.966996934285463,-3.012991741300916
4946.103,-1.9613663598743403,-3.019277483929572
4946.123,-1.954228024119173,-3.0258704487941133
4946.143,-1.9467643651827573,-3.0325268593592405
4946.163,-1.9390959025940224,-3.039337605439274
4946.183,-1.9313281587833415,-3.0462259487126335
4946.203,-1.923823518465376,-3.0529161436607604
4946.223,-1.916352838046505,-3.0595762436935248
4946.243,-1.9088864825635836,-3.066233191558213
4946.263,-1.90142016171166,-3.0728901059058877
4946.283,-1.8939531391958335,-3.079547469400115
4946.303,-1.886486862589537,-3.086204224913062
4946.323,-1.8790205186405216,-3.0928610004053128
4946.343,-1.8715534558797375,-3.0995182919818958
4946.363,-1.8640871275909343,-3.1061749878810048
4946.383,-1.856620753350768,-3.1128317242880796
4946.403,-1.849153673389899,-3.119488996662011
4946.423,-1.8416873380845882,-3.1261456863648776
4946.443,-1.8342209723255016,-3.1328024309720885
4946.463,-1.826753913637192,-3.139459724820598
4946.483,-1.8192876116244947,-3.146116449008693
4946.503,-1.8118212920188919,-3.1527732394704526
4946.523,-1.8043542911964443,-3.1594305883774854
4946.543,-1.7968880571721273,-3.166087377407697
4946.563,-1.7894218151806238,-3.1727442365566656
4946.583,-1.7819549014307796,-3.179401652797971
4946.603,-1.7744887612053946,-3.1860585078396992
4946.623,-1.7670226234743431,-3.1927154028473343
4946.643,-1.7595567493430588,-3.1993723861733554
4946.663,-1.7526085541048693,-3.2054783229228003
4946.683,-1.7469141991694497,-3.210353728059894
4946.703,-1.742721146759438,-3.213782432256796
4946.723,-1.7400329307440614,-3.216629927169642
4946.743,-1.73855523422671,-3.2192510549490607
4946.763,-1.7381600530648396,-3.221693746997554
4946.783,-1.7387710538441294,-3.2239279830652703
4946.803,-1.7403609206063522,-3.2259316591483427
4946.823,-1.742274547766033,-3.2278360830679365
4946.843,-1.744222466872671,-3.2297050955996136
4946.863,-1.7462037129690369,-3.2315387505346553
4946.883,-1.7482176467598527,-3.2333364603451504
4946.903,-1.7502636169228747,-3.235097642791506
4946.923,-1.7523409616856496,-3.2368217272680324
4946.943,-1.754449009035666,-3.2385081550519343
4946.963,-1.756587076924702,-3.240156379489417
4946.983,-1.7587544734777225,-3.24176586617916
4947.003,-1.7609504972065677,-3.243336093153613
4947.023,-1.7631744372285894,-3.24486655105789
4947.043,-1.7654255734903246,-3.2463567433260305
4947.063,-1.7677031769962583,-3.2478061863543304
4947.083,-1.7700065100426803,-3.24921440967143
4947.103,-1.7723348264565535,-3.2505809561048307
4947.123,-1.774687371839295,-3.251905381943504
4947.143,-1.777063383815276,-3.2531872570962284
4947.163,-1.779462092284833,-3.254426165245347
4947.183,-1.7818827196815008,-3.2556217039956
4947.203,-1.784324481233187,-3.2567734850177614
4947.223,-1.7867865852269305,-3.257881134186794
4947.243,-1.789268233276906,-3.258944291714315
4947.263,-1.7910627598223257,-3.2617070941231145
4947.283,-1.791602922116229,-3.267508262038947
4947.303,-1.7909228958667303,-3.2746598125966644
4947.323,-1.7890096613419013,-3.282878686522507
4947.343,-1.7859220860580791,-3.29209220866018
4947.363,-1.782579793071863,-3.301518015066973
4947.383,-1.779294537915733,-3.311268771290636
4947.403,-1.7760030598011682,-3.3211215709330633
4947.423,-1.7726656015072433,-3.330564644662883
4947.443,-1.7693394901490296,-3.340010691754349
4947.463,-1.7660061704921297,-3.3494390041137376
4947.483,-1.7626729922574693,-3.3588673692244644
4947.503,-1.7593398323667668,-3.3682957337755672
4947.523,-1.7560066817493338,-3.377724091071148
4947.543,-1.7526735406852643,-3.3871524390906274
4947.563,-1.749340412589589,-3.3965807764294897
4947.583,-1.7460073025902632,-3.406009100814323
4947.603,-1.742674215519671,-3.4154374096172804
4947.623,-1.739341158555176,-3.4248656999380778
4947.643,-1.7360081409784103,-3.4342939670758525
4947.663,-1.7326755367759248,-3.4437218941072114
4947.683,-1.7293428724769135,-3.453149786351435
4947.703,-1.7260119448525861,-3.4625851383532127
4947.723,-1.7226809958781202,-3.4720171648086953
4947.743,-1.7193494102763076,-3.4814495138875845
4947.763,-1.7160177010769955,-3.490884929558806
4947.783,-1.712686752577392,-3.5003214421314235
4947.803,-1.7093560555245928,-3.509755389013056
4947.823,-1.70602469972624,-3.519188375600108
4947.843,-1.7031804272209772,-3.5281127506528764
4947.863,-1.7013645823787076,-3.5356387050231874
4947.883,-1.6997365131209599,-3.5415484767033703
4947.903,-1.698165214278903,-3.5457372389370563
4947.923,-1.6964653033157548,-3.5488696598426697
4947.943,-1.6946019933797627,-3.551082872069174
4947.963,-1.6924970687651264,-3.5524083096825803
4947.983,-1.6903068999429764,-3.5527827546916955
4948.003,-1.6879159148296352,-3.5523298740901232
4948.023,-1.6853884355185806,-3.5513761627727236
4948.043,-1.6828543840485235,-3.550355736879726
4948.063,-1.6803437782580104,-3.549283767672373
4948.083,-1.6778577461782536,-3.5481562046581883
4948.103,-1.675395410230945,-3.546982773680312
4948.123,-1.67294899016493,-3.54577399047439
4948.143,-1.6705249548445202,-3.54451907394152
4948.163,-1.6681240085425622,-3.543217007644092
4948.183,-1.6657476791095438,-3.5418740229212893
4948.203,-1.6634020523556377,-3.5404817561036666
4948.223,-1.661084128876865,-3.5390392278707994
4948.243,-1.658795328178789,-3.5375540527651843
4948.263,-1.656526491333716,-3.5360359155331733
4948.283,-1.654285692452791,-3.5344751479496987
4948.303,-1.6520736545597965,-3.532871515604729
4948.323,-1.649891295038324,-3.5312293972971642
4948.343,-1.6477453943952147,-3.5295427983129524
4948.363,-1.645585604417006,-3.5278238545730916
4948.383,-1.6433595300613633,-3.5261356022757955
4948.403,-1.6412089328819253,-3.5243317230902513
4948.423,-1.6392876173695723,-3.5224363794084588
4948.443,-1.6374002123235651,-3.520506376556708
4948.463,-1.6355478384287911,-3.518542713209281
4948.483,-1.6337310991008291,-3.5165460273857456
4948.503,-1.6319505821649947,-3.5145169647273744
4948.523,-1.6302068638199092,-3.512456181348749
4948.543,-1.628500508489445,-3.510364343667611
4948.563,-1.6268320686407252,-3.50824212820555
4948.583,-1.6252020846035928,-3.506090221384347
4948.603,-1.6236110843919638,-3.5039093193179713
4948.623,-1.6220595835271954,-3.50170012760001
4948.643,-1.620548084863658,-3.499463361086361
4948.663,-1.6190770784167328,-3.497199743673062
4948.683,-1.6176470411934987,-3.494910008069168
4948.703,-1.6162584370264,-3.492594895564634
4948.723,-1.6149117164102131,-3.490255155793248
4948.743,-1.6136073163426392,-3.487891546490683
4948.763,-1.6123456601688728,-3.4855048332477994
4948.783,-1.6111271574304662,-3.4830957892594103
4948.803,-1.6099522037188336,-3.480665195068717
4948.823,-1.6088211805336814,-3.478213838307711
4948.843,-1.6077344551466597,-3.475742513433845
4948.863,-1.6066923804704718,-3.4732520214632987
4948.883,-1.6056952949336603,-3.470743169701184
4948.903,-1.604743522361238,-3.4682167714690517
4948.923,-1.6038373718613013,-3.465673645830025
4948.943,-1.602977137717715,-3.463114617311916
4948.963,-1.6021630992889366,-3.460540515628624
4948.983,-1.5995900671854473,-3.4584830730712817
4949.003,-1.593870041954405,-3.457375413077013
4949.023,-1.586686239440728,-3.457349268276567
4949.043,-1.57831906873107,-3.458445445346503
4949.063,-1.5688467087461018,-3.46061254653955
4949.083,-1.5591380416994893,-3.4630122786554765
4949.103,-1.5490889149549028,-3.4652956033335127
4949.123,-1.5389683284036115,-3.4675696214111094
4949.143,-1.5292329075369975,-3.469943423564705
4949.163,-1.519522544743032,-3.472331800103236
4949.183,-1.509812244462012,-3.4747198619885893
4949.203,-1.5001019415522567,-3.4771079070273556
4949.223,-1.4903916356449478,-3.4794959383551465
4949.243,-1.4806813267960486,-3.4818839559935952
4949.263,-1.4709710150653434,-3.484271959940887
4949.283,-1.4612607005097125,-3.4866599501991042
4949.303,-1.4515503831824796,-3.489047926774628
4949.323,-1.4418400631328812,-3.4914358896782325
4949.343,-1.4321297404055715,-3.493823838925147
4949.363,-1.4224194150401772,-3.4962117745350407
4949.383,-1.4127090870709014,-3.498599696531978
4949.403,-1.4029987565261812,-3.500987604944305
4949.423,-1.3932884234284044,-3.503375499804501
4949.443,-1.3835780877936832,-3.505763381148967
4949.463,-1.3738677496316938,-3.508151249017782
4949.483,-1.3641574089455806,-3.5105391034544096
4949.503,-1.3544470657319234,-3.512926944505366
4949.523,-1.3447366444539757,-3.515314826985774
4949.543,-1.335011406093811,-3.517696496279413
4949.563,-1.3252949464925585,-3.5200812468494065
4949.583,-1.3155790310893796,-3.5224661107007442
4949.603,-1.3058585535994347,-3.5248476525932215
4949.623,-1.29614779237706,-3.527233774500626
4949.643,-1.2864372069714196,-3.529620626062042
4949.663,-1.2767266228623655,-3.532007471602018
4949.683,-1.2670160359674658,-3.5343943041220323
4949.703,-1.2573049972622743,-3.536781226768668
4949.723,-1.2475940663636051,-3.539167168123092
4949.743,-1.2378822985895097,-3.5415535307435753
4949.763,-1.228163762067519,-3.5439373247645407
4949.783,-1.2184475499581613,-3.5463219086113966
4949.803,-1.2087312899446994,-3.5487063173458466
4949.823,-1.1990149804411128,-3.5510905253985134
4949.843,-1.1892986208851386,-3.5534745296737222
4949.863,-1.1795822111790955,-3.5558583300911404
4949.883,-1.1698657513077029,-3.558241926908197
4949.903,-1.1601492412817545,-3.560625320371766
4949.923,-1.15043268112709,-3.5630085106833254
4949.943,-1.1407160708805948,-3.5653914980040993
4949.963,-1.1309994105876289,-3.5677742824632164
4949.983,-1.1212837144727101,-3.570157075432856
4950.003,-1.1115724608503978,-3.5725413232789194
4950.023,-1.1018612195726545,-3.57492555416882
4950.043,-1.0921499728364692,-3.5773097088196564
4950.063,-1.082438727382605,-3.5796938863399546
4950.083,-1.0727274781599756,-3.582078051546221
4950.103,-1.0630162251035415,-3.5844622039461904
4950.123,-1.0533049682135753,-3.586846343510084
4950.143,-1.0435937074972974,-3.5892304702082924
4950.163,-1.0338824429684144,-3.5916145840078233
4950.183,-1.0241711746469822,-3.593998684872737
4950.203,-1.0144599025592,-3.596382772764633
4950.223,-1.0047486267371557,-3.598766847643151
4950.243,-0.9950373472184993,-3.601150909466496
4950.263,-0.9853260640460687,-3.6035349581919616
4950.283,-0.9756147772674615,-3.605918993776462
4950.303,-0.9659034869345597,-3.6083030161770626
4950.323,-0.9561921931030113,-3.6106870253514947
4950.343,-0.9470194816041768,-3.612587676471284
4950.363,-0.9391410169169073,-3.6134968572238706
4950.383,-0.9330067475891554,-3.6138595719847135
4950.403,-0.9286541367606777,-3.6138818551753404
4950.423,-0.9261229951852634,-3.6138580846412984
4950.443,-0.9254038718964683,-3.6138566592885235
4950.463,-0.9253996989020329,-3.6138572264888746
4950.483,-0.925397241831516,-3.613857679701519
4950.503,-0.9253907270500821,-3.6138586980704774
4950.523,-0.9253907007255135,-3.613858595108595
4950.543,-0.9253906931722441,-3.613858564932287
4950.563,-0.9253906897292831,-3.6138585507239824
4950.583,-0.9253906881000593,-3.613858543690995
4950.603,-0.9253906872936204,-3.613858539958481
4950.623,-0.9253906868631956,-3.6138585377523658
4950.643,-0.9253906866060932,-3.613858536259154
4950.663,-0.9253906864299895,-3.6138585351054426
4950.683,-0.9253906862926838,-3.613858534119493
4950.703,-0.9253906861748102,-3.613858533221997
4950.723,-0.9253906860674287,-3.613858532376027
4950.743,-0.9253906859663673,-3.613858531564106
4950.763,-0.9253906858696391,-3.613858530777699
4950.783,-0.9253906857762618,-3.613858530012394
4950.803,-0.9253906856857166,-3.613858529265691
4950.823,-0.9253906855977001,-3.613858528535994
4950.843,-0.9253906855120105,-3.6138585278221416
4950.863,-0.9253906854284971,-3.6138585271231958
4950.883,-0.9253906853470341,-3.6138585264383396
4950.903,-0.9253906852675106,-3.6138585257668305
4950.923,-0.9253906851898253,-3.6138585251079807
4950.943,-0.9253906851138838,-3.6138585244611434
4950.963,-0.9253906850395975,-3.6138585238257086
4950.983,-0.925390684966882,-3.613858523201098
4951.003,-0.9253906848956577,-3.6138585225867645
4951.023,-0.9253906848258491,-3.6138585219821864
4951.043,-0.9253906847573846,-3.6138585213868715
4951.063,-0.9253906846901969,-3.6138585208003504
4951.083,-0.9253906846242202,-3.6138585202221782
4951.103,-0.9253906845593943,-3.613858519651933
4951.123,-0.9253906844956604,-3.613858519089214
4951.143,-0.9253906844329635,-3.613858518533639
4951.163,-0.9253906843712508,-3.6138585179848497
4951.183,-0.9253906843104727,-3.6138585174425
4951.203,-0.9253906842505822,-3.6138585169062654
4951.223,-0.925390684191534,-3.613858516375836
4951.243,-0.9253906841332857,-3.613858515850919
4951.263,-0.925390684075797,-3.6138585153312346
4951.283,-0.9253906840190291,-3.6138585148165188
4951.303,-0.9253906839629459,-3.613858514306519
4951.323,-0.9253906839075123,-3.613858513800999
4951.343,-0.9253906838526961,-3.6138585132997307
4951.363,-0.9253906837984655,-3.6138585128025
4951.383,-0.9253906837447912,-3.613858512309101
4951.403,-0.9253906836916448,-3.6138585118193416
4951.423,-0.9253906836389996,-3.6138585113330364
4951.443,-0.925390683586831,-3.613858510850011
4951.463,-0.9253906835351139,-3.6138585103701
4951.483,-0.9253906834838259,-3.613858509893146
4951.503,-0.9253906834329452,-3.6138585094189986
4951.523,-0.9253906833824512,-3.6138585089475166
4951.543,-0.9253906833323245,-3.613858508478564
4951.563,-0.9253906832825461,-3.613858508012014
4951.583,-0.9253906832330989,-3.613858507547744
4951.603,-0.9253906831839659,-3.613858507085639
4951.623,-0.9253906831351314,-3.6138585066255904
4951.643,-0.9253906830865802,-3.6138585061674946
4951.663,-0.9253906830382977,-3.613858505711251
4951.683,-0.9253906829902707,-3.613858505256767
4951.703,-0.9253906829424859,-3.6138585048039538
4951.723,-0.9253906828949314,-3.613858504352726
4951.743,-0.9253906828475956,-3.6138585039030047
4951.763,-0.9253906828004668,-3.613858503454713
4951.783,-0.9253906827535351,-3.6138585030077777
4951.803,-0.9253906827067905,-3.6138585025621306
4951.823,-0.9253906826602233,-3.613858502117708
4951.843,-0.9253906826138246,-3.6138585016744464
4951.863,-0.9253906825675864,-3.613858501232288
4951.883,-0.9253906825215001,-3.613858500791176
4951.903,-0.9253906824755579,-3.613858500351059
4951.923,-0.9253906824297524,-3.613858499911885
4951.943,-0.925390682384077,-3.6138584994736074
4951.963,-0.9253906823385248,-3.61385849903618
4951.983,-0.9253906822930903,-3.6138584985995603
4952.003,-0.9253906822477669,-3.613858498163708
4952.023,-0.9253906822025495,-3.613858497728583
4952.043,-0.9253906821574321,-3.6138584972941494
4952.063,-0.9253906821124098,-3.6138584968603733
4952.083,-0.925390682067478,-3.6138584964272185
4952.103,-0.9253906820226319,-3.613858495994656
4952.123,-0.9253906819778673,-3.6138584955626545
4952.143,-0.9253906819331805,-3.613858495131187
4952.163,-0.9253886948090277,-3.613858671072387
4952.183,-0.9253827045747197,-3.613859393303645
4952.203,-0.925382684729244,-3.613859315839489
4952.223,-0.9253826776185017,-3.613859287367157
4952.243,-0.9253826743554495,-3.6138592738591675
4952.263,-0.9253826728061014,-3.613859267137529
4952.283,-0.925382672034731,-3.6138592635394238
4952.303,-0.9253826716191389,-3.6138592613870766
4952.323,-0.9253826713677262,-3.613859259911082
4952.343,-0.9253826711931987,-3.613859258758218
4952.363,-0.9253826710556426,-3.6138592577659705
4952.383,-0.925382670936733,-3.6138592568592394
4952.403,-0.9253826708280024,-3.6138592560030105
4952.423,-0.9253826707254931,-3.613859255180667
4952.443,-0.9253826706273139,-3.613859254384051
4952.463,-0.9253826705325242,-3.6138592536089096
4952.483,-0.9253826704406216,-3.613859252852803
4952.503,-0.925382670351309,-3.613859252114148
4952.523,-0.9253826702643857,-3.6138592513917778
4952.543,-0.925382670179699,-3.6138592506847376
4952.563,-0.9253826700971215,-3.6138592499921924
4952.583,-0.9253826700165401,-3.613859249313383
4952.603,-0.92538266993785,-3.6138592486476018
4952.623,-0.9253826698609543,-3.6138592479941836
4952.643,-0.9253826697857621,-3.6138592473525004
4952.663,-0.9253826697121869,-3.6138592467219577
4952.683,-0.9253826696401461,-3.613859246101991
4952.703,-0.9253826695695628,-3.613859245492065
4952.723,-0.9253826695003629,-3.613859244891673
4952.743,-0.9253826694324764,-3.6138592443003312
4952.763,-0.9253826693658366,-3.6138592437175836
4952.783,-0.9253826693003808,-3.6138592431429934
4952.803,-0.925382669236049,-3.6138592425761487
4952.823,-0.9253826691727843,-3.6138592420166584
4952.843,-0.9253826691105328,-3.6138592414641497
4952.863,-0.9253826690492434,-3.6138592409182686
4952.883,-0.9253826689888671,-3.613859240378683
4952.903,-0.9253826689293579,-3.613859239845071
4952.923,-0.9253826688706723,-3.613859239317133
4952.943,-0.925382668812768,-3.61385923879458
4952.963,-0.9253826687556058,-3.6138592382771413
4952.983,-0.9253826686991481,-3.613859237764557
4953.003,-0.9253826686433593,-3.613859237256581
4953.023,-0.9253826685882056,-3.6138592367529823
4953.043,-0.9253826685336548,-3.6138592362535387
4953.063,-0.9253826684796764,-3.613859235758038
4953.083,-0.9253826684262415,-3.613859235266284
4953.103,-0.9253826683733222,-3.613859234778085
4953.123,-0.925382668320893,-3.6138592342932623
4953.143,-0.9253826682689289,-3.613859233811644
4953.163,-0.9253826682174064,-3.6138592333330686
4953.183,-0.9253826681663033,-3.6138592328573815
4953.203,-0.9253826681155983,-3.613859232384439
4953.223,-0.925382668065271,-3.6138592319140983
4953.243,-0.9253826680153027,-3.613859231446231
4953.263,-0.9253826679656747,-3.613859230980712
4953.283,-0.9253826679163702,-3.6138592305174213
4953.303,-0.9253826678673729,-3.613859230056246
4953.323,-0.9253826678186671,-3.6138592295970793
4953.343,-0.925382667770238,-3.6138592291398206
4953.363,-0.9253826677220719,-3.613859228684372
4953.383,-0.9253826676741551,-3.613859228230643
4953.403,-0.925382667626475,-3.613859227778546
4953.423,-0.9253826675790198,-3.6138592273279992
4953.443,-0.9253826675317782,-3.613859226878924
4953.463,-0.9253826674847394,-3.6138592264312446
4953.483,-0.9253826674378931,-3.6138592259848923
4953.503,-0.9253826673912295,-3.6138592255397977
4953.523,-0.9253826673447394,-3.6138592250959
4953.543,-0.925382667298414,-3.613859224653136
4953.563,-0.925382667252245,-3.6138592242114504
4953.583,-0.9253826672062243,-3.6138592237707883
4953.603,-0.9253826671603448,-3.6138592233310964
4953.623,-0.9253826671145986,-3.613859222892327
4953.643,-0.9253826670689796,-3.6138592224544333
4953.663,-0.9253826670234813,-3.613859222017371
4953.683,-0.9253826669780978,-3.613859221581097
4953.703,-0.9253826669328226,-3.6138592211455736
4953.723,-0.9253826668876507,-3.6138592207107605
4953.743,-0.925382666842577,-3.6138592202766224
4953.763,-0.9253826667975963,-3.6138592198431256
4953.783,-0.925382666752704,-3.613859219410238
4953.803,-0.9253826667078957,-3.6138592189779284
4953.823,-0.9253826666631667,-3.613859218546168
4953.843,-0.9253823580156842,-3.613859156054057
4953.863,-0.9253759501659861,-3.613858731132595
4953.883,-0.9253746770092227,-3.6138600686346387
4953.903,-0.9253746655530537,-3.6138600234861817
4953.923,-0.9253746605705869,-3.6138600032536203
4953.943,-0.9253746582470016,-3.6138599934530737
4953.963,-0.9253746571234243,-3.6138599884361033
4953.983,-0.9253746565464334,-3.6138599856256945
4954.003,-0.9253746562203177,-3.6138599838406105
4954.023,-0.925374656010624,-3.61385998253893
4954.043,-0.9253746558559971,-3.6138599814716663
4954.063,-0.9253746557283358,-3.6138599805240816
4954.083,-0.9253746556147058,-3.6138599796429802
4954.103,-0.9253746555091054,-3.613859978803399
4954.123,-0.9253746554087058,-3.6138599779933376
4954.143,-0.9253746553121357,-3.61385997720677
4954.163,-0.9253746552186924,-3.6138599764404287
4954.183,-0.9253746551279858,-3.6138599756923377
4954.203,-0.9253746550397703,-3.6138599749611373
4954.223,-0.9253746549538716,-3.6138599742457735
4954.243,-0.9253746548701499,-3.613859973545353
4954.263,-0.925374654788485,-3.613859972859079
4954.283,-0.9253746547087682,-3.6138599721862166
4954.303,-0.9253746546308983,-3.613859971526077
4954.323,-0.9253746545547812,-3.613859970878014
4954.343,-0.9253746544803282,-3.613859970241414
4954.363,-0.9253746544074543,-3.6138599696156986
4954.383,-0.9253746543360798,-3.613859969000315
4954.403,-0.9253746542661284,-3.6138599683947397
4954.423,-0.9253746541975287,-3.613859967798478
4954.443,-0.9253746541302121,-3.6138599672110585
4954.463,-0.9253746540641137,-3.613859966632033
4954.483,-0.9253746539991718,-3.6138599660609776
4954.503,-0.9253746539353279,-3.613859965497489
4954.523,-0.9253746538725268,-3.613859964941185
4954.543,-0.925374653810715,-3.6138599643917013
4954.563,-0.9253746537498432,-3.6138599638486935
4954.583,-0.9253746536898635,-3.613859963311833
4954.603,-0.9253746536307311,-3.6138599627808095
