time,x,y
1758181525.5282736,0.007497773179529656,0.0007173136437346007
1758181525.627668,0.00751000381382318,0.0007184618468478143
1758181525.7268038,0.007521168672769929,0.000719617719107915
1758181525.8269129,0.007529195890861205,0.0007203110754667
1758181525.9278202,0.007538952461798152,0.0007212399804558396
1758181526.0375056,0.007548606727086519,0.0007221271344324687
1758181526.1267488,0.007558146091915964,0.0007230892486315795
1758181526.227471,0.007567845411204763,0.0007239960025993797
1758181526.3280022,0.007577411964159869,0.0007248930636209955
1758181526.4307373,0.007584288727347352,0.0007255947759646296
1758181526.5276117,0.007596672942759389,0.0007267633283867897
1758181526.6323512,0.007606235090013122,0.0007276769437575364
1758181526.7272086,0.00761586424396539,0.0007286121424989501
1758181526.8284974,0.00762272186196667,0.0007293189757809613
1758181526.9306061,0.007630965725863811,0.0007299792474447433
1758181527.0308523,0.007640505151452637,0.0007309412847012444
1758181527.1270921,0.007650204530196953,0.0007318479630096407
1758181527.2340763,0.007657043888054941,0.0007325380148523965
1758181527.327104,0.0076666479487464195,0.0007334466085392188
1758181527.4285443,0.007676246803133587,0.0007343902927150789
1758181527.5281904,0.007688594445029622,0.0007355286028629471
1758181527.6337256,0.007693914157459915,0.0007360149563707719
1758181527.7293985,0.007703670848828232,0.0007369437060271293
1758181527.827747,0.007713325227546112,0.0007378307119686116
1758181527.928132,0.007722864713841586,0.0007387926722895885
1758181528.0366528,0.0077297743110347015,0.0007394541892446776
1758181528.1270611,0.00773779680019036,0.0007401458826475409
1758181528.2301567,0.007749007672851403,0.0007412977926514005
1758181528.3297477,0.007758606587063959,0.0007422413995268157
1758181528.4298131,0.007764044683464138,0.000742718122922696
1758181528.5273602,0.007773744151286358,0.0007436246877551196
1758181528.635497,0.007783310847982645,0.000744521564448318
1758181528.728011,0.007795685231681021,0.0007456815280655127
1758181528.8283823,0.007802572124927165,0.0007463914450920263
1758181528.9354918,0.007812134419756445,0.0007473048757040128
1758181529.0300672,0.00782176372074542,0.0007482398831681578
1758181529.129025,0.007831367899211244,0.0007491483283625541
1758181529.2275689,0.007840966873194079,0.0007500918579442631
1758181529.3265796,0.007846404999283544,0.0007505685379040016
1758181529.4271684,0.007856104526420781,0.0007514750270945374
1758181529.527849,0.007868391245871686,0.0007526448378613733
1758181529.6431637,0.007878045737816022,0.0007535316957957232
1758181529.729418,0.007884932676619568,0.0007542415570886259
1758181529.827096,0.007894495030382684,0.0007551549138083904
1758181529.9325514,0.007902517606820888,0.0007558464840211766
1758181530.0272744,0.007913728627372845,0.0007569982157333209
1758181530.1279368,0.00792332766107172,0.0007579416680286508
1758181530.2266877,0.007932967889171626,0.0007588728702931115
1758181530.3328183,0.007943698122003233,0.0007597712291662604
1758181530.4270518,0.007950752197018185,0.0007604944312794489
1758181530.5275311,0.007960406745499693,0.0007613812152207288
1758181530.6282966,0.007969946413599842,0.0007623429447792372
1758181530.7287116,0.007976856142462053,0.0007630043036192125
1758181530.8286552,0.007984878762482052,0.0007636958122468436
1758181530.9288876,0.007991932860549422,0.0007644189848902186
1758181531.0272677,0.008001587437280534,0.0007653057318376316
1758181531.12776,0.008005688950243919,0.000765790829840524
1758181531.2277637,0.00802082678123419,0.0007671737608694126
1758181531.3271332,0.008027666334118371,0.0007678635716643881
1758181531.4406726,0.008037270659504868,0.0007687718312850993
1758181531.5368552,0.008046869782674245,0.0007697151676633285
1758181531.6276436,0.00805651010021569,0.00077064625500854
1758181531.726921,0.008067240419104286,0.0007715444922460749
1758181531.8276875,0.008071574555440794,0.0007719946578711117
1758181531.928737,0.008081205508185554,0.0007729461053849247
1758181532.030178,0.008093488955263732,0.0007741158931202783
1758181532.1275337,0.008103188660008752,0.0007750221554264501
1758181532.227051,0.008112755586012656,0.0007759187372790514
1758181532.3314826,0.008122386568441078,0.0007768701462466646
1758181532.4333885,0.008132017338935335,0.0007777880035202809
1758181532.5301704,0.008138872200043118,0.0007784943679215893
1758181532.6269698,0.008149602576234965,0.0007793925240794843
1758181532.7295585,0.008160813818147941,0.0007805439884128308
1758181532.8363206,0.008170413030665352,0.0007814872088901749
1758181532.9279222,0.00817857500916594,0.0007821740378979117
1758181533.027153,0.008190783842350429,0.0007833162969530705
1758181533.1273282,0.00820199512110177,0.0007844677167301822
1758181533.2279434,0.008214379893947438,0.0007856355226806738
1758181533.327738,0.008221234799983492,0.0007863418327214651
1758181533.427423,0.00822926238835257,0.0007870346586377051
1758181533.5279667,0.00824043002963178,0.0007881896295953723
1758181533.6273677,0.008248674215557548,0.0007888494286805033
1758181533.7460005,0.008255561358869526,0.0007895590392357955
1758181533.826795,0.008265123977154424,0.0007904720635209925
1758181533.9283323,0.008274753600524293,0.0007914066503300556
1758181534.0268626,0.00828435810177987,0.0007923146873229989
1758181534.127215,0.008292432341498204,0.0007930336174865894
1758181534.2277172,0.008303597899584342,0.0007941886494688426
1758181534.3274834,0.008314328390220149,0.000795086643493283
1758181534.4277587,0.008322793245932736,0.0007960362953815461
1758181534.527012,0.008331037474616356,0.0007966960314836004
1758181534.6272,0.008344779636616697,0.0007981118148420179
1758181534.7286375,0.008357117022002656,0.0007992530471115884
1758181534.8279915,0.008363975041276605,0.0007999593852794941
1758181534.9278643,0.008374795867050555,0.0008008798746523476
1758181535.0274312,0.008385961498394759,0.0008020348182246949
1758181535.129857,0.008393989173475268,0.0008027275194005207
1758181535.2331603,0.008403746374208453,0.0008036556092104848
1758181535.3287601,0.008410657488526313,0.0008043338958286882
1758181535.4268615,0.008417502899721225,0.0008050269169428869
1758181535.5267792,0.008425665008473334,0.0008057135553928593
1758181535.6384902,0.008435171181596856,0.0008066503296197817
1758181535.7273216,0.008442208328171299,0.0008073055399879448
1758181535.831346,0.00845458329881034,0.0008084647207620422
1758181535.9268758,0.00846412332910352,0.0008094259889924954
1758181536.0287318,0.008473823299312023,0.0008103319110892559
1758181536.142935,0.008483390482292555,0.0008112281613711435
1758181536.2269306,0.00849302173131148,0.0008121792235067477
1758181536.3272848,0.008502652768674554,0.000813096736693366
1758181536.4275708,0.0085122155626892,0.000814009539428333
1758181536.5267394,0.008520238465028085,0.0008147006479132488
1758181536.6295729,0.008531450037916413,0.0008158517113106421
1758181536.7427473,0.00854104951773945,0.0008167945841792053
1758181536.8287964,0.00855069019184043,0.0008177252120047942
1758181536.927026,0.008558717953475362,0.0008184177884704955
1758181537.027795,0.00856575516414844,0.0008190729182855204
1758181537.131214,0.008575386472276828,0.0008200239033960096
1758181537.2276213,0.00858501756878427,0.0008209413401931185
1758181537.3276951,0.00859187267649342,0.0008216474057405245
1758181537.435287,0.0086042102781442,0.0008227883503195456
1758181537.5271115,0.008613815013149822,0.0008236960906943386
1758181537.6268713,0.008623414552207094,0.0008246388865674204
1758181537.7267694,0.008631576769235436,0.0008253253663223386
1758181537.8278275,0.008638553046884354,0.0008260209252786907
1758181537.9271739,0.009633187151452307,-0.0013682462933707472
1758181538.0291183,0.009584456188448321,-0.011815787366061781
1758181538.1279838,0.008229815250095427,-0.02252670348841012
1758181538.2273717,0.006108225222173385,-0.033112257176681564
1758181538.3266053,0.004020208623179146,-0.040936143955172206
1758181538.4277043,-0.0014060710044502024,-0.056189013337537674
1758181538.527138,-0.0071628162589212375,-0.06839233060447504
1758181538.6271992,-0.00976896611029869,-0.0731203563974117
1758181538.7269707,-0.015483073147734793,-0.08227988448417017
1758181538.8269799,-0.02184126384938113,-0.09100476554677717
1758181538.9322298,-0.0288106540590542,-0.09924983973878428
1758181539.0267928,-0.03635520044412909,-0.10697241088694961
1758181539.1267798,-0.04443587534349138,-0.11413246165162118
1758181539.2290673,-0.050823156180773606,-0.11911089430827544
1758181539.3300514,-0.059739854008011524,-0.12519903266089127
1758181539.4269006,-0.06670234624851576,-0.12933551577621644
1758181539.5272667,-0.0763136867655656,-0.13425501983866767
1758181539.6268995,-0.08625409581229526,-0.13847038099579256
1758181539.727268,-0.09647200296874214,-0.14195970998865598
1758181539.8267941,-0.10955375011442824,-0.14527317316648108
1758181539.9308312,-0.12020048744777032,-0.14706864225884947
1758181540.0282853,-0.1282551522420455,-0.14790989594841747
1758181540.1282136,-0.13552008199087262,-0.1702039976887335
1758181540.2270107,-0.13497268458330236,-0.21126635558321444
1758181540.329566,-0.1341232627242059,-0.25125802511205103
1758181540.433298,-0.13327797514297215,-0.2912633704933154
1758181540.5286174,-0.13244624009883316,-0.33127690722490255
1758181540.6278138,-0.1316201277478823,-0.37129578843542216
1758181540.737268,-0.13099618216813053,-0.4013097541654274
1758181540.8272042,-0.13016806978044854,-0.4413278482027151
1758181540.9270782,-0.12933596301054281,-0.48133259069460205
1758181541.0278373,-0.1284962449754567,-0.5213224781493118
1758181541.127481,-0.12786662681098301,-0.5513149032223037
1758181541.228652,-0.12681758970350582,-0.6013022915802102
1758181541.328277,-0.12576896218044498,-0.651289689119214
1758181541.4278712,-0.12493035488758675,-0.691279608328472
1758181541.5276382,-0.12430157059014389,-0.7212720462685588
1758181541.631362,-0.12326162090741545,-0.771265406418126
1758181541.7292936,-0.12263433068005393,-0.8012578564311912
1758181541.8271809,-0.12179816673002822,-0.8412477881122761
1758181541.928871,-0.12096225532676555,-0.8812377200515945
1758181542.027989,-0.12034817212773857,-0.9112399108781057
1758181542.1270108,-0.11934219834423586,-0.9612592932573565
1758181542.2271004,-0.11834000187790195,-1.0112835036884045
1758181542.3274684,-0.11753654242221807,-1.0513021200548271
1758181542.4355588,-0.11693702785268886,-1.0813161231322086
1758181542.527236,-0.11592453249923992,-1.1313112666347742
1758181542.6272376,-0.11511181231488776,-1.1713017176753016
1758181542.7303116,-0.11429935292588264,-1.2112921806704715
1758181542.8275867,-0.11369018031167358,-1.2412850332244802
1758181542.9277287,-0.11287817978955109,-1.2812755068497053
1758181543.0272803,-0.11206644131844963,-1.3212659808674085
1758181543.1270266,-0.11125496360669308,-1.3612564521863808
1758181543.2338178,-0.11065390402018631,-1.3912552626813168
1758181543.3278427,-0.11004671758973202,-1.421248128203485
1758181543.4270551,-0.10903506003900774,-1.4712362345314458
1758181543.5321743,-0.10842825524996347,-1.5012290981361711
1758181543.626972,-0.10763253033469088,-1.5412298462068552
1758181543.7279015,-0.10685456100082598,-1.5812461436889114
1758181543.829756,-0.10608172794122207,-1.6212659761759247
1758181543.9268723,-0.10511004513822962,-1.6712900645239688
1758181544.0297701,-0.10414383819831075,-1.7213126991224712
1758181544.1274383,-0.10355407512196212,-1.7513059409672411
1758181544.2297406,-0.10296462633875118,-1.7812991790870827
1758181544.3269463,-0.1019825372551646,-1.831287925419668
1758181544.4299788,-0.1011971606131349,-1.8712789324007688
1758181544.5314252,-0.1004120465310469,-1.911269943454115
1758181544.6279254,-0.09982338307123478,-1.9412632019750706
1758181544.7305846,-0.09903872694645673,-1.981254211077261
1758181544.827968,-0.09826178978614604,-2.0212511770431782
1758181544.931345,-0.09747912735163748,-2.0612421996089756
1758181545.0296054,-0.0966967202232467,-2.101233219941281
1758181545.1279643,-0.09591672915386404,-2.1412252052990772
1758181545.2306974,-0.0953416634037017,-2.1712285566488743
1758181545.3272164,-0.09440407906264535,-2.2212512291035362
1758181545.4280152,-0.09365792909379607,-2.2612712569740734
1758181545.5272238,-0.09290757165185462,-2.301290876367168
1758181545.6272948,-0.0921618438933925,-2.341310593857252
1758181545.7300954,-0.09159478800738641,-2.371308774613449
1758181545.8271346,-0.09064599931383589,-2.421298155497357
1758181545.9279988,-0.08988726160373961,-2.4612896743348096
1758181546.0283644,-0.0893183803356996,-2.4912833190241
1758181546.1271255,-0.0883705732665775,-2.5412727319416044
1758181546.2285943,-0.08780208583328596,-2.571266379955753
1758181546.3276756,-0.08685493309463975,-2.6212557895076882
1758181546.4276092,-0.08610539540084651,-2.661253277564749
1758181546.527423,-0.08534969922566933,-2.7012448171485532
1758181546.628171,-0.08478309426681753,-2.7312384705068125
1758181546.727008,-0.08403088330961159,-2.7712317323190896
1758181546.8277135,-0.08311268565584963,-2.821242054321938
1758181546.9273868,-0.08257252131178958,-2.851258423880836
1758181547.038362,-0.08185307628400015,-2.891279509375052
1758181547.1272492,-0.08131023004114149,-2.921294628606987
1758181547.2269201,-0.08041123654187603,-2.9713199238442702
1758181547.3277369,-0.07968071496230751,-3.011315495456306
1758181547.4267142,-0.07913162818374495,-3.04130950122074
1758181547.5301697,-0.07839974063948955,-3.081301519919581
1758181547.6269414,-0.07748524990905023,-3.131291555209189
1758181547.7271178,-0.07657116982763176,-3.1812815957956566
1758181547.827587,-0.07602291850067898,-3.211275619495647
1758181547.927889,-0.07529214496937724,-3.251267647832334
1758181548.0279627,-0.07475182278910454,-3.2812676253904454
1758181548.1269372,-0.07402297923059632,-3.3212596656440274
1758181548.2284288,-0.07329439092873405,-3.361251703485377
1758181548.3279195,-0.07274811568909731,-3.391245731744871
1758181548.4278767,-0.07186038724331599,-3.4412535096919954
1758181548.5278573,-0.07116708129072365,-3.4812742055349
1758181548.627003,-0.07029927372894246,-3.531301287393661
1758181548.7270882,-0.06977762604521845,-3.5613168099673156
1758181548.831196,-0.0690861854599353,-3.601337538095864
1758181548.9299357,-0.06838179524113963,-3.6413321881178597
1758181549.0272777,-0.06767664548021439,-3.681324682508933
1758181549.1274023,-0.06697175697145971,-3.721317188498368
1758181549.2342265,-0.06644326285502328,-3.7513115730852333
1758181549.335047,-0.06573883417428597,-3.791304089126831
1758181549.4271774,-0.06485866763225047,-3.8412947337802117
1758181549.5269017,-0.06470355529705557,-3.8696694355520926
1758181549.6297472,-0.05866645892786664,-3.881949659943669
1758181549.7275808,-0.05090258687795305,-3.881838297664137
1758181549.8275728,-0.04023483286571469,-3.88031962357776
1758181549.92718,-0.032322897819799634,-3.8786783511356857
1758181550.0448284,-0.024512587809407134,-3.8766121342399513
1758181550.1269403,-0.014292060724658454,-3.8731837701378775
1758181550.227061,-0.004340410247961237,-3.868998997692971
1758181550.3280797,0.007633540886332886,-3.8627796180738647
1758181550.427293,0.014532325686918394,-3.858540009323774
1758181550.5270324,0.02548990493039751,-3.8506669864334477
1758181550.628193,0.03170903625664672,-3.8454813759250395
1758181550.7341833,0.039548881140139346,-3.8380595845425067
1758181550.8273056,0.04506731951396781,-3.8321335018642784
1758181550.927061,0.051912739616947666,-3.8237851884659673
1758181551.0269895,0.05814009368273527,-3.8149659170989385
1758181551.1274767,0.062385442762476574,-3.8080697818229434
1758181551.2273173,0.06861472029241715,-3.796099396008453
1758181551.3269587,0.07182670647290476,-3.788665202811381
1758181551.4284139,0.07547651213830527,-3.778503873727873
1758181551.5269573,0.07838591178763173,-3.76810628029447
1758181551.627288,0.08053980502903033,-3.757526342797143
1758181551.733719,0.08215310193099953,-3.7441286342359352
1758181551.8275506,0.08254037417568205,-3.7360395045889563
1758181551.926826,0.08221764638395086,-3.7225511425398214
1758181552.0270808,0.08782925502417513,-3.7110563996605603
1758181552.1271067,0.12218467161895138,-3.7026165430026743
1758181552.2304773,0.17248397340836247,-3.6950438883167465
1758181552.3269556,0.21200266789319838,-3.6887275591839797
1758181552.4273891,0.2515249045052478,-3.682416179539663
1758181552.5321562,0.29104774598643957,-3.6761089104965707
1758181552.626795,0.33054918280325435,-3.6697950190715014
1758181552.729434,0.37992026779006144,-3.6619009513620093
1758181552.8306494,0.41941718498621944,-3.655585953120288
1758181552.9270205,0.45891414688176296,-3.64927117914897
1758181553.0270662,0.4984111528448135,-3.6429566263275355
1758181553.1277537,0.5379082008965723,-3.6366422918066297
1758181553.2329164,0.5872849071173647,-3.6287530482985444
1758181553.3271067,0.6169078259831631,-3.6240181037717925
1758181553.4280245,0.6465319433825342,-3.619283893187358
1758181553.5292263,0.6959133425178583,-3.6113997939605174
1758181553.6278758,0.7255369720501675,-3.606666393968482
1758181553.7270403,0.7650515572211964,-3.600366553345031
1758181553.8270733,0.7946789319189053,-3.595638345366057
1758181553.9319046,0.8341779873633116,-3.5893332269238445
1758181554.0315142,0.8736816207989867,-3.5830321672093226
1758181554.1276991,0.9131831142332778,-3.5767302885657166
1758181554.228302,0.9625562540033067,-3.5688491153398205
1758181554.3359995,0.9921801689684152,-3.5641205843845376
1758181554.427495,1.03167876050966,-3.5578160760358863
1758181554.5279193,1.0711773966866678,-3.5515117930096256
1758181554.6292691,1.110676077159907,-3.545207732113165
1758181554.7276652,1.1403001155944021,-3.540479830395543
1758181554.8269975,1.1797988687535308,-3.534176151364648
1758181554.9330518,1.2193012167667414,-3.5278747565365047
1758181555.0270042,1.24892537588186,-3.5231476192790225
1758181555.1276503,1.2884488980691375,-3.5168590499434393
1758181555.2276514,1.3280266959267764,-3.5106108817453667
1758181555.32695,1.3577113312708546,-3.5059335480503164
1758181555.4269948,1.39729272679911,-3.4997094259783625
1758181555.5274231,1.436827625657265,-3.49346991449929
1758181555.6314218,1.4763346156982562,-3.487216667480355
1758181555.7310314,1.52312946779606,-3.4807613864295046
1758181555.8270423,1.5407054920110754,-3.4780373271302896
1758181555.9305997,1.544516483446182,-3.470245965157625
1758181556.0301561,1.5426820030519142,-3.459065065653889
1758181556.127643,1.5382052102012937,-3.4463037797046927
1758181556.2274203,1.5349393259766466,-3.4388939580083715
1758181556.3303096,1.5286233568599445,-3.426970398518438
1758181556.4270813,1.5243280669013461,-3.4201058894207033
1758181556.5355923,1.518036762039557,-3.4113326617538227
1758181556.627365,1.5129128937901617,-3.405062163887611
1758181556.7343614,1.5036453474106732,-3.3952546140145397
1758181556.8305006,1.5001244774565041,-3.3829575421909546
1758181556.9278245,1.5200094175759655,-3.353698022232607
1758181557.0281084,1.5517916409217416,-3.3140143537160425
1758181557.127254,1.5768583466231216,-3.28284521398539
1758181557.2337222,1.6019249926867651,-3.2516760381996246
1758181557.328121,1.620724940732608,-3.2282991207652936
1758181557.4279037,1.6520581219290384,-3.1893375283281356
1758181557.527261,1.6771246104411741,-3.1581682018182615
1758181557.6290429,1.7021910500495874,-3.1269988328884364
1758181557.7272544,1.7209908476935885,-3.103621780455638
1758181557.8278413,1.7523237815223023,-3.064659980597306
1758181557.9286923,1.777392601021852,-3.0334876506384885
1758181558.0314822,1.8024739353565344,-3.0023002019076026
1758181558.1319914,1.8212792813250827,-2.9789171148269777
1758181558.2271707,1.8526210867294173,-2.939946120725274
1758181558.3298209,1.8771366573395303,-2.9093529963625735
1758181558.4274714,1.8874438866056746,-2.8961811326371367
1758181558.5270364,1.89445279995289,-2.8945979636780135
1758181558.6277823,1.9021450551695027,-2.902731125730887
1758181558.7278125,1.9094496865473929,-2.910734099944865
1758181558.8269427,1.9128954913502776,-2.914890244613104
1758181558.9270132,1.922305384784266,-2.9280644496902313
1758181559.0271227,1.9391073531653444,-2.929827872210505
1758181559.1478171,1.9739789146648534,-2.9124482964780425
1758181559.2271345,2.009613840758105,-2.893503875840887
1758181559.3320062,2.0448565100608906,-2.8745878478509472
1758181559.4311297,2.0800992542490273,-2.855671937631397
1758181559.527714,2.1153420749171663,-2.836756137782228
1758181559.628163,2.1505849709015172,-2.8178404474661773
1758181559.728465,2.1858279391303874,-2.798924867081352
1758181559.8340294,2.2210709750167323,-2.780009398037739
1758181559.9279056,2.2563140731044973,-2.761094042399418
1758181560.0274982,2.2892180599439254,-2.7443482361283746
1758181560.1314933,2.301306336968505,-2.7403431428371814
1758181560.2349615,2.3081656005781976,-2.746691343507455
1758181560.3277197,2.3132470800954756,-2.7591579874155308
1758181560.428702,2.316492800882641,-2.7694295900398767
1758181560.5327146,2.3189783963664725,-2.7799200054203776
1758181560.62934,2.3199246391660027,-2.7852355955537527
1758181560.7295332,2.334896559940188,-2.796455405811612
1758181560.8274374,2.384215920232294,-2.79472605219845
1758181560.9289088,2.4141803545284715,-2.792765810132815
1758181561.0289483,2.4641047239191396,-2.789491615590069
1758181561.1269872,2.5040446409246493,-2.78687742379936
1758181561.229397,2.5439848106429013,-2.7842677619018343
1758181561.3270626,2.5839033400859095,-2.7816494443445743
1758181561.4276567,2.633794210616614,-2.778373424592786
1758181561.527115,2.6737069280792767,-2.775752894948101
1758181561.6328921,2.7136196654407674,-2.773132617589029
1758181561.7268646,2.7535487587544587,-2.7705373003182365
1758181561.827416,2.793476055544318,-2.7679441793453643
1758181561.927904,2.8334055548788784,-2.765352907610411
1758181562.027056,2.873319101181391,-2.762744740675416
1758181562.127488,2.9132326626736806,-2.760136818852801
1758181562.2268832,2.9631246346790965,-2.756877251377637
1758181562.3278959,3.0030640323939037,-2.754293202515216
1758181562.431988,3.0330019839561615,-2.752342666726436
1758181562.5312917,3.082929137516691,-2.7491122442541505
1758181562.6276937,3.1228713709892224,-2.7465327070830257
1758181562.7412064,3.162813855227127,-2.7439577128395
1758181562.8293333,3.202740228939894,-2.7413775436701258
1758181562.9281054,3.242655235967297,-2.738792150416767
1758181563.027,3.282570260946656,-2.7362070121902575
1758181563.1274457,3.3025277805958124,-2.7349145382923807
1758181563.2277286,3.332464069355728,-2.732975945678823
1758181563.3268473,3.3823736768370782,-2.729770861939486
1758181563.4278162,3.412322851224797,-2.727852578573863
1758181563.5285,3.442270341730102,-2.725935808379778
1758181563.6268637,3.492172565305841,-2.722727642479025
1758181563.7277496,3.5221094619176396,-2.7207982818136665
1758181563.8390856,3.572004308017047,-2.7175829787724437
1758181563.9328876,3.611933087077861,-2.7150220524986732
1758181564.0331345,3.6518644508012317,-2.712466538733308
1758181564.126849,3.691802929525469,-2.7099134379759233
1758181564.2311428,3.731747329967112,-2.707367406044013
1758181564.3337133,3.7617058192768633,-2.705460884913901
1758181564.4285128,3.8016506484734083,-2.702922783995741
1758181564.52773,3.8415710434495116,-2.7003741613529963
1758181564.627911,3.881488342326044,-2.6978243819970054
1758181564.7289646,3.9214056593650066,-2.69527485756497
1758181564.8270783,3.9713043038036093,-2.692089887730406
1758181564.9278843,4.011237372781133,-2.689566321624914
1758181565.0355263,4.041186283193649,-2.6876743329053707
1758181565.1285188,4.081122494653488,-2.685157419626867
1758181565.2269115,4.121040637024513,-2.682620158851304
1758181565.3275099,4.160958777806486,-2.6800832703797495
1758181565.4301229,4.190897392880802,-2.6781807606107297
1758181565.5342197,4.230821593155909,-2.6756503130803257
1758181565.6278706,4.260780018509319,-2.6737658915064726
1758181565.7451684,4.290724086866526,-2.671870516351441
1758181565.8291771,4.330670441119607,-2.6693570253574355
1758181565.9271443,4.370617209324638,-2.6668479643155694
1758181566.0279908,4.410564233925836,-2.66434346696837
1758181566.1267536,4.450499990066887,-2.6618367228655395
1758181566.2281182,4.480439654711834,-2.6599510350611597
1758181566.327054,4.520359222432794,-2.6574370086333112
1758181566.4268286,4.560278808490087,-2.6549232369412565
1758181566.5272584,4.600201298479248,-2.6524137769405955
1758181566.6266701,4.63015117800768,-2.6505460528413147
1758181566.727876,4.670087334246034,-2.6480596539892973
1758181566.8277576,4.710024808378939,-2.645577298737676
1758181566.9279702,4.729985006621641,-2.644326471474543
1758181567.027174,4.759925295183065,-2.6424504684146037
1758181567.1280963,4.809825794909629,-2.639324095806357
1758181567.227705,4.859734594292452,-2.6362053176006444
1758181567.328244,4.909655222246681,-2.633100243617114
1758181567.437799,4.939613553133764,-2.6312395397966433
1758181567.5273304,4.97956236476616,-2.628764023679909
1758181567.6276424,5.009524194959851,-2.6269104273692294
1758181567.7281022,5.049473509621858,-2.624442948097676
1758181567.833209,5.0794231672082,-2.622587905948858
1758181567.9274962,5.11934495664505,-2.6201094086941965
1758181568.0282862,5.1592667631847595,-2.6176311672956905
1758181568.13061,5.1792276733140445,-2.6163921421423693
1758181568.230345,5.2191495079139045,-2.6139142815790843
1758181568.326952,5.269070008170433,-2.610845518843422
1758181568.4273007,5.3090076398517265,-2.6083959397797236
1758181568.5274272,5.334559630183682,-2.606585649466222
1758181568.6272256,5.334684736823109,-2.6054738251938554
1758181568.7296588,5.334857364440655,-2.6040605672673203
1758181568.827011,5.334999415297376,-2.602726445356264
1758181568.930606,5.335146340837946,-2.601496275458887
1758181569.0274472,5.335252490777771,-2.6006377222809687
1758181569.1278498,5.335231949189053,-2.6005847587150037
1758181569.2308626,5.335231831213671,-2.600584812621948
1758181569.3283937,5.335231820014464,-2.60058480758098
1758181569.4287927,5.335231815267695,-2.600584804925995
1758181569.5271246,5.335231805454561,-2.6005847990399102
1758181569.6268866,5.33523179932731,-2.600584795028127
1758181569.7277737,5.335231795532268,-2.60058479234682
1758181569.830103,5.335231790424701,-2.6005847883764286
1758181569.9277158,5.335231787954053,-2.6005847862373437
1758181570.032077,5.33523318050023,-2.600582922774362
1758181570.131448,5.3352325488244405,-2.600581226813314
1758181570.227712,5.3352326924319975,-2.6005808085308035
1758181570.3284786,5.335233872645068,-2.6005791812292403
1758181570.4320085,5.335233384804489,-2.600577067066537
1758181570.543995,5.335234565037077,-2.6005754398028995
1758181570.6454637,5.3352347958427515,-2.600574192681834
1758181570.7342556,5.3352343080262,-2.6005720785948023
1758181570.8314345,5.335235488284768,-2.6005704513818113
1758181570.9360478,5.335234856849447,-2.600568755582763
1758181571.0308483,5.335235231314548,-2.600567090291564
1758181571.1277382,5.335236411599076,-2.6005654631292647
1758181571.2272978,5.335236642438052,-2.600564216092478
1758181571.3281653,5.335236873281185,-2.6005629690662353
1758181571.4266171,5.335236385518583,-2.600560855149668
1758181571.5279765,5.335237565835519,-2.600559228050799
1758181571.62827,5.33523779669527,-2.600557981066755
1758181571.7270775,5.320935837066949,-2.6016536996192974
1758181571.8329093,5.300963476088239,-2.60482565530301
1758181571.932102,5.265519482900457,-2.613262720130163
1758181572.0270557,5.225083164324819,-2.6215973757600284
1758181572.1285014,5.194401971817793,-2.625882940844504
1758181572.230151,5.153097769727592,-2.628994947860699
1758181572.3277185,5.111674563812306,-2.629143130193231
1758181572.431185,5.060056536621708,-2.625138844301258
1758181572.5278013,5.019151628251966,-2.6186040980000604
1758181572.6278625,4.988839423064509,-2.611780766237791
1758181572.7273085,4.949153405147378,-2.600274218516238
1758181572.8305855,4.9202649386088675,-2.590300870785598
1758181572.927039,4.892011640156503,-2.5788227767144742
1758181573.0274312,4.855544192228459,-2.5613441211358787
1758181573.127405,4.820416342276819,-2.540632192664741
1758181573.2279162,4.795131252591951,-2.523275624974252
1758181573.3276503,4.762938572753488,-2.4980313426596297
1758181573.4272695,4.740121798684251,-2.4774793274688305
1758181573.5280936,4.711479870770913,-2.4484272922396135
1758181573.627794,4.691516664331931,-2.424660097417052
1758181573.7269948,4.67696987684626,-2.4106405812693485
1758181573.8270345,4.676917596239483,-2.4115828338868464
1758181573.9270647,4.676917991812412,-2.411601772214765
1758181574.0411372,4.676918069714554,-2.4116181893184976
1758181574.127372,4.676917607385003,-2.411628148208284
1758181574.247761,4.676917468868268,-2.411637765932142
1758181574.3271523,4.676917354243897,-2.411649894971238
1758181574.4273567,4.6769171454757235,-2.4116618255626006
1758181574.5278816,4.676917030876653,-2.411673954734959
1758181574.628958,4.676916822172052,-2.41168588556191
1758181574.7277029,4.676916637296145,-2.411700327709118
1758181574.827042,4.67691677732349,-2.411714428536579
1758181574.930052,4.676916314133635,-2.411724388272296
1758181575.0306146,4.676916454175878,-2.411738489296927
1758181575.1274045,4.676915943950023,-2.4117555012026157
1758181575.2280736,4.682107316685171,-2.4262543515491064
1758181575.327206,4.696007791067225,-2.46443525997275
1758181575.4472947,4.709544244767217,-2.5039639039496273
1758181575.5300074,4.719740398634794,-2.5321849152241374
1758181575.6270537,4.733354247600362,-2.569795185596645
1758181575.7278616,4.7469679200659565,-2.607405521338214
1758181575.827629,4.7571780615767105,-2.635613314821251
1758181575.9272854,4.767388108452311,-2.6638211431557
1758181576.0285382,4.781001359746256,-2.7014316340018185
1758181576.1273859,4.794104589208836,-2.7385014747496474
1758181576.2289543,4.798361742239936,-2.7591648184133573
1758181576.3419495,4.788943063890711,-2.766155812250032
1758181576.4276392,4.7784311417063625,-2.7686184736604544
1758181576.5344162,4.7677691887215685,-2.770318569610653
1758181576.6274724,4.757012520536222,-2.771247257965197
1758181576.728892,4.74622125338849,-2.771412809015705
1758181576.8279116,4.73277493639574,-2.7705804876767868
1758181576.9288125,4.724765121310956,-2.7695018883274467
1758181577.0273056,4.714201212626217,-2.767394277730622
1758181577.127092,4.703818684821738,-2.7645322870615034
1758181577.228651,4.6966240202537195,-2.762258751734628
1758181577.3277183,4.695453967263374,-2.7627088132362903
1758181577.4268136,4.6954486305416046,-2.762713093183523
1758181577.5272822,4.695442312406803,-2.762716896384481
1758181577.6269093,4.69543589074588,-2.7627228559000034
1758181577.7275376,4.6864541442689704,-2.786151459264546
1758181577.8273647,4.668277195626449,-2.835337182445442
1758181577.9322715,4.6577390608341505,-2.863718346449433
1758181578.0315127,4.643544099887461,-2.9011131756385846
1758181578.1349666,4.625800576230137,-2.9478567715408484
1758181578.2291842,4.608057325604561,-2.994600490972829
1758181578.3278737,4.597411507351997,-3.022646778470025
1758181578.4274492,4.583217238539346,-3.0600418889599483
1758181578.5273879,4.569023148725667,-3.097437063499933
1758181578.6278558,4.557938428139151,-3.1330409275625364
1758181578.7324607,4.561053850388753,-3.143378395487077
1758181578.8315132,4.568876186600749,-3.1470952577147466
1758181578.927006,4.576850261598636,-3.1494580781676587
1758181579.0270457,4.587489841373051,-3.1512940213362275
1758181579.1275232,4.595541252565748,-3.1521659414704217
1758181579.2275267,4.603627929232767,-3.1526020090903044
1758181579.326717,4.611756594057684,-3.154416049842974
1758181579.4309528,4.618941160970692,-3.184049438488426
1758181579.5291276,4.621029459151775,-3.22539238490452
1758181579.6268501,4.623528999853939,-3.2653170374053566
1758181579.734952,4.626030806733311,-3.3052373549378036
1758181579.8267329,4.629133742566929,-3.355155947297155
1758181579.9279432,4.630999678193703,-3.385102402349512
1758181580.0269892,4.633483162648278,-3.425039156760314
1758181580.1350274,4.635338144012959,-3.4549974257909373
1758181580.2277024,4.637811512410793,-3.4949452108498993
1758181580.3273792,4.6402824256527335,-3.5348944819393733
1758181580.427222,4.6427507029925925,-3.574840821882981
1758181580.5453126,4.644610339579942,-3.604782124688683
1758181580.6273096,4.647089567245758,-3.644703881297946
1758181580.7278416,4.648948822817638,-3.674645213249318
1758181580.8305657,4.652047265820532,-3.7245474559708973
1758181580.92765,4.654525735079351,-3.764469266173048
1758181581.0336196,4.657003951517336,-3.8043910867402024
1758181581.12727,4.658710997853606,-3.841722378408467
1758181581.2303066,4.66012589737446,-3.8596844728141355
1758181581.3286297,4.670186543143387,-3.8648729303724108
1758181581.427883,4.678174940820695,-3.8635465029442226
1758181581.5298033,4.6860799714011305,-3.861790889562285
1758181581.6290529,4.696450582161699,-3.858791503137604
1758181581.7360494,4.706578415451444,-3.8550539676112336
1758181581.828354,4.718817102399386,-3.8493739144823325
1758181581.9270504,4.72820943369601,-3.844052058575183
1758181582.032964,4.737194673387172,-3.838068419105775
1758181582.1323547,4.747783155037906,-3.8297057087119577
1758181582.231355,4.7556860622912005,-3.8223511774393586
1758181582.3356364,4.764787725998361,-3.812389945215617
1758181582.431604,4.769805898719313,-3.806034363126418
1758181582.5294778,4.775949630073504,-3.7971565107723957
1758181582.6276553,4.781438984112703,-3.7878595241401447
1758181582.7270489,4.786245452360806,-3.77819158625327
1758181582.8329623,4.789387002883017,-3.7707272862335652
1758181582.9328203,4.792940551443607,-3.760531825244743
1758181583.0271597,4.7957514779933375,-3.7501071319824453
1758181583.126898,4.8193943437559055,-3.7432108386225114
1758181583.2348993,4.859943933005846,-3.748862560232994
1758181583.3277578,4.909401265916321,-3.756469538723045
1758181583.4272475,4.948958965508878,-3.7625537902111117
1758181583.5274467,4.988517258324906,-3.768634021213299
1758181583.6338,5.028059353812298,-3.774718122049404
1758181583.727448,5.057708852916259,-3.779283697486092
1758181583.8275242,5.097249012065942,-3.785364482958137
1758181583.9293337,5.120767696367273,-3.7875071568342555
1758181584.0368178,5.1364665396798435,-3.7837904507187248
1758181584.1287706,5.1399873215390235,-3.7728590064186713
1758181584.227177,5.140630131113422,-3.7644643867414027
1758181584.3275473,5.140069189047859,-3.753682545251736
1758181584.4275794,5.1382801088916095,-3.74030798386285
1758181584.529719,5.135987603562056,-3.729758100411016
1758181584.6271126,5.132942186948294,-3.7194005899712996
1758181584.729186,5.13114192583843,-3.714310780285339
1758181584.8277454,5.126997967759565,-3.704341987858369
1758181584.9273353,5.120827652314791,-3.692342427810717
1758181585.0277286,5.115130252088445,-3.683172463785433
1758181585.1274128,5.108787975973571,-3.674435984224492
1758181585.2293842,5.101833625930109,-3.666178207049786
1758181585.327929,5.096237710845962,-3.660324843619129
1758181585.4282553,5.086235551400136,-3.651267123913762
1758181585.5353978,5.086574234712103,-3.6343759507652487
1758181585.6278284,5.102150622129381,-3.6105452458836966
1758181585.7270803,5.125670124974593,-3.577142475948411
1758181585.8275046,5.137248630005636,-3.5608361368686032
1758181585.930129,5.166194480374544,-3.5200695606757315
1758181586.0267954,5.189351073712776,-3.4874562346540925
1758181586.127184,5.212507590933994,-3.4548428545464844
1758181586.2269702,5.224697585730852,-3.4360412556874484
1758181586.32753,5.226531418626047,-3.425044460428564
1758181586.429293,5.217719276390991,-3.4191887694636516
1758181586.5276742,5.210577404984095,-3.4153713143388678
1758181586.6270869,5.20075412183786,-3.410891305922569
1758181586.7281408,5.190633864861087,-3.4071294925289166
1758181586.8269508,5.182880307479522,-3.404791350808248
1758181586.9272335,5.172367425758804,-3.4023311094302677
1758181587.0310829,5.161704810338772,-3.4006335283598723
1758181587.1272464,5.1486646349624134,-3.3928234218331306
1758181587.2278392,5.146173599450962,-3.3776397273068772
1758181587.3270903,5.146513508708858,-3.3264690065348517
1758181587.428747,5.147005094218548,-3.2864670862297207
1758181587.5347505,5.147503835835382,-3.2464714628966744
1758181587.6322947,5.147877715908812,-3.21647473348508
1758181587.7275438,5.148500512790698,-3.166480166973246
1758181587.8271608,5.1488739885015695,-3.136483420321747
1758181587.935159,5.149371719575256,-3.096487755539777
1758181588.0269487,5.1498691802014855,-3.0564920931363657
1758181588.1276345,5.150352740545003,-3.0164784640803037
1758181588.2273304,5.15070957426993,-2.9864606614512303
1758181588.3271742,5.15118443890033,-2.946441756086705
1758181588.4285898,5.151671048129358,-2.906446015153317
1758181588.531792,5.15215214333414,-2.8664429691721773
1758181588.6278076,5.152616997619546,-2.8264215641483696
1758181588.7277062,5.153079537922984,-2.78639908940004
1758181588.8286617,5.153423502499858,-2.756382196247429
1758181588.9269557,5.1537649462667705,-2.7263652714299362
1758181589.027345,5.154232786456788,-2.6863676201295306
1758181589.130173,5.154584299536208,-2.656370637677371
1758181589.2272012,5.155169817886388,-2.606375643055885
1758181589.3272338,5.155754913767677,-2.5563806233771147
1758181589.4358752,5.1561057678816065,-2.5263836032816807
1758181589.526938,5.156573335568965,-2.486387571872617
1758181589.6312802,5.156915675431372,-2.4563805897959554
1758181589.7291195,5.157362127058627,-2.41635643649217
1758181589.827125,5.157693947439281,-2.3863383137182566
1758181589.928804,5.158132280452362,-2.346314135690381
1758181590.0270736,5.1585742980424945,-2.306302911479001
1758181590.1277337,5.1589117177906525,-2.276305784948642
1758181590.2316036,5.1592480635412485,-2.246307716361579
1758181590.3275502,5.159676094837326,-2.20628484679678
1758181590.4322712,5.160208794024226,-2.1562562049002194
1758181590.5273516,5.160629908387054,-2.1162332322146957
1758181590.6277864,5.160946142828764,-2.086221615366288
1758181590.726752,5.1614861623701715,-2.0362261359373446
1758181590.8282874,5.161809970404615,-2.0062288342897903
1758181590.9321473,5.162349310749042,-1.956233309433704
1758181591.027142,5.162672710539693,-1.926235983764506
1758181591.1285987,5.163103671152072,-1.886239541461172
1758181591.2280788,5.16353435806921,-1.8462430953701119
1758181591.3363497,5.163843442531577,-1.8162277741940291
1758181591.42742,5.164251782195512,-1.7762032138107429
1758181591.5279691,5.164755613570453,-1.7261724834340653
1758181591.6278815,5.165054783160427,-1.696154696034177
1758181591.7356443,5.165571576583472,-1.6461589686394682
1758181591.8269906,5.165778077410137,-1.6261606876608445
1758181591.9268708,5.166270596269978,-1.57613599167859
1758181592.0276382,5.166660326473551,-1.5361126716089715
1758181592.127185,5.167045564580687,-1.4960893031099654
1758181592.2270637,5.167430502667823,-1.4560728715023605
1758181592.3307045,5.167924580219769,-1.4060769154738575
1758181592.4273665,5.168319535077305,-1.3660801295067861
1758181592.527735,5.168615571626092,-1.3360825286250568
1758181592.6272879,5.16910862273564,-1.2860865102258825
1758181592.7275496,5.169442124193679,-1.2466787209534742
1758181592.82794,5.1699025091536015,-1.223988119268676
1758181592.9307034,5.17598218477766,-1.2167056351997474
1758181593.0270503,5.183954600560249,-1.2171885701408929
1758181593.1275058,5.19462482299028,-1.2186847382647892
1758181593.227453,5.202539853232977,-1.220308766151526
1758181593.3274164,5.215496903080446,-1.2239573091965763
1758181593.4293084,5.223093250400839,-1.2267012217159219
1758181593.5275733,5.230534856229891,-1.2298875545910946
1758181593.6303685,5.2477420039853016,-1.2139581434528133
1758181593.727407,5.266784585767585,-1.1778008503466986
1758181593.826774,5.280839180984744,-1.1511872390581712
1758181593.9270756,5.304205577655229,-1.1069854989037249
1758181594.0271518,5.322898537380099,-1.0716240197835996
1758181594.1268992,5.341591362282897,-1.0362624670807252
1758181594.2268314,5.364957210131822,-0.9920604267546459
1758181594.327149,5.383649745734878,-0.9566987177535953
1758181594.4319701,5.404637393691624,-0.9149933332171027
1758181594.5352075,5.4088796038191465,-0.9060408665530468
1758181594.6269093,5.415368611814397,-0.9023505559961524
1758181594.7269754,5.426634311262796,-0.909050220506109
1758181594.827954,5.43731340413279,-0.9172973680044756
1758181594.929887,5.445295923866884,-0.9245655185855701
1758181595.0275595,5.4545053867926825,-0.9344270852980181
1758181595.1271594,5.459592349564176,-0.9407276160367789
1758181595.2338367,5.467291839418893,-0.9518089650441952
1758181595.347748,5.471422295116655,-0.9587744926464694
1758181595.4289584,5.476333590213389,-0.9683893836817744
1758181595.531311,5.4805405897926365,-0.9783327907618286
1758181595.629215,5.484021442848806,-0.9885531553897484
1758181595.729449,5.486144530635463,-0.9963683441357207
1758181595.8320506,5.48873627982093,-1.009611587715171
1758181595.9271193,5.491732999965498,-1.0201910746367229
1758181596.0293357,5.532233551681884,-1.0239090322998943
1758181596.1273556,5.563119777571114,-1.023020702526739
1758181596.2352188,5.603100298163095,-1.0214881234142053
1758181596.327251,5.643070072272982,-1.0199490101843567
1758181596.427852,5.683039819369512,-1.0184109245185917
1758181596.5278385,5.713017104336349,-1.0172584388517194
1758181596.6274178,5.752986476854128,-1.0157241872400702
1758181596.7276905,5.792955533431619,-1.0141881292454793
1758181596.8275516,5.8229323625485145,-1.0130348850360527
1758181596.9284735,5.8629014790687055,-1.0114974539907646
1758181597.0279436,5.902870598706416,-1.009960337576568
1758181597.1277962,5.942855037932186,-1.0084499150889294
1758181597.229003,5.982840405740911,-1.0069403345367867
1758181597.328624,6.022820810724624,-1.0054273458278034
1758181597.4354613,6.062790395139627,-1.0039016444286888
1758181597.527084,6.102759989223473,-1.0023761883687112
1758181597.6267953,6.152721992805225,-1.0004697121774289
1758181597.7459235,6.182722213667168,-0.9993491311001744
1758181597.8288121,6.212721103589688,-0.9982295044763156
1758181597.9274595,6.252697119827214,-0.9967179119562347
1758181598.027983,6.28355152678648,-0.99650925970089
1758181598.1331365,6.284417117489903,-0.9965081616392444
1758181598.2271492,6.284425822392545,-0.9965073289365365
1758181598.3278584,6.284433586140938,-0.9965066330830111
1758181598.4272394,6.284444902673167,-0.9965055095623495
1758181598.5360105,6.284452634990449,-0.996504835245386
1758181598.6272287,6.284461245265746,-0.9965039508145156
1758181598.7322779,6.284471686763028,-0.9965030263662952
1758181598.8286738,6.284479699634,-0.9965023465041901
1758181598.9277775,6.284485758467626,-0.9965016836539378
1758181599.027093,6.284493490842163,-0.9965010091751082
1758181599.1267796,6.284502101155604,-0.9965001247483093
1758181599.2326105,6.284512542705888,-0.9964992003320533
1758181599.3275173,6.28452055561674,-0.9964985204979924
1758181599.4328477,6.28453174392204,-0.9964974478595735
1758181599.5291991,6.284542957270466,-0.9964962988059196
1758181599.6284375,6.28455087205328,-0.9964956137636805
1758181599.727658,6.284561411827969,-0.996494694640439
1758181599.831737,6.28456991897685,-0.996493810852592
1758181599.9272275,6.2845752031918725,-0.9964933574145182
1758181600.0284193,6.284583813613864,-0.9964924730133081
1758181600.127604,6.284597010443926,-0.9964913293569415
1758181600.2278645,6.284602844072425,-0.9964906712753931
1758181600.3278525,6.284613456704615,-0.9964897963426467
1758181600.4498353,6.284621401375514,-0.9964890515394893
1758181600.5276356,6.284627377850807,-0.9964884028619267
1758181600.630991,6.2846378670853085,-0.9964875037817262
1758181600.7401955,6.284646391112615,-0.9964866485920381
1758181600.8279629,6.284654313438556,-0.9964859708088833
1758181600.9278536,6.284665526985984,-0.996484821877485
1758181601.0342305,6.284673441899823,-0.9964841369277191
1758181601.1365597,6.284681297731435,-0.9964834275108422
1758181601.2324808,6.284690040869723,-0.9964825551419536
1758181601.329226,6.28469777342983,-0.9964818808970705
1758181601.429244,6.284706384014549,-0.9964809965342624
1758181601.5276308,6.284714298972029,-0.9964803116153177
1758181601.6267755,6.284722154842303,-0.9964796022437917
1758181601.730971,6.2847308980352405,-0.9964787298888806
1758181601.8273492,6.284741353422056,-0.9964778489599844
1758181601.928509,6.284749948975213,-0.9964769268644781
1758181602.027678,6.284763012181377,-0.9964757771265186
1758181602.1272306,6.284771755428947,-0.9964749047855843
1758181602.2281399,6.284779488063175,-0.9964742306343586
1758181602.3285892,6.284785317349378,-0.9964735693935046
1758181602.4271467,6.284798540703066,-0.9964724222849219
1758181602.529228,6.28480712975929,-0.9964715449064353
1758181602.626861,6.284820345722024,-0.9964704057276558
1758181602.727844,6.284828956469312,-0.9964695214032417
1758181602.8282018,6.284839398472649,-0.9964685974487006
1758181602.9268882,6.284847987581087,-0.9964677200819146
1758181603.0286608,6.284855919212256,-0.9964670341573207
1758181603.1276572,6.284867032976217,-0.9964659197345305
1758181603.2331157,6.284877729542195,-0.9964650118632635
1758181603.3278837,6.284885585566987,-0.9964643026730611
1758181603.4346244,6.284888845630805,-0.9964638954069984
1758181603.5268655,6.285664698507825,-0.9984650938121571
1758181603.6277952,6.285977102201261,-1.0115864893692554
1758181603.7290537,6.285283798849713,-1.0196408674115416
1758181603.8268664,6.2841568121924976,-1.0276438544314916
1758181603.927875,6.281324865656007,-1.040805482503088
1758181604.027637,6.278212746938429,-1.0511157849413633
1758181604.1277688,6.274366762970902,-1.061172705030579
1758181604.2321687,6.2685001192325105,-1.0733183192147042
1758181604.3272703,6.263029054456747,-1.0826251288664466
1758181604.4352405,6.256902732029653,-1.0915143192261616
1758181604.5339203,6.2518969217236835,-1.0978793940429008
1758181604.6278048,6.244702105520889,-1.1059285071014955
1758181604.7273283,6.236946827124922,-1.1134393919600714
1758181604.8274155,6.228671204761272,-1.1203731323243795
1758181604.9279976,6.2243515493782535,-1.1236122159751738
1758181605.028669,6.213067037923901,-1.1310120464345266
1758181605.12686,6.2035887223192265,-1.1361828239795413
1758181605.228128,6.1937628816812,-1.1406584134133189
1758181605.3267057,6.188735502992063,-1.1426281031981989
1758181605.4267218,6.178484431399103,-1.1460184874157875
1758181605.5271356,6.168016059462712,-1.148662613675876
1758181605.6275363,6.161313792131066,-1.1568160044728677
1758181605.7272232,6.163351053870468,-1.1921337903486728
1758181605.8273253,6.16981778324805,-1.242615417594772
1758181605.9278216,6.176645340445562,-1.2921452533380227
1758181606.0279636,6.180738607336217,-1.321865989955751
1758181606.1278806,6.183464244583274,-1.3416836364040585
1758181606.2272482,6.188910649086062,-1.3813273853103383
1758181606.3269868,6.1929938093182635,-1.4110661313291724
1758181606.428329,6.197074623483642,-1.4408052403183733
1758181606.5284097,6.203870629285242,-1.4903711361895073
1758181606.6275713,6.210671746413375,-1.539915063585484
1758181606.731606,6.216115866860616,-1.57954141869937
1758181606.8277853,6.220198801216383,-1.6092612079417505
1758181606.9305298,6.2270033944276895,-1.6587942311806942
1758181607.0311449,6.232446802434627,-1.698420684689772
1758181607.1272864,6.2365292042878835,-1.72814054412647
1758181607.2294579,6.241952302266391,-1.7677800351575619
1758181607.3327196,6.2473705194224785,-1.8074177122684683
1758181607.4271488,6.252786287487344,-1.8470586346975013
1758181607.5269368,6.255502935216461,-1.8668723099662006
1758181607.6279619,6.26093688688448,-1.9065000444250833
1758181607.7271957,6.266348674243406,-1.946157380955905
1758181607.8277667,6.2704158115052655,-1.9758832719735266
1758181607.9275966,6.275522306288924,-2.0149328247569325
1758181608.02771,6.276276447870187,-2.037162980474782
1758181608.127124,6.2700694697719035,-2.044425914438
1758181608.2273672,6.261771875959787,-2.0445777659350193
1758181608.3281927,6.2508758483014795,-2.051276553787772
1758181608.4267304,6.245792478384753,-2.08628774761494
1758181608.5284016,6.2430619496079345,-2.1371084188943787
1758181608.6450832,6.240572090906615,-2.1770295349692046
1758181608.729951,6.238082485291116,-2.216950677054467
1758181608.8306868,6.2355931315799875,-2.2568718402683556
1758181608.9283743,6.233726281281756,-2.286812723313767
1758181609.027701,6.230615178616894,-2.3367142089173383
1758181609.127442,6.228126580523473,-2.376635405248813
1758181609.227751,6.225647307874212,-2.4165651528732504
1758181609.3370895,6.223177656128405,-2.4565098791084634
1758181609.4268758,6.22194580570184,-2.4764808283010327
1758181609.5323625,6.219484226370866,-2.5164205430102657
1758181609.6281612,6.2170227317398545,-2.556367086720542
1758181609.73397,6.215792351775107,-2.5763410482793527
1758181609.8285127,6.213324606198228,-2.6162713491499137
1758181609.927536,6.210852968521283,-2.6561935564596117
1758181610.0309436,6.208999410414694,-2.6861352302138495
1758181610.1319733,6.205910469019559,-2.736038056775936
1758181610.2302363,6.203439603711298,-2.775960351127514
1758181610.3271546,6.201586621418131,-2.805902089912723
1758181610.4273937,6.19911989270057,-2.845828452527361
1758181610.5434453,6.196667516667526,-2.8857785989061147
1758181610.6274388,6.193607916576896,-2.935716670661563
1758181610.7320485,6.191165261092142,-2.9756674030249988
1758181610.8280947,6.188716947584889,-3.0156011413725827
1758181610.9273481,6.188095720889031,-3.043965578282327
1758181611.0277839,6.192116538665425,-3.0558888193676097
1758181611.1272619,6.202450874316093,-3.0587104350596395
1758181611.2313359,6.214291546894304,-3.0595096684912306
1758181611.327992,6.226043012448831,-3.059287400529593
1758181611.427687,6.2375224047154205,-3.0579729828629008
1758181611.5300984,6.247410364551888,-3.0622499003721657
1758181611.6365473,6.265806289957974,-3.1048274947336147
1758181611.728407,6.275832071705545,-3.13393740911937
1758181611.8275247,6.292808870722518,-3.1809648470033673
1758181611.9273758,6.302994799717447,-3.209181398828206
1758181612.0308359,6.3131806358893625,-3.2373979847208894
1758181612.1269302,6.326761607287413,-3.275020150887977
1758181612.226897,6.340338562065319,-3.312659070517045
1758181612.3272552,6.350522328007745,-3.3408782397451713
1758181612.4277723,6.360706275302162,-3.3690961103779395
1758181612.5270813,6.370890004294958,-3.397314046913093
1758181612.6311266,6.387861856972653,-3.4443442720900936
1758181612.7422235,6.398043969899588,-3.472562711598878
1758181612.8307705,6.408224869050508,-3.500781434045315
1758181612.9309664,6.4217944396607285,-3.538417439370045
1758181613.0277119,6.431975932705636,-3.5666355808643315
1758181613.1268032,6.4421573242001875,-3.5948537605899094
1758181613.2312162,6.455726036500722,-3.632490642136209
1758181613.3275905,6.469290797128433,-3.6701309491530902
1758181613.4282722,6.4828460582023855,-3.707774636546125
1758181613.527171,6.496399257550385,-3.745418681269055
1758181613.6300845,6.513339723008428,-3.7924939607333794
1758181613.727956,6.526886818407112,-3.830174456733548
1758181613.826961,6.534971664541057,-3.855964139506425
1758181613.9267719,6.541694420593302,-3.8710544167612273
1758181614.0293548,6.553217444418479,-3.8693883942331304
1758181614.1320186,6.562788111316233,-3.8643939990714604
1758181614.2280242,6.569716705397737,-3.86020339361339
1758181614.3292468,6.576409057921991,-3.8556449820878202
1758181614.4318786,6.589007866835084,-3.8454788455425146
1758181614.5298042,6.594877643162091,-3.8399007016457927
1758181614.6280224,6.60043792034388,-3.8340138323761197
1758181614.728799,6.605672491610428,-3.8278353697447285
1758181614.8332834,6.613631964592343,-3.8169391667185253
1758181614.9284072,6.617926043516309,-3.810073222010631
1758181615.031535,6.634657797888549,-3.8077335383300954
1758181615.128126,6.679389434596423,-3.8282858874127617
1758181615.2274072,6.715361573738732,-3.8459892669178823
1758181615.336986,6.7512460549727376,-3.863679261741748
1758181615.4277177,6.796124024589312,-3.8857899188803233
1758181615.528078,6.832017930790164,-3.903474161804587
1758181615.6273842,6.858937227800881,-3.916735986779046
1758181615.7287922,6.894830019098013,-3.934417271792229
1758181615.8279603,6.939146522093772,-3.956007883933182
1758181615.927658,6.958797424248996,-3.9625435908977873
1758181616.029256,6.966814608725239,-3.9569776072326364
1758181616.1286325,6.970762131648735,-3.9492822354786514
1758181616.2296329,6.974448593753087,-3.938894308881896
1758181616.3349419,6.976895082213823,-3.9283784889387996
1758181616.4325986,6.978229916221898,-3.920390948384769
1758181616.526788,6.979490948053633,-3.90695569617262
1758181616.6326745,6.979630925880213,-3.896162038615277
1758181616.7307875,6.980493159800556,-3.8825095241012564
1758181616.8279593,6.999708640128636,-3.874402242858555
1758181616.9272845,7.0195674700319906,-3.87122357865827
1758181617.028375,7.060049353729356,-3.865629888242444
1758181617.1325388,7.0996130858454425,-3.8596928722472255
1758181617.2272172,7.12929939758746,-3.855247431450363
1758181617.3298082,7.158986200498813,-3.8508043740363775
1758181617.4277332,7.198569180875471,-3.844884015008497
1758181617.5272472,7.231974844982939,-3.841318664717003
1758181617.626894,7.243489753846456,-3.8393103191209295
1758181617.7287414,7.24824236179595,-3.8313066786178447
1758181617.8296075,7.247160712500518,-3.822766671535499
1758181617.928492,7.2449596547303186,-3.811437572094309
1758181618.0270696,7.242423547020757,-3.8034506003946813
1758181618.1312184,7.239786229471297,-3.795149476539862
1758181618.226951,7.236781079284773,-3.786737613767313
1758181618.337821,7.231987178741497,-3.7758500019960155
1758181618.4279215,7.226359988979698,-3.7653525224304
1758181618.529573,7.221613572751659,-3.757768953778097
1758181618.627437,7.216427599850116,-3.750476848308581
1758181618.726979,7.212732423098609,-3.745793624202208
1758181618.8283114,7.206847501291549,-3.7390529349938384
1758181618.9298089,7.197132946032622,-3.727309277720936
1758181619.0270412,7.207759769513269,-3.6986250203036866
1758181619.1274755,7.22331417931387,-3.6720110531591867
1758181619.229528,7.238616679781322,-3.6461005450742845
1758181619.336463,7.264075797692502,-3.603047831288565
1758181619.428044,7.289531445998027,-3.5599929857219075
1758181619.5287194,7.304803162399806,-3.5341590953138877
1758181619.6277804,7.325163522447773,-3.499712822054815
1758181619.7269363,7.345521721633456,-3.465265418615891
1758181619.8275445,7.358605912791457,-3.441693205703105
1758181619.9337995,7.363273709417907,-3.4297811296174534
1758181620.0278847,7.360585335093272,-3.4229706754224463
1758181620.129637,7.350979652296033,-3.418154122420544
1758181620.2311087,7.34095801729181,-3.4141386489834393
1758181620.326829,7.3306732834779265,-3.4108544758728074
1758181620.4270458,7.325448880830108,-3.4094921078424187
1758181620.528256,7.309529019784015,-3.40654437855535
1758181620.628059,7.301472977073906,-3.405719114907035
1758181620.7277715,7.290684662385509,-3.4052972682590794
1758181620.8305638,7.2817972036796235,-3.383575265826999
1758181620.9268203,7.279915826507523,-3.3426062374031265
1758181621.0292113,7.278392223776095,-3.3126209309400587
1758181621.1278567,7.276353812867048,-3.272674261534886
1758181621.2269614,7.275334701110879,-3.2527009157991555
1758181621.3280258,7.273296664342703,-3.2127542022211437
1758181621.4272501,7.271258876593352,-3.1728074610558936
1758181621.5273166,7.2692213380292925,-3.1328606963144994
1758181621.6278362,7.267184048888324,-3.0929139134691597
1758181621.727263,7.264637788540577,-3.042980418769393
1758181621.8289378,7.263124122100358,-3.01300496357584
1758181621.9357042,7.261113501966229,-2.973035048407669
1758181622.0269961,7.258585098999272,-2.9230939831034655
1758181622.1303678,7.256558654960116,-2.883145508904052
1758181622.228099,7.25454467842599,-2.843186162992577
1758181622.3348987,7.2525366359247725,-2.8032232398476142
1758181622.4272504,7.2505137728824325,-2.7632758079737094
1758181622.5273108,7.248513381135242,-2.723306393358752
1758181622.6326017,7.24701439746845,-2.6933268441487535
1758181622.727922,7.245003020118178,-2.6533730006826635
1758181622.828038,7.242986901875387,-2.613425186734245
1758181622.9272954,7.241474976755225,-2.5834643069978047
1758181623.0315208,7.2394592946907625,-2.5435164435568636
1758181623.1283538,7.237443862025383,-2.5035685567969836
1758181623.2289925,7.2354286789808375,-2.46362065225074
1758181623.3268964,7.23341374576033,-2.423672736061417
1758181623.428137,7.230910550258458,-2.373720933538849
1758181623.5271728,7.228921197164516,-2.3337514432857205
1758181623.6282556,7.226914182414426,-2.2938031719724
1758181623.727587,7.226043972808746,-2.266391161001758
1758181623.8271532,7.226029140944807,-2.25547942106995
1758181623.9273617,7.235048257148007,-2.2437011889350758
1758181624.0337465,7.245703649664571,-2.230541347756807
1758181624.1276627,7.249312176699397,-2.2023133743529653
1758181624.2270734,7.25223657146281,-2.161446067116669
1758181624.3332288,7.255622108452723,-2.12158746978814
1758181624.4278312,7.2587130477704225,-2.0822706225141814
1758181624.531701,7.259103355172337,-2.0633572778595237
1758181624.6296146,7.255002769381623,-2.0516004910342343
1758181624.7268658,7.241898109823558,-2.0489667163893173
1758181624.82781,7.233826568501029,-2.0494482322311027
1758181624.9270158,7.225795430870975,-2.050364723460073
1758181625.0268347,7.215188964149609,-2.052259040658978
1758181625.1360564,7.202172029843122,-2.055690687072289
1758181625.227185,7.189511374445286,-2.060327980904722
1758181625.3273454,7.17971312151422,-2.0648601148192633
1758181625.4282684,7.167965341468087,-2.0714967151192902
1758181625.527792,7.159026399859968,-2.077549627391693
1758181625.6366286,7.150545948153654,-2.0842298391783993
1758181625.727597,7.139997365655636,-2.08456491323459
1758181625.829923,7.105915240129059,-2.053919910681252
1758181625.9280198,7.0776648276436855,-2.0251365854388377
1758181626.026893,7.049632890645711,-1.996584281591107
1758181626.1274545,7.014593147793063,-1.9608934844105579
1758181626.2282012,6.986562320079215,-1.9323405294822313
1758181626.327321,6.9639832315654475,-1.9092480375603516
1758181626.4269803,6.960833791710994,-1.8989765818783013
1758181626.5268652,6.9709013959081085,-1.890215319278002
1758181626.6274421,6.9774588344302595,-1.8854636600407486
1758181626.7272239,6.988927014638246,-1.878352282929966
1758181626.8269093,6.998533137602986,-1.8734234199551751
1758181626.9277353,7.0084690683309905,-1.8691983000676722
1758181627.0335295,7.018683275053322,-1.865698871766145
1758181627.1306899,7.023878223385004,-1.8642271210438972
1758181627.2275457,7.0370677074359245,-1.8613735427336844
1758181627.330797,7.045085745425749,-1.8602349028692353
1758181627.4267135,7.05584973287466,-1.8593929027193956
1758181627.5267448,7.066639484884066,-1.859308393185152
1758181627.626909,7.077398282448116,-1.8599636050045443
1758181627.7272027,7.088374221596235,-1.859624978743828
1758181627.8275213,7.099800729704037,-1.8313821564098443
1758181627.9406147,7.107895630598833,-1.7908648513661176
1758181628.0275056,7.116186016669784,-1.7517102087401515
1758181628.1271453,7.126547339677264,-1.7027678529478119
1758181628.229134,7.130690180623145,-1.68319056124116
1758181628.3272433,7.138972983777709,-1.6440353916442132
1758181628.429584,7.147251974920571,-1.6048794597058689
1758181628.5276294,7.153464942174876,-1.5755274405083288
1758181628.6269934,7.159678895722183,-1.5461792134227568
1758181628.7276967,7.170033439155588,-1.497264154909546
1758181628.82699,7.178307225758372,-1.4581064972281377
1758181628.9280686,7.184511355480278,-1.42874017259268
1758181629.0272458,7.190713536854965,-1.3993734293257112
1758181629.1270056,7.198984266535492,-1.3602283222451341
1758181629.2268095,7.211395548374638,-1.3015282923006788
1758181629.3288627,7.217601017829731,-1.2721782317861663
1758181629.4369583,7.2238063616293795,-1.242828140572124
1758181629.5297775,7.236216669575993,-1.184127873000784
1758181629.62809,7.24448992573928,-1.144994304241141
1758181629.7270205,7.252278359929021,-1.1064122777495575
1758181629.8288643,7.254327558313125,-1.0879463536565028
1758181629.9296253,7.248026011428027,-1.0755667455257814
1758181630.0284374,7.237122067841029,-1.0738089508819408
1758181630.1273363,7.22903362705634,-1.0734047329742618
1758181630.2284672,7.220901828400331,-1.0716273212866847
1758181630.3306704,7.212907621635467,-1.0317578449429734
1758181630.4332554,7.211978618671542,-1.010732289803854
1758181630.5287945,7.208684484479609,-0.9608068404651029
1758181630.627415,7.206025341050069,-0.9208967168256367
1758181630.727038,7.203386382448594,-0.8809632684969316
1758181630.8268006,7.202138482690062,-0.8534819878001711
1758181630.9277723,7.202497938593173,-0.8388129807499116
1758181631.0280216,7.211146503650463,-0.8307296461070318
1758181631.1282465,7.221965961892434,-0.8311396623094713
1758181631.226695,7.232701938730302,-0.8322787977206431
1758181631.3274605,7.240684791409512,-0.8336385034560909
1758181631.4322953,7.25119218208245,-0.8361176776302902
1758181631.526785,7.261493833316754,-0.8393462189987217
1758181631.6268291,7.269052921612275,-0.8422494548238675
1758181631.7278461,7.281267933928717,-0.8479805593473765
1758181631.8271189,7.286001247160163,-0.8505767506631158
1758181631.9276676,7.2947695283980805,-0.8557234485190416
1758181632.027142,7.295675694833401,-0.852397570968583
1758181632.1273272,7.28482468086953,-0.8451737871771527
1758181632.2275355,7.272621496140407,-0.8394142980774038
1758181632.3272307,7.262516745993626,-0.8356111538036031
1758181632.427168,7.252164485006854,-0.8325447392633154
1758181632.52748,7.241618413551715,-0.8302309854973537
1758181632.627102,7.230933234926773,-0.8286819033439322
1758181632.728273,7.222861377874558,-0.8280268888823652
1758181632.8306491,7.215083706661835,-0.8059063775386692
1758181632.9370673,7.214877620654214,-0.7547793878150248
1758181633.027241,7.214846123024375,-0.7147594291809968
1758181633.1314976,7.214823346166275,-0.6847545111276301
1758181633.2276006,7.214793274156408,-0.6447539853400975
1758181633.328242,7.214763731595634,-0.604740725979342
1758181633.4275239,7.214719527942738,-0.5547423152859275
1758181633.5288672,7.214693281322069,-0.5247432686795384
1758181633.626832,7.214641472450232,-0.4647451732178617
1758181633.7308722,7.214617060040883,-0.43473410031120496
1758181633.835629,7.21458637103186,-0.39471644994195704
1758181633.928632,7.214566431180505,-0.36470374568695796
1758181634.0269415,7.214539983726873,-0.3246915998298414
1758181634.129067,7.214516085615879,-0.2846846331033136
1758181634.2276254,7.214494765427579,-0.24466298988660481
1758181634.3270571,7.214473590502745,-0.19464766226688704
1758181634.4310129,7.214460711022471,-0.16464232044692223
1758181634.531873,7.214437954763619,-0.11463905986421102
1758181634.6272357,7.214423007004578,-0.08461481200675468
1758181634.7270424,7.214412658571413,-0.054612954245455446
1758181634.827596,7.214394845398927,-0.014589539912999034
1758181634.930958,7.214375640924976,0.02542071388636576
1758181635.0307338,7.214355408959111,0.0654405649392439
1758181635.1270652,7.214345650077759,0.0854452546514534
1758181635.2290657,7.214318437639613,0.13546279474609677
1758181635.326884,7.214307767302954,0.15546863522174004
1758181635.4314764,7.214276093410851,0.21548930459083343
1758181635.5335958,7.214256957549003,0.2555089554425685
1758181635.6272404,7.21423784018189,0.2955222924445679
1758181635.7366579,7.214225318028095,0.3255239246757214
1758181635.827475,7.214211036812665,0.3655389652119485
1758181635.9275758,7.21419789846224,0.40555874693546246
1758181636.0311348,7.2141926793753814,0.4355688867761753
1758181636.1271076,7.214183405602722,0.4755799006809853
1758181636.2305288,7.214174684804088,0.5255928252452675
1758181636.3313808,7.21417001882202,0.5631602951729614
1758181636.4334533,7.2137403923586865,0.5780909392698299
1758181636.5268025,7.205409230556143,0.5865111947623203
1758181636.6287441,7.19671078565118,0.586792260796029
1758181636.727922,7.1852540925552955,0.5861881341211929
1758181636.8285942,7.174223798988148,0.5843089821994398
1758181636.9334018,7.166116962966619,0.5823598081923834
1758181637.0275624,7.15211699049307,0.5787040551292726
1758181637.126783,7.143968416726689,0.5758182349849499
1758181637.2285757,7.13098783804713,0.5698859995333909
1758181637.3274832,7.123546641842666,0.5657271633067946
1758181637.4282837,7.113021066853616,0.5572615897430407
1758181637.526986,7.10520896134758,0.5498104789528268
1758181637.627113,7.099712719512643,0.5438637942654577
1758181637.7292452,7.091290619722883,0.5333215478974986
1758181637.8272138,7.0852564681623775,0.5243690259681564
1758181637.9350762,7.079881800044564,0.5150054662956406
1758181638.0267854,7.074133029110091,0.5027970796401178
1758181638.1297207,7.070338773422321,0.4926889221280664
1758181638.2288508,7.066634230049074,0.47971289170753784
1758181638.326785,7.064976974672916,0.47178582237790523
1758181638.4299617,7.063172856046342,0.45841249229143016
1758181638.5358307,7.0625998725579455,0.44763087369313337
1758181638.627667,7.055818794310974,0.44230165956088746
1758181638.7274303,7.010127250015448,0.4378823498585475
1758181638.8267093,6.969800806929695,0.4365321912696269
1758181638.9271116,6.939802022285474,0.4354414971133274
1758181639.0282295,6.899812465300797,0.433981721682262
1758181639.1272173,6.849828414331828,0.4321592931687019
1758181639.2351449,6.8198275105540445,0.4310764532438786
1758181639.3288972,6.779848048838233,0.4296151463280519
1758181639.4275002,6.729854239033831,0.42779955876072523
1758181639.529062,6.689854277827202,0.4263537039357366
1758181639.6269634,6.649878648757673,0.4248966266644638
1758181639.7278702,6.609906547529952,0.42343809615671063
1758181639.830602,6.5699344322354865,0.42197982353178265
1758181639.9277859,6.539955338686116,0.42088628914604076
1758181640.0271914,6.5062608865474685,0.4202282130453785
1758181640.1272142,6.490562282314407,0.41626401950918424
1758181640.2270687,6.489961127264308,0.4064273348330589
1758181640.3272042,6.491183151041022,0.39843830217166704
1758181640.4271119,6.4934793359028005,0.38791353162307385
1758181640.5316355,6.496528465260071,0.3775834235961651
1758181640.627661,6.501418359938868,0.365019131168913
1758181640.7272735,6.504899328230626,0.35770786252251074
1758181640.8269513,6.510144570542888,0.34827194624666225
1758181640.935211,6.517632957448294,0.3370475006263301
1758181641.0270064,6.524331359893617,0.3285809295707518
1758181641.1278832,6.529745507101509,0.3225592025813803
1758181641.2319424,6.53946570215612,0.31319989396005976
1758181641.326883,6.5478233547868845,0.3063651112622667
1758181641.4278004,6.552181307312466,0.30317766001492535
1758181641.5301166,6.558926324125528,0.29869561265787853
1758181641.6293764,6.568277338844663,0.2932980158064999
1758181641.7268035,6.577992544901392,0.28858702426756894
1758181641.827884,6.5854877007310115,0.2855192233989818
1758181641.9276628,6.595717992594402,0.2820664491518815
1758181642.0272884,6.608811496648511,0.2787997603208174
1758181642.1290574,6.616517329545036,0.2756371104173766
1758181642.2274396,6.61854359448069,0.245241004507816
1758181642.3278408,6.612556901885499,0.18425764888002624
1758181642.428376,6.609373890022345,0.1544087279895777
1758181642.5285614,6.604074272051536,0.10465993075172914
1758181642.626892,6.60089773834089,0.07481030713897899
1758181642.727294,6.596666119330584,0.035010419237286795
1758181642.8269022,6.593495210922932,0.005160221162930179
1758181642.9280543,6.59032303490044,-0.02468309779161443
1758181643.0284367,6.587145412714062,-0.05451329393509047
1758181643.126845,6.581853018489801,-0.1042360201041957
1758181643.2274294,6.577633356732058,-0.1440289492325511
1758181643.3281584,6.574470799890245,-0.1738800591212354
1758181643.4274387,6.570254821119128,-0.213679805891295
1758181643.533793,6.567091930766136,-0.2435198330950746
1758181643.627165,6.5628778423619,-0.28330284766044317
1758181643.7352424,6.559711036853464,-0.3131341944230938
1758181643.826792,6.554433345783662,-0.3628531413389824
1758181643.935612,6.551266921886268,-0.3926845307841888
1758181644.0357099,6.5470452446819305,-0.4324597413463152
1758181644.127443,6.542837822239846,-0.4722479708710376
1758181644.2276769,6.5386369787355605,-0.5120396020346945
1758181644.3273149,6.53548826835077,-0.5418825715453287
1758181644.4289675,6.533450747063944,-0.5691088691611565
1758181644.5274837,6.532684780333658,-0.5862939952567504
1758181644.634176,6.527410270495642,-0.5898262083495528
1758181644.727387,6.516893518846903,-0.5879283213081834
1758181644.8269165,6.506467739663504,-0.585125741380235
1758181644.9272294,6.496270742879761,-0.5815805138284837
1758181645.0274527,6.486355317916545,-0.5773110431040464
1758181645.1351755,6.476772776643611,-0.5723394693866445
1758181645.2269921,6.469834220663025,-0.5681653958533744
1758181645.327733,6.460952331639637,-0.5620292173458782
1758181645.428665,6.454593185122571,-0.5570163890085184
1758181645.5319138,6.446552538500993,-0.5498127538498042
1758181645.6267574,6.43726406259446,-0.5400256263083745
1758181645.7279677,6.430490060657857,-0.5316192161376319
1758181645.82827,6.4228353347360025,-0.5237258799418373
1758181645.9278662,6.402817337232813,-0.5295776961119203
1758181646.0274873,6.376336280667404,-0.544919665626486
1758181646.130364,6.341537089159248,-0.5653074252179892
1758181646.228487,6.315697173575199,-0.580546225016117
1758181646.3276808,6.272630656812535,-0.6059442662070341
1758181646.4279273,6.238169932629989,-0.6262620310500912
1758181646.528186,6.212327608363289,-0.6415041140060433
1758181646.6279545,6.1778668263119805,-0.6618265573723598
1758181646.7276266,6.143398169579549,-0.6821460023670505
1758181646.8332882,6.108928753622037,-0.7024644407373009
1758181646.9340684,6.091701555281364,-0.7126226340233452
1758181647.0306218,6.057247109321334,-0.7329389093731788
1758181647.1272767,6.033742542708394,-0.7459603550268324
1758181647.227775,6.017594484589777,-0.7487979847882511
1758181647.3283703,6.013724578450262,-0.7418610913491976
1758181647.4269683,6.009379485833571,-0.7319777418019362
1758181647.5302699,6.00496589938167,-0.7192259492916401
1758181647.6279192,6.002874502950848,-0.7114024208149629
1758181647.7345424,6.001208396447786,-0.7034773744794072
1758181647.8278096,5.999972450172606,-0.695473930874524
1758181647.92735,5.992237048188715,-0.6852866496732393
1758181648.0279007,5.967216265565846,-0.6833118746633752
1758181648.1266966,5.935945929128161,-0.6841021918664512
1758181648.2270837,5.885973328224267,-0.6858181242033687
1758181648.327192,5.845998365650384,-0.687195227880854
1758181648.4275157,5.816006448171084,-0.6882153280643776
1758181648.5277362,5.776021351038949,-0.6895802351814948
1758181648.6272404,5.736044095664948,-0.6909466233790329
1758181648.7288344,5.696056750179696,-0.6923044942974885
1758181648.8277996,5.666073273119607,-0.693330066655113
1758181648.9268966,5.636070002614592,-0.6943410797620561
1758181649.0274296,5.59606648580031,-0.6956886074173051
1758181649.1272092,5.546078442060823,-0.697376981584774
1758181649.2284515,5.516096710438567,-0.6983954674655313
1758181649.341783,5.466127136618964,-0.7000926233916022
1758181649.426902,5.416157542726294,-0.7017893760525252
1758181649.527551,5.376181858985837,-0.7031464866934168
1758181649.6320887,5.3561940157631245,-0.7038249448322283
1758181649.7272713,5.3324572898431395,-0.7039971933819048
1758181649.8455467,5.3171391382343485,-0.6995994500927916
1758181649.9274523,5.316222376408484,-0.6947961456756192
1758181650.0277777,5.317149718541899,-0.6813565945394587
1758181650.1270518,5.319279961041738,-0.6680598904416143
1758181650.2279177,5.321129287776711,-0.6601951985361388
1758181650.3341463,5.323400724863154,-0.6524432209278667
1758181650.4294584,5.3270743964290395,-0.6423217039113912
1758181650.528388,5.3327233078171705,-0.6300794718168952
1758181650.626894,5.3366438159916925,-0.6229941884407112
1758181650.7267992,5.3456022847105835,-0.6095093475262466
1758181650.8275757,5.352360205278337,-0.6010902028558296
1758181650.9335363,5.357816662395799,-0.5951067930182505
1758181651.0279126,5.355566027044443,-0.5783631865853834
1758181651.1282806,5.323583690270765,-0.5409973487684271
1758181651.2274318,5.296825386700322,-0.5111573889693478
1758181651.337028,5.2767841283611725,-0.4888267494832562
1758181651.4292035,5.270103591126144,-0.48138330825130826
1758181651.545354,5.250061651536494,-0.4590533006696424
1758181651.6291223,5.230019260577257,-0.43672376876087093
1758181651.7276516,5.2166574520947595,-0.4218376791010241
1758181651.8296835,5.19716465021535,-0.4000504576432556
1758181651.9299,5.1865798941101575,-0.38717639270109827
1758181652.0305092,5.186370077897654,-0.3798477790895897
1758181652.129525,5.190340191778024,-0.37636922142392204
1758181652.2309372,5.194653295936603,-0.3731217279918042
1758181652.334473,5.196852999206852,-0.37155671222999337
1758181652.4307134,5.201335150278826,-0.36854667776083977
1758181652.5277367,5.208254289887483,-0.3643388448587835
1758181652.6354086,5.209660841634113,-0.3558296554401835
1758181652.7281373,5.201045562764326,-0.332255655844717
1758181652.8341675,5.187367583262052,-0.30434036588242314
1758181652.9380746,5.169462970179631,-0.2684471700549124
1758181653.0286148,5.156049930142579,-0.24158931601565256
1758181653.133713,5.142638220672025,-0.21473097300195612
1758181653.2344422,5.133699127046969,-0.19682336577268109
1758181653.329744,5.12029002261609,-0.16998400994938379
1758181653.4287786,5.093474285878603,-0.11630618461897761
1758181653.5269265,5.075598456251312,-0.08052449277652672
1758181653.6269944,5.057720043746898,-0.04474152383787664
1758181653.7301662,5.039841312027191,-0.008955464503502602
1758181653.827449,5.021963610446913,0.026825096486341793
1758181653.92769,5.00408604683376,0.06260574194715755
1758181654.0295255,4.98620861944954,0.09838647094407658
1758181654.1277692,4.966006774372235,0.1407733665085194
1758181654.2310185,4.962331529226978,0.15306110194993838
1758181654.3272765,4.968784914891394,0.15978232053999378
1758181654.437038,4.978877089162181,0.16361710879423766
1758181654.5280142,4.989219426456454,0.16671601414200982
1758181654.6268451,4.997107936442797,0.16854742702936917
1758181654.7268937,5.005083828200875,0.1699504021064238
1758181654.827247,5.015814017504863,0.1711476715988858
1758181654.9276557,5.023902970182252,0.17153720317112137
1758181655.0269313,5.03468804932519,0.17141225282199765
1758181655.1268535,5.045429965219613,0.17053067681436312
1758181655.2294617,5.053427060196184,0.16936398368662314
1758181655.3272843,5.061743927476249,0.1695146093468345
1758181655.427701,5.074758968486607,0.1970596454062596
1758181655.5270495,5.08521625910493,0.23700805167450795
1758181655.6270099,5.0983655539591535,0.2852520464730163
1758181655.7270665,5.106256349047028,0.31419450258242443
1758181655.8311503,5.119407409386463,0.362432000982437
1758181655.9269702,5.12992332071682,0.4010294927331413
1758181656.0277052,5.137810998270406,0.4299737058418838
1758181656.1308172,5.148327559171078,0.4685672527295308
1758181656.2277205,5.1562129237722205,0.49751940017643737
1758181656.3453386,5.164095643555262,0.5264782882466358
1758181656.4267592,5.177242768871728,0.5747168857070246
1758181656.5393412,5.187752068858808,0.6133283502265567
1758181656.631699,5.195634749418965,0.6422857222063931
1758181656.7274883,5.204481783744909,0.6786885319061193
1758181656.827284,5.206050500853536,0.6926392799198567
1758181656.9346068,5.1999799266452795,0.7011869271525623
1758181657.0354047,5.189063011001413,0.7037954172455615
1758181657.1275718,5.1817367465773865,0.7113927030980702
1758181657.2288177,5.1809652210045645,0.7467807376580137
1758181657.3268533,5.182905994767438,0.7876495918102026
1758181657.4270096,5.185224712540143,0.827581029939664
1758181657.52749,5.186963562288276,0.8575296157494942
1758181657.6279688,5.188702264605956,0.8874782126778208
1758181657.7352815,5.191020304392969,0.9274096889835578
1758181657.8269916,5.1933380812789505,0.9673411767388559
1758181657.9277456,5.195655596039131,1.0072726721299954
1758181658.0319483,5.198552123352021,1.0571870485653547
1758181658.1312494,5.2002859288635594,1.0871405764280264
1758181658.2276292,5.202022602463808,1.1170897519656449
1758181658.3269253,5.204915619993791,1.167006356093377
1758181658.4290774,5.207215478121093,1.2069512022219404
1758181658.5270743,5.208934250889478,1.2369174190287846
1758181658.6278722,5.21179612859229,1.2868573976325002
1758181658.730192,5.214079334508298,1.3268095614114708
1758181658.830552,5.21578926551649,1.3567742438319894
1758181658.9279978,5.2180751581759655,1.3967257683206855
1758181659.0294697,5.219799043131,1.4266752145634038
1758181659.1276815,5.222097329258317,1.466607830388852
1758181659.2333739,5.224969819399182,1.516523628670518
1758181659.3368719,5.226693116578906,1.546473119408062
1758181659.4286776,5.229562041707903,1.5963920135192184
1758181659.5393918,5.232410403837915,1.6463426714722396
1758181659.6289642,5.234116368335607,1.6763132450090985
1758181659.7269104,5.23533718291324,1.7145996130173355
1758181659.8268852,5.232964270402824,1.7243697566902574
1758181659.92722,5.221095444084473,1.728937678724533
1758181660.0269055,5.213026840680497,1.7284129088446079
1758181660.1314628,5.202338979916312,1.727038011408409
1758181660.2271686,5.186567494999323,1.723542626984919
1758181660.3271623,5.178848255440729,1.721159332846811
1758181660.4275374,5.173774356126684,1.7193151886222395
1758181660.5282269,5.15899621157203,1.7127049614938246
1758181660.627279,5.149577612965635,1.707429213547595
1758181660.7323353,5.142776146539634,1.7030351748225552
1758181660.8532307,5.136221719322943,1.6982804884389209
1758181660.930898,5.10941851175549,1.717330675622097
1758181661.029919,5.069636030139682,1.7637720465494497
1758181661.1287653,5.056604392285898,1.7789514761859628
1758181661.2273107,5.024026505890782,1.8168983699649226
1758181661.3294892,5.004485790614684,1.8396597054148478
1758181661.4325416,4.9708698629195665,1.87958471930374
1758181661.5271018,4.962923903524953,1.8847504903968266
1758181661.631598,4.952850264025112,1.8772461664896423
1758181661.7274752,4.944028205592917,1.867036428798734
1758181661.8277345,4.93918817160673,1.860544206748748
1758181661.92758,4.931922072131775,1.8491738554338113
1758181662.0269272,4.925707083851863,1.837196219197818
1758181662.1268952,4.921526065829847,1.8272418766123593
1758181662.2271132,4.92059361742372,1.8247082606551115
1758181662.3310888,4.896310273458871,1.8206013595418185
1758181662.4267943,4.856739600057803,1.8309649674150064
1758181662.5279994,4.827767022304437,1.8389321915891987
1758181662.6308677,4.779572981467535,1.8522416876226355
1758181662.7293885,4.741003775573987,1.8628835196105173
1758181662.8757787,4.702420133736591,1.8735165674766752
1758181662.9279008,4.673485822539146,1.8814922309239483
1758181663.027005,4.625261885374783,1.8947822046461609
1758181663.1271925,4.577062243678767,1.9080762742732427
1758181663.2307503,4.548143289609162,1.9160528675147144
1758181663.3272316,4.519224296031083,1.9240293493786973
1758181663.428784,4.471025887913414,1.9373232382650623
1758181663.5279045,4.432467088802361,1.947958125840875
1758181663.6292741,4.403547950506243,1.9559341604178684
1758181663.726947,4.355334484991605,1.9692214995213986
1758181663.8278072,4.316750308002821,1.9798451949648015
1758181663.9277792,4.2901803641536675,1.9860671892314745
1758181664.027004,4.27976867081118,1.9875374175128042
1758181664.1290689,4.268200427184696,1.981388406194882
1758181664.2276871,4.265563961181686,1.9705031268056987
1758181664.3320835,4.257741939172132,1.96038220574034
1758181664.4301898,4.222389638341842,1.9590729375735034
1758181664.5285325,4.171484358252946,1.9608913744301275
1758181664.627396,4.141499205612698,1.9621619923222884
1758181664.7280467,4.1115141137928255,1.9634316976840567
1758181664.828725,4.061529035664093,1.9655512379909956
1758181664.9293754,4.021559898238261,1.967253607042122
1758181665.0269027,3.981597609163923,1.9689593685746114
1758181665.1276772,3.9516258789635317,1.9702385299208431
1758181665.2270546,3.9116635531342636,1.9719438472598343
1758181665.3315468,3.881691793967266,1.9732226630004304
1758181665.4381554,3.8317388345545016,1.9753536971768595
1758181665.5275536,3.7917692808416663,1.9770524334776685
1758181665.6286113,3.7617766955537277,1.978316936505858
1758181665.727597,3.71178883141306,1.9804190873969645
1758181665.827954,3.6717983458576975,1.9820957297709891
1758181665.9281073,3.6318176857810447,1.9837738547184116
1758181666.0347235,3.601845332211241,1.98503876676915
1758181666.130476,3.5518817110000027,1.9871393073401382
1758181666.2370708,3.511901740032027,1.9888027770957644
1758181666.3303921,3.471919286601714,1.9904598493263836
1758181666.4351168,3.4419301799903876,1.9917049077132827
1758181666.5279624,3.401954098648829,1.9933723323488979
1758181666.6270351,3.351999530369421,1.9954643257139413
1758181666.726889,3.31203585780364,1.9971376258840199
1758181666.8273752,3.2720721635310066,1.9988106621046307
1758181666.92861,3.232108446940215,2.0004834364351614
1758181667.0300977,3.2021356455104377,2.001737846638393
1758181667.1278806,3.152166569772467,2.003817730616641
1758181667.2280314,3.1121750335313054,2.0054699525092943
1758181667.3339612,3.0821812592397646,2.006706169080387
1758181667.4274752,3.0421894126147273,2.0083505084324105
1758181667.5280583,3.002208377735823,2.009996985877122
1758181667.627318,2.9622438969004667,2.011651381889939
1758181667.727287,2.9222692714435485,2.0132959267681523
1758181667.8267634,2.892282155767434,2.014518285849166
1758181667.9272232,2.8423022197392953,2.016553229931885
1758181668.029123,2.8023170435080287,2.0181791201413484
1758181668.1292062,2.772324976908023,2.0193953746497026
1758181668.2269053,2.7223653968164383,2.0214443776867475
1758181668.3267074,2.672409106975922,2.023495094113883
1758181668.4278955,2.64243531682162,2.024725326035154
1758181668.5273328,2.592478972395387,2.026775385519925
1758181668.6268249,2.552513873898754,2.028415141197492
1758181668.7273037,2.5125291431528485,2.0300407736721073
1758181668.8267744,2.4825344538322964,2.0312551799638623
1758181668.9270153,2.442541388621465,2.0328704374280693
1758181669.0276883,2.4125464840079593,2.0340789170460973
1758181669.1287985,2.37256520549002,2.035693560923064
1758181669.2287195,2.3325994013997646,2.0373156815890705
1758181669.3273337,2.2826267522468466,2.0393276913460445
1758181669.433693,2.242638745761866,2.040925379790938
1758181669.527691,2.202657400517569,2.042518123365674
1758181669.627817,2.1626682758217983,2.044112515752483
1758181669.7268658,2.112696076266341,2.0461105061248306
1758181669.827694,2.072729743633731,2.0477189602555117
1758181669.9351654,2.042754980808156,2.0489251267894524
1758181670.0268195,2.0027886113016504,2.050533118234188
1758181670.1289456,1.9628222200960888,2.0521408481106205
1758181670.2299454,1.9328474134584317,2.0533464751681265
1758181670.329593,1.9028665071360085,2.0545467733156837
1758181670.4271698,1.8528737987460795,2.0565315064771403
1758181670.5277007,1.8128794203437437,2.0581143921279352
1758181670.6267815,1.7728848858375221,2.0596927642220093
1758181670.7291238,1.7429019297333443,2.0608815353492718
1758181670.8268287,1.7029348318982027,2.0624714662597023
1758181670.9280338,1.6729537477217196,2.0636582009252797
1758181671.02706,1.6229675967621817,2.0656152364298745
1758181671.130102,1.585593479703014,2.0666737656302443
1758181671.2281265,1.5679563936131677,2.067922325889721
1758181671.3269618,1.5637795663887413,2.073138949490372
1758181671.426869,1.5649043810121888,2.083752744542959
1758181671.5314648,1.5675942863532304,2.0969753981612183
1758181671.6277874,1.5705953282151977,2.1073458416138386
1758181671.727186,1.5733315235038807,2.114967196528814
1758181671.8282104,1.578792505865631,2.1273057605298344
1758181671.9307206,1.5839461595485385,2.13679192807818
1758181672.0275753,1.5882520207520645,2.143649785985548
1758181672.1276238,1.59455683695583,2.152413287461064
1758181672.22809,1.5996903628723576,2.158675873474658
1758181672.3288996,1.6070465552750948,2.166577925036734
1758181672.427692,1.6129265063090066,2.1721460268635573
1758181672.5269644,1.6233665646827353,2.1806955853305694
1758181672.6279964,1.6322459056888987,2.186837978667598
1758181672.7279508,1.6313970803327822,2.2021979740332083
1758181672.8271773,1.6083708456027315,2.2456909003811423
1758181672.927101,1.588677272503849,2.2805802427380075
1758181673.033883,1.569022926258412,2.3154165396252093
1758181673.128987,1.5591957991191345,2.3328347118122434
1758181673.2323997,1.5346285716192585,2.376384799929257
1758181673.328236,1.5100642134552287,2.419954064358396
1758181673.4284914,1.495330882811371,2.446095741706294
1758181673.5285356,1.4756828701932203,2.4809400715913243
1758181673.6341484,1.4560326516119177,2.515778661358824
1758181673.7272472,1.4363821738220763,2.550632187133222
1758181673.8266742,1.4118227705085138,2.594185308582087
1758181673.9275098,1.3968242858117972,2.623408574411884
1758181674.0273378,1.3962820642099294,2.6345687528156385
1758181674.1276069,1.4056854237613026,2.639462537704727
1758181674.2441719,1.4157179847096626,2.643451521941534
1758181674.3306584,1.4260116614771614,2.646708527772168
1758181674.4273202,1.4365130626882896,2.649216622704729
1758181674.5284836,1.447167714079539,2.650962774213358
1758181674.6265962,1.4525352617956422,2.651547132310026
1758181674.7274704,1.4687116963411975,2.6521466401690583
1758181674.8278856,1.4794781498428127,2.651623962496744
1758181674.9339862,1.4910725585803413,2.657081798414929
1758181675.0359051,1.5001751177193647,2.6912981734113552
1758181675.1294773,1.506957982082522,2.731658464993003
1758181675.2270427,1.5122889398381145,2.761179911010198
1758181675.3270676,1.5193966803555272,2.8005418836193114
1758181675.4277956,1.5265041877486731,2.8399039040039615
1758181675.527357,1.533611460724185,2.879265968207477
1758181675.6277995,1.540718498834016,2.9186280721437914
1758181675.7272296,1.5445206433646843,2.9455558861735294
1758181675.827191,1.545943865492192,2.9618536521410497
1758181675.9273303,1.5540470765794678,2.963488465701343
1758181676.032223,1.5618258855330724,2.9612417988206037
1758181676.1272218,1.5694724229720385,2.9585781118070154
1758181676.2276433,1.5818614651966372,2.953234691552067
1758181676.3292813,1.5913954530081693,2.9481715918126845
1758181676.4279802,1.5982933654777343,2.9439313026101623
1758181676.5276291,1.6092494848187036,2.936057245986522
1758181676.6278365,1.621896332169614,2.9342019684296146
1758181676.7271543,1.6482188996314286,2.9577975461585364
1758181676.8331096,1.6763826595791331,2.987524661454707
1758181676.9339159,1.6901542012156971,3.0020397061131905
1758181677.0277634,1.7176937280268614,3.0310660537526486
1758181677.1280797,1.7452317214344244,3.0600941100560735
1758181677.2278078,1.7658810893605363,3.081865443442071
1758181677.329597,1.7934125558201033,3.1108948110359393
1758181677.4278376,1.8278252462580145,3.147182792244895
1758181677.5284514,1.848471811386611,3.1689552175236813
1758181677.6282911,1.8685837686379123,3.1901854698412455
1758181677.727136,1.8852355848067985,3.2038197757871556
1758181677.8270452,1.8912369112468082,3.199475487082551
1758181677.9273233,1.898247205826751,3.1912653087658533
1758181678.0319886,1.9031074015793596,3.1847882131258194
1758181678.1272182,1.90903069664537,3.1757619799899928
1758181678.2269292,1.9142894860211417,3.1663328823726986
1758181678.3286905,1.9177809418240441,3.1590259935008174
1758181678.4316828,1.9208729837475722,3.151541241721453
1758181678.532781,1.924358950578362,3.141322700681657
1758181678.6280274,1.9336761781012206,3.132558504734228
1758181678.7320323,1.968794173117574,3.136828163827211
1758181678.8276756,2.008915561068549,3.144524064863102
1758181678.931701,2.0579282638105405,3.154477278646638
1758181679.0278676,2.087325939341887,3.1604530797512536
1758181679.128315,2.1265228784524206,3.168420622627219
1758181679.2288647,2.1755191184050333,3.1783797425938336
1758181679.3324387,2.214728372205179,3.186334902976527
1758181679.4274836,2.2539257883263777,3.1943006873847413
1758181679.5288692,2.2925581205240153,3.2018122993496445
1758181679.6272285,2.3110407248865354,3.2035573325294866
1758181679.7295554,2.320433151120199,3.1965051694985793
1758181679.8330927,2.3211013128300304,3.1882624401714588
1758181679.9269745,2.32164638180149,3.1774795463121728
1758181680.0274677,2.32141756776591,3.166686816977286
1758181680.126839,2.3207349774883927,3.1586176114899502
1758181680.2424934,2.3213888451871516,3.150314499037318
1758181680.3271303,2.3497080075823917,3.1390858244491397
1758181680.4277933,2.3901021150528905,3.131266193366324
1758181680.5276215,2.42929266078429,3.1232671300646513
1758181680.6309125,2.4684832365219886,3.115268308079437
1758181680.7275987,2.4978762008396767,3.109269341050289
1758181680.8282137,2.546864540397787,3.0992713449633054
1758181680.9288158,2.5762575848833125,3.093272714975782
1758181681.0270982,2.6154483589112543,3.085274734808439
1758181681.1329582,2.643181090395499,3.0818390750839795
1758181681.2277303,2.6549987588193957,3.0881112491029152
1758181681.3278017,2.6567398250877745,3.099036940657168
1758181681.4274435,2.6570266493581767,3.1044285397181177
1758181681.539005,2.6568968989292503,3.117920729821657
1758181681.628896,2.6695355622412302,3.1291318915580404
1758181681.727963,2.7080958349282134,3.1350031987509004
1758181681.8284662,2.7283247650799782,3.137267643297858
1758181681.9322333,2.7779482940035525,3.1435490217981643
1758181682.0274696,2.807711047155735,3.1473260260492633
1758181682.1303854,2.847390966194114,3.1523650479801906
1758181682.2285252,2.8771509272845575,3.1561441581809224
1758181682.3310034,2.9168477296843807,3.1611610991204744
1758181682.4268847,2.9466207490765637,3.164921856650238
1758181682.5281038,2.9962413475896734,3.1711854389444167
1758181682.6335092,3.0260143556595924,3.1749413001784785
1758181682.7270508,3.0756208130262728,3.1812172032760655
1758181682.8266277,3.1053822587517823,3.184984731789416
1758181682.9393356,3.1450642102029227,3.190007907687437
1758181683.0377364,3.1748256906404775,3.19377514300797
1758181683.1269143,3.2244716881596553,3.200016467077351
1758181683.2286918,3.254250900987249,3.2037695541553526
1758181683.3268728,3.284033552532161,3.2075193367578843
1758181683.427557,3.313816608913694,3.211266654855448
1758181683.5308874,3.3535278447001304,3.216259286522719
1758181683.6352026,3.393234451640999,3.2212503053046846
1758181683.7295103,3.442840642747095,3.2274993431319237
1758181683.8276052,3.4825256317755433,3.2324982936450875
1758181683.936878,3.5222106543242737,3.237497006007341
1758181684.026827,3.551982037150602,3.241235745989005
1758181684.126952,3.59168305791759,3.2462112727897243
1758181684.2285736,3.641309428940571,3.252426088495287
1758181684.3287368,3.671082215134236,3.256159605111269
1758181684.4319293,3.7008471282526845,3.2598996437841437
1758181684.5268774,3.7405337040369075,3.2648861656860815
1758181684.6279893,3.780220306453714,3.2698724640421855
1758181684.727308,3.8199320656139943,3.274838767727666
1758181684.8449845,3.8596424184964553,3.279802584984798
1758181684.927846,3.8993569024007586,3.2847668168405977
1758181685.0275624,3.939072238909252,3.2897267078307717
1758181685.1277423,3.978788141996567,3.294682258599421
1758181685.2327178,4.008575328115577,3.298396198916979
1758181685.3285618,4.068110030806126,3.305839840725687
1758181685.4453177,4.107799645014255,3.3108019430725584
1758181685.5285575,4.147489292590019,3.3157638071302027
1758181685.6277149,4.187191526819789,3.3207087774603745
1758181685.7273474,4.22689615134993,3.3256466801238345
1758181685.8309839,4.256676955152904,3.3293478143176523
1758181685.9280918,4.296378225841405,3.3342876873400074
1758181686.0270722,4.3162238071183925,3.336762629169378
1758181686.126962,4.365837791411273,3.3429497380088975
1758181686.227932,4.395606202009781,3.346661835442559
1758181686.3303187,4.435312147429141,3.3515993548713827
1758181686.4273372,4.465091497981438,3.355300208254007
1758181686.5279164,4.504806247074401,3.360232669816878
1758181686.6276796,4.554455770895654,3.3663904003761003
1758181686.727907,4.5743158194569515,3.3688516005557423
1758181686.8283253,4.623966443377354,3.3749999391348426
1758181686.926919,4.663666071817481,3.379925101569984
1758181687.0315201,4.693436536521132,3.3836205516136593
1758181687.1311612,4.743054017832898,3.3897793349218888
1758181687.2311432,4.782747636089633,3.394705493993669
1758181687.331447,4.812531068000015,3.398383647945842
1758181687.4275749,4.852242018646086,3.403285861671009
1758181687.5311944,4.882024200814039,3.4069610140707036
1758181687.6270893,4.92172987957583,3.4118662067196124
1758181687.7284667,4.961425406770701,3.416780973865997
1758181687.8332107,4.991197070419166,3.4204669018578167
1758181687.929053,5.040816542095649,3.4266098352047742
1758181688.030889,5.080554233457873,3.4314894586038713
1758181688.1271317,5.120265718965741,3.4363891271690346
1758181688.2266867,5.150058569805454,3.440057565008789
1758181688.3272753,5.179851814301042,3.4437235714669256
1758181688.4306562,5.213495254420424,3.446396264866084
1758181688.5512505,5.226646627752969,3.4442335000054944
1758181688.628793,5.229018632960196,3.434610908569833
1758181688.727693,5.229023982062681,3.4238212868593365
1758181688.8288372,5.242127110801512,3.415760636364414
1758181688.9277928,5.2808785326619425,3.4112529854678844
1758181689.0271637,5.331105080431307,3.4070559776211695
1758181689.12907,5.370938587119015,3.403424778779709
1758181689.2271461,5.410772121738804,3.399793771569367
1758181689.3274255,5.45062268112368,3.396176096860271
1758181689.4383352,5.490473473989889,3.3925628253065994
1758181689.5273616,5.520369564830278,3.3898561333272723
1758181689.6329825,5.570194229559377,3.3853464898315035
1758181689.7272844,5.6000749684016595,3.382636603126518
1758181689.8273802,5.620001887737947,3.380834365705275
1758181689.927614,5.669795557016147,3.376315385121007
1758181690.028433,5.709630520771101,3.3727004905336107
1758181690.1281128,5.749467382712455,3.3690877643942847
1758181690.2275069,5.779355799867035,3.366390485203588
1758181690.3273952,5.809245147220946,3.3636962825789753
1758181690.4273474,5.849102758150136,3.3601040869536574
1758181690.5279717,5.87899993836886,3.3574099138434343
1758181690.6272306,5.9088973364764845,3.354718167754981
1758181690.7276986,5.948760865652732,3.3511329495582953
1758181690.8271177,5.978658751326381,3.348446854280809
1758181690.9271088,6.018502600698071,3.3448578444569783
1758181691.027888,6.048380406642678,3.3421640015253113
1758181691.1275547,6.08822827042803,3.3385805416901184
1758181691.2270026,6.128088438239063,3.3350092222257315
1758181691.327394,6.167951400482183,3.331437103892568
1758181691.4333134,6.2078110282077885,3.3278671807568214
1758181691.527958,6.2376928615873615,3.3251933377265233
1758181691.6276038,6.277540048182164,3.321622224509733
1758181691.736643,6.307418900632962,3.3189401986621645
1758181691.827513,6.347257394012065,3.3153643886723225
1758181691.9268222,6.387104838016055,3.3117980150673607
1758181692.0320268,6.426959048681954,3.3082423476307734
1758181692.1289816,6.466817824402823,3.304689960841391
1758181692.2275732,6.506684285335106,3.3011366337180936
1758181692.3281293,6.536584346639475,3.2984743911305716
1758181692.4276536,6.5664846157238825,3.295814576544386
1758181692.5303407,6.606351955972099,3.2922719210832
1758181692.6349738,6.646198270629761,3.2887216289411056
1758181692.729414,6.696000108833076,3.2842814500650164
1758181692.8270433,6.735861448829828,3.2807453885611095
1758181692.9265769,6.785693944118873,3.2763309324820145
1758181693.027937,6.825560709089518,3.2728010520811894
1758181693.1290147,6.865414300538021,3.2692687547761876
1758181693.2278144,6.895295707987419,3.2666149586343205
1758181693.3281925,6.945098025309625,3.2621922758248716
1758181693.4385867,6.973349223039112,3.2610867222876463
1758181693.5267446,6.985030051802837,3.26521529724171
1758181693.6302395,6.987907930307646,3.278493808977551
1758181693.7269094,6.987198347829038,3.28925047544059
1758181693.8278723,6.985717379507834,3.2999237132561214
1758181693.9277241,6.983470980701972,3.31046006819675
1758181694.026904,6.9796076632866475,3.3233542588070977
1758181694.127958,6.975646153007785,3.3333920579736085
1758181694.233556,6.9722005864506436,3.3407201090765892
1758181694.3275087,6.965595784707648,3.352486230163285
1758181694.4275324,6.959566994254481,3.3614418980457823
1758181694.5274413,6.965957203124572,3.375435195441059
1758181694.6275525,6.987314893371193,3.394260091418941
1758181694.726888,7.019034983703811,3.4199782339036133
1758181694.8282602,7.050062888750196,3.4452422357715955
1758181694.9272363,7.081081571466994,3.470497262039331
1758181695.0279634,7.112105874294164,3.495753707569511
1758181695.1275647,7.135370714814036,3.514694115115749
1758181695.2281291,7.165855533760039,3.5394201038499933
1758181695.3286333,7.180783927785888,3.552386832774292
1758181695.43149,7.1780975180303095,3.561384553756399
1758181695.5282135,7.172774136256467,3.5684074884477193
1758181695.6276038,7.167008560387942,3.574843270194201
1758181695.728177,7.156424604743924,3.583708117268459
1758181695.8271115,7.147351655190299,3.589559822796923
1758181695.927201,7.137881075938134,3.5947438415819897
1758181696.0282218,7.128061940364552,3.5992332501536084
1758181696.128607,7.120499412992027,3.602130297421551
1758181696.2338505,7.112791495320723,3.604614960210046
1758181696.3281653,7.110281093536871,3.627928425235897
1758181696.4269824,7.121289918548569,3.677637294520228
1758181696.5268557,7.130350643185019,3.7166192849988824
1758181696.6270897,7.1394080969361005,3.7556020608148977
1758181696.7291458,7.148461799511416,3.794585686705857
1758181696.8269897,7.157511776730814,3.8335701427549056
1758181696.9278548,7.168827931268623,3.8822792507397503
1758181697.0269723,7.175619039200593,3.9114993147313197
1758181697.1311288,7.181956294095086,3.948774734758055
1758181697.2283595,7.178101739101894,3.959300235083875
1758181697.327864,7.1675041784323845,3.9621643712036274
1758181697.4285989,7.159436940157224,3.962874998063594
1758181697.5278404,7.14864593670485,3.9631481887174047
1758181697.6339118,7.140564665483073,3.9628803353594075
1758181697.7283592,7.1302163325791525,3.9839296065894
1758181697.827633,7.125619127695739,4.024649693317931
1758181697.927893,7.120912672619738,4.064413618630548
1758181698.029056,7.1173614952159445,4.094201634773518
1758181698.1284983,7.112626795156619,4.133919027679062
1758181698.2270207,7.1102595320056174,4.15377773960964
1758181698.3275523,7.104341627216498,4.20342456001656
1758181698.4272208,7.1016888023003455,4.236969053759675
1758181698.5273032,7.10257378653759,4.24786640433736
1758181698.627978,7.108103382020669,4.252202711789873
1758181698.7287889,7.121819143153874,4.25214288202492
1758181698.8295603,7.132595102487397,4.251479215932382
1758181698.9331286,7.137958107153459,4.250856962061669
1758181699.0275137,7.151237079547972,4.248461028893356
1758181699.1270776,7.1616713837278745,4.245690779714312
1758181699.228169,7.174131680936866,4.248578811816858
1758181699.3270802,7.185884240177081,4.26986382792028
1758181699.428242,7.186151662466562,4.282046499141307
1758181699.5383396,7.17921286881571,4.286571960699074
1758181699.6340914,7.168531533300826,4.290658462825772
1758181699.7352464,7.157379248869049,4.2944789619993236
1758181699.8317416,7.1461211756912215,4.296974231833384
1758181699.9279146,7.13499380077844,4.2981044327994535
1758181700.0268705,7.124216476461469,4.297792163654803
1758181700.1269913,7.115526948447007,4.3038352338896
1758181700.227137,7.109133691693034,4.31925412018195
1758181700.3278618,7.1055795191286615,4.326643824064049
1758181700.4321303,7.105577921842393,4.326656153562014
1758181700.5314577,7.105577972331923,4.326656131189997
1758181700.6281643,7.105577982705704,4.3266561140589275
1758181700.7271624,7.105578000167398,4.326656085279212
1758181700.8333657,7.105578014155792,4.326656062242072
1758181700.9279237,7.105578024650164,4.326656044963444
1758181701.0282767,7.105578035146961,4.32665602768434
1758181701.1354585,7.105578049146442,4.326656004644798
1758181701.2282858,7.10557805964886,4.326655987364596
1758181701.3270617,7.103002776131146,4.341823543579148
1758181701.4269493,7.094344555810502,4.392542286844569
1758181701.5374696,7.088063848530358,4.432989196795669
1758181701.6283967,7.083373310342859,4.462021147398254
1758181701.7290819,7.082743537597001,4.483286618560845
1758181701.8285875,7.0827479048482305,4.4840910988880385
1758181701.934194,7.082747914391755,4.48409109597144
1758181702.0335367,7.082747913571081,4.484091093026042
1758181702.1322782,7.082747911094165,4.4840910881314455
1758181702.2280505,7.082747909455158,4.484091085536581
1758181702.33816,7.082747907844563,4.484091083359463
1758181702.4270668,7.082747906257212,4.484091081518821
1758181702.5272894,7.0827479050792,4.48409108031925
1758181702.6277,7.08274790313505,4.4840910785977135
1758181702.7305984,7.082747901593659,4.484091077422007
1758181702.833138,7.082747900444148,4.484091076634709
1758181702.930299,7.082747898538322,4.4840910754676075
1758181703.028506,7.082747897020935,4.484091074639171
1758181703.1271079,7.082747895131267,4.484091073705817
1758181703.2276323,7.0815706010882735,4.490892455656553
1758181703.3336143,7.0730450688683355,4.539293730933584
1758181703.429669,7.066822959259385,4.580450223551962
1758181703.527654,7.061688004613513,4.610009876864586
1758181703.6364741,7.054834783397556,4.64941689050056
1758181703.7371593,7.047990147606955,4.688835467074273
1758181703.8371987,7.0411405254121044,4.728243217878987
1758181703.9273617,7.0360020053371155,4.757798742195018
1758181704.0311077,7.027438080350261,4.807058018032168
1758181704.1280587,7.020587186424076,4.846465499425894
1758181704.2269459,7.015449158959162,4.876021143954076
1758181704.3277345,7.0085986460717455,4.915428710831354
1758181704.4276316,7.0034609042694145,4.944984413470307
1758181704.5313191,6.996610772699712,4.984392048737858
1758181704.6270895,6.989767929236539,5.023809807953334
1758181704.7272243,6.984631517799112,5.053366357291263
1758181704.8285003,6.9809157886323625,5.086830162046429
1758181704.9301937,6.980931734952399,5.094745150806843
1758181705.0276341,6.980931698598354,5.094745139873221
1758181705.1317296,6.980931695611787,5.094745135377791
1758181705.2284784,6.980931693666851,5.094745130609811
1758181705.3274496,6.974771109133369,5.129375573856894
1758181705.4272678,6.969490621934327,5.160647114088319
1758181705.5284836,6.964841711627412,5.191133443623205
1758181705.6268663,6.957938404252496,5.2305376298608905
1758181705.72779,6.951035441613524,5.269940858604535
1758181705.827264,6.942402737220794,5.3191880708110775
1758181705.9282088,6.935509749496791,5.358607078506794
1758181706.029168,6.9303350621788375,5.388162100606009
1758181706.134781,6.921705688509739,5.437409944316103
1758181706.2284036,6.914802435119006,5.476808280596177
1758181706.3289313,6.909625137658604,5.506357067230458
1758181706.4275746,6.902722264135355,5.545755492072205
1758181706.526775,6.895819607501718,5.585153960744495
1758181706.6268814,6.890648298305596,5.61471071406738
1758181706.729047,6.882022559247701,5.663961741174121
1758181706.831204,6.875121652717102,5.703361350974038
1758181706.92825,6.868221186314908,5.742760812921668
1758181707.027423,6.861328223283714,5.782171163986911
1758181707.126679,6.852719477870562,5.831440199225382
1758181707.2290497,6.8475542221236765,5.8610015994405265
1758181707.334995,6.84067723800427,5.900430743895921
1758181707.4267483,6.8355205523599665,5.929999584606076
1758181707.5276387,6.827365302559249,5.97871339758761
1758181707.6283722,6.826732536707046,5.999987940946115
1758181707.729556,6.826734048675666,6.000806937260605
1758181707.8398604,6.826735434262003,6.000851860988878
1758181707.9273837,6.826736826657618,6.000896806610998
1758181708.0270076,6.826738567063681,6.000952985672316
1758181708.1271138,6.826739611260246,6.000986691527079
1758181708.2270977,6.826740655421577,6.0010203961952895
1758181708.3270228,6.826742047581975,6.001065333907103
1758181708.4273214,6.826743787694749,6.001121503080328
1758181708.532407,6.826744831715725,6.001155203002048
1758181708.6271563,6.826746223689177,6.001200134385144
1758181708.7268953,6.8267472676280105,6.001233831538257
1758181708.8279846,6.826748659490383,6.001278759229691
1758181708.938205,6.826749703345131,6.00131245361363
1758181709.027349,6.822316555371964,6.0260499875799445
1758181709.1278477,6.815175916922899,6.06715409063398
1758181709.2287192,6.80883545010371,6.107715645501806
1758181709.3314354,6.80361853568045,6.137263971470582
1758181709.4277213,6.796659973354471,6.176652592883793
1758181709.5267227,6.787962075075235,6.225888434293534
1758181709.6346545,6.784483010617698,6.245582788625355
1758181709.727873,6.779268041365034,6.27512847929084
1758181709.8310905,6.772314269752501,6.314523268906068
1758181709.935535,6.763618724112793,6.3637605553014
1758181710.027067,6.758401761237397,6.393302789036486
1758181710.1269774,6.7497161604578935,6.442553151405574
1758181710.227869,6.741039115394168,6.49181447309481
1758181710.327055,6.734104652744876,6.531229959447328
1758181710.4272594,6.730636962527941,6.550936895542074
1758181710.5271816,6.723705990115182,6.590351030227525
1758181710.6282914,6.7167623645393775,6.629742487243294
1758181710.7284222,6.714191193059903,6.653169662517014
1758181710.826767,6.7160903258751965,6.665902202836089
1758181710.9276726,6.7261591540640495,6.667969467881912
1758181711.029865,6.736944803338349,6.66844739849601
1758181711.1285203,6.745039615459889,6.668298761541195
1758181711.2272482,6.753116269960285,6.667711225966014
1758181711.3270137,6.7638132477905515,6.6662515751674105
1758181711.4276958,6.771751750935291,6.664653797930996
1758181711.5268905,6.779592335819279,6.6626299248496945
1758181711.6271243,6.792005178460221,6.665715613797318
1758181711.729737,6.807437363690876,6.697549175059975
1758181711.8284905,6.821881272621199,6.735708794283216
1758181711.9314318,6.832720323711391,6.763693995541384
1758181712.0279803,6.843557924087708,6.791679744266732
1758181712.132236,6.861618534393332,6.83832576276712
1758181712.2273252,6.876068704838852,6.87562268051652
1758181712.328231,6.88690621195236,6.903595416658352
1758181712.427459,6.897743616412476,6.931568193879729
1758181712.5323052,6.912192379841748,6.96886966376932
1758181712.627512,6.92663726310031,7.006186842520253
1758181712.7350857,6.937470808547219,7.034169353806788
1758181712.8329825,6.955526065432231,7.080807103635348
1758181712.9274728,6.969969468450624,7.118117426207189
1758181713.0351102,6.980801573456216,7.146100640519968
1758181713.1380227,6.988525315875767,7.172284449490197
1758181713.2363317,6.985372995655865,7.182830686915727
1758181713.3285987,6.977463202884452,7.186922186428024
1758181713.4286017,6.969145423353007,7.190340256588268
1758181713.5277517,6.957758304561478,7.19412504620647
1758181713.6277595,6.94648895910534,7.196213954987282
1758181713.7308517,6.93669186942968,7.209977352381442
1758181713.828077,6.934868901718034,7.248964939714331
1758181713.927205,6.934337558281018,7.279349723808041
1758181714.0299733,6.933321410418277,7.329337741409679
1758181714.1271381,6.932305666459845,7.3793257879348415
1758181714.2274442,6.931696412225815,7.409318629603474
1758181714.3269534,6.930884295600247,7.449309099324741
1758181714.4280767,6.930072431472923,7.489299581823183
1758181714.527681,6.9292832443984205,7.529314843778801
1758181714.6343129,6.928677319676684,7.559307763175218
1758181714.7272332,6.927869640934401,7.599298322429023
1758181714.8272414,6.927264047399581,7.629291239836538
1758181714.9288843,6.926280095679334,7.67930522764295
1758181715.0344672,6.925884094588322,7.6993056691646125
1758181715.139588,6.925097040415598,7.739308394533048
1758181715.2300007,6.924314428350207,7.779318487621112
1758181715.328729,6.923732036879145,7.80933286086478
1758181715.4316266,6.923152343123911,7.839347278311433
1758181715.5311499,6.922186374225479,7.889362478805606
1758181715.6339798,6.9212073337638795,7.939351229168405
1758181715.7274287,6.920620105177072,7.969344492751147
1758181715.8278005,6.9198373594924085,8.009335527374938
1758181715.9277425,6.919054869859927,8.049326580046241
1758181716.0339983,6.9182726342290435,8.089317648182433
1758181716.1276112,6.917686123164699,8.119310957048596
1758181716.227908,6.917099753531363,8.149304270317995
1758181716.3274603,6.916521162758569,8.181517817080072
1758181716.4270213,6.910787710779588,8.189774968847296
1758181716.5304227,6.900300406012339,8.189264560769283
1758181716.635882,6.889667029936179,8.187527861430208
1758181716.7276292,6.879188734205799,8.185030993308045
1758181716.8268723,6.868918009019336,8.18177443287909
1758181716.9286869,6.861378565498089,8.178820078450926
1758181717.0271666,6.854009634749247,8.17546316314482
1758181717.127774,6.844486647235942,8.170378165802239
1758181717.2337248,6.83759804461662,8.166121996706543
1758181717.3294537,6.828789532913345,8.15988077715537
1758181717.427423,6.8224902897829525,8.15479278113768
1758181717.5270977,6.812630698193615,8.145581496827988
1758181717.6274192,6.807126506057394,8.139642157293986
1758181717.7271698,6.800301160873799,8.131277397844856
1758181717.831092,6.794095021053866,8.12244316551508
1758181717.9272525,6.778741529517816,8.123403629514739
1758181718.0306861,6.744379658947256,8.141764771448123
1758181718.1277475,6.718012809727007,8.156740796147622
1758181718.2395418,6.674628707045477,8.181621399134231
1758181718.3341222,6.648598838698696,8.196548705971088
1758181718.4271407,6.624792944618807,8.209315247104119
1758181718.528537,6.60804137603945,8.212691386132674
1758181718.6281645,6.600360825070606,8.201190121510255
1758181718.7273552,6.595001047451209,8.19087547612463
1758181718.8340328,6.5902558157925,8.180165169327136
1758181718.935846,6.586501173850647,8.169149607920469
1758181719.0272653,6.585135821222681,8.16103310303395
1758181719.127619,6.584210878546094,8.14757033429373
1758181719.2266235,6.582706260686607,8.13397506478017
1758181719.333815,6.55341530014319,8.125602445841768
1758181719.4273908,6.51235863308644,8.121905769570754
1758181719.527587,6.482485511937932,8.118882431392334
1758181719.6299138,6.432745415685683,8.113807506566111
1758181719.7312515,6.392953314888052,8.109747841615011
1758181719.8277562,6.363109227765751,8.10670325270396
1758181719.9273357,6.3432131648889944,8.104673602529724
1758181720.0271742,6.301515049557411,8.10276362293239
1758181720.1320891,6.294369091626848,8.111924225020797
1758181720.2272682,6.294428694269736,8.11741076311545
1758181720.3305595,6.2950309167499405,8.130870537476094
1758181720.4269927,6.296381102507304,8.141561095646406
1758181720.5276892,6.298498200641076,8.152123883721723
1758181720.6274276,6.300581634438704,8.159929047296885
1758181720.7276878,6.3028104805656415,8.170627853026431
1758181720.8305967,6.298962755690846,8.169833058763903
1758181720.9269,6.2943457260051145,8.163384613982698
1758181721.02738,6.288299468179055,8.149571477880334
1758181721.1287398,6.285209812974959,8.138425773436957
1758181721.2286687,6.283859158636154,8.130112108410199
1758181721.3278883,6.283538891402083,8.119320969530126
1758181721.4267507,6.284164146373569,8.105863869195142
1758181721.5320015,6.285534567684612,8.095174901660176
1758181721.6283348,6.288321594347961,8.08200263269751
1758181721.7284536,6.2913986137642555,8.0716808950014
1758181721.8346066,6.293590343960203,8.060914231047828
1758181721.9270082,6.268693144989788,8.043354641337215
1758181722.0269003,6.231292289637695,8.026130291870798
1758181722.1279776,6.1860210480470315,8.00491172690171
1758181722.227276,6.158859864281272,7.992176149950936
1758181722.3280032,6.113591146058818,7.970950356261509
1758181722.427452,6.08642986830991,7.958214978908158
1758181722.533834,6.050209229239535,7.941235425668448
1758181722.627266,6.013975051083019,7.924258091625212
1758181722.7269826,5.968699924486004,7.903035606821708
1758181722.8276742,5.925685336643292,7.883853120195198
1758181722.9268272,5.916125629496072,7.880801807243298
1758181723.0285578,5.9064788382803375,7.8868964023268715
1758181723.13083,5.902890494199335,7.897079012230625
1758181723.2328687,5.90004387250253,7.907493518956065
1758181723.3271296,5.897550805640989,7.920755391905282
1758181723.4270957,5.8962597463536,7.934187726124478
1758181723.527806,5.896086683352657,7.94497884325474
1758181723.627339,5.8966488206586565,7.95574384892451
1758181723.7281697,5.898436003807412,7.969091749152244
1758181723.8276536,5.900726595827579,7.979617688484869
1758181723.9341457,5.902965048116937,7.993089819560788
1758181724.027057,5.886118050230991,8.0053867905218
1758181724.1276758,5.838819380246406,8.024193894634076
1758181724.2270064,5.801688941763668,8.039066861928125
1758181724.3301954,5.764558394479832,8.053939496350168
1758181724.4325445,5.7274277834521605,8.068811955611947
1758181724.5295825,5.6810144352976835,8.0874022851423
1758181724.6351156,5.6438836920011335,8.10227435586062
1758181724.727938,5.61602901368666,8.113426503378557
1758181724.8293598,5.578897894610075,8.128297592451384
1758181724.9275107,5.532469796445483,8.146879855230939
1758181725.03194,5.504606874587736,8.15803010738893
1758181725.127808,5.458150811957605,8.176610602388076
1758181725.226883,5.420978100685692,8.191471100455423
1758181725.331073,5.383806423899511,8.20632988430054
1758181725.4293962,5.355932030639225,8.217471120546765
1758181725.5316882,5.3095012582891625,8.236042525613495
1758181725.634433,5.272364678011155,8.250900086400886
1758181725.7273166,5.2445121953698255,8.262043145800185
1758181725.829906,5.198091305276163,8.28061469742129
1758181725.9299824,5.152211316783936,8.298673010265782
1758181726.0418947,5.134906164370312,8.303426712598183
1758181726.134823,5.124721519965475,8.2975853352732
1758181726.226839,5.122386710455364,8.289831030382457
1758181726.327042,5.11993094558587,8.279317429291499
1758181726.4277947,5.096943718666231,8.274690921782366
1758181726.5279965,5.0665320019638225,8.278560107620288
1758181726.628863,5.026509229847328,8.283737022992131
1758181726.7278628,4.986882637497426,8.289197993013243
1758181726.833931,4.95714837164326,8.293284497430044
1758181726.9275644,4.907589926176084,8.300092311004487
1758181727.028483,4.8679406074684435,8.305536078021
1758181727.1281433,4.83820327199739,8.30961640923985
1758181727.230397,4.798562099766292,8.31505756492017
1758181727.3270314,4.758936108825035,8.320504490929514
1758181727.4279401,4.71931007060887,8.325951181606353
1758181727.545105,4.6796839851800085,8.331397636460709
1758181727.6276264,4.630151315888845,8.338205373300564
1758181727.7323012,4.590525135962472,8.34365129690794
1758181727.8276408,4.560797348711445,8.347730404956527
1758181727.9336185,4.531057553682024,8.351803793200135
1758181728.0267599,4.471577010092293,8.35994374154283
1758181728.1277213,4.441836286495017,8.364010245125144
1758181728.227156,4.402192465455014,8.3694339143865
1758181728.3277073,4.342749418033604,8.377576924923394
1758181728.4276972,4.303096012168399,8.382989125203004
1758181728.5288289,4.263445255988516,8.388401652727968
1758181728.6272364,4.213870614157579,8.39515230182509
1758181728.7304378,4.174214037109994,8.400553113840001
1758181728.8280213,4.1444909479383165,8.40461253714894
1758181728.928098,4.114767913702114,8.408671946227102
1758181729.0287547,4.075137159905519,8.41408428505019
1758181729.1275318,4.025598653359722,8.420849376626302
1758181729.2312071,3.9958755178742784,8.42490825434636
1758181729.3291743,3.9661523613664498,8.428966998891106
1758181729.427222,3.9265060046998177,8.434369532644299
1758181729.5270898,3.8769334086619494,8.44111306709054
1758181729.6277497,3.8471894506682505,8.445156101478588
1758181729.7270513,3.7976155388691555,8.451889363543776
1758181729.8293421,3.7480732159068673,8.458633215374917
1758181729.9278429,3.7183475993997637,8.4626789176772
1758181730.0281925,3.6890891314727305,8.466376350463316
1758181730.1274135,3.6664503701164364,8.46721376259298
1758181730.2284622,3.65638108479891,8.458399866563973
1758181730.3273876,3.6556702518655753,8.450103897505828
1758181730.4269443,3.6425166413061203,8.436787120796163
1758181730.533008,3.603703344439994,8.432673019632883
1758181730.630001,3.573486246552091,8.430496675772343
1758181730.729293,3.5336189918599525,8.427257393448635
1758181730.8277392,3.4837792461495187,8.423213879368031
1758181730.932602,3.44391186408239,8.41997605701942
1758181731.0268605,3.404044451906349,8.416738476515182
1758181731.1279008,3.354210146336232,8.412691844001412
1758181731.2269137,3.304375801213098,8.408645596183483
1758181731.3285663,3.2744751783161483,8.406218033267509
1758181731.4276364,3.224640786120989,8.402172405349575
1758181731.5285487,3.1847705634164045,8.398938290188948
1758181731.6271832,3.1448706360898866,8.395730552851584
1758181731.7278967,3.1149696598943044,8.39330762318291
1758181731.8289514,3.0651346878519243,8.389269716215013
1758181731.9271023,3.0252648549693317,8.386046731537236
1758181732.0272527,2.985396514437046,8.382817256302806
1758181732.1268146,2.955482647370278,8.380407064342695
1758181732.2285817,2.9056430659925727,8.376378848117707
1758181732.3281655,2.865758643418106,8.37316644474507
1758181732.4278255,2.8158914400055806,8.369156394183824
1758181732.535449,2.776017650829885,8.365940053598825
1758181732.626987,2.736148663630598,8.362721803562234
1758181732.7271526,2.6962796504642523,8.35950379976223
1758181732.8294728,2.6564106150982165,8.356286043667954
1758181732.9300869,2.6165415617335133,8.353068536015083
1758181733.0276647,2.5866397623144666,8.350655568243527
1758181733.127106,2.546770686513979,8.34743849436488
1758181733.2274606,2.5068717841235064,8.344243525712615
1758181733.3281746,2.466975421417232,8.341049603155199
1758181733.4291675,2.437064405074633,8.33865467866242
1758181733.5276878,2.387227216147058,8.334644221141952
1758181733.6274767,2.3473427202135033,8.331446679626092
1758181733.7296479,2.3174292031986856,8.329049192605039
1758181733.8273687,2.267591994131631,8.325045344643408
1758181733.9282901,2.227707740960945,8.321850995215383
1758181734.0273395,2.1878097946375,8.318664555011766
1758181734.1270726,2.147935390957209,8.315468472528103
1758181734.227898,2.1180324011818077,8.313070314527014
1758181734.328001,2.078161725151623,8.309872985908443
1758181734.429368,2.0482587028610837,8.30747515185513
1758181734.52772,2.008387989441757,8.304278257143226
1758181734.627103,1.9585495760912388,8.300282488272138
1758181734.728483,1.9186788323539676,8.297086151803192
1758181734.8549201,1.8887532685066082,8.294704519235527
1758181734.9329991,1.8289128475154532,8.289942064702291
1758181735.0272794,1.7890322338897142,8.286765859475773
1758181735.1290982,1.759128674050309,8.284375223100872
1758181735.227267,1.7192426456578713,8.281199434333702
1758181735.327872,1.6793529138467307,8.278028220239495
1758181735.432671,1.6394812259180707,8.274844516505633
1758181735.5282109,1.5995976704055623,8.271670190879714
1758181735.6307075,1.579647903349802,8.270087177354416
1758181735.72705,1.5198229755591397,8.265329458697561
1758181735.8267267,1.4699825499595052,8.261358877917523
1758181735.9276347,1.440078275732107,8.258976714535935
1758181736.0300102,1.410173989336345,8.256594690702718
1758181736.127704,1.3603334898100221,8.252624961851513
1758181736.2276332,1.3104929691475318,8.248655621148993
1758181736.3346786,1.2805864585758846,8.246276168115331
1758181736.4278994,1.250651084346759,8.243917114836593
1758181736.5276103,1.2107547627328725,8.240763159937309
1758181736.6273036,1.1708729539626186,8.237608056551093
1758181736.7289672,1.1309998670300963,8.234441536624121
1758181736.831724,1.0911121247021678,8.231286702808697
1758181736.9272532,1.0512279602414405,8.228131596401738
1758181737.0267355,1.01135461692608,8.224968254681167
1758181737.1275969,0.9814389517784369,8.222603940583049
1758181737.2301311,0.9415377283595038,8.219459091760724
1758181737.335167,0.9116239913897105,8.217096003124688
1758181737.4270499,0.878054887316382,8.215610688836701
1758181737.5304508,0.86277035829422,8.211487489284595
1758181737.6277792,0.8626081776351839,8.198551640764261
1758181737.73328,0.8650788455062628,8.188038594231182
1758181737.828175,0.8682937576831615,8.1777324134996
1758181737.927109,0.8711870159705003,8.17016925877379
1758181738.0269578,0.8769020600727827,8.157946239849254
1758181738.128815,0.8808505700783587,8.15087656923489
1758181738.2279472,0.8882603300413264,8.139600060608672
1758181738.3274002,0.8931824448059784,8.133170021518918
1758181738.427586,0.9002713769471746,8.12502744059098
1758181738.526719,0.9079277963232917,8.11741571364457
1758181738.6274927,0.9140188025205638,8.112079128105316
1758181738.7272942,0.9225713509111493,8.10548955744546
1758181738.8278239,0.9292849406806979,8.100960491439348
1758181738.9270802,0.9353429527695689,8.095243521058597
1758181739.026819,0.9216019219983657,8.056963774138692
1758181739.1270885,0.9077375757305589,8.029405479127933
1758181739.227788,0.8940276021209093,8.002709122363628
1758181739.3269703,0.8711696628718175,7.958214781250935
1758181739.427299,0.8528895711009333,7.922621128956431
1758181739.5286944,0.8346109279506118,7.887034563830169
1758181739.628869,0.8163314101385968,7.851457596222663
1758181739.7274773,0.7980520270100069,7.8158805430513505
1758181739.8267388,0.7876200345933706,7.791149283471822
1758181739.9389095,0.7901273600454529,7.781033524346205
1758181740.0276859,0.8002268337594916,7.7750411816547915
1758181740.1269412,0.8132826938947645,7.769698287297557
1758181740.228168,0.821650674100289,7.766310128385855
1758181740.3273463,0.8360846904785268,7.761657136831839
1758181740.4269874,0.847922073609958,7.758984000990483
1758181740.5269992,0.859764445758899,7.757449946051292
1758181740.6280758,0.8703442345019312,7.7358866980909955
1758181740.7277918,0.8737912549810458,7.705394108269099
1758181740.8273962,0.8794151222742116,7.655587225906707
1758181740.9281898,0.8840199145985836,7.6158545937421565
1758181741.0318248,0.888624464118744,7.576121928835009
1758181741.130617,0.8920777181632821,7.546322407875721
1758181741.2318587,0.8966704478368038,7.506581428534389
1758181741.3273783,0.9012517527319099,7.466833212481019
1758181741.4352124,0.9058292652100483,7.427082491426506
1758181741.5270433,0.9115723997007605,7.377415172233789
1758181741.6292343,0.9161666309372613,7.337681284778773
1758181741.7280557,0.9196121555052286,7.307880851562196
1758181741.8295515,0.9242059899359071,7.2681469191998405
1758181741.9271104,0.9276346469201955,7.23832654788242
1758181742.027718,0.9333591663936337,7.18863922345828
1758181742.1278553,0.9379323465544767,7.148878890935739
1758181742.2353253,0.9413590596572246,7.1190569781084365
1758181742.327066,0.9447832731750695,7.089234740162261
1758181742.4276166,0.9504875869551279,7.039535595464901
1758181742.5271533,0.9558639991857292,6.990434307523589
1758181742.630586,0.9565747327883423,6.9716371214303665
1758181742.727434,0.9524688047020174,6.961386063458269
1758181742.8301508,0.9392234531088962,6.960465182893372
1758181742.9268396,0.9280338439439829,6.9616258422150885
1758181743.0291562,0.9199964997091501,6.962484916302091
1758181743.1271095,0.9136860638467136,6.95655691808379
1758181743.227331,0.902282434623018,6.9120806446613825
1758181743.3327997,0.8949149949037883,6.87240103601135
1758181743.4283948,0.8892068008288141,6.842933616640602
1758181743.528468,0.8816019065680011,6.803641875034913
1758181743.629521,0.8739953406268257,6.764351510319223
1758181743.72722,0.8663923042241538,6.725060476469502
1758181743.8266766,0.8568813978920948,6.675973273752328
1758181743.9280777,0.8492722620110926,6.6367051981504845
1758181744.0272787,0.8397613239181325,6.587619396132044
1758181744.1271381,0.8340691945550555,6.55814093713007
1758181744.2277498,0.8264708277812037,6.518859223684948
1758181744.3283322,0.8188736263211615,6.479577478411644
1758181744.4338262,0.8131776924650198,6.450115926499142
1758181744.5296915,0.8036919381442418,6.400991921284083
1758181744.6310668,0.7961050777193389,6.361695506308454
1758181744.7287242,0.7866246953859062,6.312579468594001
1758181744.82808,0.7828294967831612,6.292943602552374
1758181744.9283707,0.7752392810403531,6.253671840000956
1758181745.028003,0.7676584470043875,6.214384773003972
1758181745.1286757,0.7600844389135044,6.1750829665515035
1758181745.233473,0.7525102457970794,6.135786328542141
1758181745.328775,0.7449378331448588,6.096493912654494
1758181745.4270952,0.7373597834883127,6.057219800043638
1758181745.5351627,0.7297819766623003,6.017945665446644
1758181745.6269772,0.7240987734352562,5.98849003101091
1758181745.731984,0.7165332105516381,5.949192962022102
1758181745.828533,0.7089665830218733,5.909903804014716
1758181745.928536,0.7032919018953869,5.880437982813861
1758181746.0272179,0.6982284688358071,5.839046291381824
1758181746.1267118,0.7071111439407823,5.829260105499109
1758181746.2272604,0.7153938932251237,5.828098276408408
1758181746.327529,0.7261863017430145,5.827840746045918
1758181746.4269042,0.7369701310835721,5.828361725764502
1758181746.5286179,0.7477232463968332,5.807524095196925
1758181746.627231,0.7530804964868186,5.76692942139714
1758181746.7327437,0.7571730911138359,5.73711681222395
1758181746.827624,0.7640392316123924,5.68758903265828
1758181746.9342535,0.7681601716338914,5.657874509037895
1758181747.031132,0.7722809791368531,5.628159963425245
1758181747.1270957,0.7764003914331072,5.598444451359233
1758181747.2292473,0.7846047023377406,5.538987678228866
1758181747.3276129,0.7887052520783698,5.5092579838662425
1758181747.429218,0.7914451570677162,5.4894456377138425
1758181747.5280743,0.798300117200128,5.439919556041224
1758181747.6276495,0.803783834867384,5.400298653165034
1758181747.7298887,0.8092673310338305,5.360677720292562
1758181747.8269207,0.8133775404537672,5.330958418994366
1758181747.929713,0.818847346940834,5.291321512578987
1758181748.0279074,0.8229505898951243,5.261593106117348
1758181748.1269474,0.8256829254358946,5.241768779309429
1758181748.227988,0.8325091017094609,5.192207070013518
1758181748.3273304,0.8393285619845026,5.142644413116596
1758181748.430234,0.8434185051865533,5.112909147489799
1758181748.5276947,0.8488806056579673,5.0732852896320155
1758181748.6272802,0.8557078178526898,5.023755410663714
1758181748.7273664,0.8598039685321824,4.99403745397128
1758181748.827998,0.8666143138305522,4.94449523265115
1758181748.927151,0.8693345606480065,4.924675852077583
1758181749.0275338,0.8747695632716649,4.885032478520283
1758181749.127828,0.8802223152115501,4.845407286982884
1758181749.229153,0.8843116441259302,4.815688372963724
1758181749.3279393,0.8897638881148021,4.77606312581522
1758181749.4268587,0.8952159104507632,4.736437848957817
1758181749.528366,0.899299521980727,4.7067129451533845
1758181749.6277132,0.9024208857273043,4.673285572755578
1758181749.7298207,0.9015753608421381,4.662476989187598
1758181749.8271837,0.8932597583892841,4.658112341780911
1758181749.9303038,0.887867766317616,4.657860584447443
1758181750.0277896,0.8743869870343111,4.658037911858231
1758181750.126889,0.8663310956703868,4.658711034049074
1758181750.227251,0.8583252704244803,4.65981795113483
1758181750.3278098,0.8447031274676542,4.660865396310686
1758181750.4293828,0.8372331207116017,4.650690722029819
1758181750.527996,0.8221486368322108,4.60378081880841
1758181750.6280794,0.8076226912665647,4.555898036703932
1758181750.727333,0.7960007260955186,4.517603202763533
1758181750.8308032,0.7843822096339108,4.479307313150921
1758181750.9288704,0.7727671233872748,4.441010393799336
1758181751.0282307,0.761155442616532,4.402712480336333
1758181751.131171,0.7495447959579012,4.3644214282876606
1758181751.2270916,0.7379311352704444,4.326146150846292
1758181751.3279326,0.7263201024340462,4.287862321125944
1758181751.4274843,0.7118148757428499,4.239974453929202
1758181751.532816,0.7002174004931859,4.201651776684749
1758181751.6277113,0.6915203930633421,4.172912300251042
1758181751.727073,0.6775190501681793,4.12557711735011
1758181751.8268516,0.6740480374162954,4.1042612895081145
1758181751.9288578,0.6801411080933779,4.0959538695442035
1758181752.031759,0.6883656842386205,4.09337795219106
1758181752.1302483,0.6991574781678361,4.091575325566444
1758181752.2273068,0.7126281405949411,4.090777571967351
1758181752.328624,0.7234114939318598,4.09097287073192
1758181752.4279075,0.7341466491244553,4.091928873180656
1758181752.5269773,0.7488345591529864,4.072142997089244
1758181752.628832,0.7550193240398294,4.042125895803085
1758181752.728744,0.7627008698288357,4.0023857058158425
1758181752.8269262,0.7706818636911852,3.963191521716923
1758181752.9294145,0.7786547240206145,3.9239793235839353
1758181753.0526104,0.7846299201071504,3.89456360888655
1758181753.1292484,0.7906028303731735,3.8651473658141757
1758181753.2315276,0.7985632343807852,3.82592503136345
1758181753.3358362,0.8065277497135612,3.7867206316301933
1758181753.4281619,0.8125027723525298,3.757322824978104
1758181753.5277987,0.8204692767019598,3.718125703592783
1758181753.6269245,0.8284355640080758,3.6789285288906517
1758181753.727671,0.8344101391354894,3.649530612928896
1758181753.827647,0.8423760548985366,3.6103333461239644
1758181753.9269001,0.8483503550784328,3.5809353631722405
1758181754.027846,0.8583072646941164,3.5319386663554195
1758181754.1317973,0.8662715006315205,3.492739492844267
1758181754.2270443,0.8742358552796186,3.4535408456666348
1758181754.3281412,0.882194161337588,3.4143335453195274
1758181754.427248,0.8901570407066399,3.375134452928038
1758181754.5300965,0.8981120824499476,3.335920130027473
1758181754.6271172,0.90255344583773,3.3091431680127363
1758181754.727211,0.907878137029719,3.2900217228513338
1758181754.8296719,0.9173467848422652,3.289786438866628
1758181754.9281504,0.9275768372203843,3.293235173834015
1758181755.027135,0.9350719380111232,3.2962998689528313
1758181755.1274223,0.9447873256507135,3.301006647018976
1758181755.2280962,0.956414269106315,3.3078524478751183
1758181755.3281796,0.9630783597873557,3.312452063967396
1758181755.4275348,0.9715593845420476,3.319131460566149
1758181755.5268826,0.9814494169299863,3.3283099970895904
1758181755.6282537,0.9887425232996798,3.3362699774663493
1758181755.7279012,0.9938262784503807,3.3425731695432845
1758181755.8277085,0.9985625444605432,3.3491416511232153
1758181755.931568,1.0043132810526207,3.358279119694596
1758181756.041192,1.008186789586253,3.3653909460599882
1758181756.1281354,1.011670867778769,3.372701550510381
1758181756.2266378,1.0156930949345941,3.3827212951715326
1758181756.327429,1.0199449237585527,3.389884058306265
1758181756.427571,1.0603041860431885,3.384856952139671
1758181756.5291882,1.0805395057245373,3.3800385515842444
1758181756.6284497,1.1096247436505402,3.3725194516510495
1758181756.7279036,1.148343923938566,3.3624841803365304
1758181756.8304386,1.1870631580611946,3.3524491235600298
1758181756.9292557,1.2195714191002882,3.3457680604533433
1758181757.0278783,1.2300448894612508,3.3419670978808815
1758181757.1270208,1.2280367832523138,3.3323978713650413
1758181757.2271638,1.2250326449972744,3.324878257000843
1758181757.3278468,1.2204046053863338,3.315124771793397
1758181757.4277627,1.2150870092665447,3.3057294791414145
1758181757.5276988,1.2091073848813143,3.2967409915872223
1758181757.6318164,1.2024966694559907,3.2882058184515914
1758181757.731013,1.195289054012227,3.280168135370219
1758181757.8283906,1.1854972133445443,3.2708837757148816
1758181757.927477,1.1770872777817964,3.2641133976079386
1758181758.0280602,1.1682119214064486,3.257965371587136
1758181758.1349435,1.1612775478395945,3.2537820961265345
1758181758.226998,1.1516996858339292,3.248797956784492
1758181758.3343217,1.1417880046722375,3.244515701839622
1758181758.451597,1.1337865492730599,3.2345353488391
1758181758.5280795,1.1379537182816444,3.209785017319401
1758181758.6269996,1.151700396069965,3.1604620330950564
1758181758.7274365,1.1627368034713383,3.122016362480059
1758181758.8279288,1.1710137468891038,3.0931819725921463
1758181758.9284062,1.1820495018124275,3.054736061946384
1758181759.0274944,1.1930850654834906,3.0162900903786496
1758181759.1269436,1.2013616137520797,2.987455574948136
1758181759.2272005,1.2096380556161481,2.95862103037784
1758181759.327367,1.2206731457198707,2.9201749286951415
1758181759.4273112,1.2289493385200918,2.891340322418512
1758181759.5284166,1.239978879022269,2.852883947204843
1758181759.6279116,1.251004070622157,2.8144227937564557
1758181759.7277684,1.2620301407212446,2.7759680332617833
1758181759.829171,1.2730512021544151,2.737498017507038
1758181759.933021,1.2813151847932434,2.7086430720865953
1758181760.027446,1.2895772132370922,2.679787676362419
1758181760.128397,1.3033422444975353,2.6317047217876914
1758181760.227706,1.3125967298781682,2.5956858198749866
1758181760.3322012,1.3134177742647615,2.579674257344347
1758181760.4278758,1.3046181280955833,2.5754893529206986
1758181760.5323377,1.2939659445030902,2.5737293707735454
1758181760.6283634,1.2859087396527156,2.572914906861221
1758181760.7273755,1.2778193071332753,2.5725365142355745
1758181760.8286772,1.2670340610838686,2.57267555993289
1758181760.927914,1.2536217353482006,2.573915260572772
1758181761.027431,1.2456494081850513,2.5752367197571675
1758181761.1339598,1.2351549026606603,2.577665069099842
1758181761.2269797,1.2227937484133524,2.574388614035244
1758181761.3270528,1.2077685627150323,2.5423775227756487
1758181761.4278598,1.1972749454040037,2.5132185461377015
1758181761.5274484,1.1867795112297934,2.4850982994980626
1758181761.6285622,1.1727877122217218,2.447589990845649
1758181761.7294576,1.1518037954364193,2.3913299754128783
1758181761.8282216,1.1413148176509178,2.3632098158740384
1758181761.9270718,1.1273293875662147,2.3257284985911153
1758181762.029849,1.1098441361335376,2.2788877160544154
1758181762.1292806,1.0993531198149935,2.2507831861892966
1758181762.2269711,1.088862202652022,2.2226786112109793
1758181762.3292572,1.0796337430702407,2.1939298676409993
1758181762.4277072,1.0722793939254547,2.193048966140171
1758181762.5268614,1.0602588134204234,2.199176611230748
1758181762.6339881,1.055615027069292,2.2019296559058867
1758181762.7271447,1.0488426282969987,2.2063680337246367
1758181762.82845,1.0402040153654244,2.2128419283456213
1758181762.9286702,1.0340429323168456,2.2180960725828056
1758181763.0320935,1.0173702543867753,2.2152691442544974
1758181763.130115,0.9810874904987563,2.182017839165224
1758181763.226896,0.959381467457416,2.161195153356323
1758181763.3279939,0.937733614194692,2.1404276356712093
1758181763.4274812,0.9088698151281528,2.1127376070311876
1758181763.5283082,0.872790078331178,2.078125067922629
1758181763.6283896,0.8511422441006128,2.057357545352029
1758181763.7275338,0.8294944160399825,2.0365900250617757
1758181763.8268855,0.7939415863405487,2.0024891023713836
1758181763.9269454,0.7763428535337833,1.9898461965569012
1758181764.0272093,0.7688371427200649,1.9965607465605266
1758181764.1330075,0.7623644553831591,2.005201222238646
1758181764.2275355,0.7565299259071135,2.014285051340124
1758181764.331994,0.7501799446090831,2.0261914556437093
1758181764.4355173,0.7468929298881206,2.0335925700723454
1758181764.5299647,0.7449255996965544,2.038620602841773
1758181764.62799,0.7415399350569829,2.048872780196256
1758181764.7270844,0.7389005194181264,2.059342000132815
1758181764.8318217,0.7303305345579616,2.068838076424791
1758181764.9271827,0.7149675517514439,2.0696920984515534
1758181765.0268652,0.6642755755514476,2.0642698271701074
1758181765.1303248,0.6344768140177681,2.0607253701299584
1758181765.2272608,0.6046885578567922,2.0571758943608387
1758181765.329776,0.5749002868300854,2.0536265531089186
1758181765.4289563,0.535182572240361,2.0488943072804457
1758181765.534252,0.495464838327207,2.044162299742329
1758181765.6307263,0.455747087544179,2.039430528916513
1758181765.727581,0.4259587639080757,2.0358818548357895
1758181765.8332212,0.3862387897058192,2.0311563736702634
1758181765.92705,0.34650769376235385,2.026441826941788
1758181766.0272045,0.3167166857468652,2.0229014600384962
1758181766.133104,0.2769863781164363,2.018181271516586
1758181766.2271183,0.2372363440985499,2.0134733530789872
1758181766.327538,0.19749003158846407,2.0087662543633114
1758181766.4277556,0.1676799671190808,2.005238776746889
1758181766.52726,0.1378703356779316,2.0017133404192333
1758181766.6299822,0.10808018700384926,1.998179704489651
1758181766.7291017,0.06835994888099928,1.9934687264474495
1758181766.8270798,0.018709601574554455,1.9875803356793738
1758181766.9293041,-0.02101071115750232,1.9828698902539785
1758181767.0280585,-0.05080096306778184,1.9793372126248525
1758181767.1276941,-0.08059122776276255,1.9758046691566888
1758181767.2272022,-0.10872818930237761,1.9741508427578136
1758181767.3277853,-0.1171744333525962,1.9765559489169406
1758181767.4270284,-0.1195354683613258,1.9889578407231305
1758181767.5272229,-0.11951116283638974,1.9943529024937925
1758181767.6274426,-0.11912808031762682,2.002430152993045
1758181767.7287176,-0.11830966027198242,2.0104719450133515
1758181767.829241,-0.11654569095197201,2.0211001038685863
1758181767.9431038,-0.1140220738269694,2.031571202834622
1758181768.0273273,-0.1107498824269707,2.0418314151590065
1758181768.1355226,-0.10561858104870664,2.054281084044581
1758181768.2295713,-0.10198018591077945,2.06151531313919
1758181768.3272314,-0.110202016968267,2.074517005265024
1758181768.4359212,-0.1429021694235276,2.095684147584816
1758181768.5270395,-0.17736056071112696,2.1165681093520012
1758181768.6272514,-0.21152805184206186,2.1373920480355886
1758181768.7321036,-0.23715443435692674,2.1530086967220456
1758181768.8305383,-0.27132331927185044,2.17382909121408
1758181768.9305363,-0.305476116592262,2.194648434638625
1758181769.0272667,-0.3476102592688517,2.2201359122696966
1758181769.1270602,-0.3627278417876766,2.2281778447156118
1758181769.2277865,-0.3657132244124996,2.234731852369906
1758181769.32717,-0.35989578729596977,2.243537982228547
1758181769.4308445,-0.3530060243390519,2.251849602239824
1758181769.5272596,-0.34553615138811067,2.25964423766062
1758181769.6277258,-0.3395761833518398,2.2651265521877226
1758181769.7290175,-0.32901343367269126,2.2735239296472893
1758181769.827696,-0.3223281828212376,2.2780945059682356
1758181769.927759,-0.31066928542498456,2.284889549798716
1758181770.0279982,-0.30093158051978885,2.2895537387512324
1758181770.1275048,-0.29088349922537476,2.293505351855138
1758181770.2370017,-0.28963140381433605,2.316920119182355
1758181770.3333468,-0.29509878531501615,2.3362742307364885
1758181770.427256,-0.3088727835434591,2.385284067780769
1758181770.5275884,-0.3227789565496148,2.4333576508442594
1758181770.6274529,-0.33112571504643246,2.462183787427717
1758181770.7295134,-0.3450381307406106,2.510222193493633
1758181770.828254,-0.35617272781425774,2.5486395258805055
1758181770.9277487,-0.3673046604178275,2.5870626387347544
1758181771.0307531,-0.3756549936148727,2.615875820523849
1758181771.1270318,-0.38122181653031517,2.6350846326168162
1758181771.2338781,-0.3915891515317728,2.677111362071103
1758181771.3297217,-0.3899745576127956,2.688866646741972
1758181771.4329588,-0.37992207759339963,2.691712292031455
1758181771.5294094,-0.3719238541623908,2.6929811041263663
1758181771.6340265,-0.3638687737150509,2.6938163744087418
1758181771.7334285,-0.3530808687959418,2.6942516309597453
1758181771.8274028,-0.34421525977077255,2.7159588936347876
1758181771.9275372,-0.3426975461804291,2.746593529842969
1758181772.035215,-0.340901097498191,2.78692105147944
1758181772.1274505,-0.338915192066459,2.826870417027618
1758181772.2273595,-0.3369295509093878,2.8668198002840795
1758181772.3317087,-0.3354404943908068,2.8967818480870386
1758181772.4410381,-0.33395158779196843,2.926743903382297
1758181772.5270045,-0.3319666121695828,2.9666933200360663
1758181772.640376,-0.32948821039697956,3.016632330025094
1758181772.733886,-0.3275042498706598,3.0565817825460564
1758181772.8334107,-0.3260164486728887,3.0865438744385356
1758181772.9311733,-0.32403293893375756,3.126493337427917
1758181773.0315306,-0.3220496838568254,3.166442809789739
1758181773.1287544,-0.31957618906283325,3.216384843212651
1758181773.2273781,-0.3181026261550889,3.246364260443176
1758181773.3293445,-0.31663202144072866,3.2763426338199753
1758181773.432182,-0.3146767829387097,3.3163098332523466
1758181773.5316317,-0.31222944302021877,3.3662809846129274
1758181773.627974,-0.31075413928642026,3.3962465913874267
1758181773.727491,-0.3087852020118472,3.43619681622158
1758181773.826954,-0.3068164968993161,3.476147036543492
1758181773.930976,-0.304848056893307,3.516097273525842
1758181774.0283782,-0.3028798833195332,3.556047524263361
1758181774.1268363,-0.3015348964050428,3.593457871710332
1758181774.2295594,-0.30178121387585827,3.6081849279985483
1758181774.3415782,-0.3101854581909156,3.618290584929679
1758181774.4271927,-0.3157504143733592,3.6185443820848326
1758181774.5342944,-0.3303393299871501,3.619025192519506
1758181774.6274168,-0.33881398633768817,3.618275625773247
1758181774.7316136,-0.3474086095627481,3.6172812846169284
1758181774.8271275,-0.3621639674955135,3.636307446532907
1758181774.9271588,-0.3748260101350651,3.6749734295230487
1758181775.0295877,-0.3873589011677863,3.71298753759426
1758181775.1273263,-0.3999039196338347,3.7509677011452633
1758181775.228785,-0.4093074359175955,3.77946872232798
1758181775.3293989,-0.41870930171940274,3.807958924243777
1758181775.4287164,-0.43124635498802316,3.8459539038546526
1758181775.5318086,-0.44378750294087954,3.88393531419975
1758181775.6281273,-0.4531932388331591,3.9124214188959603
1758181775.7360384,-0.4657340589295608,3.9504029561751075
1758181775.8324385,-0.4751395550626043,3.9788891586949253
1758181775.9305854,-0.4876800599591672,4.016870828773277
1758181776.0290265,-0.5002203871622162,4.054852574049722
1758181776.130742,-0.5127605371283723,4.092834391463114
1758181776.2277257,-0.5221655330909462,4.121320799050695
1758181776.3312232,-0.5309571211983038,4.153152489471365
1758181776.4283197,-0.5358446922665369,4.162776369997701
1758181776.5301018,-0.5452238655958637,4.16269743023079
1758181776.6416624,-0.5525979015141577,4.159352433051207
1758181776.7309482,-0.5621289882823599,4.15428269228876
1758181776.829143,-0.5712706705136215,4.14854055812823
1758181776.9278688,-0.5820783453618663,4.140462939538404
1758181777.0301125,-0.5861906441684639,4.136965155297935
1758181777.1277754,-0.5958979188383842,4.127593420137311
1758181777.2305143,-0.6047239370941994,4.117387012199163
1758181777.327835,-0.6199251820565947,4.1197479332949305
1758181777.4284592,-0.6609040727981379,4.147024796520112
1758181777.5271406,-0.7018997632393095,4.1758152342733785
1758181777.6285007,-0.7346458382635422,4.1988223839890955
1758181777.7294855,-0.7510225529015282,4.210325898409698
1758181777.8302238,-0.7837492694275355,4.233322071681153
1758181777.9272623,-0.8246576874223969,4.262067166884473
1758181778.0306935,-0.8486734786547738,4.2787991582829195
1758181778.1277378,-0.8633542081336263,4.287521967956419
1758181778.2271948,-0.872560273289202,4.285466925238969
1758181778.328874,-0.8792860841791458,4.273770191885452
1758181778.4271154,-0.8849321628519745,4.2615142997921795
1758181778.5280898,-0.8877827420440754,4.25393437415298
1758181778.6296215,-0.8909394533973548,4.24360944586305
1758181778.7272134,-0.8999711017398013,4.234551238288898
1758181778.8267336,-0.9352079215863193,4.23769347148983
1758181778.9279306,-0.9755471634348104,4.2440894973553664
1758181779.028312,-1.0150056851444405,4.25078444006951
1758181779.135414,-1.0445999932975762,4.255803305011971
1758181779.2275345,-1.0741946602758519,4.260819942042159
1758181779.331535,-1.1136414026709605,4.267511281043314
1758181779.4283197,-1.1530755903016172,4.274206810467375
1758181779.5295377,-1.191922946658355,4.280494246217537
1758181779.6312594,-1.2137363955271046,4.281085836949191
1758181779.7273448,-1.2186923830972771,4.284782283135692
1758181779.827935,-1.2175165966961188,4.292203724289162
1758181779.9297826,-1.2160222022421687,4.297391638634291
1758181780.0292792,-1.211478418297201,4.31009678167733
1758181780.1300204,-1.207032485776901,4.3199345908401385
1758181780.227037,-1.2004992217176103,4.331740457910795
1758181780.327136,-1.1945249065074552,4.3407324752859315
1758181780.4278493,-1.186173080877512,4.351330326728171
1758181780.53289,-1.1801049556800791,4.360499179047413
1758181780.6375055,-1.1851218928235216,4.372052482215269
1758181780.7277784,-1.2177848888856346,4.4088234119752485
1758181780.8294957,-1.2450933858514002,4.438182497156144
1758181780.9267483,-1.27914955393823,4.474787830423878
1758181781.0268016,-1.3132056827795497,4.511393193515113
1758181781.1270714,-1.3336393433605893,4.533356423115636
1758181781.2271936,-1.3540810075840581,4.555337642681812
1758181781.3272777,-1.3881391868176611,4.591958065188768
1758181781.4283197,-1.4085741559551412,4.6139318391562405
1758181781.5277565,-1.4426274839707292,4.650541921079844
1758181781.6274016,-1.4766863076627603,4.687154265960576
1758181781.7278192,-1.4971254021485438,4.709127530972013
1758181781.8291526,-1.515385086409807,4.731132618643675
1758181781.9272559,-1.5107562892108413,4.739240169811254
1758181782.0281563,-1.5043303573358409,4.74416801187643
1758181782.1345112,-1.49536650555687,4.750185606711199
1758181782.227898,-1.4883720451250544,4.75426708208988
1758181782.3269193,-1.476257888445591,4.760212169500641
1758181782.4280045,-1.468749909827537,4.763247810564622
1758181782.528072,-1.4585052156099905,4.766656750979074
1758181782.627867,-1.448041817892417,4.769319875944643
1758181782.7281837,-1.4374139882199153,4.771223366811991
1758181782.8272378,-1.4266768393854619,4.772357358807175
1758181782.930205,-1.421284651580977,4.772633803075735
1758181783.0400991,-1.4126687668612226,4.804367474869467
1758181783.144306,-1.4121728206594246,4.835632446907699
1758181783.2330716,-1.4111277434190104,4.885634370460338
1758181783.3284552,-1.410277957283223,4.925624078974007
1758181783.428216,-1.4094284412264286,4.965613798249008
1758181783.5320048,-1.4087914822220027,4.995606092246867
1758181783.6267254,-1.4077313246956367,5.045595919986409
1758181783.7275035,-1.4071097567471038,5.075607507335333
1758181783.8279557,-1.4062832611593528,5.115625329169648
1758181783.9275723,-1.405461423077972,5.1556432348088475
1758181784.0348911,-1.404644219154341,5.195661204622596
1758181784.1274397,-1.4040270979580345,5.225663188554958
1758181784.2289402,-1.403405083869204,5.2556557548643905
1758181784.3273604,-1.4026916434114178,5.295055340835263
1758181784.4270706,-1.4026746144549915,5.309360829255537
1758181784.5282562,-1.4000589727423047,5.32286913811005
1758181784.6306238,-1.3908157655711852,5.324578022557394
1758181784.7278006,-1.38012123375338,5.323100516881636
1758181784.8275924,-1.372185398734696,5.321489483093191
1758181784.9272633,-1.3669482193687446,5.320178488147671
1758181785.028837,-1.356632442663962,5.316995568127862
1758181785.134119,-1.346572490364552,5.313078914581532
1758181785.227821,-1.3297627365591838,5.329426955538773
1758181785.3297594,-1.3116303257293054,5.3660550583687705
1758181785.4301643,-1.2937974636996337,5.401989538440843
1758181785.5281074,-1.2715290462444986,5.446782329120349
1758181785.6274462,-1.258168935311395,5.473664953225948
1758181785.727263,-1.2359054747388476,5.518474828699612
1758181785.826747,-1.2272496200577285,5.539451048161915
1758181785.9280465,-1.2189623149867417,5.547294065509386
1758181786.0271606,-1.2098899770361344,5.542478267017568
1758181786.127901,-1.2010026057386063,5.53635038268848
1758181786.2280056,-1.1925789675843539,5.5295991478701065
1758181786.3377233,-1.1846626626804793,5.522259457888447
1758181786.427268,-1.1809076730605486,5.51838068778583
1758181786.534868,-1.1721515697622544,5.508114793663854
1758181786.6286187,-1.1673534243920431,5.501591770340438
1758181786.7280695,-1.1615165441780049,5.49250959603226
1758181786.8281047,-1.1551634960366957,5.480604970329636
1758181786.9293303,-1.1508676709144312,5.470699902504082
1758181787.0334446,-1.148119607453812,5.463082209370833
1758181787.12696,-1.1451025266103838,5.4527156805950865
1758181787.2267585,-1.1433335348719789,5.444812987061386
1758181787.3267045,-1.1413408059098704,5.431466768710746
1758181787.4300256,-1.1389251518482688,5.423494194448054
1758181787.5329025,-1.1186340635208127,5.418610372492717
1758181787.6295683,-1.0879438024327526,5.4187630979237715
1758181787.7298424,-1.0474411533175283,5.419165400149752
1758181787.832358,-1.0074452565102743,5.419640154465868
1758181787.9276166,-0.9774483342981507,5.4199960440239305
1758181788.0284736,-0.937452439267242,5.420470329906301
1758181788.1270397,-0.8874580548779744,5.421062244432838
1758181788.228437,-0.8474432315805822,5.421508458171385
1758181788.3267443,-0.8174462662902845,5.421860171077767
1758181788.427328,-0.7874493078313146,5.422211713790033
1758181788.5272098,-0.7474533615177132,5.422680215151038
1758181788.6269717,-0.7174472442064516,5.4230179523051
1758181788.727321,-0.6892175870173686,5.423139436294019
1758181788.8278506,-0.6768342770405832,5.429254167399339
1758181788.927294,-0.6768955654302469,5.437033430047703
1758181789.026814,-0.677918871065792,5.445051138698116
1758181789.1269615,-0.6805803422840988,5.458249785657816
1758181789.230285,-0.6835588953251407,5.468600690209837
1758181789.3303607,-0.6873039811456868,5.478712596462621
1758181789.4272575,-0.6906024876833977,5.4861080265341275
1758181789.5268214,-0.6969709479430305,5.498003740585289
1758181789.631901,-0.7028196407382361,5.507078037684223
1758181789.7271204,-0.7059851090972435,5.51145148093753
1758181789.8303044,-0.7110232708460525,5.517791046951549
1758181789.9284275,-0.7201566267715175,5.527723635888403
1758181790.028271,-0.7280833620076719,5.535053577698966
1758181790.1311948,-0.7343634204001286,5.540166453207306
1758181790.2277472,-0.7431487370548674,5.5464424823688
1758181790.3281891,-0.7547279611731239,5.553372597589911
1758181790.4276638,-0.7644108763223492,5.558149661485477
1758181790.5297284,-0.7744124306358334,5.562217800171064
1758181790.6295009,-0.776919007525605,5.5773956442183135
1758181790.7271466,-0.7667873435682149,5.615043096319193
1758181790.8278654,-0.7553447150282905,5.6536993009488885
1758181790.926845,-0.7466530828102885,5.682439175751777
1758181791.0279703,-0.7350673742037939,5.720762231992566
1758181791.1279922,-0.7234838801799519,5.759078846377953
1758181791.2288165,-0.7118998230257804,5.797385608378148
1758181791.328735,-0.700310484198231,5.835668251315255
1758181791.4317372,-0.6916186150028555,5.8643802751393075
1758181791.5289161,-0.6800296351077201,5.902663029140714
1758181791.6271994,-0.6713413063778072,5.9313827211663215
1758181791.726974,-0.6597600602044522,5.969684039425775
1758181791.829279,-0.6481788183878996,6.007980202890202
1758181791.9292533,-0.636598207576054,6.046276405911071
1758181792.0273576,-0.6267620046925858,6.082055533676833
1758181792.1272683,-0.6249542345831275,6.0956067393583675
1758181792.228434,-0.633713582700106,6.104424312308818
1758181792.3278465,-0.6420477872616094,6.107001655768871
1758181792.431786,-0.650406602691005,6.108827593136612
1758181792.5305884,-0.6571471622532956,6.131286115910275
1758181792.6391716,-0.6553895978616902,6.182296854062591
1758181792.7291582,-0.6536183467045987,6.222270028299091
1758181792.8270426,-0.6518545981852786,6.262255334821106
1758181792.9270306,-0.6500950835651602,6.302240841777184
1758181793.0274036,-0.648768231793967,6.3322131586291865
1758181793.1279004,-0.6474400136989501,6.362182766336765
1758181793.2276516,-0.6465546072688815,6.382162509172341
1758181793.32786,-0.6447839915695925,6.422122010104187
1758181793.4269838,-0.6425710942592575,6.4720714102495185
1758181793.527158,-0.6408010758677699,6.512030944538381
1758181793.6267796,-0.6394737369885236,6.542000600817379
1758181793.7277212,-0.6377160233141635,6.581976771118876
1758181793.843413,-0.6359668866392634,6.6219643221692115
1758181793.9274654,-0.6342222996467202,6.6619520522508004
1758181794.0282903,-0.6320479412520266,6.711936943497847
1758181794.1288304,-0.6311722532702273,6.731917834452303
1758181794.2314785,-0.6294207015380938,6.771878128370934
1758181794.328415,-0.6272455774927727,6.8218441090470945
1758181794.4279957,-0.6259498868310054,6.851831455380639
1758181794.5269754,-0.6242243616750369,6.8918092257188475
1758181794.6270542,-0.622504911540407,6.9317817426201565
1758181794.7272782,-0.6203590569919151,6.981760122022142
1758181794.830181,-0.6182113304057264,7.03173391734823
1758181794.9278963,-0.6173440456481822,7.05171446008638
1758181795.0280194,-0.6156096751125866,7.0916755577708
1758181795.128065,-0.6134420864899479,7.14162694740524
1758181795.2318952,-0.6117141280218352,7.181595275536979
1758181795.3318276,-0.6108563384583313,7.201589800975103
1758181795.4272077,-0.6087164628633772,7.251576291063417
1758181795.5278509,-0.6070096937879497,7.291565675089166
1758181795.6360888,-0.6053074663380964,7.331555218420426
1758181795.7266433,-0.603168183471248,7.381514199939535
1758181795.8283305,-0.6014553298463522,7.421476854741942
1758181795.9285061,-0.6001847772703026,7.4514619793409596
1758181796.0271292,-0.5989164265441399,7.481451121320353
1758181796.1286097,-0.5972304543730769,7.521429256045424
1758181796.2339349,-0.5955481853071212,7.561407166914361
1758181796.328557,-0.5938681959376474,7.601388429098161
1758181796.428733,-0.5921935624093411,7.64137328979442
1758181796.5277958,-0.5909318817162992,7.6713567714870505
1758181796.6333926,-0.5888441852592035,7.721334709175797
1758181796.7277415,-0.5875879408521475,7.7513169689429064
1758181796.833813,-0.5854773196377925,7.8012707933575625
1758181796.9338388,-0.583789123261124,7.841233859083184
1758181797.027952,-0.5816792499364806,7.891187694889344
1758181797.1282325,-0.5799936976684686,7.9311534061513935
1758181797.2278957,-0.5791502061015686,7.951134949312471
1758181797.3267486,-0.5774634170590749,7.991098039324775
1758181797.4287143,-0.5762099803173072,8.021081939890493
1758181797.5268085,-0.5745334672909126,8.061055957983575
1758181797.628244,-0.5728708730075246,8.101041760773702
1758181797.726814,-0.5716261363909894,8.131027580309334
1758181797.8270688,-0.5699724553397034,8.171004071033133
1758181797.9288864,-0.5683186641561612,8.210986113564694
1758181798.0278108,-0.5670830239343282,8.2409776844388
1758181798.1313765,-0.5650211009402867,8.290951962427725
1758181798.2285297,-0.5633768024953418,8.330937627257185
1758181798.329731,-0.5621484378496601,8.360924673840518
1758181798.4276295,-0.5604933262026451,8.400892584029277
1758181798.5278037,-0.5586034157718575,8.450264272221867
1758181798.6286922,-0.5584777407979747,8.46923243367086
1758181798.7271721,-0.5608441392960113,8.479027257477494
1758181798.8279033,-0.5669337709305377,8.482860305899411
1758181798.92787,-0.5830537081616293,8.481789455256346
1758181799.027901,-0.5910475345169335,8.480597933791618
1758181799.141436,-0.5989636652041881,8.478976533748341
1758181799.2268171,-0.6119221959660018,8.475332794172907
1758181799.327367,-0.6195261564701738,8.472555952793522
1758181799.4286363,-0.6294117732066982,8.468217519185302
1758181799.5312254,-0.6389595937915618,8.463179298256447
1758181799.626957,-0.6458689914474831,8.458956970842204
1758181799.7272785,-0.6547080080445776,8.452759033679948
1758181799.8282936,-0.6610321272994798,8.447701998108727
1758181799.9281285,-0.6690224373943758,8.440442482394158
1758181800.0281365,-0.681414781940811,8.437275041026622
1758181800.1325612,-0.7100934324640763,8.45798915794003
1758181800.2426465,-0.7412045002863015,8.484435380737047
1758181800.327679,-0.7716443742817717,8.510392034266747
1758181800.4301047,-0.8020948447237002,8.536360543081408
1758181800.528876,-0.8325363321242019,8.562323813341381
1758181800.6276715,-0.8531220427591707,8.578746344026957
1758181800.7273622,-0.8639531733076223,8.575018382967686
1758181800.8273752,-0.8700862332210525,8.5661335029289
1758181800.9292278,-0.8742578838976585,8.55919273150056
1758181801.027298,-0.8780489291792823,8.552036836570391
1758181801.1271586,-0.8814482975442209,8.544686674513601
1758181801.2278697,-0.8862170717404144,8.532063143064825
1758181801.3303652,-0.8885266059433936,8.52430107122766
1758181801.4445617,-0.904029933573254,8.51758783715886
1758181801.527196,-0.9425604299661254,8.523650263533671
1758181801.6299913,-0.9920294931463837,8.532780220744653
1758181801.7338717,-1.0313495489938562,8.540242960608571
1758181801.8298905,-1.051009839694504,8.543972881233447
1758181801.927566,-1.100137680051969,8.553303910230714
1758181802.0294445,-1.1394338180725225,8.560770356707039
1758181802.127291,-1.1787548498932892,8.568224612953182
1758181802.2318225,-1.2180753890177596,8.575676636749138
1758181802.3284006,-1.267225895753136,8.58498818307049
1758181802.4281092,-1.3065374966601186,8.592437170437089
1758181802.5333526,-1.3360109803669438,8.59802722737451
1758181802.6350353,-1.3753090040977312,8.605480447308869
1758181802.73464,-1.4146070851108938,8.612933445336793
1758181802.8283954,-1.453905221439267,8.620386221579171
1758181802.937194,-1.4833788576560516,8.625975658018758
1758181803.0273683,-1.5325038323431046,8.63528968373614
1758181803.1276455,-1.5718278795047531,8.64272929793968
1758181803.2278965,-1.6013216413284856,8.648306943071393
1758181803.326855,-1.6111529842641903,8.650165672071822
1758181803.4308155,-1.6701419598664293,8.661312960460545
1758181803.530092,-1.7094507142439477,8.668747492373438
1758181803.630772,-1.7487518247059826,8.676184323796916
1758181803.7268798,-1.7979006511621474,8.685466570078836
1758181803.827813,-1.8372263974860235,8.692889657995428
1758181803.9450955,-1.8667208385090919,8.698454685961929
1758181804.027849,-1.9060473473973354,8.705871627341175
1758181804.126996,-1.9551781596704878,8.715150465377386
1758181804.2389119,-1.9846559239857438,8.720717941236673
1758181804.3329558,-2.023959659856632,8.728141047987132
1758181804.4287932,-2.053437498523575,8.733708232378003
1758181804.528052,-2.0964708183281298,8.740255502052973
1758181804.627661,-2.1099053020851373,8.738363071198732
1758181804.7276123,-2.1139914430756295,8.731317770218075
1758181804.8271694,-2.116651225303571,8.716987375383118
1758181804.927767,-2.116573656731531,8.70889803834885
1758181805.027622,-2.116073347961272,8.700828254239298
1758181805.1270177,-2.1142739977681733,8.687480792512714
1758181805.2278204,-2.1254052328202304,8.67476148902317
1758181805.3286417,-2.1628649094060877,8.663937999915092
1758181805.428877,-2.192385502048168,8.65655885826845
1758181805.52683,-2.2214116462804205,8.648981559659191
1758181805.6271555,-2.2697886176207374,8.636352989442901
1758181805.7278929,-2.2988148381946187,8.628776001333362
1758181805.828185,-2.3278410863187795,8.621199126932227
1758181805.9279778,-2.385913478987425,8.606062638639314
1758181806.0294464,-2.4149520883748834,8.598502414007205
1758181806.128144,-2.45366664929336,8.588414422007823
1758181806.227243,-2.4923699668068284,8.578318297065422
1758181806.3343773,-2.5310773746509807,8.568224907523327
1758181806.4327557,-2.5697987740816743,8.558138457660593
1758181806.5270765,-2.6085280834155893,8.548054583792078
1758181806.626933,-2.6472584024339345,8.537974377609135
1758181806.7294202,-2.6956724758201647,8.525379205551861
1758181806.8283095,-2.734382158020622,8.51529862226681
1758181806.9278882,-2.773089464629354,8.505217727701778
1758181807.0289652,-2.8214736729043017,8.492616898005092
1758181807.1403515,-2.8444741117117043,8.488413042977232
1758181807.2272067,-2.8563840102476865,8.490184773674285
1758181807.3287623,-2.85944073899887,8.50289277036429
1758181807.4368277,-2.8603494360827706,8.510939842552093
1758181807.5275006,-2.8608957750159347,8.524422242699258
1758181807.6274889,-2.86051270317956,8.535196329774108
1758181807.732754,-2.8664434191837866,8.543930916042234
1758181807.8274565,-2.900890553200993,8.552000442402306
1758181807.9339335,-2.941353702240205,8.557563586857931
1758181808.0408864,-2.980914060919693,8.563468374644236
1758181808.127355,-3.02047712403981,8.569370837425
1758181808.2366188,-3.0600599123402463,8.575262400636117
1758181808.326946,-3.0996452089742625,8.581150318017842
1758181808.427822,-3.1392310132123735,8.587036038211869
1758181808.5268967,-3.178817374272546,8.592917994308776
1758181808.6274478,-3.2277072386961274,8.599892877649065
1758181808.727767,-3.250069559490555,8.600910582630306
1758181808.8272877,-3.2591630226239423,8.594823006369664
1758181808.9274683,-3.2609479135233395,8.583738879934613
1758181809.0279198,-3.2622573610683987,8.572129059456554
1758181809.1288223,-3.2626722706594924,8.56620834530593
1758181809.2270124,-3.2624687817472267,8.5546265646072
1758181809.3303754,-3.2602209343772515,8.540905299860237
1758181809.430175,-3.257020053627958,8.530622532958143
1758181809.528666,-3.2530403789664875,8.520590637845364
1758181809.6372364,-3.248343377552101,8.510870118999168
1758181809.728268,-3.2443683080371617,8.503815310637076
1758181809.8306208,-3.2384871321217568,8.49476204845515
1758181809.9272506,-3.231969949797622,8.486155205537791
1758181810.035244,-3.2248504692964866,8.478039327673823
1758181810.1449995,-3.2171655113897595,8.470456439172766
1758181810.2300944,-3.208954831317665,8.463445831590814
1758181810.3318155,-3.200260926401605,8.457043860951323
1758181810.432566,-3.193450380722483,8.45266191152566
1758181810.5281434,-3.1864131612759863,8.448653880276314
1758181810.6271229,-3.1767131690384462,8.443911571885995
1758181810.7303655,-3.1692279207582565,8.44081961411635
1758181810.826691,-3.1564168606778504,8.43657809854178
1758181810.9270272,-3.143276503825337,8.433505254907463
1758181811.028141,-3.135278431429459,8.43223325958582
1758181811.1277404,-3.1245298428799915,8.431212154833718
1758181811.2362707,-3.116857141350679,8.409055052997818
1758181811.3301656,-3.116807195854919,8.36799863959887
1758181811.4329622,-3.1169077959087614,8.327867865598513
1758181811.5269911,-3.116999868045785,8.297854881547668
1758181811.6270351,-3.117133151499074,8.257856304474355
1758181811.7279196,-3.117266078414197,8.217857777711517
1758181811.8280885,-3.1173987247851724,8.177859269573883
1758181811.927852,-3.1174980105280223,8.147860386348174
1758181812.0276701,-3.1176631089789377,8.097862243028993
1758181812.127659,-3.1177515672414473,8.067855879873903
1758181812.2355494,-3.1178357355130424,8.037843908649826
1758181812.3271158,-3.117976234193747,7.987827215381451
1758181812.4274242,-3.1180876265092157,7.947814066890311
1758181812.5272205,-3.118235313158937,7.897810711333952
1758181812.6345124,-3.118328387484161,7.867811800887267
1758181812.7292924,-3.1184470600726457,7.8278067978093375
1758181812.8319836,-3.1185969724573024,7.777807552184321
1758181812.928077,-3.118706677264543,7.737799907736187
1758181813.029291,-3.1188551628206196,7.687799525219455
1758181813.1276996,-3.118924552025072,7.658385031155085
1758181813.226922,-3.118465865317951,7.635482348894807
1758181813.3268766,-3.1128970289774696,7.626667703149274
1758181813.4270284,-3.1024707408042023,7.626800753339992
1758181813.5281215,-3.091798876443561,7.628289999551666
1758181813.6289036,-3.083882261745606,7.629908937126058
1758181813.7318063,-3.0734868870619674,7.6327273818444485
1758181813.8280766,-3.0633175565182866,7.636322450701245
1758181813.9276118,-3.053430584807849,7.6406577943458425
1758181814.0274594,-3.0438811834488866,7.645693024323059
1758181814.126953,-3.03249421783314,7.652931197156922
1758181814.2273412,-3.0238819016370817,7.6594405114388255
1758181814.327619,-3.013811156162853,7.668420389374908
1758181814.431459,-3.008170587451781,7.674230315350035
1758181814.5280356,-3.0011529211427512,7.682434313852784
1758181814.6274943,-2.9947433853268115,7.691122026137982
1758181814.733753,-2.977891693471846,7.692323720455809
1758181814.8318577,-2.9527409312919093,7.678983259524381
1758181814.9326706,-2.908658652973994,7.653647382161419
1758181815.027579,-2.882716403552988,7.638583426742781
1758181815.1347063,-2.839474280058852,7.613474810210898
1758181815.2291665,-2.8135054090692626,7.598405372390824
1758181815.327955,-2.7788903102005023,7.578317708045613
1758181815.4414012,-2.73562941226778,7.55321468981469
1758181815.5328975,-2.718326555330279,7.543174589787761
1758181815.6268482,-2.683720370714916,7.5230956935207285
1758181815.7271123,-2.6664150525380705,7.51305479898766
1758181815.8420753,-2.623172429233733,7.487957809621999
1758181815.9319615,-2.5885782707983482,7.46788032785383
1758181816.027603,-2.562630778244709,7.452822193387121
1758181816.1274314,-2.528012753042729,7.432747235408167
1758181816.2272651,-2.499372941079395,7.41772833627866
1758181816.3323832,-2.4927065073440495,7.410953505177508
1758181816.4275029,-2.496700039555457,7.4018948034145815
1758181816.528048,-2.5032518139366813,7.393314310632204
1758181816.628283,-2.5085615612115246,7.38720038549641
1758181816.73081,-2.514193589843358,7.381381845695046
1758181816.828044,-2.5221758313083833,7.374112459063653
1758181816.9321244,-2.5306604760149587,7.367435922454747
1758181817.0315573,-2.537327328417114,7.362838533583858
1758181817.1312387,-2.5465840186574797,7.357280890614786
1758181817.228421,-2.55621666137132,7.352403463684591
1758181817.3320436,-2.5636578767321976,7.349207162761151
1758181817.427812,-2.5712607824019367,7.346417148869626
1758181817.5316918,-2.5816110952501647,7.343343041809282
1758181817.6276119,-2.5895042924681393,7.341530617405085
1758181817.7267337,-2.5963095503412874,7.333463010579342
1758181817.8294356,-2.5947209499264714,7.2981222130950965
1758181817.927103,-2.5901460686895086,7.257462438866063
1758181818.0339577,-2.585196788272678,7.217766371720439
1758181818.12786,-2.5814811564772926,7.187998422044262
1758181818.2272518,-2.5752887175369827,7.138385136604973
1758181818.3322263,-2.5715789457891667,7.108610555096237
1758181818.4321094,-2.5678805936210383,7.078820269812768
1758181818.5286086,-2.562944423535494,7.039105074500406
1758181818.628161,-2.5580135277322076,6.999386015398796
1758181818.728078,-2.5530870315477747,6.959666337627356
1758181818.8298233,-2.5469348593722416,6.910016410369461
1758181818.926893,-2.5432360146457547,6.880246355743034
1758181819.027757,-2.5383048016923344,6.840552917128015
1758181819.1370041,-2.533373829932294,6.800859445099899
1758181819.2270186,-2.5272118440445888,6.7512405488298555
1758181819.3273115,-2.523531409904952,6.72145860196924
1758181819.4269733,-2.5210781477942983,6.701603662120346
1758181819.531617,-2.514947559069117,6.65196628695847
1758181819.6269612,-2.508807573244009,6.602338573434051
1758181819.729224,-2.5038889114452902,6.562643556070953
1758181819.8303642,-2.4977409001866344,6.513024744135257
1758181819.9277625,-2.492842994636252,6.4733023248242105
1758181820.0274382,-2.487934124684709,6.433596987265821
1758181820.1306899,-2.4842604576500986,6.40380476098134
1758181820.22798,-2.479366005006519,6.364081109108301
1758181820.3270652,-2.475698032792186,6.334287998698762
1758181820.4269881,-2.469589387354712,6.2846335756647065
1758181820.5450537,-2.4659169925664104,6.254860262765446
1758181820.6267936,-2.4597969121126773,6.205238024201216
1758181820.7304819,-2.454901118919363,6.165540195781882
1758181820.8271372,-2.450009627348667,6.1258392700348185
1758181820.928048,-2.447571761079131,6.105983028813326
1758181821.0272436,-2.4414827607584684,6.05634012729425
1758181821.1290631,-2.436617023462986,6.016622972774613
1758181821.2283416,-2.4317330600321476,5.976923444294065
1758181821.332435,-2.4268492313293737,5.937224125122859
1758181821.4280648,-2.421965627484951,5.8975247774727775
1758181821.5399947,-2.4158818762867265,5.8478731994752
1758181821.629989,-2.411008432171179,5.808162673972987
1758181821.7316926,-2.404930791238156,5.758503143545297
1758181821.8273585,-2.3988599434993096,5.708842693201427
1758181821.9285464,-2.3955501713667697,5.679663160643245
1758181822.0270689,-2.39486426795666,5.66551271063852
1758181822.128148,-2.3885291047628234,5.649359435254535
1758181822.226969,-2.378197752387918,5.650958606982493
1758181822.327373,-2.3703810244641823,5.6530726628423285
1758181822.4273875,-2.3601579652431672,5.656541561892456
1758181822.5275893,-2.35266904535042,5.659621008278428
1758181822.6359684,-2.340591733944737,5.665636564356752
1758181822.7270389,-2.3336222516340066,5.669758644281851
1758181822.8275,-2.3246948354297774,5.675828253245077
1758181822.9270356,-2.3162270323091696,5.682524317848555
1758181823.0274503,-2.3102042565347403,5.687936762669736
1758181823.1313393,-2.304482257061804,5.693666425619408
1758181823.230227,-2.2973494884906507,5.701770482942578
1758181823.3285155,-2.2908179444556516,5.710366812296193
1758181823.4453392,-2.284921509550065,5.719410908813469
1758181823.527296,-2.278490397754743,5.731274117670729
1758181823.6278257,-2.273151401755639,5.743667529661669
1758181823.727738,-2.2713316058443986,5.748750987615492
1758181823.828336,-2.2675922896464233,5.761717197358139
1758181823.9271464,-2.252800342126858,5.765941674429086
1758181824.0275965,-2.2142183320191724,5.760206253845829
1758181824.128146,-2.1843620006573983,5.755064030158069
1758181824.2268667,-2.1449804281151574,5.7479319323279805
1758181824.3276978,-2.105598109894299,5.740803783040573
1758181824.4278293,-2.0662150770507277,5.7336795882220635
1758181824.533705,-2.04652329768874,5.730118968397468
1758181824.627568,-1.9972930938515054,5.721221712241912
1758181824.726876,-1.9579097581258869,5.71410762404875
1758181824.834583,-1.9185502940591914,5.706985987069997
1758181824.9309707,-1.8693440866188278,5.6980883554927955
1758181825.0273907,-1.8398116698027125,5.692757217506489
1758181825.1283042,-1.7905770550088147,5.683876890324742
1758181825.2282033,-1.7635899462729345,5.680039980798516
1758181825.3290577,-1.7471257392360646,5.679246058449585
1758181825.427385,-1.7457314170318163,5.668672045388801
1758181825.527638,-1.7489987241109344,5.6584027149741285
1758181825.6279147,-1.7529989564033428,5.6483753008116615
1758181825.7349174,-1.7577100749596917,5.638661673317651
1758181825.8289125,-1.7645611424227774,5.6270373061929835
1758181825.9274035,-1.7707771599414022,5.618210591271831
1758181826.0292637,-1.775847186763996,5.611896507088161
1758181826.1315513,-1.781250641439225,5.605865171216564
1758181826.2277412,-1.78697180124419,5.600134156481706
1758181826.3275518,-1.7971674542124438,5.591294809211615
1758181826.4268067,-1.8018920030445884,5.579407885841363
1758181826.5294666,-1.7850102420252858,5.548318824757218
1758181826.6277354,-1.7683254874742,5.522368838841843
1758181826.7275043,-1.746477748686198,5.488861323131516
1758181826.8271978,-1.7246317501057666,5.455352874091413
1758181826.934966,-1.7082437883252035,5.4302170762132524
1758181827.0276794,-1.6754721289745826,5.379950496144988
1758181827.1295154,-1.659088226198378,5.3548211053618475
1758181827.227278,-1.637243099085097,5.321315186590149
1758181827.3275676,-1.6208593094041976,5.29618569911768
1758181827.427757,-1.5990143291248415,5.262679652415619
1758181827.5299535,-1.57170821982719,5.22079699658857
1758181827.6269155,-1.5553246167119101,5.195667354526928
1758181827.726875,-1.5280187180539822,5.15378454425855
1758181827.8274653,-1.5007129564734527,5.111901651589372
1758181827.927313,-1.4848457930516241,5.087305139167449
1758181828.0342095,-1.4761313893456558,5.069353180532978
1758181828.1286943,-1.4776156381325165,5.064942503731091
1758181828.2307148,-1.4867930852854436,5.059527790792396
1758181828.3272212,-1.4965603938446537,5.054927317363665
1758181828.4281862,-1.5040893906271515,5.05194466338135
1758181828.5273962,-1.5143576509325616,5.048607971947444
1758181828.6274135,-1.524839408945542,5.046018590920352
1758181828.7280354,-1.5354802919167871,5.044189967855674
1758181828.8303378,-1.5408431822790298,5.043564060949937
1758181828.9288414,-1.5543184266032135,5.0428467225419835
1758181829.0267596,-1.5651090578068545,5.043143747191607
1758181829.132837,-1.5731737227568077,5.0438773660535325
1758181829.227676,-1.5785230144922051,5.044607848782518
1758181829.3283384,-1.5950274860621299,5.004927020758029
1758181829.4274158,-1.6030244309956159,4.964892591658523
1758181829.5338743,-1.6112589038427887,4.925727187264249
1758181829.627252,-1.6194894842418455,4.886560928248316
1758181829.7268465,-1.6297722793307952,4.83760195743896
1758181829.8272023,-1.6379941935871727,4.798433891461785
1758181829.9269772,-1.6421037182168772,4.778849570319978
1758181830.028234,-1.6503238417492803,4.739690306433238
1758181830.127792,-1.6585484437747553,4.700546503999218
1758181830.2280211,-1.6647148485260324,4.671184092010259
1758181830.3271549,-1.6688211968351272,4.6516026760033276
1758181830.429961,-1.6770308503575309,4.612430978594877
1758181830.5325482,-1.6872925149830014,4.563470525021078
1758181830.628768,-1.6934475040471946,4.534095633319098
1758181830.7267556,-1.7037133959939466,4.485162769354733
1758181830.8278966,-1.7093834526227123,4.456395491668056
1758181830.9281068,-1.7110842414540528,4.438063203798448
1758181831.035283,-1.7131618961913975,4.431253763490509
1758181831.128295,-1.7224333794560611,4.432314601579942
1758181831.2279155,-1.7351175146272793,4.436914350106581
1758181831.3349128,-1.7449348951737524,4.441403529874778
1758181831.4275203,-1.7544038886597226,4.446587175103162
1758181831.529268,-1.7612474658963755,4.45091463665142
1758181831.627961,-1.7699901518518517,4.457246943043693
1758181831.7279592,-1.7802412535809349,4.466019494995924
1758181831.835218,-1.7859987507727528,4.471713109522347
1758181831.926951,-1.793181779859441,4.479772170199369
1758181832.0287917,-1.799766693157731,4.488327229533032
1758181832.1282904,-1.8042921926882505,4.495042475901209
1758181832.2275364,-1.8097501507816056,4.50435754316586
1758181832.3273525,-1.8206452751553623,4.511073304622308
1758181832.4311702,-1.8542153427133867,4.499858094130239
1758181832.526896,-1.8919321503568594,4.484164697787472
1758181832.6321564,-1.9287728090626544,4.46852302253055
1758181832.7274346,-1.9748046134928885,4.448974589353963
1758181832.840715,-2.002423594685348,4.437246237625784
1758181832.9269767,-2.039263023017456,4.421605260053969
1758181833.0276344,-2.0760743636566157,4.405959358805686
1758181833.1289916,-2.112895985637893,4.390315926123958
1758181833.2311773,-2.144032178277123,4.378929625058034
1758181833.3276925,-2.1536012816590335,4.378242832612589
1758181833.4318426,-2.1585015542092565,4.386876314216525
1758181833.5268369,-2.1615272790838627,4.397239769941349
1758181833.628022,-2.1650601969543595,4.404782605928807
1758181833.7292542,-2.1858276280825897,4.406694850187333
1758181833.827931,-2.2263614733491344,4.400930694785732
1758181833.9274697,-2.256042790556812,4.396300180012026
1758181834.0276966,-2.285678492855028,4.391645928577422
1758181834.1281974,-2.335071384854343,4.383889127237152
1758181834.2278101,-2.3745857442814344,4.377683941007165
1758181834.3273318,-2.4141001394267274,4.371478982572798
1758181834.4273841,-2.443735956328913,4.366825413570554
1758181834.5273674,-2.4832504028199227,4.360620854509264
1758181834.6271033,-2.5227683753930474,4.354419007841658
1758181834.7268517,-2.5622891052220593,4.348219528824242
1758181834.8270655,-2.59192488048723,4.3435688920443765
1758181834.9316847,-2.6413184015814823,4.335816488412963
1758181835.0279453,-2.670961912351241,4.331173226826413
1758181835.1326141,-2.7104849509187208,4.324980809140554
1758181835.2271268,-2.750031709624896,4.318798773468788
1758181835.3284857,-2.7895745318862666,4.31261698874342
1758181835.4269357,-2.8291179945121763,4.306439387734373
1758181835.5282304,-2.858769608197701,4.30180583708316
1758181835.6267111,-2.90816658944209,4.2940752048731055
1758181835.7273233,-2.9476842252425595,4.287890955878414
1758181835.8272512,-2.9909512202566266,4.2827074290631915
1758181835.9283512,-3.0036210695123926,4.284841570678943
1758181836.0278227,-3.005898724257219,4.294651784685313
1758181836.1308422,-3.006201008694082,4.305442905239873
1758181836.227957,-3.0060866818129592,4.310833053242331
1758181836.3295364,-3.0052768995603967,4.321580440171435
1758181836.427019,-3.0257661969331378,4.332986621694719
1758181836.5306482,-3.055972437980057,4.338183332536411
1758181836.630629,-3.095743134845671,4.344719364673964
1758181836.726633,-3.135192513848864,4.3514679434767825
1758181836.828257,-3.19436783683071,4.361583353873405
1758181836.9315932,-3.2338165989825294,4.3683230259020265
1758181837.0323217,-3.263385622403952,4.373383507029533
1758181837.1271374,-3.301163578330844,4.377863986232475
1758181837.2278512,-3.3123354323897107,4.373924919488699
1758181837.3353586,-3.3156367839020398,4.363133404714483
1758181837.4320579,-3.315966784028183,4.3522889320107465
1758181837.5276747,-3.3154069048376758,4.341507043042726
1758181837.63421,-3.313619132246606,4.328132314847449
1758181837.7326047,-3.312568344116394,4.322836620966153
1758181837.830553,-3.331841695812563,4.309481212314459
1758181837.9277995,-3.371377738241702,4.2988562682702165
1758181838.0281115,-3.410046847964141,4.28829183264874
1758181838.1329596,-3.4486407987919714,4.277723301846461
1758181838.226808,-3.4872162973218295,4.267149356022335
1758181838.3308628,-3.51614796166783,4.259219021840229
1758181838.4308574,-3.5450796610980535,4.2512887951682075
1758181838.532541,-3.5740113955572634,4.2433586765865074
1758181838.628068,-3.6222310293302136,4.2301420546512
1758181838.7301097,-3.660253454142954,4.220065631162621
1758181838.827318,-3.6815941935600196,4.217247302289648
1758181838.9290917,-3.68775963280187,4.224087629104302
1758181839.0274456,-3.689932046425725,4.237403098373873
1758181839.1276927,-3.690655411722962,4.2454689921922375
1758181839.226583,-3.690942382753974,4.2535621886636665
1758181839.327408,-3.6906898722998576,4.2643426363452175
1758181839.429352,-3.6899995446900498,4.27239704330393
1758181839.528896,-3.720177000289919,4.285643920235388
1758181839.6272116,-3.760891619602733,4.292174754400398
1758181839.7274277,-3.8003351626313666,4.298958177921878
1758181839.8273125,-3.839779225047094,4.305737710619564
1758181839.9279842,-3.867633065840614,4.308532109614288
1758181840.0267873,-3.878672104296207,4.3045341991100265
1758181840.1266775,-3.881711285931874,4.2964047343901415
1758181840.22801,-3.8835012279088668,4.284948755340518
1758181840.3319287,-3.8847359642992365,4.2731643823264225
1758181840.430449,-3.884806073858631,4.258562841063624
1758181840.5282526,-3.883204538186008,4.247500571165127
1758181840.6283584,-3.9020301045452315,4.233418815430153
1758181840.7307231,-3.9312290587197674,4.224112227569748
1758181840.8295364,-3.96977040983057,4.212194638314232
1758181840.9278579,-3.9983699149360166,4.203139369962695
1758181841.027876,-4.025220761811555,4.197196628998078
1758181841.1283472,-4.032858701836439,4.199095511739491
1758181841.229334,-4.0359761834112655,4.209046126624544
1758181841.3271136,-4.037839523676636,4.219680732833028
1758181841.4272614,-4.038933025602414,4.230421874905435
1758181841.5272892,-4.0392443759344605,4.238514154851642
1758181841.6280785,-4.038848443913046,4.251984985855398
1758181841.727727,-4.038356085091706,4.257352173024023
1758181841.829797,-4.036793673393919,4.268012640103917
1758181841.9271333,-4.035120551740729,4.275917265416717
1758181842.0274627,-4.031391698538657,4.2888512014194955
1758181842.127956,-4.028600714030796,4.296430284627849
1758181842.2282064,-4.024781075911392,4.305782763920918
1758181842.327515,-4.031683136783701,4.302647507666493
1758181842.435909,-4.0369679882286515,4.292430416193642
1758181842.5267706,-4.041544602203531,4.281769585967541
1758181842.6287453,-4.04467400108279,4.273455022462406
1758181842.7271514,-4.04760889502285,4.259780309321476
1758181842.8279696,-4.048073816068665,4.254401072355935
1758181842.9272194,-4.048407492733025,4.246309587923377
1758181843.0293636,-4.049890702896025,4.243382043605261
1758181843.1275668,-4.0498906757151865,4.243382060838594
1758181843.2330396,-4.049890658947824,4.2433820529246375
1758181843.3271894,-4.049890636574936,4.2433820402356375
1758181843.427013,-4.04989062268645,4.243382031915768
1758181843.5297115,-4.049890611583853,4.243382024949717
1758181843.6271238,-4.049890604740954,4.243382020447948
1758181843.7285776,-4.056836876816271,4.243346036678709
1758181843.8271086,-4.105982255144939,4.243092165680871
1758181843.927924,-4.137838632485279,4.243000784801067
1758181844.0277681,-4.178044728688845,4.242849019474713
1758181844.1298923,-4.228066076965772,4.242633930846738
1758181844.2280037,-4.258064771287093,4.242492293726031
1758181844.3268707,-4.298063044520046,4.242303686024938
1758181844.4299276,-4.338061332361269,4.2421153544736026
1758181844.5267208,-4.378059631120981,4.2419272989724846
1758181844.6272495,-4.418057935569527,4.241739519460928
1758181844.7281876,-4.4580580265711385,4.241553930851842
1758181844.8298957,-4.498083871011663,4.241393111757266
1758181844.9273798,-4.538113770693798,4.241239633006016
1758181845.0268497,-4.588111674782271,4.241017800874069
1758181845.126814,-4.618110402669086,4.240884909120947
1758181845.227958,-4.658126146232572,4.240728261672558
1758181845.3353453,-4.698149339631964,4.240578883754494
1758181845.427757,-4.728160269806831,4.240467198346111
1758181845.5279336,-4.75817273338309,4.2403565367123015
1758181845.6327713,-4.808192297950348,4.240176375709219
1758181845.7329628,-4.83821327535809,4.240078894283524
1758181845.8268704,-4.878230180457279,4.239938280634959
1758181845.9265738,-4.918228589794154,4.239782108765325
1758181846.0352304,-4.968226623389327,4.239587288821747
1758181846.1408868,-4.998225452014132,4.239470607039968
1758181846.2278485,-5.0382238956309,4.239315276504337
1758181846.3326874,-5.068237679582934,4.239213728881259
1758181846.42667,-5.11823803795406,4.239025917813344
1758181846.533085,-5.138237260544284,4.238950218914723
1758181846.6269462,-5.1782356963801055,4.2387990320191395
1758181846.730389,-5.218234118271375,4.238648126266385
1758181846.8278317,-5.24823689027035,4.238541017882455
1758181846.926861,-5.28823492340274,4.238391230032696
1758181847.0289657,-5.31824034928116,4.238283689346586
1758181847.1331205,-5.368271667839171,4.238132266581926
1758181847.2363408,-5.408295045428185,4.238008331903519
1758181847.3268058,-5.4483215650552195,4.237888175876246
1758181847.4287899,-5.488328087850279,4.237758942655358
1758181847.5270908,-5.518326951118693,4.23765882712718
1758181847.6301572,-5.568325076082659,4.237492324566813
1758181847.7268062,-5.608323591179546,4.237359443366202
1758181847.8300014,-5.65832174698646,4.237193742798127
1758181847.9304035,-5.6883206426298,4.237094536261254
1758181848.0308936,-5.728319167454526,4.236962510315146
1758181848.1275318,-5.75832272253522,4.236869078558198
1758181848.235937,-5.798352788136344,4.236761609655495
1758181848.32772,-5.83835292313733,4.236638570770755
1758181848.4291716,-5.878354922260412,4.236518180126193
1758181848.5288389,-5.92835306578521,4.236362198781999
1758181848.6271472,-5.9583716965007465,4.236286432244669
1758181848.7278352,-5.988391384834033,4.236209743172716
1758181848.829691,-6.0384240479647096,4.23608803516721
1758181848.9358191,-6.078449309846455,4.2359956629643865
1758181849.027087,-6.11218648837961,4.235968741810204
1758181849.1309369,-6.126029320885356,4.238542783115833
1758181849.2271545,-6.12795485773533,4.247837955163702
1758181849.329287,-6.126142101194529,4.258875975942653
1758181849.4347882,-6.12412668333597,4.269482325198699
1758181849.5281713,-6.121353563428994,4.2799160876061935
1758181849.6282604,-6.1178371389998185,4.290123225910334
1758181849.7284615,-6.113595646743575,4.300050898427883
1758181849.8269238,-6.108651064036035,4.309647724020116
1758181849.9286044,-6.104496491818822,4.316598279089363
1758181850.0290506,-6.096758520426441,4.327652161057229
1758181850.1277661,-6.09692407917726,4.3382048296304765
1758181850.2273822,-6.113625642574373,4.356940573833117
1758181850.3275573,-6.15180775176093,4.390954686215909
1758181850.4270802,-6.174188722005936,4.410929930446834
1758181850.5287995,-6.204034029551204,4.437568402386941
1758181850.6309607,-6.2338755646483985,4.464201842993736
1758181850.729424,-6.263716925282281,4.490835408219478
1758181850.8271182,-6.298662493377276,4.521794842193171
1758181850.9269388,-6.3069401992820655,4.5307232871509004
1758181851.029744,-6.303192088562219,4.539299465123155
1758181851.127686,-6.295193082636409,4.54655004232302
1758181851.227538,-6.28669310695531,4.553206597415954
1758181851.3283842,-6.280015732900284,4.557788309828322
1758181851.4270706,-6.270746357662358,4.563324228456871
1758181851.5322974,-6.261102608241223,4.568179100623582
1758181851.6276517,-6.251134484200239,4.572327708017773
1758181851.7322335,-6.245698488982906,4.581374717367398
1758181851.8330848,-6.252885658038831,4.616013547769993
1758181851.9270191,-6.263963229054161,4.655360257483616
1758181852.0290866,-6.269556265101013,4.674585617740654
1758181852.1278467,-6.280748247999773,4.713021629056633
1758181852.2311144,-6.2947254566946915,4.76108639255876
1758181852.327918,-6.303106084039363,4.789928362869565
1758181852.427396,-6.31427880632659,4.828362506762552
1758181852.52718,-6.325464854647416,4.8667649644524715
1758181852.6268775,-6.336650711538271,4.905167471332372
1758181852.7283258,-6.342243568109919,4.924368741922723
1758181852.8293147,-6.359015508036982,4.98198647737348
1758181852.9273582,-6.370193666810654,5.020398115712779
1758181853.0276048,-6.381373615266599,5.058806296079522
1758181853.1275904,-6.389752937445008,5.087628097725047
1758181853.2275949,-6.398135019229694,5.116438308392692
1758181853.3288062,-6.409313698186336,5.154842842297541
1758181853.427773,-6.417697576379456,5.183646286015739
1758181853.5284812,-6.4259047095777655,5.220330578902144
1758181853.6274931,-6.421722282483052,5.229079393747642
1758181853.7284274,-6.411167305962218,5.231287818957605
1758181853.828035,-6.403149341213905,5.232425188737407
1758181853.9324975,-6.39238542451309,5.233265527466747
1758181854.0278134,-6.381594686943631,5.233348684660875
1758181854.1324987,-6.3708360036432525,5.2326918482962785
1758181854.2271755,-6.360155737206086,5.231261667186667
1758181854.3273427,-6.347000468122988,5.2284010868328945
1758181854.4284718,-6.338701774708713,5.227814264811377
1758181854.5272803,-6.323308125629419,5.254106114954946
1758181854.62877,-6.309380678961917,5.2928310201781805
1758181854.7277117,-6.292063903199448,5.339735921552388
1758181854.8269877,-6.278217337947895,5.377297983884212
1758181854.9271421,-6.268333159219877,5.408619439891948
1758181855.0292175,-6.263935246111284,5.417075781308633
1758181855.12828,-6.255968802714103,5.414948265764878
1758181855.2286613,-6.2463539579051215,5.409292344804962
1758181855.3272915,-6.23943667018942,5.404000732859349
1758181855.4279175,-6.23073200665613,5.396207265120049
1758181855.5282469,-6.224494776968724,5.3904626597341
1758181855.6310194,-6.218595665368998,5.3844273753094045
1758181855.7281444,-6.212946148205072,5.378482206431151
1758181855.830563,-6.202536702603959,5.366082986520047
1758181855.9271915,-6.197848799480194,5.359480116978724
1758181856.0271068,-6.192165309229439,5.350300994396505
1758181856.1276731,-6.186013131288154,5.338291147509243
1758181856.2271838,-6.182848989592193,5.330836655671152
1758181856.3315864,-6.167615195368955,5.328697122255101
1758181856.4299557,-6.13022829405325,5.339739543729877
1758181856.530231,-6.082368827255459,5.355266228580211
1758181856.6273046,-6.053844558943063,5.364644507927202
1758181856.7271352,-6.0253345060682975,5.374024125844788
1758181856.8279052,-5.9778336822591,5.389659487113095
1758181856.9276693,-5.939842596625171,5.40217161459524
1758181857.0286367,-5.911349232746514,5.411555528073425
1758181857.1291482,-5.882855836584248,5.420939344780527
1758181857.227379,-5.844864592480685,5.433450952048431
1758181857.3281605,-5.807415409677834,5.4454550697767035
1758181857.435081,-5.783965785474074,5.448548544767364
1758181857.5276303,-5.779974823320872,5.4393909590519405
1758181857.6302798,-5.7782941879652014,5.431469448143865
1758181857.727769,-5.777043469816515,5.423468371127913
1758181857.8282533,-5.7741322600211,5.410101786025982
1758181857.9276342,-5.753914175301674,5.404986308607842
1758181858.0275302,-5.702785709935239,5.40485826389161
1758181858.1284592,-5.67277507461915,5.404881737285612
1758181858.2304597,-5.652767978868343,5.404898687715847
1758181858.3279886,-5.612754333124187,5.404929082290832
1758181858.4269495,-5.5627381748517015,5.4049668672402955
1758181858.5268605,-5.522705599308125,5.404998046979549
1758181858.6273057,-5.482696985906551,5.4050304197479
1758181858.730966,-5.44269826255681,5.405063513178556
1758181858.827937,-5.402699545020681,5.405096179272365
1758181858.9283025,-5.362687430611931,5.405126454674864
1758181859.0267873,-5.322688734004881,5.405158485032257
1758181859.1273346,-5.282690048661082,5.40519008524994
1758181859.2328794,-5.252691020824562,5.405213555363846
1758181859.3290594,-5.222690756493459,5.4052343542031585
1758181859.427166,-5.18268433244786,5.405256579287845
1758181859.5275478,-5.142671975870201,5.405279244316264
1758181859.6271305,-5.122667152914473,5.405289895992003
1758181859.7268796,-5.062645942923869,5.405320687194414
1758181859.8275456,-5.032634830524821,5.405337085562759
1758181859.9307961,-4.995262088093033,5.405341026529622
1758181860.0280018,-4.980594232224856,5.405830144191448
1758181860.1269336,-4.972691012615211,5.414416345540427
1758181860.2283864,-4.973686720653499,5.4251475486806875
1758181860.3278635,-4.975450873944684,5.435776327577071
1758181860.4338508,-4.977974753579176,5.446248080813014
1758181860.5316794,-4.979518860583302,5.451408059811438
1758181860.6380992,-4.983183289551877,5.461547376176815
1758181860.7315233,-4.987595593823262,5.471400420540834
1758181860.8356884,-4.992705178002573,5.480910507116351
1758181860.927675,-4.99848558482362,5.490028424281685
1758181861.0347788,-5.004906902985076,5.498706992230227
1758181861.131891,-5.011935918616566,5.506901296638889
1758181861.230596,-5.002081563005514,5.528178709980407
1758181861.328068,-4.973751681378248,5.557611303668966
1758181861.42698,-4.945830887262859,5.586388110427419
1758181861.527829,-4.917961304286128,5.615109107826264
1758181861.627808,-4.890090550393844,5.643831062358663
1758181861.7275321,-4.869187006709133,5.6653621717179625
1758181861.8302646,-4.848292106318256,5.686887049094351
1758181861.9278,-4.8204322150513645,5.715586866154776
1758181862.0366013,-4.792572329004297,5.744286709170189
1758181862.127859,-4.767001938207093,5.770691203611588
1758181862.231052,-4.759029946617396,5.782941540190906
1758181862.3279343,-4.763283482331872,5.78886739190058
1758181862.4312236,-4.771755518067554,5.7955594012644305
1758181862.5329094,-4.780687152149112,5.80162479915979
1758181862.628794,-4.787659756845908,5.8057435816554825
1758181862.7277477,-4.799742070533102,5.81175329399406
1758181862.8318722,-4.809766588525048,5.81576378563478
1758181862.9315174,-4.820053703434562,5.8190427641035924
1758181863.0270429,-4.830550052671947,5.8215732034724335
1758181863.127425,-4.841201193481081,5.823341976101363
1758181863.2273195,-4.849257926648488,5.8241630489149845
1758181863.331502,-4.8598311342001566,5.83136216162922
1758181863.4270787,-4.863264446723578,5.866571613536268
1758181863.5280209,-4.863804270875075,5.907503456780327
1758181863.6345656,-4.864602459351706,5.957506002311094
1758181863.7305775,-4.865088519602707,5.987501075826168
1758181863.8268502,-4.865898288957301,6.0374928760659365
1758181863.928274,-4.866449944830371,6.07689228691081
1758181864.0338185,-4.866419284152464,6.0958491945666315
1758181864.131763,-4.85987312700795,6.107101379432545
1758181864.226937,-4.851868732575865,6.106776930231684
1758181864.3276765,-4.841147539898936,6.105506391248288
1758181864.4308774,-4.833181969347608,6.104049021956081
1758181864.5281081,-4.820118208750336,6.100672139431519
1758181864.6280968,-4.812444481998297,6.098086904008728
1758181864.729566,-4.80245121024959,6.094003079849525
1758181864.8269143,-4.79221905420469,6.096588594698605
1758181864.9277747,-4.767977927991873,6.1354948562567015
1758181865.027294,-4.753232045034944,6.165127310840982
1758181865.1280637,-4.7522651314933055,6.1769257673379
1758181865.227457,-4.758781993299708,6.181579320443347
1758181865.3268478,-4.768916803252518,6.186351869551908
1758181865.4298732,-4.779218216533582,6.189584632383044
1758181865.5277848,-4.7870824015290045,6.191518172420947
1758181865.628946,-4.797708514796801,6.19343077250374
1758181865.7275844,-4.808444668902915,6.194573982067524
1758181865.8273351,-4.816535520030192,6.194922762350208
1758181865.9267766,-4.819461831989976,6.196409218338819
1758181866.0285642,-4.8194618176057,6.196409185374305
1758181866.1278596,-4.819461833362771,6.196409149243188
1758181866.2276847,-4.8194618451975115,6.196409127013778
1758181866.3270788,-4.819461858593243,6.196409102654846
1758181866.42763,-4.81951264205319,6.211838614649795
1758181866.5275342,-4.8196464049117225,6.2525017480140725
1758181866.6309543,-4.819706441866561,6.284357987348406
1758181866.727308,-4.819863835758697,6.334588333887639
1758181866.8272638,-4.8199810895955055,6.37460500835583
1758181866.927399,-4.82007897786862,6.414644783159647
1758181867.026772,-4.8201783004263925,6.4546709895413095
1758181867.1283648,-4.820251179813632,6.484690585537435
1758181867.229305,-4.820343978035106,6.524716672112113
1758181867.337022,-4.820433802408881,6.5647401803148115
1758181867.429857,-4.820511536356889,6.5947391242746445
1758181867.5288508,-4.820640511071501,6.644737326053041
1758181867.6351771,-4.8207433516278675,6.684735891724969
1758181867.7291298,-4.820845891525453,6.72473446196552
1758181867.8273365,-4.820948132819412,6.7647330372318235
1758181867.9273448,-4.821050078426167,6.804731617573091
1758181868.0285583,-4.821151731668299,6.844730202568208
1758181868.127294,-4.8212429887402335,6.884744679388479
1758181868.2279344,-4.821317817583281,6.914743621218559
1758181868.328998,-4.821417332928814,6.954742210980643
1758181868.4412525,-4.82151656252738,6.994740802091712
1758181868.5400429,-4.821588277058385,7.02474207319839
1758181868.6294265,-4.821684029276519,7.06474369768505
1758181868.727285,-4.821781987541895,7.1147726228797366
1758181868.8277261,-4.821856617319101,7.154795077316833
1758181868.9271696,-4.821927981653761,7.19481631983773
1758181869.0290868,-4.821988249352133,7.224818946764312
1758181869.1271088,-4.8220708955693645,7.264817556967249
1758181869.2338858,-4.822153230486377,7.304816170500569
1758181869.326923,-4.822214777507114,7.334815133323745
1758181869.435567,-4.8223169689841905,7.384813410514433
1758181869.5278463,-4.822373162799822,7.414816739741591
1758181869.6315348,-4.822428218701286,7.444820946764062
1758181869.7276607,-4.822507998197797,7.484819577969647
1758181869.8280034,-4.822567635693321,7.5148185542476424
1758181869.9268587,-4.822666658993686,7.564816851706442
1758181870.0549772,-4.822725850355711,7.5948158313026894
1758181870.1329136,-4.8227968016311324,7.6348254472341655
1758181870.226963,-4.822865252350637,7.674836071414883
1758181870.3278627,-4.822910782415327,7.70485270945729
1758181870.4372067,-4.822956038964468,7.73486575832478
1758181870.5288355,-4.823028306794723,7.7848863953788605
1758181870.6286697,-4.823069854350558,7.8148981013954515
1758181870.7288997,-4.8231106223584375,7.844908229578161
1758181870.827408,-4.823172447357685,7.88490761141704
1758181870.927834,-4.82323427418127,7.924906262459006
1758181871.027226,-4.823295770229901,7.964904917124848
1758181871.1286876,-4.823356936713078,8.004903576083702
1758181871.2270346,-4.823402767671192,8.044914109864083
1758181871.3278089,-4.823441540439611,8.08492101957129
1758181871.429087,-4.823469321602824,8.114926286980207
1758181871.5361543,-4.823509440921845,8.154950933652628
1758181871.6274064,-4.823540305945109,8.184956972987084
1758181871.7267396,-4.823603935721506,8.234955325342975
1758181871.8266976,-4.823650299268103,8.274967633434883
1758181871.9326305,-4.823693856493466,8.314972912819774
1758181872.0269668,-4.823721077205104,8.35442403007082
1758181872.1283526,-4.824193659633991,8.377240433055567
1758181872.2285995,-4.827999046543409,8.384294003221827
1758181872.3270426,-4.835322459557592,8.385177471992696
1758181872.4360514,-4.851349552524185,8.383112943731161
1758181872.5276003,-4.861866749258035,8.380780298212384
1758181872.630246,-4.872185729414779,8.377697126691174
1758181872.7314484,-4.8772593053023545,8.375852457817409
1758181872.8289096,-4.8871913780762615,8.371621427784703
1758181872.9313283,-4.896793252570744,8.366686986306297
1758181873.0283294,-4.906015248800353,8.361074706127544
1758181873.127255,-4.912653672996516,8.356438018699638
1758181873.2278218,-4.923131003032897,8.347936206298275
1758181873.3306746,-4.929035554901633,8.342394909508458
1758181873.4278078,-4.934632533696704,8.33654296904822
1758181873.5269785,-4.941588670847657,8.328286716680923
1758181873.6277337,-4.947933072265067,8.319551304079257
1758181873.7285073,-4.953632826746867,8.310381959407803
1758181873.8283682,-4.957466664051683,8.30324868205124
1758181873.9344375,-4.960909970573408,8.295918801198491
1758181874.0279806,-4.965754169395105,8.283323748434578
1758181874.1277409,-4.96811006319078,8.275575498642706
1758181874.228783,-4.970044331777921,8.267711385627592
1758181874.32774,-4.972316400764401,8.25440949423253
1758181874.4281309,-4.973267196786485,8.243654564660876
1758181874.5286746,-4.973368313123384,8.230163062264111
1758181874.6298392,-4.972844577794603,8.222081935789115
1758181874.7276115,-4.971469448925428,8.211373599300849
1758181874.8280349,-4.969327611680132,8.2007920865674
1758181874.927239,-4.967224629520674,8.192972179152676
1758181875.0313525,-4.964702695830754,8.185277233612934
1758181875.1290135,-4.959588997452332,8.172790691196877
1758181875.2269669,-4.954702719911097,8.163164044968951
1758181875.3277695,-4.947642217725745,8.151665682965621
1758181875.4281383,-4.942919592646123,8.145087772440938
1758181875.5316572,-4.93244461256554,8.13274350300677
1758181875.6275942,-4.924747699298162,8.12517263696443
1758181875.729474,-4.918628303860775,8.119868547337
1758181875.8335187,-4.907821906635119,8.111786505802131
1758181875.935425,-4.901004417754354,8.107415223346463
1758181876.0270534,-4.894821777943421,8.096216695352437
1758181876.1455717,-4.907658767259544,8.063251122038068
1758181876.2267568,-4.92521445206968,8.026344957277727
1758181876.3331404,-4.942660766923496,7.990348657673026
1758181876.4301484,-4.955743673067285,7.963343952323544
1758181876.52813,-4.973189239588103,7.927345000660803
1758181876.6320698,-4.986273718458165,7.900334518431555
1758181876.7276592,-5.008078971331686,7.855303017706817
1758181876.8267834,-5.025521329291823,7.819272674882393
1758181876.9272063,-5.042960185963678,7.783275946268305
1758181877.0279574,-5.06039915866573,7.7472794655323085
1758181877.1266587,-5.073478291531074,7.720282051907644
1758181877.2312188,-5.085524070035663,7.693137719702339
1758181877.3278792,-5.096578529221842,7.6949963116708
1758181877.4302711,-5.1055583121081325,7.701823193046851
1758181877.5290349,-5.109903242457661,7.705023377307019
1758181877.6325555,-5.1202401402710995,7.713695623883665
1758181877.7281337,-5.1297559531609975,7.7232617753294495
1758181877.8269386,-5.13672549119025,7.731506598009145
1758181877.9301894,-5.139983283999228,7.735811816796208
1758181878.0306687,-5.146023807197901,7.744760017467518
1758181878.1270177,-5.151405144789172,7.7541197179116965
1758181878.229617,-5.163345218069615,7.763525905621687
1758181878.331206,-5.197183362892433,7.75320605197381
1758181878.4269917,-5.235240722544776,7.738519206987505
1758181878.534571,-5.272445037327852,7.723832246446544
1758181878.6267235,-5.300348400707894,7.712817306710131
1758181878.7288978,-5.328251806723775,7.701802455351168
1758181878.8289676,-5.3561552556605285,7.69078769201176
1758181878.9280126,-5.393359920446894,7.676101477949493
1758181879.026817,-5.439865854433624,7.657743932175415
1758181879.1287496,-5.477070679294045,7.643058074996306
1758181879.229156,-5.514275567916999,7.628372379182363
1758181879.3285327,-5.551480515216881,7.613686846037201
1758181879.4268942,-5.59798677510431,7.595330159096589
1758181879.5268862,-5.635192575592186,7.5806457742826625
1758181879.628138,-5.672429679380049,7.565970514813064
1758181879.7301836,-5.700341509535338,7.5549612567422955
1758181879.8282175,-5.7375750875492475,7.540288984564444
1758181879.927353,-5.774814376157053,7.525614182807286
1758181880.0291946,-5.802736135132625,7.514606290994972
1758181880.127193,-5.839959997856581,7.499924189673197
1758181880.229881,-5.877184947653493,7.485239692411754
1758181880.330794,-5.9237293648536875,7.466884124384257
1758181880.4281662,-5.960966950801008,7.4521970779971065
1758181880.5295787,-5.988322805353499,7.441668154040907
1758181880.6287775,-6.00835950043947,7.434391575417434
1758181880.728615,-6.010079069463041,7.425491010406482
1758181880.829417,-6.005123907122509,7.415900676394487
1758181880.9274325,-5.999489007690734,7.406692120726286
1758181881.027644,-5.991538167828197,7.395790267842581
1758181881.1323938,-5.988088621124402,7.391637164840053
1758181881.232861,-5.980752419744859,7.383716579816368
1758181881.3270707,-5.972865338473924,7.376344062072543
1758181881.4292674,-5.966612957892769,7.3711974405227805
1758181881.5268173,-5.955604426300187,7.363393063537496
1758181881.6274352,-5.948677938943128,7.359196717714513
1758181881.730708,-5.941534972971452,7.355380287182217
1758181881.8335133,-5.929205832784661,7.3498936025466355
1758181881.9277396,-5.924144329390943,7.348013237923373
1758181882.0287097,-5.908600092218775,7.343481107247997
1758181882.1270072,-5.900993218487223,7.340087208129324
1758181882.230718,-5.899885626728261,7.309643783093853
1758181882.32691,-5.906406334965753,7.25885331672778
1758181882.4280412,-5.911866990727975,7.219206216088575
1758181882.5274675,-5.917327184711837,7.179565552765991
1758181882.6273649,-5.921427229619413,7.1498481339102735
1758181882.729489,-5.928260349578461,7.100319042427235
1758181882.8356335,-5.933726578934743,7.060695713985529
1758181882.9342651,-5.9378260959179805,7.030978186462957
1758181883.0294487,-5.943291912128484,6.991354777787517
1758181883.12807,-5.947391119462682,6.961637195074755
1758181883.227736,-5.952849469179909,6.922001880093109
1758181883.3293614,-5.9582991575191855,6.882351163287933
1758181883.4309196,-5.961022448913914,6.8625255880991345
1758181883.5327973,-5.9678261365903635,6.81296106451702
1758181883.6269586,-5.974634612385808,6.763418218149541
1758181883.7273633,-5.98008458182395,6.723792672446731
1758181883.83285,-5.9841621699827385,6.694056839240925
1758181883.9331815,-5.9895921296673125,6.654406261296535
1758181884.031179,-5.995023760054872,6.614754197907238
1758181884.1283505,-5.9990954024980825,6.585015511687365
1758181884.2274022,-6.004527421649912,6.5453775996963
1758181884.3282483,-6.009963522877364,6.505750153640997
1758181884.4268098,-6.016758315094874,6.456215777272878
1758181884.5303497,-6.022193882531506,6.416588221810999
1758181884.6313827,-6.026270403094393,6.3868675253068075
1758181884.7282295,-6.033064308904467,6.337332980013816
1758181884.828439,-6.038491561308378,6.297692495494735
1758181884.9273365,-6.042688081456039,6.260588002689696
1758181885.0275934,-6.043505444574764,6.243518635742759
1758181885.1289349,-6.051347873464792,6.240720273249785
1758181885.2290251,-6.061831881290345,6.243293328787758
1758181885.327819,-6.0721038724844965,6.246614939205735
1758181885.4287884,-6.0796363636244175,6.249586442278685
1758181885.5303411,-6.091798994215116,6.255427816392247
1758181885.6278563,-6.103387383643163,6.262338524483476
1758181885.7422123,-6.110025609459467,6.266975325677009
1758181885.8327382,-6.1285696764858395,6.264496801912186
1758181885.9280508,-6.1620694526696225,6.228480754699478
1758181886.0309892,-6.182068897009055,6.205993428115113
1758181886.126946,-6.208669086630372,6.17610745233286
1758181886.2281308,-6.235267960945901,6.146220359662813
1758181886.3342998,-6.25521626211431,6.123804351782417
1758181886.4286182,-6.282905415595972,6.0921591361910785
1758181886.5279992,-6.290818690622711,6.0876862340129305
1758181886.6289883,-6.296951741122391,6.091835631260461
1758181886.7384975,-6.304209345828032,6.099827949340279
1758181886.827893,-6.30926496170549,6.106153621771985
1758181886.9445632,-6.316909331679737,6.11727297471533
1758181887.0278904,-6.319681860504856,6.121905774142611
1758181887.1269534,-6.324718040667664,6.1314557134276955
1758181887.227003,-6.329054295113485,6.141343331040733
1758181887.3269312,-6.338202499326631,6.1466070305289415
1758181887.4288485,-6.372699235842162,6.13876551343506
1758181887.5277476,-6.411792623139941,6.126939447860202
1758181887.6281419,-6.440462594836903,6.117996835980709
1758181887.74032,-6.469131312528669,6.109057956886296
1758181887.8328655,-6.516854526118822,6.094142281174283
1758181887.9269962,-6.545487587471896,6.085193830063473
1758181888.0296876,-6.574124464235101,6.076248713159182
1758181888.1278455,-6.612331469301914,6.064331163101828
1758181888.227509,-6.650529271998387,6.052414369656562
1758181888.3272102,-6.6887142593193785,6.040491227155628
1758181888.4282734,-6.726893731158081,6.0285664155201495
1758181888.5278797,-6.755528379193345,6.019622927108839
1758181888.6274858,-6.79370797122088,6.00769843392934
1758181888.728487,-6.831887634705694,5.995774119835463
1758181888.8276787,-6.860522428988369,5.986831001313333
1758181888.9305673,-6.889157262208758,5.977887983123047
1758181889.0275066,-6.917792132747521,5.9689450655304
1758181889.1310263,-6.955972014522316,5.957021332674138
1758181889.2324526,-6.994151953209025,5.945097780763442
1758181889.326819,-7.022790514716788,5.936156556564524
1758181889.4277542,-7.049416834664286,5.929494632164733
1758181889.5299125,-7.0548215247784425,5.9261192601457395
1758181889.6331823,-7.056125287726005,5.919546693380338
1758181889.727624,-7.053431775921156,5.91166656681116
1758181889.826936,-7.052568638381706,5.908905404646348
1758181889.9301746,-7.047238823598099,5.8956626655164515
1758181890.0322423,-7.043463135218344,5.887941256934367
1758181890.130501,-7.03934227121004,5.8801715568275
1758181890.227793,-7.034682627092571,5.872904976653145
1758181890.3280091,-7.025735120348098,5.862262503004754
1758181890.428067,-7.019759954211087,5.85679705026978
1758181890.5271308,-7.0091740188559655,5.848429527676943
1758181890.6277096,-7.000190156355324,5.842441736909118
1758181890.727521,-6.993182118870977,5.838383522072752
1758181890.8277044,-6.983516718038374,5.833571943100819
1758181890.928462,-6.973530101925133,5.82946806928264
1758181891.0348468,-6.965860445577543,5.826867561152684
1758181891.1351042,-6.957162710791148,5.817487970975851
1758181891.2276692,-6.961682468557494,5.782401356870664
1758181891.3287594,-6.969687445813663,5.742378024973756
1758181891.437051,-6.975875813506647,5.7130243688786315
1758181891.5298154,-6.984126776897762,5.6738861059926755
1758181891.63371,-6.994440169789552,5.624963193971072
1758181891.7287204,-7.002208710664671,5.5863789310650285
1758181891.8277473,-7.0042320227804,5.567930852003382
1758181891.930619,-7.000365070747654,5.556952412697316
1758181892.026984,-6.989524611422125,5.5534975398609925
1758181892.1267989,-6.9786812587924985,5.552707197993626
1758181892.2269337,-6.973284569757187,5.552684972240489
1758181892.3394454,-6.957153707953649,5.5537270136994
1758181892.427089,-6.943867018796678,5.55592066731388
1758181892.5349734,-6.936010814950623,5.557807228129637
1758181892.627022,-6.928269283940327,5.560115449280673
1758181892.7329376,-6.918156551820711,5.563881790720045
1758181892.8317087,-6.908339825090085,5.568373816984673
1758181892.9361908,-6.898871751395937,5.573560270517116
1758181893.027368,-6.892029040054126,5.577889795478288
1758181893.1267629,-6.879093693518455,5.58762407157742
1758181893.2289863,-6.8750246765573735,5.591172116147556
1758181893.3386052,-6.869167047815281,5.596762990169012
1758181893.4296172,-6.863619595949498,5.602661904206871
1758181893.5276556,-6.85206633822619,5.614262537756866
1758181893.6328397,-6.82409870233193,5.602184144684263
1758181893.727147,-6.798033746466881,5.58522861513912
1758181893.8359315,-6.764540661561298,5.563199747660674
1758181893.932622,-6.722779523585063,5.535708179695241
1758181894.0275755,-6.6977227881253025,5.519213298630699
1758181894.127162,-6.6643137463262265,5.497220193942623
1758181894.2268958,-6.639256920235461,5.480725418850759
1758181894.3277566,-6.605847761908973,5.45873245861603
1758181894.4278708,-6.5782679655416265,5.441958086391925
1758181894.5278482,-6.572213638273685,5.43489162803928
1758181894.6269274,-6.575176869468187,5.4282146602289
1758181894.7277577,-6.5820509393960265,5.419890656729281
1758181894.8293633,-6.589506104296998,5.412082487038231
1758181894.927374,-6.595455684336856,5.4065893589338225
1758181895.033974,-6.603833152164526,5.399779626180548
1758181895.1283457,-6.614958260942167,5.392143347198527
1758181895.228435,-6.62194727389718,5.388052658351791
1758181895.3277416,-6.619373257916339,5.3647713094063665
1758181895.4279277,-6.602067699202565,5.3276193384397095
1758181895.5278206,-6.584775607402384,5.291503736428203
1758181895.6274905,-6.571815502994181,5.264443190095367
1758181895.735839,-6.554535131509394,5.2283694069434015
1758181895.8272295,-6.545895018039202,5.210332479202162
1758181895.9272494,-6.528615242734594,5.17425840641576
1758181896.0282083,-6.511336424596168,5.13818388072859
1758181896.1276417,-6.494058974534787,5.102108744051581
1758181896.2353008,-6.4810988506311125,5.075046684687662
1758181896.32937,-6.46814035103548,5.047991182965388
1758181896.4296958,-6.446543007158228,5.002898592445368
1758181896.5273933,-6.433585618605888,4.975838015275573
1758181896.6319053,-6.416310069757146,4.939752963751286
1758181896.7269518,-6.403353728188313,4.912686737520326
1758181896.8347015,-6.386077268464505,4.876611943974788
1758181896.9289837,-6.36448177103856,4.831518484453134
1758181897.0274963,-6.355843630191934,4.813481072881209
1758181897.1269631,-6.334248437164313,4.768384936114188
1758181897.229105,-6.3212925211246525,4.741318832036614
1758181897.3268895,-6.304024130545693,4.705216759234439
1758181897.4273486,-6.2824389325265,4.6600940884960576
1758181897.5290213,-6.274310199019889,4.64261877637907
1758181897.627706,-6.26859188358998,4.620578357497029
1758181897.734322,-6.274595099134239,4.616367818109601
1758181897.8279204,-6.287328615420725,4.611901937092276
1758181897.9280882,-6.29777254218217,4.609164774012893
1758181898.0327902,-6.308386398521156,4.607185995855221
1758181898.1276622,-6.321808743019215,4.6057942862657315
1758181898.2300813,-6.329903077861907,4.605540721642253
1758181898.3290412,-6.337989350666784,4.605690056826305
1758181898.4294071,-6.348731830789778,4.606558160890061
1758181898.5274513,-6.359380763181419,4.608196130522658
1758181898.6280434,-6.369881574281584,4.610597410443865
1758181898.7317786,-6.377627000642481,4.612890761116638
1758181898.8274097,-6.387738788194823,4.616598913292903
1758181898.9310179,-6.3975641154001455,4.621072148939185
1758181899.0281181,-6.4023496535643964,4.623571021299271
1758181899.1278508,-6.416123792697854,4.632077130477969
1758181899.2303834,-6.422646575893458,4.636875144102098
1758181899.3273191,-6.432113702730337,4.642465625201305
1758181899.4279075,-6.456809096986773,4.624626910761885
1758181899.5268066,-6.48543710445239,4.595093842527588
1758181899.6279483,-6.513297405958933,4.566378367243722
1758181899.728241,-6.541148245263152,4.537668380361429
1758181899.827119,-6.568997888025254,4.50895861429517
1758181899.9360218,-6.587562950013854,4.489754671306147
1758181900.0268922,-6.5993318505804055,4.481779705272539
1758181900.127738,-6.607059172159756,4.488253381741514
1758181900.2273672,-6.612191943356209,4.494516544795554
1758181900.3271246,-6.616979297214204,4.501047655230848
1758181900.4287899,-6.622801143326794,4.510139638804119
1758181900.5332208,-6.631329393983293,4.511425347178596
1758181900.6415205,-6.673307998788207,4.492976165791163
1758181900.7278025,-6.709191995769157,4.474553117210591
1758181900.8304222,-6.7447072185472825,4.456153812357215
1758181900.928237,-6.780222516973448,4.437754627425649
1758181901.0327876,-6.8009041718557794,4.428804881881281
1758181901.132042,-6.8077920313511,4.417903515920427
1758181901.2308521,-6.80201424134446,4.408808010982163
1758181901.328177,-6.797243522034679,4.402265145004111
1758181901.4269373,-6.792300619887469,4.395204616735136
1758181901.5266702,-6.796453964062709,4.399129263697723
1758181901.6272175,-6.8012006864869265,4.4056899611876394
1758181901.729913,-6.805586485954245,4.412497348537983
1758181901.8290672,-6.810850833541401,4.421923245605958
1758181901.9286919,-6.815423610987404,4.431703563589596
1758181902.0279555,-6.818384928403739,4.439240962009085
1758181902.129703,-6.820935150700045,4.446927258361379
1758181902.2368286,-6.824252289248827,4.460007564326795
1758181902.3268545,-6.825247399358206,4.465314355262351
1758181902.4282858,-6.8268945160562025,4.4787078200990145
1758181902.5292568,-6.827341001486271,4.48949534194341
1758181902.6321695,-6.828962164009176,4.497663498700942
1758181902.728044,-6.858397208460944,4.5055142004171085
1758181902.8320565,-6.899557336777285,4.508435588109353
1758181902.928453,-6.939446353255889,4.511759598699821
1758181903.0273116,-6.989303851373658,4.5159196676012
1758181903.129451,-7.019218617935127,4.518412425645624
1758181903.227185,-7.079048748472938,4.523390570394036
1758181903.328407,-7.108964102844112,4.525875972114489
1758181903.4299014,-7.148846450764951,4.529188838084405
1758181903.5290346,-7.188706897778244,4.532510973684612
1758181903.6290312,-7.208637128533839,4.53417194383158
1758181903.7275884,-7.248514362797449,4.537480653305622
1758181903.8275163,-7.288397471446944,4.540782754973077
1758181903.927032,-7.305891671746575,4.541549237312857
1758181904.032835,-7.326502732987036,4.5394307517406505
1758181904.1271567,-7.331545928353438,4.529914552140347
1758181904.2274208,-7.332613311917842,4.518211533019925
1758181904.3280594,-7.332762837462762,4.509477301883015
1758181904.4277332,-7.332268841363671,4.500842663805898
1758181904.5267231,-7.330184845833638,4.490026478275201
1758181904.6282005,-7.326901420577163,4.479741877691107
1758181904.732048,-7.322886751262619,4.469720210097867
1758181904.826792,-7.319408252434626,4.46240777662878
1758181904.9272795,-7.3127505978821175,4.45067154190702
1758181905.0289633,-7.312267977772439,4.437889936777049
1758181905.129847,-7.330356741129562,4.420489688086165
1758181905.2334971,-7.371096010793438,4.389546009791577
1758181905.3275695,-7.402897512053353,4.36527467325302
1758181905.4361498,-7.434698182882121,4.341002285483614
1758181905.5267985,-7.466498252774253,4.316729163207703
1758181905.627114,-7.498297703454315,4.2924554420713275
1758181905.7290652,-7.514197189749093,4.280318428075248
1758181905.8309305,-7.545453680150433,4.256576710422674
1758181905.9277227,-7.560932550593189,4.2441078960767875
1758181906.0269372,-7.559816812510656,4.237286904988043
1758181906.127419,-7.553074796425755,4.227889766034198
1758181906.2302365,-7.54545359211228,4.219635021779385
1758181906.3291726,-7.539194105250915,4.214497910602266
1758181906.440839,-7.532666410615297,4.20970602607395
1758181906.5292633,-7.5235785465475935,4.203877883079478
1758181906.6280034,-7.5140947800179125,4.1987184637515895
1758181906.728345,-7.506751637939325,4.195304004643312
1758181906.830791,-7.499234829803171,4.192290832220586
1758181906.9336946,-7.486380670947614,4.188184005649395
1758181907.0274792,-7.475863916052691,4.185741083511852
1758181907.1278005,-7.46787590625174,4.184409012315722
1758181907.228161,-7.459827676083848,4.183510045867195
1758181907.3274064,-7.44904361835447,4.182989478848154
1758181907.4334614,-7.438156846284366,4.181459933009464
1758181907.527645,-7.431094227901122,4.161856564690714
1758181907.6335323,-7.428140719667176,4.131340713083947
1758181907.7289014,-7.425643189333354,4.101010431362673
1758181907.8281515,-7.420902046182458,4.051228824412168
1758181907.93867,-7.418052150775116,4.021365523084775
1758181908.0274832,-7.4152023913053124,3.9915022036865544
1758181908.1269014,-7.411402924325715,3.9516844198811936
1758181908.2270513,-7.406653932832263,3.9019121579696496
1758181908.3276005,-7.403804720538065,3.8720487874662064
1758181908.4271953,-7.400006913658945,3.832229659435308
1758181908.5286543,-7.396236244825485,3.7923838667703453
1758181908.6271858,-7.392441455058793,3.7525656801897185
1758181908.7270086,-7.390640260021606,3.720436910383782
1758181908.8278437,-7.388540752290525,3.714982733993433
1758181908.9394603,-7.379514237482753,3.7123476730783436
1758181909.0293624,-7.3736461930721955,3.712647026529816
1758181909.1284647,-7.362276890543857,3.7141587884990006
1758181909.2278724,-7.350702888419649,3.7163197906841505
1758181909.3310106,-7.340197078029752,3.7199698389432103
1758181909.4284475,-7.330285861095602,3.724548422769084
1758181909.527715,-7.3231075647955,3.7284797337559095
1758181909.6272137,-7.3116532706508695,3.735887488827029
1758181909.7283974,-7.295146499464689,3.7317509365033934
1758181909.8277144,-7.26825608616057,3.7035086793031047
1758181909.92836,-7.247921054479271,3.6808962637011087
1758181910.0307922,-7.221144877988699,3.6511795215658824
1758181910.1284108,-7.194369634692959,3.6214651707380816
1758181910.2271848,-7.1675944131765466,3.5917508080382516
1758181910.3271632,-7.1341254204154945,3.55460784051562
1758181910.4305048,-7.119570081325762,3.5379444363735026
1758181910.5268698,-7.10936570804172,3.5340582334823747
1758181910.628148,-7.100011536627586,3.5435565758758782
1758181910.7277322,-7.094876037503498,3.549817557480005
1758181910.833863,-7.088568290837443,3.558579331187147
1758181910.9277143,-7.0842600562091205,3.5654362062371434
1758181911.0277214,-7.079103082650301,3.5749214567346614
1758181911.127244,-7.074641695552728,3.584753254309799
1758181911.2286475,-7.0708990655831645,3.594880630055311
1758181911.327619,-7.067894630695828,3.605251067743188
1758181911.4327638,-7.065200564892355,3.6184738929642033
1758181911.5273912,-7.064158819031888,3.6265050326499657
1758181911.6277044,-7.050062546598482,3.6326643890499697
1758181911.7364485,-7.021593965393444,3.6324346406655033
1758181911.8269928,-6.970696948489286,3.6304760605706408
1758181911.9272404,-6.9507054342662515,3.6295652721777962
1758181912.0276773,-6.890735295650488,3.626834856477562
1758181912.1279101,-6.860749229793698,3.625480570144959
1758181912.2277029,-6.820792666093031,3.623645213147558
1758181912.3292017,-6.790825233277915,3.6222688939404835
1758181912.4273865,-6.760856681694771,3.620893788357414
1758181912.5272977,-6.720883552041859,3.6190808189148855
1758181912.6269298,-6.680910889877406,3.617270702280603
1758181912.7280073,-6.630929830150502,3.615007819964513
1758181912.8509245,-6.610937483479705,3.614104056375761
1758181912.9273996,-6.560956419650289,3.61184955158646
1758181913.0292742,-6.520998191865241,3.6100340860428206
1758181913.1356187,-6.481040690842447,3.6082186475083926
1758181913.2397766,-6.451056102997694,3.606870567683814
1758181913.3299215,-6.401080740621252,3.6046288236089565
1758181913.4292965,-6.361096877018975,3.6028370894089643
1758181913.5285249,-6.3211308887642215,3.6010387884138613
1758181913.6273642,-6.281172765236152,3.5992366351773004
1758181913.7288375,-6.251204203642215,3.597885171306413
1758181913.8272867,-6.211246110018226,3.5960834543650133
1758181913.9283545,-6.1812775305483845,3.594732342583533
1758181914.0311139,-6.141312847460986,3.592938695535182
1758181914.1294806,-6.1113335024258015,3.5916040967076546
1758181914.230877,-6.071358679421535,3.5898265866077264
1758181914.3278987,-6.021381460703486,3.587607857099761
1758181914.4282343,-5.991391826794814,3.5862770991162183
1758181914.5271275,-5.951405464507007,3.5845067020945613
1758181914.6270428,-5.901443275194757,3.58228707141076
1758181914.7326884,-5.871473990991892,3.5809514737815014
1758181914.8274922,-5.851493796556516,3.580062053816013
1758181914.9269235,-5.801518251213132,3.577860314357882
1758181915.0271313,-5.771529420693369,3.5765423574670323
1758181915.127863,-5.731543967272511,3.5747856328530316
1758181915.2317433,-5.7015666280396315,3.5734648291010513
1758181915.3327396,-5.6515889059252755,3.5712841310980075
1758181915.4282959,-5.61161180865974,3.5695373040710043
1758181915.5275757,-5.571631320610931,3.5677972240143845
1758181915.6283822,-5.5316692220584995,3.5660431629742586
1758181915.727293,-5.471711489072214,3.5634309083541638
1758181915.8270457,-5.431735005276204,3.561699107718722
1758181915.9435916,-5.401746643044722,3.560400390303494
1758181916.0304303,-5.38175260506751,3.559534391749255
1758181916.1274378,-5.3317672957485645,3.5573742585636996
1758181916.2272005,-5.291787054653656,3.5556462636349995
1758181916.329969,-5.271806570528258,3.5547776739582595
1758181916.430296,-5.231845596063291,3.553040687396981
1758181916.5299556,-5.191865202829314,3.5513192562519222
1758181916.62932,-5.151882188791693,3.5496050348224673
1758181916.7335851,-5.101898010280967,3.547463448657736
1758181916.8276355,-5.071919401445422,3.546175011141
1758181916.9324565,-5.041931956568228,3.544899523372272
1758181917.0288062,-4.991954549490805,3.542772617436394
1758181917.1282043,-4.971973657586865,3.5419136308227492
1758181917.2271988,-4.942002313802489,3.540625278218756
1758181917.3281555,-4.902040509832959,3.53890770905184
1758181917.4328976,-4.862066694074823,3.537206981543349
1758181917.5284092,-4.832083018730541,3.5359354109245693
1758181917.6273596,-4.802099103930002,3.5346671057617796
1758181917.7276723,-4.76211176408024,3.5329753692580685
1758181917.8294013,-4.722121838782464,3.5312854389857127
1758181917.9346342,-4.702126818100947,3.5304421561015644
1758181918.0271857,-4.652155278760407,3.528329011702516
1758181918.127168,-4.6121926016061465,3.5266316162583786
1758181918.2278712,-4.572215853320756,3.5249449779747275
1758181918.3313234,-4.5422286781687,3.52368976033082
1758181918.429239,-4.522234207617443,3.5228517533527146
1758181918.5279086,-4.482245152765873,3.5211778379150465
1758181918.6267748,-4.442269440720854,3.519501944647659
1758181918.7277455,-4.412279968159468,3.5182558256632697
1758181918.831026,-4.372291578497469,3.516597558642407
1758181918.9277768,-4.3223371863006905,3.51449984439741
1758181919.027424,-4.2923645722355515,3.5132413520622428
1758181919.1318314,-4.262390494266321,3.511984209390377
1758181919.2272704,-4.222410574204614,3.5103282266413287
1758181919.3276803,-4.188714525292574,3.509545751524015
1758181919.4291995,-4.174337747258754,3.5120462999624467
1758181919.538106,-4.169936751901983,3.521129251971431
1758181919.6297557,-4.169561654940586,3.52693691918595
1758181919.727852,-4.168079471181273,3.538479632762466
1758181919.8280122,-4.148999752043855,3.5473078532428417
1758181919.930196,-4.108482595202824,3.554699224197555
1758181920.030629,-4.069087782675902,3.562104885918398
1758181920.1364334,-4.049427791635498,3.5658319066238526
1758181920.2357774,-4.019947197159465,3.5714257298988463
1758181920.3272147,-3.9708267680074996,3.580753125486191
1758181920.4304185,-3.931530370997586,3.5882147928443953
1758181920.5291305,-3.902058040999135,3.5938109000040828
1758181920.6281164,-3.852937429525366,3.603137476267796
1758181920.7274878,-3.8234650265728476,3.6087332628328292
1758181920.8276687,-3.7743442980315938,3.618059312200449
1758181920.9361668,-3.7448701149133905,3.6236536959383114
1758181921.0333598,-3.7055734149555155,3.6311139364653924
1758181921.1270149,-3.6662755065274846,3.6385733348443203
1758181921.227612,-3.6269400593817624,3.646011620918492
1758181921.3272471,-3.5998232793321536,3.650150698476442
1758181921.4298806,-3.582904808618772,3.6501384274640754
1758181921.528978,-3.5788925254629618,3.6444198261031575
1758181921.6278667,-3.57787474992431,3.63247598780897
1758181921.731128,-3.549580751961831,3.6262779993605445
1758181921.8277316,-3.518350877509592,3.6264254304559476
1758181921.9277527,-3.478195116294675,3.626655652880238
1758181922.0298817,-3.4481961760175666,3.6268444969122196
1758181922.1275961,-3.4181972679498887,3.627032252225067
1758181922.2339582,-3.3681883197228957,3.627333635529248
1758181922.3328092,-3.328151447405486,3.627546769319696
1758181922.426805,-3.3081373459768004,3.627660451725202
1758181922.5293543,-3.268139394258997,3.6279061574164926
1758181922.6299458,-3.2281313658733723,3.6281304488426085
1758181922.729036,-3.1881255810331974,3.628346873714222
1758181922.8279736,-3.158121235088302,3.6285070492479345
1758181922.9271638,-3.1081075770421975,3.628779813460614
1758181923.0332286,-3.0681095526555073,3.6290130488585346
1758181923.128412,-3.028100761993327,3.629234979108558
1758181923.2269695,-2.9880838299295642,3.6294457527410975
1758181923.3277159,-2.9680753452072786,3.6295504148301956
1758181923.4285302,-2.918075393623583,3.629827455276725
1758181923.5271156,-2.8780766277271397,3.6300494874316955
1758181923.6279504,-2.8380778681187127,3.630270341601315
1758181923.7279537,-2.8180784931711145,3.6303801530832724
1758181923.8270311,-2.7780797838249174,3.6305981666956773
1758181923.9283557,-2.738067155930002,3.630803157301113
1758181924.0274436,-2.69803031981989,3.6309862607036294
1758181924.1304002,-2.6679997480915834,3.6311229606906097
1758181924.226817,-2.617981285491373,3.631362146397559
1758181924.328083,-2.587982658949592,3.6315178065166367
1758181924.4283264,-2.5479844898884796,3.631725113115338
1758181924.5333266,-2.517985862747185,3.631880414823036
1758181924.630094,-2.467988149840856,3.632138915298862
1758181924.7281363,-2.4279891135498493,3.6323437598281765
1758181924.8310244,-2.387979961715679,3.632538937481569
1758181924.9275806,-2.3679710901412276,3.6326307208859223
1758181925.0593276,-2.337971549512046,3.6327782822755235
1758181925.1312943,-2.2979726716330497,3.632977091096485
1758181925.228365,-2.267973510250407,3.6331259324732526
1758181925.327426,-2.227974627443023,3.6333235261561048
1758181925.4328873,-2.187975751733293,3.633519624387014
1758181925.5271037,-2.1479769235827955,3.633713632752177
1758181925.6271427,-2.1079623340760274,3.6338934789605455
1758181925.7273653,-2.0679233092347786,3.634052732329998
1758181925.8318036,-2.0378905138376413,3.6341705043968973
1758181925.928607,-2.0078785743235064,3.6342941779332576
1758181926.0289152,-1.9778798584522468,3.6344324038538236
1758181926.1285841,-1.9495215961458163,3.6344069432031016
1758181926.2339506,-1.9384627417267686,3.6278088795614747
1758181926.3276985,-1.938643556145825,3.6224989454509795
1758181926.4267776,-1.9391228429780503,3.6171311385572102
1758181926.529927,-1.9411650865600234,3.603820467591773
1758181926.632668,-1.943654571819707,3.5933411227870553
1758181926.7275753,-1.9460138687066348,3.5856156986099386
1758181926.8328292,-1.9487871942233572,3.578030096941821
1758181926.9268234,-1.953143399939551,3.5681672390404713
1758181927.0326629,-1.9582217135998008,3.558640406713053
1758181927.1272733,-1.9639721244320685,3.549503555894145
1758181927.2268298,-1.9670901970346961,3.5450962321470647
1758181927.3284729,-1.9755611910937534,3.5345933851385203
1758181927.4269936,-1.9829965545176163,3.5267658277705847
1758181927.528703,-1.9889322444469963,3.521257241290648
1758181927.6273053,-1.9972925429492807,3.5144257670149344
1758181927.7296846,-2.0061227854286034,3.508213234213317
1758181927.8322718,-2.013026437228677,3.5039795378200873
1758181927.9294374,-2.022567663318876,3.498925726868736
1758181928.0286617,-2.0299487872945843,3.4955930651387086
1758181928.127632,-2.0400496106152914,3.491778289142989
1758181928.2269518,-2.047791059744126,3.489399619073133
1758181928.3336024,-2.050621340289455,3.4661229724140226
1758181928.4294283,-2.0443879544991357,3.4361203196685706
1758181928.5272546,-2.03817608424868,3.4064797091875727
1758181928.6274917,-2.0317746686358538,3.3771717778945223
1758181928.7272663,-2.0232396311352385,3.3380944925456406
1758181928.828984,-2.014704809813929,3.299017159698717
1758181928.9270854,-2.00617020464596,3.2599397826560534
1758181929.0295076,-1.9976358144989972,3.2208623643335645
1758181929.131821,-1.9891132516941459,3.1817667266849377
1758181929.2293227,-1.9827350913279889,3.152439650095186
1758181929.327967,-1.9742276144085067,3.1133458313953444
1758181929.4286451,-1.9657016515535346,3.0742665557029993
1758181929.5279095,-1.9593075305849665,3.0449570602295313
1758181929.6270318,-1.9507877278929813,3.005867233468216
1758181929.7273753,-1.9465328367374881,2.9863095726365505
1758181929.8331587,-1.9380225423084043,2.947206618463574
1758181929.926966,-1.9295138348783343,2.908099876469462
1758181930.028844,-1.9210090474872485,2.868992257643121
1758181930.1290207,-1.9125054351749513,2.8298903701113622
1758181930.2276046,-1.903996462699304,2.7908074098152005
1758181930.3287086,-1.8954877094327751,2.751724395827441
1758181930.427359,-1.889106286691067,2.722412102216043
1758181930.5269446,-1.8805979131376156,2.683329002620971
1758181930.6275365,-1.8720897565714365,2.64424585874753
1758181930.7279694,-1.8635818156826096,2.6051626735498488
1758181930.8302085,-1.8572010557294685,2.5758502602471864
1758181930.9300141,-1.848715978532007,2.5367495598562435
1758181931.0292296,-1.838105633408254,2.4878794167079508
1758181931.1362402,-1.8296038244073984,2.4487949280644985
1758181931.2278683,-1.8232275561034486,2.41948149505723
1758181931.328121,-1.812614468741519,2.370596742119154
1758181931.4270988,-1.808945642437417,2.3429390407408572
1758181931.5297158,-1.8110640575291082,2.334949736188076
1758181931.626824,-1.8216864455358632,2.3333121567703543
1758181931.7281585,-1.8297785717326176,2.332630796307011
1758181931.8272083,-1.8405768218510048,2.3305569920240448
1758181931.9270546,-1.8472861407271406,2.3008416848994773
1758181932.0271451,-1.8483794080820162,2.269627213862192
1758181932.1300023,-1.850657272669191,2.2196490908209054
1758181932.2272127,-1.8524773638036136,2.1796731525546695
1758181932.3273985,-1.8533857426635303,2.159684243628844
1758181932.42672,-1.8556810934514847,2.1097376280687836
1758181932.530244,-1.857059596790367,2.0797702722999785
1758181932.6279712,-1.8593567794763937,2.0298246645511555
1758181932.7270308,-1.861194234773007,1.9898681716381288
1758181932.8271434,-1.8630234304729165,1.9499043612111961
1758181932.9270153,-1.8644004351859609,1.919936961656741
1758181933.036473,-1.865777342017452,1.8899695515043609
1758181933.1278732,-1.8685027930531937,1.8300044876351442
1758181933.2271423,-1.8707658797991424,1.780029485543517
1758181933.3278916,-1.8716692963177994,1.7600383014332033
1758181933.4364429,-1.8734796503525633,1.7200691326002966
1758181933.5281897,-1.8752893535628128,1.6801007893549476
1758181933.6286917,-1.877100221322505,1.640131311861993
1758181933.7313297,-1.8789183037525121,1.6001739686038703
1758181933.8266964,-1.880281695346237,1.5702059427264874
1758181933.92856,-1.8825536910637928,1.520259200126518
1758181934.0281565,-1.8843709968087865,1.4803017808946894
1758181934.1320317,-1.885732394414733,1.450331768104514
1758181934.2292817,-1.8879804556279842,1.4003522016192569
1758181934.3268216,-1.8897741155160839,1.3603666329523034
1758181934.4269626,-1.8915632364638193,1.320380892564729
1758181934.5297918,-1.892905429998933,1.290396981919416
1758181934.628838,-1.8951546477902694,1.2404492551086301
1758181934.732619,-1.896942530848378,1.20047796917931
1758181934.8273356,-1.8987210806571013,1.1604919167085066
1758181934.927127,-1.899610038338294,1.140499584034402
1758181935.0363262,-1.9018276885356522,1.0905185489804228
1758181935.130895,-1.903603652719554,1.0505452179867993
1758181935.2327282,-1.9058324784306722,1.000596582001486
1758181935.3306398,-1.9071695787955436,0.9706273796429529
1758181935.4268494,-1.9089521522208888,0.9306684189031006
1758181935.5275674,-1.9107344666019481,0.8907094324809359
1758181935.6304326,-1.9129619958184867,0.8407606696999619
1758181935.7267551,-1.9142944710170497,0.8107874012188688
1758181935.8305101,-1.916057489625999,0.7708004666473122
1758181935.9288337,-1.9178162939462757,0.7308133288884819
1758181936.029896,-1.919570556562588,0.6908260241208157
1758181936.1274025,-1.9208870175711188,0.6608416380786286
1758181936.2274008,-1.9226517020084386,0.6208819078126495
1758181936.328032,-1.9239740380711527,0.5909107530481349
1758181936.430888,-1.9257164347727045,0.5509258605452741
1758181936.5289757,-1.9270214665686234,0.5209393346751949
1758181936.6277347,-1.9291981896207955,0.47095649763534747
1758181936.73157,-1.9309380043588849,0.43097581844648103
1758181936.8277898,-1.9322502236310064,0.40100553220030866
1758181936.9271593,-1.9335622956850946,0.37103523168932
1758181937.0278494,-1.935311497501468,0.3310748067082138
1758181937.1274135,-1.9366232284800806,0.30110447001854795
1758181937.227848,-1.9383719763274376,0.2611439991327558
1758181937.3278577,-1.939683367311471,0.23117363177702718
1758181937.4269924,-1.9414316622310732,0.19121312738589766
1758181937.5277886,-1.9427295030157172,0.16122412093977642
1758181937.6302586,-1.9440254469583376,0.13123273704976318
1758181937.7267258,-1.9461796763753827,0.08124687608537257
1758181937.8331144,-1.9478983034499626,0.04125866261896312
1758181937.9301007,-1.9496298179061902,0.0012974601445874512
1758181938.0282612,-1.951359184360886,-0.03866738842029195
1758181938.1273005,-1.9534951395916698,-0.08864606928306804
1758181938.226868,-1.9547752028867909,-0.11863697692326103
1758181938.327523,-1.9564824616482657,-0.15862478034293634
1758181938.4269056,-1.9581896000565122,-0.198605252216045
1758181938.5272033,-1.9594767798766246,-0.22857662494946931
1758181938.6277416,-1.961192791245922,-0.26853847827947513
1758181938.7276552,-1.962479628999115,-0.2985098863863647
1758181938.827347,-1.9646240339844938,-0.3484622664555595
1758181938.9270926,-1.966339266317501,-0.3884241968377837
1758181939.0276887,-1.9680542396831568,-0.42838614533035657
1758181939.1274297,-1.9693306749690156,-0.45837065706184743
1758181939.229436,-1.9710255089579087,-0.4983606041140152
1758181939.332087,-1.9717062796128746,-0.5321400981523841
1758181939.4280407,-1.9742193848341134,-0.5455636057317217
1758181939.5405052,-1.983512743100386,-0.5470951094310228
1758181939.628519,-1.996814849385543,-0.5448306147228554
1758181939.7286263,-2.00727611951558,-0.5421636676469043
1758181939.82772,-2.0175182616628913,-0.5387511635270621
1758181939.9280903,-2.0250241185320323,-0.5357130295001609
1758181940.0319374,-2.037134502474091,-0.5297641088170946
1758181940.1272783,-2.0441266394430135,-0.5256804954144011
1758181940.2275927,-2.0530874071906484,-0.5196601822233183
1758181940.3268135,-2.061592001384562,-0.5130109085708036
1758181940.430273,-2.0695964184044673,-0.5057670662170511
1758181940.5302331,-2.081994832280638,-0.5026238755314852
1758181940.630486,-2.102791016574383,-0.5166770909163259
1758181940.7273798,-2.1340767489454806,-0.5433772863817542
1758181940.8269088,-2.164469300031062,-0.5693870882743154
1758181940.9276617,-2.194854602864425,-0.5953984217243423
1758181941.027948,-2.2176435971909516,-0.6149069078599699
1758181941.127305,-2.248028945562989,-0.640918201284834
1758181941.2269413,-2.2784143185457575,-0.6669294672962571
1758181941.3279152,-2.308268971672053,-0.6924166106241976
1758181941.4294138,-2.324276303529165,-0.7036870343567924
1758181941.5271387,-2.333839104826803,-0.6965492423005082
1758181941.6274135,-2.3398188202653833,-0.68756040718495
1758181941.7312963,-2.3451365803986555,-0.6781645639399072
1758181941.8365476,-2.348673759749859,-0.6708797828799633
1758181941.9353306,-2.3527688352082023,-0.6608899157179663
1758181942.0281177,-2.3568601267272107,-0.648030779057972
1758181942.1293104,-2.358169948537774,-0.6427927871055799
1758181942.2279453,-2.3602200243320386,-0.6321923872566146
1758181942.3275213,-2.3612540935857025,-0.6241603067004392
1758181942.4343839,-2.361955801131381,-0.6133863591261397
1758181942.5270977,-2.3619749540660466,-0.6052898966927769
1758181942.627055,-2.362816004282245,-0.5916361464830598
1758181942.7272232,-2.391666030168083,-0.581852070024019
1758181942.843642,-2.432430260906446,-0.5761177581997003
1758181942.9283168,-2.4621089390023747,-0.5716232687170006
1758181943.0269904,-2.491788013993089,-0.5671307164299288
1758181943.1279337,-2.541253918233844,-0.5596482149621325
1758181943.22931,-2.5682848542487036,-0.5565127310298869
1758181943.331895,-2.579049202567127,-0.5565162896848737
1758181943.4275532,-2.5876271431695366,-0.5527910307197551
1758181943.5276418,-2.5860123630106426,-0.5427017049041353
1758181943.6317184,-2.582865429888529,-0.5323745927942831
1758181943.7273197,-2.580022069866036,-0.5247925529645077
1758181943.8343904,-2.5816454687300774,-0.5174149391265265
1758181943.9354167,-2.586240790487889,-0.5125092509945871
1758181944.0275495,-2.5909730507765683,-0.5073809191855642
1758181944.128045,-2.6030538584129133,-0.49721524125280486
1758181944.2271101,-2.62635867194268,-0.478898282633414
1758181944.3272207,-2.6544600095950197,-0.45755676695451075
1758181944.4276476,-2.6867733229165194,-0.4344285641994224
1758181944.529889,-2.723386538987951,-0.40495867788482637
1758181944.6335557,-2.747527950319083,-0.3870752309930624
1758181944.7277772,-2.7801835835728177,-0.36331893757962397
1758181944.8269484,-2.798826484613196,-0.3509693636588712
1758181944.92959,-2.8042024812402997,-0.34140320208048014
1758181945.0301943,-2.7975652123622763,-0.3331746028930608
1758181945.126934,-2.790024944807911,-0.32544866913289516
1758181945.2269874,-2.781948365046077,-0.3182850005449726
1758181945.3317866,-2.775564002957181,-0.3133036786607475
1758181945.4320776,-2.766650950968139,-0.30721144970756903
1758181945.5288618,-2.75251762201655,-0.2993136319210612
1758181945.6303895,-2.7451517979739943,-0.29594816021060133
1758181945.7291632,-2.7406515744932776,-0.27968182153852683
1758181945.8418612,-2.752056642861865,-0.2424115419530412
1758181945.9298804,-2.768012709839199,-0.1946012682957799
1758181946.0294678,-2.7808713820524056,-0.15669383929105568
1758181946.1349256,-2.793731466322482,-0.1187877285724856
1758181946.2269275,-2.803376309240715,-0.09035826302238363
1758181946.329562,-2.816236259028083,-0.052452447559172034
1758181946.4272249,-2.829096737063649,-0.014546477390386477
1758181946.527212,-2.8419590920177153,0.02335953920833047
1758181946.6272938,-2.848696056453977,0.05017578721708356
1758181946.7321355,-2.8445952106578205,0.05880638557090601
1758181946.8267937,-2.8314861542403786,0.06199696300155893
1758181946.9384708,-2.823499959309895,0.06333941855406736
1758181947.0269034,-2.810066003190739,0.06461324963877584
1758181947.1296535,-2.7992716688661634,0.0647621029217389
1758181947.230605,-2.785808497591686,0.06385381146019303
1758181947.3273106,-2.7775047777978177,0.06449960508783627
1758181947.427468,-2.7622119581558198,0.11327249207960945
1758181947.527614,-2.7543710089193487,0.15278614277123875
1758181947.6269133,-2.746334152579674,0.1919688895090925
1758181947.730002,-2.742315808995489,0.21156028435681817
1758181947.8272712,-2.734279289474428,0.2507431187447792
1758181947.9268293,-2.7291607983438264,0.2838500123353175
1758181948.0269315,-2.7326439719584674,0.29896384170547796
1758181948.1341577,-2.740447893587754,0.30128207085456804
1758181948.2358856,-2.7485186778845905,0.301950136683631
1758181948.3269699,-2.759309869831574,0.302170394283645
1758181948.435909,-2.770077612275095,0.301660520858676
1758181948.5278084,-2.7787680645826534,0.31436235316760097
1758181948.6276624,-2.7852601803034442,0.35282570159048693
1758181948.7436388,-2.790576070394524,0.3929524616572925
1758181948.8307211,-2.7976242812758776,0.4424561778945594
1758181948.9273868,-2.8032641724054868,0.48205513173108816
1758181949.029545,-2.8074939349487518,0.5117543701686866
1758181949.1291616,-2.8117235643407708,0.541453627975637
1758181949.2288744,-2.818772653009151,0.590952433039342
1758181949.3315914,-2.824392681918141,0.63056481992711
1758181949.4358993,-2.8286046822317785,0.660277161027142
1758181949.5277252,-2.8342175642603746,0.6998919356845491
1758181949.627014,-2.8374743494868637,0.7333473136592583
1758181949.7293286,-2.836606401927299,0.7441152611157549
1758181949.8287344,-2.8333824387327318,0.747569737760758
1758181949.9269166,-2.819829592800149,0.7482091658311975
1758181950.0283139,-2.808848246171074,0.7547908239353814
1758181950.1303668,-2.8040854229222854,0.7794512310356959
1758181950.2301912,-2.8021996486789247,0.8107126755359964
1758181950.32783,-2.798447397324692,0.8606350916984774
1758181950.4290926,-2.795402489312341,0.9005176598091749
1758181950.5271533,-2.7923578381109375,0.9404002577667365
1758181950.6277165,-2.7893134415402834,0.9802828872884641
1758181950.7279053,-2.78771401944209,1.0139693237277128
1758181950.827989,-2.788746705910464,1.0254724445541796
1758181950.927566,-2.7939823467858678,1.0315072301093284
1758181951.0273092,-2.8048867676636946,1.0325865748275187
1758181951.127507,-2.8156351578567453,1.0317714688134807
1758181951.2363348,-2.826292889297509,1.030185783889584
1758181951.328297,-2.83680619951246,1.0278359665217711
1758181951.4361594,-2.851030148100853,1.0465544759942238
1758181951.530165,-2.863508044366021,1.0855459965718273
1758181951.6275594,-2.8758571647830284,1.1236378442532362
1758181951.72857,-2.8851274522584403,1.152168333645989
1758181951.827726,-2.897487663700345,1.1902090451252132
1758181951.9320295,-2.9093368867008462,1.2277067958121113
1758181952.0275974,-2.913027869910082,1.2486625845574415
1758181952.127416,-2.906201353630326,1.2548666823904249
1758181952.2329092,-2.8956555976630987,1.2571801199414376
1758181952.327191,-2.8849705858455845,1.2587289206619852
1758181952.4272516,-2.874201807271582,1.2595050409225474
1758181952.5293567,-2.860718904737563,1.2594206775129273
1758181952.633251,-2.8499803140486124,1.2585062636863118
1758181952.7295916,-2.839338469904983,1.2568205063009878
1758181952.8275554,-2.82884907278998,1.2543739095741249
1758181952.9296806,-2.823112124371367,1.2537086284841097
1758181953.0279987,-2.8229528255162646,1.2538486401451452
1758181953.1273644,-2.822952863792716,1.2538486493398115
1758181953.227574,-2.8229528710932867,1.253848648384711
1758181953.329209,-2.822952875527004,1.2538486464810257
1758181953.4293597,-2.82295287783193,1.2538486455413458
1758181953.5279691,-2.8229528806443236,1.2538486445058261
1758181953.6271157,-2.822952883210897,1.2538486436784122
1758181953.7321281,-2.8153510689491195,1.2778160654902153
1758181953.8351164,-2.8029617029983873,1.3176359462235874
1758181953.9293473,-2.7912410516209123,1.3567245112395705
1758181954.0279229,-2.7792263800713255,1.394875771343281
1758181954.1276045,-2.77316580687224,1.4217709421666869
1758181954.2269974,-2.77664102483844,1.431916019287895
1758181954.3280034,-2.7845932362355876,1.435238438533291
1758181954.426946,-2.792664261867998,1.4369644123352856
1758181954.527841,-2.806082611847308,1.4383967818444032
1758181954.629552,-2.8168742437017693,1.4386727338778824
1758181954.7340531,-2.8276588825965234,1.4381702652499848
1758181954.8295326,-2.835708271846765,1.4372848276069787
1758181954.9380956,-2.8436980137266183,1.4359662472457526
1758181955.028295,-2.8566003307115397,1.455545867987649
1758181955.135625,-2.866285754279563,1.4953252949882438
1758181955.2309418,-2.8759600027991183,1.5341781052379686
1758181955.3279846,-2.8856382747671514,1.5729880095057835
1758181955.4276829,-2.8928968502349557,1.6020954692264404
1758181955.5302331,-2.904972465163658,1.650644006748051
1758181955.6284647,-2.9122243800425336,1.6797588073293137
1758181955.7283237,-2.921895580264814,1.7185711793832372
1758181955.8291194,-2.931565661332806,1.7573837746775425
1758181955.9338725,-2.9388170750807463,1.7864934173848321
1758181956.028937,-2.9436505015189933,1.80589991221804
1758181956.1299536,-2.955735615636077,1.8544152702662298
1758181956.2274241,-2.9629878122692443,1.8835243081907773
1758181956.3330574,-2.9702398900610536,1.9126333779518214
1758181956.431177,-2.97749185048192,1.9417424794224543
1758181956.5287368,-2.9895612910455487,1.990277159874385
1758181956.629517,-3.0016202085158636,2.0388092766147423
1758181956.7269979,-3.011264809798364,2.077639267685417
1758181956.8286006,-3.0185105081416492,2.106749946691151
1758181956.927608,-3.028171195274098,2.1455642349107027
1758181957.0286613,-3.037831688661805,2.1843785713253134
1758181957.13321,-3.0498988849718436,2.2329143890631733
1758181957.2276137,-3.0595562318446152,2.271730243607769
1758181957.3282683,-3.064515094889821,2.299194278136109
1758181957.4276974,-3.071169923210913,2.3077551901597366
1758181957.530456,-3.078624373783006,2.3062228188880103
1758181957.6269329,-3.0918357451056484,2.3019244762378643
1758181957.7339323,-3.1023103707525257,2.297709488397968
1758181957.8276565,-3.110011929230535,2.2940558788731535
1758181957.9270809,-3.1202651070115435,2.2886667419653675
1758181958.0273466,-3.128983681087165,2.2820710165896854
1758181958.1276686,-3.13688622986813,2.274715891879723
1758181958.227012,-3.1442393200362178,2.2668113507269756
1758181958.3292847,-3.1493705527746285,2.2605468818324055
1758181958.4278963,-3.1571479210208455,2.249520188150249
1758181958.5303032,-3.1639030254147724,2.237838882682623
1758181958.6455278,-3.1674422629417363,2.2305550071616658
1758181958.7276826,-3.170583263248257,2.2230906519290157
1758181958.827443,-3.1749089020977235,2.210308344160938
1758181958.9279637,-3.176946311273561,2.202470393662357
1758181959.0275614,-3.1785577170049435,2.194533896857311
1758181959.127514,-3.211183773341356,2.1904330862990777
1758181959.229625,-3.252149271662154,2.1947660006032192
1758181959.327519,-3.2918749659906528,2.199430999840869
1758181959.427444,-3.3216692477160294,2.20292953924048
1758181959.526988,-3.371326420591567,2.2087601237965835
1758181959.6269944,-3.4110521902640225,2.213424308442957
1758181959.7286403,-3.4408465349238013,2.216922282625722
1758181959.8276272,-3.4706408939874365,2.220420117043624
1758181959.9298458,-3.5203057111515084,2.226241682287409
1758181960.0270658,-3.5501126457018257,2.22972492014263
1758181960.140631,-3.5898551849061966,2.2343676764523446
1758181960.2281282,-3.6296035031486458,2.2390106354078956
1758181960.3277473,-3.679266231915506,2.244827329642483
1758181960.4271848,-3.7190148755646333,2.2494684328229284
1758181960.5350904,-3.758764537511576,2.2541065179734985
1758181960.6271608,-3.7786407523815413,2.2564250027573856
1758181960.727037,-3.818393499776522,2.2610590731889633
1758181960.8358326,-3.858131613156129,2.2656921056005195
1758181960.9277802,-3.878004296204736,2.268006014874167
1758181961.0351067,-3.9177329230160822,2.27264589037236
1758181961.1271722,-3.9475294066011632,2.2761256292667
1758181961.2294788,-3.9872580769508077,2.28076506153976
1758181961.3319747,-4.0269867751979005,2.285404242618094
1758181961.4276183,-4.066715499967753,2.290043173462057
1758181961.528605,-4.096514285881869,2.293519995856912
1758181961.6270638,-4.14617530535418,2.299317631293595
1758181961.7268815,-4.175977208843078,2.302791017365733
1758181961.828027,-4.2256659455260435,2.3085617725806626
1758181961.9272375,-4.255473539556571,2.3120292279489734
1758181962.0285416,-4.305140164160717,2.3178158723686226
1758181962.1267395,-4.334953710270372,2.3212785379825074
1758181962.226513,-4.364767137201324,2.324741370617915
1758181962.3282456,-4.4045221425134296,2.329354001703967
1758181962.427681,-4.444277662534161,2.3339642530527933
1758181962.5290174,-4.484017025498605,2.3385729068472565
1758181962.6273286,-4.523757399571638,2.34318407491137
1758181962.730092,-4.553555941643052,2.346646142702421
1758181962.843376,-4.593287357073151,2.351262013836524
1758181962.9285808,-4.642951666167204,2.3570314993064265
1758181963.0279624,-4.682683143562303,2.361646805567452
1758181963.127746,-4.722416873844465,2.366259633109713
1758181963.2279198,-4.75221554970616,2.369720494713407
1758181963.3298187,-4.791949094724682,2.37433314389757
1758181963.4291368,-4.83169631358273,2.378929808846685
1758181963.5275338,-4.851577399689304,2.381223664067709
1758181963.6272392,-4.901253275749358,2.3869783084070053
1758181963.729936,-4.940996552577787,2.3915788340184685
1758181963.827872,-4.970812287150311,2.3950236300573087
1758181963.9273212,-5.000621602924227,2.3984636272032422
1758181964.0327282,-5.060237408222329,2.4053576984753167
1758181964.12852,-5.099992035575101,2.4099417942595664
1758181964.227575,-5.139729230626767,2.4145360715570936
1758181964.3370736,-5.159596093795014,2.4168340373487536
1758181964.4270928,-5.20309681678089,2.4205557484671507
1758181964.53724,-5.217060318403209,2.4184402878356956
1758181964.632521,-5.221651255938971,2.4089048416936025
1758181964.727808,-5.223733694541311,2.3978793043062203
1758181964.82759,-5.253196826011286,2.390116888354288
1758181964.9394312,-5.304462493518709,2.38644685137294
1758181965.028809,-5.33437342333205,2.3839980778561483
1758181965.1277728,-5.374237537615786,2.3807201241948186
1758181965.228026,-5.414122902183309,2.3774616132575916
1758181965.3304641,-5.454012191448895,2.374208472459637
1758181965.4299915,-5.49390468803646,2.370954875177981
1758181965.52788,-5.5138510877819815,2.369329753932302
1758181965.6267776,-5.553744160092215,2.366082911122799
1758181965.728787,-5.583664179781036,2.3636507198005012
1758181965.8286753,-5.623542633607564,2.3604029970125224
1758181965.9284804,-5.673375287940345,2.356336633972993
1758181966.0287628,-5.713241446836031,2.3530838188374923
1758181966.1318693,-5.743141087114008,2.3506443666113794
1758181966.227234,-5.783007301245545,2.3473919740679707
1758181966.3289561,-5.8228735436139125,2.3441398202964336
1758181966.4292927,-5.8727070261660685,2.3400751967971813
1758181966.527116,-5.902607312250403,2.337637076314937
1758181966.6277902,-5.9424961415185225,2.334407702499829
1758181966.7269204,-5.992329756943044,2.33034874563407
1758181966.8279016,-6.032205264160003,2.3271091484461697
1758181966.9269156,-6.0621201425434466,2.3246895314838136
1758181967.0287092,-6.102007068168625,2.321461887659288
1758181967.1319923,-6.151874716576778,2.317436727508368
1758181967.228128,-6.181796205461128,2.3150223291295333
1758181967.3270066,-6.231663687305816,2.311002651559761
1758181967.4281182,-6.2715319847179565,2.3077762462498312
1758181967.5434456,-6.311400310059106,2.30455019037228
1758181967.6299047,-6.3413015749298856,2.3021308087487466
1758181967.7273579,-6.391137056087024,2.2980988085541005
1758181967.8276694,-6.421038367331684,2.295679788499308
1758181967.9275317,-6.460906805646408,2.2924546369856214
1758181968.0329497,-6.49080814940023,2.290035929131455
1758181968.1307552,-6.5306778402458585,2.286812048678633
1758181968.227205,-6.570569718223068,2.2836084871821956
1758181968.3270621,-6.620405754180183,2.2795832518130563
1758181968.4275317,-6.650307380091226,2.277168294628671
1758181968.5336533,-6.690204048337369,2.273974130096965
1758181968.645257,-6.730085588089637,2.270768902433995
1758181968.731046,-6.760008323530833,2.26837108713901
1758181968.827266,-6.779956968766921,2.2667737316855763
1758181968.9276278,-6.829828977295675,2.2627852928329957
1758181969.0270185,-6.8796845125843245,2.25879407712172
1758181969.128321,-6.909587384299445,2.2563947892414165
1758181969.2274683,-6.939490273261935,2.2539956396130223
1758181969.3312788,-6.969393180102434,2.2515966273155916
1758181969.430109,-7.009263750285601,2.2483981562433217
1758181969.5289407,-7.059102004877336,2.244400405167531
1758181969.6292791,-7.098972637725485,2.2412024724831205
1758181969.7291288,-7.1388445030306915,2.2380055693832426
1758181969.827435,-7.188705788041985,2.23402891773877
1758181969.9351158,-7.218609424552133,2.2316340951459304
1758181970.028608,-7.248512684946484,2.2292393745987207
1758181970.1276844,-7.28578939047786,2.2269462358388603
1758181970.2273376,-7.300540690136636,2.2262989120384806
1758181970.3310897,-7.307589861427642,2.2225973085735107
1758181970.4303682,-7.308326041705409,2.212273278343756
1758181970.5276525,-7.3072974726267015,2.2007954652826904
1758181970.6278365,-7.306302257058496,2.1952194811792203
1758181970.72764,-7.303872403791698,2.1839498034792575
1758181970.8279543,-7.299801299892998,2.17387774139369
1758181970.9274347,-7.294823787438076,2.1642978153343777
1758181971.0277562,-7.290645371161761,2.1573614978627713
1758181971.1272616,-7.284503572647784,2.1484829591457797
1758181971.227687,-7.277739006013345,2.140069129139535
1758181971.3284612,-7.270386658702197,2.1321635545932223
1758181971.4274018,-7.262484558119822,2.124807173833754
1758181971.5295758,-7.254073588323117,2.1180381098972956
1758181971.6304564,-7.245197291503872,2.1118914718004396
1758181971.7304933,-7.2359016511634575,2.106399164681745
1758181971.8294146,-7.23177425850678,2.0966850014859078
1758181971.9275062,-7.243700545323195,2.0633792304215772
1758181972.0350907,-7.260226915587227,2.026091797555191
1758181972.127767,-7.276680625332304,1.9896344121938696
1758181972.2329748,-7.293134163157341,1.9531769408159583
1758181972.327785,-7.309587532087271,1.9167193926554444
1758181972.430755,-7.326040732770385,1.8802617722866022
1758181972.5274436,-7.338380523756072,1.852918512136338
1758181972.6277068,-7.354833434287695,1.816460774805039
1758181972.7293344,-7.375398119562717,1.770884417722274
1758181972.8274448,-7.383624195304692,1.7526553875884072
1758181972.9276946,-7.395963244913576,1.725311818648439
1758181973.0300367,-7.409283333225225,1.690805165342702
1758181973.1278079,-7.408297622862005,1.6826254331810135
1758181973.2317631,-7.398925331978984,1.6770272584245323
1758181973.328345,-7.388327773025169,1.6728317932308503
1758181973.4272866,-7.375112813394108,1.6701006779184777
1758181973.5278997,-7.36976694349244,1.669342976314576
1758181973.6323617,-7.360964803500619,1.6549229458193953
1758181973.7293243,-7.361598428654847,1.6158965456591339
1758181973.8313184,-7.363359722146501,1.5755648704916427
1758181973.9273849,-7.36530219299463,1.5356019704290471
1758181974.026987,-7.3677389949601215,1.4856630503534263
1758181974.1273396,-7.369200881644525,1.4556996768609416
1758181974.226898,-7.371637036459119,1.4057606859895466
1758181974.3284757,-7.3735856704563725,1.3658094649191648
1758181974.4400342,-7.375534047374713,1.3258582235949803
1758181974.5274477,-7.3774679871644455,1.2858865526474972
1758181974.635003,-7.378913924444095,1.2559021272545507
1758181974.728026,-7.380357307551352,1.2259175820227919
1758181974.8293314,-7.382757298052948,1.1759431141763808
1758181974.9327302,-7.384686985290658,1.135987295310817
1758181975.0285044,-7.386135468703683,1.10602328356523
1758181975.127259,-7.3880520628330375,1.06605446540226
1758181975.230934,-7.389962014341161,1.0260782293729707
1758181975.328804,-7.391869143754045,0.9861009679138668
1758181975.4334245,-7.393774717300504,0.9461222567762563
1758181975.5269752,-7.395210405786892,0.9161541054161775
1758181975.6275878,-7.3976062744765265,0.8662132075519338
1758181975.731402,-7.399522677351465,0.82626045750557
1758181975.8273082,-7.401438821533397,0.7863076794327568
1758181975.9278598,-7.4033547077919835,0.7463548758536074
1758181976.0274487,-7.405270336693899,0.7064020511409727
1758181976.1285462,-7.407174687031076,0.6664337021946776
1758181976.2273712,-7.409069970460211,0.6264528602132005
1758181976.3287964,-7.410960738232892,0.5864718379650441
1758181976.4295366,-7.412375848600793,0.5564859573966349
1758181976.5277793,-7.414269845418877,0.5165230279093482
1758181976.6282117,-7.416641920476737,0.46658036161151173
1758181976.72848,-7.418520538327793,0.42660332363014075
1758181976.8268287,-7.4203971043988,0.3866291509951243
1758181976.9295366,-7.421333322387009,0.3666364428104075
1758181977.0298953,-7.423674601779775,0.31666113064117
1758181977.1269107,-7.425086079599978,0.2866927412059876
1758181977.229032,-7.427440762813355,0.23674988264037244
1758181977.3272505,-7.428853377849614,0.20678414648254045
1758181977.430869,-7.4312074125848735,0.1568412180397018
1758181977.5289123,-7.433090349948876,0.11688684670508812
1758181977.630516,-7.434973029777853,0.07693245465304875
1758181977.7277603,-7.436377499022795,0.04695710106003996
1758181977.8288283,-7.438240733844532,0.006974746170625997
1758181977.9393406,-7.440099492149522,-0.03300780314637252
1758181978.0290606,-7.44195372540077,-0.07299052681304469
1758181978.1272197,-7.443815286394356,-0.11295402985690013
1758181978.2268806,-7.44568073627239,-0.15290917721779115
1758181978.3274465,-7.447529259106446,-0.19288542435137265
1758181978.4273582,-7.448451298812223,-0.21287423664223282
1758181978.5290215,-7.450753929755152,-0.26284775949347156
1758181978.626952,-7.4525942826745935,-0.302829551078929
1758181978.7285874,-7.454441132082185,-0.34279326938726357
1758181978.8289647,-7.455829257883126,-0.37276013641557965
1758181978.9314954,-7.458142475688724,-0.4227049493726319
1758181979.0307531,-7.459992758219514,-0.46266083107462297
1758181979.1362154,-7.46184278231323,-0.502616738434831
1758181979.2294855,-7.463230131161196,-0.532583683384383
1758181979.3274133,-7.465533802863899,-0.58253955424385
1758181979.4291823,-7.4673638312316175,-0.6225234645931035
1758181979.5277126,-7.468733401312192,-0.6525115228302917
1758181979.62719,-7.470555528914287,-0.6924957524762893
1758181979.7270806,-7.472381028558602,-0.7324670103737716
1758181979.8268738,-7.474213445570057,-0.7724236896597334
1758181979.9276009,-7.476486678765362,-0.8223908214499241
1758181980.028994,-7.4778438386389725,-0.8523744072000863
1758181980.1278138,-7.48010525528868,-0.9023521434420185
1758181980.2276595,-7.481911241790787,-0.9423355077112143
1758181980.3292968,-7.483729074617948,-0.9822929177901761
1758181980.4308422,-7.485546797964579,-1.0222502677394674
1758181980.5285273,-7.4864288988590495,-1.055993580136178
1758181980.6266565,-7.485308703644664,-1.0677496112303304
1758181980.7275977,-7.477643053630278,-1.0751519669990515
1758181980.8276947,-7.466883161865234,-1.0747177550752038
1758181980.9301982,-7.456184074914857,-1.073425943931945
1758181981.0329127,-7.450878037067413,-1.0724929467326623
1758181981.1265724,-7.440385040941931,-1.0700551347517318
1758181981.2418196,-7.425041746513285,-1.0649675466566253
1758181981.3277586,-7.4175951717189905,-1.0617865193957834
1758181981.4276726,-7.407954124510579,-1.0569290321276965
1758181981.5284967,-7.398687525569245,-1.0513906940467208
1758181981.62758,-7.3898433105884225,-1.0452001829455395
1758181981.728292,-7.381467229333684,-1.038389531267813
1758181981.8288302,-7.370925072502231,-1.037891243823931
1758181981.9280078,-7.3438295857993054,-1.0606372441260157
1758181982.0267808,-7.307663433729475,-1.0963374214712958
1758181982.1277914,-7.286299373688393,-1.1174264872783752
1758181982.2281818,-7.257815043242408,-1.145536066819307
1758181982.3293333,-7.236453879543689,-1.166623829472042
1758181982.427233,-7.207989236464182,-1.1947287215524198
1758181982.5269387,-7.17952593957394,-1.2228302092131103
1758181982.627998,-7.158178462734452,-1.2439063320444401
1758181982.7276442,-7.115483493993261,-1.286058594110462
1758181982.8276515,-7.087020169099138,-1.3141601108499732
1758181982.9279542,-7.0656726692865455,-1.335236250330681
1758181983.0273256,-7.037209329531487,-1.363337768670605
1758181983.1280856,-7.008745984693107,-1.3914392818607602
1758181983.233202,-6.980282637989005,-1.4195407860542377
1758181983.329527,-6.94470345676197,-1.45466764964076
1758181983.4334779,-6.930471785977681,-1.4687183894086446
1758181983.5272899,-6.88776629566823,-1.510880754822061
1758181983.6269085,-6.866413108086382,-1.5319654705112766
1758181983.7281232,-6.837946165522918,-1.5600707029149252
1758181983.829005,-6.816598934060547,-1.581147048819557
1758181983.9278839,-6.783354486114102,-1.613944639461106
1758181984.0307958,-6.775503017365559,-1.62578840781197
1758181984.1377778,-6.779990252243169,-1.6316219058480086
1758181984.228001,-6.786204825666115,-1.636813633941061
1758181984.3276768,-6.797155874672431,-1.6446975285039533
1758181984.4300632,-6.804051379735045,-1.6489439827577617
1758181984.526921,-6.813582855444716,-1.654015488069956
1758181984.6277785,-6.823454609123765,-1.6583882663271994
1758181984.7276511,-6.833615447917212,-1.662039599746949
1758181984.8297327,-6.844012666960592,-1.6649505230077577
1758181984.9269233,-6.851933300600096,-1.6666385845403693
1758181985.0282776,-6.8652995825663465,-1.66849463390478
1758181985.1274445,-6.875738396814222,-1.6758871809735747
1758181985.228141,-6.878543599414058,-1.7008284115785512
1758181985.3275774,-6.87847818522048,-1.742203477876873
1758181985.427121,-6.878410847158558,-1.782229566676959
1758181985.527463,-6.878335721336972,-1.8222281991909397
1758181985.6308537,-6.878279577760648,-1.852227165256895
1758181985.7300284,-6.878193569523401,-1.9022334390196665
1758181985.8272815,-6.878127279983723,-1.9422400924632428
1758181985.9310648,-6.878085558279288,-1.9722514980914574
1758181986.027458,-6.878044124847315,-2.002264473539795
1758181986.1271832,-6.877991495113847,-2.042279049231133
1758181986.2320035,-6.877936852543846,-2.0822950328528647
1758181986.3325503,-6.877909359844281,-2.102301556134497
1758181986.428146,-6.877871374996495,-2.1323255461991093
1758181986.5291142,-6.877807913473494,-2.182345623717058
1758181986.629461,-6.877737152520224,-2.2323484127475663
1758181986.7275958,-6.877681903576952,-2.272354713823222
1758181986.826854,-6.877645775916893,-2.3023841389233657
1758181986.9276981,-6.877579009074505,-2.3523882608296307
1758181987.0280461,-6.8775280992936505,-2.3923953236154505
1758181987.1348581,-6.877482424692201,-2.4324105498264643
1758181987.2281857,-6.87742896391273,-2.472409469757757
1758181987.3293993,-6.87738515472239,-2.5124148747330666
1758181987.4353652,-6.877354467233769,-2.542418377601737
1758181987.5287912,-6.877328838085336,-2.5724272544652544
1758181987.628515,-6.877304558488193,-2.6024417707593206
1758181987.7345376,-6.877273006638122,-2.642456402685505
1758181987.8313859,-6.877240222326025,-2.682472962718966
1758181987.9306915,-6.877213491384975,-2.712480994289026
1758181988.0274158,-6.877178744508605,-2.7524887681783685
1758181988.1274726,-6.87715718239573,-2.7897971860105506
1758181988.2289639,-6.876644817350276,-2.8043804489476463
1758181988.3270936,-6.8705232618936485,-2.811987886743402
1758181988.427832,-6.857258030592053,-2.8111033578175766
1758181988.527795,-6.846631374491208,-2.809326197778386
1758181988.626847,-6.838762281995579,-2.8074933242027926
1758181988.7275865,-6.8284479582777085,-2.8043922510522146
1758181988.8270552,-6.820867698568671,-2.8015447974814127
1758181988.9279563,-6.811020542113278,-2.7971198460538345
1758181989.030542,-6.803858143853884,-2.7933424705565564
1758181989.1267316,-6.7924071242489585,-2.7862060973500475
1758181989.2274942,-6.785860882990809,-2.781440148479469
1758181989.330436,-6.777550626780429,-2.774549325776448
1758181989.4272459,-6.7697574329131465,-2.767078524429942
1758181989.5279088,-6.760804254823325,-2.7569835594490066
1758181989.6350844,-6.75431759486502,-2.748353336463604
1758181989.7281015,-6.748468379090599,-2.739278674378776
1758181989.8271673,-6.744518182633447,-2.7322092122304555
1758181989.9297917,-6.73985548038939,-2.7224711614226136
1758181990.0434868,-6.735905316444329,-2.7124228120367624
1758181990.13578,-6.733422780348707,-2.7047142125613797
1758181990.2278538,-6.730220848656717,-2.6916050081992404
1758181990.3270588,-6.728210113890543,-2.678261129810017
1758181990.427216,-6.720817890294887,-2.67072787821125
1758181990.5277238,-6.674918130917744,-2.6691769253034208
1758181990.6356268,-6.64456301373202,-2.6699986088341428
1758181990.727605,-6.604583484181441,-2.6712370393146303
1758181990.8298526,-6.584593716337312,-2.6718561525493802
1758181990.9313693,-6.544614173666673,-2.673094174928514
1758181991.0297952,-6.514629510077429,-2.6740225135458564
1758181991.132414,-6.474649949284102,-2.675260062289324
1758181991.2290835,-6.4246601130775005,-2.6767858371082687
1758181991.3272254,-6.384664499330911,-2.67799786749387
1758181991.427531,-6.3446575018443045,-2.679209973815938
1758181991.5274622,-6.324653712017491,-2.679815398611431
1758181991.6279483,-6.2746441106120106,-2.681323984648331
1758181991.73014,-6.234661146336609,-2.6825417954523214
1758181991.8284502,-6.194681004964174,-2.6837606997596906
1758181991.9283104,-6.164680663177761,-2.68466201125771
1758181992.0294325,-6.134681916051726,-2.685558759526476
1758181992.1305215,-6.084678664656742,-2.6870451895699556
1758181992.2273088,-6.0546766535085235,-2.6879359010057478
1758181992.3285353,-6.014675069902382,-2.689120393467174
1758181992.4268749,-5.974669227547133,-2.690302799451699
1758181992.5271149,-5.934675175700562,-2.6914881028247715
1758181992.6272154,-5.9046896579590955,-2.692388433174232
1758181992.7294862,-5.854713782357512,-2.693888645299415
1758181992.8278182,-5.814733069928229,-2.6950885131340363
1758181992.9268243,-5.7847475286131935,-2.6959882399670314
1758181993.027056,-5.73477161365272,-2.6974874573626684
1758181993.1269097,-5.684793541944057,-2.698983529676616
1758181993.2282078,-5.654807968381347,-2.6998823129750593
1758181993.3286278,-5.614827197569909,-2.7010804672718307
1758181993.435282,-5.594836792397784,-2.7016794986978865
1758181993.5274353,-5.534837757056176,-2.7034512174333902
1758181993.6286957,-5.504835885857495,-2.7043302121671027
1758181993.73139,-5.464828623566583,-2.7055039200649853
1758181993.8284192,-5.424825476242343,-2.706675677888091
1758181993.9288924,-5.3848379229596155,-2.7078460384241207
1758181994.0278976,-5.354835966065595,-2.7087143953905306
1758181994.127784,-5.324849938141581,-2.70959776917042
1758181994.2304776,-5.29486391106127,-2.7104809620374257
1758181994.3299932,-5.254882533170881,-2.7116583146225754
1758181994.43176,-5.214895784073429,-2.7128288682472093
1758181994.527332,-5.174898735520316,-2.7139836948912097
1758181994.6277907,-5.124902493971456,-2.7154221165394996
1758181994.7285438,-5.0848928988917415,-2.7165723931918984
1758181994.8296733,-5.054885818526596,-2.717433679422551
1758181994.9270334,-5.004880428454321,-2.718867504172632
1758181995.0274806,-4.964898462899148,-2.7200251385943455
1758181995.1274323,-4.9349119705478985,-2.720893238974973
1758181995.2353253,-4.9049078717762065,-2.7217465662851517
1758181995.3281398,-4.871130953471461,-2.722216871378036
1758181995.4351249,-4.857588045001441,-2.724859647277096
1758181995.5341685,-4.855592153326467,-2.728884585862257
1758181995.6286087,-4.857066846248283,-2.7421990755306034
1758181995.7272718,-4.8598654139290804,-2.7553991444064576
1758181995.8276553,-4.862951648934103,-2.7657445443359525
1758181995.9271224,-4.865750437173282,-2.773343132521575
1758181996.0287564,-4.8701121184190015,-2.7832185687317805
1758181996.1285236,-4.875172832311609,-2.7927546568695103
1758181996.226982,-4.880906379256005,-2.8019020506598302
1758181996.327811,-4.885867113418624,-2.811713986082137
1758181996.4277487,-4.86645531988858,-2.8351926919954296
1758181996.527596,-4.842748098977823,-2.855268781173763
1758181996.6273437,-4.796954662556475,-2.89419708163645
1758181996.729758,-4.766483963958797,-2.9201082638053517
1758181996.8279226,-4.75124860531655,-2.933063844067224
1758181996.9277272,-4.7131525648367605,-2.965458712408132
1758181997.0356302,-4.690299319514939,-2.9848918525707573
1758181997.1285565,-4.659828295713004,-3.010802686853479
1758181997.2297583,-4.629357235316107,-3.0367134986258333
1758181997.3279138,-4.598886137486097,-3.0626242861532167
1758181997.4273062,-4.57603278989399,-3.0820573591277642
1758181997.526921,-4.551229814689385,-3.1024405285504546
1758181997.6312542,-4.547073104395693,-3.1123538224823206
1758181997.7294269,-4.554616917660135,-3.120041358921893
1758181997.8304622,-4.562715284145092,-3.1271807628710278
1758181997.9299302,-4.571306370355135,-3.133719288212612
1758181998.0272648,-4.578046376106397,-3.1382083396654274
1758181998.1273577,-4.5741147119618635,-3.1613247241014877
1758181998.233889,-4.554683917371723,-3.197265975074699
1758181998.3319016,-4.535296601117759,-3.2323110841427107
1758181998.427392,-4.525619472001413,-3.249813032787963
1758181998.5283053,-4.50626841536223,-3.284836212426916
1758181998.630468,-4.482081215177449,-3.3286171138533747
1758181998.7305639,-4.467570727524772,-3.354886728594376
1758181998.8340652,-4.448225537585883,-3.389913927248872
1758181998.9288924,-4.419210186198175,-3.442439248865122
1758181999.031067,-4.3998667874885244,-3.4774491502331712
1758181999.128315,-4.380523516644671,-3.5124591229530386
1758181999.2266953,-4.36118037160814,-3.547469165585008
1758181999.3284683,-4.346673808488831,-3.57373764555709
1758181999.4273245,-4.327335144078786,-3.6087732567320696
1758181999.5280478,-4.312835436001776,-3.6350440112937927
1758181999.6285367,-4.288671444736007,-3.6788292772144957
1758181999.727664,-4.271592042673748,-3.7115073765948625
1758181999.827739,-4.262578081150152,-3.7239289026911444
1758181999.929492,-4.255682802330154,-3.721772124114652
1758182000.0271435,-4.249011644402618,-3.7171825783990564
1758182000.1267734,-4.240520438070433,-3.7105160094949694
1758182000.2276297,-4.2325306498394255,-3.7032558929923405
1758182000.3291435,-4.225083631627453,-3.6954397764130675
1758182000.4271169,-4.218217952587444,-3.687108088073244
1758182000.5320597,-4.211969201229804,-3.6783039415942795
1758182000.6271408,-4.206369796180027,-3.669072923583064
1758182000.7282844,-4.202613994124862,-3.661898219898323
1758182000.8274865,-4.198218788654108,-3.652036470481485
1758182000.9276206,-4.194544335453975,-3.6418840068801024
1758182001.0275242,-4.1916097156312535,-3.6314934823315
1758182001.1267715,-4.189903575818645,-3.6235767386382642
1758182001.2269318,-4.157230787822281,-3.6198657951901816
1758182001.328005,-4.106396993789853,-3.6259608255692637
1758182001.4285302,-4.076627433693078,-3.629804666026483
1758182001.5352876,-4.036959764540515,-3.6349396453915683
1758182001.629678,-3.997291328426136,-3.6400735283748302
1758182001.7301297,-3.947690878864547,-3.6464782550295043
1758182001.8363004,-3.9278525457492197,-3.649038825026423
1758182001.9272432,-3.8881761727876443,-3.654162738663317
1758182002.0279014,-3.8385715396352214,-3.6605627709514925
1758182002.127706,-3.798902816769741,-3.6656893169942735
1758182002.2273269,-3.769151262585717,-3.669534085980874
1758182002.3279684,-3.7393996868399686,-3.673378717176232
1758182002.4282181,-3.6798964678221133,-3.681067570044391
1758182002.5272627,-3.640227604809288,-3.6861931722314853
1758182002.6306655,-3.6104736658018064,-3.6900351133499196
1758182002.731529,-3.570804675571736,-3.6951599423288823
1758182002.8290992,-3.5273719652775877,-3.6994127421012575
1758182002.9272635,-3.5191946882887026,-3.6993910524382754
1758182003.0271964,-3.511500486632944,-3.695583750551894
1758182003.127804,-3.5089361391496694,-3.6824258775125
1758182003.2325,-3.5092462853336968,-3.671648998031213
1758182003.3364756,-3.50998354550699,-3.663598591317356
1758182003.4273067,-3.511640896714914,-3.6529514866089636
1758182003.5309796,-3.5133840573656308,-3.645061699164086
1758182003.638947,-3.5172270202822182,-3.632161421009155
1758182003.7295556,-3.5211726971551163,-3.622117422064093
1758182003.8270807,-3.525838730999157,-3.6123820239063487
1758182003.9268358,-3.5311929251988508,-3.6030075105152077
1758182004.02814,-3.5356436317876505,-3.596242712871397
1758182004.1285534,-3.542133360944725,-3.58761520046368
1758182004.228648,-3.549226939211893,-3.5794767314845743
1758182004.3284533,-3.5568876804657696,-3.571869444161046
1758182004.426766,-3.561827772999073,-3.5651635259062346
1758182004.5270736,-3.5477644446235783,-3.5381395970126324
1758182004.6426063,-3.5228083335878635,-3.505421753626191
1758182004.730565,-3.4923686039768502,-3.465740079256411
1758182004.8303075,-3.480194697679634,-3.449873148543858
1758182004.9268212,-3.4436730739255026,-3.402272258316599
1758182005.0279834,-3.4193254008173697,-3.3705382533378865
1758182005.1355777,-3.4071515865612523,-3.3546712289080527
1758182005.2276523,-3.3828040026230357,-3.3229371392582676
1758182005.3295171,-3.3584564789480273,-3.291202999580668
1758182005.4311192,-3.3280221618448653,-3.2515352621456857
1758182005.5275216,-3.309761619943128,-3.227734589193228
1758182005.635633,-3.285414289123456,-3.1960003252897966
1758182005.727309,-3.261061741046749,-3.164260473157738
1758182005.8273292,-3.236708060672062,-3.132516398579753
1758182005.9377525,-3.2123574608249807,-3.100776340001136
1758182006.0279198,-3.194093136346142,-3.0769702817693925
1758182006.1322327,-3.169746988228487,-3.04523510183507
1758182006.2278311,-3.1454007329575977,-3.0135000688500853
1758182006.3270628,-3.121585341051219,-2.982306116986769
1758182006.4279065,-3.1068171495534664,-2.9663670475713695
1758182006.528414,-3.0984818574883786,-2.971767100876543
1758182006.6327379,-3.090806990776069,-2.979359441351641
1758182006.7269409,-3.0836979939539573,-2.987484250672893
1758182006.8269882,-3.0787598599502934,-2.99390210662561
1758182006.9269075,-3.0727278722800073,-3.0028560618445383
1758182007.0279458,-3.0686351394668754,-3.0098437814064005
1758182007.1275487,-3.064925437132311,-3.0170422943046
1758182007.2280078,-3.0403450993119594,-3.01857638608599
1758182007.33098,-3.0117537812760435,-3.0076157105578862
1758182007.4274771,-2.97418843175078,-2.993040733455104
1758182007.5267212,-2.927664881180364,-2.9747278976423126
1758182007.6277092,-2.8997506916998437,-2.96374034992344
1758182007.7299447,-2.8625317161898076,-2.94909041945364
1758182007.8297038,-2.8253126802255664,-2.934440640436596
1758182007.9280002,-2.778788805959436,-2.916128630144044
1758182008.0297294,-2.7415567722509335,-2.9014838469482522
1758182008.129914,-2.704334900789533,-2.8868336920241577
1758182008.23359,-2.667106734965882,-2.8721854358538668
1758182008.3317318,-2.620574286256751,-2.8538796683333363
1758182008.4294515,-2.5833480932495956,-2.839238361985964
1758182008.5269434,-2.555410105979876,-2.828256134333835
1758182008.6278014,-2.518155600166785,-2.813614605890673
1758182008.7268622,-2.4715904893953966,-2.7953118346780395
1758182008.837512,-2.4436506227037587,-2.784330158455821
1758182008.9294794,-2.408850829610878,-2.771724753672896
1758182009.0275705,-2.3935875412103136,-2.769856525275443
1758182009.1303394,-2.38979564958846,-2.776102354370524
1758182009.2315392,-2.3868666084230727,-2.7864939245838136
1758182009.326676,-2.3856844468634564,-2.7917621046529875
1758182009.4361668,-2.383285087946283,-2.8077739870028062
1758182009.5291405,-2.382736904056066,-2.8158537075009598
1758182009.6278052,-2.3826829149576185,-2.826648843102101
1758182009.7273176,-2.383153595423497,-2.8347332254406665
1758182009.828693,-2.384458416699711,-2.845450352391414
1758182009.9294884,-2.3644591092697436,-2.857691810321517
1758182010.0327973,-2.3146157503138927,-2.8681356043530126
1758182010.1283214,-2.275478304184255,-2.87650498488272
1758182010.227219,-2.2363441727233253,-2.884874517366431
1758182010.3285317,-2.2069931060182997,-2.8911494315182336
1758182010.434493,-2.177654398416951,-2.8974272040012887
1758182010.5281453,-2.138541896672817,-2.9057994087767747
1758182010.627231,-2.0994293379150717,-2.914171398456557
1758182010.7270489,-2.060316719884346,-2.9225431703199236
1758182010.827205,-2.021204042823215,-2.9309147265576696
1758182010.9279807,-1.9820913089174665,-2.939286068947169
1758182011.0268557,-1.949200067470667,-2.9446627201162276
1758182011.1270785,-1.9392382070532759,-2.947222612939425
1758182011.229355,-1.939193994008447,-2.9579766635003137
1758182011.3271081,-1.9409119136511808,-2.963094187395365
1758182011.4274762,-1.9448953495012788,-2.9731283265257082
1758182011.5311913,-1.9483510558628658,-2.9804515675811865
1758182011.631965,-1.9521969309849414,-2.987577614535778
1758182011.726908,-1.9579121708756986,-2.9967364991670538
1758182011.827518,-1.9642714246027346,-3.0054606197756564
1758182011.9296532,-1.9694438315355312,-3.0116911463159424
1758182012.0294688,-1.9787872428329538,-3.0214264428246893
1758182012.1270418,-1.986868727994674,-3.0285854608107194
1758182012.229633,-1.9932565592023292,-3.033563077636213
1758182012.3271995,-2.002173916390113,-3.0396500835940596
1758182012.427509,-2.0115062124977237,-3.0450799464564082
1758182012.5303018,-2.0212050634112226,-3.0498244633422984
1758182012.6280217,-2.028689555228904,-3.052918129806168
1758182012.7291398,-2.036759326104908,-3.0628433310949013
1758182012.8267908,-2.0299686297000017,-3.0975620282173733
1758182012.9296012,-2.022049286694402,-3.1274248027061566
1758182013.026934,-2.0059040606884206,-3.185232262003229
1758182013.1269913,-1.9951367947870622,-3.223754112806685
1758182013.228174,-1.9870606575653655,-3.2526453792019105
1758182013.3272135,-1.9762926453446363,-3.2911671267384888
1758182013.4415722,-1.9682167645996564,-3.3200584810265497
1758182013.5267675,-1.9547572095582983,-3.368210818316002
1758182013.6289208,-1.9466816252370476,-3.397102266418226
1758182013.7276852,-1.9359143539672403,-3.4356242469755482
1758182013.8310916,-1.927839031669343,-3.464515767340895
1758182013.9382982,-1.914380410552278,-3.5126683628574042
1758182014.027313,-1.9036137365691213,-3.551190491192618
1758182014.1294034,-1.8955516294990231,-3.5801051781856734
1758182014.2283237,-1.8874861454232486,-3.6090080854289526
1758182014.3280623,-1.8767240793736395,-3.6475314724312424
1758182014.4272783,-1.8666638822734514,-3.6897164759168293
1758182014.534167,-1.8604985262840719,-3.70140979348373
1758182014.6278393,-1.8501074513380287,-3.7008799563301054
1758182014.7289605,-1.8416386400906415,-3.6985560571405616
1758182014.8277352,-1.8306823233095975,-3.694630243386782
1758182014.9277258,-1.823007167306357,-3.6909661160893967
1758182015.0295596,-1.8152222501866966,-3.6870150043649037
1758182015.1271348,-1.8003412809394685,-3.6779437963861734
1758182015.2285924,-1.7906218412959167,-3.66846621469192
1758182015.3283362,-1.7836199608339431,-3.660248850481738
1758182015.4273136,-1.7772271705777898,-3.6515490037115037
1758182015.527015,-1.7714765985896836,-3.6424116918933747
1758182015.627269,-1.767603198415818,-3.6353000026165145
1758182015.726912,-1.763046206679766,-3.6255122132095803
1758182015.8275788,-1.759205034635325,-3.6154218458359533
1758182015.9274902,-1.7560996335999695,-3.6050812195940023
1758182016.0276396,-1.7542632798991178,-3.5971937346110723
1758182016.13844,-1.7521567386395065,-3.5838647019750742
1758182016.230112,-1.751339702358899,-3.5730988173023173
1758182016.328602,-1.7495036740430312,-3.5622589814908214
1758182016.4347615,-1.7379465098791311,-3.5572506721255035
1758182016.528109,-1.6990964024831228,-3.5536612390533584
1758182016.6273038,-1.6587847766575279,-3.551228447135357
1758182016.734058,-1.6188457714485534,-3.5485516167122033
1758182016.828813,-1.5889154559811203,-3.546522801854893
1758182016.927079,-1.5490083588132788,-3.543817934482821
1758182017.0276382,-1.509097144350691,-3.541120226046501
1758182017.1278718,-1.4691723652039628,-3.5384405430000196
1758182017.2292693,-1.4292629046442487,-3.535744582773192
1758182017.328859,-1.3893553778653673,-3.533046278639607
1758182017.4280264,-1.3494356454354368,-3.530362714515403
1758182017.5287485,-1.3095040998697625,-3.5276861550868612
1758182017.6286457,-1.2795522421367587,-3.525679130600253
1758182017.7291358,-1.2396161483577866,-3.523007071543242
1758182017.8282402,-1.1996797978027507,-3.520339527478988
1758182017.9288585,-1.149785775972927,-3.5169950592699317
1758182018.02759,-1.1198541026293518,-3.5149862898657336
1758182018.1272724,-1.0799451889353517,-3.5123081521457373
1758182018.228349,-1.040036259026289,-3.509630268314646
1758182018.3276856,-1.0101045522271759,-3.507622021926581
1758182018.4353652,-0.9701955987924098,-3.504944580969115
1758182018.5281944,-0.920300517174691,-3.501611460152364
1758182018.6285262,-0.8803841354399644,-3.4989586597867333
1758182018.728713,-0.8604252826192927,-3.4976335001218026
1758182018.8271983,-0.800555503396122,-3.4936357830208524
1758182018.930608,-0.7606460205335522,-3.4909665586187932
1758182019.0430462,-0.7307068064591746,-3.4889741870969586
1758182019.133849,-0.6907749294642981,-3.4863263642905906
1758182019.2280307,-0.6508372386676823,-3.483679178192902
1758182019.3278627,-0.6132921733397565,-3.48192262633014
1758182019.4274323,-0.598806831819778,-3.481921052611705
1758182019.5276024,-0.5987987209778424,-3.4819203074124774
1758182019.6282787,-0.5987892481711908,-3.4819195446830653
1758182019.7280822,-0.5987826293271282,-3.4819189575849117
1758182019.8328798,-0.5987745179178114,-3.4819182228230634
1758182019.928283,-0.5987637193676382,-3.4819172476905034
1758182020.0275698,-0.5987543353847223,-3.4819165276035826
1758182020.127731,-0.5987462606734467,-3.4819157372455942
1758182020.227196,-0.5987395162326462,-3.481915161382347
1758182020.3280087,-0.5987301322069825,-3.4819144413316567
1758182020.431064,-0.5987220574577952,-3.481913651016818
1758182020.5273607,-0.5987100198326928,-3.481912698529858
1758182020.637146,-0.5987059289170739,-3.4819123551796345
1758182020.7279618,-0.5986951507520667,-3.4819114130559803
1758182020.8272476,-0.5986858164527914,-3.4819106124749633
1758182020.927526,-0.5986777049076629,-3.4819098780846964
1758182021.030377,-0.5986642936547123,-3.481908688881288
1758182021.1339962,-0.5986575220008244,-3.481908183229381
1758182021.2435737,-0.5986467437385485,-3.4819072412114167
1758182021.3320615,-0.5986427025722663,-3.4819068173052132
1758182021.427963,-0.5986333183745365,-3.481906097431126
1758182021.527917,-0.5986225400636425,-3.4819051554660065
1758182021.6308672,-0.598615886355583,-3.4819045173378735
1758182021.7291102,-0.5986117747713228,-3.481904171451602
1758182021.8293116,-0.5986050939738825,-3.4819036207485747
1758182021.9275632,-0.5985956208763982,-3.4819028570298634
1758182022.0352094,-0.5985875709318645,-3.4819020858773198
1758182022.1274135,-0.5985808901051684,-3.4819015352056875
1758182022.2270598,-0.5985700911500084,-3.4819005604853746
1758182022.3274643,-0.598560706823338,-3.48189984074382
1758182022.4275393,-0.5985540065621288,-3.481899213020915
1758182022.5269802,-0.5985432745665422,-3.4818982609070743
1758182022.627128,-0.5985351390684726,-3.4818975109514225
1758182022.7268703,-0.5985284276969164,-3.481896965433721
1758182022.8282201,-0.598519070412875,-3.4818961756659577
1758182022.9267375,-0.5985109348744321,-3.481895425751106
1758182023.027006,-0.5985042234727134,-3.481894880266428
1758182023.127475,-0.5984948661472592,-3.4818940905427502
1758182023.2292867,-0.5984880942641951,-3.4818935851176924
1758182023.3280232,-0.5984800191365779,-3.481892795217041
1758182023.429044,-0.59847066176972,-3.4818920055374485
1758182023.5308218,-0.5984625261505586,-3.481891255704196
1758182023.6273232,-0.5984558146885371,-3.4818907102855623
1758182023.7271223,-0.5984464572802877,-3.4818899206500618
1758182023.830668,-0.5984356645414752,-3.4818890244244587
1758182023.9280665,-0.5984289066323899,-3.4818884737474405
1758182024.030987,-0.5984195718789995,-3.4818876736532323
1758182024.134972,-0.5984074054568612,-3.4818865407763546
1758182024.2357848,-0.5984006605791797,-3.48188596536592
1758182024.3292246,-0.5983912759520329,-3.4818852459336265
1758182024.4271953,-0.5983832006732783,-3.4818844561986224
1758182024.5278127,-0.5983738431409131,-3.48188366669539
1758182024.6273246,-0.5983657073604398,-3.481882917025358
1758182024.738992,-0.5983589957779017,-3.481882371738803
1758182024.8269508,-0.5983469573724352,-3.4818814200870882
1758182024.9331627,-0.5983361655915861,-3.481880449618242
1758182025.028635,-0.5983280457996472,-3.4818797120834244
1758182025.127774,-0.5983213213102319,-3.481879152342309
1758182025.2276082,-0.5983119604802317,-3.481878365385289
