time,x,y
4559.983,0.007488118646619607,0.0007163490155541201
4560.003,0.007490838888909088,0.0007165555045812066
4560.023,0.007492298313793118,0.0007167971125830717
4560.043,0.007495026222705613,0.0007170041144693038
4560.063,0.007497745519773606,0.0007172767967253209
4560.083,0.007499150168824464,0.0007175040477018694
4560.103,0.007501906219259374,0.0007177083165537124
4560.123,0.007504676376986947,0.0007179585591545633
4560.143,0.007507409487333753,0.0007181673819462869
4560.163,0.00751010409513524,0.0007184264808411977
4560.183,0.00751150147780762,0.0007186487401891808
4560.203,0.0075142863426569464,0.0007188745369084624
4560.223,0.007516939173341907,0.0007191260020337436
4560.243,0.0075196639298765085,0.0007193368721048771
4560.263,0.0075211379504318415,0.0007195817074475226
4560.283,0.007523857110201527,0.0007197886832960773
4560.303,0.007526662707638784,0.00072003587789258
4560.323,0.007529297897884098,0.000720275388482264
4560.343,0.007532018147112081,0.0007204818677197042
4560.363,0.007533477579622635,0.0007207234719795471
4560.383,0.007536205495587683,0.0007209304637771645
4560.403,0.007538924801212408,0.000721203134037545
4560.423,0.007540329457151971,0.0007214303797572014
4560.443,0.007543085514659487,0.000721634638725646
4560.463,0.007545855680010184,0.0007218848693854374
4560.483,0.007548588797366848,0.0007220936820442966
4560.503,0.0075512834134964305,0.000722352767120703
4560.523,0.007552680803082388,0.0007225750238068475
4560.543,0.00755546567532106,0.0007228008093904326
4560.563,0.007558118513561373,0.0007230522638561467
4560.583,0.0075608432771253065,0.0007232631238342753
4560.603,0.00756231730555694,0.0007235079528372516
4560.623,0.007565036472318223,0.0007237149186478306
4560.643,0.007567842077606916,0.0007239621013335589
4560.663,0.007570477275014625,0.0007242015992697763
4560.683,0.007573197531177606,0.0007244080687181584
4560.703,0.0075746569713120125,0.0007246496692358544
4560.723,0.00757738489432578,0.0007248566509454419
4560.743,0.007580104208503604,0.0007251293092109084
4560.763,0.00758150887132961,0.0007253565496737342
4560.783,0.007584264935906283,0.0007255607987593842
4560.803,0.007587035108876643,0.0007258110174787323
4560.823,0.007589768233239459,0.0007260198200052658
4560.843,0.007592462857692925,0.0007262788912639535
4560.863,0.007593860254190107,0.0007265011452881915
4560.883,0.007596645133814792,0.0007267269197367509
4560.903,0.007599297979607671,0.0007269783635433488
4560.923,0.0076020227501971405,0.0007271892134290685
4560.943,0.007603496786501747,0.0007274340360922082
4560.963,0.007606215960250906,0.0007276409918653738
4560.983,0.007609021573387411,0.0007278881626409568
4561.003,0.007611656777954664,0.0007281276479243781
4561.023,0.007614377041048857,0.0007283341075842169
4561.043,0.007615836488804543,0.000728575704359463
4561.063,0.0076185644188631885,0.0007287826759815655
4561.083,0.0076212837415904865,0.0007290553222528406
4561.103,0.007622688411300593,0.0007292825574590895
4561.123,0.007625444482943083,0.0007294867966624406
4561.143,0.0076282146635295554,0.0007297370034417506
4561.163,0.007630947794894816,0.0007299457958365565
4561.183,0.007633642427668234,0.000730204853278341
4561.203,0.007635039831074178,0.0007304271046405088
4561.223,0.007637824718081464,0.0007306528679546933
4561.243,0.007640477571423818,0.0007309043011028332
4561.263,0.007643202349035254,0.0007311151408966643
4561.283,0.007644676393209912,0.000731359957220076
4561.303,0.007647395573943203,0.000731566902956345
4561.323,0.007650201194924277,0.0007318140618225606
4561.343,0.007652836406647802,0.0007320535344539703
4561.363,0.0076555566766695685,0.0007322599843257485
4561.383,0.007657016132043795,0.0007325015773582464
4561.403,0.0076597440691434406,0.0007327085388932748
4561.423,0.007662463400416385,0.0007329811731709543
4561.443,0.007663868077008418,0.000733208403120677
4561.463,0.007666624155713304,0.0007334126324423489
4561.483,0.007669394343912419,0.0007336628272822511
4561.503,0.007672127482276407,0.0007338716095457881
4561.523,0.007674822123365548,0.0007341306531713055
4561.543,0.0076762195336777354,0.0007343529018712613
4561.563,0.007679004428064306,0.0007345786540516327
4561.583,0.007681657288953151,0.000734830076541712
4561.603,0.00768438207358281,0.0007350409062441989
4561.623,0.007685856125624349,0.0007352857162278764
4561.643,0.007688575313337866,0.0007354926519277942
4561.663,0.007691380942160018,0.0007357397988852865
4561.683,0.007694016161036859,0.0007359792588654281
4561.703,0.0076967364379825695,0.0007361856989496797
4561.723,0.007698195900972728,0.0007364272882393328
4561.743,0.0077009238451095224,0.0007366342396878785
4561.763,0.007703643184924634,0.0007369068619726298
4561.783,0.007705047868396084,0.0007371340866659931
4561.803,0.007707803954159886,0.0007373383061064047
4561.823,0.007710574149968043,0.0007375884890075509
4561.843,0.007713307295327029,0.0007377972611404137
4561.863,0.0077160019447282645,0.0007380562909505136
4561.883,0.007717399361944297,0.0007382785369882139
4561.903,0.0077201842637067905,0.0007385042780353977
4561.923,0.007722837132138921,0.0007387556898681349
4561.943,0.007725561923783188,0.000738966509479863
4561.963,0.007727035983688499,0.0007392113131239435
4561.983,0.007729755178378636,0.0007394182387880287
4562.003,0.00773256081503846,0.0007396653738374417
4562.023,0.00773519604106539,0.0007399048211670161
4562.043,0.007737916324931468,0.0007401112514643009
4562.063,0.007739375795535009,0.0007403528370109055
4562.083,0.007742103746705167,0.000740559778373507
4562.103,0.007744823095058702,0.0007408323886660094
4562.123,0.007746227785407275,0.0007410596081031347
4562.143,0.0077489838782266,0.0007412638176628593
4562.163,0.007751754081640295,0.0007415139886257616
4562.183,0.007754487233990574,0.0007417227506284689
4562.203,0.007757181891699584,0.0007419817666238786
4562.223,0.007758579315817138,0.0007422040099992134
4562.243,0.007761364224952185,0.0007424297399138822
4562.263,0.007764017100924704,0.0007426811410896991
4562.283,0.007766741899579904,0.000742891950611176
4562.303,0.007768215967346177,0.0007431367479156533
4562.323,0.00777093516900907,0.0007433436635444052
4562.343,0.00777374081350311,0.0007435907866864212
4562.363,0.007776376046677282,0.0007438302213662428
4562.383,0.007779096337460063,0.0007440366418771092
4562.403,0.007780555815674387,0.0007442782236804286
4562.423,0.007783283773874182,0.0007444851549575618
4562.443,0.007786003130762619,0.000744757753258474
4562.463,0.007787407827985978,0.000744984967439436
4562.483,0.007790163927857415,0.000745189167119016
4562.503,0.007792934138873234,0.0007454393261442372
4562.523,0.007795667298211108,0.0007456480780172876
4562.543,0.007798361964223968,0.0007459070801988046
4562.563,0.007799759395240476,0.0007461293209115695
4562.583,0.007802544311744673,0.0007463550396943364
4562.603,0.007805197195254455,0.0007466064302137543
4562.623,0.007807922000916952,0.0007468172296455813
4562.643,0.0078093960765409295,0.000747062020610471
4562.663,0.007812115285172835,0.0007472689262043726
4562.683,0.00781492093749769,0.0007475160374397202
4562.703,0.0078175561778159,0.0007477554594704722
4562.723,0.007820276475511749,0.0007479618701954108
4562.743,0.007821735961334099,0.0007482034482551899
4562.763,0.007824463926559524,0.0007484103694473388
4562.783,0.007827183291979043,0.0007486829557573165
4562.803,0.007828587996074946,0.0007489101646823148
4562.823,0.00783134410299512,0.0007491143544823012
4562.843,0.007834114321609437,0.0007493645015703607
4562.863,0.007836847487931155,0.0007495732433143397
4562.883,0.007839542162243664,0.0007498322316826354
4562.903,0.007840939600156756,0.0007500544697327904
4562.923,0.0078437245240267,0.0007502801773842835
4562.943,0.007846377415070847,0.0007505315572479005
4562.963,0.007849102227737017,0.0007507423465906481
4562.983,0.007850576311215433,0.0007509871312159148
4563.003,0.007853295526812715,0.000751194026775585
4563.023,0.007856101186964976,0.000751441126104926
4563.043,0.007858736434424134,0.00075168053548743
4563.063,0.007861456739029438,0.0007518869364270094
4563.083,0.007862916232457322,0.0007521285107430227
4563.103,0.007865644204704664,0.0007523354218507709
4563.123,0.007868363578651734,0.0007526079961704629
4563.143,0.007869768289617832,0.0007528351998395677
4563.163,0.007872524403583207,0.000753039379760549
4563.183,0.007875294629792605,0.0007532895149120467
4563.203,0.00787802780309452,0.000753498246527469
4563.223,0.00788072248570287,0.0007537572210834373
4563.243,0.007882119930510096,0.0007539794564708491
4563.263,0.00788490486174261,0.0007542051529917548
4563.283,0.007887557760317989,0.0007544565222001129
4563.303,0.007890282579984084,0.0007546673014542507
4563.323,0.007891756671314042,0.0007549120797399461
4563.343,0.007894475893872942,0.0007551189652657595
4563.363,0.007897281561849087,0.0007553660526897371
4563.383,0.007899916816446244,0.0007556054494246994
4563.403,0.007902637127957381,0.0007558118405794484
4563.423,0.007904096628988166,0.0007560534111515404
4563.443,0.007906824608253572,0.0007562603121753901
4563.463,0.007909543990724518,0.0007565328745055069
4563.483,0.007910948708558518,0.0007567600729188886
4563.503,0.007913704829565757,0.0007569642429613024
4563.523,0.007916475063366728,0.0007572143661767626
4563.543,0.007919208243645212,0.0007574230876642505
4563.563,0.007921902934545387,0.000757682048408631
4563.583,0.007923300386244315,0.0007579042811332396
4563.603,0.007926085324835835,0.0007581299665241367
4563.623,0.007928738230939425,0.0007583813250777036
4563.643,0.007931463057601857,0.0007585920942439179
4563.663,0.007932937156780291,0.0007588368661901112
4563.683,0.007935656386297004,0.0007590437416827217
4563.703,0.007938462062093619,0.0007592908172020791
4563.723,0.007941097323825572,0.0007595302012902071
4563.743,0.007943817642238876,0.0007597365826606915
4563.763,0.007945277150869855,0.0007599781494885823
4563.783,0.007948005137149498,0.0007601850404290349
4563.803,0.007950724528140597,0.0007604575907702529
4563.823,0.007952129252840091,0.000760684783927986
4563.843,0.007954885380885773,0.000760888944092491
4563.863,0.007957655622274743,0.0007611390553724578
4563.883,0.007960388809525876,0.000761347766732422
4563.903,0.007963083508713668,0.0007616067136658816
4563.923,0.007964480967301884,0.000761828943727456
4563.943,0.007967265913249151,0.0007620546179889957
4563.963,0.007969918826877954,0.0007623059658883639
4563.983,0.007972643660533012,0.0007625167249670851
4564.003,0.007974117767556754,0.0007627614905736946
4564.023,0.007976837004027511,0.0007629683560335843
4564.043,0.007979642687641172,0.000763215419648964
4564.063,0.007982277956505055,0.0007634547910910823
4564.083,0.007984998281816896,0.000763661162677746
4564.103,0.00798645779804548,0.0007639027257613534
4564.123,0.007989185791335531,0.0007641096066189509
4564.143,0.007991905190843172,0.000764382144971861
4564.163,0.007993309922405885,0.0007646093328740973
4564.183,0.00799606605748656,0.000764813483161166
4564.203,0.007998836306460116,0.0007650635825062193
4564.223,0.008001569500680324,0.0007652722837393053
4564.243,0.008004264208151795,0.0007655312168626453
4564.263,0.00800566167362687,0.0007657534442611097
4564.283,0.008008446626926517,0.0007659791073938993
4564.303,0.00801109954807748,0.0007662304446396142
4564.323,0.00801382438872161,0.0007664411936314693
4564.343,0.008015298503587648,0.0007666859528986693
4564.363,0.008018017747008832,0.0007668928083263103
4564.383,0.008020823438436128,0.0007671398600384029
4564.403,0.008023458714428753,0.0007673792188351604
4564.423,0.008026179046635478,0.0007675855806386165
4564.443,0.008027638570459041,0.0007678271399775864
4564.463,0.008030366570755593,0.0007680340107528289
4564.483,0.008033085978776115,0.0007683065371181956
4564.503,0.008034490717199808,0.000768533719765103
4564.523,0.00803724685931203,0.000768737860175355
4564.543,0.008040017115866528,0.0007689879475860356
4564.563,0.008042750317052028,0.0007691966386926852
4564.583,0.00804544503280297,0.0007694555580066737
4564.603,0.008046842505162546,0.0007696777827418829
4564.623,0.008049627465811247,0.0007699034347465881
4564.643,0.00805228039448138,0.0007701547613390685
4564.663,0.008055005242110846,0.0007703655002445887
4564.683,0.008056479364816148,0.0007706102531723866
4564.703,0.008059198615183977,0.0007708170985683868
4564.723,0.00806200431442149,0.0007710641383778928
4564.743,0.008064639597539804,0.0007713034845300732
4564.763,0.008067359936637934,0.0007715098365508438
4564.783,0.008068819468053885,0.0007717513921449943
4564.803,0.008071547475353123,0.0007719582528383038
4564.823,0.008074266891882838,0.0007722307672167061
4564.843,0.008075671637165147,0.0007724579446084145
4564.863,0.008078427786305475,0.000772662075142273
4564.883,0.008081198050437544,0.0007729121506192413
4564.903,0.008083931258584746,0.0007731208316000977
4564.923,0.008086625982611478,0.0007733797371054789
4564.943,0.008088023461853014,0.0007736019591774179
4564.963,0.008090808429847288,0.0007738276000546611
4564.983,0.008093461366033505,0.000774078915994529
4565.003,0.008096186220644622,0.0007742896448142282
4565.023,0.008097660351186076,0.0007745343914025669
4565.043,0.008100379608496747,0.0007747412267673534
4565.063,0.008103185315540974,0.0007749882546749435
4565.083,0.00810582060578189,0.0007752275881832965
4565.103,0.008108540951767593,0.0007754339304219321
4565.123,0.008110000490773206,0.0007756754822709905
4565.143,0.008112728505071293,0.0007758823328830149
4565.163,0.00811544793010658,0.0007761548352751347
4565.183,0.008116852682245206,0.0007763820074116831
4565.203,0.00811960883841031,0.0007765861280697588
4565.223,0.008122379110116477,0.0007768361916134772
4565.243,0.008125112325221534,0.000777044862468989
4565.263,0.00812780705751965,0.0007773037541665324
4565.283,0.008129204543640803,0.0007775259735750143
4565.303,0.008131989518977291,0.0007777516033254332
4565.323,0.008134642462676773,0.0007780029086132527
4565.343,0.008137367324265815,0.0007782136273477596
4565.363,0.008138841462640135,0.0007784583675965635
4565.383,0.008141560726889922,0.0007786651929307263
4565.403,0.008144366441737456,0.0007789122089370477
4565.423,0.008147001739098117,0.0007791515298023995
4565.443,0.0081497220919679,0.0007793578622593655
4565.463,0.008151181638560715,0.0007795994103632243
4565.483,0.00815390965985393,0.0007798062508943893
4565.503,0.008156629093391026,0.0007800787413008636
4565.523,0.008158033852383676,0.0007803059081824237
4565.543,0.008160790015570168,0.0007805100189652572
4565.563,0.00816356029484687,0.0007807600705762595
4565.583,0.008166293516906259,0.0007809687313070496
4565.603,0.008168988257472077,0.0007812276091975711
4565.623,0.008170385750470358,0.0007814498259425261
4565.643,0.008173170733145795,0.0007816754445667834
4565.663,0.008175823684355342,0.0007819267392030012
4565.683,0.008178548552918795,0.0007821374478528545
4565.703,0.008180022699123081,0.0007823821817623026
4565.723,0.008182741970308334,0.000782588997066379
4565.743,0.008185547692955781,0.0007828360011721534
4565.763,0.008188182997432958,0.0007830753093950965
4565.783,0.008190903357183144,0.000783281632070976
4565.803,0.008192362911360399,0.0007835231764293548
4565.823,0.008195090939644937,0.000783730006880277
4565.843,0.008197810381680375,0.0007840024853017983
4565.863,0.008199215147524776,0.0007842296469285462
4565.883,0.008201971317729206,0.0007844337478366408
4565.903,0.008204741604572907,0.0007846837875156562
4565.923,0.008207474833582893,0.0007848924381222122
4565.943,0.008210169582412344,0.0007851513022063964
4565.963,0.00821156708228541,0.0007853735162876855
4565.983,0.008214352072296469,0.000785599123786361
4566.003,0.00821700503101314,0.0007858504077716645
4566.023,0.00821972990654738,0.0007860611063373929
4566.043,0.008221204060578573,0.0007863058339075029
4566.063,0.008223923338695444,0.0007865126391819811
4566.083,0.008226729069139349,0.0007867596313878916
4566.103,0.008229364380730065,0.0007869989269692931
4566.123,0.008232084747357007,0.0007872052398645733
4566.143,0.008233544309116207,0.0007874467804773104
4566.163,0.008236272344388139,0.0007876536008484908
4566.183,0.008238991794918115,0.0007879260672857512
4566.203,0.008240396567611871,0.0007881532236578613
4566.223,0.008243152744830805,0.0007883573146917941
4566.243,0.008245923039238025,0.0007886073424391197
4566.263,0.00824865627519476,0.0007888159829219712
4566.283,0.00825135103228359,0.0007890748332005165
4566.303,0.008252748539028989,0.0007892970446179972
4566.323,0.00825553353637224,0.0007895226409917267
4566.343,0.008258186502592905,0.0007897739143265265
4566.363,0.008260911385094123,0.0007899846028086936
4566.383,0.008262385546949198,0.0007902293240394666
4566.403,0.008265104831993959,0.0007904361192848678
4566.423,0.008267910570230966,0.0007906830995915892
4566.443,0.008270545888932085,0.0007909223825320833
4566.463,0.008273266262432206,0.000791128685647331
4566.483,0.008274725831770628,0.0007913702225141567
4566.503,0.008277453874026168,0.0007915770328060776
4566.523,0.008280173333047116,0.0007918494872596897
4566.543,0.00828157811258794,0.0007920766383772145
4566.563,0.00828433429681798,0.0007922807195374909
4566.583,0.008287104598785209,0.0007925307353538686
4566.603,0.008289837841685167,0.0007927393657136116
4566.623,0.008292532607029609,0.0007929982021873809
4566.643,0.008293930120644933,0.0007932204109409783
4566.663,0.008296715125317034,0.0007934459961904479
4566.683,0.008299368099038706,0.000793697258875306
4566.703,0.008302092988503356,0.000793907937274429
4566.723,0.008303567158179086,0.0007941526521658611
4566.743,0.008306286450148009,0.0007943594373827641
4566.763,0.00830909219617466,0.000794606405790938
4566.783,0.008311727521983128,0.000794845676091341
4566.803,0.00831444790235283,0.0007950519694271178
4566.823,0.008315907479267855,0.0007952935025478253
4566.843,0.0083186355285032,0.0007955003027610044
4566.863,0.008321354996011544,0.0007957727452316508
4566.883,0.008322759782397104,0.0007959998910946371
4566.903,0.008325515973634796,0.0007962039623818557
4566.923,0.008328286283158525,0.0007964539662678202
4566.943,0.00833101953299797,0.0007966625865049883
4566.963,0.008333714306593961,0.0007969214091747134
4566.983,0.008335111827076743,0.0007971436152643581
4567.003,0.008337896839074401,0.0007973691893902302
4567.023,0.008340549820294009,0.0007976204414256792
4567.043,0.008343274716718484,0.0007978311097423751
4567.063,0.008344748894211888,0.0007980758182944954
4567.083,0.00834746819310133,0.000798282593483331
4567.103,0.008350273946914118,0.0007985295499936473
4567.123,0.008352909279827,0.0007987688076547342
4567.143,0.008355629667062645,0.0007989750912115431
4567.163,0.008357089251551687,0.0007992166205858776
4567.183,0.008359817307762932,0.0007994234107208248
4567.203,0.00836253678375477,0.0007996958412091701
4567.223,0.008363941576982854,0.0007999229818178341
4567.243,0.008366697775224863,0.0008001270432325393
4567.263,0.008369468092301643,0.0008003770351885398
4567.283,0.00837220134907676,0.0008005856453036222
4567.303,0.008374896130920038,0.0008008444541700839
4567.323,0.008376293658267878,0.0008010666575955719
4567.343,0.008379078677587637,0.0008012922205983638
4567.363,0.008381731666302353,0.0008015434619848995
4567.383,0.00838445656968291,0.0008017541202197811
4567.403,0.00838593075499083,0.0008019988224326136
4567.423,0.00838865006079699,0.0008022055875939335
4567.443,0.008391455822392577,0.0008024525322071539
4567.463,0.008394091162406778,0.0008026917772295889
4567.483,0.008396811556504642,0.0008028980510079669
4567.503,0.008398271148565103,0.0008031395766358314
4567.523,0.00840099921174857,0.0008033463566930387
4567.543,0.008403718696220579,0.0008036187751998125
4567.563,0.008405123496288785,0.0008038459105543075
4567.583,0.008407879701531593,0.0008040499620969666
4567.603,0.008410650026157932,0.0008042999421236529
4567.623,0.008413383289865167,0.0008045085421172023
4567.643,0.008416078079952007,0.0008047673371810776
4567.663,0.00841747561416259,0.0008049895379423499
4567.683,0.008420260640801175,0.0008052150898227783
4567.703,0.008422913637007857,0.0008054663205610717
4567.723,0.008425638547340897,0.000805676968714591
4567.743,0.00842711274046042,0.0008059216645881811
4567.763,0.008429832053179546,0.0008061284197225589
4567.783,0.00843263782255452,0.0008063753524392695
4567.803,0.008435273169666871,0.000806614584823892
4567.823,0.008437993570623435,0.0008068208488243536
4567.843,0.008439453170252693,0.0008070623707054284
4567.863,0.008442181240404533,0.0008072691406854522
4567.883,0.008444900733352856,0.0008075415472111841
4567.903,0.008446305540258894,0.0008077686773115827
4567.923,0.008449061752499227,0.0008079727189828248
4567.943,0.008451832084671502,0.0008082226870807297
4567.963,0.008454565355307003,0.0008084312769532861
4567.983,0.008457260153632972,0.000808690058215382
4568.003,0.008458657694703768,0.0008089122563122784
4568.023,0.008461442728657804,0.0008091377970709082
4568.043,0.00846409573235345,0.0008093890171613946
4568.063,0.008466820649635304,0.0008095996552340783
4568.083,0.008468294850563145,0.0008098443447684025
4568.103,0.008471014170191422,0.0008100510898762916
4568.123,0.008473819947342327,0.000810298010697216
4568.143,0.008476455301549963,0.000810537230444751
4568.163,0.00847917570936152,0.0008107434846678613
4568.183,0.008480635316556906,0.0008109850028018867
4568.203,0.008483363393673147,0.0008111917627052573
4568.223,0.008486082895094223,0.0008114641572506506
4568.243,0.008487487708835829,0.0008116912820971123
4568.263,0.008490243928070178,0.00081189531389733
4568.283,0.008493014267785075,0.0008121452700671226
4568.303,0.008495747545345256,0.0008123538498192516
4568.323,0.008498442351906728,0.0008126126172803576
4568.343,0.008499839899835257,0.0008128348127128283
4568.363,0.008502624941101416,0.0008130603423503684
4568.383,0.008505277952283001,0.0008133115517936247
4568.403,0.008508002876510046,0.0008135221797861549
4568.423,0.008509477085243217,0.0008137668629812684
4568.443,0.008512196411777032,0.0008139735980631999
4568.463,0.008515002196700348,0.0008142205069890731
4568.483,0.008517637558000165,0.0008144597141002386
4568.503,0.008520357972663116,0.0008146659585465181
4568.523,0.00852181758742197,0.0008149074729333388
4568.543,0.008524545671498907,0.0008151142227605737
4568.563,0.008527265181388896,0.0008153866053263537
4568.583,0.008528670001963765,0.0008156137249190694
4568.603,0.008531426228188727,0.0008158177468489475
4568.623,0.008534196575442635,0.0008160676910909806
4568.643,0.008536929859923714,0.0008162762607232294
4568.663,0.00853962467471656,0.0008165350143840664
4568.683,0.00854102222950049,0.0008167572071519787
4568.703,0.008543807278075334,0.0008169827256690397
4568.723,0.008546460296739868,0.0008172339244655322
4568.743,0.008549185227908401,0.0008174445423783399
4568.763,0.0085506594444438,0.0008176892192342917
4568.783,0.008553378777879313,0.0008178959442907565
4568.803,0.008556184570571751,0.0008181428413221584
4568.823,0.008558819938960929,0.0008183820358013689
4568.843,0.008561540360471572,0.000818588270470806
4568.863,0.008562999982791614,0.0008188297811184404
4568.883,0.00856572807382457,0.0008190365208922891
4568.903,0.008568447592179201,0.0008193088914687165
4568.923,0.008569852419586563,0.000819536005827527
4568.943,0.008572608652798738,0.0008197400178843596
4568.963,0.008575379007589198,0.000819989950221971
4568.983,0.008578112298985467,0.0008201985097828006
4569.003,0.008580807122002126,0.0008204572496205177
4569.023,0.008582204683639117,0.0008206794397625128
4569.043,0.008584989739519957,0.0008209049471503339
4569.063,0.008587642765670523,0.0008211561353387437
4569.083,0.0085903677037731,0.0008213667431691262
4569.103,0.008591841928103396,0.0008216114137253927
4569.123,0.00859456126843395,0.0008218181288230743
4569.143,0.008597367068891769,0.0008220650139363433
4569.163,0.008600002444376784,0.0008223041958318801
4569.183,0.008602722872726402,0.0008225104207190462
4569.203,0.008604182502603735,0.0008227519276641834
4569.223,0.008606910600584178,0.000822958657443372
4569.243,0.008609630127395507,0.0008232310160032264
4569.263,0.008611034961638203,0.0008234581251616519
4569.283,0.008613791201834201,0.0008236621273404766
4569.303,0.0086165615641581,0.0008239120477985868
4569.323,0.008619294862462948,0.0008241205973236464
4569.343,0.008621989693694262,0.0008243793233208599
4569.363,0.008623387262182692,0.0008246015108554778
4569.383,0.008626172325366829,0.0008248270071101533
4569.403,0.0086288253590034,0.0008250781847019898
4569.423,0.008631550304034428,0.0008252887824494426
4569.443,0.008633024536154547,0.0008255334467111189
4569.463,0.008635743883375773,0.00082574015185213
4569.483,0.008638549691595582,0.0008259870250472192
4569.503,0.008641185074174308,0.0008262261943597514
4569.523,0.008643905509359097,0.0008264324094651815
4569.543,0.008839933584868235,0.00032738367058370444
4569.563,0.00963296698928709,-0.0013682971417455026
4569.583,0.010072497063895305,-0.0037469052035557634
4569.603,0.00997169162623035,-0.006430675763242466
4569.623,0.009802250696634207,-0.009125003255243647
4569.643,0.009584340129572745,-0.011815826485756372
4569.663,0.009318034539802667,-0.014502280259133336
4569.683,0.009003420873331957,-0.01718349442949544
4569.703,0.008640601684951635,-0.019858600567420497
4569.723,0.008229695136879937,-0.022526732285224005
4569.743,0.007770834956487126,-0.025187025516952437
4569.763,0.007264170388589102,-0.02783861879720423
4569.783,0.006709866142714044,-0.03048065353896412
4569.803,0.006108102335362339,-0.03311227431035798
4569.823,0.005459074427279484,-0.03573262911022834
4569.843,0.004762993155766039,-0.03834086964242621
4569.863,0.004020084462054964,-0.04093615158870932
4569.883,0.003230589413791854,-0.0435176348801335
4569.903,0.0023947641226621866,-0.046084483966820675
4569.923,0.0015128796572158078,-0.04863586808598418
4569.943,0.0005852219509485737,-0.051170961528090794
4569.963,-0.0003879082942908445,-0.05368894390103907
4569.983,-0.001406195709492436,-0.05618900039223331
4570.003,-0.0024693103641882305,-0.058670322028435196
4570.023,-0.0035769078765729156,-0.06113210593327838
4570.043,-0.004728629527938106,-0.06357355558233632
4570.063,-0.0059241023813090595,-0.06599388105563955
4570.083,-0.0071629394041655275,-0.06839229928754824
4570.103,-0.008444739595123011,-0.07076803431389418
4570.123,-0.009769088114446739,-0.07312031751631996
4570.143,-0.01113555641826815,-0.07544838786375482
4570.163,-0.012543702396376248,-0.07775149215098387
4570.183,-0.013993070513457207,-0.08002888523428289
4570.203,-0.015483191953663747,-0.08227983026410915
4570.223,-0.017013584768407017,-0.08450359891485744
4570.243,-0.01858375402727452,-0.08669947161171022
4570.263,-0.020193191971998682,-0.08886673775462858
4570.283,-0.021841378173419926,-0.09100469593954963
4570.303,-0.023527779691413404,-0.09311265417687091
4570.323,-0.025251851237776242,-0.09518993010731762
4570.343,-0.027013035342101883,-0.09723585121529583
4570.363,-0.028810762520699834,-0.09924975503984325
4570.383,-0.030644451448651314,-0.10123098938328877
4570.403,-0.032513509135120064,-0.10317891251772543
4570.423,-0.03441733110206832,-0.10509289338939298
4570.443,-0.03635530156655241,-0.10697231182104688
4570.463,-0.03832679362678994,-0.10881655871236595
4570.483,-0.040331169452206495,-0.11062503623842378
4570.503,-0.042367780477673866,-0.11239715804621175
4570.523,-0.04443596760214837,-0.11413234944916217
4570.543,-0.0465350613919074,-0.11583004761958077
4570.563,-0.04866438228855894,-0.11748970177885074
4570.583,-0.050823240821971455,-0.11911077338523182
4570.603,-0.05301093782823017,-0.12069273631903363
4570.623,-0.05522676467268357,-0.12223507706490877
4570.643,-0.05747000347809172,-0.1237372948909783
4570.663,-0.05973992735783385,-0.12519890202448078
4570.683,-0.062035800654079785,-0.12661942382361785
4570.703,-0.06435687918077129,-0.127998398945264
4570.723,-0.06670241047121156,-0.129335379508211
4570.743,-0.06907163403001215,-0.13062993125162645
4570.763,-0.07146378158910813,-0.13188163368842998
4570.783,-0.07387807736751772,-0.13309008025331165
4570.803,-0.07631373833450313,-0.13425487844515616
4570.823,-0.07876997447577239,-0.1353756499636714
4570.843,-0.08124598906235958,-0.13645203084006033
4570.863,-0.08374097892182529,-0.13748367156161903
4570.883,-0.08625413471143213,-0.138470237190185
4570.903,-0.08878464119297044,-0.13941140747439826
4570.923,-0.09133167750893519,-0.14030687695577734
4570.943,-0.09389441745978631,-0.1411563550686423
4570.963,-0.09647202978205739,-0.14195956623394673
4570.983,-0.09906367842711175,-0.14271624994710064
4571.003,-0.10166852284038065,-0.14342616085988608
4571.023,-0.10428571824095116,-0.14408906885657533
4571.043,-0.10691441590140112,-0.14470475912437009
4571.063,-0.10955376342780779,-0.1452730322182793
4571.083,-0.11220290503987983,-0.14579370412055198
4571.103,-0.11486098185118265,-0.14626660629477478
4571.123,-0.11752713214944129,-0.14669158573473362
4571.143,-0.12020049167691893,-0.1470685050081307
4571.163,-0.12288019391087394,-0.14739724229523124
4571.183,-0.12556537034410317,-0.1476776914225077
4571.203,-0.12825515076557975,-0.14790976189132962
4571.223,-0.13082472846131207,-0.14997119611340393
4571.243,-0.13315527393425414,-0.1553110517380618
4571.263,-0.1347500328299721,-0.16231551325922658
4571.283,-0.1355080472247894,-0.17071993062742147
4571.303,-0.13546238142359213,-0.1804368623039931
4571.323,-0.13524129035049803,-0.19043529445577465
4571.343,-0.13512878849175888,-0.20078532116669312
4571.363,-0.1349756307224894,-0.21126434922838275
4571.383,-0.13476991551674755,-0.22126599914894868
4571.403,-0.1345542866606619,-0.23126334153367317
4571.423,-0.13433875791333239,-0.24126068694704864
4571.443,-0.134123245759196,-0.25125803238557465
4571.463,-0.13390774943062006,-0.2612553778667361
4571.483,-0.13369483808434646,-0.2712546556493948
4571.503,-0.13348530614286835,-0.2812578467050548
4571.523,-0.13327729066552524,-0.29126372118724164
4571.543,-0.1330670838529196,-0.30126286720430423
4571.563,-0.13285995622701893,-0.31126700833973125
4571.583,-0.1326547284799034,-0.3212763923595632
4571.603,-0.13244552503924095,-0.3312774172162774
4571.623,-0.13223906298684304,-0.3412816991015859
4571.643,-0.13203342249265104,-0.35128660530184075
4571.663,-0.13182723479578923,-0.3612927168284973
4571.683,-0.1316193584867466,-0.37129633605570717
4571.703,-0.13141199669721892,-0.38130073880493204
4571.723,-0.13120397746724244,-0.3913052344947942
4571.743,-0.1309962128100166,-0.40130974224389476
4571.763,-0.13078874205982305,-0.41131425742934424
4571.783,-0.13058156917125874,-0.4213187788594709
4571.803,-0.1303746927825619,-0.4313233051957014
4571.823,-0.13016810936389836,-0.44132783411103765
4571.843,-0.12996181100589793,-0.4513323609165349
4571.863,-0.12975576251020388,-0.46133687210643115
4571.883,-0.12954596502634835,-0.47133510108202314
4571.903,-0.12933598801118013,-0.4813325704818999
4571.923,-0.12912603348057283,-0.4913300405646068
4571.943,-0.12891609489933317,-0.501327511638835
4571.963,-0.12870617224768974,-0.5113249836861096
4571.983,-0.12849626556775554,-0.5213224566788413
4572.003,-0.12828637490318331,-0.5313199305839602
4572.023,-0.1280765002980972,-0.5413174053632442
4572.043,-0.12786664179658472,-0.5513148809736675
4572.063,-0.12765679944219882,-0.561312357367797
4572.083,-0.12744697327746846,-0.5713098344942357
4572.103,-0.12723716334342133,-0.5813073122981082
4572.123,-0.12702736967912628,-0.5913047907215793
4572.143,-0.12681759232125644,-0.6013022697044081
4572.163,-0.12660783130367972,-0.6112997491845241
4572.183,-0.12639808665707936,-0.6212972290986242
4572.203,-0.12618835840860856,-0.6312947093827831
4572.223,-0.12597864658158292,-0.641292189973072
4572.243,-0.12576895119521286,-0.6512896708061781
4572.263,-0.12555927226437918,-0.6612871518200167
4572.283,-0.12534960979945348,-0.6712846329543369
4572.303,-0.1251399638061658,-0.6812821141513044
4572.323,-0.12493033428551936,-0.691279595356066
4572.343,-0.12472072123375552,-0.7012770765172818
4572.363,-0.12451112464236588,-0.7112745575876241
4572.383,-0.12430154449815484,-0.7212720385242384
4572.403,-0.12409198078334989,-0.7312695192891574
4572.423,-0.12388320621054173,-0.7412676932861593
4572.443,-0.12367993627354432,-0.7512704139332292
4572.463,-0.1234707225028807,-0.7612679034872184
4572.483,-0.12326159257637849,-0.7712653903601987
4572.503,-0.12305247956502895,-0.7812628769714136
4572.523,-0.1228433828649546,-0.7912603633394013
4572.543,-0.1226343024246842,-0.8012578494657555
4572.563,-0.12242523819539472,-0.8112553353582033
4572.583,-0.12221619012674045,-0.8212528210307117
4572.603,-0.1220071581672611,-0.8312503065033187
4572.623,-0.12179814226484223,-0.841247791801903
4572.643,-0.12158914236718557,-0.8512452769578971
4572.663,-0.12138015842228381,-0.8612427620079476
4572.683,-0.1211711903788958,-0.8712402469935228
4572.703,-0.12096223818701489,-0.8812377319604743
4572.723,-0.12076093284512997,-0.8912416172768828
4572.743,-0.12055228181065912,-0.9012391236136884
4572.763,-0.1203481406920704,-0.9112404244422339
4572.783,-0.12014573848671785,-0.9212438661870405
4572.803,-0.11994334301695958,-0.9312453984155941
4572.823,-0.11974072324569526,-0.9412483393206581
4572.843,-0.11954217197848672,-0.951255405338693
4572.863,-0.11934217897100566,-0.9612592895434668
4572.883,-0.11914235774223227,-0.9712655064854157
4572.903,-0.11894090762597063,-0.9812692269764571
4572.923,-0.11874108091861825,-0.991273823641117
4572.943,-0.1185413593218285,-1.0012788968129192
4572.963,-0.11834002769210805,-1.011283493887008
4572.983,-0.11813873412000334,-1.0212881353335541
4573.003,-0.117937718296214,-1.031292785887997
4573.023,-0.11773699906700502,-1.041297443287863
4573.043,-0.11753657789799377,-1.0513021064798176
4573.063,-0.11733645297456934,-1.0613067740448106
4573.083,-0.11713662024901711,-1.0713114434265048
4573.103,-0.11693707039063846,-1.0813161092140255
4573.123,-0.11673775304430624,-1.0913207545331451
4573.143,-0.11653427221366353,-1.1013184180183184
4573.163,-0.1163310147299092,-1.1113160264080844
4573.183,-0.11612777717730362,-1.1213136355684787
4573.203,-0.11592455556647646,-1.1313112457079957
4573.223,-0.11572134990150089,-1.1413088568061063
4573.243,-0.11551816022492879,-1.151306468834248
4573.263,-0.11531498658054243,-1.1613040817584315
4573.283,-0.1151118290125029,-1.171301695539568
4573.303,-0.11490868756484704,-1.1812993101338276
4573.323,-0.11470556228098933,-1.1912969254930414
4573.343,-0.1145024532032359,-1.2012945415651566
4573.363,-0.11429936037231027,-1.2112921582947245
4573.383,-0.11409628382689978,-1.2212897756234273
4573.403,-0.11389322360322285,-1.2312873934906385
4573.423,-0.11369017973462565,-1.241285011833999
4573.443,-0.11348715225120809,-1.2512826305900213
4573.463,-0.1132841411794856,-1.2612802496947
4573.483,-0.11308114654208762,-1.2712778690841324
4573.503,-0.11287816835749839,-1.2812754886951363
4573.523,-0.11267520663984046,-1.2912731084658626
4573.543,-0.11247226139870245,-1.3012707283363982
4573.563,-0.11226933263901558,-1.3112683482493461
4573.583,-0.11206642036097737,-1.3212659681503842
4573.603,-0.11186352456002432,-1.3312635879887929
4573.623,-0.11166064522685276,-1.34126120771795
4573.643,-0.11145778234749024,-1.3512588272957813
4573.663,-0.1112549359034134,-1.36125644668517
4573.683,-0.11105266505510754,-1.3712554135870565
4573.703,-0.11085634692404016,-1.3812576167661799
4573.723,-0.11065387609298614,-1.3912552439301886
4573.743,-0.11045146384554755,-1.4012528691221686
4573.763,-0.11024906830342232,-1.4112504940471962
4573.783,-0.11004668907204172,-1.4212481187181163
4573.803,-0.10984432610137551,-1.4312457431375423
4573.823,-0.10964197934237747,-1.4412433673142728
4573.843,-0.10943964874453986,-1.4512409912633268
4573.863,-0.10923733425631821,-1.46123861500576
4573.883,-0.10903503582559337,-1.471236238568429
4573.903,-0.10883275340014335,-1.4812338619836933
4573.923,-0.10863048692811753,-1.4912314852890651
4573.943,-0.10842823635851163,-1.501229108526811
4573.963,-0.10822636975965721,-1.5112273957316453
4573.983,-0.10803145590943158,-1.5212307650624275
4574.003,-0.10782954822062513,-1.5312283997430385
4574.023,-0.10763250575589378,-1.5412298542707112
4574.043,-0.10743726434946617,-1.5512330807727697
4574.063,-0.10724180778755246,-1.5612362632182801
4574.083,-0.10704556411633027,-1.5712393843157981
4574.103,-0.10685431745440875,-1.5812459817485987
4574.123,-0.10666182654157377,-1.5912521999996256
4574.143,-0.10646687698807429,-1.6012560459625422
4574.163,-0.10627375901873633,-1.6112607427019734
4574.183,-0.10608171012704977,-1.6212659691263835
4574.203,-0.10588743008196654,-1.6312709302393882
4574.223,-0.10569276385637524,-1.6412756860008388
4574.243,-0.10549824667065762,-1.651280466835475
4574.263,-0.10530401396502116,-1.6612852559104874
4574.283,-0.10511007876211717,-1.671290051434177
4574.303,-0.10491644161142327,-1.681294852351087
4574.323,-0.10472310038965006,-1.6912996571223529
4574.343,-0.10453005051432278,-1.7013044628893004
4574.363,-0.10433728065690855,-1.711309263329348
4574.383,-0.10414387282160087,-1.721312683048465
4574.403,-0.10394714879772272,-1.731310433586487
4574.423,-0.10375061517201856,-1.741308176505672
4574.443,-0.10355409903421914,-1.7513059203184855
4574.463,-0.1033575988313348,-1.7613036650980431
4574.483,-0.10316111459032541,-1.771301410821396
4574.503,-0.10296464635417359,-1.7812991574590205
4574.523,-0.10276819416678915,-1.7912969049760232
4574.543,-0.10257175807236953,-1.8012946533324674
4574.563,-0.1023753381148983,-1.8112924024837356
4574.583,-0.10217893433764981,-1.821290152380945
4574.603,-0.1019825467827046,-1.831287902971405
4574.623,-0.10178617549047998,-1.8412856541991154
4574.643,-0.10158982049927884,-1.851283406005298
4574.663,-0.10139348184486376,-1.8612811583289612
4574.683,-0.10119715956005747,-1.8712789111074815
4574.703,-0.10100085367437585,-1.881276664277209
4574.723,-0.10080456421369625,-1.8912744177740817
4574.743,-0.10060829119996287,-1.9012721715342442
4574.763,-0.10041203465093593,-1.9112699254946675
4574.783,-0.10021579457998155,-1.9212676795937607
4574.803,-0.10001957099590994,-1.9312654337719688
4574.823,-0.09982336390285823,-1.9412631879723519
4574.843,-0.09962717330022416,-1.951260942141138
4574.863,-0.09943099918264667,-1.9612586962282483
4574.883,-0.09923484154003512,-1.9712564501877812
4574.903,-0.0990387003576497,-1.9812542039784584
4574.923,-0.09884257561622699,-1.9912519575640288
4574.943,-0.09864833376427483,-2.0012504130328534
4574.963,-0.09845748454011351,-2.0112533988667534
4574.983,-0.09826176175536588,-2.021251158857795
4575.003,-0.09806607154383587,-2.0312489179393514
4575.023,-0.09787039782117594,-2.0412466767524453
4575.043,-0.09767474040816097,-2.051244435300493
4575.063,-0.0974790992562928,-2.0612421935871046
4575.083,-0.0972834743163396,-2.071239951622161
4575.103,-0.09708786553766813,-2.0812377094217367
4575.123,-0.09689227286868474,-2.091235467007917
4575.143,-0.09669669625730047,-2.1012332244085385
4575.163,-0.09650113565140273,-2.111230981656888
4575.183,-0.09630559099933003,-2.121228738791346
4575.203,-0.09611006225034517,-2.131226495854974
4575.223,-0.09591703292940444,-2.141226237709738
4575.243,-0.09572675128921418,-2.1512284220341793
4575.263,-0.09553163901730408,-2.1612261908243053
4575.283,-0.09534166841778645,-2.171228556693735
4575.303,-0.09515303343923721,-2.181231109863993
4575.323,-0.09496475475354321,-2.1912346598930825
4575.343,-0.09477839282698014,-2.20124326492615
4575.363,-0.09459197120305227,-2.2112474231368284
4575.383,-0.09440449656787483,-2.221250960473449
4575.403,-0.09421783790316453,-2.231256180881128
4575.423,-0.09403174931140326,-2.2412606530328465
4575.443,-0.09384624714321453,-2.2512677315985514
4575.463,-0.09365820933589089,-2.261271447913424
4575.483,-0.09347027134651545,-2.271276344074588
4575.503,-0.09328253285642629,-2.2812812585715796
4575.523,-0.09309508126325353,-2.291286180781853
4575.543,-0.0929079259771206,-2.3012911090887465
4575.563,-0.09272106739895696,-2.311296042408529
4575.583,-0.09253450337131341,-2.321300978965144
4575.603,-0.09234822925668378,-2.331305915528606
4575.623,-0.09216223230096426,-2.341310844523152
4575.643,-0.09197453029052811,-2.351313004529849
4575.663,-0.09178462032136663,-2.3613108810809735
4575.683,-0.09159481260106601,-2.3713087541693
4575.703,-0.09140502156912651,-2.3813066281829873
4575.723,-0.09121524648070442,-2.391304503149986
4575.743,-0.09102548737055893,-2.401302379045895
4575.763,-0.09083574428193474,-2.4113002558402354
4575.783,-0.09064601725884305,-2.4212981334972175
4575.803,-0.09045630634549227,-2.4312960119760563
4575.823,-0.09026661158578833,-2.441293891231356
4575.843,-0.09007693302284082,-2.4512917712135245
4575.863,-0.08988727069848412,-2.4612896518692455
4575.883,-0.08969762465280709,-2.471287533141977
4575.903,-0.08950799492370916,-2.481285414972493
4575.923,-0.08931838154647774,-2.4912832972994496
4575.943,-0.08912878455339482,-2.501281180059971
4575.963,-0.08893920397337712,-2.511279063190262
4575.983,-0.08874963983164924,-2.521276946626214
4576.003,-0.0885600921494586,-2.5312748303040378
4576.023,-0.08837056094383,-2.5412727141608737
4576.043,-0.088181046227365,-2.5512705981354005
4576.063,-0.08799154800808703,-2.561268482168438
4576.083,-0.08780206628933408,-2.5712663662035165
4576.103,-0.08761260106969986,-2.58126425018743
4576.123,-0.08742315234302361,-2.59126213407075
4576.143,-0.08723372009842849,-2.6012600178083094
4576.163,-0.08704430432040773,-2.6112579013596378
4576.183,-0.08685490498895983,-2.6212557846893554
4576.203,-0.08666716886233113,-2.6312555153446073
4576.223,-0.08648332038278822,-2.64125748537186
4576.243,-0.08629433147920912,-2.65125537450106
4576.263,-0.08610536689821364,-2.6612532630268517
4576.283,-0.08591641873836563,-2.6712511512754338
4576.303,-0.08572748688849707,-2.6812490392482577
4576.323,-0.08553857130040934,-2.6912469269499963
4576.343,-0.0853496719246754,-2.7012448143916
4576.363,-0.08516078871053721,-2.7112427015901956
4576.383,-0.08497192160635525,-2.721240588568878
4576.403,-0.08478307056007371,-2.7312384753564545
4576.423,-0.08459423551969365,-2.7412363619871254
4576.443,-0.08440541643374606,-2.7512342485001184
4576.463,-0.08421661325176587,-2.761232134939274
4576.483,-0.08403085268501898,-2.7712317309474304
4576.503,-0.08384680095630202,-2.7812343202488776
4576.523,-0.08365897807741991,-2.7912335654999705
4576.543,-0.0834760628046251,-2.8012359297785965
4576.563,-0.08329357987930325,-2.811237363143275
4576.583,-0.08311322786360983,-2.8212422234109535
4576.603,-0.08293392640729103,-2.8312521056187485
4576.623,-0.08275316500685978,-2.8412540786651195
4576.643,-0.08257253652995755,-2.851257838265319
4576.663,-0.08239407544425839,-2.8612638616557526
4576.683,-0.08221418983387511,-2.8712696957690707
4576.703,-0.08203430745988383,-2.881275024905348
4576.723,-0.08185310157723498,-2.891279499646357
4576.743,-0.08167190900563154,-2.9012845258908095
4576.763,-0.08149094131791891,-2.9112895668616
4576.783,-0.08131026353308857,-2.921294615704242
4576.803,-0.08112988314054174,-2.931299670895047
4576.823,-0.08094979990700663,-2.9413047311574503
4576.843,-0.08077001105738198,-2.951309794483516
4576.863,-0.08059051089331795,-2.961314857196457
4576.883,-0.08041128106068318,-2.971319910073536
4576.903,-0.08023001626675387,-2.9813214759011135
4576.923,-0.08004687934003432,-2.991319476045959
4576.943,-0.07986380077117212,-3.001317474866749
4576.963,-0.07968073850476273,-3.011315474622855
4576.983,-0.07949769219436892,-3.0213134753184216
4577.003,-0.07931466187873332,-3.0313114769278235
4577.023,-0.07913164760130949,-3.0413094794196427
4577.043,-0.07894864940619234,-3.0513074827571938
4577.063,-0.07876566733758619,-3.0613054868988585
4577.083,-0.07858270143930372,-3.071303491798474
4577.103,-0.0783997517542771,-3.0813014974057524
4577.123,-0.07821681832407737,-3.0912995036667623
4577.143,-0.07803390118845191,-3.1012975105244367
4577.163,-0.0778510003848847,-3.1112955179191166
4577.183,-0.07766811594817594,-3.121293525789123
4577.203,-0.07748524791005736,-3.1312915340713463
4577.223,-0.0773023962988367,-3.1412895427018612
4577.243,-0.077119561139078,-3.1512875516165373
4577.263,-0.07693674245132386,-3.1612855607516632
4577.283,-0.07675394025185865,-3.1712835700445643
4577.303,-0.07657115455251516,-3.1812815794342133
4577.323,-0.07638838536052783,-3.1912795888618177
4577.343,-0.07620563267843544,-3.201277598271398
4577.363,-0.0760228965040277,-3.2112756076103257
4577.383,-0.07584017683034597,-3.22127361682984
4577.403,-0.07565747364572876,-3.2312716258855203
4577.423,-0.07547478693390816,-3.2412696347377157
4577.443,-0.07529211667415253,-3.2512676433519303
4577.463,-0.07511568959130503,-3.261272378096465
4577.483,-0.07493405018505102,-3.271269594257988
4577.503,-0.07475179457820467,-3.2812676082220564
4577.523,-0.0745695592530203,-3.2912656217342016
4577.543,-0.07438734031638901,-3.301263634959054
4577.563,-0.07420513769032462,-3.311261647897594
4577.583,-0.07402295132664753,-3.321259660555565
4577.603,-0.07384078117574658,-3.3312576729449876
4577.623,-0.07365862718675271,-3.3412556850840325
4577.643,-0.07347648930799344,-3.351253696996802
4577.663,-0.07329436748745963,-3.361251708713061
4577.683,-0.07311226167327839,-3.371249720267913
4577.703,-0.07293017181418875,-3.381247731701427
4577.723,-0.07274809786001142,-3.391245743058209
4577.743,-0.07257122115529976,-3.4012476516484065
4577.763,-0.0723918225135497,-3.411248178466453
4577.783,-0.07221277633856639,-3.4212481359434386
4577.803,-0.07203710196747849,-3.431252023678812
4577.823,-0.07186036046753869,-3.441253565740916
4577.843,-0.07168644778786726,-3.451258510152972
4577.863,-0.07151453509314491,-3.4612663516227817
4577.883,-0.07133931725169854,-3.471268682973358
4577.903,-0.07116783053406026,-3.4812747689571317
4577.923,-0.07099459066969491,-3.491280699789737
4577.943,-0.07082131523288213,-3.5012861399603388
4577.963,-0.07064764152204213,-3.5112903285233927
4577.983,-0.07047372920179693,-3.5212961213479606
4578.003,-0.07029930366919428,-3.5313012761988634
4578.023,-0.07012512856204883,-3.5413064427134233
4578.043,-0.06995124626243589,-3.5513116165266125
4578.063,-0.06977766176179964,-3.5613167962743066
4578.083,-0.06960437424953685,-3.5713219806145666
4578.103,-0.06943138065154367,-3.581327167376261
4578.123,-0.06925867430602664,-3.591332352382272
4578.143,-0.0690862303763888,-3.6013375244472057
4578.163,-0.06891087036821085,-3.6113378059983767
4578.183,-0.06873449264420967,-3.6213359260793783
4578.203,-0.06855814757219783,-3.6313340461923826
4578.223,-0.06838181858244241,-3.641332167241931
4578.243,-0.06820550556261529,-3.6513302892167
4578.263,-0.06802920855390751,-3.6613284120899454
4578.283,-0.06785292759996098,-3.6713265358293175
4578.303,-0.06767666274494952,-3.6813246603972543
4578.323,-0.0675004140330646,-3.6913227857513196
4578.343,-0.0673241815080198,-3.701320911844593
4578.363,-0.0671479652125605,-3.7113190386261135
4578.383,-0.06697176518798961,-3.721317166041353
4578.403,-0.06679558147370697,-3.7313152940327377
4578.423,-0.06661941410677363,-3.741313422540197
4578.443,-0.06644326312149834,-3.751311551501734
4578.463,-0.06626712854905664,-3.76130968085403
4578.483,-0.0660910104171432,-3.771307810533047
4578.503,-0.06591490874965955,-3.7813059404746534
4578.523,-0.0657388235664423,-3.79130407061524
4578.543,-0.06556275488303503,-3.8013022008923394
4578.563,-0.06538670271050141,-3.8113003312452314
4578.583,-0.06521066705528972,-3.8212984616155365
4578.603,-0.06503464791914082,-3.831296591947779
4578.623,-0.06485864529904611,-3.8412947221899305
4578.643,-0.06478358526207466,-3.850704036201342
4578.663,-0.06476463287202168,-3.85871159198841
4578.683,-0.0647429106280335,-3.8650277816993888
4578.703,-0.06470359086071686,-3.8696693774378783
4578.723,-0.06431831921345377,-3.873498026081347
4578.743,-0.06351474417147678,-3.87662272134062
4578.763,-0.06231407866134858,-3.8790888373567243
4578.783,-0.06069614237847929,-3.8808745942245193
4578.803,-0.05866633660793356,-3.8819496041202464
4578.823,-0.056258520776603774,-3.8822830688090324
4578.843,-0.053584648175023085,-3.8820970142138633
4578.863,-0.05090255908929109,-3.881838226272435
4578.883,-0.0482255081127817,-3.881531143043951
4578.903,-0.045554426106286044,-3.8811739144454127
4578.923,-0.04289076027911145,-3.8807707221554377
4578.943,-0.04023481395600733,-3.8803195558298205
4578.963,-0.037587460594292285,-3.8798186557251095
4578.983,-0.03495003385267821,-3.8792722232764936
4579.003,-0.03232288013115958,-3.8786782862009175
4579.023,-0.029706900903005557,-3.8780351607810535
4579.043,-0.027103336935139707,-3.8773470649407265
4579.063,-0.024512571996595237,-3.8766120721346
4579.083,-0.021935533135859754,-3.875828577261708
4579.103,-0.01937336521444237,-3.875000803303472
4579.123,-0.016825033760172435,-3.874117130472409
4579.143,-0.014292053579645692,-3.873183708261419
4579.163,-0.011776284751838145,-3.87220485066302
4579.183,-0.009278550687434356,-3.871180877557875
4579.203,-0.006799659838839411,-3.8701121211997687
4579.223,-0.004340414378464377,-3.868998928254177
4579.243,-0.001901610029926561,-3.867841659700095
4579.263,0.0005159641796053695,-3.8666406907077984
4579.283,0.002911526165387243,-3.8653964105125254
4579.303,0.005284301028541553,-3.8641092222843554
4579.323,0.007633521296861085,-3.862779542994412
4579.343,0.009958427162890367,-3.8614078032774817
4579.363,0.012258266719206976,-3.859994447291183
4579.383,0.014532296190844604,-3.858539932571794
4579.403,0.016779780164813685,-3.857044729886865
4579.423,0.01899999181669556,-3.8555093230847395
4579.443,0.021192213134303275,-3.853934208941076
4579.463,0.023355735138428098,-3.8523198970024763
4579.483,0.02548985810070605,-3.8506669094272965
4579.503,0.02759389175866141,-3.8489757808236984
4579.523,0.02966715552800505,-3.8472470580849807
4579.543,0.03170897871227888,-3.8454813002221804
4579.563,0.03371870070994717,-3.843679078193935
4579.583,0.035695671219053204,-3.8418409747335405
4579.603,0.037639250439549646,-3.8399675841731042
4579.623,0.039548809273421505,-3.838059512264696
4579.643,0.041423729522699015,-3.836117375998301
4579.663,0.043263404085448105,-3.8341418034164483
4579.683,0.04506723714980029,-3.8321334334252586
4579.703,0.046834644386057514,-3.830092915601743
4579.723,0.04856505313686933,-3.8280209099971034
4579.743,0.05025790260544209,-3.825918086935825
4579.763,0.05191264404169921,-3.823785126810351
4579.783,0.053528740926265646,-3.821622719871165
4579.803,0.055105669152108364,-3.81943156601211
4579.823,0.05664291720362469,-3.8172123745508273
4579.843,0.05813998633293031,-3.8149658640042627
4579.863,0.05959639073307134,-3.8126927618591875
4579.883,0.061011657707858796,-3.810393804337789
4579.903,0.0623853278380073,-3.8080697361584055
4579.923,0.06371695514325357,-3.805721310291545
4579.943,0.06500610724013105,-3.8033492877113786
4579.963,0.06625236549508629,-3.8009544371429476
4579.983,0.0674553251726435,-3.79853753480535
4580.003,0.06861459557834484,-3.7960993641512224
4580.023,0.06972980019622964,-3.7936407156028364
4580.043,0.07080057682064753,-3.7911623862851607
4580.063,0.07182657768224104,-3.7886651797562214
4580.083,0.07280746956797189,-3.7861499057351304
4580.103,0.07374293393510452,-3.783617379828072
4580.123,0.0746326670190979,-3.781068423252604
4580.143,0.07547637993539222,-3.778503862560531
4580.163,0.07627379877510647,-3.775924529359628
4580.183,0.07702466469469038,-3.773331260034444
4580.203,0.07772873399959587,-3.7707248954663766
4580.223,0.07838577822204892,-3.7681062807531975
4580.243,0.07899558419301456,-3.765476264928166
4580.263,0.07955795410845484,-3.76283570067884
4580.283,0.08007270558998196,-3.7601854440656615
4580.303,0.08053967174000685,-3.7575263542404027
4580.323,0.08095870119148052,-3.754859293164494
4580.343,0.08132965815231744,-3.7521851253272924
4580.363,0.0816524224445824,-3.7495047174642746
4580.383,0.08192688953851196,-3.746818938275219
4580.403,0.08215297058143131,-3.744128658142332
4580.423,0.0823305924216168,-3.7414347488483752
4580.443,0.08245969762714428,-3.738738083294777
4580.463,0.08254024449975267,-3.736039535219747
4580.483,0.0825722069470862,-3.7333399789159145
4580.503,0.08255805801806984,-3.7306421108864747
4580.523,0.08249310766366814,-3.7279432448327077
4580.543,0.08237958799757823,-3.7252459664433935
4580.563,0.08221753928496016,-3.722551178545956
4580.583,0.08200701431052079,-3.7198597545125507
4580.603,0.08174808183412167,-3.717172566319873
4580.623,0.08330996835400203,-3.714272182923247
4580.643,0.08813941372971701,-3.711012721149631
4580.663,0.09473919554907567,-3.7081752774538517
4580.683,0.10286737756461359,-3.7059070639411704
4580.703,0.11243183909752938,-3.704191359236837
4580.723,0.1223048129078803,-3.70259717401493
4580.743,0.13252621102268447,-3.7011688157383764
4580.763,0.1428169880634648,-3.6997527455989285
4580.783,0.15273430141563257,-3.6982060519752276
4580.803,0.1626102687299628,-3.696626027681012
4580.823,0.17248396511335395,-3.695043918138265
4580.843,0.18236152148094054,-3.693463847869581
4580.863,0.19224183786397972,-3.69188486598456
4580.883,0.2021222199312601,-3.690306098599135
4580.903,0.21200266040163232,-3.6887275933670343
4580.923,0.22188315268900044,-3.687149352766297
4580.943,0.23176369217005444,-3.6855713756665955
4580.963,0.2416442756985994,-3.6839936607203656
4580.983,0.251524900980764,-3.682416206704363
4581.003,0.26140556562167816,-3.6808390115187435
4581.023,0.2712862663916702,-3.6792620722434255
4581.043,0.2811669981906515,-3.677685383559955
4581.063,0.2910477499966185,-3.6761089321358598
4581.083,0.300926570182839,-3.674531739548763
4581.103,0.31080076556715264,-3.6729527460866125
4581.123,0.32067497292132097,-3.671373870822071
4581.143,0.3305491826644001,-3.6697950110241453
4581.163,0.34042339476979094,-3.668216165746088
4581.183,0.3502976092931226,-3.6666373349721786
4581.203,0.36017182628808986,-3.665058518691432
4581.223,0.3700460458051862,-3.663479716888852
4581.243,0.37992026789121963,-3.6619009295453298
4581.263,0.38979449258887106,-3.660322156637673
4581.283,0.39966871993629266,-3.6587433981386868
4581.303,0.40954294996674984,-3.657164654017305
4581.323,0.41941718270831096,-3.655585924238764
4581.343,0.4292914181835876,-3.6540072087648223
4581.363,0.43916565640952915,-3.6524285075540233
4581.383,0.4490398973972705,-3.650849820561995
4581.403,0.4589141411520401,-3.649271147741785
4581.423,0.4687883876731232,-3.6476924890442275
4581.443,0.47866263695388533,-3.646113844418338
4581.463,0.4885368889818532,-3.6445352138117304
4581.483,0.4984111437388535,-3.6429565971710547
4581.503,0.5082854012012077,-3.641377994442449
4581.523,0.5181596613399814,-3.639799405571998
4581.543,0.5280339241212848,-3.638220830506201
4581.563,0.5379081895066236,-3.6366422691924356
4581.583,0.5477824574532929,-3.635063721579415
4581.603,0.5576567279148147,-3.6334851876176466
4581.623,0.5675322274739313,-3.6319073612474653
4581.643,0.5774106102219316,-3.6303313057409885
4581.663,0.5872848926543582,-3.6287530388461526
4581.683,0.597159197227557,-3.6271747137465176
4581.703,0.6070335042778866,-3.625596401524254
4581.723,0.6169078135114183,-3.6240181027398415
4581.743,0.6267821248674641,-3.622439817370969
4581.763,0.636656438288689,-3.620861545394643
4581.783,0.6465319323957947,-3.6192839007052098
4581.803,0.6564062531940211,-3.6177056891399313
4581.823,0.6662805773023928,-3.616127486872086
4581.843,0.6761549032783369,-3.6145492979356106
4581.863,0.6860344235017115,-3.6129744127057113
4581.883,0.6959133323729654,-3.6113998180138873
4581.903,0.7057878812442165,-3.6098220126985856
4581.923,0.7156624253255159,-3.608244210836586
4581.943,0.7255369676287446,-3.6066664191119027
4581.963,0.7354152857235875,-3.6050909794708637
4581.983,0.7452946456535928,-3.6035168637389163
4582.003,0.755171065340196,-3.601940469416408
4582.023,0.765051695312112,-3.6003665540673704
4582.043,0.7749293962124173,-3.598791431668989
4582.063,0.784804158808295,-3.597214865999894
4582.083,0.7946789147487023,-3.5956383598632415
4582.103,0.8045536757774568,-3.5940619258414865
4582.123,0.8144284389280539,-3.592485577786623
4582.143,0.8243032047053057,-3.5909093351734995
4582.163,0.8341779680174737,-3.58933322364796
4582.183,0.8440527190895232,-3.587757277597499
4582.203,0.8539274281890396,-3.58618155500338
4582.223,0.8638019715540391,-3.584606176628309
4582.243,0.8736810349982114,-3.5830335743747614
4582.263,0.8835593635994845,-3.5814594851094186
4582.283,0.8934338652178557,-3.5798828744048574
4582.303,0.9033084841563354,-3.5783065757806423
4582.323,0.9131831065080471,-3.5767302941670858
4582.343,0.9230577309934977,-3.575154027125117
4582.363,0.932932357660776,-3.5735777746382875
4582.383,0.94280698657119,-3.5720015367079774
4582.403,0.9526816177850306,-3.5704253133323105
4582.423,0.962556251360863,-3.568849104505748
4582.443,0.972430887354977,-3.5672729102189273
4582.463,0.9823055258208597,-3.565696730458537
4582.483,0.9921801668086944,-3.56412056520726
4582.503,1.0020548103648885,-3.5625444144437513
4582.523,1.011929456531641,-3.560968278142675
4582.543,1.0218041053465476,-3.559392156274791
4582.563,1.0316787568422527,-3.557816048807085
4582.583,1.0415534110461457,-3.556239955702949
4582.603,1.051428067980113,-3.5546638769224037
4582.623,1.0613027276603395,-3.553087812422363
4582.643,1.071177390097171,-3.551511762156936
4582.663,1.0810520552950265,-3.549935726077767
4582.683,1.0909267232523758,-3.5483597041344015
4582.703,1.1008013939617725,-3.5467836962746824
4582.723,1.1106760674099425,-3.5452077024451714
4582.743,1.1205507435779356,-3.543631722591584
4582.763,1.1304254224413275,-3.5420557566592383
4582.783,1.1403001039704797,-3.5404798045935184
4582.803,1.1501747881308475,-3.538903866340337
4582.823,1.1600494748833392,-3.5373279418465953
4582.843,1.1699241641847171,-3.5357520310606447
4582.863,1.179798855988043,-3.534176133932729
4582.883,1.1896735502431561,-3.5326002504154195
4582.903,1.1995482468971843,-3.531024380464025
4582.923,1.2094242622962028,-3.5294492051938993
4582.943,1.2193012019334188,-3.5278747498995213
4582.963,1.229175917871769,-3.52629903876649
4582.983,1.2390506397566998,-3.5247233235962216
4583.003,1.248925363796998,-3.52314762169481
4583.023,1.258800089889404,-3.521571933193276
4583.043,1.2686748179776028,-3.519996258075105
4583.063,1.278554945988346,-3.518423232639158
4583.083,1.2884489316410281,-3.5168590680245675
4583.103,1.298343223854024,-3.5152958033878146
4583.123,1.308237616932135,-3.513733345618196
4583.143,1.3181321258753584,-3.512171711301182
4583.163,1.3280267535848498,-3.5106109076410905
4583.183,1.3379215035269738,-3.5090509439056325
4583.203,1.3478163798251228,-3.507491829896387
4583.223,1.3577113829695524,-3.5059335770379034
4583.243,1.3676065192740083,-3.504376203731942
4583.263,1.3775017963149865,-3.5028197194294988
4583.283,1.3873972138771284,-3.5012641291758895
4583.303,1.3972927319975048,-3.499709449724648
4583.323,1.4071862334902245,-3.498155819561166
4583.343,1.4170697701796016,-3.4965952546474255
4583.363,1.4269494094834425,-3.495032869242506
4583.383,1.4368276049791622,-3.493469913798907
4583.403,1.4467043783814175,-3.4919063558112753
4583.423,1.4565811493739012,-3.490342929648498
4583.443,1.4664579021008755,-3.4887796725991667
4583.463,1.4763345980235787,-3.4872166531550453
4583.483,1.4862111003643412,-3.485654003821967
4583.503,1.496093711712014,-3.484093859595157
4583.523,1.5059725032147822,-3.482531930491954
4583.543,1.5152608181007552,-3.481383890957231
4583.563,1.5231284027400496,-3.4807604131098993
4583.583,1.5293625660041885,-3.480253960656296
4583.603,1.5339130079647467,-3.4799500346138745
4583.623,1.5377124471582582,-3.479169746856115
4583.643,1.5407037985203804,-3.4780360484692014
4583.663,1.5429297728116664,-3.4766128195980768
4583.683,1.5442367991072137,-3.474849037250498
4583.703,1.5447121182353178,-3.4727287351021756
4583.723,1.5445152934255901,-3.4702463191679747
4583.743,1.5441003366842891,-3.4674773789339675
4583.763,1.5437042489100434,-3.464633631212744
4583.783,1.5432244470281877,-3.461823053179793
4583.803,1.5426819038475865,-3.4590650917934025
4583.823,1.5419253485136752,-3.4564357193225965
4583.843,1.5410663884403186,-3.453879091684317
4583.863,1.5401581511858788,-3.4513369827573834
4583.883,1.539204299637601,-3.448811602935365
4583.903,1.5382051541686714,-3.446303804713676
4583.923,1.5371610387226577,-3.443814399997607
4583.943,1.5360722916488736,-3.441344194411486
4583.963,1.534939265682127,-3.4388939873096906
4583.983,1.533762327825569,-3.436464571526884
4584.003,1.532541859228756,-3.434056733128814
4584.023,1.5312782550617974,-3.431671251165681
4584.043,1.5299719243857133,-3.429308897428163
4584.063,1.528623290019114,-3.4269704362061724
4584.083,1.5272327884013255,-3.4246566240503915
4584.103,1.5258008694520728,-3.4223682095366437
4584.123,1.5243279964278416,-3.4201059330331205
4584.143,1.5228146457750251,-3.4178705264704767
4584.163,1.521261306979957,-3.4156627131147763
4584.183,1.5196684824159088,-3.4134832073432744
4584.203,1.5180366871871216,-3.411332714422979
4584.223,1.5163664489699205,-3.4092119302919293
4584.243,1.5146583078509206,-3.407121541343111
4584.263,1.5129128161623278,-3.4050622242109165
4584.283,1.511130538314281,-3.4030346455600484
4584.303,1.5093120506241802,-3.4010394618767505
4584.323,1.5074579411428848,-3.3990773192622754
4584.343,1.5055688094776547,-3.397148853228469
4584.363,1.5036452666116744,-3.3952546884954082
4584.383,1.5016879347199754,-3.393395438790994
4584.403,1.4996974469815507,-3.391571706652486
4584.423,1.498917415052677,-3.38837111755399
4584.443,1.5003257418453098,-3.3827175385825945
4584.463,1.503332110747645,-3.376192825411704
4584.483,1.5078552101177245,-3.3690685205592508
4584.503,1.5138152534992004,-3.361393830286153
4584.523,1.520085780987775,-3.3536031621133393
4584.543,1.5264854488303512,-3.345586597144877
4584.563,1.5329591989201852,-3.337447421221759
4584.583,1.5392576571670356,-3.3296202974477302
4584.603,1.5455240459070811,-3.3218103392422846
4584.623,1.5517916539619254,-3.3140143747864754
4584.643,1.5580583382668867,-3.3062220817342234
4584.663,1.5643250184113848,-3.298429804886956
4584.683,1.5705916944807956,-3.2906375245898913
4584.703,1.5768583665322662,-3.282845240638508
4584.723,1.5831250346200842,-3.275052953043714
4584.743,1.589391698799807,-3.2672606618240225
4584.763,1.5956583591280358,-3.259468367003313
4584.783,1.6019250156621083,-3.2516760686107817
4584.803,1.6081916684597632,-3.2438837666808595
4584.823,1.6144583175788012,-3.2360914612530673
4584.843,1.6207249630767304,-3.228299152371806
4584.863,1.626991605010411,-3.220506840086105
4584.883,1.633258243435694,-3.2127145244493063
4584.903,1.6395248784070664,-3.204922205518704
4584.923,1.6457915099773015,-3.197129883355137
4584.943,1.652058138197118,-3.189337558022541
4584.963,1.658324763114854,-3.1815452295874618
4584.983,1.6645913847761584,-3.1737528981185377
4585.003,1.670858003223701,-3.165960563685959
4585.023,1.6771246184969097,-3.1581682263609006
4585.043,1.6833912306317318,-3.1503758862149476
4585.063,1.6896578396604223,-3.1425835433195015
4585.083,1.695924445611369,-3.1347911977451965
4585.103,1.7021910485089482,-3.126998849561306
4585.123,1.7084576483734135,-3.1192064988351693
4585.143,1.714724245220824,-3.111414145631625
4585.163,1.7209908390630069,-3.103621790012471
4585.183,1.7272574299075627,-3.095829432035949
4585.203,1.7335240177579014,-3.088037071756262
4585.223,1.739790602613322,-3.080244709223126
4585.243,1.7460571844691262,-3.0724523444813645
4585.263,1.752323763316769,-3.0646599775705483
4585.283,1.7585903391440447,-3.056867608524688
4585.303,1.764856911935303,-3.0490752373719725
4585.323,1.7711234816717,-3.0412828641345655
4585.343,1.7773935105807492,-3.033487619084575
4585.363,1.7836667698624074,-3.0256861069150727
4585.383,1.7899364319027262,-3.017889986526853
4585.403,1.7962054100958806,-3.0100946271581477
4585.423,1.8024737461221068,-3.0023004503972452
4585.443,1.8087420664108074,-2.9945061628606027
4585.463,1.8150107859522724,-2.9867114101466075
4585.483,1.821279061633615,-2.978917402915808
4585.503,1.8275473714662431,-2.971123190724601
4585.523,1.8338161068350312,-2.963328474772084
4585.543,1.840084403923582,-2.9555344917939177
4585.563,1.8463527364098211,-2.947740301206489
4585.583,1.8526214949804727,-2.9399456058913858
4585.603,1.8588898152833189,-2.932151643278242
4585.623,1.8651581708628202,-2.9243574731291497
4585.643,1.8714269524044473,-2.916562798375768
4585.663,1.8771366604402488,-2.909353016573077
4585.683,1.8815751657688946,-2.9034394800272483
4585.703,1.8847411442161983,-2.8990285707208097
4585.723,1.8874437617667699,-2.8961811637368005
4585.743,1.8899455561284428,-2.8945785232667713
4585.763,1.8922760283243074,-2.894072653845297
4585.783,1.894452231266527,-2.8945994492669453
4585.803,1.8964905856154424,-2.8961105185855955
4585.823,1.898455130050714,-2.8980993681469736
4585.843,1.900303399533389,-2.9004488609717805
4585.863,1.9021448622644792,-2.9027310861673596
4585.883,1.904005572529435,-2.904738128372154
4585.903,1.905856548506168,-2.9067047114874893
4585.923,1.9076712290660502,-2.9087032451441126
4585.943,1.909449658016533,-2.910734130205363
4585.963,1.9111912555111252,-2.9127966975244246
4585.983,1.9128954578307589,-2.914890280010633
4586.003,1.9145617132389983,-2.9170142005866104
4586.023,1.9161894821438321,-2.919167772289381
4586.043,1.9177782372762324,-2.921350298477611
4586.063,1.919327463866687,-2.9235610730442643
4586.083,1.9208366598195303,-2.9257993806340115
4586.103,1.9223053358848567,-2.9280644968655225
4586.123,1.9237330158277468,-2.9303556885587136
4586.143,1.9267362969858923,-2.9317096205321374
4586.163,1.9325521737251787,-2.931362002109383
4586.183,1.9395175357915746,-2.929603260415075
4586.203,1.9473505116022023,-2.9264634874038986
4586.223,1.9559880896334088,-2.9220120031507273
4586.243,1.9647966546385043,-2.917276578570779
4586.263,1.9738938374334516,-2.9125097837286
4586.283,1.983105677715103,-2.907705376934023
4586.303,1.9919760324318088,-2.9029636964679377
4586.323,2.0008020033531984,-2.898233654790824
4586.343,2.009613847452275,-2.8935038739807366
4586.363,2.0184245083513424,-2.8887748520723253
4586.383,2.0272351728512503,-2.8840458426997277
4586.403,2.0360458417784995,-2.8793168406335963
4586.423,2.0448565151996374,-2.8745878457677323
4586.443,2.053667193163782,-2.8698588580473685
4586.463,2.062477875714466,-2.865129877422013
4586.483,2.0712885628892557,-2.860400903845251
4586.503,2.080099254719269,-2.855671937274965
4586.523,2.0889099512287506,-2.8509429776735193
4586.543,2.097720652434732,-2.8462140250079293
4586.563,2.106531358346755,-2.841485079249969
4586.583,2.115342068966688,-2.836756140376251
4586.603,2.124152784288612,-2.8320272083682743
4586.623,2.132963504298792,-2.827298283212415
4586.643,2.1417742289757316,-2.8225693648998975
4586.663,2.150584958290309,-2.817840453426694
4586.683,2.1593956922059876,-2.8131115487934193
4586.703,2.1682064306791107,-2.808382651005159
4586.723,2.177017173659265,-2.803653760071272
4586.743,2.185827921089716,-2.798924876005154
4586.763,2.1946386729079137,-2.794195998823967
4586.783,2.203449429046051,-2.789467128548335
4586.803,2.212260189431685,-2.784738265202014
4586.823,2.221070953988403,-2.7800094088115332
4586.843,2.22988172263653,-2.775280559405815
4586.863,2.2386924952938756,-2.7705517170157767
4586.883,2.2475032718765005,-2.765822881673912
4586.903,2.2563140522995115,-2.7610940534138715
4586.923,2.2651248364778627,-2.7563652322700207
4586.943,2.273935624327159,-2.751636418277013
4586.963,2.2822040994861967,-2.747435161034573
4586.983,2.2892179345335877,-2.7443482911975705
4587.003,2.2945875931220625,-2.7421647884044362
4587.023,2.2983358494092796,-2.740802999851467
4587.043,2.3013063771765525,-2.7403428016339726
4587.063,2.303758021938357,-2.7407683627356443
4587.083,2.3056730952479074,-2.7420693884422307
4587.103,2.307029463341638,-2.7442229871193535
4587.123,2.3081655680320434,-2.7466912957835916
4587.143,2.3092692615078967,-2.7491503403478763
4587.163,2.310331101474165,-2.751624249258616
4587.183,2.311348375849169,-2.7541177694675008
4587.203,2.31232075360256,-2.756629404899699
4587.223,2.3132470494221673,-2.7591579704142672
4587.243,2.314127994663423,-2.7617017376833353
4587.263,2.314961718537163,-2.764264068596399
4587.283,2.3157501031469416,-2.766841093302485
4587.303,2.316492709578741,-2.7694295518570544
4587.323,2.3171886091899783,-2.772031902562876
4587.343,2.317837655934491,-2.774646608053853
4587.363,2.318433625335051,-2.777275944037779
4587.383,2.3189783369760084,-2.7799200373491866
4587.403,2.319475374521056,-2.7825735708049697
4587.423,2.3199245734774476,-2.7852356272554784
4587.443,2.3203257877198036,-2.7879053430025107
4587.463,2.3206788867379955,-2.7905818523302237
4587.483,2.322854076585009,-2.793055865414577
4587.503,2.3282935843864636,-2.7951431647217477
4587.523,2.335362863090548,-2.796420418085317
4587.543,2.3437929567736457,-2.7967986647758596
4587.563,2.3534980039205764,-2.7963148758441405
4587.583,2.363476304304489,-2.7956431911431965
4587.603,2.3738068256326645,-2.79519529271619
4587.623,2.3842196157188544,-2.7947149262395192
4587.643,2.394212255492473,-2.7940749006400605
4587.663,2.404195745751335,-2.793421354945741
4587.683,2.4141805268844867,-2.7927660785036226
4587.703,2.424165357740593,-2.7921107160074206
4587.723,2.434150222618186,-2.7914556049321098
4587.743,2.444135114649777,-2.7908007743193965
4587.763,2.4541200301097974,-2.790146229103715
4587.783,2.464104966683425,-2.789491970034682
4587.803,2.4740899232672917,-2.7888379974840953
4587.823,2.484074898943517,-2.7881843111654923
4587.843,2.494059892947913,-2.7875309106226025
4587.863,2.504044904454236,-2.786877795152923
4587.883,2.514029932386591,-2.786224963605193
4587.903,2.5240149751206133,-2.785572413873865
4587.923,2.5340000293143854,-2.784920141687681
4587.943,2.5439850882934643,-2.784268137206304
4587.963,2.5539688159266243,-2.7836154811190927
4587.983,2.5639469886327535,-2.782959979042049
4588.003,2.5739251600488973,-2.7823047057098385
4588.023,2.583903332298605,-2.7816494502316225
4588.043,2.5938815054477375,-2.780994210672566
4588.063,2.603859679529145,-2.7803389870472186
4588.083,2.6138378545748924,-2.7796837793839173
4588.103,2.623816030616451,-2.779028587706328
4588.123,2.6337942076844403,-2.7783734120329373
4588.143,2.6437723858083775,-2.7777182523767814
4588.163,2.653750565016428,-2.777063108745226
4588.183,2.6637287453351726,-2.7764079811398137
4588.203,2.673706926789384,-2.7757528695561717
4588.223,2.6836851094018246,-2.7750977739839864
4588.243,2.693663293193052,-2.7744426944070324
4588.263,2.703641478181255,-2.773787630803276
4588.283,2.713619664382108,-2.7731325831450353
4588.303,2.7236014640785298,-2.7724845584258087
4588.323,2.7335838320306958,-2.7718349360840997
4588.343,2.7435662857199463,-2.7711860691215486
4588.363,2.753548784614374,-2.770537306042037
4588.383,2.7635310722618094,-2.769888150550117
4588.403,2.7735124738838444,-2.7692398573642567
4588.423,2.783494817049416,-2.768592428413852
4588.443,2.793476053012347,-2.7679441231304427
4588.463,2.803458555342144,-2.767296206227985
4588.483,2.8134412023986024,-2.7666489889175603
4588.503,2.8234243118899753,-2.7660013224041364
4588.523,2.8334055326956555,-2.765352880983146
4588.543,2.8433839190292303,-2.76470081479082
4588.563,2.8533623059191044,-2.7640487695452416
4588.583,2.863340693862706,-2.7633967395679186
4588.603,2.87331908284553,-2.762744724747672
4588.623,2.883297472845803,-2.762092725022629
4588.643,2.8932758638405964,-2.761440740335014
4588.663,2.9032542558061714,-2.7607887706312617
4588.683,2.9132326487182696,-2.7601368158624657
4588.703,2.9232110425523956,-2.7594848759847905
4588.723,2.933189437284107,-2.758832950959835
4588.743,2.943167832889296,-2.758181040754944
4588.763,2.95314622934447,-2.7575291453434763
4588.783,2.9631246266270215,-2.756877264704999
4588.803,2.973103483345628,-2.7562256768766873
4588.823,2.9830933431452737,-2.755583414547364
4588.843,2.9930855202698856,-2.754944008084314
4588.863,3.0030640194647753,-2.7542932279615933
4588.883,3.013043678294567,-2.7536433770654436
4588.903,3.023023351489522,-2.7529933383141407
4588.923,3.0330025366641773,-2.752343384020846
4588.943,3.042987759225314,-2.751696965567728
4588.963,3.0529731180756148,-2.7510504805240346
4588.983,3.062958535308929,-2.7504042691000015
4589.003,3.072943993753863,-2.7497583504168754
4589.023,3.0829294833805543,-2.749112725075901
4589.043,3.0929149987789932,-2.748467391513321
4589.063,3.102900536632307,-2.747822348156489
4589.083,3.1128860950652126,-2.7471775938803726
4589.103,3.122871672727586,-2.746533127566749
4589.123,3.1328572683970592,-2.7458889479656734
4589.143,3.142842880572874,-2.7452450532811024
4589.163,3.1528285072505033,-2.744601440966046
4589.183,3.162814144713869,-2.7439581061358185
4589.203,3.172799785063315,-2.743315036485788
4589.223,3.182782718617011,-2.742670439515116
4589.243,3.192761469281423,-2.7420239452288087
4589.263,3.202740219985916,-2.7413775526112314
4589.283,3.2127189715364177,-2.7407311766650486
4589.303,3.222697723978736,-2.7400848166454717
4589.323,3.2326764773453585,-2.739438472577529
4589.343,3.2426552316682216,-2.73879214448898
4589.363,3.2526339869786334,-2.7381458324027412
4589.383,3.262612743307012,-2.737499536336501
4589.403,3.2725915006826356,-2.73685325630245
4589.423,3.2825702591334,-2.7362069923070704
4589.443,3.2925490186855813,-2.735560744351002
4589.463,3.3025277793636207,-2.734914512428956
4589.483,3.3125065411899204,-2.7342682965296943
4589.503,3.3224853041846583,-2.73362209663608
4589.523,3.332464068365623,-2.7329759127251845
4589.543,3.3424428164955224,-2.7323296452411774
4589.563,3.3524271897840046,-2.7316910537619603
4589.583,3.3624091034138957,-2.73105066455372
4589.603,3.372391945609312,-2.730411157728819
4589.623,3.3823736735829564,-2.7297708090853137
4589.643,3.3923566444038866,-2.7291308866815305
4589.663,3.4023397340757606,-2.728491690726513
4589.683,3.412322879076122,-2.7278525844968198
4589.703,3.4223058235589563,-2.727213069361612
4589.723,3.432287902916062,-2.7265743784522605
4589.743,3.4422709535045506,-2.7259365180157586
4589.763,3.452256666803986,-2.7252998202185665
4589.783,3.4622356551548448,-2.7246571147194514
4589.803,3.4722146179163547,-2.7240139340551925
4589.823,3.4821935814719085,-2.723370771443373
4589.843,3.4921725460678608,-2.7227276240782654
4589.863,3.50215151168662,-2.7220844918730087
4589.883,3.512130478306264,-2.721441374766525
4589.903,3.522109445903792,-2.720798272701718
4589.923,3.532088414455436,-2.7201551856257726
4589.943,3.5420673839369514,-2.7195121134906066
4589.963,3.5520463543239,-2.7188690562532676
4589.983,3.562025325591937,-2.718226013876293
4590.003,3.5720042977170956,-2.717582986328013
4590.023,3.581983270676061,-2.7169399735828046
4590.043,3.5919622444464445,-2.716296975621288
4590.063,3.6019446191277367,-2.7156560537643997
4590.083,3.611933408131458,-2.715022074725691
4590.103,3.6219248899436898,-2.714390564183033
4590.123,3.6319039497121755,-2.7137486766041823
4590.143,3.641884846634687,-2.713107935931661
4590.163,3.651864435853593,-2.7124665692470273
4590.183,3.6618455007904585,-2.711826404127
4590.203,3.671831364970322,-2.711188779274335
4590.223,3.6818173139770307,-2.710551234244427
4590.243,3.691803317361796,-2.709913971371431
4590.263,3.7017893592788877,-2.709277002041708
4590.283,3.71177543085759,-2.7086403260579606
4590.303,3.7217615271622684,-2.7080039417480553
4590.323,3.7317476452364113,-2.707367847631049
4590.343,3.74173378338088,-2.7067320426593344
4590.363,3.751719940267229,-2.706096525653268
4590.383,3.7617061146943898,-2.705461295329113
4590.403,3.7716923051027917,-2.7048263498227976
4590.423,3.7816785092854737,-2.70419168627036
4590.443,3.791664723158208,-2.7035572992138137
4590.463,3.801650937472367,-2.702923173170214
4590.483,3.811633067976375,-2.702286713465948
4590.503,3.82161239011232,-2.701649159122763
4590.523,3.831591712691664,-2.7010116544435365
4590.543,3.841571036116801,-2.7003741659779568
4590.563,3.8515503604259576,-2.699736693453023
4590.583,3.8615296856514227,-2.6990992368975593
4590.603,3.871509011825002,-2.6984617963386746
4590.623,3.881488338977831,-2.6978243717985335
4590.643,3.8914676671401187,-2.697186963294015
4590.663,3.9014469963409004,-2.6965495708364595
4590.683,3.9114263266077907,-2.6959121944314686
4590.703,3.921405657966759,-2.695274834078778
4590.723,3.931384990441908,-2.6946374897721777
4590.743,3.9413643240552774,-2.6940001614995124
4590.763,3.9513436588266595,-2.693362849242734
4590.783,3.9613229947734374,-2.6927255529780214
4590.803,3.9713034022793225,-2.6920899149916973
4590.823,3.9812866424248474,-2.691459971374047
4590.843,3.991270139558606,-2.6908282237742265
4590.863,4.001253746136587,-2.6901972241363072
4590.883,4.011237398842385,-2.6895663275646386
4590.903,4.021220841150208,-2.6889350365222793
4590.923,4.031203395714343,-2.688304605855253
4590.943,4.041186892487425,-2.6876750401240357
4590.963,4.05116928718922,-2.687044589168033
4590.983,4.061152948230427,-2.686414531240257
4591.003,4.071136756626005,-2.685785167558242
4591.023,4.081122478986301,-2.68515738715084
4591.043,4.091102019549392,-2.68452295785186
4591.063,4.101081551405493,-2.6838886695509157
4591.083,4.11106108419463,-2.6832543976077066
4591.103,4.121040618009841,-2.6826201408993215
4591.123,4.131020152831604,-2.6819858993533847
4591.143,4.14099968863785,-2.6813516729095634
4591.163,4.150979225405502,-2.6807174615114713
4591.183,4.160958763110763,-2.6800832651070756
4591.203,4.170938301729395,-2.679449083649144
4591.223,4.180917841237014,-2.6788149170956315
4591.243,4.190897381609371,-2.6781807654100382
4591.263,4.200876922822637,-2.677546628561697
4591.283,4.210856464853674,-2.676912506526028
4591.303,4.220836007680309,-2.676278399284714
4591.323,4.230822479384714,-2.6756505049987918
4591.343,4.240813254974307,-2.6750251412632076
4591.363,4.250800386101487,-2.6743989015738183
4591.383,4.260780006030073,-2.6737659176665614
4591.403,4.2707620011726455,-2.673134600257418
4591.423,4.280741628224761,-2.6725016121140888
4591.443,4.290724609229669,-2.671871205422012
4591.463,4.30071106783671,-2.6712424321258244
4591.483,4.310697598719092,-2.670613839135761
4591.503,4.3206841801366815,-2.6699855332219316
4591.523,4.330670797675531,-2.66935752134185
4591.543,4.340657443467169,-2.668729802768959
4591.563,4.35064411304062,-2.6681023757888114
4591.583,4.360630803733243,-2.667475239002694
4591.603,4.3706175139971375,-2.666848391416015
4591.623,4.3806042425298095,-2.66622183180625
4591.643,4.390590988128781,-2.6655955588419697
4591.663,4.400577749182415,-2.664969570585314
4591.683,4.410564523213853,-2.6643438637567742
4591.703,4.420551305721836,-2.6637184322375043
4591.723,4.430538085854682,-2.663093255789801
4591.743,4.44052009179257,-2.6624653531750972
4591.763,4.450499980033387,-2.6618367342174363
4591.783,4.460479868742751,-2.6612081518610555
4591.803,4.470459758290795,-2.660579585617516
4591.823,4.480439648714591,-2.6599510353324427
4591.843,4.490419540046326,-2.6593225010351196
4591.863,4.500399432317683,-2.658693982751937
4591.883,4.5103793255596365,-2.658065480504271
4591.903,4.52035921980219,-2.6574369943081613
4591.923,4.530339115074144,-2.6568085241740698
4591.943,4.540319011402843,-2.656180070106691
4591.963,4.550298908813955,-2.655551632104832
4591.983,4.560278807331252,-2.654923210161344
4592.003,4.570258706976416,-2.654294804263138
4592.023,4.580238607768866,-2.6536664143912394
4592.043,4.590218509725586,-2.6530380405209226
4592.063,4.600201735156283,-2.652412899003751
4592.083,4.610184356735148,-2.6517905816449634
4592.103,4.620168324410926,-2.65116871078518
4592.123,4.630151174998041,-2.6505460006872403
4592.143,4.640135266483891,-2.6499237270638383
4592.163,4.650119474964804,-2.6493021833316934
4592.183,4.660103736427363,-2.6486807331018287
4592.203,4.6700877915969565,-2.6480588783861294
4592.223,4.6800709718068845,-2.647437860882453
4592.243,4.6900551197623574,-2.6468176811777746
4592.263,4.700038176058255,-2.646196598429761
4592.283,4.7100247900508565,-2.6455772683293493
4592.303,4.72000489030255,-2.644951811213781
4592.323,4.729984985588179,-2.6443264485240916
4592.343,4.739965081833378,-2.643701101787327
4592.363,4.749945179088496,-2.6430757702850523
4592.383,4.759925277333394,-2.6424504539487597
4592.403,4.76990537654591,-2.6418251527187486
4592.423,4.779885476702916,-2.6411998665393157
4592.443,4.789865577780605,-2.6405745953591917
4592.463,4.799845679754782,-2.6399493391319657
4592.483,4.809825782601137,-2.6393240978164836
4592.503,4.819805886295542,-2.638698871377181
4592.523,4.829785990814329,-2.6380736597843786
4592.543,4.8397660961345546,-2.637448463014512
4592.563,4.84974620223428,-2.636823281050313
4592.583,4.8597341915835255,-2.6362048741578725
4592.603,4.869725353905349,-2.6355882998399176
4592.623,4.879712278566674,-2.6349707631915145
4592.643,4.889692458143984,-2.6343467097567568
4592.663,4.899675021156608,-2.633724270520411
4592.683,4.909655207880851,-2.6331002744100696
4592.703,4.919639364969466,-2.632478996568812
4592.723,4.92962641976363,-2.631859185748914
4592.743,4.9396135369028515,-2.6312395869489134
4592.763,4.949600697510417,-2.630620271443283
4592.783,4.959587889812175,-2.630001246553162
4592.803,4.969575107587131,-2.629382512664299
4592.823,4.979562347217591,-2.6287640688425826
4592.843,4.989549606584883,-2.628145914220843
4592.863,4.999536884462862,-2.6275280481082657
4592.883,5.009524179735974,-2.6269104694612273
4592.903,5.019511491285043,-2.6262931769582534
4592.923,5.029498817508282,-2.625676168586136
4592.943,5.039486155770393,-2.625059440607244
4592.963,5.0494735010377205,-2.624442985445037
4592.983,5.059460840563098,-2.6238267707948832
4593.003,5.069442710670084,-2.6232075948282767
4593.023,5.07942315739073,-2.622587916688246
4593.043,5.089403604716996,-2.6219682646520246
4593.063,5.099384052875947,-2.6213486286509675
4593.083,5.109364501902459,-2.6207290086261246
4593.103,5.119344951828597,-2.6201094046070206
4593.123,5.129325402685909,-2.6194898166193235
4593.143,5.139305854505186,-2.6188702446836225
4593.163,5.149286307316229,-2.618250688815121
4593.183,5.159266761147591,-2.6176311490234054
4593.203,5.169247216026332,-2.617011625312266
4593.223,5.179227671977813,-2.616392117679586
4593.243,5.189208129025466,-2.6157726261172853
4593.263,5.199188587190612,-2.615153150611346
4593.283,5.209169046492279,-2.6145336911418777
4593.303,5.219149506947054,-2.613914247683262
4593.323,5.229132328135505,-2.6132996177765198
4593.343,5.239117087094692,-2.6126858454685604
4593.363,5.249101833655628,-2.61207236169118
4593.383,5.259086365405548,-2.6114584984121696
4593.403,5.269070002466655,-2.6108454990949648
4593.423,5.279054578474884,-2.6102333753558837
4593.443,5.289038043867163,-2.6096203851983666
4593.463,5.29902276305219,-2.6090078031373842
4593.483,5.309007612617193,-2.608395933995539
4593.503,5.318992541958137,-2.6077841312411576
4593.523,5.328977290241699,-2.6071719001160956
4593.543,5.334560515591625,-2.6065856075642464
4593.563,5.334605619476627,-2.606203928467638
4593.583,5.334648908019956,-2.6058270572490105
4593.603,5.33469248452222,-2.6054734139614726
4593.623,5.334736329413338,-2.6051162126997545
4593.643,5.334790600343567,-2.604765985155319
4593.663,5.334823187532612,-2.604412831770144
4593.683,5.3348766202610385,-2.6040595049935824
4593.703,5.334907494785368,-2.6037157854842974
4593.723,5.334949027800521,-2.603378502967567
4593.743,5.335000544617089,-2.6030483111658396
4593.763,5.335030521274776,-2.60272490133753
4593.783,5.335071137541602,-2.602407574551305
4593.803,5.335121757581113,-2.6020969721396114
4593.823,5.3351507534755305,-2.6017927564387953
4593.843,5.335190374855586,-2.601494307740303
4593.863,5.335240000084599,-2.601202222574655
4593.883,5.335267950465853,-2.6009161209342184
4593.903,5.335306523202126,-2.600635478975045
4593.923,5.3352571235734265,-2.6005799854878626
4593.943,5.335239035860713,-2.6005841145641546
4593.963,5.335232343521892,-2.6005847663051895
4593.983,5.335231933055269,-2.600584797662496
4594.003,5.335231914455176,-2.6005847891262746
4594.023,5.335231773893368,-2.6005848421167492
4594.043,5.335231774587618,-2.600584848059537
4594.063,5.335231774740523,-2.6005848489877854
4594.083,5.335231774725885,-2.6005848483255094
4594.103,5.335231774652292,-2.6005848469849413
4594.123,5.335231774558195,-2.6005848453756935
4594.143,5.3352317744578155,-2.600584843684407
4594.163,5.33523177435658,-2.6005848419951954
4594.183,5.335231774256587,-2.6005848403448812
4594.203,5.335231774158631,-2.6005848387484907
4594.223,5.335231774062968,-2.600584837211042
4594.243,5.33523177396964,-2.600584835733011
4594.263,5.335231773878592,-2.6005848343128615
4594.283,5.335231773789729,-2.6005848329482206
4594.303,5.33523177370295,-2.600584831636414
4594.323,5.335231773618146,-2.6005848303747157
4594.343,5.3352317735352095,-2.600584829160453
4594.363,5.335231773454044,-2.6005848279910606
4594.383,5.33523177337455,-2.600584826864091
4594.403,5.335231773296636,-2.600584825777222
4594.423,5.335231773220218,-2.600584824728257
4594.443,5.335231773145212,-2.6005848237151143
4594.463,5.3352317730715395,-2.6005848227358292
4594.483,5.335231772999126,-2.6005848217885412
4594.503,5.335231772927909,-2.6005848208714957
4594.523,5.335231772857816,-2.6005848199830286
4594.543,5.335231772788787,-2.6005848191215732
4594.563,5.335231772720763,-2.6005848182856455
4594.583,5.335231772653693,-2.600584817473843
4594.603,5.33523177258752,-2.6005848166848415
4594.623,5.335231860393321,-2.600584868569345
4594.643,5.335233584931813,-2.600584179156021
4594.663,5.3352320490540786,-2.60058373239828
4594.683,5.335232220868547,-2.6005833217380245
4594.703,5.33523377418415,-2.6005829219024017
4594.723,5.3352322792802465,-2.600582483511329
4594.743,5.3352324508020645,-2.6005820745120327
4594.763,5.335234004915995,-2.600581674671143
4594.783,5.335232510057816,-2.600581236321628
4594.803,5.335232681581715,-2.600580827338876
4594.823,5.335234235700011,-2.600580427500984
4594.843,5.335232740842312,-2.6005799891521684
4594.863,5.335232912368665,-2.6005795801741947
4594.883,5.335234466488374,-2.6005791803418266
4594.903,5.335232971631001,-2.6005787419933175
4594.923,5.335233143159797,-2.6005783330199996
4594.943,5.33523469728091,-2.6005779331931964
4594.963,5.335233202423863,-2.60057749484499
4594.983,5.335233373955102,-2.6005770858763246
4595.003,5.335234928077615,-2.600576686055086
4595.023,5.3352334332208935,-2.600576247707182
4595.043,5.335233604754577,-2.6005758387431723
4595.063,5.335235158878492,-2.6005754389274984
4595.083,5.335233664022093,-2.6005750005798993
4595.103,5.335233835558218,-2.6005745916205445
4595.123,5.335235389683535,-2.600574191810437
4595.143,5.335233894827462,-2.6005737534631423
4595.163,5.33523406636603,-2.600573344508443
4595.183,5.335235620492744,-2.6005729447039023
4595.203,5.335234125636996,-2.6005725063569134
4595.223,5.3352342971780065,-2.6005720974068707
4595.243,5.335235851306121,-2.6005716976078976
4595.263,5.335234356450695,-2.6005712592612147
4595.283,5.335234527994146,-2.6005708503158296
4595.303,5.33523608212366,-2.600570450522424
4595.323,5.335234587268559,-2.600570012176049
4595.343,5.335234758814452,-2.6005696032353205
4595.363,5.335236312945364,-2.6005692034474843
4595.383,5.335234818090586,-2.6005687651014178
4595.403,5.33523498963892,-2.6005683561653474
4595.423,5.335236543771232,-2.6005679563830806
4595.443,5.3352350489167755,-2.6005675180373227
4595.463,5.335235220467548,-2.6005671091059117
4595.483,5.335236774601256,-2.600566709329214
4595.503,5.335235279747125,-2.6005662709837667
4595.523,5.3352354513003375,-2.600565862057015
4595.543,5.335237005435443,-2.6005654622858887
4595.563,5.335235510581633,-2.600565023940751
4595.583,5.335235682137287,-2.60056461501866
4595.603,5.335237236273789,-2.600564215253104
4595.623,5.335235741420301,-2.600563776908278
4595.643,5.335235912978393,-2.600563367990847
4595.663,5.335237467116291,-2.600562968230863
4595.683,5.335235972263125,-2.6005625298863495
4595.703,5.335236143823658,-2.6005621209735805
4595.723,5.33523769796295,-2.6005617212191687
4595.743,5.335236203110106,-2.600561282874969
4595.763,5.335236374673076,-2.600560873966863
4595.783,5.335237928813764,-2.6005604742180237
4595.803,5.33523643396124,-2.600560035874137
4595.823,5.335236605526648,-2.600559626970696
4595.843,5.335238159668731,-2.6005592272274303
4595.863,5.335236664816528,-2.6005587888838573
4595.883,5.335236836384373,-2.6005583799850798
4595.903,5.335238390527851,-2.600557980247387
4595.923,5.334870319270449,-2.600655287297463
4595.943,5.333446770001218,-2.6008628255717854
4595.963,5.330673910825196,-2.6010747550173323
4595.983,5.326398756179593,-2.601314908624859
4596.003,5.320935793859397,-2.6016536437896667
4596.023,5.314886477331002,-2.6023460038414092
4596.043,5.308235575332972,-2.6034068329702356
4596.063,5.300962447763843,-2.6048256992256946
4596.083,5.293135967485999,-2.6065686928974867
4596.103,5.284618445660816,-2.6085669257757056
4596.123,5.275400832167009,-2.6108059139024773
4596.143,5.265519272008052,-2.61326258159841
4596.163,5.255490227648161,-2.6156264588852345
4596.183,5.245385962361431,-2.617790160350588
4596.203,5.235251947327494,-2.6197912329841433
4596.223,5.225083105982701,-2.62159749398072
4596.243,5.214888200172842,-2.623225282198846
4596.263,5.204669817433654,-2.6246434631812336
4596.283,5.194401858959195,-2.6258828550711057
4596.303,5.184114079861212,-2.6269386821052207
4596.323,5.173778337187072,-2.6278019297358686
4596.343,5.163443400053067,-2.6284920350650096
4596.363,5.153097658383863,-2.628994996062814
4596.383,5.1427445341424285,-2.629311658374727
4596.403,5.132387385638604,-2.629441925779877
4596.423,5.12202956807236,-2.629385757026735
4596.443,5.111674436775589,-2.629143171188125
4596.463,5.101325346173606,-2.6287142477152265
4596.483,5.0909856487030005,-2.628099126408487
4596.503,5.080658693729377,-2.6272980073688026
4596.523,5.070347826465681,-2.6263111509296837
4596.543,5.06005638689145,-2.625138877570277
4596.563,5.049787708673251,-2.6237815678091865
4596.583,5.039545118086705,-2.6222396620789734
4596.603,5.029331932940447,-2.6205136605812624
4596.623,5.019151461502436,-2.618604123122366
4596.643,5.0090070014290475,-2.6165116689293715
4596.663,4.998901838697394,-2.614236976446636
4596.683,4.9888392465413665,-2.6117807831127062
4596.703,4.97882248439186,-2.609143885117631
4596.723,4.9688547968217085,-2.606327137140771
4596.743,4.958941528179092,-2.6033338575251412
4596.763,4.949153270381228,-2.6002730601960624
4596.783,4.9394792006094015,-2.597147694432461
4596.803,4.9298250258100245,-2.5937838403572795
4596.823,4.920264845227565,-2.5903011305375543
4596.843,4.910746310893457,-2.586575865504742
4596.863,4.901342576426294,-2.5827925620233962
4596.883,4.892011542892404,-2.578822807372321
4596.903,4.8827659382686806,-2.5746971277129274
4596.923,4.873620967854542,-2.5704668041550343
4596.943,4.864564956124586,-2.5660848431969323
4596.963,4.855543589635715,-2.561343627767091
4596.983,4.846658865812922,-2.556575842896189
4597.003,4.83781816502903,-2.551449956571534
4597.023,4.829072217171762,-2.5461860827369223
4597.043,4.820415518214648,-2.540631216245557
4597.063,4.81188507855267,-2.5350330709262914
4597.083,4.803453165247248,-2.5293071334822406
4597.103,4.795131977704989,-2.5232751566026597
4597.123,4.786906320380232,-2.5171312295351482
4597.143,4.778807536585972,-2.5109911864989383
4597.163,4.770791333789575,-2.504694835914685
4597.183,4.762938053628017,-2.498031350049106
4597.203,4.755193920262445,-2.491266211535094
4597.223,4.747577173932605,-2.484517496341351
4597.243,4.740121556059698,-2.477478991543547
4597.263,4.732756736312127,-2.4703163130822188
4597.283,4.725530913186181,-2.4632651871555256
4597.303,4.718431501917215,-2.455981862156671
4597.323,4.711479791009805,-2.4484272816833115
4597.343,4.704683049473611,-2.4406251465318176
4597.363,4.698027791959832,-2.4327020349126576
4597.383,4.691516582144104,-2.4246600791989223
4597.403,4.685847675445806,-2.4181628756352382
4597.423,4.68158434363585,-2.4146047133094246
4597.443,4.678702398526245,-2.412348241448956
4597.463,4.677138548416382,-2.411100181811564
4597.483,4.676818114804122,-2.410841853337093
4597.503,4.676818807997322,-2.410842285122853
4597.523,4.676857456599217,-2.4111895463886
4597.543,4.676916590255392,-2.4115802008739955
4597.563,4.676918072864729,-2.4115946824542744
4597.583,4.6769180680146105,-2.4115984877574594
4597.603,4.6769181293270945,-2.411602258115397
4597.623,4.6769180633455045,-2.4116045582059087
4597.643,4.676918152609288,-2.4116093640962792
4597.663,4.676918092373771,-2.411611760511504
4597.683,4.67691793313983,-2.4116141828819213
4597.703,4.6769179384898765,-2.4116177950542177
4597.723,4.676917878464573,-2.4116201982422085
4597.743,4.6769179025722485,-2.4116239174964993
4597.763,4.676917829007274,-2.4116263154593645
4597.783,4.676917743818143,-2.4116286144208563
4597.803,4.676917842624216,-2.4116334202916603
4597.823,4.676917775197354,-2.4116358181470683
4597.843,4.676917611385014,-2.411638241391022
4597.863,4.676917616947901,-2.4116418539414575
4597.883,4.676917555832113,-2.411644257412022
4597.903,4.676917579702127,-2.4116479767088697
4597.923,4.676917505776597,-2.4116503748027887
4597.943,4.676917420422747,-2.411652673864663
4597.963,4.676917519336309,-2.4116574797599233
4597.983,4.676917451838055,-2.4116598776929363
4598.003,4.67691728799321,-2.411662301007061
4598.023,4.676917293555518,-2.4116659135771545
4598.043,4.676917232446635,-2.411668317102464
4598.063,4.67691725630892,-2.411672036424162
4598.083,4.676917182399498,-2.4116744345762884
4598.103,4.676917097064635,-2.411676733698495
4598.123,4.676917195967012,-2.4116815396325495
4598.143,4.676917128488682,-2.411683937624997
4598.163,4.676916964670256,-2.4116863609991235
4598.183,4.676916970229538,-2.4116899735856556
4598.203,4.6769169091416325,-2.411692377162747
4598.223,4.6769169329992115,-2.4116960965092966
4598.243,4.67691685911073,-2.411698494718619
4598.263,4.676916773797179,-2.4117007939006165
4598.283,4.676916872686844,-2.41170559987367
4598.303,4.676916805229572,-2.411707997925291
4598.323,4.676916641438295,-2.411710421359272
4598.343,4.676916646994519,-2.4117140339621925
4598.363,4.67691658592775,-2.4117164375910125
4598.383,4.676916609780645,-2.411720156962399
4598.403,4.676916535913164,-2.411722555228899
4598.423,4.676916450620948,-2.411724854470673
4598.443,4.676916549497881,-2.41172966048272
4598.463,4.676916482061679,-2.4117320585935023
4598.483,4.676916318297555,-2.4117344820873288
4598.503,4.676916323850719,-2.4117380947066334
4598.523,4.676916262805081,-2.4117404983871746
4598.543,4.6769162866532925,-2.411744217783393
4598.563,4.676916212806808,-2.4117466161070635
4598.583,4.676916127535923,-2.411748915408605
4598.603,4.676916226400121,-2.411753721459639
4598.623,4.676916158984983,-2.4117561196295787
4598.643,4.677523432521109,-2.4135023587492492
4598.663,4.679353966209222,-2.418619453192458
4598.683,4.682378295769384,-2.426998671357427
4598.703,4.685797965392874,-2.436391085293858
4598.723,4.6892188294461175,-2.44578743836899
4598.743,4.692641042698249,-2.455187509295852
4598.763,4.69606324921183,-2.4645875676067956
4598.783,4.699417334622496,-2.4744069167463216
4598.803,4.70268228213692,-2.4847777825545316
4598.823,4.706100676669924,-2.4945503483862455
4598.843,4.709530171094305,-2.503959957116726
4598.863,4.712937549707956,-2.5133763680365053
4598.883,4.71633692319928,-2.5227823382606895
4598.903,4.719740423444384,-2.532184893850244
4598.923,4.7231439047727735,-2.541587455504854
4598.943,4.726547374451895,-2.550990021417607
4598.963,4.729950832604818,-2.5603925915493395
4598.983,4.733354279300608,-2.5697951658740883
4599.003,4.73675771461111,-2.579197744364756
4599.023,4.740161138611048,-2.58860032699311
4599.043,4.743564551377627,-2.5980029137299283
4599.063,4.746967952990105,-2.6074055045451425
4599.083,4.750371343529311,-2.6168080994080167
4599.103,4.7537747230771386,-2.6262106982873266
4599.123,4.75717809171602,-2.6356133011515546
4599.143,4.760581449528376,-2.6450159079690905
4599.163,4.763984796596043,-2.6544185187084435
4599.183,4.767388132999724,-2.6638211333384487
4599.203,4.770791458818398,-2.6732237518284894
4599.223,4.774194774128765,-2.6826263741487058
4599.243,4.777598079004697,-2.692029000270204
4599.263,4.7810013735166965,-2.7014316301652657
4599.283,4.784404657731388,-2.7108342638075427
4599.303,4.787807931711043,-2.720236901172239
4599.323,4.791211195513125,-2.7296395422362982
4599.343,4.794104588719854,-2.7385014727722323
4599.363,4.796084971924897,-2.7460592055240003
4599.383,4.7974569341886655,-2.751931104675974
4599.403,4.7982303978336995,-2.756071951752783
4599.423,4.798361731967831,-2.759164816288075
4599.443,4.797715257991765,-2.7616372391497155
4599.463,4.796298644153207,-2.7634699889713055
4599.483,4.794126499871477,-2.764643612299755
4599.503,4.7915411497744165,-2.765422383263688
4599.523,4.788943045937043,-2.7661557841495
4599.543,4.7863321289476595,-2.7668423031258293
4599.563,4.78370926810001,-2.7674817204554683
4599.583,4.781075314425391,-2.768073828080796
4599.603,4.778431122396486,-2.768618433310496
4599.623,4.775777549813171,-2.7691153589399264
4599.643,4.773115457510706,-2.769564443310259
4599.663,4.770445709066844,-2.7699655403603125
4599.683,4.767769170509383,-2.7703185196719238
4599.703,4.765086710024375,-2.770623266509054
4599.723,4.762399197665029,-2.7708796818507775
4599.743,4.7597075050614315,-2.7710876824183233
4599.763,4.75701250513109,-2.771247200696316
4599.783,4.754315071790344,-2.7713581849483635
4599.803,4.751616079666652,-2.771420599227125
4599.823,4.748917186429077,-2.771435173818958
4599.843,4.746221240163714,-2.771412763885691
4599.863,4.743526468736967,-2.7713437840220236
4599.883,4.74083332601168,-2.771224339640131
4599.903,4.7381434521297985,-2.7710585553202662
4599.923,4.735457108227319,-2.770844272986311
4599.943,4.732775012969411,-2.7705796972796546
4599.963,4.730098720179605,-2.770268998340898
4599.983,4.727428540520409,-2.7699100450823666
4600.003,4.724765237814624,-2.7695011061060186
4600.023,4.722110275517346,-2.769046382138902
4600.043,4.719463980737311,-2.7685437953206455
4600.063,4.7168271697449216,-2.767991673241064
4600.083,4.714201197058166,-2.767394239420665
4600.103,4.711586434388362,-2.7667494706906934
4600.123,4.708983735537604,-2.7660557594155644
4600.143,4.7063943456460855,-2.7653173418956194
4600.163,4.703818679592102,-2.764532252372662
4600.183,4.701257621088094,-2.763698954178638
4600.203,4.698712309037179,-2.762821685602322
4600.223,4.696623949143978,-2.7622595317066665
4600.243,4.695586371233994,-2.762610396354144
4600.263,4.695457743024232,-2.7627029358576958
4600.283,4.6954567476231395,-2.7627074700811014
4600.303,4.695454457967271,-2.76270636306613
4600.323,4.695453935645481,-2.762708808310857
4600.343,4.69545225046309,-2.762709590220835
4600.363,4.695451047054412,-2.762711472901492
4600.383,4.695449171171409,-2.7627116162575893
4600.403,4.695448138194209,-2.7627140009826
4600.423,4.695447130081875,-2.762714658455687
4600.443,4.6954451498075604,-2.762714705570734
4600.463,4.695444166305198,-2.762715783940008
4600.483,4.695441721071484,-2.7627160998530274
4600.503,4.695441196086346,-2.7627185725166954
4600.523,4.695439510322729,-2.7627193536584542
4600.543,4.695438307295141,-2.76272123569779
4600.563,4.695436431380871,-2.7627213788790534
4600.583,4.69543539840099,-2.7627237636948516
4600.603,4.6947684553299736,-2.764447944994629
4600.623,4.692817055805848,-2.769516815203853
4600.643,4.689628990283621,-2.7778333368465304
4600.663,4.686064739089291,-2.7871716427941142
4600.683,4.682499006871083,-2.796513866298057
4600.703,4.678931816167117,-2.805859921104183
4600.723,4.675364555290382,-2.8152061687276464
4600.743,4.671849420650983,-2.8249361846367513
4600.763,4.668408987057102,-2.835222121867687
4600.783,4.664846384120119,-2.8449944484008474
4600.803,4.661286132100397,-2.854358830626579
4600.823,4.657739070614827,-2.8637183544462332
4600.843,4.654190350521683,-2.8730670794626922
4600.863,4.650641592469411,-2.8824157721818455
4600.883,4.647092845132788,-2.8917644696918847
4600.903,4.643544108581114,-2.9011131722316112
4600.923,4.6399953827993725,-2.910461879809534
4600.943,4.636446667778595,-2.9198105924253537
4600.963,4.632897963515298,-2.92915931007177
4600.983,4.629349270011197,-2.9385080327344357
4601.003,4.625800587272912,-2.9478567603919723
4601.023,4.622251915311633,-2.9572054930160636
4601.043,4.6187032541427495,-2.966554230571623
4601.063,4.615154603785459,-2.97590297301703
4601.083,4.611605964262344,-2.985251720304444
4601.103,4.608057335598918,-2.9946004723801796
4601.123,4.604508717823166,-3.0039492291851477
4601.143,4.600960110965062,-3.013297990655359
4601.163,4.597411515056085,-3.022646756722468
4601.183,4.593862930128711,-3.031995527314382
4601.203,4.590314356215926,-3.0413443023558964
4601.223,4.586765793350727,-3.0506930817693743
4601.243,4.583217241565637,-3.0600418654754504
4601.263,4.579668700892223,-3.0693906533937523
4601.283,4.576120171360652,-3.0787394454436456
4601.303,4.572571652999243,-3.0880882415449693
4601.323,4.569023145834052,-3.097437041618785
4601.343,4.565474649888505,-3.106785845588106
4601.363,4.56241760704968,-3.115591483306477
4601.383,4.560312987112653,-3.12310982645355
4601.403,4.558821578728651,-3.1289219121821232
4601.423,4.5579386415744505,-3.133040405110687
4601.443,4.557686698336957,-3.136328732313911
4601.463,4.558135906002232,-3.1391671645868
4601.483,4.559254995699631,-3.141466786707536
4601.503,4.561054381029205,-3.1433790555975714
4601.523,4.563531793784593,-3.1449073738161366
4601.543,4.566249230176657,-3.146214571840144
4601.563,4.568876412498622,-3.147095115202104
4601.583,4.57149683199967,-3.1479048278358515
4601.603,4.574166580817831,-3.148754266745211
4601.623,4.576850289827214,-3.149457944579483
4601.643,4.579497209106079,-3.1499886515152857
4601.663,4.582153454575643,-3.1504716673153164
4601.683,4.584817961172319,-3.150906793072432
4601.703,4.587489863209552,-3.1512938875114034
4601.723,4.590168294402059,-3.1516328253338433
4601.743,4.592852386429488,-3.1519234968991907
4601.763,4.59554126920497,-3.1521658082516257
4601.783,4.5982340711582985,-3.152359681144881
4601.803,4.600929919519069,-3.1525050530619465
4601.823,4.6036279405996545,-3.1526018772297135
4601.843,4.606327260077997,-3.152650122628568
4601.863,4.609025404687102,-3.1526525480188443
4601.883,4.611759126214216,-3.15451099686424
4601.903,4.6145349423552435,-3.1596514839940295
4601.923,4.616718144231008,-3.1665078331422984
4601.943,4.61818768874084,-3.174831027976264
4601.963,4.618971619456365,-3.1845253300509517
4601.983,4.6196096833430556,-3.19450598913712
4602.003,4.62005281653092,-3.204791545964884
4602.023,4.620439977306772,-3.2153952693239654
4602.043,4.621029479629059,-3.225393884060618
4602.063,4.621652496790969,-3.235376791156454
4602.083,4.622278034105714,-3.24535686936605
4602.103,4.622903540100168,-3.2553369496157547
4602.123,4.623529030207415,-3.265317030329054
4602.143,4.624154504616572,-3.275297111489976
4602.163,4.624779963383307,-3.2852771931040405
4602.183,4.625405406563791,-3.2952572751825335
4602.203,4.626030834215437,-3.305237357742196
4602.223,4.62665624639641,-3.3152174408050312
4602.243,4.627275731823429,-3.3252009224789636
4602.263,4.627896356668597,-3.3351842771046187
4602.283,4.628514422197107,-3.3451708829544025
4602.303,4.6291330440733,-3.355156549429489
4602.323,4.629753114830437,-3.365140093086387
4602.343,4.630375516937402,-3.375122251441493
4602.363,4.630999687511145,-3.3851024100425064
4602.383,4.631619507269675,-3.3950864857869827
4602.403,4.632237134150442,-3.4050776719617977
4602.423,4.632860408251048,-3.415057796633158
4602.443,4.633483107854226,-3.425039119275813
4602.463,4.634102305389316,-3.435025277131455
4602.483,4.634719705363068,-3.4450114377410506
4602.503,4.63533814799009,-3.4549973167747132
4602.523,4.635955413757691,-3.464983786988763
4602.543,4.636574027858983,-3.4749709280934247
4602.563,4.63719273338853,-3.4849581837542023
4602.583,4.637811171033343,-3.494945459977301
4602.603,4.638429322961477,-3.5049327549676237
4602.623,4.639047187071604,-3.5149200681856256
4602.643,4.639664763902145,-3.5249073988552677
4602.663,4.6402820547519275,-3.534894745847197
4602.683,4.640899061986281,-3.5448821074050887
4602.703,4.641515790889127,-3.554869479648929
4602.723,4.642132255924214,-3.564856853600572
4602.743,4.642750671641575,-3.57484080382996
4602.763,4.643370603556749,-3.5848212361052316
4602.783,4.643990466560352,-3.5948016697287537
4602.803,4.644610313744201,-3.60478210490411
4602.823,4.645230145554753,-3.6147625416157885
4602.843,4.645849961953168,-3.6247429798386217
4602.863,4.6464697628948155,-3.634723419542545
4602.883,4.647089548334326,-3.6447038606929185
4602.903,4.647709318226196,-3.6546843032508365
4602.923,4.6483290725253426,-3.6646647471734775
4602.943,4.648948811187645,-3.674645192414496
4602.963,4.649568534170479,-3.684625638924457
4602.983,4.6501882414332245,-3.6946060866512926
4603.003,4.650807932937752,-3.704586535540796
4603.023,4.651427608648884,-3.7145669855371337
4603.043,4.652047268534804,-3.7245474365833773
4603.063,4.652666912567461,-3.734527888622047
4603.083,4.653286540722891,-3.7445083415956626
4603.103,4.65390615298154,-3.7544887954472954
4603.123,4.654525749328495,-3.7644692501211154
4603.143,4.655145329753699,-3.7744497055629287
4603.163,4.655764894252106,-3.784430161720703
4603.183,4.656384442823758,-3.7944106185450663
4603.203,4.657003975473858,-3.8043910759897854
4603.223,4.657623492212736,-3.8143715340122104
4603.243,4.658242993055804,-3.8243519925736873
4603.263,4.658634230615385,-3.833741972308554
4603.283,4.658711998956718,-3.8417215351032423
4603.303,4.65878149271359,-3.848024219638977
4603.323,4.65890986905198,-3.8527011299305247
4603.343,4.659302837864227,-3.8565254169788
4603.363,4.660126064341963,-3.859684198161144
4603.383,4.661416539977536,-3.862226979064457
4603.403,4.6631365130548135,-3.864108067997952
4603.423,4.6651351529513665,-3.865014178269086
4603.443,4.6675222554154985,-3.8652019541422793
4603.463,4.670186549830691,-3.8648727935634577
4603.483,4.67285717995968,-3.8644786047268616
4603.503,4.675520264142039,-3.8640364157720244
4603.523,4.678174942803093,-3.8635463694537293
4603.543,4.680820356567362,-3.8630086253105658
4603.563,4.68345564909144,-3.8624233583130394
4603.583,4.686079967357532,-3.8617907587911833
4603.603,4.688692461949391,-3.861111032369506
4603.623,4.691292287326933,-3.8603843998969665
4603.643,4.693878602099461,-3.8596110973718636
4603.663,4.696450569297401,-3.8587913758616845
4603.683,4.699007356642347,-3.857925501417964
4603.703,4.701548136815343,-3.8570137549862107
4603.723,4.704072087723183,-3.8560564323109525
4603.743,4.70657839276267,-3.855053843835994
4603.763,4.709066241082634,-3.854006314599972
4603.783,4.711534827843618,-3.85291418412729
4603.803,4.713983354475081,-3.851777806314564
4603.823,4.716411028930003,-3.8505975493126727
4603.843,4.718817065936797,-3.849373795404558
4603.863,4.7212006872483805,-3.848106940878891
4603.883,4.72356112188838,-3.8467973958997534
4603.903,4.725897606394318,-3.8454455843724813
4603.923,4.7282093850577835,-3.844051943805801
4603.943,4.730495710161489,-3.842616925170419
4603.963,4.732755842213218,-3.8411409927542013
4603.983,4.73498905017664,-3.839624624014071
4604.003,4.737194611699001,-3.838068309424755
4604.023,4.739371813335744,-3.8364725523244867
4604.043,4.741519950772058,-3.8348378687577553
4604.063,4.743638329041514,-3.833164787315162
4604.083,4.745726262741781,-3.831453848970436
4604.103,4.7477830762476,-3.8297056069146196
4604.123,4.749808103921092,-3.827920626387393
4604.143,4.7518006903195324,-3.8260994845054914
4604.163,4.75376019040073,-3.824242770088143
4604.183,4.755685969726088,-3.822351083479382
4604.203,4.757577404661517,-3.820425036367106
4604.223,4.759433882576232,-3.8184652515987034
4604.243,4.761254802039538,-3.816472362993043
4604.263,4.763039573015615,-3.8144470151486285
4604.283,4.764787617056343,-3.8123898632476934
4604.303,4.766498367492069,-3.810301572856034
4604.323,4.768171269620304,-3.808182819718364
4604.343,4.769805780892156,-3.806034289549026
4604.363,4.771401371096407,-3.803856677817896
4604.383,4.772957522540951,-3.8016506895313853
4604.403,4.774473730231398,-3.7994170390084516
4604.423,4.775949502046551,-3.7971564496516295
4604.443,4.777384358910453,-3.794869653713088
4604.463,4.778777834960693,-3.792557392055833
4604.483,4.780129477712645,-3.7902204139101805
4604.503,4.781438848219309,-3.787859476625703
4604.523,4.782705521226455,-3.7854753454188956
4604.543,4.783929085322768,-3.7830687931168403
4604.563,4.785109143084738,-3.7806405998971657
4604.583,4.786245311216032,-3.7781915530246524
4604.603,4.787337220681186,-3.775722446584826
4604.623,4.78838451683342,-3.7732340812148846
4604.643,4.7893868595364815,-3.7707272638323075
4604.663,4.790343923280422,-3.7682028073614786
4604.683,4.791255397291273,-3.7656615304586367
4604.703,4.792120985634602,-3.763104257235452
4604.723,4.792940407312981,-3.7605318169814645
4604.743,4.793713396357427,-3.7579450438856457
4604.763,4.794439701912849,-3.755344776757248
4604.783,4.795119088317648,-3.7527318587461327
4604.803,4.7957513351775045,-3.7501071370626935
4604.823,4.796336237433513,-3.7474714626974825
4604.843,4.7987186930901915,-3.7451960803017577
4604.863,4.804319386783451,-3.7435904087256326
4604.883,4.811473121988255,-3.742933591143808
4604.903,4.8199041915345315,-3.7432908666069653
4604.923,4.829530224646949,-3.7446179135882423
4604.943,4.839412109587587,-3.74615595627418
4604.963,4.8496429028215555,-3.747523770381431
4604.983,4.859945014458411,-3.7488704346598825
4605.003,4.869842399834788,-3.7503823565508245
4605.023,4.879733714718358,-3.751903449729885
4605.043,4.8896229582994195,-3.75342560082381
4605.063,4.89951224293072,-3.75494754651388
4605.083,4.9094015677285645,-3.7564692434347564
4605.103,4.919290932252764,-3.7579906859339047
4605.123,4.929180335949638,-3.7595118742283185
4605.143,4.939069778320182,-3.7610328091659837
4605.163,4.948959258920148,-3.762553491212425
4605.183,4.958848777269847,-3.764073921177931
4605.203,4.968738332886563,-3.7655940997960973
4605.223,4.978627925647495,-3.767114027240997
4605.243,4.9885175551897785,-3.76863370417157
4605.263,4.998407220389877,-3.770153132260667
4605.283,5.0082930092481845,-3.7716743047889234
4605.303,5.018176168014072,-3.7731962327392967
4605.323,5.028059332347767,-3.774718116465712
4605.343,5.037942498743751,-3.7762399858570412
4605.363,5.047825667155006,-3.7777618412105767
4605.383,5.05770883756757,-3.7792836825439893
4605.403,5.067592009969383,-3.7808055098656994
4605.423,5.077475184350147,-3.78232732317744
4605.443,5.087360807295336,-3.7838480937575394
4605.463,5.097248992235079,-3.7853644564201456
4605.483,5.1065713785252225,-3.7864844833562445
4605.503,5.114523104172278,-3.7871436934142366
4605.523,5.120766023385691,-3.787506181270927
4605.543,5.1252654722858155,-3.7877497940964777
4605.563,5.128889218841721,-3.787577935342923
4605.583,5.13195962984215,-3.7868637078723224
4605.603,5.1344845602950215,-3.78559778038246
4605.623,5.136465920064611,-3.7837894291486247
4605.643,5.137933480802558,-3.7814611257146717
4605.663,5.138832358453262,-3.778659939140994
4605.683,5.139411496229143,-3.7757694635101036
4605.703,5.139988241431966,-3.7728595332114323
4605.723,5.140531567097634,-3.7699113616461295
4605.743,5.140646597395245,-3.767162660435445
4605.763,5.1406300661129745,-3.764464358713147
4605.783,5.14056263302892,-3.7617655420808638
4605.803,5.140446635269443,-3.75906837908629
4605.823,5.140282111401023,-3.7563737493575378
4605.843,5.14006911500579,-3.753682526267394
4605.863,5.139807715604438,-3.750995581966591
4605.883,5.139497998421358,-3.7483137871340912
4605.903,5.139140064348468,-3.7456380106953895
4605.923,5.138734029906231,-3.742969119541526
4605.943,5.138280027199656,-3.7403079782492137
4605.963,5.137778203869352,-3.737655448802097
4605.983,5.137228723037648,-3.7350123903132157
4606.003,5.136631763249785,-3.732379658748705
4606.023,5.135987518410247,-3.7297581066528127
4606.043,5.13529619771423,-3.727148582874296
4606.063,5.134558025574278,-3.724551932294277
4606.083,5.133773241542156,-3.721968995555651
4606.103,5.132942100225943,-3.7194006087941367
4606.123,5.132064871202457,-3.716847603371065
4606.143,5.1311418389249965,-3.7143108056080205
4606.163,5.1301733026265275,-3.7117910365234374
4606.183,5.129159576218312,-3.7092891115712567
4606.203,5.128100988184128,-3.706805840381755
4606.223,5.126997881470117,-3.704342026504662
4606.243,5.1258506133703685,-3.7018984671546664
4606.263,5.124659555408354,-3.69947595295941
4606.283,5.123425093214318,-3.6970752677100647
4606.303,5.122147626398721,-3.6946971881145974
4606.323,5.120827568421898,-3.6923424835537544
4606.343,5.11946534646002,-3.6900119158398876
4606.363,5.118061401267509,-3.6877062389786195
4606.383,5.116616187036009,-3.685426198933415
4606.403,5.115130171250044,-3.6831725333930545
4606.423,5.113603834539481,-3.6809459715420125
4606.443,5.112037670528856,-3.6787472338337315
4606.463,5.110432185683687,-3.6765770317667217
4606.483,5.108787899153803,-3.6744360676634584
4606.503,5.107105342613736,-3.67232503445198
4606.523,5.105385060100176,-3.6702446154501054
4606.543,5.103627607846481,-3.6681954841521667
4606.563,5.10183355411417,-3.6661783040181546
4606.583,5.100003479021328,-3.6641937282651518
4606.603,5.09813797436779,-3.662242399660962
4606.623,5.096237643456995,-3.6603249503198403
4606.643,5.094303100914271,-3.658442001500221
4606.663,5.09233497250145,-3.656594163404414
4606.683,5.090333894927505,-3.6547820349802205
4606.703,5.088300515655073,-3.653006203724476
4606.723,5.086235492702615,-3.651267245488574
4606.743,5.084139494442009,-3.64956572428604
4606.763,5.083169444857046,-3.6464174235917093
4606.783,5.084237223615286,-3.640689744884983
4606.803,5.086848096236991,-3.6339969562929877
4606.823,5.090937135569852,-3.6266149757592836
4606.843,5.096427665057785,-3.6185976790298184
4606.863,5.10222119120869,-3.6104460277736767
4606.883,5.108113473938504,-3.6020459970146126
4606.903,5.114072271178997,-3.593503310982374
4606.923,5.119879517965817,-3.585306690348019
4606.943,5.125669170833778,-3.577143070712326
4606.963,5.131459462294541,-3.5689894729608103
4606.983,5.137248649251494,-3.5608361704790052
4607.003,5.143037827621106,-3.5526828617213586
4607.023,5.148827000795294,-3.5445295489208957
4607.043,5.154616168866625,-3.5363762321669094
4607.063,5.160405331896211,-3.5282229115309636
4607.083,5.16619448994163,-3.5200695870848424
4607.103,5.17198364305688,-3.5119162589001958
4607.123,5.177772791292076,-3.503762927048014
4607.143,5.183561934693209,-3.495609591598106
4607.163,5.18935107330191,-3.48745625261858
4607.183,5.19514020715527,-3.479302910175329
4607.203,5.200929336285686,-3.4711495643315393
4607.223,5.206718460720737,-3.4629962151472196
4607.243,5.212507580483121,-3.4548428626787504
4607.263,5.217781190258476,-3.447219727344172
4607.283,5.221849335685096,-3.4408369021027925
4607.303,5.224698316506285,-3.436041333257087
4607.323,5.226587887634953,-3.432625308031786
4607.343,5.227497777819007,-3.4296803239022604
4607.363,5.227487195900101,-3.427151374199642
4607.383,5.226531383932892,-3.425044464207211
4607.403,5.224643510438561,-3.423386919258702
4607.423,5.222361441193971,-3.4219455195834834
4607.443,5.220052747839594,-3.420546277986446
4607.463,5.2177192358823685,-3.4191888111521345
4607.483,5.215361657738652,-3.417873554404152
4607.503,5.212980776982373,-3.4166009347332547
4607.523,5.210577364915001,-3.4153713654214206
4607.543,5.208152200283893,-3.414185245839685
4607.563,5.205706069022614,-3.413042961301908
4607.583,5.203239763987222,-3.411944882924245
4607.603,5.200754084688699,-3.410891367490122
4607.623,5.1982498370218755,-3.409882757320974
4607.643,5.195727832991269,-3.4089193801529674
4607.663,5.193188890434225,-3.40800154901989
4607.683,5.190633832741766,-3.4071295621423574
4607.703,5.188063488577518,-3.406303702823389
4607.723,5.185478691595076,-3.4055242393504304
4607.743,5.182880280154134,-3.404791424903819
4607.763,5.180269097035699,-3.4041054974716523
4607.783,5.177645989156609,-3.4034666797710216
4607.803,5.175011807283637,-3.40287517917552
4607.823,5.172367405747327,-3.402331187648921
4607.843,5.169713642155757,-3.4018348816849264
4607.863,5.1670513771083355,-3.401386422252862
4607.883,5.164381473909738,-3.4009859547491965
4607.903,5.1617047982840525,-3.4006336089547724
4607.923,5.159022218089225,-3.4003294989976154
4607.943,5.15633460303177,-3.400073723321237
4607.963,5.153642824381854,-3.3998663646583154
4607.983,5.151054418453324,-3.3978286096616586
4608.003,5.148674982553426,-3.392510340151749
4608.023,5.147016009128222,-3.3855207827546865
4608.043,5.146180890421778,-3.3771236471701274
4608.063,5.146137371249837,-3.3674067165095165
4608.083,5.14626668236808,-3.357406690718634
4608.103,5.146332384681746,-3.3470551991070647
4608.123,5.146414663644044,-3.336531989727007
4608.143,5.1465131575820875,-3.3264678192002974
4608.163,5.146630842240239,-3.316463814645524
4608.183,5.146755624338057,-3.306464904762357
4608.203,5.146880368076638,-3.2964660040078275
4608.223,5.14700509499346,-3.286467102231109
4608.243,5.147129805274921,-3.2764681993069065
4608.263,5.147254498908954,-3.2664692952282968
4608.283,5.147379175880768,-3.256470389998295
4608.303,5.147503836174816,-3.2464714836286785
4608.323,5.14762847977495,-3.236472576139893
4608.343,5.147753106664533,-3.2264736675608816
4608.363,5.147877716826593,-3.216474757928832
4608.383,5.1480023102439585,-3.2064758472888317
4608.403,5.148126886899411,-3.1964769356934504
4608.423,5.148251446775834,-3.1864780232022416
4608.443,5.148375989856358,-3.176479109881174
4608.463,5.148500516124508,-3.166480195801999
4608.483,5.148625025564349,-3.156481281041555
4608.503,5.148749518160629,-3.1464823656810204
4608.523,5.148873993898906,-3.1364834498051275
4608.543,5.148998452765687,-3.1264845335013356
4608.563,5.149122894748535,-3.1164856168589714
4608.583,5.149247319836182,-3.10648669996836
4608.603,5.1493717280186235,-3.0964877829199358
4608.623,5.149496119287212,-3.086488865803354
4608.643,5.149620493634725,-3.076489948706613
4608.663,5.14974485105542,-3.0664910317151874
4608.683,5.149869191545089,-3.0564921149111868
4608.703,5.149993515101082,-3.0464931983725494
4608.723,5.1501137494666,-3.036490326956284
4608.743,5.150233266315142,-3.0264844251791145
4608.763,5.150352753201675,-3.0164784939422287
4608.783,5.150471984885786,-3.006472558333738
4608.803,5.150590929474845,-2.9964666211720057
4608.823,5.1507095831721035,-2.9864606831922
4608.843,5.150827945800448,-2.9764547447137932
4608.863,5.150946018094599,-2.9664488061883465
4608.883,5.151063801920842,-2.9564428685930304
4608.903,5.151184455385811,-2.9464417751523473
4608.923,5.151306144771691,-2.936442834821029
4608.943,5.15142780143153,-2.926443895670348
4608.963,5.1515494411126515,-2.9164449571171205
4608.983,5.151671063971556,-2.9064460191267907
4609.003,5.151792670022278,-2.8964470816625982
4609.023,5.151914259277836,-2.8864481446798975
4609.043,5.152035073830536,-2.876448247202131
4609.063,5.152152165487105,-2.8664429558328743
4609.083,5.152268020229616,-2.856437892412108
4609.103,5.152383749798948,-2.846432473094635
4609.123,5.152500300149184,-2.8364268826494294
4609.143,5.152616630453617,-2.826421276316856
4609.163,5.152732688056403,-2.816415665349028
4609.183,5.1528484656108064,-2.806410050352897
4609.203,5.152963962251607,-2.796404431463374
4609.223,5.153079177975781,-2.7863988087494356
4609.243,5.153194112881024,-2.776393182263461
4609.263,5.153308767066342,-2.7663875520503667
4609.283,5.153423140621951,-2.7563819181505993
4609.303,5.153537233630277,-2.746376280601762
4609.323,5.153651046167685,-2.7363706394396665
4609.343,5.153764578305685,-2.7263649946990256
4609.363,5.153881126549426,-2.7163645954187343
4609.383,5.153998362763824,-2.7063656057759506
4609.403,5.154115583555057,-2.696366616046247
4609.423,5.1542327876526155,-2.6863676253076423
4609.443,5.154349975041331,-2.676368633512291
4609.463,5.154467145710883,-2.6663696406294437
4609.483,5.154584299649809,-2.6563706466367356
4609.503,5.154701436845574,-2.6463716515203495
4609.523,5.154818557284675,-2.6363726552751823
4609.543,5.15493566095275,-2.6263736579049297
4609.563,5.155052747834698,-2.6163746594220694
4609.583,5.155169817914805,-2.6063756598477767
4609.603,5.1552868711768784,-2.596376659211721
4609.623,5.155403907604395,-2.586377657551808
4609.643,5.155520927180637,-2.576378654913815
4609.663,5.155637929888846,-2.566379651350957
4609.683,5.155754915712371,-2.5563806469233774
4609.703,5.155871884634816,-2.5463816416975624
4609.723,5.15598883664019,-2.536382635745698
4609.743,5.156105771713051,-2.526383629144963
4609.763,5.1562226898386445,-2.516384621976776
4609.783,5.156339591003038,-2.506385614325996
4609.803,5.156456475193244,-2.496386606280088
4609.823,5.156573342397344,-2.4863875979282657
4609.843,5.1566901926045885,-2.476388589360611
4609.863,5.156803295619355,-2.4663863041425453
4609.883,5.156915285335067,-2.4563803301940057
4609.903,5.157027314328973,-2.446374307034376
4609.923,5.157139092889918,-2.4363682755777734
4609.943,5.157250582124284,-2.4263622401819123
4609.963,5.157361777269649,-2.416356201944751
4609.983,5.157472678064853,-2.4063501613112006
4610.003,5.157583285295198,-2.3963441187456227
4610.023,5.15769359880895,-2.386338074286804
4610.043,5.157803619182964,-2.3763320282115306
4610.063,5.157913346893114,-2.366325980946646
4610.083,5.158022782851787,-2.3563199330736433
4610.103,5.158131927404185,-2.3463138848673055
4610.123,5.158240781540015,-2.336307837005478
4610.143,5.158349346909772,-2.3263017904714713
4610.163,5.158461800430774,-2.3163019738212896
4610.183,5.158574315048048,-2.306302926318827
4610.203,5.158686804880664,-2.2963038797468673
4610.223,5.1587992776965095,-2.286304833779443
4610.243,5.158911733579142,-2.2763057883834614
4610.263,5.159024172541841,-2.266306743520833
4610.283,5.15913659459751,-2.2563076991456295
4610.303,5.159247364356284,-2.2463071724810098
4610.323,5.159355142508052,-2.2363013074240516
4610.343,5.159462597771,-2.2262968592612777
4610.363,5.159568384157636,-2.2162902656287953
4610.383,5.159675723878386,-2.206284556676354
4610.403,5.159782823989669,-2.1962788380330664
4610.423,5.159889648137867,-2.1862731152279653
4610.443,5.159996191422021,-2.1762673886808783
4610.463,5.160102453307861,-2.16626165850543
4610.483,5.16020843383531,-2.156255924766581
4610.503,5.160314133106218,-2.146250187515372
4610.523,5.160419551218926,-2.136244446796012
4610.543,5.1605246882626545,-2.1262387026485046
4610.563,5.160629544319017,-2.11623295511017
4610.583,5.160734119463722,-2.1062272042166397
4610.603,5.160838413767713,-2.096221450002511
4610.623,5.160946145509179,-2.0862216184063804
4610.643,5.161054183560706,-2.0762225249077226
4610.663,5.161162203605807,-2.0662234311878573
4610.683,5.161270206820804,-2.056224336464727
4610.703,5.161378193209364,-2.046225240693073
4610.723,5.161486162761015,-2.0362261438435287
4610.743,5.161594115464009,-2.026227045895151
4610.763,5.161702051305564,-2.0162279468355777
4610.783,5.161809970271958,-2.0062288466611844
4610.803,5.161917872348639,-1.9962297453771465
4610.823,5.162025757520354,-1.9862306429974168
4610.843,5.16213362577127,-1.9762315395446142
4610.863,5.1622414770851135,-1.9662324350498213
4610.883,5.162349311445307,-1.9562333295522984
4610.903,5.162457128835117,-1.946234223099113
4610.923,5.1625649292378055,-1.9362351157446902
4610.943,5.162672712636774,-1.9262360075502905
4610.963,5.162780479015716,-1.9162368985834148
4610.983,5.16288822835875,-1.906237788917151
4611.003,5.162995960650587,-1.8962386786294565
4611.023,5.163103675876646,-1.886239567802399
4611.043,5.163211374023196,-1.8762404565213506
4611.063,5.163319055077476,-1.8662413448741453
4611.083,5.163426719027811,-1.8562422329502213
4611.103,5.163534365863713,-1.8462431208397367
4611.123,5.163637870984328,-1.8362400500578584
4611.143,5.163740677954856,-1.8262339479197829
4611.163,5.163843456432457,-1.8162278145808408
4611.183,5.16394597830095,-1.806221676143498
4611.203,5.16404821103682,-1.7962155352030786
4611.223,5.164150150209006,-1.786209392271625
4611.243,5.1642517953784735,-1.7762032475287788
4611.263,5.164353147053858,-1.7661971012859141
4611.283,5.164454204987516,-1.7561909534544162
4611.303,5.164554969676129,-1.7461848043667645
4611.323,5.164655441736106,-1.736178654437968
4611.343,5.164755621997589,-1.7261725042125728
4611.363,5.164855510697203,-1.716166353936786
4611.383,5.164955109199291,-1.706160204398308
4611.403,5.165054790264122,-1.6961547105881079
4611.423,5.165158386035848,-1.6861555533089456
4611.443,5.165261715023183,-1.6761564068301802
4611.463,5.16536502451797,-1.6661572610913251
4611.483,5.165468316933556,-1.656158115965052
4611.503,5.1655715923042935,-1.6461589714190417
4611.523,5.165674850642933,-1.636159827413868
4611.543,5.165778091962282,-1.6261606839023186
4611.563,5.165879813084468,-1.6161591964186175
4611.583,5.165977106952563,-1.6061533561859949
4611.603,5.166075278763491,-1.5961483243285879
4611.623,5.166172117072043,-1.5861415182231782
4611.643,5.166270225622233,-1.576135702373726
4611.663,5.166368080615263,-1.5661298798776053
4611.683,5.166465657294289,-1.5561240536150733
4611.703,5.16656295241654,-1.5461182238903648
4611.723,5.166659965671413,-1.5361123908021261
4611.743,5.166756697127292,-1.5261065544122419
4611.763,5.166853146888359,-1.5161007147706262
4611.783,5.166949315052144,-1.5060948719208627
4611.803,5.167045201706944,-1.496089025902565
4611.823,5.167140806933619,-1.4860831767528058
4611.843,5.167236130807264,-1.47607732450706
4611.863,5.167331650297107,-1.4660720954598019
4611.883,5.1674305054151715,-1.4560728747248752
4611.903,5.167529354713545,-1.4460736862565369
4611.923,5.1676281866013785,-1.4360744971320798
4611.943,5.167727001549721,-1.4260753070071992
4611.963,5.167825799554155,-1.416076115842659
4611.983,5.16792458060383,-1.4060769236105106
4612.003,5.1680233446867385,-1.3960777302912262
4612.023,5.168122091789864,-1.3860785358738914
4612.043,5.1682208218992844,-1.3760793403563478
4612.063,5.168319535000279,-1.3660801437452395
4612.083,5.1684182310774585,-1.3560809460559804
4612.103,5.168516910114883,-1.3460817473126192
4612.123,5.168615572096212,-1.336082547547632
4612.143,5.168714217004831,-1.3260833468016144
4612.163,5.168812844824011,-1.316084145122903
4612.183,5.168911455537042,-1.3060849425671104
4612.203,5.169010049127397,-1.2960857391965903
4612.223,5.169108625578862,-1.2860865350798347
4612.243,5.169207184875692,-1.2760873302908038
4612.263,5.169305727002751,-1.2660881249082088
4612.283,5.169404251945644,-1.2560889190147357
4612.303,5.169442127080431,-1.2466787987799888
4612.323,5.169456839482092,-1.2386711297175834
4612.343,5.1694454183089045,-1.2323558172066562
4612.363,5.1694887503016185,-1.2277189755234066
4612.383,5.169902496077889,-1.2239889807744753
4612.403,5.170773886239747,-1.221019307926198
4612.423,5.172052503630569,-1.218831772720738
4612.443,5.173792909852573,-1.2173772367040097
4612.463,5.175982200014901,-1.216705987024753
4612.483,5.178586034081606,-1.2167289742786875
4612.503,5.181271700166784,-1.2169343321822323
4612.523,5.183954517158831,-1.2171894054224004
4612.543,5.186631941472127,-1.2174905941167844
4612.563,5.189303430691369,-1.217840058112069
4612.583,5.191968216580324,-1.2182395319991
4612.603,5.194624826104718,-1.2186848181157282
4612.623,5.197272935924023,-1.219177997264314
4612.643,5.1999117325178945,-1.2197207457689192
4612.663,5.20253985384717,-1.220308841613712
4612.683,5.205156931275061,-1.2209443114181155
4612.703,5.207762113042636,-1.221628767279215
4612.723,5.210354147058688,-1.2223579735171564
4612.743,5.212932621195128,-1.2231338995794743
4612.763,5.215496653191195,-1.2239580870063111
4612.783,5.21804509754238,-1.2248262974170703
4612.803,5.220577501462268,-1.2257404399358003
4612.823,5.223092960661858,-1.2267019796731515
4612.843,5.225591922250446,-1.2277164346171299
4612.863,5.2280731483380425,-1.2287797848786175
4612.883,5.230534832431824,-1.2298876168621857
4612.903,5.233782907334246,-1.2293393999018396
4612.923,5.238419968256691,-1.2258116975832247
4612.943,5.243225730823468,-1.2204717830082978
4612.963,5.247982983677789,-1.2135016287648253
4612.983,5.252677976780893,-1.2049939858367769
4613.003,5.257356795055973,-1.196155250487776
4613.023,5.262064171736676,-1.1870264649218263
4613.043,5.26680485885659,-1.1777745589160735
4613.063,5.271490059994359,-1.1688779560416358
4613.083,5.2761658327611345,-1.1600274591553823
4613.103,5.280839202645292,-1.1511872629474695
4613.123,5.285512502796957,-1.142346926038883
4613.143,5.290185793230174,-1.1335065830455386
4613.163,5.29485907444853,-1.124666235063536
4613.183,5.299532346510633,-1.1158258821297502
4613.203,5.3042056094756385,-1.1069855242729552
4613.223,5.308878863406083,-1.0981451615243372
4613.243,5.313552108367605,-1.0893047939174894
4613.263,5.31822534442864,-1.0804644214882662
4613.283,5.3228985716600326,-1.0716240442746086
4613.303,5.327571790134641,-1.0627836623163398
4613.323,5.332244999926888,-1.0539432756549327
4613.343,5.336918201112297,-1.0451028843332586
4613.363,5.341591393767012,-1.0362624883953082
4613.383,5.346264577967274,-1.0274220878859022
4613.403,5.350937753788908,-1.018581682850384
4613.423,5.355610921306799,-1.009741273334298
4613.443,5.360284080594366,-1.0009008593830664
4613.463,5.364957231723039,-0.9920604410416582
4613.483,5.369630374761756,-0.9832200183542582
4613.503,5.374303509776452,-0.9743795913639371
4613.523,5.378976636829614,-0.9655391601123327
4613.543,5.383649755979802,-0.9566987246393346
4613.563,5.388322867281272,-0.9478582849827871
4613.583,5.392995970783568,-0.9390178411782053
4613.603,5.397669066531201,-0.9301773932585113
4613.623,5.401804011820712,-0.9219003884664737
4613.643,5.404637327929913,-0.9149933413980813
4613.663,5.406780642579533,-0.9096393181479591
4613.683,5.408879115112485,-0.9060412627395062
4613.703,5.410979836654398,-0.90369930155167
4613.723,5.413173344589373,-0.9025109999757356
4613.743,5.415368383993851,-0.9023510399570329
4613.763,5.417588574046226,-0.9031729962202764
4613.783,5.419886101138987,-0.9045786757008993
4613.803,5.422162177432931,-0.906026001064615
4613.823,5.424411832920281,-0.9075180180852956
4613.843,5.4266342742944405,-0.9090502848146814
4613.863,5.428828777009056,-0.9106222977417374
4613.883,5.430994631464158,-0.9122335480561283
4613.903,5.433131137357355,-0.9138835144106431
4613.923,5.4352376038521735,-0.9155716630149827
4613.943,5.437313349788264,-0.9172974478001946
4613.963,5.439357703889321,-0.9190603105863644
4613.983,5.441370004968475,-0.9208596812529382
4614.003,5.443349602131222,-0.922694977911711
4614.023,5.4452958549760435,-0.9245656070825539
4614.043,5.447208133792783,-0.9264709638719822
4614.063,5.449085819758902,-0.9284104321546979
4614.083,5.450928305133699,-0.9303833847582793
4614.103,5.452734993450575,-0.9323891836511957
4614.123,5.454505299707378,-0.9344271801343637
4614.143,5.45623865055488,-0.9364967150364625
4614.163,5.45793448448333,-0.9385971189132319
4614.183,5.459592252007075,-0.9407277122509711
4614.203,5.461211415847106,-0.9428878056744444
4614.223,5.462791451111435,-0.945076700159374
4614.243,5.464331845473074,-0.9472936872496697
4614.263,5.465832099345445,-0.9495380492795
4614.283,5.467291726054933,-0.9518090596002704
4614.303,5.468710252010299,-0.954105982812524
4614.323,5.4700872168686665,-0.9564280750027143
4614.343,5.47142217369775,-0.9587745839847654
4614.363,5.472714689133988,-0.9611447495462581
4614.383,5.47396434353629,-0.9635378036990616
4614.403,5.475170731135062,-0.9659529709341578
4614.423,5.476333460176238,-0.9683894684803909
4614.443,5.477452153060046,-0.9708465065668282
4614.463,5.478526446474279,-0.9733232886884163
4614.483,5.479555991521884,-0.9758190118745883
4614.503,5.48054045384269,-0.9783328669604886
4614.523,5.4814795137291945,-0.9808640388604777
4614.543,5.4823728662362825,-0.9834117068435898
4614.563,5.483220221284863,-0.9859750448106551
4614.583,5.484021303759389,-0.9885532215727851
4614.603,5.484775853599318,-0.9911454011309859
4614.623,5.485483625884497,-0.9937507429566649
4614.643,5.486144390914568,-0.9963684022728343
4614.663,5.486757934282487,-0.9989975303358538
4614.683,5.4873240569421995,-1.0016372747175675
4614.703,5.487842575270597,-1.00428677958772
4614.723,5.488313321123844,-1.006945185996577
4614.743,5.488736141888167,-1.0096116321576636
4614.763,5.489110900525207,-1.012285253730581
4614.783,5.489437475611989,-1.014965184103856
4614.803,5.4897157613756296,-1.0176505546777965
4614.823,5.491821075242776,-1.0201843148994534
4614.843,5.497200223981019,-1.0224226357445503
4614.863,5.504231086699202,-1.0238966868166823
4614.883,5.512647307490574,-1.0245100502293716
4614.903,5.522362026096201,-1.0242972922644953
4614.923,5.532355187352223,-1.0239042827567366
4614.943,5.542700319143141,-1.023697606810435
4614.963,5.553110817792852,-1.0233924042637652
4614.983,5.563119762834567,-1.0230207302969414
4615.003,5.5731120882238026,-1.0226354263658552
4615.023,5.583110921920829,-1.022254767275343
4615.043,5.5931063082502845,-1.0218718317489097
4615.063,5.6031002736988915,-1.021488137879923
4615.083,5.61309272377283,-1.0211032975803558
4615.103,5.623085165961497,-1.0207184939034557
4615.123,5.633077606061065,-1.020333733686793
4615.143,5.643070044941464,-1.0199490271004117
4615.163,5.653062483133461,-1.019564383854594
4615.183,5.663054920859271,-1.0191798137923789
4615.203,5.673047358132443,-1.0187953264994276
4615.223,5.6830397944702264,-1.018410932839432
4615.243,5.693032228925889,-1.018026643995337
4615.263,5.7030246597223755,-1.0176424734438378
4615.283,5.713017083804535,-1.0172584366066553
4615.303,5.723009495420496,-1.0168745540126956
4615.323,5.733001884281886,-1.0164908512412336
4615.343,5.742994228690054,-1.0161073668327334
4615.363,5.7529864659899355,-1.0157241679943465
4615.383,5.762978706949319,-1.0153416011675669
4615.403,5.772970976979935,-1.0149570445365197
4615.423,5.782963252466152,-1.0145725764213431
4615.443,5.792955528533073,-1.0141881253244356
4615.463,5.802947805162705,-1.0138036906069232
4615.483,5.812940082386599,-1.013419272285247
4615.503,5.822932360235954,-1.0130348703768073
4615.523,5.832924638740834,-1.012650484893412
4615.543,5.842916917929927,-1.0122661158410313
4615.563,5.852909197830289,-1.011881763219677
4615.583,5.8629014784671325,-1.011497427023342
4615.603,5.872893759863612,-1.011113107240011
4615.623,5.882886042040638,-1.0107288038517255
4615.643,5.892878325016703,-1.010344516834715
4615.663,5.902870595095025,-1.0099603056075162
4615.683,5.912867510836774,-1.0095835321107958
4615.703,5.9228638162823755,-1.0092058709747471
4615.723,5.9328589979725965,-1.0088273317152179
4615.743,5.942855426564734,-1.008449281560299
4615.763,5.95285196112304,-1.0080719575289636
4615.783,5.962848542371833,-1.007694735200711
4615.803,5.97284492265557,-1.0073171145350577
4615.823,5.9828403975190065,-1.0069403188487778
4615.843,5.992836842383561,-1.0065643921111855
4615.863,6.002835985207342,-1.0061897532894912
4615.883,6.012828393690019,-1.0058087848049637
4615.903,6.022820789447181,-1.0054273199907175
4615.923,6.032813185491137,-1.005045873964364
4615.943,6.042805582210412,-1.0046644436107903
4615.963,6.0527979795902604,-1.0042830288402778
4615.983,6.062790377609902,-1.0039016295911232
4616.003,6.0727827762471405,-1.003520245805188
4616.023,6.082775175478677,-1.0031388774281984
4616.043,6.092767575280402,-1.002757524410229
4616.063,6.102759975627683,-1.002376186706135
4616.083,6.112752376495651,-1.00199486427595
4616.103,6.122744777859504,-1.0016135570852343
4616.123,6.132737179694782,-1.0012322651053633
4616.143,6.142729581977658,-1.0008509883137713
4616.163,6.152721984685218,-1.0004697266941258
4616.183,6.162724150955441,-1.000097018406263
4616.203,6.172723467176955,-0.9997226221914386
4616.223,6.182722514270059,-0.9993491641465654
4616.243,6.192722911591799,-0.9989766583066566
4616.263,6.202720787666284,-0.9986021684749347
4616.283,6.212721513860888,-0.9982291674443428
4616.303,6.222717097902855,-0.9978526210645382
4616.323,6.232711229303118,-0.9974748940672729
4616.343,6.242703911814682,-0.9970964228091128
4616.363,6.25269659865404,-0.996717972944952
4616.383,6.262084405803829,-0.9965175456377884
4616.403,6.270147800923885,-0.9965083379554993
4616.423,6.276423078018715,-0.9965105201403038
4616.443,6.280890569624404,-0.9965098908885209
4616.463,6.2835525663427525,-0.9965093093892015
4616.483,6.284409074007491,-0.9965087318104228
4616.503,6.284412635813384,-0.9965084807351235
4616.523,6.284416678656376,-0.9965082362058119
4616.543,6.2844180741119136,-0.9965080091671638
4616.563,6.284420855488423,-0.9965077900090515
4616.583,6.284423588974732,-0.9965075545323954
4616.603,6.284426310863741,-0.9965073472561493
4616.623,6.284428950428142,-0.9965071005841981
4616.643,6.284430322873081,-0.9965069037172355
4616.663,6.284433089520297,-0.9965066814095932
4616.683,6.284435724609471,-0.9965064309912292
4616.703,6.284438429969502,-0.9965062259507459
4616.723,6.2844398901915035,-0.9965060006804902
4616.743,6.284442587530778,-0.9965057981117814
4616.763,6.284445399841258,-0.9965055266376053
4616.783,6.284447995309874,-0.9965052980021529
4616.803,6.284450691670954,-0.9965051008484687
4616.823,6.2844521295201705,-0.9965048801912448
4616.843,6.284454837229796,-0.9965046791157578
4616.863,6.28445753585758,-0.9965044063883328
4616.883,6.284458930719236,-0.9965041978371183
4616.903,6.284461712234311,-0.9965039744873211
4616.923,6.284464446133443,-0.9965037257117096
4616.943,6.284467167756781,-0.9965035187660484
4616.963,6.28446980618864,-0.9965032719002855
4616.983,6.284471178725291,-0.9965030755084633
4617.003,6.28447394538938,-0.9965028538446589
4617.023,6.284476580517287,-0.996502605169017
4617.043,6.28447928581308,-0.9965024001223887
4617.063,6.284480745977124,-0.9965021747585318
4617.083,6.284483443309874,-0.9965019720624674
4617.103,6.284486255636885,-0.9965017005351569
4617.123,6.284488851149303,-0.9965014717079125
4617.143,6.284491547514059,-0.9965012746084974
4617.163,6.284492985363023,-0.9965010540486514
4617.183,6.284495693081773,-0.9965008529986278
4617.203,6.2844983917192065,-0.9965005802913623
4617.223,6.2844997865934245,-0.996500371763901
4617.243,6.284502568122288,-0.9965001484194052
4617.263,6.284505302035315,-0.9964998996392754
4617.283,6.284508023671563,-0.9964996927032121
4617.303,6.2845106621181515,-0.9964994458530255
4617.323,6.2845120346661245,-0.9964992494597594
4617.343,6.284514801343525,-0.9964990278069015
4617.363,6.284517436484398,-0.9964987791435598
4617.383,6.284520141793776,-0.9964985741060258
4617.403,6.284521601971135,-0.9964983487472191
4617.423,6.284524299317917,-0.9964981460605964
4617.443,6.284527111659472,-0.9964978745453945
4617.463,6.284529707184114,-0.9964976457331091
4617.483,6.284532403562335,-0.9964974486423342
4617.503,6.284533841423752,-0.9964972280817888
4617.523,6.284536549156685,-0.9964970270405555
4617.543,6.284539247809248,-0.9964967543452734
4617.563,6.284540642694218,-0.9964965458223922
4617.583,6.28454342423665,-0.9964963224882946
4617.603,6.284546158163131,-0.9964960737194555
4617.623,6.284548879812796,-0.9964958667926954
4617.643,6.284551518276167,-0.9964956199583173
4617.663,6.2845528908353305,-0.9964954235631543
4617.683,6.284555657526019,-0.9964952019205011
4617.703,6.284558292679764,-0.996494953267483
4617.723,6.284560998002866,-0.9964947482390599
4617.743,6.2845624581936805,-0.9964945228854175
4617.763,6.284565155554525,-0.9964943202084081
4617.783,6.284567967910622,-0.9964940487053894
4617.803,6.284570563447429,-0.9964938199083088
4617.823,6.28457325983913,-0.9964936228261208
4617.843,6.284574697713019,-0.9964934022647616
4617.863,6.28457740546014,-0.9964932012322995
4617.883,6.284580104127837,-0.9964929285489927
4617.903,6.284581499023554,-0.9964927200306701
4617.923,6.2845842805795495,-0.9964924967069763
4617.943,6.2845870145194835,-0.9964922479494458
4617.963,6.284589736182563,-0.9964920410319879
4617.983,6.284592374662716,-0.9964917942134178
4618.003,6.284593747233062,-0.9964915978163583
4618.023,6.284596513937033,-0.9964913761839086
4618.043,6.284599149103647,-0.9964911275412109
4618.063,6.28460185444047,-0.9964909225218991
4618.083,6.2846033146447375,-0.996490697173422
4618.103,6.2846060120196405,-0.9964904945060262
4618.123,6.284608824390274,-0.9964902230151896
4618.143,6.284611419939242,-0.9964899942333143
4618.163,6.284614116344419,-0.9964897971597121
4618.183,6.2846155542307764,-0.9964895765975399
4618.203,6.284618261992078,-0.9964893755738478
4618.223,6.284620960674907,-0.9964891029025151
4618.243,6.284622355581366,-0.9964888943887505
4618.263,6.284625137150919,-0.9964886710754595
4618.283,6.284627871104298,-0.9964884223292372
4618.303,6.284630592780785,-0.9964882154210818
4618.323,6.284633231277712,-0.9964879686183183
4618.343,6.284634603859241,-0.9964877722193627
4618.363,6.28463737057649,-0.9964875505971166
4618.383,6.284640005755968,-0.9964873019647383
4618.403,6.284642711106505,-0.9964870969545367
4618.423,6.284644171324217,-0.9964868716112244
4618.443,6.284646868713175,-0.9964866689534412
4618.463,6.284649681098342,-0.9964863974747866
4618.483,6.284652276659469,-0.9964861687081147
4618.503,6.284654973078114,-0.9964859716430989
4618.523,6.284656410976937,-0.9964857510801137
4618.543,6.284659118752414,-0.9964855500651918
4618.563,6.284661817450367,-0.9964852774058321
4618.583,6.284663212367567,-0.9964850688966256
4618.603,6.2846659939506715,-0.9964848455937367
4618.623,6.284668727917494,-0.9964845968588223
4618.643,6.284671449607383,-0.9964843899599688
4618.663,6.284674088121077,-0.9964841431730125
4618.683,6.284675460713786,-0.9964839467721608
4618.703,6.284678227444308,-0.9964837251601171
4618.723,6.2846808626366455,-0.9964834765380576
4618.743,6.284683568000893,-0.9964832715369664
4618.763,6.28468502823205,-0.9964830461988191
4618.783,6.284687725635056,-0.9964828435506481
4618.803,6.284690538034751,-0.9964825720841746
4618.823,6.284693133608032,-0.9964823433327046
4618.843,6.2846958300401425,-0.9964821462762742
4618.863,6.284697267951426,-0.9964819257124777
4618.883,6.284699975741074,-0.9964817247063261
4618.903,6.284702674454147,-0.9964814520589396
4618.923,6.284704069382085,-0.9964812435542908
4618.943,6.284706850978737,-0.9964810202618043
4618.963,6.2847095849589945,-0.996480771538197
4618.983,6.284712306662284,-0.9964805646486448
4619.003,6.2847149451927375,-0.9964803178774937
4619.023,6.284716317796622,-0.9964801214747455
4619.043,6.284719084540414,-0.9964798998729036
4619.063,6.284721719745606,-0.9964796512611632
4619.083,6.284724425123559,-0.9964794462691816
4619.103,6.284725885368155,-0.9964792209361995
4619.123,6.2847285827852,-0.9964790182976396
4619.143,6.284731395199421,-0.9964787468433467
4619.163,6.284733990784849,-0.9964785181070781
4619.183,6.284736687230418,-0.9964783210592328
4619.203,6.284738125154162,-0.9964781004946245
4619.223,6.284740832957976,-0.9964778994972427
4619.243,6.284743531686162,-0.9964776268618282
4619.263,6.2847449266248345,-0.9964774183617372
4619.283,6.284747708235032,-0.9964771950796519
4619.303,6.284750442228722,-0.9964769463673506
4619.323,6.284753163945403,-0.9964767394870983
4619.343,6.284755802492613,-0.9964764927317522
4619.363,6.284757175107671,-0.996476296327109
4619.383,6.284759941864726,-0.9964760747354693
4619.403,6.2847625770827715,-0.996475826134047
4619.423,6.284765282474424,-0.9964756211511744
4619.443,6.284766742732455,-0.9964753958233569
4619.463,6.284769440163537,-0.9964751931944081
4619.483,6.284772252592278,-0.9964749217522944
4619.503,6.28477484818985,-0.9964746930312256
4619.523,6.284777544648873,-0.996474495991966
4619.543,6.284778982585069,-0.996474275426547
4619.563,6.284781690403042,-0.9964740744379347
4619.583,6.284784389146339,-0.996473801814491
4619.603,6.284785784095741,-0.9964735933189572
4619.623,6.284788565719478,-0.9964733700472731
4619.643,6.284791299726596,-0.9964731213462769
4619.663,6.2847940214566655,-0.9964729144753254
4619.683,6.284796660020623,-0.9964726677357832
4619.703,6.28479803264685,-0.996472471329245
4619.723,6.284800799417167,-0.9964722497478065
4619.743,6.284803434648058,-0.996472001156701
4619.763,6.284806140053404,-0.9964717961829377
4619.783,6.284807600324866,-0.9964715708602853
4619.803,6.284810297769982,-0.9964713682409471
4619.823,6.284813110213234,-0.9964710968110123
4619.843,6.284815705822948,-0.9964708681051425
4619.863,6.28481840229542,-0.9964706710744662
4619.883,6.284819840244066,-0.9964704505082363
4619.903,6.284822548076196,-0.9964702495283906
4619.923,6.284825246834598,-0.9964699769169129
4619.943,6.284826641794728,-0.9964697684259362
4619.963,6.284829423431999,-0.9964695451646481
4619.983,6.28483215745254,-0.9964692964749563
4620.003,6.2848348791959925,-0.9964690896132974
4620.023,6.284837517776695,-0.9964688428895582
4620.043,6.284838890414087,-0.9964686464811158
4620.063,6.284841657197657,-0.996468424909868
4620.083,6.2848442924413925,-0.9964681763290792
4620.103,6.284846997860426,-0.996467971364413
4620.123,6.284848458145316,-0.9964677460469255
4620.143,6.2848511556044535,-0.9964675434371839
4620.163,6.2848539680622135,-0.9964672720194134
4620.183,6.284856563684063,-0.9964670433287403
4620.203,6.284859260169975,-0.996466846306634
4620.223,6.28486069813107,-0.9964666257395932
4620.243,6.284863405977346,-0.9964664247685009
4620.263,6.284866104750845,-0.996466152168977
4620.283,6.2848674997217016,-0.9964659436825565
4620.303,6.284870281372496,-0.9964657204316537
4620.323,6.284873015406457,-0.9964654717532654
4620.343,6.284875737163285,-0.9964652649008915
4620.363,6.28487837576072,-0.996465018192955
4620.383,6.284879748409271,-0.9964648217826014
4620.403,6.284882515206086,-0.996464600221539
4620.423,6.284885150462663,-0.9964643516510652
4620.443,6.284887855895378,-0.9964641466954913
4620.463,6.284889316193687,-0.996463921383169
4620.483,6.284892013666845,-0.9964637187830201
4620.503,6.284894826139106,-0.9964634473774121
4620.523,6.28489742177309,-0.996463218701935
4620.543,6.28508254178785,-0.996955058088571
4620.563,6.285664695912772,-0.9984651317663775
4620.583,6.286220585424441,-1.0008096152035524
4620.603,6.286233750195545,-1.0035038894199484
4620.623,6.286197184036164,-1.0061992661083201
4620.643,6.286111959087465,-1.0088937851919557
4620.663,6.285976282887662,-1.011586480990991
4620.683,6.285794255178289,-1.0142755043802147
4620.703,6.2855637552502275,-1.0169604696168904
4620.723,6.285282982894096,-1.0196408242920838
4620.743,6.284956084459753,-1.0223151270930353
4620.763,6.284581020865606,-1.0249830685401389
4620.783,6.284156001101906,-1.0276437673418544
4620.803,6.283685217996324,-1.0302958849535377
4620.823,6.283166669247247,-1.0329390735600166
4620.843,6.282598634003061,-1.0355724323817286
4620.863,6.281985330103586,-1.0381947077276208
4620.883,6.2813247934993965,-1.0408055104137826
4620.903,6.280615382229272,-1.0434039164431148
4620.923,6.27986132625588,-1.0459887659546037
4620.943,6.279060708402697,-1.0485596310199417
4620.963,6.278211967752467,-1.051115565772297
4620.983,6.2773193348067595,-1.0536555066416156
4621.003,6.276380946682185,-1.0561789896571183
4621.023,6.275395324996849,-1.0586850511997554
4621.043,6.2743666918126255,-1.0611727251731975
4621.063,6.273287525698395,-1.0636420869777272
4621.083,6.272156166875358,-1.0660930446268273
4621.103,6.270980871481225,-1.0685232762807342
4621.123,6.269762031791011,-1.070931958439336
4621.143,6.268500042695909,-1.0733183114622844
4621.163,6.2671953128711575,-1.0756815633239556
4621.183,6.265848264744684,-1.0780209495119013
4621.203,6.2644593343604615,-1.0803357132603806
4621.223,6.2630289712375795,-1.0826251057844054
4621.243,6.261557638226043,-1.084888386511032
4621.263,6.260045811359439,-1.0871248233078705
4621.283,6.258493979704535,-1.0893336927087895
4621.303,6.25690264520793,-1.0915142801368458
4621.323,6.255272322539795,-1.0936658801244623
4621.343,6.253603538934785,-1.0957877965309208
4621.363,6.2518968340301075,-1.0978793427572293
4621.383,6.250152759700788,-1.099939841958455
4621.403,6.24837187989208,-1.1019686272536242
4621.423,6.246554770448949,-1.1039650419332845
4621.443,6.244702018942565,-1.1059284396648437
4621.463,6.242814224493652,-1.1078581846957842
4621.483,6.240891997592543,-1.1097536520548519
4621.503,6.238935959915787,-1.1116142277512875
4621.523,6.236946744139085,-1.1134393089721595
4621.543,6.234924993746322,-1.1152283042778255
4621.563,6.232871362834533,-1.1169806337955066
4621.583,6.230786515914533,-1.1186957294109285
4621.603,6.228671127707007,-1.120373034957942
4621.623,6.226525882933924,-1.122012006405981
4621.643,6.224351476105046,-1.1236121120451945
4621.663,6.222148611299482,-1.1251728326690154
4621.683,6.219918001942162,-1.1266936617539332
4621.703,6.217660370575234,-1.1281741056361685
4621.723,6.215376448624415,-1.1296136836849437
4621.743,6.213066976160366,-1.1310119284720257
4621.763,6.2107327016552665,-1.1323683859372016
4621.783,6.208374381734733,-1.1336826155493571
4621.803,6.205992780925366,-1.1349541904628313
4621.823,6.2035886713981965,-1.1361826976687537
4621.843,6.201162832708329,-1.1373677381410694
4621.863,6.198716051531145,-1.138508926977024
4621.883,6.196249121395409,-1.1396058935318905
4621.903,6.193762842413636,-1.1406582815477697
4621.923,6.191258021010079,-1.1416657492763453
4621.943,6.188735469646699,-1.1426279695954977
4621.963,6.186196006547398,-1.14354463011974
4621.983,6.183640455420882,-1.1444154333044627
4622.003,6.181069645182366,-1.1452400965440108
4622.023,6.178484409674401,-1.1460183522636485
4622.043,6.175885587387019,-1.1467499480054806
4622.063,6.173274021177355,-1.1474346465084266
4622.083,6.170650557988928,-1.1480722257823543
4622.103,6.168016048570649,-1.1486624791764728
4622.123,6.165371347195655,-1.149205215442114
4622.143,6.163058273817872,-1.1515510061736567
4622.163,6.1613632584697395,-1.157125271788287
4622.183,6.160592227525336,-1.1642675148660677
4622.203,6.160814767395229,-1.1727031328151145
4622.223,6.161987875443791,-1.182349124197642
4622.243,6.163367865971331,-1.1922543305226092
4622.263,6.164567827422633,-1.2025094178769415
4622.283,6.165748337057869,-1.2128463811451866
4622.303,6.167089306000253,-1.2228018827596077
4622.323,6.168452242451269,-1.2327094475425056
4622.343,6.169817805454813,-1.2426154099886
4622.363,6.171183342224712,-1.2525213751013817
4622.383,6.172548864745455,-1.2624273420728205
4622.403,6.173914373189282,-1.272333310907276
4622.423,6.175279867624958,-1.282239281617087
4622.443,6.176645348116167,-1.2921452542162182
4622.463,6.178010814721857,-1.3020512287200325
4622.483,6.179376267495809,-1.311957205145093
4622.503,6.180738603509181,-1.3218659929145133
4622.523,6.182103335344877,-1.3317732678477685
4622.543,6.183464854803151,-1.3416838647627265
4622.563,6.18482604403363,-1.3515938737684976
4622.583,6.186186590313664,-1.3615048351037575
4622.603,6.187549376409202,-1.3714160562712492
4622.623,6.188910338428847,-1.3813276458186676
4622.643,6.190271599958991,-1.3912405252966966
4622.663,6.19163266452938,-1.4011534477687198
4622.683,6.19299346788571,-1.4110664101001134
4622.703,6.194354003202158,-1.4209794113261922
4622.723,6.195714269653218,-1.4308924506631933
4622.743,6.197074267438589,-1.4408055273825064
4622.763,6.198433997100322,-1.4507186406808474
4622.783,6.199793459434593,-1.4606317896250933
4622.803,6.2011526555788405,-1.4705449730512916
4622.823,6.202511588247034,-1.4804581885353356
4622.843,6.2038702617936785,-1.4903714319052455
4622.863,6.205228687864623,-1.5002846939059917
4622.883,6.206588381539161,-1.5101953100511978
4622.903,6.207949565443515,-1.5201018827900388
4622.923,6.209310650452753,-1.5300084641260214
4622.943,6.210671720184275,-1.5399150477625232
4622.963,6.212032775357708,-1.5498216336296706
4622.983,6.213393815932534,-1.5597282217120243
4623.003,6.2147548418618115,-1.5696348119930579
4623.023,6.216115853099896,-1.5795414044547489
4623.043,6.217476849603154,-1.589447999077695
4623.063,6.218837831330569,-1.5993545958412565
4623.083,6.220198798244325,-1.6092611947237134
4623.103,6.22155975031034,-1.6191677957024349
4623.123,6.222920687498759,-1.6290743987540601
4623.143,6.224281609784386,-1.6389810038546924
4623.163,6.225642517147081,-1.6488876109800938
4623.183,6.22700340957208,-1.6587942201058945
4623.203,6.228364287050266,-1.6687008312077973
4623.223,6.229725149578369,-1.678607444261788
4623.243,6.231085997159116,-1.688514059244344
4623.263,6.232446829801289,-1.6984206761326377
4623.283,6.233807647519748,-1.7083272949047381
4623.303,6.235168450335368,-1.7182339155398
4623.323,6.236529238274911,-1.7281405380182517
4623.343,6.237889039789037,-1.7380484331039805
4623.363,6.239242827081311,-1.7479601874629072
4623.383,6.240597192732183,-1.757871005489841
4623.403,6.241952329911332,-1.7677800169056155
4623.423,6.2433066641508645,-1.777690372402134
4623.443,6.244661460866637,-1.7875994600834955
4623.463,6.246016088829987,-1.7975085692003125
4623.483,6.247370547846176,-1.8074177011810304
4623.503,6.248724837890363,-1.8173268559939457
4623.523,6.250078958941259,-1.8272360335805908
4623.543,6.25143325891568,-1.8371442445995172
4623.563,6.252786215941435,-1.8470579032481078
4623.583,6.2541444385391625,-1.8569653804838018
4623.603,6.255502959007895,-1.8668723108312162
4623.623,6.256861464973781,-1.876779243032067
4623.643,6.258219956885778,-1.8866861770503214
4623.663,6.259578434812696,-1.896593112898131
4623.683,6.260936898816872,-1.9065000505896663
4623.703,6.262293424433556,-1.9164090048490483
4623.723,6.2636488316539,-1.9263182643104113
4623.743,6.264997909455525,-1.9362379736225492
4623.763,6.266348316745683,-1.9461573805606225
4623.783,6.267704590106017,-1.9560646302124218
4623.803,6.2690621788565695,-1.96597169337191
4623.823,6.27041590610839,-1.975884042010891
4623.843,6.27176898754386,-1.9857955519732637
4623.863,6.273124065546555,-1.995707221041677
4623.883,6.274477829068504,-2.0056204077057123
4623.903,6.275522781075093,-2.0149317222109615
4623.923,6.276049938323698,-2.022886581311003
4623.943,6.276309743371218,-2.029133462824329
4623.963,6.2764837660242785,-2.033619609899209
4623.983,6.276276760439803,-2.0371626955452062
4624.003,6.275523695804858,-2.040001354630398
4624.023,6.274222879531347,-2.0421826509070513
4624.043,6.272411126199494,-2.043656636471686
4624.063,6.270069896068359,-2.044426309895824
4624.083,6.2672831501331,-2.044514062407462
4624.103,6.2644694726940955,-2.044479095557722
4624.123,6.261771841318886,-2.044577691411052
4624.143,6.259072591412493,-2.0446277790131084
4624.163,6.25637433515932,-2.0446321840853097
4624.183,6.253639344581847,-2.0464673464810565
4624.203,6.2508622603015365,-2.0515897323487273
4624.223,6.248676056408358,-2.0584337675967928
4624.243,6.247204048315443,-2.066744101966406
4624.263,6.246417907738719,-2.0764289809570053
4624.283,6.245784702620145,-2.0864098155853323
4624.303,6.245375791064177,-2.096742554228395
4624.323,6.244928021567261,-2.10716031003448
4624.343,6.244306938384349,-2.117147719216937
4624.363,6.2436844271378815,-2.1271281184250386
4624.383,6.243061922762114,-2.1371083923041363
4624.403,6.242439434933789,-2.147088668107401
4624.423,6.241816963182707,-2.1570689457147934
4624.443,6.24119450747204,-2.167049225094939
4624.463,6.240572067766239,-2.1770295062100824
4624.483,6.239949644029925,-2.1870097890158116
4624.503,6.239327236228222,-2.196990073461457
4624.523,6.238704844327084,-2.2069703594905627
4624.543,6.238082468293595,-2.216950647041412
4624.563,6.237460108096287,-2.2269309360476126
4624.583,6.236837763705428,-2.2369112264387256
4624.603,6.236215435093293,-2.246891518140943
4624.623,6.235593122234422,-2.25687181107779
4624.643,6.234970825105861,-2.26685210517087
4624.663,6.23434854368736,-2.2768324003406155
4624.683,6.2337262779615665,-2.2868126965070603
4624.703,6.233104027914186,-2.296792993590619
4624.723,6.232481793534099,-2.30677329151286
4624.743,6.23185957481346,-2.3167535901972633
4624.763,6.231237371747774,-2.3267338895699745
4624.783,6.230615184335913,-2.336714189560514
4624.803,6.2299930125801195,-2.3466944901024753
4624.823,6.229370856485979,-2.356674791134163
4624.843,6.228748716062346,-2.3666550925991996
4624.863,6.228126591321247,-2.3766353944470713
4624.883,6.227505982148799,-2.3866173868924934
4624.903,6.2268863855473375,-2.3966002105710977
4624.923,6.22626709443158,-2.4065836655562527
4624.943,6.225647312422834,-2.416565144427938
4624.963,6.2250302716683965,-2.4265518776276687
4624.983,6.224411769287955,-2.43653619220401
4625.003,6.223795094675049,-2.4465229978406224
4625.023,6.223178389652335,-2.4565090139888652
4625.043,6.222561876892146,-2.466494470543194
4625.063,6.221945784539345,-2.4764808184948297
4625.083,6.221329530442637,-2.486465747130112
4625.103,6.220714692739377,-2.4964503545345464
4625.123,6.220099373848617,-2.506436006905868
4625.143,6.219484712134703,-2.516420667224952
4625.163,6.218869654600886,-2.5264064767480434
4625.183,6.218254358672717,-2.5363934043202203
4625.203,6.217638585104119,-2.5463803606235875
4625.223,6.217023022571006,-2.556367332245184
4625.243,6.216407714610657,-2.5663543180356823
4625.263,6.215792668003202,-2.576341318407721
4625.283,6.215177884297541,-2.586328333723608
4625.303,6.214560512569895,-2.596310251673824
4625.323,6.213942538653813,-2.606290804842852
4625.343,6.213324592082782,-2.616271353231379
4625.363,6.212706656539995,-2.6262519030801528
4625.383,6.212088737296597,-2.6362324542735185
4625.403,6.211470834397345,-2.6462130068764154
4625.423,6.210852947838983,-2.656193560953026
4625.443,6.210235077614671,-2.666174116563334
4625.463,6.209617223714405,-2.6761546737624595
4625.483,6.208999386125108,-2.6861352326000763
4625.503,6.208381564830738,-2.696115793119881
4625.523,6.20776375981241,-2.7060963553591337
4625.543,6.2071459710485914,-2.716076919348256
4625.563,6.2065281985152785,-2.726057485110502
4625.583,6.205910442186231,-2.7360380526617
4625.603,6.205292702033216,-2.746018622010074
4625.623,6.204674978026265,-2.755999193156142
4625.643,6.2040572701339745,-2.765979766092685
4625.663,6.203439578323794,-2.775960340804805
4625.683,6.20282190256234,-2.7859409172700547
4625.703,6.202204242815726,-2.7959214954586407
4625.723,6.201586599049875,-2.80590207533371
4625.743,6.200968971230868,-2.8158826568517004
4625.763,6.20035135932525,-2.82586323996276
4625.783,6.1997337633003795,-2.8358438246112363
4625.803,6.199119874121693,-2.845828418740945
4625.823,6.198506576249017,-2.8558159169571122
4625.843,6.197893298155726,-2.8658034468282945
4625.863,6.197280264516562,-2.875790994975038
4625.883,6.1966675067366,-2.8857785602847916
4625.903,6.1960550292654935,-2.8957661424857357
4625.923,6.195442832428929,-2.905753741415835
4625.943,6.1948309157078105,-2.9157413567345594
4625.963,6.194219278900124,-2.9257289881537676
4625.983,6.193607921387141,-2.935716635205079
4626.003,6.1929968434115485,-2.9457042978125507
4626.023,6.1923860441671295,-2.9556919756899704
4626.043,6.191775522719321,-2.965679668146457
4626.063,6.191165278484376,-2.9756673744230993
4626.083,6.1905553104990565,-2.9856550941759212
4626.103,6.18994360048111,-2.995639420845645
4626.123,6.189330251647023,-3.005620266696667
4626.143,6.188716958552486,-3.0156011138844243
4626.163,6.188331117490058,-3.025003495631205
4626.183,6.188211190864445,-3.033038075598126
4626.203,6.188134784942486,-3.039339134150864
4626.223,6.188095192449325,-3.0439651398592487
4626.243,6.188392111942974,-3.047809698114722
4626.263,6.18916054343004,-3.0510763963097056
4626.283,6.19041335949601,-3.0537514424935353
4626.303,6.19211682234774,-3.0558889846781327
4626.323,6.194274183857584,-3.057474087213275
4626.343,6.196751599119177,-3.0582047204229243
4626.363,6.199558449760874,-3.0584484312520397
4626.383,6.202450750178055,-3.058710423028276
4626.403,6.205423875563307,-3.059015334701277
4626.423,6.20838185872539,-3.0592330855009786
4626.443,6.211314901620066,-3.059382476492755
4626.463,6.214291530525852,-3.0595096177789163
4626.483,6.217193672130991,-3.0594925046719506
4626.503,6.220200831212949,-3.059532231343573
4626.523,6.223125008237917,-3.059442334890276
4626.543,6.226042667313953,-3.0592869021889197
4626.563,6.228867957997637,-3.0589993468908734
4626.583,6.231712772664422,-3.058678661485727
4626.603,6.234579886715413,-3.0583164215134295
4626.623,6.237521707119486,-3.0579732607866195
4626.643,6.240318433461392,-3.0574588002841203
4626.663,6.243455833166784,-3.058413893161784
4626.683,6.247525183886275,-3.0625872371972247
4626.703,6.251608726291739,-3.0687546587931718
4626.723,6.255468037961066,-3.0766261661865038
4626.743,6.258965046852143,-3.085770967474701
4626.763,6.262372858211026,-3.095174177784973
4626.783,6.2657576068237955,-3.104719465989856
4626.803,6.269051017203797,-3.1148263367044726
4626.823,6.272435490836233,-3.1245097817953127
4626.843,6.275832107493809,-3.133937386394914
4626.863,6.279227510791227,-3.143342812565648
4626.883,6.282622871496048,-3.152748310545853
4626.903,6.286018220994364,-3.162153813394452
4626.923,6.289413559712271,-3.1715593203078423
4626.943,6.292808887732776,-3.180964831233683
4626.963,6.296204205133695,-3.190370346127414
4626.983,6.2995995119890935,-3.1997758649448707
4627.003,6.302994808368829,-3.209181387642524
4627.023,6.3063900943381475,-3.2185869141777967
4627.043,6.309785369957292,-3.227992444509386
4627.063,6.313180635281153,-3.237397978597564
4627.083,6.316575890358957,-3.2468035164044835
4627.103,6.31997113523401,-3.2562090578944582
4627.123,6.323366369943483,-3.2656146030342303
4627.143,6.326761594518241,-3.2750201517932194
4627.163,6.330156613965391,-3.28442675784767
4627.183,6.333550753012411,-3.2938384240347856
4627.203,6.336944610859612,-3.3032489494094874
4627.223,6.3403385381559385,-3.312659061145149
4627.243,6.343732970439205,-3.3220663172813576
4627.263,6.347127633995913,-3.3314722739826284
4627.283,6.3505222986114696,-3.3408782249772804
4627.303,6.3539169588182105,-3.350284178376977
4627.323,6.357311609126556,-3.3596901332570046
4627.343,6.360706242671985,-3.3690960937681345
4627.363,6.364100852700705,-3.3785020613898826
4627.383,6.36749543193907,-3.3879080392173164
4627.403,6.370889973195814,-3.397314029368855
4627.423,6.374284468913947,-3.4067200345685174
4627.443,6.3776789117109445,-3.4161260571846053
4627.463,6.381073293400994,-3.425532099827439
4627.483,6.38446760511083,-3.4349381649895374
4627.503,6.387861837620753,-3.4443442551228243
4627.523,6.39125598256289,-3.4537503722759717
4627.543,6.394650028768698,-3.4631565186331663
4627.563,6.398043962169153,-3.472562696186709
4627.583,6.401437765471136,-3.4819689064473627
4627.603,6.404831415488082,-3.491375149351947
4627.623,6.408224875759014,-3.500781421168897
4627.643,6.411618081351473,-3.5101877039670337
4627.663,6.415009803825456,-3.519595579936531
4627.683,6.418400555004619,-3.5290114118190234
4627.703,6.421794441809198,-3.538417438117998
4627.723,6.425188288022208,-3.5478234804203246
4627.743,6.428582122556741,-3.5572295270091026
4627.763,6.4319759456738055,-3.5666355777879466
4627.783,6.435369757386513,-3.576041632769092
4627.803,6.438763557710349,-3.585447691963579
4627.823,6.442157346665513,-3.5948537553799698
4627.843,6.445551124276997,-3.6042598230241434
4627.863,6.448941544417214,-3.61366973676515
4627.883,6.4523325879199325,-3.623084442042897
4627.903,6.455726065582385,-3.632490628654257
4627.923,6.4591194262561205,-3.641896847301644
4627.943,6.462512774658126,-3.6513030704821685
4627.963,6.465902327070662,-3.660714710069184
4627.983,6.469291172570616,-3.670131087136397
4628.003,6.472679993937366,-3.679542570974394
4628.023,6.476068926843485,-3.688954126501271
4628.043,6.479457819964614,-3.6983644889085143
4628.063,6.4828463036519945,-3.707775078256908
4628.083,6.486234854605573,-3.7171865264970907
4628.103,6.489623331466202,-3.7265969694809695
4628.123,6.4930113840178985,-3.7360076882026987
4628.143,6.496399500748695,-3.7454192872646623
4628.163,6.499787540999737,-3.754829884298387
4628.183,6.503175254655368,-3.764240790174924
4628.203,6.506563961530516,-3.7736551632584647
4628.223,6.509952854060077,-3.7830723471492074
4628.243,6.51333943247531,-3.7924944108575698
4628.263,6.51672741128659,-3.8019133282904787
4628.283,6.520114086680216,-3.8113332856725837
4628.303,6.523501900795349,-3.8207520615433186
4628.323,6.526887373235618,-3.8301737974662524
4628.343,6.530272894097425,-3.8395951682095077
4628.363,6.533141892540728,-3.8484765413484703
4628.383,6.534971742652491,-3.855964083354656
4628.403,6.536637763464039,-3.8618304997140527
4628.423,6.538232316895696,-3.8659715254608136
4628.443,6.539903932871857,-3.869015535058354
4628.463,6.541693133559479,-3.8710519538259263
4628.483,6.5437996712268465,-3.8722061758294255
4628.503,6.545951306771548,-3.8723475528319837
4628.523,6.548302935134079,-3.8716235615243644
4628.543,6.550770468717291,-3.8705282429230228
4628.563,6.553217386811172,-3.8693882904947663
4628.583,6.5556433805039305,-3.8682044893107776
4628.603,6.5580476715604,-3.866977221754469
4628.623,6.560429482276961,-3.865706885346119
4628.643,6.5627880421998155,-3.864393891478442
4628.663,6.5651225884246385,-3.8630386652726267
4628.683,6.567432365835749,-3.8616416454394993
4628.703,6.569716627341787,-3.8602032841372336
4628.723,6.571974634108352,-3.858724046825714
4628.743,6.574205655787615,-3.8572044121176594
4628.763,6.576408970744872,-3.8556448716266263
4628.783,6.578583866282069,-3.8540459298120093
4628.803,6.5807296388583545,-3.852408103821114
4628.823,6.5828455943076865,-3.8507319233283908
4628.843,6.584931048053604,-3.849017930371848
4628.863,6.586985325321238,-3.8472666791866876
4628.883,6.589007761346676,-3.845478736036129
4628.903,6.59099770158379,-3.8436546790393846
4628.923,6.592954501908662,-3.841795097996699
4628.943,6.594877528821698,-3.839900594211348
4628.963,6.596766159647559,-3.8379717803084463
4628.983,6.598619782733002,-3.836009280050397
4629.003,6.600437797642683,-3.83401372814879
4629.023,6.602219615352976,-3.8319857700725377
4629.043,6.603964658443811,-3.829926061852037
4629.063,6.605672361288519,-3.827835269879143
4629.083,6.6073421702415835,-3.825714070702739
4629.103,6.608973543824193,-3.8235631508197265
4629.123,6.610565952907455,-3.821383206461272
4629.143,6.612118880893047,-3.819174943374192
4629.163,6.61363182389107,-3.8169390765973907
4629.183,6.615104290894861,-3.814676330233325
4629.203,6.616535803952441,-3.812387437214522
4629.223,6.617925898334286,-3.8100731390652185
4629.243,6.619274122697117,-3.8077341856582634
4629.263,6.622229223669518,-3.806277802029103
4629.283,6.628053674746084,-3.806425454943781
4629.303,6.635075362575535,-3.8079439078183164
4629.323,6.643011553952598,-3.810812772440957
4629.343,6.651796884890182,-3.814964961435305
4629.363,6.660762893460047,-3.8193950908181047
4629.383,6.670026997676829,-3.8238371415963277
4629.403,6.67941688525819,-3.828304786081667
4629.423,6.68844190366562,-3.8327259718050506
4629.443,6.697424512095832,-3.8371445435538254
4629.463,6.706393014479452,-3.841566946770221
4629.483,6.715361568066227,-3.845989244800055
4629.503,6.7243301268856674,-3.850411532335454
4629.523,6.733298689249646,-3.8548338111461704
4629.543,6.74226895234084,-3.859256457787892
4629.563,6.75124606014511,-3.863679241551036
4629.583,6.760216956872027,-3.86810171950074
4629.603,6.769193883555986,-3.872524607641456
4629.623,6.778172691551844,-3.876946237394523
4629.643,6.787149268502041,-3.881367679539998
4629.663,6.796125020835143,-3.8857900044042273
4629.683,6.805099185150914,-3.890211222986723
4629.703,6.814072045913071,-3.8946323114516517
4629.723,6.823044962285149,-3.8990532928299584
4629.743,6.83201793939232,-3.9034741519022433
4629.763,6.8409909777581905,-3.907894886855429
4629.783,6.849964077417857,-3.9123154972706518
4629.803,6.858937238341832,-3.916735982959413
4629.823,6.86791046049354,-3.921156343800233
4629.843,6.876883743837635,-3.925576579709562
4629.863,6.885856249465204,-3.929996459351273
4629.883,6.894830012600387,-3.934417420662307
4629.903,6.903802818760469,-3.938836863849202
4629.923,6.912772423334904,-3.943256995461088
4629.943,6.921742015814683,-3.947677166713967
4629.963,6.930711612869629,-3.9520973293494492
4629.983,6.939146520103962,-3.956007997350783
4630.003,6.946320897581617,-3.9588073465386646
4630.023,6.9518191249769,-3.960823144813782
4630.043,6.95567512861566,-3.962084727498237
4630.063,6.958796590095087,-3.9625427152654398
4630.083,6.96150148152902,-3.9622662873239607
4630.103,6.963577893160501,-3.9612095194831354
4630.123,6.965303031097148,-3.9593923116394976
4630.143,6.966814358238011,-3.956976238718845
4630.163,6.968302954726421,-3.954409136235377
4630.183,6.969550885037302,-3.9518692562809097
4630.203,6.970760608147833,-3.9492832834829876
4630.223,6.9718398635306835,-3.946701755168762
4630.243,6.972943567998409,-3.9440746879964492
4630.263,6.973719138143008,-3.9414935686067945
4630.283,6.9744485256596365,-3.938894308343498
4630.303,6.9751310270922655,-3.936282304087988
4630.323,6.975766408518251,-3.9336584321286296
4630.343,6.976354463317529,-3.931023543454828
4630.363,6.976895000368008,-3.9283784923893936
4630.383,6.97738784400263,-3.925724136550862
4630.403,6.977832834066144,-3.9230613365672715
4630.423,6.9782298259667215,-3.9203909557877488
4630.443,6.978578690721547,-3.917713859994181
4630.463,6.978879314996484,-3.9150309171131177
4630.483,6.979131601139942,-3.9123429969279773
4630.503,6.979335467211035,-3.9096509707916396
4630.523,6.9794908470021735,-3.9069557113394615
4630.543,6.979597690056145,-3.9042580922027588
4630.563,6.979655961677795,-3.9015589877227916
4630.583,6.979666362009327,-3.898860117966427
4630.603,6.979630834158119,-3.896162057862951
4630.623,6.9795436227472845,-3.8934638099988343
4630.643,6.979407859192473,-3.8907675659791012
4630.663,6.979223588688124,-3.8880742113261415
4630.683,6.978990871433515,-3.8853846189560453
4630.703,6.980580964402172,-3.8824995915879073
4630.723,6.985441959964703,-3.8792873767062446
4630.743,6.9920690925877444,-3.876514421393007
4630.763,7.000219003489633,-3.8743255720021486
4630.783,7.009799742068326,-3.872703212229907
4630.803,7.019687795462723,-3.8712053720822497
4630.823,7.029924940501992,-3.8698793524087276
4630.843,7.0402317428891275,-3.8685670652959665
4630.863,7.050155001200216,-3.8671084921907157
4630.883,7.060049343679427,-3.865629912342447
4630.903,7.0699380381394095,-3.8641444290775513
4630.923,7.0798278945409985,-3.8626596541941565
4630.943,7.089717814465137,-3.861174975663917
4630.963,7.099613081982645,-3.859692909096261
4630.983,7.109508444381137,-3.858210840094835
4631.003,7.11940388689085,-3.8567290194049275
4631.023,7.12929939144139,-3.855247463929587
4631.043,7.139194947686584,-3.8537661760393913
4631.063,7.149090550056536,-3.8522851551309314
4631.083,7.15898619551488,-3.8508044006998876
4631.103,7.168881882373461,-3.8493239121131753
4631.123,7.178777609297605,-3.847843688587673
4631.143,7.188673375440551,-3.846363729601639
4631.163,7.198569179984883,-3.8448840343590516
4631.183,7.2084650216843125,-3.843404601409277
4631.203,7.217799844107024,-3.8423393312113028
4631.223,7.2257160638819515,-3.8417511022484714
4631.243,7.231973305423971,-3.841316910011633
4631.263,7.236595759525797,-3.8410503650077583
4631.283,7.240384138591211,-3.8404109964581545
4631.303,7.243489726097924,-3.8393103473400156
4631.323,7.245697533428809,-3.837979489496905
4631.343,7.247288785660473,-3.8361209529784697
4631.363,7.24800898249899,-3.833950028114455
4631.383,7.248242642691662,-3.8313059183910467
4631.403,7.248026930746545,-3.828431103004077
4631.423,7.247629836894694,-3.8255817945698856
4631.443,7.247160340166618,-3.822767142330263
4631.463,7.246686087942461,-3.8199219964946747
4631.483,7.246144779413495,-3.8171029529118554
4631.503,7.2456276787711085,-3.8141996645131555
4631.523,7.244960056385765,-3.8114373878538483
4631.543,7.244145346626491,-3.8087796455637597
4631.563,7.243234241267171,-3.806198895762597
4631.583,7.242423655604369,-3.80345050845506
4631.603,7.241599988249788,-3.800669737793898
4631.623,7.240723277205914,-3.7978969343673095
4631.643,7.239786030497831,-3.7951487125805556
4631.663,7.238845124918279,-3.792317335560894
4631.683,7.2378447788084985,-3.7895121651750583
4631.703,7.236781127900075,-3.7867368088537114
4631.723,7.235663474666419,-3.7839808720601584
4631.743,7.234491321514026,-3.781247189359586
4631.763,7.233265564684586,-3.77853614707595
4631.783,7.231987163627923,-3.775849134221614
4631.803,7.230657731635972,-3.773185642745847
4631.823,7.22927579510106,-3.770546644506098
4631.843,7.22784325263961,-3.767935163251861
4631.863,7.226359904982603,-3.7653516319402964
4631.883,7.224826301895465,-3.7627956600438495
4631.903,7.223244237653522,-3.7602664028793678
4631.923,7.221613426805182,-3.7577680468663144
4631.943,7.219933280081877,-3.7553028100799217
4631.963,7.218204360329533,-3.7528718635807716
4631.983,7.216427396247517,-3.7504759525221276
4632.003,7.214603094673545,-3.7481159595919857
4632.023,7.212732181182343,-3.7457927358304617
4632.043,7.210815392401828,-3.743507124753339
4632.063,7.208853478333449,-3.741259959573303
4632.083,7.206847202688933,-3.7390520608341333
4632.103,7.204797342758116,-3.736884236662451
4632.123,7.202704683297822,-3.7347572985383155
4632.143,7.2005700323842285,-3.7326720154709805
4632.163,7.198394208941987,-3.7306291590141885
4632.183,7.197181653251237,-3.727233896455569
4632.203,7.197744017509424,-3.7213127017889986
4632.223,7.1997349699954,-3.714458979675326
4632.243,7.203141027471989,-3.7067960664227817
4632.263,7.207909613405836,-3.6983721234992273
4632.283,7.2130125561595415,-3.6897412441262123
4632.303,7.218196313792766,-3.6807018530692446
4632.323,7.223325679366498,-3.671991658988017
4632.343,7.228432083229372,-3.663320958608869
4632.363,7.2335246850075166,-3.6547109309532972
4632.383,7.238616697136219,-3.6461005624052825
4632.403,7.243708778147571,-3.6374901887878694
4632.423,7.248800748526123,-3.62887973753206
4632.443,7.253892582157688,-3.6202691989679203
4632.463,7.258984275000543,-3.6116585721541403
4632.483,7.264075826968589,-3.603047858325772
4632.503,7.269167238001524,-3.594437058211174
4632.523,7.274258508355841,-3.5858261728198415
4632.543,7.279349638243672,-3.577215203179376
4632.563,7.284440627862835,-3.5686041500808345
4632.583,7.289531477485694,-3.5599930143535623
4632.603,7.294622187424543,-3.55138179685848
4632.623,7.299712758178291,-3.5427704988077378
4632.643,7.304803190076824,-3.534159121218006
4632.663,7.309893483687231,-3.5255476651711644
4632.683,7.3149836395336285,-3.5169361322386554
4632.703,7.320073657830438,-3.5083245233696725
4632.723,7.325163539673419,-3.499712840424854
4632.743,7.3302532860576965,-3.4911010859927307
4632.763,7.33534289814872,-3.4824892631443713
4632.783,7.340432376629257,-3.4738773746707143
4632.803,7.345521723773472,-3.465265425816021
4632.823,7.350610940993087,-3.456653422538634
4632.843,7.355198239732539,-3.4485461659559395
4632.863,7.358606280918073,-3.441693153983733
4632.883,7.361023901264013,-3.4364671343012145
4632.903,7.3626075235912865,-3.432794809347578
4632.923,7.363273293569675,-3.429781829417089
4632.943,7.3631708111670395,-3.427127874375196
4632.963,7.362257453338957,-3.4247813915785943
4632.983,7.360583386683869,-3.422970901043537
4633.003,7.358291741411007,-3.421633179282426
4633.023,7.355875384403253,-3.420429983869435
4633.043,7.353437695211446,-3.419270186216038
4633.063,7.350979514302512,-3.4181544398742734
4633.083,7.348501637171614,-3.417083110327174
4633.103,7.346004866104456,-3.4160565459280265
4633.123,7.343490009899489,-3.415075080494923
4633.143,7.340957883512964,-3.4141390332112245
4633.163,7.338409307727945,-3.4132487085060617
4633.183,7.335845108837238,-3.412404395941904
4633.203,7.333266118335186,-3.411606370109222
4633.223,7.3306731726151355,-3.4108548905281175
4633.243,7.32806711267056,-3.410150201556835
4633.263,7.325448783798592,-3.409492532307076
4633.283,7.322819035305172,-3.4088820965660434
4633.303,7.320178720211368,-3.4083190927251197
4633.323,7.31752869496065,-3.4078037037150835
4633.343,7.314869819126925,-3.407336096947728
4633.363,7.312202955123331,-3.406916424263762
4633.383,7.309528967911713,-3.406544821886851
4633.403,7.306848724712839,-3.4062214103836572
4633.423,7.3041630947172855,-3.4059462946297465
4633.443,7.301472948797073,-3.4057195637812137
4633.463,7.298779159217975,-3.4055412912519185
4633.483,7.296082599352582,-3.4054115346961886
4633.503,7.293384143394033,-3.405330335996924
4633.523,7.290684666069285,-3.405297721633093
4633.543,7.287970344734535,-3.403424335623162
4633.563,7.28525266032235,-3.3982656467015033
4633.583,7.283146497779542,-3.391394389392372
4633.603,7.281771328014907,-3.3830651214900795
4633.623,7.281100000959656,-3.3733688846217147
4633.643,7.280581514595422,-3.3633814955016916
4633.663,7.280282969590621,-3.353036857464103
4633.683,7.279899989638923,-3.342602100027576
4633.703,7.279407608538525,-3.332595590681468
4633.723,7.278901927211781,-3.322607612814214
4633.743,7.2783922250777655,-3.312620933448359
4633.763,7.277882598633021,-3.302634268898779
4633.783,7.277372988307762,-3.2926476029790255
4633.803,7.276863393558641,-3.282660935458219
4633.823,7.276353814371833,-3.272674266289667
4633.843,7.2758442507397465,-3.262687595436377
4633.863,7.275334702656221,-3.252700922869535
4633.883,7.274825170116455,-3.242714248568814
4633.903,7.2743156531169335,-3.2327275725226197
4633.923,7.273806151655384,-3.222740894728246
4633.943,7.2732966657307,-3.2127542151919344
4633.963,7.272787195342873,-3.202767533928849
4633.983,7.272277740492905,-3.1927808509629534
4634.003,7.271768301182736,-3.182794166326806
4634.023,7.271258877415139,-3.172807480061263
4634.043,7.270749469193634,-3.162820792215093
4634.063,7.270240076522389,-3.152834102844523
4634.083,7.269730699406112,-3.1428474120126917
4634.103,7.269221337849957,-3.1328607197890506
4634.123,7.268711991859406,-3.1228740262486867
4634.143,7.268202661440177,-3.1128873314715957
4634.163,7.267693346598108,-3.1029006355418987
4634.183,7.267184047339065,-3.092913938547025
4634.203,7.266674763668829,-3.0829272405768484
4634.223,7.266165495593005,-3.0729405417228146
4634.243,7.265656243116924,-3.0629538420770372
4634.263,7.26514700624556,-3.0529671417313926
4634.283,7.264637784983444,-3.0429804407766206
4634.303,7.264128579334579,-3.0329937393014244
4634.323,7.263625999097728,-3.022999289868128
4634.343,7.263123742526999,-3.01300531034722
4634.363,7.262617985713525,-3.0030153278550933
4634.383,7.262115574223273,-2.9930228141574444
4634.403,7.261614324846875,-2.98302894778275
4634.423,7.26111348441916,-2.973035062260782
4634.443,7.260612849091944,-2.9630412112365057
4634.463,7.260105909518098,-2.953054419446594
4634.483,7.259598955298913,-2.9430676098309974
4634.503,7.25909201648376,-2.9330808000674167
4634.523,7.2585850933522735,-2.9230939903764774
4634.543,7.258078185897871,-2.913107180771795
4634.563,7.257571294110651,-2.903120371255536
4634.583,7.2570644179801995,-2.8931335618206435
4634.603,7.256558630988087,-2.883145494804726
4634.623,7.256057122457856,-2.873153834108451
4634.643,7.255555782013631,-2.8631608561560533
4634.663,7.255048952888893,-2.8531739606492597
4634.683,7.254544871685052,-2.843185085753655
4634.703,7.2540453247173,-2.8331886681655924
4634.723,7.253547346348372,-2.823196862990121
4634.743,7.253042407602006,-2.813210099340457
4634.763,7.252536634478055,-2.8032232447453143
4634.783,7.252030895063676,-2.7932363852540685
4634.803,7.251525171502588,-2.783249525134152
4634.823,7.251019463619442,-2.7732626643487537
4634.843,7.250513771393231,-2.763275802813122
4634.863,7.250010903554837,-2.753285303460895
4634.883,7.249512421029607,-2.743290671774701
4634.903,7.249011765311807,-2.733297921615273
4634.923,7.248512989363892,-2.7233062049364496
4634.943,7.248012780948911,-2.71331309483505
4634.963,7.24751482232903,-2.70331980302956
4634.983,7.247014416301034,-2.69332684615276
4635.003,7.246515406250047,-2.683333859661756
4635.023,7.246011175575209,-2.673346901245159
4635.043,7.245507090322941,-2.66335995449391
4635.063,7.2450030218256485,-2.6533730062947622
4635.083,7.244498968917628,-2.6433860564474063
4635.103,7.243994931580329,-2.633399104914607
4635.123,7.243490909807284,-2.623412151669112
4635.143,7.242986903593484,-2.6134251966922135
4635.163,7.242482912935222,-2.60343823997396
4635.183,7.241978937830042,-2.593451281513294
4635.203,7.24147497827665,-2.5834643213180994
4635.223,7.240971034274858,-2.5734773594051608
4635.243,7.240467105825482,-2.5634903958000286
4635.263,7.239963192930281,-2.5535034305367965
4635.283,7.2394592955918355,-2.5435164636577894
4635.303,7.2389554138134695,-2.5335294952131706
4635.323,7.238451547599151,-2.523542525260468
4635.343,7.237947696953384,-2.5135555538640224
4635.363,7.237443861881101,-2.503568581094374
4635.383,7.236940042387566,-2.4935816070275743
4635.403,7.236436238478267,-2.4835946317444524
4635.423,7.235932450158803,-2.473607655329826
4635.443,7.2354286774347925,-2.463620677871673
4635.463,7.234924920311766,-2.4536336994602705
4635.483,7.2344211787950705,-2.4436467201873135
4635.503,7.2339174528897745,-2.4336597401450106
4635.523,7.233413742600583,-2.4236727594251795
4635.543,7.232910047931753,-2.4136857781183463
4635.563,7.232406368887018,-2.403698796312851
4635.583,7.231902705469517,-2.3937118140939813
4635.603,7.2314071144028915,-2.383715104525489
4635.623,7.230910538425374,-2.3737209559029573
4635.643,7.230412763358994,-2.36372864330248
4635.663,7.229916908155353,-2.353733886190723
4635.683,7.229418007656532,-2.3437433262273055
4635.703,7.2289211921322245,-2.3337514632469425
4635.723,7.228419418440103,-2.323764394220496
4635.743,7.227917655526241,-2.313777322251765
4635.763,7.227415908264174,-2.303790250316082
4635.783,7.226914176692109,-2.293803178465792
4635.803,7.226412460801115,-2.2838161067110634
4635.823,7.2261206050051126,-2.274404892224393
4635.843,7.22604467170524,-2.2663907263893073
4635.863,7.226012822857097,-2.260083338811361
4635.883,7.2260283144099136,-2.2554801031397282
4635.903,7.226392273043786,-2.2517611528029358
4635.923,7.227217762877846,-2.24872587886007
4635.943,7.2285198117856915,-2.2463607154944185
4635.963,7.230267879693275,-2.244763507055298
4635.983,7.232453753522746,-2.2438613973407766
4636.003,7.235048274546765,-2.243701229267441
4636.023,7.237744504588273,-2.2437490569527268
4636.043,7.240519146031033,-2.2419463257085184
4636.063,7.2434080118344255,-2.2368651745818338
4636.083,7.245741731721099,-2.230056931150932
4636.103,7.247395806152749,-2.2217653552995364
4636.123,7.248463013199422,-2.2121245612992375
4636.143,7.249325423586856,-2.202160757495218
4636.163,7.249996182554625,-2.191876551577827
4636.183,7.250588381423983,-2.1814344593931185
4636.203,7.251391893440058,-2.1714111866507486
4636.223,7.2522365895462935,-2.161446064987311
4636.243,7.253084278109165,-2.1514824029521136
4636.263,7.253931447997888,-2.1415179267824294
4636.283,7.254778299460445,-2.131554223249974
4636.303,7.255622148408624,-2.1215863315591186
4636.323,7.256459180126801,-2.1116076750022343
4636.343,7.25730454660067,-2.1016429515349206
4636.363,7.25814374416887,-2.091667358757879
4636.383,7.258712971141854,-2.0822707001997065
4636.403,7.258927230684583,-2.074239919463838
4636.423,7.25905266904451,-2.0679366722718804
4636.443,7.259101319871311,-2.063357936137483
4636.463,7.258834733195271,-2.0595885661552416
4636.483,7.258046567883286,-2.0563739027151335
4636.503,7.256767553231982,-2.053712775413415
4636.523,7.25500327875918,-2.0515992695714482
4636.543,7.252769746592291,-2.050061296977683
4636.563,7.250098214097587,-2.0491069745482617
4636.583,7.247289590809932,-2.048886240468921
4636.603,7.244593428776289,-2.048903797872697
4636.623,7.241898110572267,-2.048966740221475
4636.643,7.239204210154795,-2.049080154570041
4636.663,7.236513580352107,-2.0492399582977816
4636.683,7.233826571474873,-2.0494482707579467
4636.703,7.231143757607403,-2.049706903133514
4636.723,7.228466621937767,-2.0500117186621316
4636.743,7.225795436239662,-2.0503647613872267
4636.763,7.223131077659819,-2.050767829075154
4636.783,7.220474932491504,-2.0512167371705017
4636.803,7.217827321231923,-2.051713484729157
4636.823,7.215189126611066,-2.052259807750443
4636.843,7.212561653021142,-2.0528514983112593
4636.863,7.20994525886208,-2.0534905148984657
4636.883,7.20734085415859,-2.0541785166837365
4636.903,7.204749649291891,-2.0549112828792344
4636.923,7.202172039568416,-2.0556907238925146
4636.943,7.199608959883303,-2.0565184194629262
4636.963,7.197060280256309,-2.0573979751456846
4636.983,7.194526541349667,-2.058329315153248
4637.003,7.1920099705677805,-2.059306106199065
4637.023,7.189511397020924,-2.0603280277970843
4637.043,7.187031629506448,-2.061394748382735
4637.063,7.184571470507696,-2.0625059219848074
4637.083,7.182131716073487,-2.0636611883111287
4637.103,7.1797131555705835,-2.0648601728702953
4637.123,7.177316571437419,-2.066102487097627
4637.143,7.174942738940284,-2.0673877284849462
4637.163,7.172592425932141,-2.068715480714067
4637.183,7.170266392614169,-2.070085313793894
4637.203,7.167965391300067,-2.071496784201009
4637.223,7.165690166183192,-2.0729494350236135
4637.243,7.163441453106628,-2.0744427961087415
4637.263,7.161219979336144,-2.0759763842125802
4637.283,7.159026463336082,-2.0775497031538275
4637.303,7.156861614548191,-2.079162243969979
4637.323,7.154726133173307,-2.080813485076454
4637.343,7.1526207099559,-2.082502892428506
4637.363,7.150546025971354,-2.0842299196858964
4637.383,7.148502752415946,-2.085994008380288
4637.403,7.145233145846361,-2.086395340042376
4637.423,7.139782477664947,-2.0843370088304995
4637.443,7.13365294048314,-2.0805899306828928
4637.463,7.127104805017828,-2.0752665400770947
4637.483,7.120177747850599,-2.0684518771515044
4637.503,7.1131717893493605,-2.0613153406805007
4637.523,7.105989321454222,-2.0539946915433465
4637.543,7.0987090837662885,-2.046572008215728
4637.563,7.091680931828075,-2.0394128021396125
4637.583,7.084673299140506,-2.0322751402449364
4637.603,7.077664734314059,-2.0251364438866184
4637.623,7.070656914818088,-2.017998545726037
4637.643,7.063649091368158,-2.0108606383274097
4637.663,7.056640682645983,-2.0037221138823225
4637.683,7.049632928794281,-1.9965842756861032
4637.703,7.042625151956253,-1.9894463823222133
4637.723,7.035616783325534,-1.9823078365651157
4637.743,7.028609080485291,-1.9751699595983574
4637.763,7.021601370635695,-1.9680320108499734
4637.783,7.0145930878811535,-1.960893392707608
4637.803,7.00758548648489,-1.9537554289041092
4637.823,7.00057790046126,-1.946617375680674
4637.843,6.993569768030769,-1.9394786354699183
4637.863,6.9865623368016125,-1.9323405338260773
4637.883,6.979554961410136,-1.9252023205149529
4637.903,6.973033542039865,-1.918550081444628
4637.923,6.967772399895692,-1.9131602075977983
4637.943,6.963983252349345,-1.9092480345263438
4637.963,6.961534447918432,-1.9062509724480123
4637.983,6.960273478676642,-1.9035664038929108
4638.003,6.96005463968188,-1.9011462159866188
4638.023,6.960833856471975,-1.898976569118228
4638.043,6.962575134729158,-1.897088310035093
4638.063,6.964610123855397,-1.8953139036895532
4638.083,6.9666765295051425,-1.893576743444689
4638.103,6.968773872673942,-1.891877048420588
4638.123,6.9709014764335,-1.890215366166596
4638.143,6.9730586523898275,-1.8885922353196436
4638.163,6.975244702449251,-1.887008182181829
4638.183,6.9774589190476455,-1.8854637205093185
4638.203,6.979700585371984,-1.8839593513349933
4638.223,6.981968975586849,-1.8824955627941815
4638.243,6.98426335506606,-1.8810728299534687
4638.263,6.986582980629359,-1.8796916146429217
4638.283,6.988927100784073,-1.8783523652920506
4638.303,6.991294955971595,-1.877055516769872
4638.323,6.993685778818502,-1.875801490229398
4638.343,6.996098794392018,-1.8745906929568958
4638.363,6.9985332204595805,-1.8734235182262173
4638.383,7.000988267752151,-1.8723003451584834
4638.403,7.003463140230937,-1.8712215385873612
4638.423,7.0059570353571825,-1.8701874489301547
4638.443,7.0084691443646205,-1.8691984120648697
4638.463,7.0109986525342896,-1.8682547492133728
4638.483,7.013544739471293,-1.8673567668307387
4638.503,7.016106579383249,-1.8665047565008315
4638.523,7.018683341360085,-1.8656989948381155
4638.543,7.02127418965491,-1.8649397433956938
4638.563,7.0238782839657095,-1.864227248579506
4638.583,7.026494779717695,-1.8635617415686307
4638.603,7.029122828346079,-1.8629434382415906
4638.623,7.031761577579168,-1.8623725391085646
4638.643,7.034410171721629,-1.8618492292494095
4638.663,7.037067751937849,-1.8613736782573682
4638.683,7.039733456535327,-1.860946040188362
4638.703,7.042406421248024,-1.8605664535157709
4638.723,7.045085779519657,-1.8602350410905921
4638.743,7.04777066278692,-1.8599519101069004
4638.763,7.050460200762572,-1.8597171520725275
4638.783,7.053153521718449,-1.8595308427848907
4638.803,7.055849752768319,-1.8593930423119256
4638.823,7.058548020150635,-1.8593037949780642
4638.843,7.06124744951112,-1.85926312935523
4638.863,7.063944708464704,-1.8592662437312037
4638.883,7.066639491085583,-1.8593084822431631
4638.903,7.069333505617306,-1.8593991719802692
4638.923,7.072025502673769,-1.8595403090639322
4638.943,7.0747138483492575,-1.8597277630206115
4638.963,7.077398277516301,-1.859963688217537
4638.983,7.080078073951774,-1.8602498686069253
4639.003,7.08275168014528,-1.8605821300843617
4639.023,7.085418790355319,-1.8609625983337414
4639.043,7.088391917835594,-1.8595238086818147
4639.063,7.091887241323924,-1.8548436391964451
4639.083,7.095047976491331,-1.8483777685273375
4639.103,7.097716850830457,-1.8403564459172286
4639.123,7.099908182048046,-1.8308791720177513
4639.143,7.101997092364496,-1.8210985730087734
4639.163,7.103983495785633,-1.8110570011753642
4639.183,7.105857829974062,-1.800674861435836
4639.203,7.107895433017539,-1.7908657243082493
4639.223,7.109966714205452,-1.7810750697440085
4639.243,7.112039858240381,-1.7712868382079385
4639.263,7.114113044708779,-1.7614985645559091
4639.283,7.116186031570317,-1.7517102439396803
4639.303,7.118258781719941,-1.741921872954
4639.323,7.12033129001969,-1.7321334511536335
4639.343,7.1224035561624595,-1.7223449786729363
4639.363,7.124475580443,-1.712556455756116
4639.383,7.1265473632066065,-1.7027678826868315
4639.403,7.12861890476429,-1.692979259759178
4639.423,7.130690205546115,-1.6831905873036543
4639.443,7.132761265961011,-1.6734018657149807
4639.463,7.134832086298726,-1.6636130953026962
4639.483,7.1369026665630555,-1.653824276119717
4639.503,7.138973007261605,-1.6440354084095163
4639.523,7.1410431091907665,-1.6342464926848874
4639.543,7.143112973463822,-1.6244575300557351
4639.563,7.14518260008105,-1.6146685205202282
4639.583,7.147251991437345,-1.604879465743095
4639.603,7.149322204546972,-1.5950929143252957
4639.623,7.151393622060908,-1.5853101888620358
4639.643,7.153464966730129,-1.5755274488949838
4639.663,7.155536296893512,-1.5657447062931436
4639.683,7.157607613156055,-1.555961961138985
4639.703,7.159678915592729,-1.5461792133968941
4639.723,7.161750204271817,-1.536396463025709
4639.743,7.16382147925935,-1.5266137099803188
4639.763,7.16589210837914,-1.5168302152934316
4639.783,7.167963068757334,-1.5070473731273513
4639.803,7.170033982340309,-1.4972639057242914
4639.823,7.172101380780372,-1.487469966224475
4639.843,7.174170093814337,-1.4776835046199883
4639.863,7.176238490490532,-1.4678948601036546
4639.883,7.178306934131554,-1.4581061731075409
4639.903,7.180375187139657,-1.4483174425024825
4639.923,7.182443227066103,-1.4385286660955423
4639.943,7.1845110508260035,-1.4287398435215648
4639.963,7.186578657937513,-1.4189509747196052
4639.983,7.188646048297274,-1.4091620596894687
4640.003,7.1907132218690215,-1.3993730984536001
4640.023,7.192780178636187,-1.38958409104848
4640.043,7.194846918591952,-1.3797950375207637
4640.063,7.196915617225478,-1.3700116608471717
4640.083,7.198984247096024,-1.3602283300634654
4640.103,7.201052805194208,-1.3504449966612322
4640.123,7.203121375116099,-1.3406616653170245
4640.143,7.205189934045388,-1.33087833061739
4640.163,7.207258479452508,-1.321094992327581
4640.183,7.209327011287806,-1.3113116504543947
4640.203,7.211395529519257,-1.3015283050119293
4640.223,7.213464034111827,-1.2917449560200036
4640.243,7.215532525027816,-1.2819616035040193
4640.263,7.2176010022273855,-1.272178247494764
4640.283,7.21966946566911,-1.2623948880281632
4640.303,7.221737915310534,-1.2526115251449743
4640.323,7.223806351108734,-1.2428281588904333
4640.343,7.225874773020878,-1.2330447893138488
4640.363,7.227943181004762,-1.2232614164681561
4640.383,7.230011575019362,-1.2134780404094336
4640.403,7.232079955025347,-1.2036946611963826
4640.423,7.234148320985579,-1.19391127888978
4640.443,7.236216672865571,-1.1841278935519102
4640.463,7.238285010633935,-1.1743445052459744
4640.483,7.2403533342627835,-1.1645611140354966
4640.503,7.242421643728085,-1.1547777199837181
4640.523,7.244489939009994,-1.144994323152997
4640.543,7.24655822009311,-1.1352109236042118
4640.563,7.24862648696671,-1.125427521396181
4640.583,7.250692980759731,-1.1156417927292435
4640.603,7.252278426806907,-1.106412329085466
4640.623,7.2533153430241954,-1.09853643371823
4640.643,7.253966346501426,-1.092364264579709
4640.663,7.254327970399806,-1.0879452321850431
4640.683,7.254249290890074,-1.0844568197551845
4640.703,7.253565288161684,-1.0814511443646984
4640.723,7.252292253774372,-1.0789597713493442
4640.743,7.250442550181873,-1.0769930194252766
4640.763,7.248025998504611,-1.0755668410322103
4640.783,7.2452130606821585,-1.0747204042934646
4640.803,7.242497107559785,-1.0743209570322738
4640.823,7.239811937560154,-1.074040866656135
4640.843,7.237122069224089,-1.0738091396754341
4640.863,7.234428480480043,-1.0736258684932167
4640.883,7.2317320445555975,-1.0734911118473196
4640.903,7.229033634633028,-1.0734049126203744
4640.923,7.226334124471183,-1.0733672979899234
4640.943,7.223637845008376,-1.07337157410868
4640.963,7.220898707477347,-1.0715249456248992
4640.983,7.218103866297497,-1.0663958937850193
4641.003,7.215894216429703,-1.0595471292932366
4641.023,7.21439258489779,-1.0512286706702254
4641.043,7.213571142212069,-1.041536797590119
4641.063,7.2128940908201225,-1.0315585563011143
4641.083,7.212386653262544,-1.0213121401913066
4641.103,7.211979994297751,-1.010729561552969
4641.123,7.2113437711306085,-1.000717722081681
4641.143,7.210678999210142,-0.990739453806359
4641.163,7.210014143863134,-0.9807619183371937
4641.183,7.209349303541369,-0.9707843846910388
4641.203,7.208684478784188,-0.9608068508424769
4641.223,7.208019669571645,-0.9508293167460372
4641.243,7.207354875880295,-0.9408517823691792
4641.263,7.206690097686648,-0.9308742476713309
4641.283,7.206025334967276,-0.9208967126041102
4641.303,7.205360603828537,-0.9109191719760803
4641.323,7.2047029392803195,-0.9009347563435207
4641.343,7.204046513039972,-0.8909479888185697
4641.363,7.20338739637476,-0.8809638729042895
4641.383,7.202728115050183,-0.8709826801029318
4641.403,7.202262724547306,-0.8615374721147497
4641.423,7.2021408507779245,-0.8534834191678798
4641.443,7.202133180845863,-0.8471335660022574
4641.463,7.202165629955803,-0.8425112125865467
4641.483,7.202497958885876,-0.8388129684934844
4641.503,7.203305489346966,-0.8358310994694005
4641.523,7.204612113685767,-0.833507554646986
4641.543,7.206374480860873,-0.8318349389398683
4641.563,7.20855054737437,-0.8308836693512999
4641.583,7.211146528627087,-0.8307296495514652
4641.603,7.213875475223596,-0.8307939726547806
4641.623,7.216574131120271,-0.8308606481583048
4641.643,7.21927131116877,-0.8309759131284383
4641.663,7.221965971417157,-0.8311397066510081
4641.683,7.224657236764101,-0.8313519749376802
4641.703,7.227344234690465,-0.8316126486138783
4641.723,7.230026094184369,-0.831921642581311
4641.743,7.2327019460118915,-0.8322788560521812
4641.763,7.23537092299737,-0.832684172590137
4641.783,7.23803216030262,-0.8331374601561125
4641.803,7.2406847957049605,-0.8336385711590136
4641.823,7.243327969874033,-0.8341873425112291
4641.843,7.245960826647379,-0.8347835956889434
4641.863,7.248582513304736,-0.83542713679724
4641.883,7.251192180840989,-0.8361177566399778
4641.903,7.253788984237714,-0.8368552307944237
4641.923,7.256372082733227,-0.8376393196906207
4641.943,7.25894064009107,-0.8384697686954644
4641.963,7.2614938248667995,-0.839346308201462
4641.983,7.264030810673022,-0.8402686537201295
4642.003,7.266550776442528,-0.8412365059799831
4642.023,7.269052906689437,-0.8422495510290677
4642.043,7.271536391768211,-0.8433074603419575
4642.063,7.274000428130452,-0.8444098909311535
4642.083,7.276444218579329,-0.8455564854627909
4642.103,7.278866972521556,-0.8467468723765572
4642.123,7.28126790621679,-0.8479806660097221
4642.143,7.283646243024343,-0.8492574667251575
4642.163,7.286001213647135,-0.8505768610432305
4642.183,7.288332056372784,-0.8519384217774402
4642.203,7.2906380173117835,-0.853341708173665
4642.223,7.292918350632687,-0.854786266052894
4642.243,7.29476952803616,-0.8557234645304435
4642.263,7.295832691547048,-0.8555342449347056
4642.283,7.296225421863363,-0.8543928742318957
4642.303,7.295675676264717,-0.8523975841227939
4642.323,7.294135590875876,-0.8505816007793591
4642.343,7.291880433378007,-0.849148069480063
4642.363,7.289552471605988,-0.847781048455003
4642.383,7.287200304282016,-0.8464561727473897
4642.403,7.284824660344457,-0.8451738380570128
4642.423,7.282426309024846,-0.8439344604851795
4642.443,7.280006027338772,-0.8427384425844445
4642.463,7.277564599555252,-0.8415861728916177
4642.483,7.275102816931949,-0.84047802578243
4642.503,7.2726214774486575,-0.8394143613346504
4642.523,7.270121385537122,-0.8383955251969127
4642.543,7.267603351807579,-0.8374218484634662
4642.563,7.2650681927724285,-0.8364936475550527
4642.583,7.262516730567459,-0.835611224106066
4642.603,7.259949792670966,-0.8347748648580956
4642.623,7.257368211621182,-0.8339848415599249
4642.643,7.254772824732371,-0.8332414108740008
4642.663,7.252164473809848,-0.8325448142893636
4642.683,7.249544004864263,-0.831895278040986
4642.703,7.246912267825358,-0.8312930130354552
4642.723,7.244270116255437,-0.8307382147828973
4642.743,7.24161840706269,-0.8302310633350426
4642.763,7.238958000214542,-0.8297717232293121
4642.783,7.236289758451142,-0.8293603434388005
4642.803,7.233614546999038,-0.8289970573280377
4642.823,7.23093323328515,-0.8286819826144053
4642.843,7.228246686651069,-0.8284152213350985
4642.863,7.225555778067696,-0.8281968598195238
4642.883,7.2228613798502685,-0.8280269686670405
4642.903,7.220244893969914,-0.8260254190496708
4642.923,7.2177917061262,-0.820740759759405
4642.943,7.2160356661185,-0.8137749524345831
4642.963,7.215083821859322,-0.8053902415156194
4642.983,7.214905141244747,-0.7956748555418315
4643.003,7.214895337228274,-0.7856740012572874
4643.023,7.214890111255655,-0.7753217465748745
4643.043,7.214889009594553,-0.7648557993994007
4643.063,7.214886000067962,-0.7547839795851791
4643.083,7.214866397599886,-0.744763956587287
4643.103,7.21485992067641,-0.734760019367251
4643.123,7.214853272765252,-0.7247592107737165
4643.143,7.214846130200922,-0.7147594299392348
4643.163,7.2148385622323445,-0.7047580800270519
4643.183,7.214830590539876,-0.6947579327965172
4643.203,7.214823099903049,-0.6847543764365042
4643.223,7.214815885534125,-0.6747543143645609
4643.243,7.2148066416432535,-0.6647538504084808
4643.263,7.214800300542574,-0.6547544496147693
4643.283,7.214793249946813,-0.6447539822041066
4643.303,7.214786092765694,-0.6347533930751695
4643.323,7.214779105083759,-0.6247533955458685
4643.343,7.214770788271418,-0.614745934195046
4643.363,7.214763725368318,-0.6047407437043926
4643.383,7.21475486679703,-0.5947410592114841
4643.403,7.2147459920672325,-0.5847413807971547
4643.423,7.214737142629726,-0.5747417016513066
4643.443,7.214728318406377,-0.5647420217546156
4643.463,7.214719519418921,-0.5547423411697265
4643.483,7.214710745690894,-0.5447426599662863
4643.503,7.214701997246351,-0.5347429782194875
4643.523,7.214693274109956,-0.5247432960093332
4643.543,7.21468457630707,-0.5147436134198595
4643.563,7.2146759038638555,-0.5047439305383179
4643.583,7.214667256807342,-0.4947442474543232
4643.603,7.214658635165528,-0.48474456425897755
4643.623,7.2146500389997135,-0.4747448810440406
4643.643,7.214641468401656,-0.46474519790095536
4643.663,7.214632981527479,-0.4547419274537791
4643.683,7.214624456372692,-0.4447383443462281
4643.703,7.214617080565931,-0.43473412893877267
4643.723,7.2146091120754186,-0.4247297243506384
4643.743,7.214601613240403,-0.4147250161191281
4643.763,7.214593804185434,-0.4047206159714287
4643.783,7.214586400795216,-0.394716492323331
4643.803,7.214579188330544,-0.3847117354483015
4643.823,7.214572624822805,-0.37470827287774766
4643.843,7.2145656636698545,-0.36470374072187783
4643.863,7.2145585913587365,-0.354699437250609
4643.883,7.214551928774287,-0.34469470403638425
4643.903,7.214546411362789,-0.3346917105343317
4643.923,7.214540019541535,-0.3246916231292311
4643.943,7.214533545925571,-0.31469156970335477
4643.963,7.214528716479463,-0.3046914468945021
4643.983,7.214522083141161,-0.29468768635651826
4644.003,7.214516083676835,-0.2846846285849969
4644.023,7.2145104839113,-0.2746777168518847
4644.043,7.214506060399235,-0.2646734481729999
4644.063,7.214499878260478,-0.2546676265757389
4644.083,7.2144947556424865,-0.24466299689176801
4644.103,7.21448973206073,-0.23465865582188059
4644.123,7.2144853567475975,-0.22465627197551216
4644.143,7.214481810921193,-0.21465440203555805
4644.163,7.214477617362454,-0.20464971656315156
4644.183,7.214473463630311,-0.19464744949007282
4644.203,7.21447006386533,-0.18464467359646528
4644.223,7.214465232394768,-0.1746415608649149
4644.243,7.214460713922512,-0.16464232087193695
4644.263,7.214456559188187,-0.154642945940207
4644.283,7.214452027442984,-0.14464325245306248
4644.303,7.214447011275545,-0.13464373111654565
4644.323,7.214442056591647,-0.12464136329444384
4644.343,7.2144379420227,-0.11463904049220142
4644.363,7.214432006323607,-0.1046313222306285
4644.383,7.2144276975860455,-0.09462751136752584
4644.403,7.214423216949565,-0.08461435274907406
4644.423,7.214421406558407,-0.07461245175505013
4644.443,7.214416812628237,-0.06461307142287481
4644.463,7.214412638658082,-0.05461299786006562
4644.483,7.214408631813705,-0.04461368513103865
4644.503,7.214404572251691,-0.034613591237241906
4644.523,7.214399192935701,-0.024611885428701335
4644.543,7.214395465209134,-0.01458911878484222
4644.563,7.214392296764349,-0.004589342237573232
4644.583,7.214385922379291,0.005414878037497427
4644.603,7.214382026624214,0.015417530776075009
4644.623,7.214375621926091,0.025420673155672417
4644.643,7.2143710821115805,0.035424423202762054
4644.663,7.214365313989562,0.04542519615241885
4644.683,7.214361205720639,0.055438336495186105
4644.703,7.214356068194349,0.06544094849398002
4644.723,7.214351157103718,0.07544218090403527
4644.743,7.214345980806475,0.08544617324368475
4644.763,7.2143398759266795,0.09544968356206916
4644.783,7.214334746178346,0.10545344322032635
4644.803,7.214329446138696,0.11545617283816254
4644.823,7.214323785534813,0.12545889867617113
4644.843,7.214318423251944,0.13546347416959886
4644.863,7.214313475104431,0.1454668809361532
4644.883,7.2143081379162926,0.15546952813717924
4644.903,7.214302075902933,0.1654729940358597
4644.923,7.214297107307391,0.17547676812607474
4644.943,7.214291956343627,0.18547949567743438
4644.963,7.214286475170798,0.19548219717013596
4644.983,7.214281317290618,0.2054867358882092
4645.003,7.214276583016732,0.2154900935448062
4645.023,7.21427145923875,0.2254926687239954
4645.043,7.214266557995871,0.23550245213360854
4645.063,7.21426095247277,0.24550592201050173
4645.083,7.214256468505885,0.2555093006829706
4645.103,7.214251155579063,0.26551318434216825
4645.123,7.214246767363502,0.2755169511993897
4645.143,7.214241258790041,0.2855207945623562
4645.163,7.214237460353121,0.29552184303353474
4645.183,7.2142340469549895,0.3055218647620369
4645.203,7.214229612877241,0.31552369520338813
4645.223,7.214225958774262,0.32552349138715586
4645.243,7.2142224357962785,0.33552859078573105
4645.263,7.214218946772111,0.34552889454374175
4645.283,7.214215094296409,0.35553571957271
4645.303,7.214211061614313,0.36553896618016596
4645.323,7.214207582674433,0.3755455534180181
4645.343,7.214204370238934,0.38555326731882644
4645.363,7.214201062282214,0.39555747689601783
4645.383,7.21419790447253,0.4055587519293221
4645.403,7.214195432465229,0.4155633307012237
4645.423,7.214193269110071,0.42556661705257115
4645.443,7.214192247017539,0.4355691278810794
4645.463,7.214189393440517,0.4455719921163174
4645.483,7.214186535155789,0.4555760024813527
4645.503,7.214186161634588,0.465577048071994
4645.523,7.214183448600118,0.47557991715456505
4645.543,7.214181135453615,0.4855790939113768
4645.563,7.214178892590556,0.49558529789699196
4645.583,7.2141781402600715,0.5055867011855604
4645.603,7.214176410578057,0.5155892814231856
4645.623,7.214174817005438,0.5255935929918031
4645.643,7.21417368004026,0.5355952627764853
4645.663,7.214170890085356,0.5456019994408875
4645.683,7.214170328450767,0.555078802066426
4645.703,7.214170069533297,0.563160520802341
4645.723,7.214170222696579,0.5695345038050768
4645.743,7.214129458207947,0.574230788153807
4645.763,7.213740385001296,0.5780908858759213
4645.783,7.212927131031542,0.5812139890990443
4645.803,7.211673766820571,0.5835860923273446
4645.823,7.209992557189005,0.585232200386943
4645.843,7.207888035906088,0.5862369447821274
4645.863,7.205408537731589,0.5865108532447214
4645.883,7.202586877817625,0.5865440739985043
4645.903,7.199660404095376,0.5866728661128429
4645.923,7.196711408953171,0.5867919244559705
4645.943,7.193798282324379,0.586793607010476
4645.963,7.190894950439115,0.5867219700916065
4645.983,7.188027000551999,0.5865378624061706
4646.003,7.185254012258986,0.5861890642390085
4646.023,7.182523053597481,0.5857393743949272
4646.043,7.179850078738659,0.5852140329521917
4646.063,7.176952504044212,0.5848841309394422
4646.083,7.174224307476414,0.5843082596452702
4646.103,7.171482428067663,0.5837345705569887
4646.123,7.168784451472678,0.583092337826212
4646.143,7.166117969161128,0.5823610006767432
4646.163,7.163462024009511,0.5816106907798956
4646.183,7.1606330356843975,0.5809819020442482
4646.203,7.1577023207272354,0.5803224006565957
4646.223,7.15486982996966,0.5795694285965705
4646.243,7.152118489821421,0.5787043310868172
4646.263,7.149363141081957,0.5778125016845458
4646.283,7.146605631145989,0.5768856068163184
4646.303,7.143969344179091,0.5758181049772779
4646.323,7.141315806958985,0.5747247009557411
4646.343,7.138775746902576,0.5735332270786214
4646.363,7.136142780261673,0.5723808463095769
4646.383,7.133500246220498,0.5711936706249449
4646.403,7.130987469218389,0.5698866948551123
4646.423,7.128420149913621,0.5685836618123882
4646.443,7.125974598179609,0.5672002614865027
4646.463,7.1235471186974495,0.5657270777229552
4646.483,7.121348845176569,0.564131451442027
4646.503,7.119220922432506,0.5624704765771479
4646.523,7.1171231826334,0.5607714613886636
4646.543,7.115056359601633,0.5590349701718368
4646.563,7.1130211220269866,0.557261564685197
4646.583,7.111018127977906,0.5554518184691215
4646.603,7.109048025163023,0.5536063167633622
4646.623,7.107111450736952,0.5517256563313315
4646.643,7.105209031104415,0.5498104452812445
4646.663,7.103341381726365,0.5478613028844012
4646.683,7.1015091069280984,0.5458788593904386
4646.703,7.099712799709228,0.5438637558393562
4646.723,7.097953041555488,0.5418166438700995
4646.743,7.0962304022523375,0.5397381855254599
4646.763,7.094545439700369,0.5376290530530642
4646.783,7.09289869973259,0.5354899287022119
4646.803,7.091290715933625,0.5333215045163413
4646.823,7.089722009461026,0.5311244821209286
4646.843,7.088193088868833,0.5288995725066474
4646.863,7.086704449933617,0.5266474958076705
4646.883,7.085256575483274,0.5243689810750277
4646.903,7.083849935228825,0.5220647660449969
4646.923,7.082484985599574,0.5197355969025547
4646.943,7.081162169581932,0.5173822280399691
4646.963,7.079881916562197,0.5150054218106757
4646.983,7.0786446421737255,0.5126059482786214
4647.003,7.077450748148691,0.5101845849633138
4647.023,7.076300622174831,0.5077421165808561
4647.043,7.075194637757396,0.5052793347812604
4647.063,7.074133154086554,0.50279703788238
4647.083,7.073116515910502,0.5002960306007933
4647.103,7.072145053414377,0.497777123779995
4647.123,7.071219082105177,0.4952411341162275
4647.143,7.070338902702719,0.49268888388229126
4647.163,7.069504801036721,0.49012120064964254
4647.183,7.068717047950045,0.4875389170090853
4647.203,7.0679758992080295,0.48494287029029315
4647.223,7.067281595413953,0.48233390228043566
4647.243,7.066634361930508,0.4797128589420813
4647.263,7.066034408807248,0.47708059013057647
4647.283,7.065481930713908,0.4744379493110367
4647.303,7.064977106879506,0.4717857932750838
4647.323,7.064520101037141,0.46912498185740414
4647.343,7.0641110613743585,0.4664563776522339
4647.363,7.063750120489047,0.46378084572980355
4647.383,7.063437395350715,0.46109925335280205
4647.403,7.063172987267118,0.45841246969288835
4647.423,7.06295698185613,0.45572136554727816
4647.443,7.062789449022823,0.4530268130554324
4647.463,7.062670442941682,0.4503296854158572
4647.483,7.062600002043928,0.4476308566030489
4647.503,7.060696274312961,0.4449424038068447
4647.523,7.05550563486955,0.4422960832810138
4647.543,7.04860930120379,0.44028445579993525
4647.563,7.040265389331294,0.43902416982393694
4647.583,7.030563202833879,0.4384874575838187
4647.603,7.020569493185351,0.4381090149298948
4647.623,7.010223872311434,0.4379107785447193
4647.643,6.999812335351906,0.4376155049186032
4647.663,6.989798884295646,0.4372612260351417
4647.683,6.979800450147623,0.4368962302864546
4647.703,6.969801289349634,0.4365315250945638
4647.723,6.959800955467978,0.4361685170651185
4647.743,6.94980122524301,0.4358046835988442
4647.763,6.939802050388314,0.4354414755703449
4647.783,6.92980378520212,0.43507751401234124
4647.803,6.919800387953933,0.4347187777726081
4647.823,6.909805298501407,0.43435110502303503
4647.843,6.899812456369153,0.4339817038291439
4647.863,6.8898196145631765,0.43361232497473323
4647.883,6.879820162783877,0.4332504818334186
4647.903,6.869823528270803,0.43288665606182547
4647.923,6.85982562654229,0.43252411869673135
4647.943,6.84982841060602,0.432159287859108
4647.963,6.8398292352859436,0.431796221681548
4647.983,6.829828720268493,0.43143665252898133
4648.003,6.819827510605714,0.43107649250716257
4648.023,6.8098290122182235,0.4307155405825234
4648.043,6.799834255924565,0.43034960173069114
4648.063,6.78984115980739,0.42998236527202294
4648.083,6.779848065718055,0.4296151609394113
4648.103,6.769851482384456,0.4292503046927063
4648.123,6.75985411938188,0.4288867637361629
4648.143,6.749854187018176,0.4285242167920913
4648.163,6.739854225961598,0.4281617698469025
4648.183,6.729854252476767,0.42779959499971715
4648.203,6.71985426879487,0.42743770916117735
4648.223,6.709854277394597,0.4270761117198976
4648.243,6.6998542819827405,0.42671479744616864
4648.263,6.689854291373569,0.42635374959185407
4648.283,6.679857735564485,0.42599076371010586
4648.303,6.6698647133279305,0.4256260152262422
4648.323,6.659871691791184,0.4252613253832576
4648.343,6.649878669228236,0.42489665163676626
4648.363,6.639885645631457,0.4245319936374487
4648.383,6.629892621018384,0.424167351426254
4648.403,6.619899595412281,0.423802725048877
4648.423,6.609906568841642,0.423438114551601
4648.443,6.599913541339854,0.42307351998072984
4648.463,6.589920512944799,0.4227089413820555
4648.483,6.579927483698416,0.4223443788003434
4648.503,6.569934453646252,0.4219798322788229
4648.523,6.559941422836952,0.4216153018586991
4648.543,6.549948391321723,0.4212507875786864
4648.563,6.539955359153793,0.4208862894745758
4648.583,6.52996232638783,0.4205218075788277
4648.603,6.520558854181941,0.4203258391639503
4648.623,6.512559573086541,0.42024054854066917
4648.643,6.5062636390176145,0.42022682482990176
4648.663,6.5015842156018655,0.4201910351800224
4648.683,6.4977706786603315,0.4198213029702041
4648.703,6.494673438408913,0.4190525242138162
4648.723,6.492238211157714,0.41786089799355275
4648.743,6.490563673258048,0.41626288886363666
4648.763,6.4895864506331895,0.4142070153462742
4648.783,6.4893898645385395,0.41177960536477426
4648.803,6.489650356263322,0.4091029561805479
4648.823,6.489961198379561,0.4064273288535481
4648.843,6.490319940078968,0.4037570044394315
4648.863,6.4907286844794365,0.40109347540060225
4648.883,6.491183217052733,0.3984382976095767
4648.903,6.491685618020587,0.39579179315499496
4648.923,6.492237553122297,0.3931547349065722
4648.943,6.4928348030060565,0.3905285268418338
4648.963,6.493479393782559,0.38791353657431216
4648.983,6.494172928361706,0.38531057078266673
4649.003,6.4949111723644,0.3827209263961743
4649.023,6.495696094753798,0.38014501556025554
4649.043,6.496529229277016,0.3775836713582542
4649.063,6.497406337432372,0.3750380864451873
4649.083,6.498337078566649,0.37250765150130194
4649.103,6.499319204376493,0.369993136610847
4649.123,6.500346428454644,0.36749669448467026
4649.143,6.501418413120867,0.36501914984937045
4649.163,6.502534810910767,0.3625613046557146
4649.183,6.503695260092363,0.36012395425851096
4649.203,6.504899384744363,0.35770788731957104
4649.223,6.50614679488089,0.3553138855628754
4649.243,6.5074370865803965,0.35294272353087297
4649.263,6.5087698421181965,0.3505951683434154
4649.283,6.51014463010255,0.3482719794593962
4649.303,6.5115610056141655,0.34597390844114734
4649.323,6.5130185103489975,0.34370169872164086
4649.343,6.5145166727642625,0.3414560853745027
4649.363,6.51605500822753,0.33923779488685657
4649.383,6.517633019168838,0.33704754493497
4649.403,6.519250195235727,0.33488604416268086
4649.423,6.520906013451167,0.33275399196253574
4649.443,6.522599938374329,0.330652078259582
4649.463,6.524331422264191,0.3285809832977223
4649.483,6.526099905246029,0.32654137742852835
4649.503,6.527904815480823,0.3245339209024225
4649.523,6.529745569337688,0.32255926366210363
4649.543,6.531621571569436,0.3206180451381213
4649.563,6.533532215491417,0.31871089404649877
4649.583,6.53547688316384,0.3168384281883244
4649.603,6.537454945577738,0.3150012542512535
4649.623,6.53946576284482,0.3131999676128884
4649.643,6.541508684391413,0.311435152146045
4649.663,6.5435830491567195,0.3097073800259442
4649.683,6.5456881857956075,0.30801721153941164
4649.703,6.5478234128861095,0.30636519489621894
4649.723,6.549988039141811,0.30475186604272964
4649.743,6.552181363629229,0.3031777484780714
4649.763,6.554402675990295,0.30164335307307666
4649.783,6.556651256669942,0.3001491778922811
4649.803,6.55892637714878,0.29869570801928674
4649.823,6.561227300180798,0.29728341538581715
4649.843,6.563553280035927,0.2959127586048016
4649.863,6.5659035627472875,0.2945841828078207
4649.883,6.568277386362902,0.2932981194872475
4649.903,6.570673981201552,0.2920549863433826
4649.923,6.573092570112494,0.2908551871368758
4649.943,6.575532368738683,0.28969911154668004
4649.963,6.577992585783137,0.28858713503375427
4649.983,6.580472423278097,0.2875196187106859
4650.003,6.582971076856593,0.2864969092173689
4650.023,6.5854877360260815,0.28551933860282397
4650.043,6.588021584443828,0.28458722421320903
4650.063,6.590571800193692,0.28370086858603577
4650.083,6.593137556064078,0.2828605593505638
4650.103,6.595718019826755,0.28206656913432454
4650.123,6.598312354516387,0.28131915547569797
4650.143,6.600919718710551,0.2806185607424475
4650.163,6.603539266810118,0.27996501205610846
4650.183,6.6061701493198655,0.27935872122211186
4650.203,6.608811513129275,0.27879988466553085
4650.223,6.611462501793395,0.27828868337232926
4650.243,6.61412225581379,0.27782528283600627
4650.263,6.616504458487054,0.2755497094109544
4650.283,6.618365384218993,0.2700285882856009
4650.303,6.619349625718996,0.26291257526711515
4650.323,6.619379414294841,0.2544740607650124
4650.343,6.61849524165749,0.24479732953207756
4650.363,6.617412022693818,0.23485530039934488
4650.383,6.616527248582243,0.22456199433125756
4650.403,6.6156833849320105,0.21418844124635017
4650.423,6.614664642254788,0.20417313445127422
4650.443,6.613618712923982,0.19420696724129793
4650.463,6.612557188625042,0.1842573758863492
4650.483,6.611495919197458,0.17430776359481062
4650.503,6.610434913649257,0.1643581216505159
4650.523,6.609374178016286,0.15440845001728207
4650.543,6.608313713125303,0.1444587488846649
4650.563,6.60725351911359,0.13450901839167598
4650.583,6.606193595844874,0.12455925868134202
4650.603,6.605133943119908,0.11460946990845879
4650.623,6.604074560718607,0.10465965223355808
4650.643,6.603015448414189,0.09470980581896996
4650.663,6.601956605898936,0.08475993085223045
4650.683,6.600898032753612,0.07481002761131043
4650.703,6.599839728789735,0.06486009629350475
4650.723,6.598781693527023,0.05491013716118109
4650.743,6.597723926624896,0.04496015058453559
4650.763,6.5966664275042035,0.0350101369836395
4650.783,6.595609195861678,0.025060096548724754
4650.803,6.59455223124791,0.015110029337463627
4650.823,6.593495532892533,0.005159936011011494
4650.843,6.592439099587237,-0.00479018267257977
4650.863,6.59138252607044,-0.014739693985757793
4650.883,6.590323027253583,-0.02468307588852523
4650.903,6.589263806587455,-0.03462647462964655
4650.923,6.588204603741294,-0.04456987524013639
4650.943,6.587145415739461,-0.05451327748269548
4650.963,6.586086242523858,-0.0644566813460194
4650.983,6.585027084070022,-0.07440008682188995
4651.003,6.583967940360484,-0.08434349390308861
4651.023,6.582908766499642,-0.09428691029537793
4651.043,6.581853037948868,-0.10423601318085277
4651.063,6.58079722839566,-0.11418338715972984
4651.083,6.579742803296923,-0.12413431208226319
4651.103,6.578687441622429,-0.1340830112766312
4651.123,6.577634040129103,-0.14402953457037626
4651.143,6.576580206805829,-0.15398033567244074
4651.163,6.575525446539485,-0.16393017656878894
4651.183,6.574470836385605,-0.17388004767670692
4651.203,6.573416465162786,-0.18382994492983668
4651.223,6.572362344311669,-0.19377986857239388
4651.243,6.5713084751644715,-0.2037298186418896
4651.263,6.570254857733183,-0.21367979511923965
4651.283,6.5692014918967665,-0.22362979796377666
4651.303,6.568145395544378,-0.23357361480721628
4651.323,6.567092041699168,-0.24351977768857191
4651.343,6.566040764048082,-0.25346407308436314
4651.363,6.564989046396295,-0.2634152180907825
4651.383,6.5639334927315565,-0.2733590569216919
4651.403,6.562877855824144,-0.28330283679424995
4651.423,6.561822234947609,-0.2932466181117387
4651.443,6.560766629784001,-0.3031904011252728
4651.463,6.559711040379329,-0.3131341858429868
4651.483,6.558655466780659,-0.323077972270322
4651.503,6.5575999090311425,-0.33302176041247133
4651.523,6.556544367169467,-0.3429655502743194
4651.543,6.555488841229428,-0.35290934186036127
4651.563,6.554433331239521,-0.3628531351746257
4651.583,6.55337783722261,-0.3727969302206068
4651.603,6.55232235919565,-0.3827407270012
4651.623,6.551266897169476,-0.39268452551864746
4651.643,6.550211451148643,-0.4026283257744911
4651.663,6.549156021131343,-0.4125721277695331
4651.683,6.548100607109383,-0.42251593150380606
4651.703,6.547045209068229,-0.4324597369765513
4651.723,6.545989826987121,-0.442403544186207
4651.743,6.544938305459569,-0.45235104135135373
4651.763,6.5438885037552765,-0.46229995909222477
4651.783,6.5428371219576045,-0.4722474878454431
4651.803,6.541787204347812,-0.4821952764204572
4651.823,6.540736664127914,-0.49214314120407027
4651.843,6.539686503977236,-0.5020907198713221
4651.863,6.538636926043973,-0.5120397134215633
4651.883,6.537586930906745,-0.521987376789177
4651.903,6.5365368764176,-0.5319350977588756
4651.923,6.535487532596141,-0.5418829603181982
4651.943,6.534439078108479,-0.5518319119853433
4651.963,6.533701206817381,-0.5611761064061812
4651.983,6.533450580071632,-0.5691089580266635
4652.003,6.533550003405638,-0.5753966771484231
4652.023,6.533606164775318,-0.579961840643998
4652.043,6.533411198459077,-0.5835162612620495
4652.063,6.532684922702987,-0.586294133847435
4652.083,6.531401295756461,-0.5882785547241279
4652.103,6.529618690283786,-0.589465836493799
4652.123,6.527410214457095,-0.5898261164933285
4652.143,6.524828499161984,-0.5895199250862373
4652.163,6.522174909525053,-0.5890455472767526
4652.183,6.519529380607304,-0.5885110446284111
4652.203,6.5168935023179735,-0.5879282307591552
4652.223,6.514268546858345,-0.5872980689116395
4652.243,6.511655370245672,-0.5866207670926525
4652.263,6.509054818816011,-0.5858965454886604
4652.283,6.506467734668292,-0.5851256394298625
4652.303,6.503894955438788,-0.5843082993367688
4652.323,6.501337314034831,-0.5834447906322406
4652.343,6.498795638369997,-0.5825353936486547
4652.363,6.496270751101109,-0.5815804035305208
4652.383,6.493763469367226,-0.580580130132611
4652.403,6.491274604530692,-0.5795348979136562
4652.423,6.48880496192035,-0.578445045825677
4652.443,6.486355340577089,-0.5773109271990308
4652.463,6.483926533001768,-0.5761329096232637
4652.483,6.481519324905678,-0.5749113748238665
4652.503,6.479134494963627,-0.5736467185350415
4652.523,6.476772814569757,-0.5723393503686046
4652.543,6.474435047596156,-0.5709896936791358
4652.563,6.472121950154367,-0.5695981854255142
4652.583,6.469834270359851,-0.5681652760289686
4652.603,6.467572748099407,-0.5666914292277663
4652.623,6.465338114801658,-0.5651771219286754
4652.643,6.463131093210503,-0.5636228440553098
4652.663,6.46095239716162,-0.562029098393469
4652.683,6.458802731361899,-0.5603964004335604
4652.703,6.456682791171836,-0.5587252782101735
4652.723,6.454593262390717,-0.5570162721388565
4652.743,6.452534821044594,-0.5552699348501106
4652.763,6.450508133176881,-0.5534868310205914
4652.783,6.448513854641496,-0.5516675372014804
4652.803,6.4465526308984105,-0.549812641643943
4652.823,6.444625096811499,-0.5479227441215702
4652.843,6.442731876448595,-0.5459984557496687
4652.863,6.4408735828836186,-0.544040398801226
4652.883,6.439050818000759,-0.542049206519367
4652.903,6.437264172300603,-0.5400255229260987
4652.923,6.43551422470827,-0.5379700026271277
4652.943,6.433801542383497,-0.5358833106125347
4652.963,6.432126680532811,-0.5337661220531039
4652.983,6.430490182223859,-0.5316191220921177
4653.003,6.428892578202039,-0.52944300563245
4653.023,6.427334386709668,-0.52723847711884
4653.043,6.425816113307851,-0.525006250315251
4653.063,6.422761027192534,-0.5237736086043653
4653.083,6.416963686863742,-0.5243537339776833
4653.103,6.410074257129649,-0.5263898594832589
4653.123,6.402373200609792,-0.5298406299724868
4653.143,6.39392070818548,-0.5346342521688995
4653.163,6.385308741011111,-0.5397184490814021
4653.183,6.3764200978150045,-0.5448562358859641
4653.203,6.3674209359811895,-0.550045676702435
4653.223,6.358780410640661,-0.5551420310440197
4653.243,6.350156877932926,-0.5602275186799499
4653.263,6.341537098878676,-0.5653074350037408
4653.283,6.332923773709822,-0.5703869551659749
4653.303,6.324310480402353,-0.5754665835519015
4653.323,6.315697184242385,-0.5805462077170324
4653.343,6.307083884815852,-0.5856258260600755
4653.363,6.298470582172601,-0.590705438566347
4653.383,6.2898572763615,-0.5957850452319012
4653.403,6.281243967426454,-0.6008646460488475
4653.423,6.272630655405996,-0.6059442410054122
4653.443,6.264017340332962,-0.6110238300861731
4653.463,6.25540402223424,-0.6161034132723309
4653.483,6.246789860513415,-0.6211831243589289
4653.503,6.238169925231718,-0.6262620078357051
4653.523,6.229555816374004,-0.6313426979244234
4653.543,6.220941698329406,-0.6364233817347331
4653.563,6.2123275965182545,-0.6415040885419685
4653.583,6.203713543809391,-0.6465847814800624
4653.603,6.195099422888922,-0.6516655222599018
4653.623,6.186485331934893,-0.656746286620962
4653.643,6.17786662606915,-0.6618266636534628
4653.663,6.16924940398494,-0.6669066676894794
4653.683,6.160632222898417,-0.6719865771910719
4653.703,6.1520141200533685,-0.6770665686644997
4653.723,6.143398083507298,-0.6821460549194968
4653.743,6.134780889729887,-0.6872254632015614
4653.763,6.126163608296783,-0.6923046717052634
4653.783,6.117545200623906,-0.6973838815868486
4653.803,6.108928746979563,-0.7024644264982552
4653.823,6.100315149693433,-0.7075435376164786
4653.843,6.091701548627987,-0.7126226266505371
4653.863,6.083087943771041,-0.7177017087935392
4653.883,6.074474335058564,-0.722780784199255
4653.903,6.065860722438716,-0.7278598528790291
4653.923,6.057247105861501,-0.7329389148460776
4653.943,6.048633485279163,-0.7380179701169716
4653.963,6.040552687621456,-0.7425846502796984
4653.983,6.0337431887245385,-0.7459606410887362
4654.003,6.0285558883696195,-0.7483365713418081
4654.023,6.024922859816839,-0.7498519397337001
4654.043,6.021990060231566,-0.7504069224502343
4654.063,6.019542525159239,-0.7500516179906207
4654.083,6.017594496229659,-0.7487979657289077
4654.103,6.016161248219494,-0.7466792147336081
4654.123,6.014921157605351,-0.7442810124015251
4654.143,6.013724619351703,-0.7418610709064354
4654.163,6.012571823156827,-0.7394199775988198
4654.183,6.011463141311711,-0.7369585213835902
4654.203,6.010398933769973,-0.7344774995711272
4654.223,6.00937954613085,-0.7319777159523655
4654.243,6.008405309493852,-0.7294599805157647
4654.263,6.0074765403372155,-0.7269251091744702
4654.283,6.006593540402428,-0.7243739234906281
4654.303,6.005756596584925,-0.7218072503971295
4654.323,6.004965980830967,-0.7192259219171553
4654.343,6.004221950040884,-0.7166307748818904
4654.363,6.003524745978666,-0.7140226506467385
4654.383,6.002874595187935,-0.71140239480635
4654.403,6.002271708914275,-0.7087708569087522
4654.423,6.001716283033863,-0.7061288901688074
4654.443,6.001208497988332,-0.7034773511812521
4654.463,6.000748518725796,-0.700817099633463
4654.483,6.000336494647918,-0.6981489980181317
4654.503,5.999972559562927,-0.6954739113459633
4654.523,5.9996568316444865,-0.6927927068585067
4654.543,5.9993894133962895,-0.6901062537411974
4654.563,5.997294367846252,-0.6875640223739223
4654.583,5.991924310747856,-0.6853039775077098
4654.603,5.984899447220164,-0.6838015145608651
4654.623,5.976485747276539,-0.6831541295524629
4654.643,5.966770224255084,-0.6833276003658961
4654.663,5.956775552451097,-0.6836801806884142
4654.683,5.946429003215111,-0.6838619319700837
4654.703,5.935946673780825,-0.6841019681048007
4654.723,5.925948309838575,-0.6844407733008275
4654.743,5.915954568729269,-0.6847851527077312
4654.763,5.905960824568535,-0.6851295015165129
4654.783,5.895967080535778,-0.68547383397436
4654.803,5.885973336683381,-0.6858181502354052
4654.823,5.875979593023198,-0.6861624503340926
4654.843,5.865985849560045,-0.6865067343066584
4654.863,5.855992106291975,-0.6868510021918905
4654.883,5.845998363210273,-0.6871952540307905
4654.903,5.836004620299506,-0.6875394898662069
4654.923,5.826009834902395,-0.687882015244451
4654.943,5.8160064485007075,-0.6882153572180949
4654.963,5.806002666337886,-0.6885503677219235
4654.983,5.796008891555865,-0.6888937352122353
4655.003,5.786015117624654,-0.689237001619276
4655.023,5.776021343693456,-0.6895802515186895
4655.043,5.7660275696948995,-0.6899234856796438
4655.063,5.756031463495772,-0.6902629493133154
4655.083,5.746037878704194,-0.6906036526182594
4655.103,5.736044091139926,-0.6909466303438042
4655.123,5.726050307476881,-0.6912895676634147
4655.143,5.716050323079959,-0.6916271006344641
4655.163,5.706052292728978,-0.6919656908324483
4655.183,5.696056751860063,-0.6923044909593907
4655.203,5.68606294099042,-0.6926469937905528
4655.223,5.676069140125589,-0.6929894529911195
4655.243,5.66607305442362,-0.6933300888171606
4655.263,5.656071298204499,-0.6936654117301928
4655.283,5.6460705230225265,-0.6940030256597148
4655.303,5.636069680710084,-0.6943406347464436
4655.323,5.626068825086239,-0.6946779637598601
4655.343,5.616067958567581,-0.6950149998027725
4655.363,5.606067082515279,-0.6953517427175894
4655.383,5.596066198926453,-0.6956881950788334
4655.403,5.586065311326657,-0.6960243620152881
4655.423,5.576064427572189,-0.6963602564999443
4655.443,5.566066278575999,-0.6966978005886124
4655.463,5.556072368205502,-0.6970374308451164
4655.483,5.546078460447041,-0.697376959118852
4655.503,5.536084551598998,-0.6977164709042707
4655.523,5.52609064162473,-0.6980559669540095
4655.543,5.516096730535781,-0.6983954472403037
4655.563,5.506102818351059,-0.6987349117263899
4655.583,5.496108905096116,-0.6990743603741827
4655.603,5.486114990802854,-0.6994137931447922
4655.623,5.476121075509126,-0.6997532099989787
4655.643,5.466127159258326,-0.7000926108976055
4655.663,5.456133242098892,-0.7004319958020863
4655.683,5.446139324083787,-0.7007713646748311
4655.703,5.436145405269906,-0.7011107174796678
4655.723,5.4261514857174955,-0.7014500541822579
4655.743,5.416157565489483,-0.7017893747504786
4655.763,5.406163644650828,-0.7021286791547952
4655.783,5.396169723267836,-0.7024679673685905
4655.803,5.386175801407457,-0.7028072393684777
4655.823,5.376181879136592,-0.7031464951345618
4655.843,5.366187956521389,-0.7034857346506799
4655.863,5.356194033626557,-0.7038249579045921
4655.883,5.346790484610584,-0.7039958447711286
4655.903,5.338773815406656,-0.7040306847450392
4655.923,5.332457312197699,-0.703997199090658
4655.943,5.327830902560733,-0.7039337767857516
4655.963,5.324099290314607,-0.7035389079424863
4655.983,5.321041382449588,-0.7026642986051103
4656.003,5.3187122215181235,-0.7013391265148382
4656.023,5.3171392538011935,-0.699599572074094
4656.043,5.31632373560111,-0.69740523482359
4656.063,5.3162224816757195,-0.6947961598715772
4656.083,5.31631269645162,-0.6921017091184068
4656.103,5.316448868861759,-0.6894100039867576
4656.123,5.316633566186983,-0.686721291130672
4656.143,5.316868600405299,-0.6840362894663077
4656.163,5.317149809171611,-0.6813565850223517
4656.183,5.317479333180109,-0.6786824648799692
4656.203,5.31785891566767,-0.6760146692931817
4656.223,5.318284357805655,-0.6733547116809423
4656.243,5.318757755142651,-0.6707029082947981
4656.263,5.319280786727688,-0.6680600466878497
4656.283,5.319849230806774,-0.665427517726035
4656.303,5.320465130061559,-0.6628056915988022
4656.323,5.321130101428409,-0.6601953946991062
4656.343,5.321839906365926,-0.6575979055880865
4656.363,5.322596531299964,-0.6550136405703132
4656.383,5.32340152419655,-0.6524434568114907
4656.403,5.324250641243071,-0.6498885248282523
4656.423,5.325145809214329,-0.6473493038652617
4656.443,5.326088501253407,-0.6448266734406976
4656.463,5.327074479758669,-0.642321700539304
4656.483,5.328105607043712,-0.6398348781454818
4656.503,5.329190959123644,-0.6373660454804848
4656.523,5.330324656515029,-0.6349161332535347
4656.543,5.331502263274033,-0.6324870150104425
4656.563,5.332723394364659,-0.6300794882621068
4656.583,5.333987654214217,-0.6276943320591268
4656.603,5.335294633399263,-0.6253323180600594
4656.623,5.336643908748532,-0.622994210398325
4656.643,5.33803504348052,-0.62068076544648
4656.663,5.339467587344706,-0.6183927315822214
4656.683,5.340941076766027,-0.616130848957173
4656.703,5.342455034992481,-0.613895849268485
4656.723,5.3440089722457795,-0.61168845553324
4656.743,5.345602385874951,-0.6095093818656523
4656.763,5.347234760512833,-0.6073593332570277
4656.783,5.348905568235398,-0.6052390053584188
4656.803,5.350614268723892,-0.6031490842659022
4656.823,5.352360309429798,-0.601090246308396
4656.843,5.354143125742641,-0.5990631578379148
4656.863,5.355962141160702,-0.5970684750221484
4656.883,5.357816767464752,-0.5951068436392694
4656.903,5.359706404894924,-0.5931788988748484
4656.923,5.360313346467306,-0.5899411400484874
4656.943,5.358603457853096,-0.5843713882763365
4656.963,5.355251032971791,-0.578017589286559
4656.983,5.350351861375524,-0.5711465111457343
4657.003,5.34398824823548,-0.5638029793879695
4657.023,5.337308353228787,-0.5563603194899417
4657.043,5.330473261569578,-0.5487136253977292
4657.063,5.32356312092139,-0.5409719726204717
4657.083,5.3168656240951035,-0.5334917329553232
4657.103,5.310185498669091,-0.5260448146418899
4657.123,5.303505303749681,-0.5186010673896824
4657.143,5.296825009137314,-0.5111574091051501
4657.163,5.290144647095628,-0.5037138102752456
4657.183,5.283464224274747,-0.49627026484954256
4657.203,5.276783742672831,-0.48882677211243164
4657.223,5.270103203749752,-0.4813833321082499
4657.243,5.263422608982322,-0.4739399449752434
4657.263,5.256741959787849,-0.466496610827048
4657.283,5.250061258115607,-0.459053329650966
4657.303,5.243380505818945,-0.45161010153198616
4657.323,5.23669970505642,-0.4441669266031346
4657.343,5.230018858344836,-0.4367238048216745
4657.363,5.223337969381439,-0.4292807361575058
4657.383,5.216657042382945,-0.421837720687833
4657.403,5.20997608179686,-0.4143947587171437
4657.423,5.203295093892728,-0.40695185036771114
4657.443,5.197164661842011,-0.40005045455139765
4657.463,5.192280561818803,-0.39440879306531673
4657.483,5.188822396877562,-0.3902602367469816
4657.503,5.18657992392315,-0.38717640188635244
4657.523,5.185504515875709,-0.3844275432139622
4657.543,5.185444786534643,-0.3819771435514311
4657.563,5.186370135937509,-0.3798477888320013
4657.583,5.1882280637320735,-0.37805095346425033
4657.603,5.190340254704451,-0.3763692731280361
4657.623,5.19248219140588,-0.3747261266742201
4657.643,5.19465336267674,-0.3731217889560466
4657.663,5.19685306746226,-0.3715567777373688
4657.683,5.199080593850097,-0.3700316005591873
4657.703,5.201335220775074,-0.3685467521893131
4657.723,5.203616218258951,-0.3671027144269819
4657.743,5.205922847643209,-0.3656999559331024
4657.763,5.20825436182684,-0.3643389320641365
4657.783,5.209694401015789,-0.3613759735590218
4657.803,5.20951496538144,-0.3555524850732038
4657.823,5.207958133969229,-0.3485393324675333
4657.843,5.205045885802231,-0.3406190700411316
4657.863,5.200845672715591,-0.33185658928028106
4657.883,5.196366548315463,-0.3229149279702194
4657.903,5.1918723666521664,-0.3136766451001467
4657.923,5.18734371693887,-0.3043166653289393
4657.943,5.182874754182153,-0.29531416527883103
4657.963,5.1784043739091965,-0.28635928830237317
4657.983,5.173933656385623,-0.27740307405572506
4658.003,5.169462977604996,-0.2684471869833659
4658.023,5.164992425865171,-0.2594926296724855
4658.043,5.160521018119193,-0.2505410598287652
4658.063,5.1560498936991355,-0.24158932760057356
4658.083,5.151578977524582,-0.23263747974959584
4658.103,5.147108221131091,-0.22368551749144666
4658.123,5.142637283024905,-0.2147324008711312
4658.143,5.1381681488036595,-0.20577820923085982
4658.163,5.133699542572728,-0.19682253732492955
4658.183,5.129229808394069,-0.18787382591911303
4658.203,5.12475989927194,-0.17892892263185822
4658.223,5.120290004438214,-0.1699840139685055
4658.243,5.11582011847123,-0.1610391016497586
4658.263,5.111352439069828,-0.15208896293718283
4658.283,5.106882792343646,-0.14314272479161794
4658.303,5.102413044819223,-0.1341977359064514
4658.323,5.097943334098609,-0.12525273868715014
4658.343,5.093474646233152,-0.11630623722512455
4658.363,5.089007210486114,-0.10735967449403257
4658.383,5.08453756988972,-0.09841462701329162
4658.403,5.080068005547971,-0.08946955841446025
4658.423,5.07559845050154,-0.08052448552173254
4658.443,5.071128904047799,-0.07157940843500014
4658.463,5.066658890752666,-0.06263243278719804
4658.483,5.062189565310996,-0.05368660691829975
4658.503,5.05772004636739,-0.0447415151518953
4658.523,5.053250557770645,-0.03579639360650483
4658.543,5.048779133550518,-0.02684570209172179
4658.563,5.044310781772689,-0.017900592333689503
4658.583,5.039841329926232,-0.008955467239781972
4658.603,5.035371892494946,-1.0334119273428671e-05
4658.623,5.030902463866045,0.008934804038112958
4658.643,5.026433043910184,0.017879947222041802
4658.663,5.021963632555905,0.026825095448224978
4658.683,5.01749422974058,0.035770248729913114
4658.703,5.0130248354099,0.04471540707713099
4658.723,5.008555449517771,0.053660570496226995
4658.743,5.004086072026144,0.06260573898947838
4658.763,4.9996167029048095,0.07155091255475071
4658.783,4.995147342131113,0.08049609118521542
4658.803,4.9906779896896465,0.08944127486912692
4658.823,4.9862086455718835,0.09838646358966255
4658.843,4.981739309775759,0.10733165732482404
4658.863,4.977269982305212,0.11627685604740257
4658.883,4.9728006631697,0.12522205972500758
4658.903,4.968843260968927,0.1336310354250472
4658.923,4.966005509341989,0.1407732927615691
4658.943,4.963975526010757,0.14625060127569267
4658.963,4.962721546538542,0.15008237456366408
4658.983,4.962331572374479,0.1530610800814975
4659.003,4.96280597914786,0.1555030875252955
4659.023,4.964139715013807,0.1573945054586551
4659.043,4.966310592052911,0.15870756295614272
4659.063,4.968784945840523,0.15978228375093748
4659.083,4.971281476001407,0.16080892863570917
4659.103,4.97379635960358,0.1617904858496255
4659.123,4.976328516852664,0.1627266256842705
4659.143,4.978877124575049,0.16361704384309503
4659.163,4.981441356341911,0.1644614507528735
4659.183,4.98402038059208,0.16525957179863743
4659.203,4.986613360899818,0.1660111474257737
4659.223,4.98921945626181,0.1667159332321172
4659.243,4.991837821385408,0.1673737000532795
4659.263,4.994467606977643,0.16798423404130303
4659.283,4.997107960034729,0.1685473367367103
4659.303,4.999758024131811,0.16906282513404197
4659.323,5.002416939712745,0.16953053174099877
4659.343,5.005083844379737,0.16995030463131286
4659.363,5.007757873182701,0.17032200749148305
4659.383,5.010438158908249,0.1706455196615117
4659.403,5.013123832368188,0.17092073616977843
4659.423,5.015814022687528,0.1711475677621821
4659.443,5.018507857591901,0.1713259409256738
4659.463,5.0212044636944,0.1714557979062957
4659.483,5.0239029667818205,0.17153709672182843
4659.503,5.026602492095599,0.17156981094577078
4659.523,5.029299328406825,0.1715608432083666
4659.543,5.03199431008661,0.17151078089787547
4659.563,5.034688030943201,0.17141217579981058
4659.583,5.037379529803636,0.17126311982159076
4659.603,5.040067266286695,0.1710677292910689
4659.623,5.042750991344814,0.1708239263990966
4659.643,5.0454298546894005,0.17052986377661916
4659.663,5.048102433294373,0.17018970195591737
4659.683,5.050768407374092,0.16980140302375607
4659.703,5.053426906703747,0.16936318149032284
4659.723,5.056076589704044,0.16887923494249069
4659.743,5.058717110725149,0.16834755978058
4659.763,5.0617673481592,0.1696146829412063
4659.783,5.065523313272012,0.17408817449602995
4659.803,5.069046720454968,0.18036343151795253
4659.823,5.072167511041267,0.1882195889542902
4659.843,5.074893841640966,0.19755644073685982
4659.863,5.07753643252496,0.20720186797594203
4659.883,5.080101878241024,0.21710332239502422
4659.903,5.082599297552549,0.22734247797020407
4659.923,5.085216291381263,0.23700820227889122
4659.943,5.087844317651871,0.24666214010624202
4659.963,5.090474642055854,0.25630961006780534
4659.983,5.0931049641778445,0.2659570807492045
4660.003,5.095735272945444,0.27560455509873544
4660.023,5.098365568242129,0.28525203313451053
4660.043,5.100995850058916,0.2948995148458933
4660.063,5.1036261183931435,0.3045470002209548
4660.083,5.106256373247734,0.31419448924678395
4660.103,5.108886614631321,0.3238419819095476
4660.123,5.111516842558339,0.3334894781945624
4660.143,5.114147057049047,0.343136978086378
4660.163,5.116777258129479,0.3527844815688703
4660.183,5.11940744583133,0.36243198862534637
4660.203,5.122036495927978,0.37208240181453645
4660.223,5.124664894877991,0.3817332995148635
4660.243,5.127294125869641,0.39138138820017904
4660.263,5.129923358995928,0.4010294593339494
4660.283,5.1325525874423334,0.4106775308148191
4660.303,5.135181812198429,0.42032560153719406
4660.323,5.137811032632236,0.42997367256599855
4660.343,5.140440252505853,0.4396217424232129
4660.363,5.143069475625592,0.44926981021174645
4660.383,5.145698706052465,0.4589178739358403
4660.403,5.148327591413408,0.4685672245473953
4660.423,5.150956033927187,0.4782179349219982
4660.443,5.153584492419403,0.48786866420253167
4660.463,5.156212949746704,0.49751937827282455
4660.483,5.158841040080945,0.5071713822133971
4660.503,5.161468841801296,0.516824464953034
4660.523,5.164095654714781,0.5264782890995114
4660.543,5.166725010497495,0.5361260375648059
4660.563,5.169354435882111,0.5457737503113957
4660.583,5.171983847852297,0.5554214669734759
4660.603,5.174613247501042,0.5650691870210468
4660.623,5.177242211729543,0.5747175758837452
4660.643,5.179870060336461,0.584369161869055
4660.663,5.182498310051933,0.5940202505290944
4660.683,5.185124098066877,0.6036798508516168
4660.703,5.187752054276988,0.6133283438530205
4660.723,5.1903809682474655,0.6229766698471779
4660.743,5.193008032260608,0.6326305719412444
4660.763,5.1956355864722745,0.6422859264044724
4660.783,5.198259630977078,0.6519449568227952
4660.803,5.200885473824395,0.6616027944616262
4660.823,5.203060860512918,0.6708113768002394
4660.843,5.204482123898285,0.6786885744801456
4660.863,5.205459362784319,0.6848494631008645
4660.883,5.205996587651741,0.6892473675798454
4660.903,5.206050612730064,0.6926398367018379
4660.923,5.205458044182117,0.6955381214521095
4660.943,5.204244704568444,0.6979571945168833
4660.963,5.202414484837636,0.6998344186568555
4660.983,5.199979406981622,0.7011862899026383
4661.003,5.197168227162793,0.7022184844583178
4661.023,5.194399716964191,0.7029871031589073
4661.043,5.191735819481744,0.7034155453767383
4661.063,5.189062976860918,0.703795375364322
4661.083,5.186383717214893,0.7041270372269028
4661.103,5.183892352293782,0.7062823547648045
4661.123,5.18176154454793,0.7117049984361523
4661.143,5.180427728418221,0.7187638324121225
4661.163,5.179981998237034,0.727190633186056
4661.183,5.180381275634408,0.736921632260533
4661.203,5.180972562021555,0.7469050699772684
4661.223,5.181339457551586,0.7572393943424844
4661.243,5.181758365885405,0.7676618296242592
4661.263,5.182329898627582,0.7776646541342881
4661.283,5.182905978926187,0.7876495589207814
4661.303,5.183485701564708,0.7976324226529176
4661.323,5.184065384605984,0.8076152788677229
4661.343,5.184645051389963,0.817598136558852
4661.363,5.185224702088717,0.8275809957854914
4661.383,5.1858043366605076,0.8375638565022635
4661.403,5.186383955061982,0.8475467186579556
4661.423,5.186963557250629,0.8575295821970701
4661.443,5.187543143185243,0.8675124470603468
4661.463,5.188122712826365,0.8774953131853139
4661.483,5.188702266136704,0.8874781805068723
4661.503,5.189281803081523,0.8974610489579069
4661.523,5.1898613236290245,0.9074439184699228
4661.543,5.19044082775067,0.917426788973696
4661.563,5.191020315421502,0.927409660399934
4661.583,5.191599786620394,0.9373925326799362
4661.603,5.19217924133029,0.9473754057462541
4661.623,5.192758679538396,0.957358279533337
4661.643,5.193338101236302,0.9673411539781629
4661.663,5.19391750642011,0.9773240290208436
4661.683,5.194496895090461,0.9873069046052005
4661.703,5.1950762672525554,0.997289780679305
4661.723,5.195655622916108,1.0072726571959767
4661.743,5.196234962095268,1.0172555341132379
4661.763,5.196814284808482,1.0272384113947108
4661.783,5.197393591078321,1.0372212890099686
4661.803,5.197972880931269,1.0472041669348207
4661.823,5.198552154397464,1.0571870451515408
4661.843,5.199131411510404,1.0671699236490289
4661.863,5.199710652306625,1.0771528024229082
4661.883,5.2002854107239855,1.087141020182717
4661.903,5.200864706510713,1.0971239655581908
4661.923,5.201443678963301,1.1071068573089171
4661.943,5.202022631283996,1.1170897497650998
4661.963,5.20260156744898,1.1270726426067599
4661.983,5.203180487541474,1.1370555358630827
4662.003,5.203759391609251,1.1470384295724456
4662.023,5.204338279699347,1.1570213237785087
4662.043,5.204915638829031,1.1670065395888276
4662.063,5.205486613607438,1.176996822986249
4662.083,5.206060806901,1.1869845660411384
4662.103,5.206638276498598,1.1969675998945661
4662.123,5.207216215844621,1.206951671616892
4662.143,5.2077893921275695,1.2169389395266763
4662.163,5.20836169205281,1.2269290651275324
4662.183,5.20893363705654,1.2369178841640303
4662.203,5.2095067069233645,1.2469060586736744
4662.223,5.210079326995194,1.2568934560283966
4662.243,5.21065229234399,1.26688204796614
4662.263,5.211224167861863,1.2768699868857967
4662.283,5.2117961489163465,1.2868573868949664
4662.303,5.212366919956114,1.2968441588677382
4662.323,5.212938489162706,1.3068334972325517
4662.343,5.213508172075327,1.3168214525130026
4662.363,5.214079231326274,1.3268095185538344
4662.383,5.214648863545944,1.3367957865344757
4662.403,5.215219398075997,1.3467838883792398
4662.423,5.2157897436982354,1.3567749482080627
4662.443,5.216359246513763,1.3667646390624337
4662.463,5.216930819799304,1.3767517756616685
4662.483,5.217500692090511,1.3867425284621866
4662.503,5.218075141325503,1.3967257527708823
4662.523,5.218649786360903,1.4067088991952306
4662.543,5.219224415339876,1.4166920470269306
4662.563,5.219799028372001,1.4266751964492963
4662.583,5.220373625416171,1.4366583474356065
4662.603,5.220948206427868,1.4466414999511206
4662.623,5.221522771362147,1.4566246539555063
4662.643,5.2220973201741465,1.4666078094032384
4662.663,5.222671852819536,1.4765909662440238
4662.683,5.223246369254981,1.4865741244232875
4662.703,5.2238208694385975,1.496557283882688
4662.723,5.224395353330361,1.5065404445606836
4662.743,5.224969820892544,1.5165236063931242
4662.763,5.225544272090087,1.5265067693138747
4662.783,5.226118706890959,1.5364899332554576
4662.803,5.226693125266502,1.5464730981497081
4662.823,5.227267527191712,1.5564562639284418
4662.843,5.227841912645504,1.5664394305241185
4662.863,5.228416281610931,1.5764225978705033
4662.883,5.22899063407536,1.5864057659033164
4662.903,5.229561648017286,1.59639232198867
4662.923,5.230131563555833,1.606382378336532
4662.943,5.230701579413904,1.6163724900379821
4662.963,5.231271359691786,1.626362620932412
4662.983,5.231840862899347,1.6363527681735968
4663.003,5.232410083440071,1.6463429310205688
4663.023,5.232979021098877,1.6563331090837592
4663.043,5.233547676467927,1.6663233019428882
4663.063,5.234116049873766,1.6763135093178632
4663.083,5.234684141941201,1.686303730784966
4663.103,5.235041198637874,1.6956934944164457
4663.123,5.235144701667154,1.703708458386933
4663.143,5.235264268458171,1.7100012854124202
4663.163,5.235336813213507,1.7145998331824124
4663.183,5.235026799063147,1.7183889961688843
4663.203,5.234233386920153,1.7216588195592621
4663.223,5.2329642466005755,1.7243680430675103
4663.243,5.231238673182652,1.72651080146048
4663.263,5.229056368870297,1.728093062642712
4663.283,5.226499611139155,1.7289549431153184
4663.303,5.223790155447134,1.7290149423471732
4663.323,5.2210954511718155,1.7289376286370137
4663.343,5.218402539952958,1.7288117871901103
4663.363,5.215712452122212,1.7286354814353948
4663.383,5.213026843500199,1.7284128452611136
4663.403,5.210345724742231,1.7281418339614143
4663.423,5.207669930554573,1.727820603700032
4663.443,5.205000917670407,1.7274533111203296
4663.463,5.202338984631171,1.7270379497482586
4663.483,5.199684997476923,1.7265727401852304
4663.503,5.197040312047477,1.7260618780062709
4663.523,5.194405265328534,1.7255033807315974
4663.543,5.191780752135192,1.724895545346411
4663.563,5.1891680366775805,1.7242425867596345
4663.583,5.186567493562143,1.723542566362358
4663.603,5.183980043807264,1.7227938591207799
4663.623,5.181406856310024,1.7220006878539738
4663.643,5.17884824881904,1.7211592711099393
4663.663,5.1763030776821015,1.720260046110129
4663.683,5.173774357532285,1.7193151225250887
4663.703,5.171263062632663,1.7183248436123708
4663.723,5.168770007236737,1.7172895310716103
4663.743,5.166295998216234,1.7162095207910277
4663.763,5.163841836170201,1.7150851630609796
4663.783,5.161408315187157,1.7139168224576293
4663.803,5.1589962225971515,1.712704877719563
4663.823,5.156606338726152,1.7114497216204798
4663.843,5.154239436653013,1.7101517608381036
4663.863,5.151896281969117,1.7088114158194112
4663.883,5.149577632540759,1.7074291206423025
4663.903,5.147284238274352,1.706005322873824
4663.923,5.145016840884531,1.7045404834250757
4663.943,5.142776173665156,1.7030350764029163
4663.963,5.1405629612632815,1.7014895889585808
4663.983,5.138377919456053,1.699904521133326
4664.003,5.136221754930526,1.6982803857011848
4664.023,5.132932740249409,1.6980976535293333
4664.043,5.127631195138701,1.70051429191336
4664.063,5.1217647489923905,1.7046611281185617
4664.083,5.115585579113113,1.7104086498938686
4664.103,5.109127614365769,1.7176693668771148
4664.123,5.102612353286253,1.7252565226242529
4664.143,5.095951680659201,1.7330562214756264
4664.163,5.089215849964146,1.7409545296840399
4664.183,5.082666860832129,1.7485858778173056
4664.203,5.076150574352535,1.7561820568265292
4664.223,5.069635279371057,1.7637719745757436
4664.243,5.063120022775502,1.7713617216341253
4664.263,5.05660437488756,1.778951490467284
4664.283,5.050088113338828,1.786540882403967
4664.303,5.043572821647935,1.794130258349384
4664.323,5.037057181666409,1.8017202577624758
4664.343,5.0305407518910386,1.8093111773285984
4664.363,5.024026509743083,1.8168983720720497
4664.383,5.017512939148127,1.824485484652906
4664.403,5.010999369847812,1.8320725992522788
4664.423,5.004485802087857,1.8396597152372431
4664.443,4.997972235842448,1.847246832591225
4664.463,4.991458671084967,1.8548339513062921
4664.483,4.9849429805448136,1.8624231882625992
4664.503,4.9789492888447064,1.869487034300593
4664.523,4.974204213064252,1.8752831265930916
4664.543,4.970868723966129,1.879584485154504
4664.563,4.968016705866889,1.8824119666691133
4664.583,4.9653459084341325,1.8841339539290376
4664.603,4.962923943118366,1.884750450763817
4664.623,4.9606406881859595,1.884366230902582
4664.643,4.958573056225879,1.8829747739421627
4664.663,4.95663027349341,1.881100842267742
4664.683,4.954722953472188,1.8791904951010678
4664.703,4.9528503332070235,1.877246129843205
4664.723,4.951013002579574,1.8752683734961577
4664.743,4.949211556036934,1.8732578655653824
4664.763,4.9474465766999,1.8712152561931576
4664.783,4.945718636017291,1.8691412059529453
4664.803,4.944028293579517,1.8670363856509107
4664.823,4.942376096935615,1.8649014761234008
4664.843,4.940762581412242,1.8627371680300915
4664.863,4.939188269934703,1.8605441616425937
4664.883,4.937653672850237,1.8583231666283542
4664.903,4.936159287753741,1.8560749018297131
4664.923,4.934705599316178,1.8538000950380338
4664.943,4.93329307911599,1.8514994827628706
4664.963,4.931922185473762,1.849173809996187
4664.983,4.930593363290538,1.8468238299717088
4665.003,4.929307043890049,1.8444503039195324
4665.023,4.928063644865221,1.842054000816177
4665.043,4.926863569929283,1.8396356971302985
4665.063,4.925707208771783,1.837196176564348
4665.083,4.924594936919757,1.8347362297924614
4665.103,4.923527115604338,1.8322566541949123
4665.123,4.922504091633015,1.8297582535894708
4665.143,4.921526197267682,1.8272418379599984
4665.163,4.920593750108661,1.8247082231826466
4665.183,4.919707052984754,1.8221582307499695
4665.203,4.917076711328985,1.8201745412645391
4665.223,4.911327568562863,1.819229495357646
4665.243,4.9041458878147655,1.8194070199033174
4665.263,4.89581313431033,1.8207399632464831
4665.283,4.886406007122515,1.8231747221920303
4665.303,4.876769280953534,1.825848709408086
4665.323,4.866795900479865,1.8284235086441876
4665.343,4.856728254365459,1.8309776159754676
4665.363,4.847045954662262,1.8336095221613515
4665.383,4.837405845097402,1.8362702427983792
4665.403,4.827767041651362,1.8389321963438032
4665.423,4.818128234991274,1.8415941224470278
4665.443,4.808489425741066,1.8442560353988056
4665.463,4.798850613881911,1.8469179353566023
4665.483,4.789211799386371,1.8495798223510034
4665.503,4.779572982218871,1.852241696412825
4665.523,4.769934162336011,1.8549035575742012
4665.543,4.760293394209203,1.8575651605369534
4665.563,4.750646545091573,1.8602247898603412
4665.583,4.7410037756357335,1.8628835484935835
4665.603,4.731351534200508,1.8655396110352733
4665.623,4.721711073850883,1.868200343635196
4665.643,4.71206500513531,1.8708591887766166
4665.663,4.702421073117833,1.8735173037857058
4665.683,4.692774617073167,1.8761746069671132
4665.703,4.68313004913573,1.8788333564140127
4665.723,4.6734854291104115,1.8814919332317608
4665.743,4.663840754886544,1.884150318343324
4665.763,4.654196026377731,1.8868085096369134
4665.783,4.644551243786688,1.8894665071067331
4665.803,4.63490640731254,1.8921243109809798
4665.823,4.625261517120122,1.8947819214785535
4665.843,4.615620790289189,1.897440647077455
4665.863,4.60598115807691,1.900099585658052
4665.883,4.596341523242184,1.9027584893113048
4665.903,4.586701885965221,1.90541739035166
4665.923,4.577062244512879,1.908076279027969
4665.943,4.567422598831152,1.9107351552807037
4665.963,4.557782948886183,1.913394019130124
4665.983,4.54814329465236,1.9160528705939373
4666.003,4.538503636112492,1.9187117096865747
4666.023,4.528863973258003,1.9213705364191953
4666.043,4.519224306089021,1.9240293507997268
4666.063,4.509584634614388,1.9266881528329212
4666.083,4.499944958851586,1.9293469425204413
4666.103,4.490305278826566,1.9320057198609712
4666.123,4.480665594573507,1.9346644848503491
4666.143,4.4710259061344715,1.9373232374817229
4666.163,4.461386213559005,1.939981977745724
4666.183,4.451746516903638,1.9426407056306665
4666.203,4.442106816231341,1.94529942112276
4666.223,4.432467111610891,1.9479581242063377
4666.243,4.422827403116196,1.9506168148641039
4666.263,4.413187690825565,1.953275493077387
4666.283,4.403547974820931,1.9559341588264056
4666.303,4.393908255187028,1.9585928120905423
4666.323,4.38426853201057,1.961251452848617
4666.343,4.374626360006684,1.9639087363717398
4666.363,4.364980427356099,1.9665650695010621
4666.383,4.355334524643853,1.9692214971826825
4666.403,4.345688567891002,1.9718777442695654
4666.423,4.336042552010641,1.9745337784651176
4666.443,4.326396476654318,1.9771895947237936
4666.463,4.316750342106235,1.979845192435996
4666.483,4.307104148927994,1.982500571803927
4666.503,4.297980296716637,1.9846494067131093
4666.523,4.29018020090199,1.9860679164138226
4666.543,4.284097369996491,1.9870304197953412
4666.563,4.279768332395691,1.9875380340031978
4666.583,4.276450322550785,1.9875626221946614
4666.603,4.273621436702928,1.9869548064831435
4666.623,4.2712889302188435,1.985716363003101
4666.643,4.269533799533454,1.9838682303088988
4666.663,4.268200425552456,1.981388339697942
4666.683,4.26716299484329,1.9785704665565667
4666.703,4.266484409336972,1.9758678813968564
4666.723,4.265950699607856,1.9731748447429334
4666.743,4.265564038313681,1.9705031024560904
4666.763,4.2652254642269,1.9678247027030407
4666.783,4.2649351515708,1.9651406382952066
4666.803,4.262818498501852,1.9626163281214253
4666.823,4.257429329396224,1.9604021914244567
4666.843,4.250391877690478,1.9589597044788603
4666.863,4.241972934592679,1.9583841052922952
4666.883,4.232259255896017,1.9586404362030227
4666.903,4.222267969070879,1.9590782460810834
4666.923,4.211924619624483,1.9593159123606496
4666.943,4.201495029839867,1.9596405654193845
4666.963,4.191476634531725,1.9600406031542303
4666.983,4.181479647129131,1.9604664829603515
4667.003,4.171484303487596,1.9608908685788469
4667.023,4.161488922929428,1.9613153021258976
4667.043,4.1514923797226615,1.9617397985213136
4667.063,4.141498589209925,1.9621625833094178
4667.083,4.13150081441503,1.962585202423762
4667.103,4.1215046851709785,1.963009021143125
4667.123,4.111513970569951,1.9634315158101336
4667.143,4.101516945162134,1.9638558799773393
4667.163,4.091519916333422,1.9642800290707345
4667.183,4.08152287933366,1.9647039226217327
4667.203,4.071525833558363,1.965127552934673
4667.223,4.061528778450953,1.9655509179236887
4667.243,4.051531713588733,1.965974016561333
4667.263,4.04154105603487,1.9664006248772712
4667.283,4.031550475716833,1.9668271314272676
4667.303,4.0215598953179095,1.967253618584713
4667.323,4.011569324560568,1.9676800720460303
4667.343,4.0015787520323025,1.968106527585075
4667.363,3.9915881786319516,1.9685329665797524
4667.383,3.981597604303008,1.9689593888626915
4667.403,3.9716070289795344,1.9693857944299784
4667.423,3.96161645259934,1.969812183283232
4667.443,3.9516258751047055,1.9702385554282147
4667.463,3.941635296442909,1.9706649108747645
4667.483,3.9316447165667134,1.9710912496366866
4667.503,3.9216541354347934,1.9715175717316191
4667.523,3.911663553012108,1.9719438771808455
4667.543,3.9016729692702112,1.9723701660090855
4667.563,3.891682384187503,1.9727964382442416
4667.583,3.881691797749406,1.9732226939171205
4667.603,3.871701209948485,1.9736489330611202
4667.623,3.8617106207844913,1.9740751557118934
4667.643,3.8517200302643273,1.9745013619069927
4667.663,3.841729438401961,1.9749275516854872
4667.683,3.8317388452182537,1.9753537250875766
4667.703,3.8217482507407334,1.975779882154182
4667.723,3.811757655003292,1.9762060229265392
4667.743,3.8017649566421765,1.9766302863273133
4667.763,3.7917690021776984,1.9770520695573928
4667.783,3.7817715045811178,1.9774737771041624
4667.803,3.771773983439794,1.9778953211455048
4667.823,3.7617764480525286,1.9783165977328152
4667.843,3.75177889991771,1.9787375924680903
4667.863,3.7417813394865314,1.9791583035876867
4667.883,3.7317837670400245,1.9795787312407285
4667.903,3.721786182972061,1.979998876006651
4667.923,3.7117885875547993,1.9804187380934677
4667.943,3.7017909810471497,1.980838317844014
4667.963,3.691793363460725,1.9812576151695742
4667.983,3.681795735316272,1.9816766309531997
4668.003,3.6717980972919717,1.9820953660613883
4668.023,3.661800449825832,1.9825138207259199
4668.043,3.6518027935213824,1.982931996216277
4668.063,3.641808507200833,1.983352124417935
4668.083,3.6318177185443106,1.9837738437205585
4668.103,3.621826930775514,1.9841954961084614
4668.123,3.6118361430251755,1.9846171320922923
4668.143,3.601845355310116,1.9850387521172255
4668.163,3.59185456765352,1.98546035616366
4668.183,3.581863780072421,1.9858819442043876
4668.203,3.5718729862931715,1.9863035458904421
4668.223,3.5618770656394303,1.9867215166061978
4668.243,3.5518817212828253,1.987139287716476
4668.263,3.541887562795058,1.9875566724016023
4668.283,3.531891138983872,1.9879717066824616
4668.303,3.521895397392896,1.9883872322702534
4668.323,3.5119014656657486,1.9888024560858726
4668.343,3.5019055011949014,1.9892169320926307
4668.363,3.491912222321266,1.9896323173175692
4668.383,3.4819126760910843,1.9900455387662863
4668.403,3.471918961225867,1.990460499017751
4668.423,3.461923420080103,1.9908751229066761
4668.443,3.45192755485566,1.9912894743483636
4668.463,3.441930177664232,1.99170490317899
4668.483,3.4319327802910315,1.9921201681416514
4668.503,3.4219359522567414,1.9925354018264498
4668.523,3.411945011945839,1.9929539094404054
4668.543,3.4019540967529975,1.993372342095478
4668.563,3.3919631804825,1.9937907731428355
4668.583,3.381972268064997,1.9942091907275343
4668.603,3.3719813547905093,1.9946275926455306
4668.623,3.361990440657802,1.995045977852662
4668.643,3.351999525598873,1.9954643463339319
4668.663,3.342008609548236,1.9958826980873294
4668.683,3.332017692444384,1.9963010331150832
4668.703,3.3220267742303737,1.9967193514235528
4668.723,3.3120358548543427,1.997137653023165
4668.743,3.302044934269984,1.9975559379283025
4668.763,3.2920540124369646,1.9979742061571595
4668.783,3.2820630893212885,1.998392457731551
4668.803,3.272072164895599,1.9988106926766995
4668.823,3.262081239139415,1.9992289110209702
4668.843,3.2520903120393028,1.9996471127955926
4668.863,3.2420993835889775,2.00006529803434
4668.883,3.2321084537893365,2.0004834667731917
4668.903,3.2221175226484227,2.0009016190499738
4668.923,3.2121265901813127,2.0013197549039687
4668.943,3.2021356564099475,2.001737874375533
4668.963,3.192144721362884,2.002155977505683
4668.983,3.1821537850749895,2.002574064335688
4669.003,3.1721608557503282,2.002990306564378
4669.023,3.16216444448186,2.003404126785615
4669.043,3.152166602920857,2.0038177516797
4669.063,3.1421687391808466,2.004231214280193
4669.083,3.1321708616016353,2.0046444118871194
4669.103,3.1221729715723097,2.005057329139904
4669.123,3.1121750695136132,2.0054699635880957
4669.143,3.1021771557091418,2.0058823150634515
4669.163,3.092179230549841,2.0062943838501814
4669.183,3.0821812943077496,2.0067061701330453
4669.203,3.072183347158804,2.0071176738979277
4669.223,3.06218538921053,2.0075288953916584
4669.243,3.052187420995489,2.0079398354367974
4669.263,3.0421894432139633,2.0083504949026163
4669.283,3.032191456198328,2.008760873819611
4669.303,3.0221934607205987,2.009170973928647
4669.323,3.0121995340188947,2.00958331148793
4669.343,3.00220841001706,2.009996974668198
4669.363,2.9922172865166856,2.0104105967124943
4669.383,2.9822261630465587,2.010824202575697
4669.403,2.972235039628317,2.0112377924675737
4669.423,2.962243916284198,2.0116513663657183
4669.443,2.952252793030174,2.0120649242423445
4669.463,2.9422616639921304,2.012478489460569
4669.483,2.9322648373809286,2.0128878801390675
4669.503,2.922269192639668,2.013295481414544
4669.523,2.912273132957642,2.0137038467438324
4669.543,2.902275925037433,2.0141122422086646
4669.563,2.8922815382067357,2.0145188737309363
4669.583,2.8822830996692366,2.0149254089564317
4669.603,2.8722862953515733,2.015333144673644
4669.623,2.862292849351555,2.015740310784594
4669.643,2.8522973088344434,2.016146886978121
4669.663,2.842302106708401,2.0165527458987462
4669.683,2.83230564330715,2.0169594117189935
4669.703,2.822310234215434,2.017365471016949
4669.723,2.8123134675437385,2.017772687328688
4669.743,2.802316992209255,2.0181792749888023
4669.763,2.792319457682543,2.018585329089226
4669.783,2.782320839741056,2.0189903954029393
4669.803,2.772324971845179,2.01939538866897
4669.823,2.7623304072834816,2.0198035149014784
4669.843,2.7523391525131125,2.0202137634258235
4669.863,2.742347900028499,2.020623991932753
4669.883,2.732356646722936,2.0210342036645357
4669.903,2.722365392495425,2.021444398657123
4669.923,2.71237413728065,2.021854576909677
4669.943,2.702382881017735,2.022264738425022
4669.963,2.6923916236504595,2.022674883210107
4669.983,2.682400365127764,2.0230850112759415
4670.003,2.672409105404222,2.0234951226374767
4670.023,2.6624178444404416,2.023905217313451
4670.043,2.652426582203427,2.0243152953262062
4670.063,2.642435318666863,2.02472535670145
4670.083,2.6324440538113447,2.025135401468003
4670.103,2.622452787624534,2.0255454296575057
4670.123,2.6124615201012573,2.025955441304095
4670.143,2.602470251243515,2.026365436444065
4670.163,2.5924789810604443,2.026775415115499
4670.183,2.582487709568194,2.0271853773578856
4670.203,2.572496436789737,2.027595323211721
4670.223,2.56250516275462,2.0280052527181063
4670.243,2.5525138874986446,2.028415165918327
4670.263,2.5425219159838206,2.0288243265121313
4670.283,2.5325252603053583,2.029229629707619
4670.303,2.5225270900567316,2.029635083632272
4670.323,2.512528890101072,2.030040429144393
4670.343,2.5025306757056973,2.0304455141106468
4670.363,2.492532448915713,2.0308503178161117
4670.383,2.4825342102803494,2.0312548375943535
4670.403,2.472535960158507,2.0316590736323272
4670.423,2.462537698939177,2.0320630263670725
4670.443,2.452539426918317,2.032466696184118
4670.463,2.4425411441634424,2.0328700829871296
4670.483,2.4325428509308535,2.033273187287061
4670.503,2.4225445477908063,2.0336760099272233
4670.523,2.4125462354309475,2.03407855167441
4670.543,2.4025479141167354,2.034480812677587
4670.563,2.392549584839886,2.0348827947760535
4670.583,2.382556691912444,2.0352879679211324
4670.603,2.3725652372839714,2.0356935495014103
4670.623,2.3625737829458453,2.0360991026743274
4670.643,2.352582328652372,2.036504639769419
4670.663,2.342590874427343,2.036910160879476
4670.683,2.3325994202920075,2.037315665980405
4670.703,2.322607966261271,2.037721155043857
4670.723,2.3126164949016226,2.038126691492659
4670.743,2.3026195157687885,2.038527430795269
4670.763,2.292623470603772,2.038927594674766
4670.783,2.2826262374214283,2.039327019426121
4670.803,2.2726281911358077,2.0397276548086203
4670.823,2.2626346499439247,2.040126180962078
4670.843,2.252635836832582,2.040525217059485
4670.863,2.242639058912443,2.0409248657659242
4670.883,2.2326440787786055,2.0413231058848282
4670.903,2.2226492851769195,2.041722172283114
4670.923,2.2126537130089594,2.0421202656695314
4670.943,2.202656996755181,2.042518915641294
4670.963,2.192661165232722,2.0429168125165997
4670.983,2.182663946589388,2.0433154200784704
4671.003,2.1726665587193548,2.04371367605369
4671.023,2.1626692903217233,2.0441124925934475
4671.043,2.1526702391822097,2.0445087089815352
4671.063,2.1426734277046102,2.0449054698895246
4671.083,2.132679235667702,2.045306189365043
4671.103,2.1226876531900576,2.0457083660862567
4671.123,2.1126960723746757,2.0461105234029815
4671.143,2.1027044907337324,2.0465126639395192
4671.163,2.092712908173373,2.046914787724365
4671.183,2.08272132462897,2.047316894757175
4671.203,2.0727297400403617,2.0477189850413686
4671.223,2.06273815435212,2.048121058584492
4671.243,2.0527465675140646,2.04852311539814
4671.263,2.0427549794817113,2.0489251554978343
4671.283,2.032763390216675,2.049327178902867
4671.303,2.022771799687014,2.0497291856361004
4671.323,2.012780207867506,2.0501311757237315
4671.343,2.002788614739871,2.050533149195034
4671.363,1.9927970202929122,2.0509351060820538
4671.383,1.9828054245226,2.0513370464192917
4671.403,1.97281382743208,2.051738970243351
4671.423,1.9628222290316122,2.0521408775925676
4671.443,1.952830629338444,2.052542768506628
4671.463,1.9428390283766086,2.052944643026167
4671.483,1.9328474261766628,2.053346501192358
4671.503,1.9228558227753576,2.053748343046501
4671.523,1.912863530195023,2.0541497833880644
4671.543,1.902866536121059,2.0545467944960523
4671.563,1.8928680332780552,2.054944148944536
4671.583,1.8828695030574858,2.0553413945646475
4671.603,1.8728709588585335,2.0557383825168056
4671.623,1.8628724025744974,2.056135091012223
4671.643,1.8528738347164375,2.056531516572986
4671.663,1.8428752556544747,2.056927658995201
4671.683,1.8328766657545206,2.05732351833737
4671.703,1.8228780653044245,2.057719094940072
4671.723,1.8128794543267193,2.058114388453556
4671.743,1.8028808331558699,2.058509399588775
4671.763,1.7928822023836097,2.0589041291904158
4671.783,1.782883562655227,2.0592985778140993
4671.803,1.77288491425139,2.0596927459099827
4671.823,1.7628862582750073,2.0600866353257006
4671.843,1.7528937390156019,2.0604839958474863
4671.863,1.742901961036912,2.060881523716066
4671.883,1.7329101832386455,2.0612790294613204
4671.903,1.7229184055007285,2.0616765191727264
4671.923,1.7129266278476498,2.0620739928847636
4671.943,1.7029348502996446,2.0624714505722075
4671.963,1.6929430728705503,2.062868892206157
4671.983,1.682950530423141,2.0632656693356233
4672.003,1.6729532509725276,2.063657545913814
4672.023,1.6629554603724963,2.0640495484254435
4672.043,1.652956469860474,2.064440940739383
4672.063,1.6429593925928232,2.0648329452739795
4672.083,1.6329646243357532,2.0652230689830735
4672.103,1.622967955331395,2.065614691673842
4672.123,1.6129727304006694,2.0660067779437563
4672.143,1.602976628944057,2.0663966890443852
4672.163,1.5935740980443212,2.066620123568891
4672.183,1.5855928337733687,2.0666729265855537
4672.203,1.5792892692995795,2.0666731192925645
4672.223,1.5746520218462414,2.0667096501467377
4672.243,1.5709104068839177,2.0670748899688385
4672.263,1.567956402948388,2.0679223415758896
4672.283,1.5657701899374556,2.069217086185525
4672.303,1.5643731722394447,2.0709498933980104
4672.323,1.563779865089917,2.0731389596443415
4672.343,1.5638767320958986,2.0757269665590132
4672.363,1.5641634889132607,2.078405374016367
4672.383,1.5645098417292964,2.081082141174002
4672.403,1.5649044411089774,2.083752741445179
4672.423,1.565347043281651,2.086415802172768
4672.443,1.565837503154971,2.0890704561720552
4672.463,1.5663756612813533,2.09171584348877
4672.483,1.5669613427810636,2.0943511072969203
4672.503,1.5675943573938351,2.0969753941342155
4672.523,1.5682744995466553,2.0995878541754625
4672.543,1.5690015484264626,2.1021876415048424
4672.563,1.5697752680576038,2.1047739143866324
4672.583,1.5705954073840185,2.1073458355343067
4672.603,1.5714617003561047,2.1099025723778957
4672.623,1.5723738660222097,2.1124432973295293
4672.643,1.5733316086247071,2.11496718804705
4672.663,1.5743346177005735,2.117473427695599
4672.683,1.5753825681864158,2.119961205207061
4672.703,1.5764751205278442,2.122429715537276
4672.723,1.5776119207931247,2.1248781599208866
4672.743,1.5787926007909914,2.1273057461237492
4672.763,1.580016778192528,2.1297116886927987
4672.783,1.5812840566569972,2.132095209203264
4672.803,1.5825940259615061,2.1344555365031908
4672.823,1.5839462621343772,2.136791906955167
4672.843,1.5853403275921143,2.139103564675224
4672.863,1.5867757712798272,2.141389761768858
4672.883,1.5882521288150133,2.1436497585641576
4672.903,1.5897689226345741,2.145882823842036
4672.923,1.591325662144975,2.148088235063574
4672.943,1.5929218438754644,2.150265278594516
4672.963,1.594556951634291,2.1524132499269646
4672.983,1.5962304566678682,2.15453145389835
4673.003,1.5979418178228808,2.156619204907751
4673.023,1.5996904817113458,2.15867582712967
4673.043,1.6014758828786602,2.1607006547253653
4673.063,1.6032974439747232,2.1626930320518376
4673.083,1.6051545759282297,2.164652313868598
4673.103,1.6070466781242747,2.166577865542298
4673.123,1.608973138585426,2.168469063249307
4673.143,1.6109333341564558,2.170325294176312
4673.163,1.6129266306929233,2.1721459567189654
4673.183,1.6149523832538222,2.1739304606785907
4673.203,1.6170099362985022,2.1756782274569098
4673.223,1.6190986238880722,2.1773886902487307
4673.243,1.62121776989146,2.1790612942324645
4673.263,1.6233666881963065,2.1806954967583305
4673.283,1.6255446829248055,2.1822907675340404
4673.303,1.6277510486545839,2.183846588807728
4673.323,1.6299850706446557,2.1853624555478537
4673.343,1.6322460250664375,2.18683787561979
4673.363,1.6335368689303216,2.1898688657522216
4673.383,1.6330678872324584,2.195676256210888
4673.403,1.6311640128731608,2.2026032892202823
4673.423,1.627861261722245,2.2103688425348946
4673.443,1.6232302468373336,2.218911459412686
4673.463,1.6183117385850236,2.227619139383292
4673.483,1.6133501967640926,2.2366093235758684
4673.503,1.6083437544923571,2.245710470145718
4673.523,1.6034194769385708,2.2544519030811228
4673.543,1.5985044969045477,2.263162109466762
4673.563,1.593590881493011,2.2718711615512714
4673.583,1.5886772724151133,2.2805802247141136
4673.603,1.5837636710958423,2.2892892922101753
4673.623,1.5788500775679555,2.2979983639279813
4673.643,1.5739364918366003,2.306707439823618
4673.663,1.5690229139014717,2.31541651985336
4673.683,1.5641093437568743,2.3241256039732687
4673.703,1.5591957813915456,2.332834692139474
4673.723,1.5542822267885423,2.341543784308481
4673.743,1.5493686799251898,2.3502528804374747
4673.763,1.5444551407731002,2.3589619804846214
4673.783,1.539541870134641,2.367671162161168
4673.803,1.534628547151037,2.376384779301414
4673.823,1.529715165365288,2.3850939684646657
4673.843,1.5248023629439187,2.3938044210122973
4673.863,1.5198883204132947,2.4025191447586582
4673.883,1.51497667243443,2.411238027978295
4673.903,1.5100641954329592,2.41995404915123
4673.923,1.5051529148305736,2.42866828388347
4673.943,1.5002417060494044,2.4373825390072406
4673.963,1.4953308763253872,2.4460957338978955
4673.983,1.4904206946426775,2.454808810195396
4674.003,1.485508015565157,2.463520799260936
4674.023,1.4805954231801965,2.4722304288938055
4674.043,1.475682852815036,2.4809400691130845
4674.063,1.4707702897343449,2.4896497131833426
4674.083,1.4658577337279652,2.498359361041864
4674.103,1.460945184710016,2.5070690126857156
4674.123,1.4560326425988337,2.515778668115994
4674.143,1.4511201073165199,2.524488327337185
4674.163,1.4462080211615027,2.533201438108006
4674.183,1.4412933572259599,2.5419175801290614
4674.203,1.4363822018437635,2.5506322108588257
4674.223,1.4314711659704167,2.5593456755794337
4674.243,1.4265590483583117,2.5680555773431313
4674.263,1.421646955825263,2.5767654866006287
4674.283,1.416734870469235,2.585475400123447
4674.303,1.4118227920713737,2.5941853178992207
4674.323,1.406909782067147,2.6028991344417083
4674.343,1.402444171522936,2.611125756140399
4674.363,1.3991555368571111,2.6180794640913128
4674.383,1.3968235662823845,2.6234095883273874
4674.403,1.3953143241094828,2.6271262682493415
4674.423,1.3947451812001452,2.6301104673168774
4674.443,1.395069157547441,2.632598377004073
4674.463,1.3962821082208372,2.6345687577105052
4674.483,1.3983636163780855,2.636002559329835
4674.503,1.4007834174520621,2.637199870104586
4674.523,1.4032242545941542,2.638353247841809
4674.543,1.4056854659822355,2.6394625129427283
4674.563,1.4081662559801775,2.6405273075780165
4674.583,1.4106658205420857,2.641547285691483
4674.603,1.4131833493966122,2.642522115732709
4674.623,1.4157180263383249,2.6434514808047243
4674.643,1.4182690295068157,2.6443350787798945
4674.663,1.4208355316680963,2.6451726224091026
4674.683,1.4234167004979905,2.645963839424405
4674.703,1.4260116988671392,2.646708472635078
4674.723,1.428619685127252,2.647406280017069
4674.743,1.4312398133982887,2.6480570347958468
4674.763,1.4338712338562758,2.648660525522731
4674.783,1.4365130930215064,2.6492165561447716
4674.803,1.439164534046915,2.649724946068279
4674.823,1.4418246970064443,2.6501855302161315
4674.843,1.4444927191832615,2.6505981590789753
4674.863,1.4471677353577144,2.6509626987604573
4674.883,1.4498488780949366,2.651279031016611
4674.903,1.452535278032039,2.651547053289541
4674.923,1.4552260641648496,2.6517666787354943
4674.943,1.457920364134162,2.651937836247465
4674.963,1.460617304511483,2.6520604704724113
4674.983,1.4633160110842605,2.6521345418231803
4675.003,1.4660156091291405,2.6521600246735826
4675.023,1.4687116815474148,2.65214583573016
4675.043,1.4714065268347527,2.6520885720323353
4675.063,1.4740999290431278,2.651982755349602
4675.083,1.4767909804127701,2.651826495049499
4675.103,1.4794781430308765,2.651623908509724
4675.123,1.4821611667494916,2.651372920723567
4675.143,1.4848392033193933,2.6510716873708584
4675.163,1.487771240112608,2.652611363938226
4675.183,1.4911243634039444,2.657402505365629
4675.203,1.494086292826903,2.6639640398039486
4675.223,1.4965094643904708,2.672065343995241
4675.243,1.4984103158534943,2.681606254207882
4675.263,1.500200237546491,2.691444474225932
4675.283,1.5018490937845805,2.701606837979646
4675.303,1.5034121623260552,2.7119609020999715
4675.323,1.5051808919254175,2.7218179792982093
4675.343,1.5069579593541091,2.7316584475400427
4675.363,1.508734960405189,2.741498925921427
4675.383,1.510511946861617,2.7513394075584756
4675.403,1.5122889191469089,2.761179892378113
4675.423,1.5140658772263684,2.7710203803591473
4675.443,1.5158428210589432,2.780860871475981
4675.463,1.5176197506018454,2.7907013656983404
4675.483,1.5193966658111808,2.8005418629915066
4675.503,1.5211735666425403,2.8103823633166045
4675.523,1.5229504530515916,2.8202228666309335
4675.543,1.5247273249946607,2.830063372888337
4675.563,1.5265041824292995,2.839903882039618
4675.583,1.5282810253148311,2.8497443940329763
4675.603,1.530057853612877,2.8595849088144853
4675.623,1.5318346672878493,2.869425426328585
4675.643,1.5336114663074143,2.8792659465185975
4675.663,1.5353882506429113,2.8891064693272517
4675.683,1.5371650202697371,2.898946994697218
4675.703,1.5389417751676793,2.908787522571654
4675.723,1.5407185153212017,2.9186280528947313
4675.743,1.5424952407196826,2.9284685856121655
4675.763,1.5438179844959958,2.9377140976291427
4675.783,1.5445209707418601,2.9455559500185258
4675.803,1.5448872160016336,2.95176294279076
4675.823,1.545079091727508,2.9562216210043992
4675.843,1.5452889290555651,2.9594844408247045
4675.863,1.5459449708244348,2.9618532537926914
4675.883,1.5472316227821947,2.9634234659974763
4675.903,1.5490902756488834,2.964143427631585
4675.923,1.5514438039730876,2.9641071002586594
4675.943,1.5540470864187512,2.9634883311561078
4675.963,1.5566530775814194,2.9627864669034567
4675.983,1.5592464335337006,2.9620373405867286
4676.003,1.5618258815213912,2.9612416550789114
4676.023,1.5643905796966064,2.9603996803314527
4676.043,1.5669396982976804,2.959511689299332
4676.063,1.5694724126336959,2.9585779698269756
4676.083,1.5719879033297552,2.9575988246129943
4676.103,1.5744853566063388,2.9565745710688156
4676.123,1.5769639645499418,2.955505541185992
4676.143,1.5794229253772119,2.9543920814082862
4676.163,1.5818614436940537,2.953234552505304
4676.183,1.584278730750561,2.9520333294456504
4676.203,1.5866740046922805,2.9507888012683887
4676.223,1.5890464908080864,2.9495013709520386
4676.243,1.5913954217747948,2.948171455280715
4676.263,1.5937200378986085,2.9467994847071766
4676.283,1.5960195873534104,2.9453859032127108
4676.303,1.5982933264159214,2.943931168163827
4676.323,1.600540519697737,2.942435750165819
4676.343,1.6027604403742555,2.9409001329132405
4676.363,1.604952370410538,2.9393248130373926
4676.383,1.607115600784135,2.9377102999508726
4676.403,1.6092494317049453,2.9360571156892608
4676.423,1.6113531728321973,2.9343657947499775
4676.443,1.613426143488629,2.932636883928338
4676.463,1.6167022741688022,2.9322926518449717
4676.483,1.6221175970925057,2.934444681240634
4676.503,1.6281830383815221,2.938296744944186
4676.523,1.6346402149313801,2.943732135156183
4676.543,1.6414507529400757,2.950664674554516
4676.563,1.6483345461555026,2.9579193654842477
4676.583,1.6553604357428624,2.965335315251216
4676.603,1.6625709055520943,2.9729638380629053
4676.623,1.669453821311849,2.9802176066679444
4676.643,1.676382785271439,2.9875247614284013
4676.663,1.683268923845537,2.99478269517374
4676.683,1.6901540393297656,3.002039493207357
4676.703,1.6970390570479283,3.0092961854985205
4676.723,1.7039245271691321,3.016553363521987
4676.743,1.7108093328433114,3.023809851074252
4676.763,1.7176940750277945,3.0310663805982743
4676.783,1.724579810220209,3.0383232665446926
4676.803,1.7314652178223495,3.045580476102904
4676.823,1.7383483983042267,3.052837496506482
4676.843,1.7452316434346526,3.0600944872905633
4676.863,1.752114834651425,3.0673515345910447
4676.883,1.7589979554431732,3.0746086490484927
4676.903,1.765881003225617,3.0818658312996328
4676.923,1.772763977647941,3.089123080122391
4676.943,1.779646878632065,3.096380394000465
4676.963,1.7865297063160785,3.103637771073788
4676.983,1.7934124608190227,3.1108952090235538
4677.003,1.800295142251268,3.118152705286301
4677.023,1.8071777507205598,3.125410257524271
4677.043,1.814060286774489,3.1326678619397703
4677.063,1.8209427507679727,3.1399255135333832
4677.083,1.8278251426813712,3.1471832074283568
4677.103,1.8347074632029168,3.1544409360914543
4677.123,1.8415897124034681,3.16169869022346
4677.143,1.848471786378019,3.168955215657548
4677.163,1.8553533118176446,3.176210233975369
4677.183,1.8622348106973405,3.183465296752521
4677.203,1.8685837490632313,3.1901854702672803
4677.223,1.8736633871777344,3.1956302005344055
4677.243,1.8773060516323332,3.199604646285142
4677.263,1.8801573690729974,3.2021629060450754
4677.283,1.8828143159075847,3.2035189469481966
4677.303,1.885235579506279,3.2038197368219774
4677.323,1.8874442861652572,3.203117652957396
4677.343,1.8893928994367033,3.201447673611025
4677.363,1.891236855061235,3.199475429435871
4677.383,1.8930445519178083,3.1974705400877337
4677.403,1.8948158762036886,3.19543343884053
4677.423,1.8965502590969543,3.1933647826419027
4677.443,1.898247139070751,3.19126524052675
4677.463,1.8999059665614864,3.1891354916061068
4677.483,1.9015262041939625,3.186976224845844
4677.503,1.9031073269608119,3.1847881388562636
4677.523,1.9046488223993265,3.1825719416771787
4677.543,1.906150190765918,3.1803283505582005
4677.563,1.9076109452079635,3.17805809173413
4677.583,1.9090306119327698,3.1757619001954045
4677.603,1.9104087303733506,3.1734405194535955
4677.623,1.911744853350701,3.1710947013020245
4677.643,1.913038547232232,3.168725205571604
4677.663,1.9142893920860347,3.166332799882063
4677.683,1.915496981830652,3.1639182593887853
4677.703,1.916660924380042,3.1614823665255063
4677.723,1.9177808417834472,3.159025910743157
4677.743,1.918856370359913,3.156549688245182
4677.763,1.9198871608272317,3.1540545017196515
4677.783,1.9208728784251166,3.151541160068535
4677.803,1.9218132030324648,3.149010478134442
4677.823,1.9227078292785982,3.1464632764252083
4677.843,1.9235564666484029,3.1439003808366204
4677.863,1.9243588395813387,3.1413226223735853
4677.883,1.9251146875643088,3.138730836870039
4677.903,1.9258237652184143,3.1361258647078087
4677.923,1.928311306230035,3.1339659280443235
4677.943,1.9339817137929038,3.132627395916901
4677.963,1.941158493351493,3.1323102170194694
4677.983,1.9495631436804497,3.1330665011178493
4678.003,1.9591155170434753,3.1348480701105714
4678.023,1.968913448558154,3.1368525187803957
4678.043,1.9790563644585804,3.1387158368968766
4678.063,1.9892673870156068,3.1405731450103196
4678.083,1.9991096690069503,3.14253702680627
4678.103,2.0089161480687245,3.1445246062953807
4678.123,2.0187186036767417,3.1465151846829045
4678.143,2.0285237561005487,3.1485050895844413
4678.163,2.03832785397262,3.1504948033127578
4678.183,2.048129014767747,3.1524853988046133
4678.203,2.0579282589354704,3.1544772575010596
4678.223,2.0677274833362778,3.156469207546957
4678.243,2.0775267099710075,3.158461144810829
4678.263,2.0873259390872168,3.1604530683756593
4678.283,2.097125170737677,3.1624449782128767
4678.303,2.106924404974328,3.1644368743040525
4678.323,2.116723641849524,3.16642875663377
4678.343,2.1265228814155432,3.1684206251899267
4678.363,2.1363221237240726,3.1704124799640696
4678.383,2.146121368825702,3.1724043209516664
4678.403,2.155920616769429,3.1743961481523457
4678.423,2.1657198676021756,3.176387961570073
4678.443,2.175519121368329,3.178379761213277
4678.463,2.185318378109306,3.180371547094925
4678.483,2.1951176378631456,3.1823633192325436
4678.503,2.2049198244102572,3.184351277592346
4678.523,2.2147283775346582,3.1863349237829977
4678.543,2.2245277140152027,3.1883267670734927
4678.563,2.2343270654158043,3.1903181012718456
4678.583,2.244126420156324,3.1923094166752426
4678.603,2.2539257780434703,3.194300718372494
4678.623,2.263725139083207,3.1962920064599882
4678.643,2.2735245032768936,3.1982832809922987
4678.663,2.283323870620692,3.200274542025828
4678.683,2.2925558894121467,3.201811982774145
4678.703,2.3004468198139274,3.2027527618607445
4678.723,2.3066347461144203,3.203286135935419
4678.743,2.3110417817455544,3.2035570601084697
4678.763,2.3143455302462517,3.2034168601345914
4678.783,2.3169411468901315,3.2026300613604595
4678.803,2.318826848005342,3.2011931386801797
4678.823,2.319993994945364,3.1991283979344964
4678.843,2.320432721337581,3.1965044295479332
4678.863,2.3205312827185267,3.193626436041867
4678.883,2.320843875390091,3.1909489772067543
4678.903,2.3211012366018338,3.188262457657697
4678.923,2.3213102689125007,3.185570859395954
4678.943,2.3214708226780854,3.1828759253276666
4678.963,2.3215828449282245,3.180178536926846
4678.983,2.3216462991881683,3.1774795686632626
4679.003,2.3216621131996287,3.174780549464704
4679.023,2.321630113043252,3.1720817499384775
4679.043,2.321548074249404,3.169383336565392
4679.063,2.321417483894647,3.1666868452810215
4679.083,2.321238381453616,3.1639931506993797
4679.103,2.321010825397709,3.161303125749302
4679.123,2.3207348899670963,3.1586176420873704
4679.143,2.320410665090817,3.1559375698218943
4679.163,2.3200382563514634,3.153263777231261
4679.183,2.321476024590491,3.150300007569848
4679.203,2.3261631910347957,3.1468391338287516
4679.223,2.3326369832407283,3.1437250116628928
4679.243,2.3406618994859203,3.1411149451000475
4679.263,2.350145209005396,3.1389961012729093
4679.283,2.3599418827153364,3.1369856229204536
4679.303,2.370083356347401,3.135115044553928
4679.323,2.3802953978269774,3.1332584685611127
4679.343,2.390102105844638,3.1312662073372675
4679.363,2.3998997502442787,3.1292664068820937
4679.383,2.4096973835872126,3.12726663422756
4679.403,2.419495019281941,3.1252668759269153
4679.423,2.4292926575390066,3.1232671318660454
4679.443,2.439090298423925,3.121267402059641
4679.463,2.4488879420017415,3.1192676865210487
4679.483,2.4586855883380054,3.1172679852606766
4679.503,2.468483237498159,3.1152682982857076
4679.523,2.4782808895469044,3.1132686255998765
4679.543,2.4880785445475806,3.1112689672032854
4679.563,2.4978762025615446,3.1092693230922666
4679.583,2.5076738636475855,3.1072696932592856
4679.603,2.517471527861342,3.105270077692896
4679.623,2.5272691952547772,3.103270476377735
4679.643,2.5370668658756648,3.1012708892945624
4679.663,2.546864539767131,3.0992713164203565
4679.683,2.556662216967236,3.0972717577284343
4679.703,2.5664598975086084,3.0952722131886308
4679.723,2.5762575814181314,3.0932726827675046
4679.743,2.586055268716683,3.091273166428598
4679.763,2.595852959418945,3.089273664132708
4679.783,2.605650653533259,3.0872741758382127
4679.803,2.61544835106156,3.08527470150141
4679.823,2.6246866544350738,3.083726740892185
4679.843,2.632569063101409,3.0827638823874124
4679.863,2.638749996581771,3.082164651742752
4679.883,2.6431798702782494,3.0818389478656587
4679.903,2.646615119661228,3.081916615790807
4679.923,2.649471269112333,3.082590193000103
4679.943,2.651835874494259,3.0838569298882237
4679.963,2.653705318361657,3.0857127347982267
4679.983,2.6549982896234883,3.088112127768647
4680.003,2.6557668408574937,3.0909127876491764
4680.023,2.6562452375290864,3.0936528656633286
4680.043,2.656523617401061,3.096345886727217
4680.063,2.6567397532707555,3.0990369096419466
4680.083,2.65690742596477,3.1017314156460243
4680.103,2.6570265741440764,3.1044285051977676
4680.123,2.657097158922489,3.107127303720773
4680.143,2.657119192033674,3.109826933732479
4680.163,2.65709519724051,3.1125252293297803
4680.183,2.657020287344772,3.115223854808456
4680.203,2.6568968204334262,3.1179206883799755
4680.223,2.65672483415396,3.120614853933159
4680.243,2.6583796000047903,3.123463307869299
4680.263,2.66331180987135,3.126565072380974
4680.283,2.6699997969096203,3.1291878587371347
4680.303,2.6781970022428867,3.1311923447509047
4680.323,2.6878118972123186,3.13259821242929
4680.343,2.697731215014902,3.133872670247991
4680.363,2.708000926203552,3.1349614423611802
4680.383,2.7183517962497747,3.136029586889457
4680.403,2.728325472713844,3.137267406962687
4680.423,2.7382484764569064,3.13852362725383
4680.443,2.748173663569818,3.13978098059956
4680.463,2.7581004816971513,3.1410369151830837
4680.483,2.7680248051767347,3.1422930672150926
4680.503,2.7779483021570948,3.143549014075615
4680.523,2.7878711024027973,3.144806372086375
4680.543,2.797791073444114,3.1460662320277
4680.563,2.8077110487214547,3.1473260289695904
4680.583,2.8176310258639807,3.1485858104912916
4680.603,2.827551004889838,3.149845576999418
4680.623,2.8374709858339315,3.1511053284843014
4680.643,2.847390968729799,3.1523650649376935
4680.663,2.8573109536091668,3.1536247863567315
4680.683,2.8672309405016674,3.154884492744109
4680.703,2.8771509294345523,3.156144184108129
4680.723,2.887074288072394,3.157401084117612
4680.743,2.8970008194619976,3.15865244588122
4680.763,2.906923800106084,3.159907424952567
4680.783,2.916848067558379,3.161161765210083
4680.803,2.926772469597831,3.1624153282862535
4680.823,2.936696926176042,3.16366880396702
4680.843,2.946621160900797,3.164922663442487
4680.863,2.956544592616986,3.166175643449631
4680.883,2.966468959387587,3.1674278320330447
4680.903,2.9763922101723277,3.1686807935805743
4680.923,2.9863166889608777,3.16993348206023
4680.943,2.9962413220810538,3.1711854464617986
4680.963,3.0061660514362,3.1724373698672954
4680.983,3.016090587005858,3.173689741846661
4681.003,3.0260143449888117,3.1749413107064712
4681.023,3.0359388871282795,3.1761936524571177
4681.043,3.0458593607815625,3.1774495700976373
4681.063,3.055779836473586,3.178705466651639
4681.083,3.0657003140708574,3.179961348865483
4681.103,3.0756207935440854,3.181217216857724
4681.123,3.0855412748625564,3.1824730706899484
4681.143,3.0954617579945687,3.183728910419316
4681.163,3.105382242907796,3.1849847360985395
4681.183,3.115302729569644,3.18624054777549
4681.203,3.125223217947604,3.187496345492824
4681.223,3.135143708009613,3.188752129287676
4681.243,3.1450641997243984,3.1900078991913876
4681.263,3.1549846930618215,3.1912636552292906
4681.283,3.1649051879931998,3.192519397420551
4681.303,3.1748256844916214,3.193775125778061
4681.323,3.1847573210756925,3.195022582103742
4681.343,3.194690920735151,3.1962672702903854
4681.363,3.204623483661376,3.19751287673625
4681.383,3.214550978073808,3.198762267244281
4681.403,3.2244716766911186,3.2000164363976746
4681.423,3.2343962199700234,3.201268317762838
4681.443,3.244323590174866,3.2025189179624713
4681.463,3.254251049399817,3.203769337897264
4681.483,3.264178575562817,3.205019505008178
4681.503,3.2741061538316103,3.2062694072548914
4681.523,3.2840337758353986,3.2075190409932217
4681.543,3.29396143723005,3.2087684052200838
4681.563,3.303889135343997,3.210017499833989
4681.583,3.3138168686188547,3.211266324800552
4681.603,3.323744635996593,3.2125148804049375
4681.623,3.3336724363501142,3.2137631672374645
4681.643,3.3436002684077275,3.215011186368332
4681.663,3.353528130352282,3.216258939515423
4681.683,3.3634560189351674,3.2175064300898204
4681.703,3.3733839282032547,3.21875366487426
4681.723,3.3833118440569225,3.2200006686480447
4681.743,3.3932344434791375,3.221250291917883
4681.763,3.4031556786379933,3.2225001435158727
4681.783,3.4130769161660015,3.223749967536544
4681.803,3.422998155448646,3.2249997764216425
4681.823,3.4329193965188525,3.2262495702628207
4681.843,3.4428406394143174,3.2274993490415813
4681.863,3.4527618841718373,3.228749112742946
4681.883,3.462683130826939,3.2299988613568247
4681.903,3.472604379413561,3.231248594878268
4681.923,3.4825256299637504,3.2324983133076413
4681.943,3.4924468825073762,3.233748016650751
4681.963,3.502368137071866,3.2349977049189045
4681.983,3.512289393681961,3.236247378128903
4682.003,3.522210652359497,3.2374970363029822
4682.023,3.532131913123216,3.238746679468689
4682.043,3.5420574738827906,3.239991226358793
4682.063,3.5519820341268353,3.2412357655185073
4682.083,3.561907477106623,3.2424794161244823
4682.103,3.5718318005021255,3.2437238169403715
4682.123,3.5817573419159885,3.2449679133919993
4682.143,3.591683027231967,3.246211269614909
4682.163,3.6016087824141256,3.247454555889286
4682.183,3.611534322532439,3.2486982590234246
4682.203,3.62145907967482,3.24994111266135
4682.223,3.6313848004272766,3.2511832180142965
4682.243,3.641309422461873,3.252426142322259
4682.263,3.651239631790031,3.253666716358863
4682.283,3.6611605575402257,3.2549129182139844
4682.303,3.6710821925423227,3.25615962631106
4682.323,3.681003829483035,3.2574063174593553
4682.343,3.6909254683123582,3.258652994297707
4682.363,3.700847109000962,3.259899656910917
4682.383,3.7107687515180237,3.2611463053596452
4682.403,3.7206903958317934,3.2623929397003173
4682.423,3.7306120419099478,3.263639559984845
4682.443,3.7405336897199515,3.2648861662602373
4682.463,3.7504553392294104,3.266132758568236
4682.483,3.760376990406428,3.2673793369450177
4682.503,3.7702986432199492,3.2686259014209242
4682.523,3.7802202976401014,3.269872452020263
4682.543,3.7901419536385164,3.27111898876115
4682.563,3.8000636145795776,3.272365509769941
4682.583,3.8099972788076655,3.2736034402807546
4682.603,3.8199320979142644,3.2748387223748674
4682.623,3.829867505631195,3.276073189898588
4682.643,3.8397935871051367,3.277315573969534
4682.663,3.8497154468711607,3.2785605037757146
4682.683,3.8596424762765764,3.279802471777976
4682.703,3.8695710265705747,3.281043845114248
4682.723,3.8794996626563267,3.2822850014719265
4682.743,3.889428361951911,3.2835259016176037
4682.763,3.899357111076421,3.2847665355791538
4682.783,3.909285902677669,3.286006900451997
4682.803,3.9192147328378577,3.2872469954909316
4682.823,3.9291435991126917,3.288486820665402
4682.843,3.939072500136844,3.289726375914425
4682.863,3.949001434830547,3.2909656616402194
4682.883,3.9589304020871765,3.292204678452541
4682.903,3.968859400565471,3.2934434275373774
4682.923,3.978788428307689,3.2946819108002185
4682.943,3.9887174817714097,3.2959201319734084
4682.963,3.9986465541152763,3.2971580991206033
4682.983,4.008575629197435,3.2983958468957186
4683.003,4.01849804972413,3.2996368578479793
4683.023,4.028420441609126,3.300877489802844
4683.043,4.038342835451889,3.3021181017790866
4683.063,4.048265231039983,3.3033586986719623
4683.083,4.058187628409548,3.3045992805039845
4683.103,4.0681100275981485,3.3058398472566224
4683.123,4.0780324286423655,3.307080398915574
4683.143,4.087954831577465,3.308320935471483
4683.163,4.097877236437073,3.3095614569201675
4683.183,4.107799643252886,3.3108019632627963
4683.203,4.117722052054379,3.3120424545059994
4683.223,4.127644462868552,3.313282930661912
4683.243,4.137566875719684,3.314523391748167
4683.263,4.1474892906291245,3.315763837787821
4683.283,4.1574117076151005,3.317004268809222
4683.303,4.1673380074545445,3.3182387673653375
4683.323,4.177264767426759,3.319473811286679
4683.343,4.187191552091041,3.32070877442395
4683.363,4.197118115058956,3.3219441253463438
4683.383,4.207043873181078,3.3231785972848633
4683.403,4.216970567106595,3.324412276960114
4683.423,4.226896145127865,3.325646735251883
4683.443,4.236822954023102,3.3268809200856104
4683.463,4.246749921472688,3.3281143850285226
4683.483,4.256676985953186,3.3293478122932116
4683.503,4.266603857192213,3.330581689527264
4683.523,4.276532624411296,3.3318125822019926
4683.543,4.286455414507508,3.3330502171053458
4683.563,4.296378203406045,3.334287708160053
4683.583,4.306300994212036,3.3355251835927535
4683.603,4.316223786889991,3.336762644722324
4683.623,4.3261465814103515,3.338000091622363
4683.643,4.3360693777422,3.3392375243527987
4683.663,4.345992175853757,3.3404749429693394
4683.683,4.355914975712716,3.3417123475231154
4683.703,4.365837777286619,3.3429497380602893
4683.723,4.375760580543198,3.3441871146217084
4683.743,4.385683385450738,3.345424477242604
4683.763,4.395606191978415,3.3466618259523386
4683.783,4.405529000096636,3.3478991607742077
4683.803,4.415451809777356,3.3491364817252975
4683.823,4.425374872984342,3.3503740112329106
4683.843,4.435312253439342,3.351599535357926
4683.863,4.445244467706012,3.3528281715457657
4683.883,4.455167394278111,3.3540645549277395
4683.903,4.465091486796919,3.3553001784316403
4683.923,4.47501770583461,3.356534296351965
4683.943,4.484947254838815,3.3577671255595423
4683.963,4.494876912060304,3.358999786188849
4683.983,4.50480665399842,3.3602321743546057
4684.003,4.51473645639243,3.3614642885856143
4684.023,4.524666307217705,3.362696126775056
4684.043,4.534596200022734,3.363927689782718
4684.063,4.544526131078411,3.365158978906235
4684.083,4.554456098244675,3.3663899950251723
4684.103,4.564386100200338,3.3676207389461275
4684.123,4.574316135731862,3.3688512115833387
4684.143,4.584246203662602,3.3700814140577506
4684.163,4.594176302576245,3.3713113478050354
4684.183,4.604106430322191,3.372541015191719
4684.203,4.614036582942182,3.373770420530486
4684.223,4.623966752552567,3.374999573595416
4684.243,4.633895626523329,3.3762292864475083
4684.263,4.643819096952986,3.3774613794531065
4684.283,4.653742580691359,3.378693247004985
4684.303,4.663666066229575,3.379925097561373
4684.323,4.673589553506443,3.381156933044755
4684.343,4.6835130425592455,3.382388753450645
4684.363,4.693436533425385,3.383620558760895
4684.383,4.703360026141227,3.384852348961903
4684.403,4.71328352074176,3.386084124045059
4684.423,4.723207017260302,3.3873158840069704
4684.443,4.733130515728189,3.38854762884962
4684.463,4.743054016174497,3.3897793585804687
4684.483,4.752977518625792,3.3910110732124923
4684.503,4.762901023105891,3.3922427727641637
4684.523,4.772824529635646,3.3934744572593623
4684.543,4.782748022193193,3.394706239016301
4684.563,4.792677248846582,3.39593102519422
4684.583,4.802604021605464,3.397157405639286
4684.603,4.8125317179687865,3.39838298377964
4684.623,4.8224582959282705,3.399609316872821
4684.643,4.832386093899931,3.400835345173438
4684.663,4.8423140354578385,3.4020606354222025
4684.683,4.852242047383367,3.403285856511127
4684.703,4.862169847362855,3.4045114966670256
4684.723,4.872096865601242,3.4057362953251844
4684.743,4.882024848948945,3.406960345814173
4684.763,4.89195173321715,3.408185218120637
4684.783,4.901882103625075,3.409408702684865
4684.803,4.911805979068911,3.4106375019782806
4684.823,4.921729857366757,3.411866227168576
4684.843,4.931653737547965,3.4130949375112603
4684.863,4.941577619585153,3.4143236335543734
4684.883,4.951501503448568,3.4155523153647023
4684.903,4.9614253891072035,3.416780983001443
4684.923,4.97134927652924,3.418009636519546
4684.943,4.981273165682393,3.419238275969321
4684.963,4.991197056534278,3.420466901396054
4684.983,5.00112094905275,3.4216955128396647
4685.003,5.011044843206279,3.4229241103344097
4685.023,5.020968738964268,3.4241526939086437
4685.043,5.030892636297403,3.425381263584628
4685.063,5.040816535177964,3.4266098193783954
4685.083,5.050744971084711,3.427834582283355
4685.103,5.06068463489538,3.4290515895668
4685.123,5.07061518219245,3.43027381832869
4685.143,5.080554225271713,3.4314894300972396
4685.163,5.090479458557028,3.432715835209943
4685.183,5.100404205078714,3.433942515477153
4685.203,5.110334896305469,3.435165749377671
4685.223,5.12026570736498,3.436389072529538
4685.243,5.1301965999061325,3.437612152278115
4685.263,5.140127553315898,3.438834968621549
4685.283,5.150058555411405,3.4400575150256105
4685.303,5.159989599602826,3.441279789948034
4685.323,5.16992068209946,3.4425017934496434
4685.343,5.179851800571322,3.4437235256928984
4685.363,5.1897829536711795,3.4449449869051554
4685.383,5.199175181344182,3.445806576164674
4685.403,5.207191652839865,3.4462246523948874
4685.423,5.213495213485803,3.4463963479083057
4685.443,5.218031461123882,3.446520224687677
4685.463,5.221565300976592,3.4463072078283337
4685.483,5.224459008655348,3.445528846770976
4685.503,5.2266470024887886,3.444234369011129
4685.523,5.228088885784039,3.4423976467598485
4685.543,5.228798420813744,3.4400412184139078
4685.563,5.228949954271959,3.4373349546822176
4685.583,5.2290185718590365,3.4346108655427647
4685.603,5.229086417630299,3.4319120958670197
4685.623,5.229105709914701,3.429212382273357
4685.643,5.229087362914102,3.4265160881535457
4685.663,5.229023906450371,3.4238212435608446
4685.683,5.230777817734782,3.421033568996259
4685.703,5.235816342622698,3.4181072121736253
4685.723,5.242593167009397,3.415720879184102
4685.743,5.250856639734649,3.414005353849692
4685.763,5.260515633419113,3.4129375930904313
4685.783,5.270473537703787,3.412011477469112
4685.803,5.280783072194539,3.4112925435907213
4685.823,5.291172378365599,3.4106167561263674
4685.843,5.301201318767973,3.4097528612138674
4685.863,5.311188224594385,3.408871808961042
4685.883,5.32114668010617,3.4079638093793156
4685.903,5.331105055189292,3.407055971101478
4685.923,5.341063431574824,3.406148152039889
4685.943,5.351021809232739,3.4052403480819904
4685.963,5.360980188127563,3.404332559165357
4685.983,5.370938568224033,3.4034247852692245
4686.003,5.38089694948822,3.4025170263788893
4686.023,5.390855331887918,3.4016092824854995
4686.043,5.400813715393012,3.4007015535861123
4686.063,5.410772108436824,3.399793788784014
4686.083,5.420732961687416,3.3988879844313127
4686.103,5.4306977534626935,3.3979853179223327
4686.123,5.440657688696687,3.3970788396284406
4686.143,5.450622670763328,3.396176127597468
4686.163,5.460583152051817,3.3952707246546274
4686.183,5.470548998726424,3.394368402222602
4686.203,5.4805126983914425,3.3934649428418724
4686.223,5.490474049281111,3.392563517498729
4686.243,5.500439849813499,3.391661668077568
4686.263,5.510404688577348,3.390758843024821
4686.283,5.520369555104227,3.389856164320544
4686.303,5.530334444049133,3.388953726601157
4686.323,5.540299355462188,3.3880515418771244
4686.343,5.5502642893727,3.38714961155353
4686.363,5.560229245780042,3.386247935647353
4686.383,5.570194224666716,3.385346514030957
4686.403,5.580156785125774,3.384444210991783
4686.423,5.590115502595724,3.3835399819179828
4686.443,5.6000749618802095,3.3826365981341975
4686.463,5.610041806409896,3.381737500901688
4686.483,5.620001883347911,3.380834367140499
4686.503,5.629960616053828,3.3799305343500086
4686.523,5.639919349133001,3.379026719072842
4686.543,5.649878083561157,3.378122919882379
4686.563,5.659836819392952,3.3772191367901474
4686.583,5.669795556672385,3.3763153698192747
4686.603,5.679754295442164,3.375411618987884
4686.623,5.689713035743436,3.3745078843086893
4686.643,5.699671777615412,3.3736041657888403
4686.663,5.709630521095024,3.3727004634298283
4686.683,5.719589266216584,3.3717967772274413
4686.703,5.729548013011483,3.370893107171787
4686.723,5.739506761507909,3.36998945324736
4686.743,5.74946734450303,3.3690877127355447
4686.763,5.759431004734584,3.3681888949354106
4686.783,5.76939336637609,3.367289695260708
4686.803,5.779355796858219,3.3663904621908
4686.823,5.789318431541779,3.365492050366857
4686.843,5.799282264826216,3.364594587112546
4686.863,5.809244680147496,3.3636955733807827
4686.883,5.819207252451797,3.362798198564914
4686.903,5.8291714257194815,3.361900909485847
4686.923,5.839137057188391,3.3610025716433958
4686.943,5.849102733649357,3.3601040488246596
4686.963,5.859068435487156,3.3592057288001183
4686.983,5.869034161692781,3.358307671052454
4687.003,5.878999912254582,3.3574098837496233
4687.023,5.888965687202286,3.3565123677147923
4687.043,5.898931486486389,3.3556151225922006
4687.063,5.908897309938928,3.354718147992609
4687.083,5.918863157398471,3.353821443553743
4687.103,5.92882902850685,3.3529250087682683
4687.123,5.9387949229180474,3.352028843340315
4687.143,5.948760840633126,3.3511329471490985
4687.163,5.9587267813370195,3.350237319410215
4687.183,5.968692744353321,3.3493419594600526
4687.203,5.978658728964876,3.3484468663128846
4687.223,5.988624734831196,3.347552039262283
4687.243,5.998584038575506,3.346653826612495
4687.263,6.0085433062221645,3.3457558324448695
4687.283,6.0185025750842165,3.3448578570942167
4687.303,6.028461844999913,3.3439598968103446
4687.323,6.038421115942855,3.3430619515610376
4687.343,6.0483803878903855,3.3421640213545984
4687.363,6.058339660822825,3.341266106205445
4687.383,6.068300026862254,3.340368300662447
4687.403,6.078265077466855,3.3394751012242625
4687.423,6.08822884264848,3.3385799258136686
4687.443,6.098194992616534,3.337687491294955
4687.463,6.108158032045879,3.3367934495038885
4687.483,6.118121642976393,3.3359009195138154
4687.503,6.128088427317092,3.335009251761737
4687.523,6.138054133625781,3.3341158974804537
4687.543,6.148019864226874,3.3332227270589234
4687.563,6.157985617037837,3.3323298025499826
4687.583,6.167951392113553,3.331437131917399
4687.603,6.177917189474819,3.3305447160282027
4687.623,6.187883009116821,3.329652554835897
4687.643,6.1978488510195255,3.3287606482117513
4687.663,6.207811016361415,3.327867191562031
4687.683,6.2177725956092535,3.3269738801524618
4687.703,6.227734142753514,3.3260834234648957
4687.723,6.237693062585618,3.3251930217399326
4687.743,6.247658630788129,3.3243024736308144
4687.763,6.257620817021733,3.3234103217667097
4687.783,6.2675804321906785,3.3225162593236037
4687.803,6.277540047313733,3.3216222151987536
4687.823,6.287499663820546,3.3207281872181023
4687.843,6.2974592817691795,3.3198341753763603
4687.863,6.30741890120214,3.3189401796905833
4687.883,6.317378522160167,3.318046200172721
4687.903,6.327338144682017,3.3171522368291337
4687.923,6.337297768804119,3.316258289660502
4687.943,6.347257394560241,3.3153643586617947
4687.963,6.357217021981196,3.314470443822299
4687.983,6.367176713015428,3.313576276163981
4688.003,6.377141163884617,3.312687508531436
4688.023,6.387104365428794,3.311797311039019
4688.043,6.397067790053303,3.310908605245649
4688.063,6.407031229792052,3.310019277853974
4688.083,6.416994487802285,3.3091304398811334
4688.103,6.426959164934723,3.308242299326585
4688.123,6.436922499368241,3.307353800304417
4688.143,6.446885847107848,3.3064653769519574
4688.163,6.456851675888811,3.305578969221151
4688.183,6.466818175405714,3.304690349972401
4688.203,6.476784729196581,3.303801632305545
4688.223,6.486751312968518,3.302913134826668
4688.243,6.496717923449637,3.30202490492832
4688.263,6.506684559412287,3.301136947855051
4688.283,6.516651220249169,3.3002492634017586
4688.303,6.526617905537164,3.2993618507090403
4688.323,6.536584614938422,3.298474709193101
4688.343,6.546551348158949,3.297587838290966
4688.363,6.556518104791265,3.2967012375252245
4688.383,6.56648488445955,3.295814906456776
4688.403,6.576451687219883,3.294928844981514
4688.423,6.586418512611047,3.294043052241961
4688.443,6.596385359912238,3.2931575275467373
4688.463,6.606352228491134,3.2922722699756886
4688.483,6.616317816536508,3.291386456376871
4688.503,6.6262779532282226,3.290498035863566
4688.523,6.636238098728676,3.2896098304705936
4688.543,6.646198245353982,3.288721641998482
4688.563,6.656158393014304,3.2878334685897053
4688.583,6.666118541684263,3.286945310230655
4688.603,6.676078691341701,3.28605716693081
4688.623,6.68603884196746,3.2851690387055745
4688.643,6.696000101605152,3.28428146761353
4688.663,6.70596661499202,3.283398151457304
4688.683,6.715930729819181,3.282512734611007
4688.703,6.725898293103378,3.281630122434435
4688.723,6.735861419965353,3.280745424138363
4688.743,6.7458284235591455,3.279863851100744
4688.763,6.755794470543619,3.278981405330191
4688.783,6.765761044850463,3.278097836554436
4688.803,6.775727646608152,3.2772144662081013
4688.823,6.785694273088634,3.2763313460557844
4688.843,6.795660923617951,3.2754484821609515
4688.863,6.805627597689549,3.2745658747340873
4688.883,6.815594294910714,3.273683523345429
4688.903,6.82556101497494,3.2728014275965975
4688.923,6.835522773975437,3.2719169313459466
4688.943,6.845483213922308,3.271031950129546
4688.963,6.8554485417384825,3.2701496306749367
4688.983,6.865414301870533,3.2692687639243743
4689.003,6.875374787368875,3.2683841448817255
4689.023,6.885335246061795,3.2674995402434295
4689.043,6.895295705813125,3.2666149520728744
4689.063,6.905256166906893,3.265730380015746
4689.083,6.915216629390072,3.2648458240944853
4689.103,6.92517709330618,3.263961284330858
4689.123,6.9351375586974155,3.263076760741393
4689.143,6.945098025604294,3.262192253337146
4689.163,6.954487629148148,3.261588930712162
4689.183,6.962495695171556,3.2613211222797376
4689.203,6.968788683655116,3.2611638225565516
4689.223,6.973348621324066,3.261089177022259
4689.243,6.9771022475126765,3.26136471681347
4689.263,6.980305969776059,3.262155532871877
4689.283,6.982958870432296,3.263444728923633
4689.303,6.9850308499291875,3.2652162889341474
4689.323,6.98653211225273,3.2674463773805464
4689.343,6.98735361379381,3.2700868514265076
4689.363,6.9877734980746515,3.2729758659645714
4689.383,6.98796479556354,3.2757983093070946
4689.403,6.987907147102202,3.2784937659284124
4689.423,6.987803096623227,3.28118745692903
4689.443,6.987650519882276,3.283878844611888
4689.463,6.987447546214133,3.2865672219135784
4689.483,6.987198278377908,3.289250461460329
4689.503,6.986900635237656,3.2919285949993475
4689.523,6.986552855367556,3.2946010092308087
4689.543,6.986159109665904,3.2972661483715875
4689.563,6.985717310421578,3.2999236895944657
4689.583,6.9852257700987215,3.302572884731547
4689.603,6.984688698339063,3.3052122836946283
4689.623,6.984104045551974,3.3078415383109148
4689.643,6.983470181498992,3.3104598556232134
4689.663,6.982791335686429,3.313065893321794
4689.683,6.982065514306975,3.315659257802608
4689.703,6.981291153663262,3.3182391264995483
4689.723,6.980472491980588,3.3208042627067815
4689.743,6.979607594496562,3.323354229545194
4689.763,6.978691145973192,3.325888694864387
4689.783,6.9777212020809865,3.328407914173696
4689.803,6.976706065007442,3.330909305389162
4689.823,6.975646075713399,3.3333920161581707
4689.843,6.974541577850679,3.33585524255725
4689.863,6.973392929307546,3.338298187425896
4689.883,6.972200502197281,3.3407200602310607
4689.903,6.970964682735074,3.3431200773108563
4689.923,6.969685871110096,3.345497462119292
4689.943,6.968364481353862,3.347851445468427
4689.963,6.967000941204983,3.35018126576781
4689.983,6.965595691970473,3.3524861692611627
4690.003,6.9641491883836775,3.3547654102602458
4690.023,6.962661898458949,3.357018251375899
4690.043,6.961134303343208,3.3592439637462257
4690.063,6.959566897164436,3.3614418272619413
4690.083,6.959470005451948,3.3647344572961226
4690.103,6.962023860746284,3.3699713018628352
4690.123,6.966322051681032,3.3757276759648187
4690.143,6.9722285387305165,3.3817549450910827
4690.163,6.97965500524712,3.388021567176926
4690.183,6.9874093187930955,3.394336997311538
4690.203,6.995386691355733,3.4007851412729244
4690.223,7.003473722568862,3.4073140792857814
4690.243,7.011273853621264,3.4136523045556215
4690.263,7.019034922321556,3.419979131775169
4690.283,7.026792051356497,3.4262947923621887
4690.303,7.034549182392624,3.43261056783386
4690.323,7.042305933160173,3.4389267803456844
4690.343,7.05006289778304,3.445242236599902
4690.363,7.057817199673107,3.451555869283201
4690.383,7.065571494014705,3.457869493332151
4690.403,7.073325790558977,3.464183114088939
4690.423,7.081081607459017,3.470497304417604
4690.443,7.088842912499138,3.476812883662501
4690.463,7.096597113554146,3.4831266973197756
4690.483,7.104351496285613,3.489440208424546
4690.503,7.11210588197408,3.495753714202057
4690.523,7.119860268973693,3.502067217564604
4690.543,7.12761465732282,3.5083807185963787
4690.563,7.13537083596006,3.514695017106128
4690.583,7.143128850613539,3.5210071411874537
4690.603,7.150885041230926,3.527322334212591
4690.623,7.15863948167758,3.5336358146591844
4690.643,7.1658554740602325,3.53942033428929
4690.663,7.171787750710594,3.543943393172128
4690.683,7.176231802838859,3.5470975792093187
4690.703,7.179097989423599,3.5498287776196507
4690.723,7.180784001111356,3.5523860255634845
4690.743,7.181400922712065,3.5547476258901187
4690.763,7.181102179498511,3.556993027050098
4690.783,7.1797955964655955,3.5591007264452146
4690.803,7.17809765861133,3.561383496501295
4690.823,7.17638113826442,3.56375084914524
4690.843,7.174599702057029,3.5661234498532206
4690.863,7.172773269820334,3.5684065514741006
4690.883,7.170917594660706,3.5705646837317317
4690.903,7.168967142793215,3.5728020918295496
4690.923,7.167008433190236,3.574843296832583
4690.943,7.165027676099239,3.5770714413212774
4690.963,7.162939843935633,3.5788993889984395
4690.983,7.16079717531584,3.5805412156530716
4691.003,7.158625133149882,3.5821443186482163
4691.023,7.156424578385574,3.5837080810551067
4691.043,7.154196224466617,3.5852319950014397
4691.063,7.151940792585111,3.5867155661987113
4691.083,7.149659012829496,3.588158313325072
4691.103,7.147351623965588,3.589559768188129
4691.123,7.145019373200235,3.590919475891018
4691.143,7.1426630159397355,3.5922369949949626
4691.163,7.1402833155432495,3.593511897677852
4691.183,7.137881043071398,3.5947437698885256
4691.203,7.135456977030305,3.595932211496365
4691.223,7.133011903111378,3.5970768364358925
4691.243,7.130546613927118,3.5981772728460553
4691.263,7.1280619087433905,3.5992331632039254
4691.283,7.1255585932084395,3.6002441644525938
4691.303,7.123037479079097,3.6012099481230537
4691.323,7.120499383944527,3.60213020044995
4691.343,7.117945130947881,3.6030046224810692
4691.363,7.115375548506233,3.6038329301805243
4691.383,7.112791470029075,3.6046148545256087
4691.403,7.110702159983723,3.6071620483569435
4691.423,7.109523213861228,3.612867807041028
4691.443,7.109407507791013,3.620050670432241
4691.463,7.110399299628831,3.6284307978995276
4691.483,7.112448160835056,3.637929417814445
4691.503,7.1147266772407205,3.647667247649781
4691.523,7.116881177582822,3.6577470461220503
4691.543,7.119028455549581,3.667884545056242
4691.563,7.121289621451771,3.677637645367045
4691.583,7.123554879804866,3.6873830804379897
4691.603,7.125820249151769,3.697128533937774
4691.623,7.128085432522378,3.706874037557295
4691.643,7.130350386425203,3.7166195956564345
4691.663,7.132615104746021,3.7263652085140277
4691.683,7.134879586949368,3.7361108758494885
4691.703,7.137143833285238,3.745856597332217
4691.723,7.139407844186979,3.755602372612614
4691.743,7.141671620085584,3.76534820131598
4691.763,7.143935161245261,3.775094083150429
4691.783,7.146198468335388,3.784840017645246
4691.803,7.1484615410467285,3.7945860048554105
4691.823,7.150724380231056,3.804332044475878
4691.843,7.152986987116529,3.8140781353983217
4691.863,7.15524936198269,3.8238242771310746
4691.883,7.157511505778753,3.8335704690621473
4691.903,7.159773420551887,3.84331670930307
4691.923,7.162036698266794,3.8530592063705336
4691.943,7.1643004795887055,3.86279921083476
4691.963,7.166564219016925,3.872539224941592
4691.983,7.1688279448822145,3.88227924214883
4692.003,7.17109165751736,3.892019262406092
4692.023,7.173355356993056,3.901759285727888
4692.043,7.175619043372176,3.911499312131205
4692.063,7.177882716711767,3.9212393416346276
4692.083,7.179679583888348,3.9304090697453082
4692.103,7.180845189909039,3.938255746613147
4692.123,7.181554424585443,3.9443917868323837
4692.143,7.1819551389042395,3.9487742756184567
4692.163,7.181894410519938,3.9521949000279
4692.183,7.181243222488432,3.955070887905541
4692.203,7.179980742608477,3.957418596022026
4692.223,7.178100018582783,3.959299094207047
4692.243,7.175685282583856,3.960516741222033
4692.263,7.172939130912095,3.961254190385337
4692.283,7.170182825720992,3.9618307893035714
4692.303,7.1675041659360454,3.962164259215826
4692.323,7.164819491733286,3.9624495310960612
4692.343,7.162130122977022,3.962686433809133
4692.363,7.159436934985258,3.96287489032875
4692.383,7.156740800458228,3.9630148400298744
4692.403,7.154042592949127,3.9631062380224
4692.423,7.15134318661527,3.963149055154309
4692.443,7.1486459372253615,3.96314812639192
4692.463,7.145950939682629,3.9631078301194043
4692.483,7.143256436093243,3.963017261672137
4692.503,7.140564660279808,3.962880294671669
4692.523,7.137730094175332,3.9645575782757287
4692.543,7.134667495679172,3.9695145130573
4692.563,7.132097375615356,3.976223787782275
4692.583,7.130155050931594,3.9844428059649526
4692.603,7.128803703284758,3.9940885085630895
4692.623,7.127605445915564,4.0040174560230675
4692.643,7.126596642702839,4.014295179606577
4692.663,7.125605816301778,4.024637621255939
4692.683,7.124461807809683,4.03462415592539
4692.703,7.123280196952517,4.044554955674445
4692.723,7.122096421979959,4.054484284067366
4692.743,7.120912666917787,4.064413615904007
4692.763,7.1197289265240835,4.074342950405061
4692.783,7.11854520073488,4.084272287581527
4692.803,7.117361489531331,4.094201627443786
4692.823,7.116177792896133,4.1041309699934425
4692.843,7.1149941108132015,4.114060315223189
4692.863,7.113810443267683,4.1239896631168325
4692.883,7.112626790245994,4.133919013649425
4692.903,7.111443151735836,4.143848366787467
4692.923,7.110259527726199,4.153777722489225
4692.943,7.109075918207384,4.163707080705103
4692.963,7.10789232317099,4.173636441378113
4692.983,7.106708742609908,4.183565804444421
4693.003,7.105525176518308,4.193495169833947
4693.023,7.104341624891609,4.203424537471048
4693.043,7.103158087726449,4.21335390727525
4693.063,7.102319504373097,4.222715102249804
4693.083,7.101886191294943,4.2306968779586605
4693.103,7.1016892811803105,4.236968558351486
4693.123,7.1015427131308,4.241481663448253
4693.143,7.101796332969669,4.245018435965389
4693.163,7.102573725963116,4.247866769132112
4693.183,7.103901641210579,4.2500067612314165
4693.203,7.105758263234513,4.2514694706551
4693.223,7.108102761197485,4.252202652211148
4693.243,7.11091048595443,4.252192052561463
4693.263,7.113722569250273,4.2521287859151515
4693.283,7.116421470529065,4.252181075423299
4693.303,7.1191200038249045,4.252187303511535
4693.323,7.121819144212767,4.25214277529006
4693.343,7.124517194741103,4.25204962753008
4693.363,7.127213119271577,4.25190793378002
4693.383,7.129906043687288,4.251717739094504
4693.403,7.132595095231531,4.251479105782048
4693.423,7.135279402497416,4.251192111885988
4693.443,7.13795809570661,4.2508568511367235
4693.463,7.14063030699028,4.250473432914794
4693.483,7.143295170669149,4.2500419822091695
4693.503,7.145951823532568,4.249562639570555
4693.523,7.1485994051165855,4.24903556105976
4693.543,7.151237057980925,4.248460918191115
4693.563,7.153863927984799,4.24783889787098
4693.583,7.156479164561475,4.247169702331319
4693.603,7.159081920991522,4.2464535490584066
4693.623,7.161671354674623,4.24569067071663
4693.643,7.164246627399852,4.244881315067489
4693.663,7.166806905614301,4.244025744883749
4693.683,7.169983657842403,4.244896688452194
4693.703,7.174243906152109,4.24887125362036
4693.723,7.178490372074517,4.254665788246735
4693.743,7.181814421887633,4.25999276355508
4693.763,7.183900681162476,4.264667317135401
4693.783,7.185773207106712,4.269705002860779
4693.803,7.1873171781050615,4.2743433153382995
4693.823,7.1875938178191685,4.277345644534424
4693.843,7.187219539476339,4.27988019687446
4693.863,7.1861519829374005,4.282047350236948
4693.883,7.184330770634227,4.2838254073554225
4693.903,7.181866677094351,4.285356229632901
4693.923,7.17921448825868,4.286573324512955
4693.943,7.176584429584689,4.287630554703999
4693.963,7.173973772857207,4.2886176809383505
4693.983,7.1712802552388295,4.289610973022504
4694.003,7.168530523168037,4.290658037568797
4694.023,7.165768233949653,4.291743347089892
4694.043,7.162961245402051,4.292772714366288
4694.063,7.160135006378101,4.293729560480357
4694.083,7.157379482355785,4.29447867071598
4694.103,7.154488577003315,4.295392448823136
4694.123,7.151666070194198,4.296049070409509
4694.143,7.148865738261393,4.296592229674864
4694.163,7.1461222100282455,4.296972817488085
4694.183,7.14328527547092,4.297466124389206
4694.203,7.140476977727998,4.297831596598232
4694.223,7.137693085430696,4.298073552887446
4694.243,7.134993800435727,4.298104333091045
4694.263,7.132297024604955,4.298095511459452
4694.283,7.129601344752124,4.298041495784409
4694.303,7.126907749723237,4.297941049202351
4694.323,7.124216480848662,4.297792074275121
4694.343,7.121528333314776,4.297592693017131
4694.363,7.118656500112951,4.29924268956574
4694.383,7.115487333490442,4.304157663061613
4694.403,7.112776296975523,4.310826723933304
4694.423,7.110661497173573,4.316038730164603
4694.443,7.10922709420184,4.318934254854955
4694.463,7.108100557188658,4.3223046314609235
4694.483,7.106749526206902,4.325452900014414
4694.503,7.1058801399478515,4.326300268175319
4694.523,7.105578568749397,4.3266442457808605
4694.543,7.105577716987179,4.326654655313171
4694.563,7.105577367825895,4.326656315360706
4694.583,7.105577552917887,4.326656302535938
4694.603,7.105577591096717,4.326656295307809
4694.623,7.105577602121739,4.32665628917047
4694.643,7.105577607407067,4.326656283309704
4694.663,7.105577611383771,4.326656277520524
4694.683,7.105577615030872,4.326656271751311
4694.703,7.105577618581941,4.326656265988419
4694.723,7.105577622100142,4.326656260227819
4694.743,7.1055776256056316,4.326656254468125
4694.763,7.105577629105873,4.326656248708794
4694.783,7.105577632603943,4.326656242949598
4694.803,7.105577636101172,4.326656237190434
4694.823,7.105577639598164,4.326656231431258
4694.843,7.105577643095193,4.326656225672046
4694.863,7.1055776465923834,4.326656219912792
4694.883,7.105577650089794,4.326656214153489
4694.903,7.105577653587449,4.326656208394135
4694.923,7.105577657085362,4.32665620263473
4694.943,7.105577660583538,4.326656196875275
4694.963,7.105577664081978,4.326656191115765
4694.983,7.105577667580686,4.326656185356205
4695.003,7.105577671079661,4.326656179596594
4695.023,7.105577674578903,4.326656173836932
4695.043,7.105577678078416,4.326656168077216
4695.063,7.105577681578192,4.326656162317447
4695.083,7.105577685078239,4.326656156557625
4695.103,7.105577688578552,4.326656150797755
4695.123,7.105577692079132,4.3266561450378305
4695.143,7.10557769557998,4.326656139277854
4695.163,7.105577699081095,4.326656133517825
4695.183,7.105286490864252,4.328468652672471
4695.203,7.104381900846738,4.333817274345922
4695.223,7.102868271020757,4.342587873058019
4695.243,7.1011355945978805,4.3524323284441975
4695.263,7.099402478798976,4.362280802880134
4695.283,7.097668701928654,4.372133049931754
4695.303,7.095934959062725,4.3819851062893465
4695.323,7.094422518282379,4.392321864052566
4695.343,7.093174184019854,4.403237655779709
4695.363,7.091469523017993,4.413254431499218
4695.383,7.089765455131788,4.423122405744374
4695.403,7.088063188636746,4.432989504754365
4695.423,7.086366506230942,4.442859855847757
4695.443,7.084667109611643,4.452724525841502
4695.463,7.083376188623824,4.462020175680333
4695.483,7.082882507130175,4.4700193042976615
4695.503,7.08270829342012,4.476248915563771
4695.523,7.082717505602596,4.480671053740424
4695.543,7.082743563399185,4.483286542840241
4695.563,7.082748882399959,4.484088148780116
4695.583,7.082747833471688,4.484091063568303
4695.603,7.082747898161251,4.484091075277955
4695.623,7.082747913317205,4.48409107786954
4695.643,7.082747919785917,4.484091078845937
4695.663,7.0827479224253,4.484091079137617
4695.683,7.082747923310296,4.484091079126619
4695.703,7.082747923393646,4.484091078982816
4695.723,7.082747923113866,4.484091078782577
4695.743,7.082747922672765,4.4840910785603825
4695.763,7.082747922163092,4.484091078331776
4695.783,7.082747921627328,4.484091078103692
4695.803,7.082747921084778,4.484091077879129
4695.823,7.0827479205440795,4.484091077659298
4695.843,7.082747920008955,4.484091077444587
4695.863,7.0827479194808705,4.484091077235025
4695.883,7.082747918960271,4.484091077030475
4695.903,7.082747918447139,4.48409107683074
4695.923,7.082747917941254,4.484091076635592
4695.943,7.082747917442311,4.484091076444805
4695.963,7.082747916949987,4.484091076258154
4695.983,7.082747916463946,4.484091076075423
4696.003,7.082747915983864,4.484091075896407
4696.023,7.082747915509433,4.484091075720912
4696.043,7.082747915040357,4.484091075548752
4696.063,7.082747914576353,4.484091075379753
4696.083,7.082747914117157,4.484091075213747
4696.103,7.082747913662513,4.484091075050572
4696.123,7.082747913212184,4.4840910748900855
4696.143,7.0827479127659405,4.484091074732148
4696.163,7.0827479123235655,4.484091074576619
4696.183,7.082747911884858,4.48409107442337
4696.203,7.082747911449624,4.4840910742722855
4696.223,7.08274791101768,4.484091074123251
4696.243,7.0827479105888544,4.484091073976157
4696.263,7.082747910162981,4.4840910738309026
4696.283,7.082747909739906,4.484091073687389
4696.303,7.082747909319479,4.484091073545527
4696.323,7.082747908901564,4.484091073405229
4696.343,7.082747908486026,4.484091073266413
4696.363,7.082747908072741,4.484091073128996
4696.383,7.0827479076615925,4.484091072992909
4696.403,7.082747907252462,4.484091072858082
4696.423,7.082747906845247,4.484091072724449
4696.443,7.082747906439846,4.484091072591944
4696.463,7.082747906036165,4.484091072460512
4696.483,7.082747905634112,4.484091072330091
4696.503,7.0827479052336,4.484091072200629
4696.523,7.082747904834549,4.484091072072077
4696.543,7.082747904436882,4.484091071944387
4696.563,7.082747904040527,4.484091071817513
4696.583,7.082747903645412,4.484091071691413
4696.603,7.082747903251474,4.484091071566047
4696.623,7.082747902858652,4.484091071441375
4696.643,7.082747902466884,4.484091071317359
4696.663,7.082747902076118,4.484091071193968
4696.683,7.082747901686298,4.484091071071166
4696.703,7.082747901297377,4.484091070948922
4696.723,7.08243339188071,4.485885456183222
4696.743,7.081510474502028,4.491232949364637
4696.763,7.079979725733679,4.500002945999216
4696.783,7.078242252523659,4.509846643497678
4696.803,7.07650421994368,4.519694293351144
4696.823,7.074765540373866,4.529545620509466
4696.843,7.073026920242556,4.539396614864066
4696.863,7.071522696216535,4.549762361942517
4696.883,7.07022885688116,4.5606294534301135
4696.903,7.068514027709684,4.570558372001798
4696.923,7.066822973957305,4.580450226183344
4696.943,7.065112254540523,4.590303581111398
4696.963,7.0634015309413405,4.600158169705217
4696.983,7.061688008066178,4.610009872780757
4697.003,7.059974679132662,4.61986162471079
4697.023,7.058261365971975,4.629713379345164
4697.043,7.056548067023468,4.639565136315425
4697.063,7.054834782237222,4.649416895697963
4697.083,7.053121511577216,4.659268657574994
4697.103,7.05140963154968,4.669122527295174
4697.123,7.049701666703843,4.678979658405387
4697.143,7.0479908592445675,4.688835144363451
4697.163,7.046279170098202,4.698687727462439
4697.183,7.0445662707451335,4.708539554249124
4697.203,7.042853388503742,4.718391385483987
4697.223,7.041140520281862,4.728243219795499
4697.243,7.039427666016281,4.7380950572286595
4697.263,7.037714825672968,4.747946897837063
4697.283,7.03600199921954,4.757798741667767
4697.303,7.034289186625069,4.767650588760581
4697.323,7.032576387860146,4.777502439147604
4697.343,7.030863602896942,4.787354292852825
4697.363,7.029150831709263,4.797206149891827
4697.383,7.0274380742726095,4.807058010271561
4697.403,7.02572533056422,4.816909873990228
4697.423,7.024012600563117,4.826761741037227
4697.443,7.022299884250138,4.836613611393224
4697.463,7.020587181607961,4.8464654850302855
4697.483,7.0188744926211175,4.856317361912115
4697.503,7.017161817276007,4.866169241994363
4697.523,7.015449155560878,4.8760211252250425
4697.543,7.013736507465821,4.88587301154499
4697.563,7.012023872982741,4.8957249008884345
4697.583,7.010311252105318,4.90557679318361
4697.603,7.008598644828952,4.915428688353444
4697.623,7.006886051150708,4.925280586316289
4697.643,7.005173471069238,4.93513248698671
4697.663,7.003460904584706,4.944984390276315
4697.683,7.001748351698688,4.954836296094602
4697.703,7.000035812414077,4.9646882043498435
4697.723,6.998323286734964,4.974540114949979
4697.743,6.9966107746665305,4.984392027803502
4697.763,6.994901471131043,4.994249078631125
4697.783,6.9931922507453725,5.00410538188506
4697.803,6.991480101437336,5.0139575912064585
4697.823,6.989767933987453,5.023809786486994
4697.843,6.98805577569518,5.033661977088569
4697.863,6.986343635708124,5.043514162846164
4697.883,6.984631517994127,5.053366342118956
4697.903,6.982919425169782,5.063218513201102
4697.923,6.981609801815738,5.072541785317298
4697.943,6.98108810121886,5.08057553346259
4697.963,6.980916710246295,5.086830909639953
4697.983,6.980907442544816,5.0912811260143265
4698.003,6.980929402665434,5.093916143868787
4698.023,6.980930998585386,5.094742561882182
4698.043,6.98093175301119,5.09474511445536
4698.063,6.98093173091212,5.094745111153752
4698.083,6.980931719350839,5.094745109174254
4698.103,6.980931713600001,5.094745108046573
4698.123,6.980931710562278,5.094745107343071
4698.143,6.98093170878979,5.094745106848326
4698.163,6.9809317076112265,5.094745106457692
4698.183,6.980931706715523,5.094745106121075
4698.203,6.9809317059584375,5.094745105814615
4698.223,6.980931705272897,5.094745105526892
4698.243,6.98093170462753,5.094745105252345
4698.263,6.980931704007472,5.0947451049881565
4698.283,6.98060462589544,5.096584223281321
4698.303,6.979654194457971,5.101926842128925
4698.323,6.978094844306654,5.1106921655622655
4698.343,6.9763440885412065,5.120533447034602
4698.363,6.974592658397014,5.130378726986224
4698.383,6.972840572872834,5.140227694298142
4698.403,6.9710885448023,5.150076339858103
4698.423,6.9695691465424225,5.160438407865538
4698.443,6.968258884047677,5.171301926073387
4698.463,6.966538965908436,5.18123836447918
4698.483,6.964841718818472,5.191133433952391
4698.503,6.96311925414362,5.200989507420991
4698.523,6.96139199777857,5.210838825860161
4698.543,6.9596651935088945,5.220688225854399
4698.563,6.957938407625914,5.230537629759005
4698.583,6.956211635934415,5.240387035642678
4698.603,6.954484878370628,5.250236443550969
4698.623,6.952760987076356,5.260091583937872
4698.643,6.951035444030327,5.269940856486956
4698.663,6.949308867538412,5.279790294104423
4698.683,6.947582312937505,5.289639736196776
4698.703,6.945855772559259,5.2994891807758115
4698.723,6.94412924630034,5.309338627903461
4698.743,6.942402734123961,5.319188077661742
4698.763,6.94067623599457,5.329037530132097
4698.783,6.938952965040461,5.338893437341577
4698.803,6.937231905057774,5.348750999649648
4698.823,6.935509744021279,5.358607093462377
4698.843,6.933787012607976,5.368462987750856
4698.863,6.9320609725476015,5.378312547408074
4698.883,6.930335055279901,5.388162105084901
4698.903,6.928609152885274,5.398011665881818
4698.923,6.926883264310837,5.407861229915768
4698.943,6.925157389519183,5.417710797225385
4698.963,6.923431528483565,5.427560367840419
4698.983,6.921705681178764,5.437409941782347
4699.003,6.919979847581061,5.447259519064106
4699.023,6.918254027668302,5.457109099689917
4699.043,6.916528221419957,5.466958683655201
4699.063,6.914802428817167,5.476808270946562
4699.083,6.9130766498427825,5.486657861541887
4699.103,6.9113508844814024,5.496507455410527
4699.123,6.909625132719388,5.506357052513558
4699.143,6.907899394544873,5.5162066528041365
4699.163,6.906173669947775,5.52605625622792
4699.183,6.9044479589197705,5.535905862723596
4699.203,6.902722261454278,5.5457554722234494
4699.223,6.900996577546425,5.55560508465401
4699.243,6.899270907193,5.56545469993676
4699.263,6.897545250392394,5.57530431798889
4699.283,6.89581960714453,5.58515393872411
4699.303,6.894093977450787,5.595003562053469
4699.323,6.892368361313904,5.604853187886235
4699.343,6.890647837343374,5.614710185479101
4699.363,6.888923728597881,5.624562063515722
4699.383,6.887198433043953,5.6344119792276715
4699.403,6.88547312991263,5.64426189241287
4699.423,6.883747838713571,5.654111805975557
4699.443,6.8820225628566805,5.663961719015797
4699.463,6.880297304343844,5.673811630184178
4699.483,6.878572064869358,5.683661537985989
4699.503,6.876846846641214,5.693511440811439
4699.523,6.8751216523634975,5.703361336773212
4699.543,6.873396483783534,5.713211224310496
4699.563,6.871671345156604,5.723061101226893
4699.583,6.869946241654025,5.732910964151183
4699.603,6.8682211779745215,5.7427608094297895
4699.623,6.866496162405806,5.752610632089838
4699.643,6.864774179301366,5.762466337218865
4699.663,6.8630528323352,5.772321393289704
4699.683,6.861328227000266,5.782171163803192
4699.703,6.859604207343021,5.792021658201012
4699.723,6.857881793533191,5.801873615289971
4699.743,6.8561613865079964,5.811728420714946
4699.763,6.854440427619206,5.821585606633492
4699.783,6.852719484905101,5.8314401981867325
4699.803,6.850995903872714,5.8412907555562885
4699.823,6.849274394615359,5.851148867900476
4699.843,6.847553979352875,5.861002888510803
4699.863,6.845837801986557,5.870863758792411
4699.883,6.844117515685033,5.880719238367305
4699.903,6.842396635525968,5.890576200999794
4699.923,6.84067751653945,5.900431015768951
4699.943,6.8389572908465155,5.910287740529151
4699.963,6.837237067286103,5.920144818708975
4699.983,6.835520143906136,5.9300004081955935
4700.003,6.833800989791905,5.939856492806733
4700.023,6.832080155829142,5.949706667596168
4700.043,6.830358084646482,5.959556894505221
4700.063,6.8286360495929985,5.969407128778349
4700.083,6.82736533931536,5.978713383110638
4700.103,6.82686640190209,5.986715173782324
4700.123,6.826712638828337,5.992942208194541
4700.143,6.826720339733445,5.997367880701162
4700.163,6.826732565090361,5.999987877571232
4700.183,6.826732521214629,6.00079154097495
4700.203,6.82673343443628,6.000795292222109
4700.223,6.826733057281615,6.0008074100604425
4700.243,6.826733402359803,6.000818620855472
4700.263,6.826733750446942,6.000829857702758
4700.283,6.826734098558467,6.00084109456641
4700.303,6.826734446664335,6.000852331287067
4700.323,6.8267347947661,6.000863567874801
4700.343,6.826735142863913,6.000874804330628
4700.363,6.82673549095779,6.0008860406546205
4700.383,6.826735839047733,6.00089727684678
4700.403,6.826736187133744,6.000908512907109
4700.423,6.826736535215824,6.000919748835604
4700.443,6.826736883293977,6.000930984632269
4700.463,6.826737231368204,6.000942220297098
4700.483,6.826737579438509,6.000953455830093
4700.503,6.826737927504894,6.00096469123125
4700.523,6.826738275567361,6.000975926500573
4700.543,6.826738623625906,6.000987161638055
4700.563,6.82673897168054,6.000998396643701
4700.583,6.82673931973126,6.001009631517504
4700.603,6.826739667778071,6.001020866259467
4700.623,6.826740015820973,6.001032100869589
4700.643,6.82674036385997,6.001043335347865
4700.663,6.826740711895062,6.001054569694298
4700.683,6.826741059926252,6.0010658039088876
4700.703,6.826741407953544,6.0010770379916325
4700.723,6.826741755976937,6.00108827194253
4700.743,6.826742103996437,6.0010995057615775
4700.763,6.826742452012043,6.001110739448777
4700.783,6.8267428000237595,6.0011219730041265
4700.803,6.826743148031585,6.001133206427624
4700.823,6.826743496035524,6.001144439719267
4700.843,6.82674384403558,6.001155672879058
4700.863,6.826744192031755,6.001166905906996
4700.883,6.826744540024028,6.00117813880308
4700.903,6.826744888012386,6.001189371567337
4700.923,6.826745235996834,6.00120060419977
4700.943,6.826745583977376,6.001211836700378
4700.963,6.826745931953955,6.001223069069164
4700.983,6.82674627992652,6.001234301306099
4701.003,6.826746627895074,6.001245533411167
4701.023,6.826746975859618,6.001256765384368
4701.043,6.82674732382016,6.0012679972257
4701.063,6.826747671776694,6.0012792289351635
4701.083,6.8267480197292265,6.001290460512756
4701.103,6.8267483676777605,6.001301691958477
4701.123,6.826748715622297,6.0013129232723275
4701.143,6.826749063562839,6.001324154454304
4701.163,6.826422457381576,6.003160637581693
4701.183,6.825466127716466,6.008504645533983
4701.203,6.82389434398698,6.0172697045458845
4701.223,6.82212649557746,6.027107663120088
4701.243,6.82035796606988,6.036949743294876
4701.263,6.818588733046103,6.046795746424957
4701.283,6.816819495025551,6.056641781616441
4701.303,6.815251441068688,6.066933709890336
4701.323,6.813951502261902,6.077821620758991
4701.343,6.812260780603887,6.087926130537263
4701.363,6.810564925168362,6.09785417550245
4701.383,6.8088352402842975,6.107716733639374
4701.403,6.8070978959266775,6.117569678551153
4701.423,6.805358204041878,6.127416812626024
4701.443,6.80361852999261,6.1372639583605455
4701.463,6.801878869569393,6.147111107463789
4701.483,6.800139222733487,6.1569582598050205
4701.503,6.798399589472265,6.166805415333263
4701.523,6.796659969775002,6.176652573991204
4701.543,6.794920363632794,6.186499735714793
4701.563,6.793180771038526,6.1963469004338485
4701.583,6.7914411919868325,6.206194068072712
4701.603,6.789701626474054,6.216041238550985
4701.623,6.787962074498176,6.2258884117842985
4701.643,6.786222536058751,6.235735587685122
4701.663,6.784483011156828,6.245582766163626
4701.683,6.782743499794853,6.2554299471285395
4701.703,6.781004001976561,6.265277130488052
4701.723,6.779267696671143,6.275128619399178
4701.743,6.777531329138388,6.284981022599096
4701.763,6.775792190903818,6.294828501693955
4701.783,6.774053029303552,6.3046759727772494
4701.803,6.772313871887681,6.314523442390445
4701.823,6.770574727227335,6.324370909956708
4701.843,6.768835599632625,6.3342183738542825
4701.863,6.767096492411071,6.344065832270029
4701.883,6.765357408675384,6.3539132832661425
4701.903,6.763618350849564,6.36376072528801
4701.923,6.7618793237187065,6.373608155684706
4701.943,6.7601403327560075,6.383455570852796
4701.963,6.758401383027014,6.3933029671243276
4701.983,6.756662483752606,6.403150338615458
4702.003,6.754929386793399,6.413007905849631
4702.023,6.753191535870027,6.4228562135711
4702.043,6.7514530883168975,6.432703540780155
4702.063,6.7497161386492,6.442553148943929
4702.083,6.747980205129696,6.452403405195019
4702.103,6.746246463284481,6.4622561649771875
4702.123,6.744511770806795,6.472112236713512
4702.143,6.7427748752964405,6.481960408294148
4702.163,6.74103930284587,6.491814451225897
4702.183,6.7393037854488735,6.501666436785828
4702.203,6.737572910100428,6.511523163474255
4702.223,6.735839160008701,6.521375800223666
4702.243,6.734104662195239,6.531229961778638
4702.263,6.732369613605941,6.5410834814883625
4702.283,6.730636971120963,6.550936894426553
4702.303,6.728902915128981,6.560791186539416
4702.323,6.727168533951891,6.570644823143112
4702.343,6.725438115106785,6.580497722205129
4702.363,6.723704729480262,6.590351649143466
4702.383,6.7219700310639485,6.600199077866838
4702.403,6.720234122512917,6.6100468758242625
4702.423,6.718498234819158,6.619894678148242
4702.443,6.716762361289106,6.629742483533517
4702.463,6.71546311887388,6.6390301575367205
4702.483,6.714646367568403,6.646951026376954
4702.503,6.714190998245766,6.653169977882248
4702.523,6.7139221110293335,6.657613963208672
4702.543,6.714071863879438,6.661026614793729
4702.563,6.714801596844798,6.6638131957532964
4702.583,6.716090409566131,6.66590313523703
4702.603,6.717972095885797,6.667298378269659
4702.623,6.720388155658074,6.667989217689322
4702.643,6.723305883621038,6.667955879425043
4702.663,6.726159166525979,6.667969348739542
4702.683,6.728851489611764,6.6681615944553165
4702.703,6.7315474077814414,6.668305380798784
4702.723,6.734245472360863,6.668400618780288
4702.743,6.736944804506169,6.668447277678076
4702.763,6.7396426686501165,6.668447720578034
4702.783,6.742341764576801,6.668397498810788
4702.803,6.745039604422675,6.668298666603102
4702.823,6.747735214804024,6.668151292811446
4702.843,6.750427721481502,6.667955425070601
4702.863,6.753116252107231,6.66771112757858
4702.883,6.755799935703572,6.66741848024081
4702.903,6.758477902936698,6.667077578630476
4702.923,6.761149286397146,6.666688533952682
4702.943,6.763813220879679,6.666251473003701
4702.963,6.766468843662389,6.665766538125199
4702.983,6.7691152947848705,6.665233887153458
4703.003,6.771751717325451,6.664653693363586
4703.023,6.774377257677346,6.664026145408724
4703.043,6.776991065823657,6.6633514472542785
4703.063,6.779592295611072,6.662629818107164
4703.083,6.782180105022194,6.661861492340106
4703.103,6.784753656446362,6.661046719411035
4703.123,6.78791616707816,6.661968038221319
4703.143,6.792112724362213,6.666009800827729
4703.163,6.796266576933847,6.671871086093155
4703.183,6.800183141536925,6.679345983960018
4703.203,6.803859513116657,6.688340821764438
4703.223,6.80748144593242,6.697662679143396
4703.243,6.811064867615975,6.707303250373548
4703.263,6.814655455947928,6.717037803218956
4703.283,6.818267495599598,6.726381579693873
4703.303,6.821880956153167,6.735709232482384
4703.323,6.825494149544125,6.745037556387445
4703.343,6.829107172345037,6.754365945811693
4703.363,6.832720032609116,6.763694398751059
4703.383,6.836332731490966,6.773022914613689
4703.403,6.839945269303273,6.782351493069194
4703.423,6.843557646202024,6.791680133867864
4703.443,6.847170699264395,6.801007297272897
4703.463,6.850782342604047,6.810341334959519
4703.483,6.854394604899904,6.819669403435997
4703.503,6.858005955181509,6.829001538128327
4703.523,6.8616185225643225,6.838325761017038
4703.543,6.865231085812097,6.847649983525557
4703.563,6.868843637669439,6.85697421040369
4703.583,6.872456178056868,6.866298441717457
4703.603,6.87606870695937,6.875622677487198
4703.623,6.8796812243657754,6.884946917731905
4703.643,6.883293730268616,6.894271162469349
4703.663,6.886906224664478,6.903595411715766
4703.683,6.8905187075542935,6.912919665485589
4703.703,6.8941311789435815,6.922243923791182
4703.723,6.8977436388426305,6.9315681866426075
4703.743,6.901356087266631,6.940892454047424
4703.763,6.90496852423572,6.950216726010509
4703.783,6.9085810026109975,6.959541101571639
4703.803,6.912192329641962,6.968870005244403
4703.823,6.9158033839687985,6.978200060544751
4703.843,6.919414601163733,6.987530090668989
4703.863,6.923025819122978,6.9968588288270634
4703.883,6.926637104039511,7.006186349567233
4703.903,6.930248329387822,7.015513833421183
4703.923,6.933859506684152,7.024841339579462
4703.943,6.937470643239045,7.034168861975722
4703.963,6.941081744421731,7.043496397656483
4703.983,6.944692815613835,7.0528239437948805
4704.003,6.948303861773605,7.062151497537277
4704.023,6.951914887203689,7.071479056129823
4704.043,6.955525896372985,7.080806616681529
4704.063,6.9591368916746985,7.090134176431166
4704.083,6.9627477279303305,7.099462937931889
4704.103,6.966358714287638,7.108790478963636
4704.123,6.9699696585385,7.118118037913789
4704.143,6.9735804269520045,7.127446778817371
4704.163,6.977190919557306,7.13677566193062
4704.183,6.980801587087835,7.146100628202776
4704.203,6.9839042004176335,7.154886758809503
4704.223,6.986046947690053,7.162381504990855
4704.243,6.987589049200072,7.168188129232584
4704.263,6.988526289912186,7.17228460181972
4704.283,6.98878624031844,7.175500470745257
4704.303,6.988341895703693,7.178381797244611
4704.323,6.987199660007075,7.180832517953623
4704.343,6.985372538714439,7.182831287594429
4704.363,6.982889081229099,7.184364618966157
4704.383,6.980188651701151,7.185672378649568
4704.403,6.977463268444213,7.1869220407652525
4704.423,6.974714176830855,7.188114833502881
4704.443,6.971941096156464,7.18925487651125
4704.463,6.969145480499425,7.19034013760441
4704.483,6.966328304956908,7.191370513672322
4704.503,6.963490700507345,7.192345333577809
4704.523,6.960633332102687,7.19326399660383
4704.543,6.957758407085908,7.194124899353042
4704.563,6.954867828827032,7.194924656869814
4704.583,6.951965267764194,7.195657246949215
4704.603,6.949183437419712,7.196048665079857
4704.623,6.946488968204322,7.19621380036072
4704.643,6.9437917018108894,7.196330450805266
4704.663,6.941136184238325,7.198279941507044
4704.683,6.938579083373305,7.203515122080521
4704.703,6.9366858064136725,7.2104448663686425
4704.723,6.935568552018217,7.218809104018249
4704.743,6.935198045352783,7.228519029407483
4704.763,6.9349907725856745,7.2385177382115025
4704.783,6.934884863349721,7.2488679992384775
4704.803,6.934738900700016,7.2593492853520765
4704.823,6.934540838184089,7.269352127066617
4704.843,6.93433754450714,7.279349730011815
4704.863,6.934134280514639,7.289347331240372
4704.883,6.933931033052242,7.299344933279422
4704.903,6.933727801988015,7.309342536209861
4704.923,6.933524587307322,7.3193401400810725
4704.943,6.933321388993358,7.329337744936502
4704.963,6.933118207026126,7.33933535081349
4704.983,6.932915041382584,7.349332957742867
4705.003,6.932711892036824,7.359330565748618
4705.023,6.93250875896029,7.369328174847623
4705.043,6.932305642122028,7.379325785049468
4705.063,6.932102541488958,7.389323396356321
4705.083,6.931899457026161,7.399321008762894
4705.103,6.931696388697208,7.409318622256477
4705.123,6.9314933364644755,7.419316236817051
4705.143,6.93129030028951,7.429313852417459
4705.163,6.931087280133368,7.439311469023673
4705.183,6.930884275956984,7.449309086595111
4705.203,6.930681287721544,7.459306705085034
4705.223,6.930478315388837,7.469304324440994
4705.243,6.930275358921623,7.479301944605353
4705.263,6.930072418283981,7.489299565515832
4705.283,6.929871790866078,7.499300805975953
4705.303,6.929677926870819,7.509309499116201
4705.323,6.929485304107577,7.519317159625462
4705.343,6.929283241136478,7.529314810714397
4705.363,6.929081252130267,7.539312451563779
4705.383,6.928879279359389,7.549310092640521
4705.403,6.9286773222901985,7.55930773398132
4705.423,6.928475380900202,7.569305375510946
4705.443,6.928273455175212,7.5793030171547935
4705.463,6.928071545104907,7.589300658840797
4705.483,6.927869650682847,7.5992983005001475
4705.503,6.927667771906497,7.609295942067954
4705.523,6.9274659087772,7.619293583483859
4705.543,6.927264061300134,7.62929122469263
4705.563,6.927062229484225,7.639288865644685
4705.583,6.92686041334201,7.649286506296568
4705.603,6.926665036792974,7.659290968099652
4705.623,6.926472511946527,7.669299811904961
4705.643,6.926280113477565,7.679305215713146
4705.663,6.92607947217908,7.689302879319201
4705.683,6.9258840277288884,7.699305596965998
4705.703,6.92569092267445,7.709311534198548
4705.723,6.925494316412655,7.71931248690497
4705.743,6.925295650192326,7.729310229303335
4705.763,6.925097140024423,7.7393078908984805
4705.783,6.9248993589394034,7.749305368794354
4705.803,6.924704515040098,7.759309225520165
4705.823,6.924509551841463,7.769313988500797
4705.843,6.924314823518758,7.77931876616805
4705.863,6.924120388056,7.78932355049991
4705.883,6.923926252862257,7.799328340742489
4705.903,6.923732418711447,7.809333136633039
4705.923,6.923538885375669,7.819337937984301
4705.943,6.923345652048432,7.829342744436699
4705.963,6.923152717166221,7.839347555081934
4705.983,6.922960078538258,7.849352368476746
4706.003,6.922767731553171,7.8593571818099655
4706.023,6.9225756644395355,7.869361988058997
4706.043,6.922382362279467,7.879364725120727
4706.063,6.9221863647903215,7.889362479947189
4706.083,6.921990520960111,7.8993602286034
4706.103,6.921794694832419,7.909357977910546
4706.123,6.92159888515554,7.919355728002499
4706.143,6.921403091909841,7.929353478937578
4706.163,6.921207315083835,7.939351230768728
4706.183,6.921011554662796,7.949348983543697
4706.203,6.920815810628726,7.959346737304536
4706.223,6.920620082960483,7.9693444920871395
4706.243,6.920424371633943,7.979342247920862
4706.263,6.920228676622168,7.989340004828186
4706.283,6.920032997895651,7.99933776282448
4706.303,6.919837335422548,8.00933552191781
4706.323,6.91964168916895,8.019333282108832
4706.343,6.9194460590991955,8.029331043390771
4706.363,6.919250445176174,8.039328805749458
4706.383,6.919054847361667,8.049326569163453
4706.403,6.918859265616688,8.059324333604236
4706.423,6.918663699901849,8.069322099036482
4706.443,6.918468150177712,8.079319865418379
4706.463,6.918272616405162,8.089317632702047
4706.483,6.918077098545763,8.099315400833989
4706.503,6.917881596562126,8.109313169755618
4706.523,6.917686110418242,8.119310939403814
4706.543,6.917490640079839,8.129308709711557
4706.563,6.917295185514684,8.139306480608573
4706.583,6.917099746692893,8.149304252022029
4706.603,6.91701379176221,8.158713242890661
4706.623,6.916993639438878,8.16672221379275
4706.643,6.916979949259849,8.17303622900835
4706.663,6.9169252089815245,8.177681883872172
4706.683,6.9165214090008496,8.181518571251548
4706.703,6.915702228617246,8.184647154830824
4706.723,6.914473154003707,8.18706973351399
4706.743,6.912835287161214,8.188782417819493
4706.763,6.910787859746014,8.189775995117326
4706.783,6.908335668985187,8.190048829735321
4706.803,6.905658657897012,8.189844517875036
4706.823,6.902977007350252,8.189579233803412
4706.843,6.900300507744348,8.189263731548163
4706.863,6.897630684297324,8.188902154563772
4706.883,6.894967839146169,8.18849249476364
4706.903,6.8923128368225,8.188032969798094
4706.923,6.889667036723948,8.187527774241754
4706.943,6.887030774329046,8.186974924017129
4706.963,6.8844049433440615,8.186372713085552
4706.983,6.881790811704809,8.185725355794835
4707.003,6.879188752553177,8.185030911634762
4707.023,6.876599685879502,8.184287752457406
4707.043,6.874024784432964,8.183500100966247
4707.063,6.871464457621484,8.182666067612423
4707.083,6.8689180352047385,8.181774355423885
4707.103,6.8663872933920205,8.180834855311483
4707.123,6.863873875310859,8.179849961783798
4707.143,6.861378600213897,8.178819995843227
4707.163,6.858902275744946,8.1777452916608
4707.183,6.8564457032652975,8.17662619781332
4707.203,6.854009677654359,8.17546307717711
4707.223,6.8515949870618345,8.174256306805127
4707.243,6.849202412661882,8.173006277800054
4707.263,6.846832728409837,8.171713395183637
4707.283,6.844486700801609,8.170378077762301
4707.303,6.842165088635802,8.169000757989213
4707.323,6.83986864277869,8.167581881822908
4707.343,6.837598105932042,8.166121908582566
4707.363,6.835354212403898,8.164621310800127
4707.383,6.83313768788227,8.163080574069271
4707.403,6.830949249211814,8.16150019689147
4707.423,6.828789604173398,8.159880690519131
4707.443,6.82665945126659,8.158222578795934
4707.463,6.824559479494961,8.156526397994446
4707.483,6.822490368154142,8.154792696650997
4707.503,6.8204527866225275,8.153022035397864
4707.523,6.818447394154548,8.151214986792702
4707.543,6.816474839676341,8.149372135145175
4707.563,6.81453576158377,8.147494076340694
4707.583,6.812630787542625,8.145581417661102
4707.603,6.8107605342909325,8.143634777602218
4707.623,6.808925607443271,8.141654785687974
4707.643,6.807126601297042,8.139642082280993
4707.663,6.805364098640662,8.137597318389378
4707.683,6.803638670563677,8.135521155469476
4707.703,6.801950876268836,8.133414265224404
4707.723,6.800301262886246,8.131277329398149
4707.743,6.798690365289673,8.129111039565007
4707.763,6.797118705915237,8.12691609691427
4707.783,6.795586794582647,8.12469321203
4707.803,6.794095128319299,8.122443104665829
4707.823,6.791054860734192,8.121174233455616
4707.843,6.785251016388707,8.121685510016617
4707.863,6.778337879113164,8.123639704742153
4707.883,6.770596379841187,8.126998805995534
4707.903,6.7620875908175,8.131691732241716
4707.923,6.7534158843958405,8.13667331548221
4707.943,6.744463835864371,8.141701917508442
4707.963,6.73539821833562,8.146769122176647
4707.983,6.726694001866536,8.151762832259283
4708.003,6.718012267292168,8.156740544695497
4708.023,6.709335597177216,8.161716875950072
4708.043,6.700658853315246,8.166693104779947
4708.063,6.691982048916154,8.171669232289801
4708.083,6.683305183772928,8.176645256804335
4708.103,6.6746282582527545,8.181621178319519
4708.123,6.665951272743795,8.186596997015537
4708.143,6.657274227578474,8.191572713054109
4708.163,6.6485988332805555,8.196548693047868
4708.183,6.639914807575333,8.201526676933387
4708.203,6.631727080348209,8.206007632133511
4708.223,6.624792971319363,8.209316187812787
4708.243,6.619500604972143,8.211640140978416
4708.263,6.615761717214537,8.213167043259586
4708.283,6.612712240053405,8.213816974609472
4708.303,6.610120773518427,8.21367528686886
4708.323,6.608041601941875,8.21269144206434
4708.343,6.606281574941049,8.210954820722232
4708.363,6.60490932170146,8.208602640672117
4708.383,6.603294656232341,8.206173062980188
4708.403,6.601774038449606,8.203684233961528
4708.423,6.600360868659937,8.201190110342031
4708.443,6.598977305000635,8.198660130457796
4708.463,6.597593471700855,8.196104895554537
4708.483,6.59613582603295,8.193482784629142
4708.503,6.595000270460052,8.190874830274527
4708.523,6.593840464167855,8.188284537470693
4708.543,6.592690986292973,8.185614694679701
4708.563,6.591453965270821,8.182901631178332
4708.583,6.590255495351783,8.180164853362983
4708.603,6.589106580741252,8.17738784449606
4708.623,6.5882139606884,8.174660530112385
4708.643,6.587453480440123,8.171974803980183
4708.663,6.5865022066348065,8.169149689823795
4708.683,6.585844332232122,8.166385149042922
4708.703,6.585466132067941,8.163712624690152
4708.723,6.5851359770180755,8.161033101917878
4708.743,6.584854103622471,8.158348072029773
4708.763,6.584620604115536,8.155658410358166
4708.783,6.5844355539040045,8.152964988377498
4708.803,6.584299012679404,8.150268678672084
4708.823,6.584211024414122,8.147570354701712
4708.843,6.584171617351931,8.144870890522188
4708.863,6.584178403484841,8.142173068397895
4708.883,6.584235901839897,8.139474054475679
4708.903,6.584341984189899,8.136776472506408
4708.923,6.582618093074563,8.133969280673368
4708.943,6.5776115565077715,8.130988983884436
4708.963,6.57086148544034,8.128530431312653
4708.983,6.5626177641082,8.126726878591054
4709.003,6.552971394653817,8.125556423638143
4709.023,6.543023881156454,8.124524783814863
4709.043,6.532724944452482,8.123693853342385
4709.063,6.522360401509518,8.12288193371119
4709.083,6.512358504401716,8.12190584192386
4709.103,6.502393445719854,8.120903202050716
4709.123,6.492433578516956,8.119897513260584
4709.143,6.482485542887264,8.118882443704702
4709.163,6.472537526022176,8.117867425384821
4709.183,6.462589507717995,8.116852422535603
4709.203,6.452641487803667,8.115837434888018
4709.223,6.442693466333949,8.114822462468359
4709.243,6.432745443367436,8.113807505302487
4709.263,6.4227974189634605,8.11279256341302
4709.283,6.412849393181438,8.111777636818957
4709.303,6.402901366080233,8.110762725535396
4709.323,6.392953337717533,8.109747829573282
4709.343,6.383005308149237,8.108732948939203
4709.363,6.373057277428858,8.107718083635227
4709.383,6.363109245606969,8.106703233658804
4709.403,6.353161212730655,8.105688399002712
4709.423,6.3432131788430235,8.104673579655056
4709.443,6.333265143982741,8.103658775599303
4709.463,6.323888797185522,8.102953358496174
4709.483,6.315896250074888,8.102638954765983
4709.503,6.3096077625157365,8.102538141262457
4709.523,6.305057578116336,8.102497086227434
4709.543,6.301515432093631,8.102763633944626
4709.563,6.298660707936929,8.103597918676009
4709.583,6.296517998164757,8.104947412523417
4709.603,6.295038080740045,8.106810577829165
4709.623,6.294337452973896,8.109137883281345
4709.643,6.294369104723278,8.111924221043347
4709.663,6.294441041178863,8.114712044580168
4709.683,6.294428773024829,8.117410764131716
4709.703,6.294453489658764,8.120107019863251
4709.723,6.294524662845437,8.122801597609737
4709.743,6.294644388682721,8.125494359170888
4709.763,6.294814541075021,8.128184513702255
4709.783,6.295030998132712,8.130870543270127
4709.803,6.295295833427196,8.1335521833644
4709.823,6.295610885959677,8.136228576523532
4709.843,6.29597199262318,8.13889832893631
4709.863,6.296381181282793,8.141561097527228
4709.883,6.296840228828119,8.14421601282055
4709.903,6.297344934355466,8.14686175137815
4709.923,6.297897292682996,8.149497954733258
4709.943,6.298499005979752,8.152123717381567
4709.963,6.299145852357866,8.154737807191692
4709.983,6.29983978558013,8.15733982551425
4710.003,6.300582428566467,8.159928843030762
4710.023,6.30136955018492,8.162503722484269
4710.043,6.302203055410838,8.165064027068054
4710.063,6.3030844855696975,8.167608806052968
4710.083,6.303437468450499,8.1696324399034
4710.103,6.302810106897175,8.17062850137651
4710.123,6.301219714684783,8.170670211322943
4710.143,6.298962104489155,8.169834979565417
4710.163,6.297181796623058,8.168288472216561
4710.183,6.295645949468641,8.166037936534918
4710.203,6.2943457830268015,8.163384553422949
4710.223,6.293025749379215,8.160674672617441
4710.243,6.2917512471088965,8.157936948294047
4710.263,6.290537045627827,8.155173270892144
4710.283,6.28940231704771,8.152387603435042
4710.303,6.288299497588603,8.149571461500484
4710.323,6.287257823255711,8.146735456407216
4710.343,6.286524990377396,8.143968157533923
4710.363,6.2857714777309885,8.141182120597362
4710.383,6.2852100075149515,8.13842580328433
4710.403,6.284657517425307,8.135650415592039
4710.423,6.284071455578844,8.132808014773564
4710.443,6.283859340944388,8.130112100562313
4710.463,6.28370679930366,8.127416655949363
4710.483,6.2836027939245325,8.12471888227792
4710.503,6.283547363650335,8.122019682300563
4710.523,6.283539788101,8.119320972160715
4710.543,6.283567650376543,8.11662682338991
4710.563,6.283643655602984,8.113932255048205
4710.583,6.2837701198221545,8.111239333274401
4710.603,6.283942948732817,8.108549787650642
4710.623,6.284164224215643,8.105863856960243
4710.643,6.284435800556593,8.103182359792202
4710.663,6.284753530949541,8.100506774313232
4710.683,6.285119456291779,8.097837360177461
4710.703,6.285535380353506,8.095175007983618
4710.723,6.285997106400958,8.092521091110957
4710.743,6.286506626161994,8.089875940495546
4710.763,6.287065672763846,8.087240436620924
4710.783,6.287670035890782,8.084615872658313
4710.803,6.288321668127221,8.082002618949112
4710.823,6.289022224604786,8.079401581957196
4710.843,6.289767482618874,8.07681396044308
4710.863,6.290559347389452,8.07424016256591
4710.883,6.291399393657298,8.071681118499491
4710.903,6.292283397650121,8.069137929881627
4710.923,6.293222930512025,8.066609653554842
4710.943,6.294211841169899,8.064097787081177
4710.963,6.2935089877467,8.060879647400169
4710.983,6.289763746426169,8.056416427161086
4711.003,6.284200335523727,8.05187136957663
4711.023,6.277010866795071,8.047452681357036
4711.043,6.268288916622736,8.043164738934774
4711.063,6.259236740583202,8.038913320535757
4711.083,6.249881839429602,8.034660551138554
4711.103,6.240402663691899,8.030380485629486
4711.123,6.231290283424689,8.026142703223464
4711.143,6.222235938033123,8.021892620411494
4711.163,6.213182232443848,8.017647365906758
4711.183,6.204128518056694,8.013402139410005
4711.203,6.19507479954177,8.009156922189632
4711.223,6.186021076967524,8.004911713971076
4711.243,6.176967350368966,8.00066651465509
4711.263,6.167913619778998,7.9964213241465165
4711.283,6.158859885228502,7.99217614235305
4711.303,6.149806146746203,7.98793096918578
4711.323,6.140752404358506,7.983685804559682
4711.343,6.131698658089386,7.979440648394124
4711.363,6.122644907960274,7.975195500613323
4711.383,6.11359115398997,7.970950361146789
4711.403,6.104537396194577,7.9667052299297
4711.423,6.095483634587456,7.962460106903273
4711.443,6.086429869179205,7.958214992015053
4711.463,6.077376099977649,7.953969885219167
4711.483,6.068322326987874,7.949724786476538
4711.503,6.059268550212267,7.9454796957550045
4711.523,6.05020922284467,7.9412354460813495
4711.543,6.0411483876658965,7.936991718942833
4711.563,6.032089927052559,7.932747174881048
4711.583,6.023031766620382,7.928502654351411
4711.603,6.013975068258812,7.924258122994044
4711.623,6.004918345422443,7.920013613265474
4711.643,5.99586284860198,7.915769104008395
4711.663,5.986808553944576,7.911524591688717
4711.683,5.977754253232889,7.90728010250797
4711.703,5.968699937843525,7.9030356416664596
4711.723,5.9596456073457,7.898791216039147
4711.743,5.950591257003783,7.894546831898248
4711.763,5.941536884705142,7.890302495744408
4711.783,5.932970504239824,7.88652130387519
4711.803,5.925685397633657,7.883853562731255
4711.823,5.920070728864434,7.8819704959876535
4711.843,5.916126523699097,7.880802230620039
4711.863,5.913106396806946,7.880435616962772
4711.883,5.910650762299415,7.8809184375147305
4711.903,5.9087719956386096,7.882242674777026
4711.923,5.907489171239488,7.8843925158106085
4711.943,5.90647886683291,7.886896457118289
4711.963,5.905513202756606,7.889417456856858
4711.983,5.904593065800955,7.891955443691596
4712.003,5.903718751679395,7.894509590135957
4712.023,5.902890544456834,7.897079068335806
4712.043,5.902108713281994,7.899663045420482
4712.063,5.901373512250272,7.9022606837452445
4712.083,5.9006851803118545,7.904871141176271
4712.103,5.900043941186882,7.907493571377318
4712.123,5.899450003287108,7.910127124097366
4712.143,5.898903559644077,7.912770945458964
4712.163,5.898404787843726,7.915424178247018
4712.183,5.897953849967328,7.918085962197834
4712.203,5.897550892538666,7.920755434288168
4712.223,5.897196046477365,7.923431729024193
4712.243,5.896889427058194,7.926113978730243
4712.263,5.896631133876295,7.928801313837202
4712.283,5.896421250818185,7.9314928631705275
4712.303,5.896259846038413,7.934187754237766
4712.323,5.896146971941795,7.936885113515589
4712.343,5.8960826651711,7.939584066736281
4712.363,5.896066151775989,7.942283025524846
4712.383,5.896086764130368,7.944978855085877
4712.403,5.8961558360100454,7.947674009620638
4712.423,5.8962712904103505,7.950366801531204
4712.443,5.896435288295666,7.953056960511819
4712.463,5.896649650845997,7.955743780508785
4712.483,5.8969102224194465,7.958425665668495
4712.503,5.897219147799922,7.961102324975069
4712.523,5.8975781778477465,7.963773050245327
4712.543,5.897983120283231,7.966436289524643
4712.563,5.898436076843772,7.969091740090693
4712.583,5.898938736735207,7.97173861833666
4712.603,5.899486879564953,7.974375520629056
4712.623,5.900082556360388,7.977002082200543
4712.643,5.900727393596288,7.979617481505256
4712.663,5.901417154161081,7.982220424719634
4712.683,5.902153832816122,7.9848105017315785
4712.703,5.902938987767403,7.987386859324147
4712.723,5.903768375304583,7.989948311907309
4712.743,5.902881819141954,7.993119649405684
4712.763,5.89888628438048,7.997360475525215
4712.783,5.8930704542694405,8.001579216040442
4712.803,5.885638453239626,8.005578645927223
4712.823,5.8766842039485825,8.009355342378555
4712.843,5.86740325487389,8.013080961390553
4712.863,5.857806217942388,8.016774675853958
4712.883,5.848115644662425,8.020478404684654
4712.903,5.838819403489351,8.0241938741678
4712.923,5.829536838002541,8.02791225486035
4712.943,5.820254220951028,8.031630466668371
4712.963,5.810971599027939,8.035348666219383
4712.983,5.801688972690413,8.039066854897339
4713.003,5.792406341996052,8.042785032684508
4713.023,5.783123707000391,8.046503199552774
4713.043,5.773841067759897,8.050221355476838
4713.063,5.764558424331503,8.053939500434819
4713.083,5.755275776772105,8.05765763440872
4713.103,5.745993125138061,8.061375757384788
4713.123,5.736710469484686,8.065093869353886
4713.143,5.727427809865767,8.068811970311753
4713.163,5.718145146333067,8.072530060259249
4713.183,5.70886247893587,8.076248139202516
4713.203,5.699579807720544,8.079966207153088
4713.223,5.690297132730107,8.08368426412794
4713.243,5.681014454003864,8.087402310149457
4713.263,5.671731771577049,8.091120345245365
4713.283,5.66244908548051,8.094838369448599
4713.303,5.653166395740454,8.098556382797094
4713.323,5.643883702378203,8.10227438533355
4713.343,5.634598018686601,8.105992038427603
4713.363,5.625311769915013,8.10970863163127
4713.383,5.616029029613694,8.113426530013074
4713.403,5.606746252717334,8.117144318538703
4713.423,5.597463471863514,8.12086209540133
4713.443,5.588180687338707,8.124579861561324
4713.463,5.578897899133669,8.12829761710174
4713.483,5.5696151072315025,8.132015362098365
4713.503,5.560332311610488,8.135733096627016
4713.523,5.551049512244389,8.139450820763063
4713.543,5.54176608736918,8.143168216675429
4713.563,5.532468484982276,8.146880396984908
4713.583,5.523178307811456,8.150596523006397
4713.603,5.51389257818793,8.15431349972353
4713.623,5.504606876187476,8.158030121493768
4713.643,5.495316224898816,8.1617459182368
4713.663,5.486025314346953,8.16546342139767
4713.683,5.47673486056113,8.169179679583902
4713.703,5.467443750896452,8.172894802900869
4713.723,5.458150813155323,8.17661059714121
4713.743,5.448857154719708,8.180326624093512
4713.763,5.439567012386652,8.18404179978648
4713.783,5.4302726313313325,8.187756565977496
4713.803,5.420977854399717,8.191471203197695
4713.823,5.411687780734277,8.19518646081321
4713.843,5.402393168757856,8.198900763375594
4713.863,5.393099508741914,8.202614806539664
4713.883,5.383806827392073,8.206329705714726
4713.903,5.3745128489421985,8.210043374900046
4713.923,5.365222116546056,8.213757677065688
4713.943,5.35593203003473,8.2174711094008
4713.963,5.3466377260956754,8.221185338884302
4713.983,5.337353651950423,8.224899222572018
4714.003,5.328069527917145,8.228613658952323
4714.023,5.318785400229236,8.232328086365444
4714.043,5.309501267882495,8.236042503594286
4714.063,5.300217130881977,8.239756910590353
4714.083,5.290932989247274,8.243471307311996
4714.103,5.281648843002717,8.247185693715203
4714.123,5.272364692177097,8.250900069754145
4714.143,5.263080536803421,8.254614435381804
4714.163,5.253796376918643,8.258328790550618
4714.183,5.24451221256333,8.26204313521309
4714.203,5.235228043781309,8.265757469322443
4714.223,5.225943870619271,8.269471792833201
4714.243,5.216659693126346,8.273186105701804
4714.263,5.20737551135365,8.276900407887153
4714.283,5.198091325353811,8.280614699351155
4714.303,5.188807135180478,8.284328980059222
4714.323,5.179522940887822,8.288043249980724
4714.343,5.1702387425300245,8.291757509089406
4714.363,5.160954540160768,8.295471757363748
4714.383,5.152212196895882,8.298671224789043
4714.403,5.144754670017341,8.300899432340866
4714.423,5.138986137094988,8.30247709339264
4714.443,5.134906107339765,8.303426934389512
4714.463,5.131766570837724,8.303688150760117
4714.483,5.129043150023686,8.303231305563799
4714.503,5.127008205588724,8.302060458476781
4714.523,5.1256147898585045,8.300108638556942
4714.543,5.124721580376607,8.29758531700791
4714.563,5.123896813325022,8.295014672289211
4714.583,5.1231184735630455,8.29242964295922
4714.603,5.122386782580608,8.289831014463145
4714.623,5.121701977922168,8.287219628719926
4714.643,5.121064282247068,8.284596332400612
4714.663,5.12047390290301,8.281961976086828
4714.683,5.1199310318498155,8.279317413975171
4714.703,5.117585101741903,8.277004517553117
4714.723,5.112010678370016,8.275310034675883
4714.743,5.10486830457198,8.274539589701996
4714.763,5.096432615348327,8.274762795325968
4714.783,5.086786771362424,8.27593636003084
4714.803,5.076881649087596,8.27731705899329
4714.823,5.066626661049738,8.278517760641495
4714.843,5.056285802222629,8.279685820857013
4714.863,5.046349358138361,8.28102712976953
4714.883,5.036424081188574,8.282378611014824
4714.903,5.026509239849794,8.283737026960601
4714.923,5.0166032991799225,8.285102793560723
4714.943,5.00669735045668,8.286468535328362
4714.963,4.996791395632193,8.287834315406613
4714.983,4.986882680001812,8.28919789581903
4715.003,4.97697205910882,8.290560854161885
4715.023,4.967061948536134,8.291923527029372
4715.043,4.957148363080919,8.293284499874433
4715.063,4.947236551253406,8.294646666378968
4715.083,4.937324338305587,8.296008116264735
4715.103,4.927414802834894,8.29736992078728
4715.123,4.917502165435106,8.298730813388417
4715.143,4.9075899186779,8.300092313094316
4715.163,4.897677638755051,8.301453609140813
4715.183,4.88776532574691,8.30281467169236
4715.203,4.877852979576393,8.3041754966509
4715.223,4.867940600291688,8.305536083350892
4715.243,4.858028187950087,8.306896431637457
4715.263,4.848115742602741,8.308256541456396
4715.283,4.838203264294357,8.309616412790392
4715.303,4.828290753064463,8.31097604564454
4715.323,4.818378208948525,8.312335440039968
4715.343,4.808468595737372,8.313695798790844
4715.363,4.798562098032789,8.315057573529447
4715.383,4.788655605017311,8.31641932644566
4715.403,4.778749109433417,8.317781065329465
4715.423,4.768842611161029,8.319142789415238
4715.443,4.7589361101443055,8.320504498709797
4715.463,4.749029606335635,8.321866193225128
4715.483,4.739123099695712,8.323227872971913
4715.503,4.72921659019389,8.324589537959442
4715.523,4.719310077808448,8.325951188195592
4715.543,4.709403562526778,8.327312823686778
4715.563,4.699497044345479,8.328674444437993
4715.583,4.689590523270354,8.330036050452783
4715.603,4.679683999316325,8.331397641733272
4715.623,4.669777472507264,8.332759218280188
4715.643,4.659870942875713,8.334120780092922
4715.663,4.649964410462553,8.335482327169549
4715.683,4.640057875316551,8.336843859506907
4715.703,4.63015133749387,8.338205377100671
4715.723,4.620244797057473,8.33956687994542
4715.743,4.610338254076487,8.340928368034739
4715.763,4.600431708625476,8.342289841361318
4715.783,4.590525160783699,8.34365129991704
4715.803,4.580618610634285,8.345012743693111
4715.823,4.570709598034181,8.34637245285939
4715.843,4.560797109744804,8.347730117405247
4715.863,4.550883870071721,8.349088119761278
4715.883,4.540970598381827,8.350445924279787
4715.903,4.531057292191508,8.351803480616134
4715.923,4.521143951425674,8.35316078097857
4715.943,4.511230576213939,8.354517823961578
4715.963,4.501317166666443,8.355874609255999
4715.983,4.4914037227701655,8.357231136841275
4716.003,4.481490244753044,8.358587406850635
4716.023,4.471576733043958,8.359943419712074
4716.043,4.46166318814295,8.361299175760829
4716.063,4.45174961057878,8.36265467566241
4716.083,4.441836000420488,8.364009919569208
4716.103,4.4319223582642735,8.365364908240819
4716.123,4.422008685130455,8.366719643242218
4716.143,4.4120995847661995,8.36807652423827
4716.163,4.402192485343327,8.369433919558807
4716.183,4.392285383061355,8.370791280805237
4716.203,4.382378279711373,8.372148626837111
4716.223,4.3724711752925405,8.373505957836736
4716.243,4.362564069779193,8.374863273814496
4716.263,4.3526569631370275,8.376220574779959
4716.283,4.342749138223717,8.377577439123334
4716.303,4.332834427533718,8.378930197995683
4716.323,4.322924228890291,8.380285743464773
4716.343,4.313010777316331,8.381638640265269
4716.363,4.30309545789612,8.382989815444098
4716.383,4.293180387532977,8.384340546357908
4716.403,4.283273129232897,8.385696244854854
4716.423,4.273360576561744,8.387050706309786
4716.443,4.263445217345243,8.388401623493747
4716.463,4.253530304782884,8.389752376818992
4716.483,4.243614612399263,8.391102117128996
4716.503,4.2337006689585035,8.392452964670296
4716.523,4.22378600018598,8.39380354840707
4716.543,4.213870091327528,8.395152399019553
4716.563,4.2039529382032965,8.396501497446476
4716.583,4.194039253550899,8.39785256016887
4716.603,4.1841273799993965,8.399203670881661
4716.623,4.1742140283901445,8.400553115014587
4716.643,4.164306288561066,8.401906198698349
4716.663,4.154398619688067,8.403259379467077
4716.683,4.14449094843188,8.40461254514842
4716.703,4.134583274437605,8.405965696022283
4716.723,4.124675597655785,8.40731883210399
4716.743,4.114767918048459,8.408671953403989
4716.763,4.104860235586409,8.410025059931302
4716.783,4.094952550249389,8.411378151693512
4716.803,4.085044862026291,8.41273122869679
4716.823,4.075137170915212,8.414084290945864
4716.843,4.065229476923461,8.415437338444038
4716.863,4.055321780067437,8.416790371193215
4716.883,4.045414080372451,8.418143389193911
4716.903,4.035506377872444,8.419496392445314
4716.923,4.025598672609621,8.420849380945322
4716.943,4.015690964634003,8.422202354690608
4716.963,4.005783254002912,8.423555313676719
4716.983,3.9958755407803754,8.424908257898105
4717.003,3.985967825036465,8.426261187348254
4717.023,3.976060106846575,8.427614102019778
4717.043,3.9661523862906587,8.428967001904512
4717.063,3.9562446634524084,8.430319886993626
4717.083,3.9463345655677573,8.431670410977581
4717.103,3.9364201386886566,8.433019764301864
4717.123,3.9265057255723237,8.434369200617402
4717.143,3.9165912779417997,8.435718422525454
4717.163,3.9066767949215855,8.437067391225792
4717.183,3.89676227696749,8.438416101691146
4717.203,3.88684772447674,8.439764553520536
4717.223,3.8769331376498233,8.441112746852248
4717.243,3.8670185166015054,8.442460681973518
4717.263,3.857103861634311,8.443808359204123
4717.283,3.8471891732140118,8.445155778968665
4717.303,3.8372744518736246,8.446502941748971
4717.323,3.827359698113968,8.447849848206406
4717.343,3.8174449119661644,8.449196498447625
4717.363,3.807530094167687,8.450542893442536
4717.383,3.797615245735067,8.451889034676919
4717.403,3.787706298077487,8.453237952012396
4717.423,3.777798031447347,8.454586797677134
4717.443,3.767889763085226,8.455935620825091
4717.463,3.757981493674315,8.457284428854347
4717.483,3.7480732232023364,8.458633221841495
4717.503,3.7381649516420894,8.459981999795955
4717.523,3.728256678957868,8.461330762727304
4717.543,3.718346979739792,8.462678285556159
4717.563,3.708431311466813,8.464023218598824
4717.583,3.698519187692302,8.465369805881746
4717.603,3.6890891606693486,8.46637637774029
4717.623,3.6810310565812463,8.466927781127861
4717.643,3.674702819980951,8.4672295003348
4717.663,3.670125222101479,8.467406809321748
4717.683,3.66645012697701,8.467214298957035
4717.703,3.663312057397151,8.466481985832065
4717.723,3.660732499211731,8.465225718592308
4717.743,3.658717129493421,8.463432876534101
4717.763,3.657226791691383,8.461139289930427
4717.783,3.656379773956598,8.458399954517372
4717.803,3.65581711142713,8.455501050313742
4717.823,3.655717943206556,8.452803171243781
4717.843,3.655670317472373,8.450103886440644
4717.863,3.65566841122958,8.447405483112508
4717.883,3.655703635101144,8.444710103106674
4717.903,3.6539205757716298,8.441940821244074
4717.923,3.6488516280198047,8.439067433100977
4717.943,3.64205018994177,8.43675228131447
4717.963,3.6337692264081456,8.435123495134214
4717.983,3.624082209156754,8.43414353568286
4718.003,3.6141151276183754,8.433321229137162
4718.023,3.6037974641043933,8.432711723921269
4718.043,3.5934386395617683,8.432107876884059
4718.063,3.583459814156693,8.431301281153493
4718.083,3.5734862553510407,8.430496683743263
4718.103,3.5635194553565066,8.429686567745634
4718.123,3.553552636222058,8.428876830191166
4718.143,3.5435858159737044,8.42806711054677
4718.163,3.533618994370036,8.427257405716778
4718.183,3.523649958816054,8.42644857414386
4718.203,3.513679689655212,8.42564258374237
4718.223,3.5037129396938274,8.424832901899581
4718.243,3.4937461004934938,8.424023394046742
4718.263,3.483779259117458,8.42321390204326
4718.283,3.4738124160968,8.42240442486983
4718.303,3.4638455713990823,8.421594962524322
4718.323,3.4538787249916996,8.420785515018535
4718.343,3.4439118768481327,8.419976082369203
4718.363,3.4339450269482064,8.419166664597594
4718.383,3.4239781752782243,8.418357261729154
4718.403,3.414011321831047,8.417547873793133
4718.423,3.4040444666060994,8.41673850082215
4718.443,3.3940776096093206,8.415929142851766
4718.463,3.3841107508530577,8.415119799920006
4718.483,3.3741438903558834,8.414310472066887
4718.503,3.3641770281423646,8.413501159333906
4718.523,3.354210164242781,8.412691861763529
4718.543,3.3442432986927706,8.411882579398704
4718.563,3.334276431532936,8.41107331228232
4718.583,3.324309562808405,8.410264060456702
4718.603,3.3143426925683386,8.40945482396314
4718.623,3.3043758208654093,8.408645602841364
4718.643,3.294408947755243,8.407836397129124
4718.663,3.284442073295833,8.407027206861715
4718.683,3.2744751975469284,8.406218032071575
4718.703,3.2645083205694148,8.405408872787923
4718.723,3.2545414424246815,8.404599729036391
4718.743,3.2445745631739795,8.403790600838722
4718.763,3.2346076828777885,8.402981488212513
4718.783,3.224640801595194,8.40217239117099
4718.803,3.2146739193832725,8.401363309722834
4718.823,3.2047070362965058,8.400554243872053
4718.843,3.194740152386215,8.399745193617909
4718.863,3.1847705901008823,8.398938267017936
4718.883,3.174792702973133,8.398137869992407
4718.903,3.1648155603523125,8.397337418502861
4718.923,3.154836901912495,8.39653764361064
4718.943,3.1448706583054813,8.395730528175687
4718.963,3.134903663848362,8.394922866842263
4718.983,3.124936668682525,8.394115223904365
4719.003,3.1149696729932357,8.393307596537856
4719.023,3.105002676783592,8.392499984674334
4719.043,3.0950356800488126,8.391692388265453
4719.063,3.085068682778001,8.390884807260868
4719.083,3.075101684954226,8.390077241608449
4719.103,3.0651346865546425,8.389269691254713
4719.123,3.0551676875506866,8.388462156145266
4719.143,3.0452006879083116,8.387654636225275
4719.163,3.0352336875882977,8.386847131439929
4719.183,3.0252647149788174,8.386046845858989
4719.203,3.015297574354892,8.38523897548191
4719.223,3.005330553172091,8.384431713188748
4719.243,2.9953635321293763,8.383624472997669
4719.263,2.985396510205141,8.382817247839887
4719.283,2.9754294873245475,8.382010037602141
4719.303,2.965458518425329,8.381206431430336
4719.323,2.955482109695036,8.380407407416476
4719.343,2.94551132747024,8.37960529603918
4719.363,2.935544297390985,8.378798533899355
4719.383,2.925577222402055,8.377991960394485
4719.403,2.915610145716304,8.377185403088868
4719.423,2.9056430676600775,8.376378860577114
4719.443,2.8956709395394635,8.375575707513905
4719.463,2.885698434452085,8.37477337997358
4719.483,2.8757295266805305,8.373969331672392
4719.503,2.8657586534674384,8.37316649716059
4719.523,2.855787007760243,8.372363249048506
4719.543,2.8458136571329793,8.371561518985164
4719.563,2.8358396030740307,8.37075959957288
4719.583,2.825865530550688,8.369957892827172
4719.603,2.8158914501757395,8.369156438041799
4719.623,2.805919388849523,8.368354037930663
4719.643,2.7959521510910137,8.367549297309154
4719.663,2.7859849108793244,8.366744679840311
4719.683,2.7760176689092875,8.365940078366636
4719.703,2.766050425186128,8.365135491938215
4719.723,2.7560831797226033,8.364330920583024
4719.743,2.74611593253778,8.363526364340142
4719.763,2.7361486836567055,8.3627218232502
4719.783,2.7261814331101126,8.361917297354772
4719.803,2.7162141809340605,8.361112786695868
4719.823,2.70624692716953,8.360308291315405
4719.843,2.696279671861971,8.359503811254717
4719.863,2.6863124150608084,8.358699346554042
4719.883,2.676345156818907,8.357894897252041
4719.903,2.6663778971920093,8.357090463385342
4719.923,2.656410636238143,8.356286044988101
4719.943,2.64644337401701,8.35548164209159
4719.963,2.6364761105893564,8.354677254723823
4719.983,2.6265088460163404,8.353872882909213
4720.003,2.616541580358889,8.353068526668272
4720.023,2.6065743136770694,8.352264186017356
4720.043,2.5966070460294572,8.351459860968445
4720.063,2.5866397774725347,8.350655551528979
4720.083,2.5766725080600996,8.349851257701735
4720.103,2.566705237842711,8.34904697948476
4720.123,2.556737966867159,8.348242716871338
4720.143,2.5467706951759834,8.347438469850045
4720.163,2.536802151891549,8.34663533444434
4720.183,2.526822624101491,8.345839613251398
4720.203,2.5168473644500167,8.345040913915664
4720.223,2.5068724891651417,8.344243559544473
4720.243,2.4968915725710747,8.343448027924385
4720.263,2.4869123905471553,8.342653461986934
4720.283,2.4769428083275997,8.341852330228217
4720.303,2.4669754205120906,8.341049575051494
4720.323,2.4570080313401976,8.340246851568148
4720.343,2.4470369766540405,8.339450776883895
4720.363,2.4370644108656254,8.338654655441522
4720.383,2.4270969692512416,8.337852491009354
4720.403,2.4171295307653673,8.33705039655161
4720.423,2.4071620916791834,8.33624831777064
4720.443,2.397194651901037,8.33544625413389
4720.463,2.3872272113796065,8.334644205580759
4720.483,2.377259770060304,8.333842172056512
4720.503,2.367292327885249,8.333040153508602
4720.523,2.3573210286369006,8.332242427361475
4720.543,2.347342765641338,8.331446887040379
4720.563,2.33737533027019,8.330645711442163
4720.583,2.327402627380646,8.329847255556906
4720.603,2.317429826994952,8.329050267540403
4720.623,2.307462001981672,8.328250499379484
4720.643,2.2974945107102163,8.327449165649664
4720.663,2.2875270082926695,8.326647882108906
4720.683,2.2775595044170207,8.325846613690402
4720.703,2.267591999122665,8.325045360070234
4720.723,2.257624492351456,8.324244121230734
4720.743,2.2476532047251836,8.323446620952776
4720.763,2.2376810920712695,8.322648369448657
4720.783,2.227707423841188,8.321851404247232
4720.803,2.217732968518478,8.321054430809047
4720.823,2.2077584904794554,8.320257675366355
4720.843,2.1977839975084517,8.319461184747848
4720.863,2.1878094991353874,8.318664950885887
4720.883,2.177838381554517,8.317866848461152
4720.903,2.1678707260033363,8.317067347357124
4720.923,2.1579030684522857,8.316267914497125
4720.943,2.1479354091509144,8.31546849714248
4720.963,2.137967748105268,8.314669094842559
4720.983,2.128000085329204,8.313869707630367
4721.003,2.118032420842814,8.31307033554531
4721.023,2.1080647546721396,8.312270978628213
4721.043,2.098097086848846,8.311471636920757
4721.063,2.088129417409868,8.310672310464955
4721.083,2.078161746396987,8.30987299930266
4721.103,2.0681940738563767,8.30907370347504
4721.123,2.0582263998381007,8.308274423022084
4721.143,2.0482587243955703,8.307475157982129
4721.163,2.0382910475849787,8.306675908391405
4721.183,2.0283233694647014,8.305876674283596
4721.203,2.018355690094687,8.305077455689426
4721.223,2.008388009535819,8.304278252636326
4721.243,1.998420327849287,8.303479065148043
4721.263,1.9884526450959397,8.302679893244402
4721.283,1.97848496133566,8.301880736941024
4721.303,1.968517276626736,8.301081596249126
4721.323,1.958549591025257,8.300282471175352
4721.343,1.9485819045845332,8.299483361721695
4721.363,1.9386142173545398,8.298684267885385
4721.383,1.9286465293814,8.29788518965892
4721.403,1.918678840706906,8.29708612703008
4721.423,1.9087094654338772,8.296288474192224
4721.443,1.898729928318015,8.295497449168424
4721.463,1.8887541889299688,8.294704585881558
4721.483,1.8787757866971213,8.293913690172662
4721.503,1.8687978878758205,8.293122402505052
4721.523,1.8588176870422226,8.292332509970704
4721.543,1.8488480162856131,8.29153655023429
4721.563,1.8388802117227319,8.29073898970042
4721.583,1.8289124248718167,8.289941342703449
4721.603,1.8189398399683216,8.289150210507762
4721.623,1.8089679466846023,8.288359696654833
4721.643,1.7990000908496966,8.287562746837201
4721.663,1.7890322363636424,8.286765839179559
4721.683,1.7790643812553317,8.285968946953494
4721.703,1.7690965254540878,8.285172069867652
4721.723,1.759128668908137,8.284375207863862
4721.743,1.7491608115622632,8.283578360887809
4721.763,1.7391929490949152,8.282781539151935
4721.783,1.7292204827241762,8.281989269457139
4721.803,1.7192426340066005,8.281199439468736
4721.823,1.7092747009674638,8.280402702979663
4721.843,1.699302718549771,8.279609918155419
4721.863,1.689323521124991,8.27882101697016
4721.883,1.6793529277353079,8.278028230136053
4721.903,1.6693850386721687,8.277232172094166
4721.923,1.6594171046624329,8.27643627653322
4721.943,1.6494491688449122,8.275640397041073
4721.963,1.639481231605008,8.274844532366272
4721.983,1.6295132928886904,8.274048682483723
4722.003,1.619542962680935,8.273254414039194
4722.023,1.6095706352752028,8.272462180430091
4722.043,1.5995976826145784,8.271670218656137
4722.063,1.5896228165386783,8.270878659805112
4722.083,1.579647914116543,8.270087216876037
4722.103,1.5696729978207038,8.269296027173906
4722.123,1.5596980790535033,8.26850508395681
4722.143,1.5497272270779705,8.267712043869617
4722.163,1.5397591511906645,8.266917824335792
4722.183,1.5297910734122886,8.266123646109866
4722.203,1.5198229938906387,8.26532948315585
4722.223,1.509854912633925,8.264535335268736
4722.243,1.4998868296570884,8.263741202484177
4722.263,1.4899187449812483,8.262947084841858
4722.283,1.479950658633419,8.262152982382773
4722.303,1.4699825706461915,8.261358895148678
4722.323,1.4600144810573572,8.260564823181591
4722.343,1.4500463899094858,8.259770766523259
4722.363,1.4400782972494595,8.258976725214666
4722.383,1.430110203127962,8.258182699295538
4722.403,1.4201421075989344,8.257388688803875
4722.423,1.4101740107190006,8.25659469377548
4722.443,1.4002059125468675,8.255800714243545
4722.463,1.390237813142707,8.255006750238255
4722.483,1.3802697125675216,8.25421280178641
4722.503,1.3703016108825106,8.25341886891111
4722.523,1.360333508148428,8.252624951631468
4722.543,1.350365404424951,8.25183104996236
4722.563,1.340397299770059,8.251037163914228
4722.583,1.3304291942394333,8.250243293492938
4722.603,1.3204610878858758,8.249449438699667
4722.623,1.3104929807587646,8.248655599530846
4722.643,1.300524872903538,8.247861775978164
4722.663,1.290556764361225,8.247067968028622
4722.683,1.2805871685441828,8.246276201003683
4722.703,1.270605410616317,8.24549028051452
4722.723,1.2606254357759494,8.24470573197682
4722.743,1.250651100326588,8.24391708515693
4722.763,1.240673274071312,8.243131827156951
4722.783,1.230692209680539,8.242346816780229
4722.803,1.2207229848808496,8.24155543223046
4722.823,1.2107547609543026,8.240763131962561
4722.843,1.2007854550218537,8.23997245182268
4722.863,1.1908094758523375,8.239189253233503
4722.883,1.1808412322993596,8.238399711982684
4722.903,1.1708729588163966,8.237608035156914
4722.923,1.1609046854953367,8.236816383992936
4722.943,1.1509364115374996,8.236024748113767
4722.963,1.1409681368857092,8.235233127371599
4722.983,1.1309998614876688,8.234441521709877
4723.003,1.121031585287555,8.233649931074716
4723.023,1.1110620359809398,8.232859433506775
4723.043,1.101086841831035,8.23207330948031
4723.063,1.0911121172426532,8.231286703036112
4723.083,1.0811437968208848,8.230495385514079
4723.103,1.0711686425913152,8.22970943950425
4723.123,1.0611963693548983,8.228921402060367
4723.143,1.0512279699648739,8.228131604668894
4723.163,1.0412596364001288,8.227340743853857
4723.183,1.0312912995499635,8.22654990460152
4723.203,1.0213229613169783,8.225759080231512
4723.223,1.0113546216602065,8.224968270667418
4723.243,1.0013855714251134,8.224178106015438
4723.263,0.9914125976142603,8.22339093928263
4723.283,0.9814389635362992,8.222603959674002
4723.303,0.9714637053264736,8.22181758151857
4723.323,0.9614883998456253,8.22103118011597
4723.343,0.9515130758054602,8.22024502433857
4723.363,0.941537738746897,8.219459133209837
4723.383,0.9315624019773988,8.21867348187123
4723.403,0.9215925019294042,8.217884983556718
4723.423,0.9116240089015906,8.217096028801205
4723.443,0.9016555141446523,8.2163070993671
4723.463,0.8922808954461663,8.215778440106096
4723.483,0.8843258271584287,8.215660596111185
4723.503,0.878063190214545,8.215604891639334
4723.523,0.8734147183492554,8.215571334022234
4723.543,0.8696135074529665,8.215154700357221
4723.563,0.8665866615254436,8.214367276493578
4723.583,0.8643295408360007,8.213164543016816
4723.603,0.8627725285418576,8.211486539966588
4723.623,0.8619927200757441,8.209405821207302
4723.643,0.8618590972273272,8.206923282213765
4723.663,0.8620793741235433,8.204175211951199
4723.683,0.8622770245796558,8.201318887813546
4723.703,0.8626090058447977,8.198551038545101
4723.723,0.86315892946207,8.195905565187845
4723.743,0.8637516864993894,8.193271875553428
4723.763,0.8643917520374044,8.190649285599816
4723.783,0.8650789133428785,8.188038648750233
4723.803,0.8658129473050914,8.18544081041425
4723.823,0.8665936157050196,8.182856611778615
4723.843,0.867420665253587,8.180286889532853
4723.863,0.8682938276793126,8.177732475602152
4723.883,0.8692128198209473,8.175194196882574
4723.903,0.8701773437246308,8.172672874978202
4723.923,0.8711870867455058,8.170169325940334
4723.943,0.8722417216537182,8.167684360008838
4723.963,0.8733409067447255,8.165218781355696
4723.983,0.8744842859538235,8.162773387830931
4724.003,0.8756714889747937,8.160348970710986
4724.023,0.8769021313825704,8.157946314449603
4724.043,0.8781758147598144,8.155566196431366
4724.063,0.8794921268272732,8.15320938672794
4724.083,0.8808506415778098,8.150876647857075
4724.103,0.8822509194139792,8.14856873454444
4724.123,0.8836925072890235,8.146286393488328
4724.143,0.8851749388511828,8.144030363127252
4724.163,0.8866977345911986,8.14180137341041
4724.183,0.8882604019929217,8.139600145571032
4724.203,0.8898624356869423,8.137427391902593
4724.223,0.891503317607175,8.135283815537742
4724.243,0.8931825171503706,8.133170110230019
4724.263,0.8948994913385308,8.13108696013814
4724.283,0.8966536849842492,8.12903503961284
4724.303,0.8984445308590265,8.12701501298612
4724.323,0.900271449864641,8.125027534362816
4724.343,0.9021338512076804,8.123073247414364
4724.363,0.904031132577385,8.121152785174655
4724.383,0.9059626803269706,8.11926676983793
4724.403,0.9079278696586126,8.11741581255863
4724.423,0.9099260648123103,8.11560051325313
4724.443,0.9119566192588453,8.113821460403448
4724.463,0.914018875897047,8.112079230862836
4724.483,0.9161121672555764,8.110374389663468
4724.503,0.9182358156994231,8.108707489826223
4724.523,0.9203891336412751,8.107079072172795
4724.543,0.9225714237578896,8.10548966514034
4724.563,0.924781979211555,8.103939784598843
4724.583,0.9270200838766733,8.102429933671548
4724.603,0.9292850125714552,8.100960602558729
4724.623,0.9315760312946443,8.099532268365111
4724.643,0.9338923974671447,8.098145394931297
4724.663,0.9352995946904795,8.095166558563811
4724.683,0.9350556080440731,8.089345338371572
4724.703,0.9334211279687019,8.082349825230628
4724.723,0.9304212572806778,8.074462312020595
4724.743,0.926124173248457,8.065746967686206
4724.763,0.9215462015460169,8.056855548650194
4724.783,0.9169469087774478,8.04767049758479
4724.803,0.9123192000608876,8.038358111578722
4724.823,0.9077392636535977,8.029401602379318
4724.843,0.9031698562722091,8.020496361090794
4724.863,0.8985985191895371,8.011602823495297
4724.883,0.8940275963895942,8.002709117754012
4724.903,0.8894552378532845,7.993809890745803
4724.923,0.8848844758597644,7.984914923762664
4724.943,0.8803125237204948,7.976011844548869
4724.963,0.8757414856420535,7.967115554169202
4724.983,0.871170551457416,7.958215475323574
4725.003,0.8666000472646624,7.9493178513270815
4725.023,0.8620287614057145,7.940419972456911
4725.043,0.8574589033429293,7.931523331861478
4725.063,0.8528897590700335,7.92262070031066
4725.083,0.8483205772313488,7.91371725361879
4725.103,0.8437507217020954,7.904823017520639
4725.123,0.8391808112974208,7.895928796816348
4725.143,0.8346109104065045,7.887034569893346
4725.163,0.830041018299927,7.878140337592447
4725.183,0.825471134913597,7.86924609991126
4725.203,0.8209012601922437,7.860351856845776
4725.223,0.8163313940836651,7.851457608399259
4725.243,0.8117615365388771,7.842563354582495
4725.263,0.8071916875122943,7.833669095413854
4725.283,0.8026218469618993,7.824774830919281
4725.303,0.7980520148493763,7.81588056113218
4725.323,0.7940057951288769,7.807528912495313
4725.343,0.7910595237486997,7.8004306552532245
4725.363,0.7889506297523788,7.794989562582167
4725.383,0.7876200325403514,7.791149287193353
4725.403,0.7871039055610513,7.7881021493096405
4725.423,0.7873632193573451,7.785397459818942
4725.443,0.7883599690514057,7.782970584048231
4725.463,0.7901282479871895,7.781035455944401
4725.483,0.7924898994996195,7.779595896974477
4725.503,0.795044417839263,7.777984049204183
4725.523,0.797627270767583,7.776416735925961
4725.543,0.8002267615512568,7.775041508711608
4725.563,0.8027919595777332,7.773882480849597
4725.583,0.8053623971043817,7.772753713988559
4725.603,0.8080336320884429,7.771564858861638
4725.623,0.8106722092424488,7.770592943079747
4725.643,0.813284350419152,7.769700047589562
4725.663,0.8160197658504046,7.768568989934126
4725.683,0.8188239593175195,7.767411897765617
4725.703,0.8216507240061193,7.766310414914439
4725.723,0.8244990083725329,7.765265379155855
4725.743,0.8273676867336912,7.764277185359839
4725.763,0.8302556110008443,7.763346211953585
4725.783,0.8331616797031943,7.762472851784631
4725.803,0.8360847164348222,7.761657437944187
4725.823,0.839023584292004,7.760900307576469
4725.843,0.8419771200920472,7.760201763943903
4725.863,0.8449441549846755,7.759562087570457
4725.883,0.8479220216401927,7.7589843441043005
4725.903,0.8509017872058375,7.758479820507881
4725.923,0.8538967587681319,7.758024067271589
4725.943,0.8568437256990031,7.757689154008544
4725.963,0.859764562908792,7.7574501619431935
4725.983,0.8627858325823847,7.755435010735243
4726.003,0.865917898717322,7.750336767115493
4726.023,0.8684742592310235,7.743640938280044
4726.043,0.8703955898545574,7.735443042660594
4726.063,0.8716997707666652,7.725827106942722
4726.083,0.8728627925064141,7.71589461626161
4726.103,0.8737412462338995,7.705443224544949
4726.123,0.8748259710414792,7.695346903365346
4726.143,0.8759630564825307,7.685388463451319
4726.163,0.8771126419952201,7.675453526104935
4726.183,0.8782638767033688,7.665520385962291
4726.203,0.8794151163175823,7.655587231585762
4726.223,0.8805663408825732,7.645654075322641
4726.243,0.881717550210887,7.635720917277091
4726.263,0.8828687442842956,7.625787757414424
4726.283,0.88401992309011,7.615854595698752
4726.303,0.885171086620183,7.605921432094945
4726.323,0.8863222348711488,7.59598826656905
4726.343,0.88747336784462,7.586055099088689
4726.363,0.8886244855473235,7.576121929623418
4726.383,0.8897755879911731,7.566188758145075
4726.403,0.8909266751932886,7.556255584628109
4726.423,0.8920777471759528,7.546322409049873
4726.443,0.8932288039665087,7.536389231390882
4726.463,0.8943798455972025,7.526456051635044
4726.483,0.8955248553351343,7.516518987718976
4726.503,0.8966704377744565,7.5065814589931
4726.523,0.8978159418802587,7.496643903866203
4726.543,0.8989618357684783,7.486706558306882
4726.563,0.9001068610659634,7.476770033311848
4726.583,0.901251080589862,7.466832569624606
4726.603,0.9023960974761164,7.45689620970184
4726.623,0.9035408319792181,7.4469586032063795
4726.643,0.9046848635101429,7.437020840680422
4726.663,0.9058292938513252,7.427082514046934
4726.683,0.906977966075607,7.417149053603435
4726.703,0.9081266007051944,7.407215591311851
4726.723,0.9092752205206066,7.397282127015061
4726.743,0.9104238257775614,7.387348660743942
4726.763,0.9115724165441217,7.377415192537083
4726.783,0.9127209928838751,7.367481722434899
4726.803,0.9138695548569548,7.3575482504791765
4726.823,0.915018102519595,7.347614776712703
4726.843,0.9161666359237037,7.337681301178883
4726.863,0.9173151551164762,7.327747823921335
4726.883,0.9184636601400415,7.317814344983506
4726.903,0.9196121510311606,7.307880864408261
4726.923,0.9207606278209646,7.297947382237496
4726.943,0.921909090534747,7.288013898511747
4726.963,0.9230575391918112,7.278080413269813
4726.983,0.9242059738053678,7.268146926548397
4727.003,0.9253499906235583,7.258208383697671
4727.023,0.9264950544830811,7.24826994713505
4727.043,0.9276353234393466,7.238326011198988
4727.063,0.9287784073525048,7.228384894836975
4727.083,0.9299212022395096,7.218445484707234
4727.103,0.9310650577039162,7.208506587741562
4727.123,0.9322122254881527,7.198572896472584
4727.143,0.9333591333343765,7.188639235501228
4727.163,0.9345030404064035,7.178700288622298
4727.183,0.9356462987386992,7.168759821879314
4727.203,0.9367893324736541,7.158819292841405
4727.223,0.9379320983270687,7.148878713940563
4727.243,0.9390745905976929,7.138938092909554
4727.263,0.9402168086674895,7.128997434582271
4727.283,0.941358752406984,7.119056741832207
4727.303,0.9425004217957844,7.109116016314404
4727.323,0.9436418172402397,7.099175259243136
4727.343,0.9447829396415656,7.089234471941562
4727.363,0.9459237907223516,7.079293656282184
4727.383,0.9470643734263603,7.06935281502936
4727.403,0.9482046942359538,7.05941195365464
4727.423,0.9493447761680007,7.049471085462673
4727.443,0.9504875771919462,7.0395356021806474
4727.463,0.951630633294042,7.0296015015399185
4727.483,0.9527736613202823,7.019667398531077
4727.503,0.9539166739726577,7.0097332937404975
4727.523,0.9550596713525487,6.999799187137465
4727.543,0.9558640362837553,6.990434332444537
4727.563,0.9562759996005438,6.982443582619215
4727.583,0.956460612743722,6.976166999505897
4727.603,0.9565748007649039,6.9716368283057175
4727.623,0.9563413266491907,6.968049704998709
4727.643,0.955570406056439,6.965156909497251
4727.663,0.9542771754623495,6.962933947281332
4727.683,0.9524682590371811,6.9613858130875865
4727.703,0.9501698788618779,6.9605244332205025
4727.723,0.9475012897217162,6.96034356344312
4727.743,0.9447366807383156,6.960345008039654
4727.763,0.9420019882158027,6.96034752665686
4727.783,0.9392234488869564,6.960465133301466
4727.803,0.9363513345575403,6.960796756487052
4727.823,0.9334296097253771,6.961274071822636
4727.843,0.9307228610257465,6.9614355897291915
4727.863,0.9280339072333156,6.961626663795002
4727.883,0.9253497590643572,6.961864063127291
4727.903,0.9226703754700862,6.9621498088356955
4727.923,0.9199966037135505,6.962485733322565
4727.943,0.9170449455245916,6.960984235177397
4727.963,0.9136301047011254,6.9562369517314515
4727.983,0.9105834725414491,6.949714305500437
4728.003,0.9080556192203932,6.941645044669025
4728.023,0.9060301106190581,6.932129523238873
4728.043,0.9041117249746852,6.922314236766984
4728.063,0.9023272129797009,6.912181297448079
4728.083,0.9006044391016345,6.901878240975101
4728.103,0.8987258466869582,6.892033942212367
4728.123,0.8968205056160506,6.88221747029735
4728.143,0.8949150174324176,6.872401047641782
4728.163,0.893014363170134,6.862572001819732
4728.183,0.8911105002214669,6.852754878640963
4728.203,0.8892070156069458,6.842933681864682
4728.223,0.8873047222829065,6.83311224779106
4728.243,0.8854039534733859,6.823290732198527
4728.263,0.883504337279027,6.813462979031462
4728.283,0.8816022817836107,6.803641506168771
4728.303,0.8797003185672743,6.793818985659718
4728.323,0.8777985506876704,6.783996424138715
4728.343,0.8758970035944614,6.774173818919418
4728.363,0.8739956804315966,6.764351169979877
4728.383,0.8720945814262407,6.7545284775234675
4728.403,0.8701937064562945,6.744705741743998
4728.423,0.8682930553892103,6.7348829628030185
4728.443,0.8663926281181283,6.725060140833096
4728.463,0.864490800214199,6.715241332913736
4728.483,0.8625884121074139,6.705424318993234
4728.503,0.8606860474303138,6.695607303741936
4728.523,0.8587837142139332,6.685790287774488
4728.543,0.8568813910023839,6.675973272810403
4728.563,0.8549790826642703,6.666156258089301
4728.583,0.8530767882098147,6.6563392405099755
4728.603,0.8511745083499236,6.64652221997267
4728.623,0.8492722430891465,6.636705196430234
4728.643,0.8473699924217025,6.626888169837871
4728.663,0.8454677563373779,6.617071140153361
4728.683,0.8435655348215408,6.6072541073375355
4728.703,0.8416633278551582,6.597437071354724
4728.723,0.8397618714414663,6.587618606906182
4728.743,0.8378668788382203,6.577786940500209
4728.763,0.8359683293887745,6.567963230251959
4728.783,0.8340691716754666,6.5581413539256035
4728.803,0.8321694819651226,6.548320932279214
4728.823,0.8302698588021573,6.5385005511667496
4728.843,0.8283703102585266,6.528680152470421
4728.863,0.8264708331996109,6.518859738518936
4728.883,0.8245714254247072,6.509039312080464
4728.903,0.8226720862301712,6.499218875807693
4728.923,0.8207728179989573,6.489398433275578
4728.943,0.8188736297138792,6.4795779896837455
4728.963,0.8169745478841955,6.469757557222628
4728.983,0.8150756521910169,6.459937189422473
4729.003,0.813177376464828,6.450115401656164
4729.023,0.8112826381012411,6.440287348216885
4729.043,0.8093848475376896,6.430463481916728
4729.063,0.8074870891521778,6.420639577149187
4729.083,0.8055895362726567,6.410815629765741
4729.103,0.8036922198915715,6.400991637214841
4729.123,0.8017951455351968,6.391167599031029
4729.143,0.7998983147856815,6.381343514832901
4729.163,0.7980017277586637,6.371519384885407
4729.183,0.7961053840939427,6.361695209582128
4729.203,0.7942092831323259,6.351870989492323
4729.223,0.7923134245587516,6.342046725244515
4729.243,0.7904178075379543,6.332222417232787
4729.263,0.788522430310362,6.322398067100084
4729.283,0.7866247090678437,6.312579497576315
4729.303,0.7847271012818892,6.302761563859356
4729.323,0.7828295144297815,6.292943626396393
4729.343,0.7809319413690405,6.283125686549198
4729.363,0.7790343820348634,6.273307744369343
4729.383,0.7771368364332591,6.26348979989077
4729.403,0.7752393045760356,6.2536718531420865
4729.423,0.7733417112168431,6.243852943904606
4729.443,0.7714474542880736,6.234030245486637
4729.463,0.7695527712226117,6.224207641581369
4729.483,0.7676584589689559,6.214384783343646
4729.503,0.7657663266577629,6.204555584841829
4729.523,0.7638731683364244,6.194730674014177
4729.543,0.7619789045976016,6.1849066613303
4729.563,0.7600847976050378,6.175082614435469
4729.583,0.7581909068649326,6.165258524306479
4729.603,0.7562972397435141,6.155434390518985
4729.623,0.7544037970250276,6.145610213243161
4729.643,0.7525105786498343,6.1357859926822025
4729.663,0.75061758448425,6.125961729010411
4729.683,0.7487248144148557,6.116137422371838
4729.703,0.746832268352768,6.106313072885325
4729.723,0.7449378385620784,6.096493915223549
4729.743,0.7430432942007315,6.086675386716556
4729.763,0.7411487667031168,6.076856856284983
4729.783,0.739254263067348,6.067038325861045
4729.803,0.7373597760675543,6.057219798982605
4729.823,0.7354652994788171,6.047401269576073
4729.843,0.7335708374648666,6.037582737263393
4729.863,0.7316763900634446,6.02776420199441
4729.883,0.7297819572727459,6.017945663722544
4729.903,0.7278875390863402,6.008127122403382
4729.923,0.7259931354933993,5.998308577995164
4729.943,0.7240987464786683,5.988490030459253
4729.963,0.72220437202249,5.978671479760571
4729.983,0.7203114961194683,5.968850327465517
4730.003,0.7184242777484167,5.959016945780718
4730.023,0.7165331849583092,5.94919298356615
4730.043,0.7146419177023853,5.939369496908173
4730.063,0.712750038087257,5.9295476419705
4730.083,0.710858259258222,5.919725745846897
4730.103,0.7089665554470218,5.909903831921632
4730.123,0.707074923373912,5.900081902862537
4730.143,0.7051833609261569,5.890259961476243
4730.163,0.7032918677869558,5.880438010490451
4730.183,0.7014004466512582,5.870616053651945
4730.203,0.6999467619197747,5.861303197779669
4730.223,0.6990248555047546,5.853340375827343
4730.243,0.6984614176742658,5.847097227921994
4730.263,0.698143168686358,5.842606884283068
4730.283,0.6982284034462588,5.83904638094128
4730.303,0.6988877724133482,5.8360624138627495
4730.323,0.7001262219761871,5.833554759068082
4730.343,0.7019477696299264,5.831556704177596
4730.363,0.7043238766335117,5.830102653063394
4730.383,0.7071100661683077,5.8292595767009745
4730.403,0.7098953876171273,5.828769644782284
4730.423,0.7127022268249449,5.8282831581546874
4730.443,0.7153938630616697,5.828098355318054
4730.463,0.7180901199512951,5.827961741358535
4730.483,0.7207884129780108,5.82787367737417
4730.503,0.7234878521243301,5.827834194950869
4730.523,0.7261862663621246,5.827840823583301
4730.543,0.728885310849038,5.827898241419233
4730.563,0.7315828854855333,5.828004243460954
4730.583,0.7342781032790741,5.828158781920849
4730.603,0.7369700905327008,5.828361806577622
4730.623,0.7398374331187733,5.826739977093935
4730.643,0.7429958179770227,5.8218438199892715
4730.663,0.7456954825529128,5.81518647327473
4730.683,0.7477942739530088,5.807012885726806
4730.703,0.7493107900254757,5.797414825737956
4730.723,0.7506994123138488,5.787510856341122
4730.743,0.7519094411869529,5.777257128009968
4730.763,0.7531002212730031,5.766921465532184
4730.783,0.7544374940696653,5.756948532536027
4730.803,0.7558037407535538,5.747028421552379
4730.823,0.7571727942803117,5.7371165545772795
4730.843,0.75854434796567,5.727208361836548
4730.863,0.759918155989208,5.717303538016543
4730.883,0.7612918663764321,5.707398705418207
4730.903,0.762665561078994,5.697493870628148
4730.923,0.7640392408372719,5.68758903366708
4730.943,0.7654129056555956,5.677684194496982
4730.963,0.7667865555359594,5.667779353080727
4730.983,0.7681601904850099,5.657874509383078
4731.003,0.7695338105142212,5.647969663371081
4731.023,0.7709074156399434,5.638064815014459
4731.043,0.7722810058833964,5.628159964285951
4731.063,0.7736545812706084,5.618255111161626
4731.083,0.7750281418322937,5.608350255621179
4731.103,0.7764004378073004,5.598444284940981
4731.123,0.7777657140284657,5.588530876805953
4731.143,0.779133784418523,5.578622254441965
4731.163,0.780502375423462,5.568713203523568
4731.183,0.7818701022061084,5.558804951695248
4731.203,0.7832370512984073,5.548895764217496
4731.223,0.7846047574350372,5.538987684077002
4731.243,0.7859722247601604,5.529078369934544
4731.263,0.7873389793592414,5.519168895914179
4731.283,0.7887062719661507,5.509258963609908
4731.303,0.7900741440154937,5.499350871630874
4731.323,0.7914451812680966,5.489445661604951
4731.343,0.7928161993621134,5.479540449052538
4731.363,0.7941872031434023,5.469635234182518
4731.383,0.7955581927182966,5.459730017037445
4731.403,0.7969291681520134,5.449824797661164
4731.423,0.7983001295062537,5.43991957609931
4731.443,0.7996710768390594,5.430014352398909
4731.463,0.8010420102043988,5.42010912660795
4731.483,0.8024129296517811,5.4102038987749514
4731.503,0.803783835225904,5.400298668948531
4731.523,0.8051547269663462,5.390393437176945
4731.543,0.8065256049072981,5.380488203507653
4731.563,0.8078964690773464,5.370582967986882
4731.583,0.8092673194993006,5.36067773065919
4731.603,0.8106381561900775,5.350772491567063
4731.623,0.8120089791606301,5.340867250750516
4731.643,0.8133780844681665,5.330958802310977
4731.663,0.8147433783878936,5.3210468817366845
4731.683,0.8161138157342785,5.311141418339292
4731.703,0.817479548920357,5.301230224282252
4731.723,0.818846675638159,5.291320907040757
4731.743,0.8202165600605842,5.2814150885151685
4731.763,0.8215840302911738,5.2715051458075886
4731.783,0.8229505358385213,5.261593115476038
4731.803,0.8243168332646834,5.251680989291153
4731.823,0.8256828752847086,5.241768791365317
4731.843,0.8270486512051913,5.231856537216431
4731.863,0.8284141580137593,5.2219442354166254
4731.883,0.829779395183534,5.212031890501714
4731.903,0.831144362765272,5.202119505272838
4731.923,0.8325090606710779,5.192207081131813
4731.943,0.8338734893461417,5.182294619203349
4731.963,0.8352376493685256,5.172382120499194
4731.983,0.8366015416729494,5.162469586185939
4732.003,0.8379651676719279,5.152557017649751
4732.023,0.839328530225437,5.142644417447607
4732.043,0.84069163464919,5.132731790248554
4732.063,0.8420544963733363,5.12281914685117
4732.083,0.8434184936353485,5.112909151579209
4732.103,0.8447840949918591,5.1030031933798865
4732.123,0.846149615964096,5.093097228265214
4732.143,0.84751512139467,5.083191261017997
4732.163,0.8488806118685637,5.073285291641702
4732.183,0.8502460873853736,5.063379320097394
4732.203,0.8516115479435271,5.053473346346819
4732.223,0.8529769935459685,5.043567370353246
4732.243,0.8543424242003677,5.0336613920818865
4732.263,0.8557078399192246,5.0237554115003045
4732.283,0.8570732407199045,5.01384942857878
4732.303,0.8584386266246308,5.003943443290653
4732.323,0.8598039976604067,4.994037455612647
4732.343,0.8611693538588912,4.984131465525126
4732.363,0.8625346952562124,4.974225473012346
4732.383,0.8638942104326078,4.9643153658272
4732.403,0.8652544740486765,4.954404971268522
4732.423,0.866615122620012,4.944494829370069
4732.443,0.8679749022959001,4.934585480597194
4732.463,0.8693339036498149,4.924675195509664
4732.483,0.8706936657088252,4.914766016679898
4732.503,0.8720531889056546,4.904855602108343
4732.523,0.8734120022066081,4.8949450266845025
4732.543,0.8747695962181745,4.885032496055419
4732.563,0.876132885108577,4.875126205325956
4732.583,0.8774960499853368,4.865219908938895
4732.603,0.8788591996115245,4.8553136101986665
4732.623,0.8802223349591214,4.845407309159383
4732.643,0.8815854561024532,4.8355010058629615
4732.663,0.8829485631058136,4.825594700353445
4732.683,0.8843116560301671,4.81568839267662
4732.703,0.8856747349327642,4.805782082879594
4732.723,0.8870377998667232,4.795875771010369
4732.743,0.8884008508806535,4.785969457117419
4732.763,0.8897638880183064,4.776063141249239
4732.783,0.891126911318277,4.766156823453896
4732.803,0.8924899208137385,4.756250503778596
4732.823,0.8938529165322336,4.746344182269248
4732.843,0.8952158984955101,4.736437858970026
4732.863,0.896578866719414,4.7265315339229765
4732.883,0.8979418212138273,4.716625207167613
4732.903,0.899299360066148,4.706712051465169
4732.923,0.9006604048340872,4.696802610940122
4732.943,0.9016442473904099,4.687478627495586
4732.963,0.9021842258489494,4.679527399954977
4732.983,0.9024207757225796,4.673286692983249
4733.003,0.9025673231380044,4.668795873875098
4733.023,0.9023487459302936,4.6652898460575125
4733.043,0.9015753635371371,4.662477045328774
4733.063,0.9002583161077693,4.660364479127914
4733.083,0.8983890479784299,4.65896475981048
4733.103,0.8959981196554613,4.658312992288244
4733.123,0.8932597012628136,4.658112355663752
4733.143,0.890565515471448,4.657962091196609
4733.163,0.8878677262501731,4.657860641644889
4733.183,0.8851685352693658,4.657807770198933
4733.203,0.8824699121711197,4.657800694834645
4733.223,0.8797736684246452,4.657832601749171
4733.243,0.8770793330034388,4.657911017974601
4733.263,0.8743869547345179,4.6580379774595215
4733.283,0.871697315674408,4.658215361564038
4733.303,0.8690119338547245,4.658439045729429
4733.323,0.8663310667044081,4.658711097427825
4733.343,0.8636555642260921,4.659033355165252
4733.363,0.8609868536492269,4.659401649224641
4733.383,0.8583252445920236,4.659818011834532
4733.403,0.8556716176064537,4.660284213652709
4733.423,0.8530272966890109,4.660796051980808
4733.443,0.8503926350676012,4.661355522806435
4733.463,0.8477685436625906,4.661964321176365
4733.483,0.8446789949772062,4.660774271073767
4733.503,0.8407954183630691,4.6564027947817195
4733.523,0.8370956651532419,4.650227161409509
4733.543,0.8337532767037934,4.64245985480419
4733.563,0.8307160609824787,4.633248673397244
4733.583,0.8277999169729617,4.623684105711988
4733.603,0.8249581792131038,4.613811991977436
4733.623,0.822142989716142,4.603771603192222
4733.643,0.8192479827564879,4.594191806559045
4733.663,0.8163413832176831,4.584618483143157
4733.683,0.8134349462068159,4.575045075830806
4733.703,0.8105287009739021,4.565471604423804
4733.723,0.807622669704175,4.5558980654501005
4733.743,0.8047168552221998,4.546324458763417
4733.763,0.801811257362102,4.536750784862679
4733.783,0.7989058759266263,4.527177044030003
4733.803,0.7960007105814945,4.517603236585148
4733.823,0.7930957610126135,4.508029362875422
4733.843,0.7901910269290777,4.49845542326253
4733.863,0.787286508057536,4.488881418115299
4733.883,0.784382204138997,4.4793073478041
4733.903,0.7814781149279126,4.46973321269613
4733.923,0.7785742400001696,4.460159013274293
4733.943,0.7756705785740098,4.45058475046756
4733.963,0.7727671305459042,4.441010424745524
4733.983,0.7698638957745357,4.4314360363931184
4734.003,0.7669608737359367,4.421861585841597
4734.023,0.7640580631512074,4.412287074430273
4734.043,0.7611554631476993,4.402712503557392
4734.063,0.7582530730906536,4.393137874132755
4734.083,0.7553508903928327,4.3835631889544295
4734.103,0.752448347606712,4.373990239150835
4734.123,0.7495448151794722,4.364421452656337
4734.143,0.7466413813042343,4.354852635168879
4734.163,0.7437379605636393,4.345283814196494
4734.183,0.7408345521774257,4.335714990045442
4734.203,0.7379311561424087,4.326146162751468
4734.223,0.7350277724656398,4.316577332340124
4734.243,0.7321244011568873,4.30700849882923
4734.263,0.729221610935121,4.297435292668854
4734.283,0.7263193563536064,4.287861889633102
4734.303,0.723417915838525,4.278287689614105
4734.323,0.7205162768532476,4.268711833174894
4734.343,0.7176158125177166,4.259132506633876
4734.363,0.71471548205792,4.2495520545419
4734.383,0.7118151824379886,4.239975457795336
4734.403,0.7089158370404668,4.230394095168018
4734.423,0.7060160447003121,4.220811844817954
4734.443,0.7031171432739702,4.211231980933989
4734.463,0.7002178983474567,4.201651119393136
4734.483,0.6973183507204469,4.1920717383204185
4734.503,0.6944188742694479,4.182492556014869
4734.523,0.6915203532010089,4.172912222535479
4734.543,0.6886210212484396,4.163335174733282
4734.563,0.685721337638117,4.1537568904219855
4734.583,0.6828216521634518,4.144178815809003
4734.603,0.6799231774416242,4.13460345042095
4734.623,0.6775193779721824,4.125577216031213
4734.643,0.6758899954481086,4.117867590828171
4734.663,0.674776284568,4.111872926004915
4734.683,0.674138540190208,4.107603010128347
4734.703,0.6740479253601149,4.104261249841299
4734.723,0.6746167437237044,4.101369732318281
4734.743,0.6758233140057245,4.099104691824138
4734.763,0.6776591239094039,4.097348600322157
4734.783,0.6801410841925328,4.0959539261136975
4734.803,0.6829374500165617,4.094909923183813
4734.823,0.6856440697952267,4.094139293718677
4734.843,0.6883656630395001,4.093378032128166
4734.863,0.6911295397356574,4.092637070674509
4734.883,0.6937985098025756,4.092233261012187
4734.903,0.6964750220834698,4.091880212362101
4734.923,0.6991574786329564,4.0915753859494535
4734.943,0.7018449902252905,4.0913188904461695
4734.963,0.7045366850144962,4.09111080933507
4734.983,0.7072316900189308,4.090951210238431
4735.003,0.7099291312561186,4.090840144994934
4735.023,0.7126281340296741,4.090777649650464
4735.043,0.7153270964194796,4.090763009450801
4735.063,0.7180232423660916,4.090785354753358
4735.083,0.720718148944774,4.090854289321359
4735.103,0.7234114416015547,4.090973692381235
4735.123,0.7261014570106238,4.091139446535066
4735.143,0.728787946613206,4.09135370097617
4735.163,0.7314702043641581,4.091618254513981
4735.183,0.7341466455184608,4.091928944616823
4735.203,0.7368169909145476,4.09228790651152
4735.223,0.7397785819971664,4.090825212755223
4735.243,0.743236083414512,4.086117019632209
4735.263,0.7463445824127569,4.079625931009288
4735.283,0.7489486851333365,4.071583413816686
4735.303,0.7510632124733586,4.062089082691054
4735.323,0.7530731777883826,4.052291962981295
4735.343,0.7549768144441025,4.042233131413122
4735.363,0.7567721605482594,4.031831081663497
4735.383,0.7587372456539071,4.022008385208198
4735.403,0.7607053400648203,4.01218436670227
4735.423,0.7627008379356908,4.002385727254874
4735.443,0.7646961087258731,3.99258718107792
4735.463,0.766691363020194,3.9827886333508276
4735.483,0.7686866040037624,3.97299008338748
4735.503,0.7706818316919742,3.963191531190585
4735.523,0.772677046067965,3.953392976765234
4735.543,0.7746699206996289,3.943589360826392
4735.563,0.7766623323767732,3.9337843022156527
4735.583,0.7786545363163191,3.9239791656500453
4735.603,0.780646494987581,3.9141739599444167
4735.623,0.782638204120292,3.9043686926763836
4735.643,0.7846296633152134,3.8945633687328596
4735.663,0.7866208725047594,3.8847579910645136
4735.683,0.7886118318917754,3.874952561582792
4735.703,0.790602541875138,3.8651470817573674
4735.723,0.7925930036271169,3.855341553473189
4735.743,0.794583219090876,3.8455359793579524
4735.763,0.7965731915377272,3.8357303634966886
4735.783,0.7985629284454078,3.825924714173446
4735.803,0.8005524573030469,3.8161190515234384
4735.823,0.8025443231243309,3.8063191541191816
4735.843,0.804536050220273,3.796519895125802
4735.863,0.806527755570786,3.7867206321045033
4735.883,0.8085194468534832,3.7769213660976364
4735.903,0.8105111241525825,3.7671220970688175
4735.923,0.8125027874855184,3.7573228249734627
4735.943,0.8144944368727619,3.747523549769398
4735.963,0.8164860723385405,3.737724271417466
4735.983,0.8184776939108487,3.7279249898819917
4736.003,0.8204693016214089,3.7181257051312104
4736.023,0.8224608955055763,3.708326417137655
4736.043,0.8244524756021976,3.698527125878496
4736.063,0.8264440419534236,3.6887278313358314
4736.083,0.8284355946044781,3.67892853349692
4736.103,0.8304271336033868,3.669129232354371
4736.123,0.832418659000669,3.659329927906265
4736.143,0.8344101708489926,3.649530620156225
4736.163,0.8364016692028009,3.6397313091134254
4736.183,0.8383931541179162,3.629931994792547
4736.203,0.8403846256511165,3.620132677213672
4736.223,0.8423760838596999,3.610333356402124
4736.243,0.8443675288010337,3.6005340323882513
4736.263,0.846358960532101,3.590734705207161
4736.283,0.8483503791090387,3.5809353748984023
4736.303,0.8503417845866824,3.5711360415056026
4736.323,0.8523331770181175,3.5613367050760627
4736.343,0.8543245564542443,3.551537365660314
4736.363,0.8563159229433557,3.5417380233116402
4736.383,0.8583072765307411,3.531938678085569
4736.403,0.8602977158977901,3.5221375888971727
4736.423,0.8622889784401633,3.512338232765123
4736.443,0.8642802457536898,3.502538869692086
4736.463,0.8662715004329398,3.4927395039124365
4736.483,0.8682627423482975,3.482940135536995
4736.503,0.8702539715206555,3.473140764624335
4736.523,0.8722446850142058,3.463340229716559
4736.543,0.8742358436611167,3.453540853694191
4736.563,0.876227006893733,3.4437414700089466
4736.583,0.878218157542761,3.433942083921239
4736.603,0.8802046464837258,3.4241358950634466
4736.623,0.8821943874368755,3.414333439671847
4736.643,0.8841853024482911,3.4045337180462187
4736.663,0.8861762088500752,3.3947339979637072
4736.683,0.8881671029202673,3.3849342820626513
4736.703,0.890157012103638,3.3751344569045245
4736.723,0.8921470662818027,3.3653338416759127
4736.743,0.8941364517183441,3.355531909111249
4736.763,0.8961242160817321,3.345725992388228
4736.783,0.8981118953281853,3.335919977376604
4736.803,0.9000993428215849,3.3261138734047826
4736.823,0.9016339411173573,3.316907069999842
4736.843,0.9025582501043974,3.309149509721812
4736.863,0.9030865554249198,3.302971140122923
4736.883,0.9037607229427713,3.298459380986692
4736.903,0.9046684794322716,3.294919304132466
4736.923,0.9060924286566847,3.292060461085099
4736.943,0.9078781701977137,3.2900217428970597
4736.963,0.9100116258109445,3.288759392658415
4736.983,0.9122386497548963,3.28856394541304
4737.003,0.914752664027239,3.2890415285550274
4737.023,0.9173467444668382,3.2897865074484773
4737.043,0.9199271322467252,3.290579497992553
4737.063,0.9224928269065498,3.291418805810744
4737.083,0.9250429896600125,3.292304151708514
4737.103,0.9275767949662586,3.2932352482620746
4737.123,0.9300934227191234,3.294211793347185
4737.143,0.9325920584541054,3.295233470178168
4737.163,0.9350718936060639,3.2962999474156116
4737.183,0.9375321257649656,3.297410879279039
4737.203,0.9399719589292814,3.29856590566383
4737.223,0.9423906037569254,3.2997646522622937
4737.243,0.9447872778136186,3.301006730688786
4737.263,0.9471612058185852,3.3022917386087682
4737.283,0.9495116198874818,3.3036192598716636
4737.303,0.95183775977248,3.304988864647422
4737.323,0.9541388730994372,3.306400109566619
4737.343,0.9564142156020936,3.3078525378639947
4737.363,0.9586630513532719,3.3093456795252822
4737.383,0.9608846529930545,3.310879051437213
4737.403,0.9630783019539491,3.3124521575405796
4737.423,0.9652432886830612,3.3140644889862636
4737.443,0.9673789128613253,3.3157155242941423
4737.463,0.969484483619852,3.3174047295148177
4737.483,0.9715593197534811,3.319131558394134
4737.503,0.9736027499316368,3.320895452540473
4737.523,0.9756141129065884,3.3226958415948693
4737.543,0.9775927577192406,3.32453214340399
4737.563,0.9795380439025663,3.3264037641960775
4737.583,0.9814493416827951,3.328310098759982
4737.603,0.9833260321784614,3.33025053062743
4737.623,0.9851675075973919,3.332224432258725
4737.643,0.9869731714316989,3.334231165232053
4737.663,0.988742438650802,3.33627008043664
4737.683,0.9904747358924791,3.338340518269937
4737.703,0.9921695016518952,3.3404418088390915
4737.723,0.993826186468528,3.3425732721668604
4737.743,0.9954442531108529,3.3447342184021793
4737.763,0.9970231767586164,3.346923948035518
4737.783,0.998562445182488,3.349141752119124
4737.803,1.0000615589208348,3.3513869124922353
4737.823,1.0015200314533412,3.3536587020112574
4737.843,1.0029373893711728,3.3559563847848666
4737.863,1.0043131725433658,3.358279216413957
4737.883,1.0056469342791183,3.3606264442362526
4737.903,1.0069382414856594,3.362997307575424
4737.923,1.0081866748213932,3.3653910379944274
4737.943,1.009391828844023,3.3678068595528163
4737.963,1.0105533121533923,3.370243989067697
4737.983,1.0116707475288125,3.3727016363779945
4738.003,1.012743772060679,3.3751790046116996
4738.023,1.0137720372762216,3.3776752904557346
4738.043,1.0147552092592702,3.3801896844281027
4738.063,1.0156929687639575,3.3827213711519875
4738.083,1.01658501132232,3.3852695296315023
4738.103,1.017431047345786,3.387833333528795
4738.123,1.0200295087021998,3.3898586245450493
4738.143,1.0257628868780055,3.3908950123414683
4738.163,1.0329464575288636,3.390831748662291
4738.183,1.0412993260977075,3.3896315188149417
4738.203,1.0507439640819034,3.387346686938184
4738.223,1.060421999655865,3.3848262906750355
4738.243,1.070438890892818,3.3824147342957693
4738.263,1.080548620421285,3.3800268611301503
4738.283,1.0902652317764758,3.3775368848418315
4738.303,1.0999449350045079,3.37502832254218
4738.323,1.1096247235515435,3.37251946343252
4738.343,1.119304513377336,3.37001062242069
4738.363,1.1289843066914425,3.36750179473068
4738.383,1.1386641034927032,3.364992980355771
4738.403,1.1483439037528327,3.3624841793328324
4738.423,1.158023707441693,3.3599753916955417
4738.443,1.1677035145278731,3.3574666174734498
4738.463,1.1773833249790016,3.3549578566915375
4738.483,1.187063138762062,3.35244910936984
4738.503,1.1967429558437248,3.3499403755231194
4738.523,1.2058366591747451,3.3479468286577694
4738.543,1.2135052171329919,3.3467387768861068
4738.563,1.2195712942617039,3.345768261464043
4738.583,1.2239055829225771,3.3448596000395407
4738.603,1.2269833521712727,3.344092169385406
4738.623,1.2289482699759768,3.343329926820366
4738.643,1.230044746352176,3.3419661651936314
4738.663,1.2303847859361128,3.339900141667538
4738.683,1.2299127069697686,3.3375130494332033
4738.703,1.2289920919431743,3.3349596938787864
4738.723,1.228036702091967,3.332397858567312
4738.743,1.227080364581983,3.3298736097503228
4738.763,1.226078936917239,3.3273667181505853
4738.783,1.2250325584378818,3.3248782586945085
4738.803,1.2239415662791393,3.3224090395487966
4738.823,1.22280631394572,3.3199598597642397
4738.843,1.2216271692239598,3.317531511820883
4738.863,1.2204045140379556,3.315124781410181
4738.883,1.2191387443229091,3.312740447189407
4738.903,1.2178302698949452,3.3103792805383674
4738.923,1.2164795143172984,3.308042045318833
4738.943,1.2150869147629786,3.3057294976367513
4738.963,1.2136529218740342,3.3034423856072763
4738.983,1.212177999617528,3.3011814491226477
4739.003,1.2106626251383326,3.2989474196229245
4739.023,1.209107288608843,3.2967410198695672
4739.043,1.207512493075686,3.2945629637218405
4739.063,1.205878754303497,3.292413955915983
4739.083,1.2042066006158054,3.2902946918470914
4739.103,1.2024965727330432,3.288205857353616
4739.123,1.2007492236076733,3.2861481285043985
4739.143,1.1989651182563896,3.2841221713881326
4739.163,1.197144833589326,3.2821286419051425
4739.183,1.1952889582361577,3.2801681855613736
4739.203,1.193398092368973,3.2782414372644846
4739.223,1.1914728475217473,3.276349021121969
4739.243,1.1895138464062305,3.2744915502412204
4739.263,1.1875217227240569,3.2726696265315085
4739.283,1.185497120974843,3.270883840507844
4739.303,1.183440696260077,3.269134771096764
4739.323,1.1813531140825724,3.2674229854440946
4739.343,1.1792350501412947,3.2657490387248136
4739.363,1.1770871901213917,3.2641134739551423
4739.383,1.17491022947928,3.262516821807071
4739.403,1.1727048732226961,3.260959600425552
4739.423,1.1704718356856567,3.259442315248623
4739.443,1.1682118402983281,3.2579654588307596
4739.463,1.1659256193518648,3.2565295106697767
4739.483,1.163613913758325,3.2551349370376026
4739.503,1.1612774728058297,3.2537821908152735
4739.523,1.1589170539091806,3.2524717113324604
4739.543,1.1565334223561963,3.251203924211871
4739.563,1.1541273510500765,3.2499792412187842
4739.583,1.1516996202481053,3.2487980601160173
4739.603,1.1492510172970638,3.2476607645245363
4739.623,1.14678233636569,3.2465677237899024
4739.643,1.1442943781745711,3.245519292854713
4739.663,1.1417879497238055,3.2445158121371356
4739.683,1.1392638640187849,3.2435576074156
4739.703,1.1367229397944063,3.2426449897196927
4739.723,1.1347661133275075,3.2399946235006882
4739.743,1.1338793886641652,3.234236219911323
4739.763,1.1341297909150496,3.227056800205394
4739.783,1.1355472598009508,3.218738107832666
4739.803,1.138077407783951,3.2093562049829365
4739.823,1.1408491038722495,3.199747118648531
4739.843,1.1435277794705407,3.189802891631285
4739.863,1.146203543032714,3.179736416219035
4739.883,1.1489549513997566,3.1700767092608886
4739.903,1.1517004077716928,3.1604620732388753
4739.923,1.1544597601862916,3.150850748766431
4739.943,1.1572187935964238,3.1412393034641157
4739.963,1.1599778117796429,3.131627853049895
4739.983,1.1627368172761137,3.122016398229741
4740.003,1.1654958101928994,3.1124049390497426
4740.023,1.168254790612618,3.1027934755557043
4740.043,1.171013758614692,3.093182007799029
4740.063,1.1737727142753112,3.083570535836463
4740.083,1.1765316576672062,3.073959059729715
4740.103,1.17929058885943,3.0643475795450215
4740.123,1.1820495079171476,3.0547360953526534
4740.143,1.1848084149014428,3.0451246072263793
4740.163,1.1875673098691444,3.035513115242881
4740.183,1.1903261928726656,3.0259016194811292
4740.203,1.193085063959875,3.016290120021739
4740.223,1.1958439231739904,3.006678616946293
4740.243,1.1986027705534952,2.997067110336652
4740.263,1.2013616061320946,2.987455600274255
4740.283,1.2041204299386947,2.9778440868394176
4740.303,1.2068792419974133,2.9682325701106387
4740.323,1.2096380423276303,2.958621050163917
4740.343,1.2123968309440625,2.9490095270720884
4740.363,1.2151556078568777,2.939398000904187
4740.383,1.2179143730718374,2.9297864717248463
4740.403,1.220673126590472,2.920174939593733
4740.423,1.2234318684102894,2.9105634045650324
4740.443,1.226190598525006,2.9009518666869787
4740.463,1.2289493169248122,2.8913403260014428
4740.483,1.231705713383249,2.88172390599422
4740.503,1.2344619935307632,2.872107767792579
4740.523,1.2372206428194112,2.862495753279954
4740.543,1.2399785071136675,2.8528835055299715
4740.563,1.2427359031210687,2.843271531522791
4740.583,1.24549414679716,2.8336598570011504
4740.603,1.2482494393794903,2.8240433696794307
4740.623,1.2510041295568175,2.8144225668625666
4740.643,1.2537600057364242,2.804806208492998
4740.663,1.256516557969781,2.7951926467968313
4740.683,1.2592733559764457,2.785580557849161
4740.703,1.2620300522787753,2.7759684185209923
4740.723,1.2647854107400605,2.766352228711411
4740.743,1.267541018424228,2.7567343414400773
4740.763,1.270296077675994,2.7471162073511923
4740.783,1.2730511819362538,2.7374980159660876
4740.803,1.275806068958784,2.727879761072281
4740.823,1.2785607310682776,2.7182614436407286
4740.843,1.2813151695497405,2.7086430669362658
4740.863,1.2840693874908875,2.6990246360797867
4740.883,1.286823391601509,2.689406160883331
4740.903,1.2895772006968826,2.679787665040526
4740.923,1.292330144513185,2.670166560778402
4740.943,1.295081615333152,2.6605507312629006
4740.963,1.2978322109833471,2.6509299541312896
4740.983,1.3005873880459464,2.6413173539728683
4741.003,1.3033422606937242,2.631704719740922
4741.023,1.3060971182042904,2.6220920812787027
4741.043,1.3088519632173619,2.6124794387489567
4741.063,1.3110945547351454,2.6034197993695756
4741.083,1.3125967550529707,2.5956858573813717
4741.103,1.3135919419557551,2.589646563162465
4741.123,1.314118726767989,2.585375646145607
4741.143,1.3141315544181444,2.582189981599389
4741.163,1.3134176864276743,2.5796745984669593
4741.183,1.3119951364785913,2.577830251655732
4741.203,1.309875409336943,2.5766731624739045
4741.223,1.307259112101936,2.5760488620842215
4741.243,1.304618136055117,2.575489394463844
4741.263,1.3019674136863442,2.574977568377169
4741.283,1.2993078998407892,2.574513534055468
4741.303,1.296640458107024,2.5740974423400504
4741.323,1.2939659538391475,2.5737294286637593
4741.343,1.2912852546418334,2.573409612786957
4741.363,1.2885992300844158,2.57313809875935
4741.383,1.2859087514093848,2.5729149748906766
4741.403,1.2832146912417226,2.5727403137273632
4741.423,1.2805179232991748,2.5726141720349824
4741.443,1.2778193221034728,2.572536590786321
4741.463,1.275119762703053,2.5725075960138364
4741.483,1.2724231700642241,2.5725182355658283
4741.503,1.2697279739570342,2.572572069375394
4741.523,1.2670341216799728,2.5726763820921272
4741.543,1.2643432699361035,2.5728270498895
4741.563,1.2616556778509391,2.5730262327702764
4741.583,1.2589720623912029,2.5732757336870216
4741.603,1.2562939907234834,2.573571385982468
4741.623,1.2536217572764294,2.573915327692735
4741.643,1.2509561266123446,2.574309291249983
4741.663,1.2482985780008955,2.574749083467885
4741.683,1.245649430947347,2.575236786223418
4741.703,1.2430094965115988,2.5757740777635427
4741.723,1.2403801423380054,2.5763567373046987
4741.743,1.237761734904917,2.5769867935962765
4741.763,1.235155124361353,2.5776658612642427
4741.783,1.2325615673585355,2.5783897048861366
4741.803,1.2299814743945907,2.579160296360977
4741.823,1.2268284862751164,2.5781778374661397
4741.843,1.2226802795591183,2.5740664935016637
4741.863,1.2185992236963512,2.5681395125808093
4741.883,1.21477495968228,2.5606015170115954
4741.903,1.211208654565059,2.551552617654918
4741.923,1.2076976597415643,2.54218834433838
4741.943,1.2042221607274124,2.532580080388176
4741.963,1.2007731970894338,2.522607872213936
4741.983,1.1972692530300768,2.5132261503080504
4742.003,1.193778511718153,2.5038328064069795
4742.023,1.1902789959742495,2.4944655566686493
4742.043,1.1867795255385243,2.4850983007626355
4742.063,1.1832803387861974,2.475724042731531
4742.083,1.1797824535810228,2.4663445947195517
4742.103,1.1762848236227472,2.4569701117336153
4742.123,1.1727867396032159,2.4475898401589715
4742.143,1.1692904208186077,2.438212091421127
4742.163,1.1657921714982422,2.4288352974004943
4742.183,1.1622951129940002,2.419459283139969
4742.203,1.158797891397162,2.4100805905467984
4742.223,1.1553007821860235,2.4007052910037787
4742.243,1.1518035680659486,2.3913299432050668
4742.263,1.1483073628778677,2.3819567893307854
4742.283,1.1448110894601466,2.372583782118525
4742.303,1.1413151539016546,2.3632107665196656
4742.323,1.1378206657648209,2.3538329251716035
4742.343,1.1343235542807768,2.3444647747442584
4742.363,1.1308264562784296,2.3350966381672693
4742.383,1.1273293700761888,2.32572849704669
4742.403,1.1238322955115896,2.3163603511805775
4742.423,1.1203352325342772,2.306992200517503
4742.443,1.11683818109431,2.2976240450120535
4742.463,1.1133411411411835,2.2882558846238794
4742.483,1.109844112623998,2.278887719318227
4742.503,1.1063470954916605,2.269519549066424
4742.523,1.1028500896930986,2.2601513738463
4742.543,1.099353095177491,2.2507831936425307
4742.563,1.0958561118945083,2.2414150084469138
4742.583,1.09235913979456,2.2320468182585635
4742.603,1.0888621788290496,2.2226786230840303
4742.623,1.085907112385143,2.2138869577771896
4742.643,1.08403849509233,2.206516870346542
4742.663,1.082424306102557,2.2007102758558417
4742.683,1.0810031914802536,2.1966652415093657
4742.703,1.0796337293486382,2.1939298579418267
4742.723,1.0782984371656594,2.192349231494476
4742.743,1.0767562614274067,2.1918014226904714
4742.763,1.0747144987961805,2.1920919121431677
4742.783,1.072279289305377,2.1930489300328686
4742.803,1.0698279405399573,2.1941820516609343
4742.823,1.0674028824156199,2.19536521212473
4742.843,1.0649988764298213,2.196592832511694
4742.863,1.062617318983314,2.1978635944843816
4742.883,1.0602590240257264,2.199177005136807
4742.903,1.0579247541811252,2.2005326389314837
4742.923,1.0556152641224497,2.2019300573181786
4742.943,1.0533313005590381,2.2033688081683507
4742.963,1.051073601976567,2.2048484259711083
4742.983,1.0488428983904576,2.206368432019594
4743.003,1.0466399111095515,2.2079283345871663
4743.023,1.0444653525072498,2.2095276290979204
4743.043,1.0423199257983782,2.2111657982945068
4743.063,1.0402043248206279,2.2128423124051304
4743.083,1.0381192338198477,2.2145566293109726
4743.103,1.0360653272386824,2.216308194714821
4743.123,1.0340432695082074,2.2180964423114355
4743.143,1.032053714842278,2.2199207939600525
4743.163,1.0287918254792452,2.2204125932459835
4743.183,1.0232783149282458,2.2185123017273316
4743.203,1.017037914256852,2.214945324082194
4743.223,1.0103319037083738,2.2098152184538757
4743.243,1.0032030254808093,2.2032075783375458
4743.263,0.9959865847801826,2.196283933322324
4743.283,0.9885776803846267,2.1891872373930177
4743.303,0.9810658886930873,2.1819986602828663
4743.323,0.9738162934705599,2.175046014922044
4743.343,0.9665974756209603,2.1681176715398873
4743.363,0.9593814954092994,2.161195168338978
4743.383,0.9521655427468015,2.1542726644632264
4743.403,0.9449495903989645,2.147350160083748
4743.423,0.9377336381554078,2.1404276552119637
4743.443,0.9305176860783977,2.1335051498783666
4743.463,0.9233017342327259,2.1265826441167657
4743.483,0.9160857826822435,2.119660137963734
4743.503,0.9088698314891235,2.1127376314583075
4743.523,0.9016538807131764,2.105815124641671
4743.543,0.8944379304111866,2.098892617556822
4743.563,0.8872219806362848,2.0919701102482
4743.583,0.8800060314373591,2.085047602761314
4743.603,0.8727900828585077,2.078125095142349
4743.623,0.8655741349385442,2.0712025874377673
4743.643,0.8583581877105557,2.0642800796939023
4743.663,0.8511422412015224,2.057357571956552
4743.683,0.8439262954319969,2.050435064270575
4743.703,0.8367103504158521,2.0435125566794996
4743.723,0.8294944061600955,2.0365900492251354
4743.743,0.8222784626647561,2.0296675419472052
4743.763,0.8150625199228407,2.0227450348829983
4743.783,0.8078465779203602,2.015822528067042
4743.803,0.800630098236088,2.0088993045433514
4743.823,0.793941276281505,2.0024885674603747
4743.843,0.788517095645962,1.9973395623520682
4743.863,0.784571705943539,1.993648553788714
4743.883,0.7815395276963517,1.9912471375790892
4743.903,0.7788018053382013,1.9900303273122664
4743.923,0.776342826865119,1.9898462628714033
4743.943,0.7741707313507795,1.9906558790109512
4743.963,0.7723028448759071,1.9924206222633578
4743.983,0.7705511889393161,1.9944752667192425
4744.003,0.768837165363839,1.9965608238864132
4744.023,0.7671609494969194,1.9986768945993874
4744.043,0.7655230806048537,2.0008227967847962
4744.063,0.7639240891489459,2.0029978363041048
4744.083,0.762364493167821,2.0052013094782994
4744.103,0.7608447980702829,2.0074325033238622
4744.123,0.7593654964625688,2.009690695774014
4744.143,0.7579270679785322,2.011975155904711
4744.163,0.7565299791127361,2.0142851441656062
4744.183,0.7551746830567623,2.016619912615979
4744.203,0.7538616195390689,2.018978705165544
4744.223,0.7525912146687315,2.021360757820034
4744.243,0.7513638807834053,2.0237652989313686
4744.263,0.7501800163018413,2.026191549452195
4744.283,0.7490400055812575,2.0286387231945224
4744.303,0.747944218779863,2.031106027092158
4744.323,0.7468930117247803,2.033592661466624
4744.343,0.7458867257855957,2.036097820296209
4744.363,0.7449256877537133,2.038620691487804
4744.383,0.7440102097276597,2.0411604571511877
4744.403,0.7431405890044447,2.043716293875416
4744.423,0.7423171079770413,2.046287373006999
4744.443,0.7415400340380193,2.048872860929553
4744.463,0.7408096194893307,2.051471919344683
4744.483,0.74012610145822,2.0540837055538073
4744.503,0.7394897018192123,2.0567073727407488
4744.523,0.7389006271221022,2.05934207025487
4744.543,0.7383590685258732,2.0619869438946234
4744.563,0.737865201738449,2.064641136191357
4744.583,0.7355624661014866,2.066997011364029
4744.603,0.7300203859872364,2.0687943727371243
4744.623,0.7228935495810954,2.069696833951384
4744.643,0.7144552435806987,2.0696297346589914
4744.663,0.7047892691345068,2.068634533293116
4744.683,0.6948603146435172,2.067437244195259
4744.703,0.6845805523224039,2.066431299731218
4744.723,0.6742229527043306,2.0654439650760144
4744.743,0.6642735298731105,2.0642685673991368
4744.763,0.6543356760006201,2.063091807615092
4744.783,0.6444062589315831,2.0619085723850894
4744.803,0.6344768436799737,2.0607253814362143
4744.823,0.6245474264975701,2.059542205583514
4744.843,0.614618007399532,2.0583590445887605
4744.863,0.6046885864470694,2.0571758984786146
4744.883,0.5947591637039004,2.055992767280113
4744.903,0.5848297392350981,2.054809651017785
4744.923,0.574900313106399,2.0536265497132753
4744.943,0.5649708853835134,2.0524434633850075
4744.963,0.5550414561314369,2.0512603920479013
4744.983,0.5451120254137706,2.050077335713123
4745.003,0.535182593292059,2.0488942943878787
4745.023,0.525253159825146,2.0477112680752567
4745.043,0.5153237250685638,2.0465282567741094
4745.063,0.5053942890739527,2.0453452604789892
4745.083,0.49546485188852263,2.044162279180125
4745.103,0.4855354135545611,2.0429793128634515
4745.123,0.4756059741089891,2.041796361510682
4745.143,0.465676533582974,2.0406134250994272
4745.163,0.4557470920015999,2.0394305036033606
4745.183,0.44581764938359886,2.0382475969924227
4745.203,0.4358882057411486,2.037064705233073
4745.223,0.42595876107973535,2.035881828288567
4745.243,0.41602673069390744,2.0347040079326835
4745.263,0.4060973089716841,2.033521095695165
4745.283,0.3961678426823297,2.0323384166342544
4745.303,0.3862383919573207,2.0311556397245476
4745.323,0.3763019613054345,2.0299817216474487
4745.343,0.3663688459756055,2.0288041732189392
4745.363,0.3564372283495818,2.0276238663666613
4745.383,0.34650768734529597,2.026441810079385
4745.403,0.33657814600810054,2.025259784533973
4745.423,0.3266465781545924,2.024079853981309
4745.443,0.3167166815340925,2.0229014515157906
4745.463,0.3067871044310465,2.0217196232169603
4745.483,0.29685753079685795,2.0205378737957638
4745.503,0.28692358263942436,2.0193583758214633
4745.523,0.27698606170319656,2.018181228723738
4745.543,0.2670442058095485,2.0170061719369685
4745.563,0.2571092933990572,2.0158285282219417
4745.583,0.24717283952248734,2.0146508265331793
4745.603,0.2372363464774954,2.0134733724333427
4745.623,0.22729981899028426,2.0122961906296255
4745.643,0.21736325795937017,2.011119281928103
4745.663,0.20742666405654345,2.009942645911468
4745.683,0.1974900377338816,2.0087662821707277
4745.703,0.18755337974514238,2.0075901896683552
4745.723,0.1776166913744425,2.0064143667812613
4745.743,0.16767997442559712,2.0052388114872493
4745.763,0.1577432325607432,2.004063519101261
4745.783,0.14780647343493541,2.002888479571695
4745.803,0.13787034252813615,2.0017133770982083
4745.823,0.1279403062478692,2.0005353079149444
4745.843,0.1180102556788569,1.9993575094752667
4745.863,0.10808020266868794,1.9981797279299491
4745.883,0.09815014732995955,1.99700196082708
4745.903,0.08822008967105673,1.995824208172071
4745.923,0.07829002970631366,1.9946464699959692
4745.943,0.06835996745674242,1.9934687463323097
4745.963,0.058429902949788025,1.9922910372164302
4745.983,0.04849983621901534,1.991113342684981
4746.003,0.03856976730373626,1.9899356627754363
4746.023,0.028639696248581214,1.9887579975256047
4746.043,0.01870962310302029,1.9875803469731395
4746.063,0.008779547920836794,1.9864027111550597
4746.083,-0.0011505292404395545,1.985225090107278
4746.103,-0.011080608320135733,1.984047483864154
4746.123,-0.021010689255068833,1.9828698924580581
4746.143,-0.03094077198020191,1.9816923159189674
4746.163,-0.04087085642931812,1.9805147542740862
4746.183,-0.0508009425357049,1.9793372075475009
4746.203,-0.06073103023284181,1.9781596757598663
4746.223,-0.07066111945508513,1.9769821589281358
4746.243,-0.08059121013834339,1.9758046570653287
4746.263,-0.08995412003030698,1.9749701050759467
4746.283,-0.09793552318717788,1.9745605173272731
4746.303,-0.10421635288899991,1.974320792720259
4746.323,-0.10872808515236497,1.974149759683431
4746.343,-0.11225719724199187,1.9743952806334555
4746.363,-0.11505651687996704,1.9752025710502945
4746.383,-0.11717372180053309,1.9765579931505044
4746.403,-0.11858045580530627,1.9784422116906881
4746.423,-0.11927467801255524,1.980831876750162
4746.443,-0.11938147514929974,1.9835613494954547
4746.463,-0.11948271125357311,1.9862586637583832
4746.483,-0.11953541587134271,1.9889578446803764
4746.503,-0.11954241450990172,1.9916566446288944
4746.523,-0.11951034097967436,1.9943528849051444
4746.543,-0.11943181988496909,1.9970474888580807
4746.563,-0.11930475628893766,1.9997402476905817
4746.583,-0.11912724164056784,2.002430101381622
4746.603,-0.11890341519853717,2.0051154927701806
4746.623,-0.11863122290069282,2.007796362362066
4746.643,-0.11830882822359964,2.010471853673533
4746.663,-0.11794039600560875,2.01314057336056
4746.683,-0.11752390018178173,2.0158021758810736
4746.703,-0.11705756723882663,2.0184557965191585
4746.723,-0.11654560112048101,2.0211001128265598
4746.743,-0.11598600728136793,2.0237347631084766
4746.763,-0.11537708794208554,2.0263588424756223
4746.783,-0.1147230659391097,2.0289711228219818
4746.803,-0.11402198959229401,2.03157120344548
4746.823,-0.11327224015060001,2.034158154095122
4746.843,-0.11247804890676154,2.036730842303733
4746.863,-0.11163751353466758,2.0392888293787492
4746.883,-0.11074909694845353,2.0418311636537867
4746.903,-0.10981702764473743,2.0443568096051927
4746.923,-0.10883945936020835,2.04686529264487
4746.943,-0.10781493770716301,2.0493556479323054
4746.963,-0.10674384193644326,2.0518273693207862
4746.983,-0.10561850256622823,2.054281076865663
4747.003,-0.10444916832360085,2.0567141881427866
4747.023,-0.10323623648337861,2.059125856397482
4747.043,-0.10198010011765898,2.0615153007886664
4747.063,-0.10232892676225334,2.064790735222869
4747.083,-0.10556671611005498,2.0696346220725186
4747.103,-0.11060302966303995,2.0747575652763364
4747.123,-0.11726950420825802,2.079931667510705
4747.143,-0.12547441952008873,2.085137622759572
4747.163,-0.13401081487199112,2.090347667868081
4747.183,-0.14281885894291674,2.0956200616111635
4747.203,-0.15173205985393054,2.1009432611176266
4747.223,-0.16027745557350695,2.106155011697168
4747.243,-0.16881881751789232,2.1113622205058173
4747.263,-0.17736086289935937,2.1165680018721083
4747.283,-0.1859026630225317,2.121774121416471
4747.303,-0.1944445107826478,2.126980174360983
4747.323,-0.2029864287035654,2.132186107482614
4747.343,-0.2115284194848377,2.13739191238237
4747.363,-0.2200704825532403,2.1425975879145
4747.383,-0.22861261582529194,2.1478031345160957
4747.403,-0.23715481633780522,2.1530085530881165
4747.423,-0.24569708127269368,2.158213844116221
4747.443,-0.2542394059271073,2.163419009335987
4747.463,-0.26278178390395146,2.168624050373408
4747.483,-0.2713233122618305,2.1738291040155597
4747.503,-0.27986143825271953,2.1790340313117156
4747.523,-0.28839965855704036,2.1842388422427295
4747.543,-0.29693788340943805,2.189443645915908
4747.563,-0.3054761119167708,2.194648443420262
4747.583,-0.3140143440678509,2.1998532348312128
4747.603,-0.3225525798632885,2.2050580202106476
4747.623,-0.3310908193067646,2.2102627996157507
4747.643,-0.33962906240483304,2.2154675730986506
4747.663,-0.34761024356645903,2.2201359184115907
4747.683,-0.3542446213158773,2.2235131417837892
4747.703,-0.35934802947979333,2.2258847319532302
4747.723,-0.36272778421789637,2.2281779242968955
4747.743,-0.3648415165694573,2.2304088820550207
4747.763,-0.3657752972044693,2.2325478076430527
4747.783,-0.36571317331404013,2.2347318965781535
4747.803,-0.36465880585803034,2.2369890537457704
4747.823,-0.36311180487166483,2.23920158203035
4747.843,-0.3615232689999054,2.241384234127286
4747.863,-0.359895712326085,2.243537928520373
4747.883,-0.35822965640123855,2.2456619881145166
4747.903,-0.35652563995438913,2.2477557257977434
4747.923,-0.35478421399823556,2.249818464015648
4747.943,-0.3530059416278885,2.2518495351626444
4747.963,-0.3511913978502386,2.253848281791398
4747.983,-0.34934116941055304,2.2558140568182843
4748.003,-0.3474558546159618,2.2577462237266923
4748.023,-0.34553606315568497,2.259644156768275
4748.043,-0.3435824159178268,2.2615072411622226
4748.063,-0.34159554480254023,2.2633348732926204
4748.083,-0.33957609253135373,2.2651264609039123
4748.103,-0.33752471245244087,2.266881423294478
4748.123,-0.3354420683416166,2.2685991915082613
4748.143,-0.3333288341988522,2.2702792085243853
4748.163,-0.33118569404012005,2.271920929444617
4748.183,-0.3290133416844111,2.2735238216785167
4748.203,-0.32681248053579603,2.2750873651260566
4748.223,-0.3245838233604557,2.2766110523574685
4748.243,-0.3223280920586441,2.278094388790032
4748.263,-0.32004601743160915,2.2795368928615085
4748.283,-0.3177383389435487,2.280938096199888
4748.303,-0.3154058044787319,2.282297543789123
4748.323,-0.3130491700939707,2.283614794130518
4748.343,-0.3106691997666735,2.2848894193994513
4748.363,-0.3082666651387559,2.286121005597116
4748.383,-0.305842345256713,2.2873091526970137
4748.403,-0.30339702630819115,2.288453474785941
4748.423,-0.3009315013554036,2.289553600199257
4748.443,-0.2984465700657525,2.2906091716502632
4748.463,-0.29594303844000935,2.291619846353548
4748.483,-0.29342171853839805,2.292585296142223
4748.503,-0.2908834282049127,2.293505207578985
4748.523,-0.2889342242466453,2.2961611826175234
4748.543,-0.28806404716007095,2.3019221089538355
4748.563,-0.28833507258859353,2.309100777700022
4748.583,-0.28977643128779007,2.3174153583245665
4748.603,-0.2923335232194464,2.326789951356695
4748.623,-0.2951328271718746,2.3363910421388083
4748.643,-0.29784084487928436,2.3463268442282232
4748.663,-0.30054666951208736,2.3563844822016464
4748.683,-0.30332550757038074,2.3660368240048633
4748.703,-0.3060912641522746,2.375666317848461
4748.723,-0.30887221061373044,2.3852847834355893
4748.743,-0.3116547930060499,2.3949003144125163
4748.763,-0.3144346140459618,2.404518753355574
4748.783,-0.31721623073810995,2.414132977511909
4748.803,-0.31999697309447117,2.4237468628107393
4748.823,-0.32277973789563996,2.4333579274054795
4748.843,-0.32555937058001505,2.4429708581104395
4748.863,-0.32834157258317187,2.452579591346456
4748.883,-0.3311257146563451,2.462183790847637
4748.903,-0.3339098270740454,2.4717879969315337
4748.923,-0.3366914119724435,2.4813969115333414
4748.943,-0.3394714714423541,2.4910135895277374
4748.963,-0.34225443424136265,2.5006178652541164
4748.983,-0.34503812682118473,2.5102221888129583
4749.003,-0.3478217962856945,2.519826519395965
4749.023,-0.3506054529688929,2.529430853314471
4749.043,-0.35338909702659116,2.5390351905969935
4749.063,-0.3561727285244141,2.5486395313116335
4749.083,-0.35895634752594635,2.558243875529972
4749.103,-0.36173995409340914,2.567848223325824
4749.123,-0.3645219583272697,2.5774581257925493
4749.143,-0.36730465948141044,2.587062637767774
4749.163,-0.3700881216569595,2.596667026423229
4749.183,-0.3728715644440285,2.606271422144427
4749.203,-0.3756549947536966,2.615875821939251
4749.223,-0.3784384127106068,2.6254802258411947
4749.243,-0.38122181837710756,2.635084633909543
4749.263,-0.3840052118119116,2.6446890461993724
4749.283,-0.38678859307051894,2.6542934627605335
4749.303,-0.3890663100294185,2.663351292197857
4749.323,-0.39057661563554286,2.671071797334744
4749.343,-0.3915882751387838,2.6771124801707544
4749.363,-0.3921292567029528,2.681371734126135
4749.383,-0.39213336515351666,2.6845400968209665
4749.403,-0.39141527281173066,2.6870415277297863
4749.423,-0.38997462646092046,2.688866055706807
4749.443,-0.3878343722078015,2.6900056816855145
4749.463,-0.3852109725364858,2.690627290756694
4749.483,-0.38257147071932635,2.6911935789688375
4749.503,-0.3799220742260199,2.691712249553906
4749.523,-0.37726376350492674,2.6921831511080003
4749.543,-0.37459740192425384,2.692606130646301
4749.563,-0.3719238544432693,2.692981050556739
4749.583,-0.36924398830828187,2.693307788889678
4749.603,-0.36655867276906395,2.693586239397133
4749.623,-0.36386877878793195,2.693816311562778
4749.643,-0.3611751787496024,2.693997930626011
4749.663,-0.35847874617192277,2.6941310376002883
4749.683,-0.35578035541750175,2.694215589285829
4749.703,-0.3530808814062367,2.694251558276862
4749.723,-0.3503684130575195,2.696120794120847
4749.743,-0.34765601025621395,2.701277180013821
4749.763,-0.345556493657543,2.7081472538734657
4749.783,-0.34418977526270983,2.7164743989699787
4749.803,-0.343529228615593,2.7261689710456647
4749.823,-0.34302319323186303,2.7361570318919894
4749.843,-0.3427322748006584,2.7464972177104077
4749.863,-0.34236741755582245,2.756928262533823
4749.883,-0.34188890597633553,2.766938297129941
4749.903,-0.3413971384286805,2.7769329384785486
4749.923,-0.3409011209875975,2.78692103290964
4749.943,-0.3404046184326103,2.7969083728758006
4749.963,-0.3399081325077159,2.8068957136038937
4749.983,-0.3394116627212418,2.8168830555325175
4750.003,-0.3389152091251796,2.8268703986438353
4750.023,-0.33841877177839685,2.836857742911959
4750.043,-0.33792235073916443,2.8468450883079566
4750.063,-0.3374259460644783,2.856832434800167
4750.083,-0.3369295578094799,2.866819782354483
4750.103,-0.33643318602689315,2.876807130934669
4750.123,-0.3359368307664913,2.8867944805026955
4750.143,-0.3354404920745898,2.896781831019097
4750.163,-0.3349441699935742,2.906769182443342
4750.183,-0.33444786456147024,2.916756534734216
4750.203,-0.3339515758115563,2.926743887850215
4750.223,-0.3334553037720249,2.936731241749941
4750.243,-0.3329590484656922,2.9467185963924964
4750.263,-0.33246280990976546,2.9567059517378755
4750.283,-0.33196658811566554,2.9666933077473474
4750.303,-0.3314703830889071,2.9766806643838324
4750.323,-0.3309741948290373,2.9866680216122505
4750.343,-0.3304780233296376,2.9966553793998654
4750.363,-0.32998370183051184,3.006644843220622
4750.383,-0.3294881741804649,3.0166323060409903
4750.403,-0.32899215978029944,3.026619673023002
4750.423,-0.32849615986885367,3.0366070373926064
4750.443,-0.32800017659640396,3.046594402204086
4750.463,-0.32750420994036517,3.0565817674756985
4750.483,-0.327008259856864,3.066569133196794
4750.503,-0.32651232629800103,3.0765564993604544
4750.523,-0.3260164092124429,3.0865438659638835
4750.543,-0.3255205085459282,3.096531233008416
4750.563,-0.32502462424179834,3.1065186004994705
4750.583,-0.32452875624155314,3.116505968446471
4750.603,-0.32403290448542743,3.126493336862729
4750.623,-0.32353706891297956,3.1364807057652855
4750.643,-0.32304124946368656,3.1464680751747185
4750.663,-0.3225454460775419,3.156455445114921
4750.683,-0.3220496586956467,3.1664428156128364
4750.703,-0.3215538872607932,3.1764301866981737
4750.723,-0.32105821372123733,3.186418122388494
4750.743,-0.3205672892049156,3.196410075436077
4750.763,-0.3200717305120285,3.206397456756839
4750.783,-0.319576179103437,3.216384845223943
4750.803,-0.3190835069680721,3.2263772483129536
4750.823,-0.318594015893584,3.2363705315032543
4750.843,-0.3181032302476451,3.246363398185736
4750.863,-0.3176128585118492,3.2563564041628994
4750.883,-0.31712220424419796,3.266349668946769
4750.903,-0.31663199857541896,3.27634261724031
4750.923,-0.3161434614885295,3.286333202570502
4750.943,-0.3156538955061361,3.296326842668558
4750.963,-0.3151649851746472,3.3063220709394523
4750.983,-0.3146768079940474,3.31630982564792
4751.003,-0.3141874066780445,3.326304986791269
4751.023,-0.3136975980272677,3.3362990280100453
4751.043,-0.31320805600682106,3.3462930761635836
4751.063,-0.3127187739523582,3.3562871330885997
4751.083,-0.3122297533424342,3.3662812000091087
4751.103,-0.3117387965252423,3.3762714402273377
4751.123,-0.3112464686796955,3.3862590043398857
4751.143,-0.3107541617335404,3.3962465712385903
4751.163,-0.3102619041999127,3.4062341334661443
4751.183,-0.30976964116831956,3.416221698065819
4751.203,-0.3092774411369727,3.4262092469238876
4751.223,-0.3087852225569597,3.4361967990661917
4751.243,-0.3082930197775586,3.4461843524246376
4751.263,-0.30780083320027285,3.456171906952709
4751.283,-0.30730866288701614,3.4661594626237755
4751.303,-0.30681650889598155,3.4761470194085407
4751.323,-0.3063243712839585,3.4861345772750187
4751.343,-0.3058322501057812,3.4961221361888226
4751.363,-0.30534014541377225,3.5061096961134814
4751.383,-0.30484805725721165,3.5160972570107845
4751.403,-0.30435598568183675,3.5260848188411376
4751.423,-0.30386393072937795,3.5360723815639408
4751.443,-0.30337189243713486,3.546059945137971
4751.463,-0.30287987083759793,3.5560475095217776
4751.483,-0.3023878659581161,3.566035074674077
4751.503,-0.30189587782061966,3.576022640554152
4751.523,-0.3016032913616393,3.5854345571594757
4751.543,-0.3015349347358107,3.593456411762604
4751.563,-0.301466438332213,3.5997667433057066
4751.583,-0.30144227547861524,3.604377877003447
4751.603,-0.30178141558916477,3.608185559806709
4751.623,-0.30258767092985206,3.611426875617054
4751.643,-0.30385011206435764,3.6140463509101
4751.663,-0.30556661443720473,3.61612881166371
4751.683,-0.3077424590693628,3.6176780743376145
4751.703,-0.31018539034326903,3.6182909439553366
4751.723,-0.3129399019987453,3.6184159527898774
4751.743,-0.3157515015367958,3.6185443039138545
4751.763,-0.31870482724980886,3.618808172155832
4751.783,-0.32163694379035235,3.618989549527733
4751.803,-0.3245720690182725,3.6191154355997295
4751.823,-0.3274886308070496,3.619144182158459
4751.843,-0.33033909283296037,3.6190253479942
4751.863,-0.33313887120069374,3.6187795658329986
4751.883,-0.33591765288685854,3.618468952222405
4751.903,-0.33881283397245265,3.6182750528845253
4751.923,-0.34170833161550224,3.6180323973559054
4751.943,-0.3445399780324064,3.617671322106307
4751.963,-0.34740796563992066,3.6172814624988545
4751.983,-0.3507951796753049,3.6186695661645163
4752.003,-0.35489835981923085,3.6230297303534362
4752.023,-0.35875491883303323,3.6290643568879193
4752.043,-0.3622927961156874,3.6366981397865588
4752.063,-0.3655121463560084,3.6458477430548477
4752.083,-0.3686490185428392,3.6553738738690327
4752.103,-0.37168429204942505,3.6653864781555296
4752.123,-0.3748240717888191,3.6749687957806305
4752.143,-0.3779502084546041,3.684502416983505
4752.163,-0.3810863205268548,3.6939974579542025
4752.183,-0.38422261504462113,3.703492491781924
4752.203,-0.38735890002892825,3.712987528534348
4752.223,-0.3904951733051547,3.7224825682277136
4752.243,-0.39363143487858093,3.7319776108474265
4752.263,-0.3967676847756154,3.7414726563888436
4752.283,-0.39990392302462335,3.75096770485641
4752.303,-0.40304014965574964,3.7604627562634825
4752.323,-0.4061744140991787,3.769961735886785
4752.343,-0.4093069018736905,3.779469470300564
4752.363,-0.4124383605521953,3.788968265537843
4752.383,-0.41557366359703446,3.7984636882189124
4752.403,-0.418709304495948,3.807958930674102
4752.423,-0.42184483185985117,3.8174547711491598
4752.443,-0.42497672992519336,3.8269594889559775
4752.463,-0.42811077243244083,3.8364586641256073
4752.483,-0.43124635197777184,3.845953899640191
4752.503,-0.4343816594292146,3.85544924749837
4752.523,-0.43751695258761986,3.864944600216619
4752.543,-0.44065223372169277,3.8744399569052907
4752.563,-0.44378750293294394,3.8839353176216
4752.583,-0.4469227603008718,3.8934306824326623
4752.603,-0.45005800590181244,3.902926051405501
4752.623,-0.45319323980894427,3.9124214246060585
4752.643,-0.45632846209212247,3.9219168020983175
4752.663,-0.4594636728177182,3.931412183943453
4752.683,-0.46259887204846706,3.940907570199031
4752.703,-0.4657340598433281,3.9504029609182396
4752.723,-0.46886923625735616,3.959898356149184
4752.743,-0.4720044013415911,3.969393755934231
4752.763,-0.47513955514296546,3.97888916030943
4752.783,-0.4782746977042352,3.9883845693039945
4752.803,-0.48140982906392654,3.997879982939874
4752.823,-0.4845449492563135,4.007375401231382
4752.843,-0.48768005831141575,4.016870824184934
4752.863,-0.49081515625502387,4.026366251798849
4752.883,-0.4939502431087505,4.035861684063253
4752.903,-0.497085318890109,4.04535712096006
4752.923,-0.5002203836126168,4.054852562463049
4752.943,-0.503355437285927,4.064348008538017
4752.963,-0.5064904799159846,4.073843459143033
4752.983,-0.509625511505207,4.083338914228755
4753.003,-0.512760532052687,4.092834373738834
4753.023,-0.5158955415544232,4.102329837610403
4753.043,-0.5190305400035624,4.111825305774618
4753.063,-0.5221655273906677,4.121320778157269
4753.083,-0.5253005037039955,4.130816254679451
4753.103,-0.527885503162877,4.139728055302963
4753.123,-0.5295202704301127,4.147243092733606
4753.143,-0.5309572080525747,4.153152494457262
4753.163,-0.5323880259883259,4.157369315463888
4753.183,-0.5339865266259863,4.160527256922994
4753.203,-0.5358445403562647,4.162777436081934
4753.223,-0.5379869440872808,4.164097938730146
4753.243,-0.540286694430238,4.164367371070565
4753.263,-0.5427379360707757,4.163719329291443
4753.283,-0.5452237116349636,4.162697109330441
4753.303,-0.5477016252246916,4.16162671732686
4753.323,-0.5501599757010913,4.160511559923001
4753.343,-0.5525978512827622,4.159352341812514
4753.363,-0.5550144622929288,4.158149440017274
4753.383,-0.5574090269350551,4.156903244366946
4753.403,-0.5597807706096244,4.1556141586108
4753.423,-0.5621289261499246,4.154282600296187
4753.443,-0.5644527340606095,4.152909000631249
4753.463,-0.5667514427534325,4.151493804344012
4753.483,-0.5690243087800736,4.1500374695381215
4753.503,-0.5712705970620189,4.148540467545352
4753.523,-0.5734895811174723,4.147003282775002
4753.543,-0.5756805432852984,4.145426412560296
4753.563,-0.5778427749460124,4.143810367001872
4753.583,-0.5799755767398657,4.142155668808452
4753.603,-0.5820782587820788,4.140462853134752
4753.623,-0.5841501408753097,4.138732467416654
4753.643,-0.5861905527194492,4.136965071203651
4753.663,-0.5881988341188517,4.135161235988553
4753.683,-0.5901743351871169,4.133321545034353
4753.703,-0.5921164165495432,4.131446593198211
4753.723,-0.5940244495433614,4.129536986752389
4753.743,-0.59589781641586,4.127593343202
4753.763,-0.5977359105204803,4.12561629109939
4753.783,-0.5995381365109537,4.123606469854934
4753.803,-0.6013039105335071,4.121564529544043
4753.823,-0.6030326604171351,4.1194911307101645
4753.843,-0.604723825861901,4.117386944163535
4753.863,-0.6078673369506213,4.116401547007515
4753.883,-0.6136000947412236,4.117441577091352
4753.903,-0.6203055491555749,4.120019947289994
4753.923,-0.627707396886218,4.124073100878647
4753.943,-0.6357512961936834,4.12952462217368
4753.963,-0.6439309827545873,4.135278478118972
4753.983,-0.6523607853305621,4.141128560971499
4754.003,-0.6609343566783692,4.147043952398892
4754.023,-0.6691586092918176,4.152810725582136
4754.043,-0.6773480232654617,4.158563538657398
4754.063,-0.6855350861056514,4.164316016263649
4754.083,-0.6937183187502027,4.170065861011832
4754.103,-0.7018997695686116,4.175815213054036
4754.123,-0.7100834947318296,4.1815661594764295
4754.143,-0.7182712162744533,4.187318464701624
4754.163,-0.726461032333218,4.193072122998633
4754.183,-0.7346469776670413,4.198823163544964
4754.203,-0.7428369628668278,4.204575745932722
4754.223,-0.751022558798669,4.2103258686614256
4754.243,-0.759204267174212,4.216074925403675
4754.263,-0.7673859339045741,4.221823967924912
4754.283,-0.77556760342554,4.227573006023161
4754.303,-0.7837492762351622,4.233322039784915
4754.323,-0.7919309523641778,4.239071069169018
4754.343,-0.8001126318382149,4.244820094129357
4754.363,-0.8082943146823429,4.250569114617031
4754.383,-0.8164760009208187,4.256318130580947
4754.403,-0.824657690576793,4.262067141968403
4754.423,-0.8328393836720289,4.267816148725692
4754.443,-0.8410210802266364,4.273565150798711
4754.463,-0.8486734714901097,4.278799143574587
4754.483,-0.8550849287290919,4.282829557690852
4754.503,-0.8599046689706529,4.285644260754044
4754.523,-0.863354369027674,4.287520853616939
4754.543,-0.8663121587334832,4.288401071220205
4754.563,-0.8688249478773685,4.288359993800213
4754.583,-0.8709189751864302,4.287376666229647
4754.603,-0.8725602548824708,4.285466892598905
4754.623,-0.8739902168599272,4.283178238932017
4754.643,-0.8753774522364867,4.280862353672797
4754.663,-0.8767227831815645,4.278521871418658
4754.683,-0.8780257811005557,4.276157545354272
4754.703,-0.8792860233794084,4.273770140897622
4754.723,-0.8805031010948516,4.271360431118569
4754.743,-0.8816766192384919,4.2689291964478535
4754.763,-0.8828061968610694,4.266477224419971
4754.783,-0.8838914672110773,4.264005309412109
4754.803,-0.8849320778681896,4.261514252379149
4754.823,-0.8859276908712322,4.2590048605850725
4754.843,-0.8868779828404527,4.2564779473311365
4754.863,-0.88778264509389,4.253934331681177
4754.883,-0.8886413837576915,4.251374838184418
4754.903,-0.8894539198702525,4.248800296596167
4754.923,-0.8902199894801145,4.246211541596706
4754.943,-0.8909393437375766,4.243609412508718
4754.963,-0.8916117489800199,4.240994753013564
4754.983,-0.8922369868109737,4.238368410866635
4755.003,-0.8946540434352066,4.236129875313863
4755.023,-0.9002786867699807,4.234610352393659
4755.043,-0.9074416505185792,4.234063385945327
4755.063,-0.9158662492183656,4.234549984494429
4755.083,-0.9254707972937191,4.236024566612105
4755.103,-0.935327926696113,4.237714042229584
4755.123,-0.9455328515146616,4.239242720376635
4755.143,-0.9558088751180218,4.240752488424724
4755.163,-0.9656819005801792,4.242416791631995
4755.183,-0.9755474202155372,4.2440892142443545
4755.203,-0.9854120098767435,4.245763094629689
4755.223,-0.9952766219110063,4.247436994034378
4755.243,-1.0051412727059188,4.249110684740382
4755.263,-1.0150059639299989,4.250784133603734
4755.283,-1.0248706957940652,4.252457335243815
4755.303,-1.034735468476867,4.254130288766846
4755.323,-1.0446002815648807,4.255802994255031
4755.343,-1.0544651345473957,4.257475452229375
4755.363,-1.0643300268891807,4.259147663347862
4755.383,-1.074194958246087,4.2608196278074395
4755.403,-1.084059928099377,4.262491346641495
4755.423,-1.093924323607369,4.264163174034098
4755.443,-1.1037828390409559,4.265837365434179
4755.463,-1.1136413856452116,4.267511287577014
4755.483,-1.1234999341048766,4.2691851922723725
4755.503,-1.133358484047457,4.270859082364275
4755.523,-1.1432170354923195,4.272532957893926
4755.543,-1.1530755884709465,4.2742068188774365
4755.563,-1.16293414302309,4.275880665331677
4755.583,-1.1727974066717268,4.277552690721803
4755.603,-1.1826616597214714,4.279222950975697
4755.623,-1.1919229211847409,4.280494131178425
4755.643,-1.1997580301497799,4.2810607882181255
4755.663,-1.2059852679393355,4.2811198514913755
4755.683,-1.2104394360251833,4.280975951090576
4755.703,-1.213736116360278,4.281085155034691
4755.723,-1.216214792577596,4.281774581023407
4755.743,-1.2178573458254895,4.282972648199099
4755.763,-1.2186919534786695,4.284781567151098
4755.783,-1.2187426402771466,4.287019833018625
4755.803,-1.2182138313090816,4.289590840578953
4755.823,-1.2175165355920992,4.2922037296622015
4755.843,-1.2167926859047613,4.294804413765455
4755.863,-1.2160221338298456,4.297391643063188
4755.883,-1.2152051441477312,4.299964577307674
4755.903,-1.2143419820747947,4.302522383527427
4755.923,-1.2134329275889062,4.3050642337198655
4755.943,-1.2124782754806258,4.307589305120399
4755.963,-1.2114783352538543,4.310096780463801
4755.983,-1.2104334310206029,4.312585848243085
4756.003,-1.2093439013914362,4.315055702966205
4756.023,-1.208210099361692,4.317505545410423
4756.043,-1.2070323921935673,4.319934582874267
4756.063,-1.2058111612941727,4.322342029426996
4756.083,-1.204546802089661,4.324727106155462
4756.103,-1.2032397238955455,4.327089041408311
4756.123,-1.2018903497833224,4.329427071037416
4756.143,-1.2004991164435206,4.331740438636531
4756.163,-1.1990664740452968,4.334028395777086
4756.183,-1.1975928860926923,4.336290202241126
4756.203,-1.1960788292776565,4.338525126251347
4756.223,-1.1945247933299457,4.340732444698279
4756.243,-1.1929312808639685,4.342911443364633
4756.263,-1.191298807222656,4.345061417146829
4756.283,-1.189627900318392,4.3471816702738275
4756.303,-1.187919100471031,4.349271516523288
4756.323,-1.186172960242987,4.35133027943518
4756.343,-1.1843900442713649,4.353357292522941
4756.363,-1.182570929097052,4.355351899482299
4756.383,-1.1807162029906821,4.357313454397831
4756.403,-1.1801674866874308,4.360561577495226
4756.423,-1.1819770817836872,4.366099747608004
4756.443,-1.1854430277399626,4.372392354518517
4756.463,-1.1904647583002899,4.379174391598553
4756.483,-1.1969591700841329,4.386402514813491
4756.503,-1.2037715892570517,4.393724068275947
4756.523,-1.2107476200923868,4.401242027078741
4756.543,-1.2178064404287285,4.408847313691016
4756.563,-1.2246539023681644,4.416212458730207
4756.583,-1.2314709431249697,4.423540249430835
4756.603,-1.2382821316772494,4.4308614114278395
4756.623,-1.2450933732867047,4.438182473408956
4756.643,-1.2519046135551253,4.4455035359825565
4756.663,-1.2587158520591872,4.4528246000633835
4756.683,-1.265527088791797,4.460145665631874
4756.703,-1.2723383237537573,4.467466732656849
4756.723,-1.2791495569509548,4.474787801104393
4756.743,-1.2859607883944666,4.482108870938114
4756.763,-1.292772018100623,4.489429942119332
4756.783,-1.2995832460910162,4.496751014607306
4756.803,-1.3063944723924494,4.504072088359475
4756.823,-1.3132056970368264,4.511393163331742
4756.843,-1.3200169200609855,4.518714239478755
4756.863,-1.3268281415064793,4.526035316754237
4756.883,-1.3336393614193012,4.533356395111284
4756.903,-1.3404542366153636,4.540683702302181
4756.923,-1.3472687340607923,4.5480130321553585
4756.943,-1.354081176446637,4.555337813881591
4756.963,-1.3608927919266358,4.562661725473728
4756.983,-1.3677043468290881,4.569985632100848
4757.003,-1.3745163730786834,4.5773101830812974
4757.023,-1.3813277862852595,4.584634095020165
4757.043,-1.3881391866197719,4.591958061714118
4757.063,-1.3949510885588403,4.599282707891125
4757.083,-1.4017623835900466,4.606606721865026
4757.103,-1.4085742208079939,4.613931924468743
4757.123,-1.4153847548079233,4.621255618223113
4757.143,-1.4221954685192029,4.6285771723058104
4757.163,-1.4290061409352264,4.6358987566285945
4757.183,-1.4358168123308686,4.6432203417818965
4757.203,-1.4426274831196335,4.650541927496925
4757.223,-1.4494381533554472,4.6578635137595885
4757.243,-1.4562488230845558,4.66518510056187
4757.263,-1.4630594923483409,4.672506687899662
4757.283,-1.4698723090901813,4.679829376188338
4757.303,-1.4766865631521644,4.68715460235532
4757.323,-1.4834999849692714,4.694479563179545
4757.343,-1.4903128110171042,4.701803714080789
4757.363,-1.497125706077582,4.709127894970511
4757.383,-1.5033669884243601,4.715870484849813
4757.403,-1.5083708601168218,4.721363654037893
4757.423,-1.5119168976454824,4.72536331947419
4757.443,-1.5142336740887559,4.7284100929551895
4757.463,-1.5153850799665995,4.731132398330922
4757.483,-1.5155136254211248,4.733550480809724
4757.503,-1.5146484893238426,4.7356860389157704
4757.523,-1.5128381306320862,4.737520994807714
4757.543,-1.510756223684751,4.739240148938881
4757.563,-1.5086439355179007,4.7409212174159245
4757.583,-1.5065017268536267,4.742564003933482
4757.603,-1.5043302889097616,4.744167979311139
4757.623,-1.502130324340314,4.745732623526646
4757.643,-1.4999025451752659,4.747257429149268
4757.663,-1.4976476725823413,4.748741901546858
4757.683,-1.4953664366389903,4.750185559058835
4757.703,-1.4930595760993495,4.751587933165746
4757.723,-1.490727838156087,4.752948568655395
4757.743,-1.4883719781972464,4.754267023785164
4757.763,-1.4859927595582516,4.755542870440196
4757.783,-1.483590953269274,4.756775694287079
4757.803,-1.481167337798253,4.757965094922686
4757.823,-1.4787226987898512,4.759110686017876
4757.843,-1.4762578288006902,4.760212095455773
4757.863,-1.473773527031226,4.761268965464357
4757.883,-1.4712705990546264,4.762280952743198
4757.903,-1.4687498565430286,4.763247728584136
4757.923,-1.4662121169915348,4.764168978985807
4757.943,-1.4636582034403112,4.765044404761922
4757.963,-1.4610889441950994,4.7658737216432865
4757.983,-1.4585051725464648,4.7666566603735285
4758.003,-1.455907726488043,4.767392966798569
4758.023,-1.4532974484340266,4.768082401949923
4758.043,-1.4506751849361168,4.768724742121848
4758.063,-1.448041786400084,4.769319778942513
4758.083,-1.4453981068021133,4.769867319439204
4758.103,-1.4427450034050289,4.770367186097755
4758.123,-1.4400833364744978,4.770819216916262
4758.143,-1.4374139689952732,4.771223265453228
4758.163,-1.4347377663875232,4.771579200870222
4758.183,-1.4320555962232846,4.7718869079691455
4758.203,-1.4293683279430547,4.772146287224232
4758.223,-1.4266768325725465,4.772357254808809
4758.243,-1.4239819824396016,4.772519742616929
4758.263,-1.4212846508912762,4.7726336982799085
4758.283,-1.4186272752761937,4.774580529280821
4758.303,-1.416064976764187,4.7798131213985195
4758.323,-1.414164817958171,4.7867409689043905
4758.343,-1.4130392496073547,4.795104100686329
4758.363,-1.4126590709270619,4.804813697009236
4758.383,-1.4124418206033895,4.8148122107641225
4758.403,-1.4123308491263327,4.825162287398024
4758.423,-1.4121746297172886,4.835631180738434
4758.443,-1.4119663888076595,4.8456298016726365
4758.463,-1.4117587343248141,4.855634205955501
4758.483,-1.4115484983729742,4.865635026188112
4758.503,-1.4113402481234858,4.875636928026072
4758.523,-1.411127759364915,4.885634352873255
4758.543,-1.4109152862938599,4.895631778128026
4758.563,-1.4107028297946187,4.9056292042794585
4758.583,-1.410490389909828,4.915626631293333
4758.603,-1.4102779666887377,4.925624059126272
4758.623,-1.4100655601798344,4.935621487730581
4758.643,-1.409853170430151,4.945618917054747
4758.663,-1.4096407974848038,4.955616347043929
4758.683,-1.4094284413865514,4.965613777640481
4758.703,-1.4092161021753795,4.975611208784522
4758.723,-1.4090037798881065,4.985608640414507
4758.743,-1.408791474558027,4.995606072467829
4758.763,-1.4085791862145858,5.0056035048814325
4758.783,-1.4083669148830922,5.015600937592425
4758.803,-1.4081546605844706,5.025598370538689
4758.823,-1.4079424233350626,5.0355958036595005
4758.843,-1.4077321075511773,5.045595149533128
4758.863,-1.407524930248286,5.055598865013999
4758.883,-1.4073174059951998,5.065603296334307
4758.903,-1.4071100736578748,5.075607740999413
4758.923,-1.4069030167240262,5.085612192067932
4758.943,-1.4066962483329304,5.09561664859539
4758.963,-1.4064897708477726,5.105621110375161
4758.983,-1.406283584711592,5.11562557728252
4759.003,-1.4060776897376592,5.125630049113922
4759.023,-1.4058720856528362,5.135634525559423
4759.043,-1.4056667724710383,5.145639006590874
4759.063,-1.4054617500483175,5.15564349211807
4759.083,-1.4052570177894872,5.165647981794505
4759.103,-1.405052574874698,5.175652475126215
4759.123,-1.4048484207298189,5.185656971692239
4759.143,-1.4046445549120512,5.195661471210379
4759.163,-1.4044409755340437,5.2056659726979015
4759.183,-1.4042344585379452,5.215665654557484
4759.203,-1.404027069615368,5.225663179760869
4759.223,-1.4038197172433184,5.235660704441555
4759.243,-1.403612381498089,5.245658229105141
4759.263,-1.40340506215095,5.255655753802348
4759.283,-1.4031977591565434,5.2656532785823975
4759.303,-1.402990472473279,5.2756508034977205
4759.323,-1.402783179305301,5.285648335044873
4759.343,-1.402692172260618,5.295055653888291
4759.363,-1.4026706146175842,5.303042082483268
4759.383,-1.40267465690615,5.309360834104856
4759.403,-1.4026276905926138,5.313993826637213
4759.423,-1.4022227653087085,5.317713043578304
4759.443,-1.4013657377320734,5.320674844332059
4759.463,-1.4000583204315675,5.322869482726204
4759.483,-1.3983026858514112,5.324278075924276
4759.503,-1.3961001685017727,5.324892396202384
4759.523,-1.393503488440499,5.324825609290941
4759.543,-1.3908157575455653,5.324577927091379
4759.563,-1.3881325672829365,5.3242808022672605
4759.583,-1.3854551704548324,5.323935428528686
4759.603,-1.3827844373502853,5.323541922435122
4759.623,-1.3801212330594046,5.323100412273221
4759.643,-1.3774664201346514,5.32261104183492
4759.663,-1.3748208583345063,5.322073970405337
4759.683,-1.3721854043466581,5.321489372706416
4759.703,-1.3695609115121505,5.320857438835208
4759.723,-1.366948229550733,5.320178374197182
4759.743,-1.3643482042875181,5.319452399434602
4759.763,-1.3617616773810486,5.318679750349983
4759.783,-1.3591894860528924,5.3178606778246715
4759.803,-1.3566324628188866,5.316995447732569
4759.823,-1.3540914352221456,5.316084340849051
4759.843,-1.3515672255679658,5.3151276527551525
4759.863,-1.3490606506607417,5.31412569373706
4759.883,-1.3465725215430338,5.313078788680983
4759.903,-1.3433389925560315,5.313706783334642
4759.923,-1.3387901884503657,5.317347529382088
4759.943,-1.3341173335333032,5.322804090346717
4759.963,-1.3295330885156367,5.3298892055448555
4759.983,-1.3250489183644871,5.338509825020845
4760.003,-1.3205890604384694,5.347461053689605
4760.023,-1.3161145701593708,5.356709105876109
4760.043,-1.3116155966991432,5.366085890476946
4760.063,-1.3071559031194606,5.375103519498777
4760.083,-1.3027060867702833,5.3840737484378085
4760.103,-1.2982520876953743,5.393029986720665
4760.123,-1.293797455519849,5.401989565805305
4760.143,-1.2893430472786374,5.410950966850883
4760.163,-1.2848895570253147,5.41990709575788
4760.183,-1.280435898963856,5.428863291404194
4760.203,-1.275981502713575,5.437827421030453
4760.223,-1.2715290646441775,5.446782329010165
4760.243,-1.2670758077037891,5.455744164243679
4760.263,-1.2626221179133306,5.4647040824361035
4760.283,-1.258168863586275,5.47366595010495
4760.303,-1.253715438964002,5.482627691664848
4760.323,-1.2492624271448192,5.491592512983602
4760.343,-1.2448098093488098,5.500554441746508
4760.363,-1.2403570262346166,5.509517023627553
4760.383,-1.2359054984792621,5.518474836794065
4760.403,-1.2319747845592997,5.526908601162306
4760.423,-1.2293379549286567,5.5339647560768555
4760.443,-1.2272495462281197,5.539450937962613
4760.463,-1.2251766263605899,5.543188997816093
4760.483,-1.2231141591893622,5.545674791837524
4760.503,-1.2210444704827241,5.546996326540699
4760.523,-1.2189629756666807,5.547292283082403
4760.543,-1.2168256635690273,5.546622527451722
4760.563,-1.214493201559797,5.545296929199576
4760.583,-1.2121792215421883,5.543908568682719
4760.603,-1.2098902634082283,5.54247782535067
4760.623,-1.2076274190075917,5.541006102509976
4760.643,-1.205391428094,5.539493894249538
4760.663,-1.2031830141331907,5.537941690891237
4760.683,-1.2010028915071795,5.536349995148909
4760.703,-1.1988517653888469,5.534719322235151
4760.723,-1.1967303315579048,5.533050199772551
4760.743,-1.1946392762072744,5.53134316767583
4760.763,-1.1925792757445737,5.529598778015284
4760.783,-1.1905509965914847,5.527817594867189
4760.803,-1.1885550949826835,5.526000194154862
4760.823,-1.1865922167653384,5.524147163482626
4760.843,-1.1846629971997475,5.5222591019641225
4760.863,-1.182768060761436,5.520336620045829
4760.883,-1.1809080209448826,5.518380339326222
4760.903,-1.1790834800689622,5.516390892370817
4760.923,-1.1772950290841468,5.514368922523152
4760.943,-1.175543247381505,5.512315083711636
4760.963,-1.173828702603554,5.510230040252161
4760.983,-1.1721519504570352,5.508114466646335
4761.003,-1.1705135345277247,5.5059690473751495
4761.023,-1.168913986097423,5.5037944766879585
4761.043,-1.1673538239633163,5.501591458386607
4761.063,-1.165833554259924,5.499360705604642
4761.083,-1.164353670283897,5.4971029405815095
4761.103,-1.1629146523219485,5.4948188944317735
4761.123,-1.161516967482237,5.49250930690936
4761.143,-1.1601610695295064,5.490174926166942
4761.163,-1.1588473987243313,5.487816508510628
4761.183,-1.1575763816667834,5.485434818150112
4761.203,-1.1563484311448269,5.483030626944581
4761.223,-1.1551639459877483,5.480604714144613
4761.243,-1.154023310924882,5.478157866130406
4761.263,-1.1529268964498671,5.4756908761466425
4761.283,-1.1518750586906334,5.473204544034379
4761.303,-1.150868139285283,5.470699675960244
4761.323,-1.1499064652639837,5.468177084143346
4761.343,-1.1489903489369537,5.465637586580183
4761.363,-1.1481200877885953,5.463082006767868
4761.383,-1.1472959643777705,5.460511173425994
4761.403,-1.14651824624422,5.457925920217338
4761.423,-1.1457871858210595,5.455327085467698
4761.443,-1.145103020353305,5.452715511885
4761.463,-1.1444659718223362,5.4500920462779066
4761.483,-1.1438762468762103,5.447457539274014
4761.503,-1.1433340367657183,5.444812845037778
4761.523,-1.1428395172860972,5.442158820988264
4761.543,-1.14239284872428,5.439496327516758
4761.563,-1.1419941758116041,5.4368262277043256
4761.583,-1.1416436276818727,5.434149387039322
4761.603,-1.1413413178347016,5.431466673134907
4761.623,-1.1410873441040685,5.428778955446577
4761.643,-1.1408817886320104,5.4260871049897155
4761.663,-1.1388381917639474,5.423498481865827
4761.683,-1.1335158585841907,5.421117089995647
4761.703,-1.1265236424921723,5.419455683659012
4761.723,-1.118123259926208,5.418617202399606
4761.743,-1.108403815248711,5.418568683057576
4761.763,-1.0984036939243764,5.418691295657893
4761.783,-1.088047092236518,5.418753610342397
4761.803,-1.0775177246283782,5.418839374449942
4761.823,-1.067439508571126,5.418925283902679
4761.843,-1.0574401782152827,5.419046709333247
4761.863,-1.0474411789733566,5.419165403652595
4761.883,-1.0374422031320834,5.419284120940118
4761.903,-1.027443227486419,5.41940282153023
4761.923,-1.017444251808526,5.419521505191013
4761.943,-1.0074452761200747,5.419640171907825
4761.963,-0.9974463004447273,5.419758821672648
4761.983,-0.9874473248051485,5.419877454483434
4762.003,-0.9774483492226925,5.4199960703441725
4762.023,-0.9674493737171362,5.420114669264899
4762.043,-0.9574503983064302,5.42023325126163
4762.063,-0.9474514230064713,5.420351816356241
4762.083,-0.9374524478308968,5.420470364576288
4762.103,-0.9274534727909083,5.420588895954769
4762.123,-0.9174544978951155,5.420707410529814
4762.143,-0.9074555231494147,5.420825908344351
4762.163,-0.8974565485568923,5.42094438944569
4762.183,-0.887457592051899,5.421062944972682
4762.203,-0.8774531402035723,5.421173249320283
4762.223,-0.8674511371249636,5.421285552424659
4762.243,-0.857447189026188,5.421396510836881
4762.263,-0.8474432427604252,5.421508490872275
4762.283,-0.8374442486509447,5.421625759944162
4762.303,-0.8274452604394138,5.421742987102128
4762.323,-0.8174462724242865,5.421860197749746
4762.343,-0.8074472845192715,5.421977392161737
4762.363,-0.7974482966971107,5.4220945704039805
4762.383,-0.7874493089294743,5.4222117325386465
4762.403,-0.7774503211865343,5.422328878625307
4762.423,-0.767451333437203,5.422446008720404
4762.443,-0.7574523456493933,5.422563122876724
4762.463,-0.747453357790293,5.422680221142907
4762.483,-0.7374523571810093,5.422794729486892
4762.503,-0.7274502160315888,5.422906309021822
4762.523,-0.7174461613872622,5.423017706945337
4762.543,-0.7080838106403551,5.4230614432303925
4762.563,-0.7001208423329466,5.42307610021667
4762.583,-0.6938390513592303,5.423092243746825
4762.603,-0.6892191351415561,5.423139406195826
4762.623,-0.6853976786962728,5.423556590629969
4762.643,-0.6822442078355853,5.424369914012034
4762.663,-0.6797150607204753,5.425601625973949
4762.683,-0.6779395822437685,5.4272019502539255
4762.703,-0.6768339047258685,5.429254124661964
4762.723,-0.6764703432058594,5.431675794653592
4762.743,-0.6766499069034354,5.4343502295463235
4762.763,-0.6768963798262178,5.437033339258022
4762.783,-0.6771886221401843,5.439711850938636
4762.803,-0.6775291293706054,5.442384694702291
4762.823,-0.6779196840933667,5.445051003194268
4762.843,-0.678356090519084,5.447709303536173
4762.863,-0.6788404272246134,5.450359249859682
4762.883,-0.6793743621550555,5.453000078247876
4762.903,-0.679953679104248,5.455630370760445
4762.923,-0.6805804114491232,5.458249765637473
4762.943,-0.6812561703397703,5.460857460403591
4762.963,-0.6819767225284735,5.463452144344967
4762.983,-0.6827440446655557,5.466033410781743
4763.003,-0.683559679518753,5.468600429862925
4763.023,-0.6844193883442118,5.471151995575766
4763.043,-0.685328917248631,5.473688058791975
4763.063,-0.6862938692251855,5.476209165880835
4763.083,-0.6873040567334631,5.478712560174943
4763.103,-0.6883591333180832,5.481197363022917
4763.123,-0.6894587568473359,5.483662769585575
4763.143,-0.6906025710054958,5.486107981990667
4763.163,-0.6917902052392257,5.4885322089679205
4763.183,-0.6930212748796243,5.490934666090874
4763.203,-0.6942953812697265,5.493314576021887
4763.223,-0.6956121118957297,5.4956711687545825
4763.243,-0.6969710405218302,5.498003681853612
4763.263,-0.6983717273285429,5.500311360691628
4763.283,-0.6998137190543976,5.502593458683487
4763.303,-0.7012965491408949,5.5048492375176
4763.323,-0.702819737880612,5.5070779673844505
4763.343,-0.7043827925683664,5.5092789272022475
4763.363,-0.7059852076553507,5.511451404839793
4763.383,-0.7076264649061701,5.51359469733655
4763.403,-0.709306033558744,5.5157081111200235
4763.423,-0.7110233704870487,5.5177909622204995
4763.443,-0.7127779203667118,5.519842576483262
4763.463,-0.7145691158434999,5.5218622897783565
4763.483,-0.716396377704772,5.523849448208058
4763.503,-0.718259115054003,5.525803408312098
4763.523,-0.7201567254885104,5.527723537270799
4763.543,-0.7220885952805564,5.529609213106168
4763.563,-0.7240540995620041,5.53145982488105
4763.583,-0.7260526025127437,5.533274772896377
4763.603,-0.7280834575531012,5.535053468886514
4763.623,-0.7301460075404548,5.536795336212698
4763.643,-0.7322395849702747,5.538499810054489
4763.663,-0.734363512181788,5.540166337599154
4763.683,-0.7365171015684456,5.541794378228787
4763.703,-0.7386996557933351,5.543383403705034
4763.723,-0.7409104680096489,5.544932898351136
4763.743,-0.7431488220862476,5.546442359231045
4763.763,-0.745413992838337,5.547911296325323
4763.783,-0.7477052462632008,5.5493392327034865
4763.803,-0.7500218397808714,5.550725704692474
4763.823,-0.7523630224795882,5.5520702620409015
4763.843,-0.7547280353658072,5.553372468078764
4763.863,-0.7571161116185275,5.554631899872274
4763.883,-0.7595264768476073,5.555848148373542
4763.903,-0.7619583493557566,5.55702081856482
4763.923,-0.7644109404038418,5.5581495295970855
4763.943,-0.7668834544791512,5.55923391492278
4763.963,-0.7693750895662468,5.560273622422522
4763.983,-0.7718850374200423,5.561268314525718
4764.003,-0.7744124838407734,5.562217668324985
4764.023,-0.7763307458367885,5.564896138830038
4764.043,-0.7771339008090148,5.570666822582423
4764.063,-0.7767794702115973,5.577841884341477
4764.083,-0.7752415886579944,5.586139172757953
4764.103,-0.7725757402707832,5.595483393887272
4764.123,-0.7696650640555894,5.605051282229212
4764.143,-0.7668386909775281,5.614952078201126
4764.163,-0.7640279541184009,5.624945889346612
4764.183,-0.7611385214587847,5.634546556548616
4764.203,-0.7582419670032264,5.644119017590461
4764.223,-0.7553439966094642,5.653699751588387
4764.243,-0.7524473358943508,5.6632814278871875
4764.263,-0.749549486158353,5.672859275300523
4764.283,-0.7466531045972437,5.682439176564087
4764.303,-0.7437560216725132,5.692021502126902
4764.323,-0.7408601746068618,5.701603786894964
4764.343,-0.7379636073975921,5.71118438358216
4764.363,-0.735067408628496,5.720762231913165
4764.383,-0.7321712556509272,5.730346285323262
4764.403,-0.7292768718022501,5.739927471642178
4764.423,-0.7263800549696744,5.749502076210073
4764.443,-0.7234838884544549,5.759078848868034
4764.463,-0.7205874805888755,5.768656314043995
4764.483,-0.717692220269241,5.778237901653068
4764.503,-0.7147971509990514,5.787814928906554
4764.523,-0.7118998333083774,5.797385605317341
4764.543,-0.7090024759865354,5.806956260117458
4764.563,-0.7061051312391712,5.8165269186244295
4764.583,-0.7032077993136603,5.826097581030075
4764.603,-0.7003104802363976,5.835668247348819
4764.623,-0.6974131740285613,5.845238917592464
4764.643,-0.6945158807070088,5.854809591771583
4764.663,-0.6916186002839166,5.864380269895361
4764.683,-0.6887213327664758,5.873950951971436
4764.703,-0.6858240781566413,5.8835216380057345
4764.723,-0.6829268364509489,5.893092328002361
4764.743,-0.6800296076403903,5.902663021963482
4764.763,-0.6771323917103531,5.912233719889252
4764.783,-0.6742352929638157,5.921805760765379
4764.803,-0.6713412323843579,5.931382995765378
4764.823,-0.6684462634661574,5.940960035106094
4764.843,-0.6655510442225324,5.950535457025404
4764.863,-0.6626555452995397,5.960109458763259
4764.883,-0.6597601098627537,5.969683514412856
4764.903,-0.6568647392679439,5.979257535180506
4764.923,-0.6539694084792745,5.988831526268289
4764.943,-0.651074129775505,5.998405631930586
4764.963,-0.6481788985298481,6.007979694330739
4764.983,-0.6452836887996001,6.017553720106632
4765.003,-0.6423885167527472,6.0271278519308575
4765.023,-0.6394933758119038,6.036701934274692
4765.043,-0.6365982397156511,6.04627597551568
4765.063,-0.6337031307419759,6.055850106352298
4765.083,-0.6308080414802203,6.065424182074081
4765.103,-0.6283864974305697,6.0744016829944
4765.123,-0.6267616905259901,6.082055580134498
4765.143,-0.6256497844930371,6.088018388390105
4765.163,-0.6250172064587508,6.092252477960656
4765.183,-0.6249555146425573,6.0956053115792725
4765.203,-0.6255317577969657,6.0984249440068385
4765.223,-0.6267509761545422,6.100750590916593
4765.243,-0.6285913721130088,6.102464930349923
4765.263,-0.6310113148517353,6.103575783748478
4765.283,-0.6337136777310105,6.104423183006759
4765.303,-0.636476555077833,6.105341401586423
4765.323,-0.6393066655856875,6.106323218716685
4765.343,-0.6420475521651985,6.107001345311588
4765.363,-0.6447847520479535,6.107626254686309
4765.383,-0.6476502831742906,6.10836798678939
4765.403,-0.6504065906790178,6.108827455623101
4765.423,-0.6529266708672279,6.110948222431904
4765.443,-0.6551314496625642,6.116341268111553
4765.463,-0.6565618649444206,6.123381550988999
4765.483,-0.6571230543466449,6.131801852674716
4765.503,-0.6568502052344158,6.141515344013202
4765.523,-0.6563955971255532,6.15150587057649
4765.543,-0.65614505141136,6.161848331608892
4765.563,-0.6558056716822811,6.172276833133308
4765.583,-0.6553895084283152,6.182297774380916
4765.603,-0.6549478472680097,6.192291330426744
4765.623,-0.6545023672021518,6.202281086864707
4765.643,-0.654059302325871,6.212273658033709
4765.663,-0.653618352173621,6.222270028322931
4765.683,-0.6531770699134658,6.232266331600222
4765.703,-0.6527359876773542,6.242262651823902
4765.723,-0.6522951666120838,6.252258984650568
4765.743,-0.6518546148508071,6.2622553298455435
4765.763,-0.6514143333342115,6.272251687379234
4765.783,-0.6509743220548279,6.282248057229176
4765.803,-0.6505345809046716,6.292244439360527
4765.823,-0.6500951097845582,6.302240833726737
4765.843,-0.6496538378979179,6.312233393736061
4765.863,-0.6492110224211772,6.322223269744443
4765.883,-0.6487682511950821,6.332213143634837
4765.903,-0.6483255037427902,6.3422030137377945
4765.923,-0.6478827607527284,6.352192881092225
4765.943,-0.647440032656716,6.362182749885986
4765.963,-0.6469973206093584,6.372172620034605
4765.983,-0.6465546246673592,6.382162491519134
4766.003,-0.6461119448794201,6.3921523643159315
4766.023,-0.6456692812951439,6.402142238395969
4766.043,-0.645226633964618,6.412132113725084
4766.063,-0.6447840029379069,6.422121990264294
4766.083,-0.6443413882645507,6.432111867970164
4766.103,-0.64389878999306,6.4421017467952035
4766.123,-0.6434562081704315,6.452091626688332
4766.143,-0.6430136428416695,6.462081507595351
4766.163,-0.6425710940493364,6.472071389459486
4766.183,-0.6421285618331211,6.4820612722219115
4766.203,-0.6416860462294386,6.492051155822342
4766.223,-0.641243547271064,6.502041040199595
4766.243,-0.6408010649868021,6.5120309252921995
4766.263,-0.6403585994011944,6.522020811038997
4766.283,-0.6399161505342732,6.532010697379725
4766.303,-0.6394737184013574,6.542000584255614
4766.323,-0.639031303012898,6.551990471609963
4766.343,-0.6385915955402913,6.561983103821707
4766.363,-0.6381539210000506,6.571979886086209
4766.383,-0.6377159937108101,6.581976742177484
4766.403,-0.6372782873481276,6.591973613670952
4766.423,-0.6368408576863457,6.601970497338851
4766.443,-0.6364037129026128,6.611967392709262
4766.463,-0.6359668539604396,6.621964299630762
4766.483,-0.6355302804267765,6.631961217848052
4766.503,-0.6350939921461828,6.641958147111844
4766.523,-0.6346579885123926,6.651955087145118
4766.543,-0.6342222699168198,6.661952037969759
4766.563,-0.6337868354935339,6.671948999342153
4766.583,-0.6333516843710535,6.681945970747437
4766.603,-0.6329168158838184,6.691942951577187
4766.623,-0.6324822295809076,6.701939941640795
4766.643,-0.6320479236192637,6.71193694001662
4766.663,-0.6316101578915531,6.72192775107896
4766.683,-0.6311722257565008,6.731917826015155
4766.703,-0.6307343159565969,6.741907901303376
4766.723,-0.630296422339873,6.75189797697092
4766.743,-0.6298585448011292,6.761888053062723
4766.763,-0.6294206832930981,6.771878129627222
4766.783,-0.628982837771354,6.78186820671591
4766.803,-0.6285456452563091,6.791859418285612
4766.823,-0.6281126130249652,6.801854078393803
4766.843,-0.6276800138162801,6.8118502170941415
4766.863,-0.6272456035213947,6.821843091171007
4766.883,-0.6268140123358646,6.831841189182526
4766.903,-0.6263817250810485,6.84183663807688
4766.923,-0.6259489067239649,6.8518319578963185
4766.943,-0.6255175860633361,6.86182695719752
4766.963,-0.6250860448770068,6.8718219112182215
4766.983,-0.6246554730491156,6.881815804240754
4767.003,-0.6242244158017285,6.891809215074541
4767.023,-0.6237942298918167,6.9018032223581125
4767.043,-0.6233644230087629,6.911795635006657
4767.063,-0.62293502895645,6.921784333852247
4767.083,-0.6225049532462988,6.9317807615765075
4767.103,-0.622076186329758,6.941778319265988
4767.123,-0.6216463019070424,6.951773958149046
4767.143,-0.6212171920180397,6.961768730436267
4767.163,-0.6207874839381848,6.97176385826778
4767.183,-0.6203585210808796,6.981760765749933
4767.203,-0.6199306172104428,6.991758017112531
4767.223,-0.6195022705432615,7.001752584448981
4767.243,-0.6190741164387795,7.011748149906464
4767.263,-0.618645017777868,7.021743631242564
4767.283,-0.6182113450432881,7.03173389972444
4767.303,-0.6177776927074544,7.04172416993381
4767.323,-0.617344056737361,7.051714441334959
4767.343,-0.6169104371416799,7.06170471387852
4767.363,-0.6164768339683147,7.071694987516404
4767.383,-0.6160432472639776,7.081685262197064
4767.403,-0.6156096770733129,7.0916755378659175
4767.423,-0.6151761234384415,7.1016658144658775
4767.443,-0.6147425863985386,7.111656091937911
4767.463,-0.6143090659894385,7.121646370221599
4767.483,-0.6138755622432756,7.131636649255735
4767.503,-0.6134420751881583,7.141626928978917
4767.523,-0.6130086048478859,7.151617209330149
4767.543,-0.6125751512417127,7.161607490249435
4767.563,-0.6121435653352326,7.171599881865826
4767.583,-0.6117145003623657,7.181595560719748
4767.603,-0.6112854974425204,7.191592799381894
4767.623,-0.6108566736302914,7.201590059442285
4767.643,-0.6104281225243862,7.211587333220522
4767.663,-0.60999985698108,7.22158461937068
4767.683,-0.6095718784085202,7.231581917421004
4767.703,-0.6091441866103642,7.241579227093283
4767.723,-0.6087167812233507,7.251576548159759
4767.743,-0.6082896616147252,7.261573880269041
4767.763,-0.6078628276060479,7.271571223173493
4767.783,-0.6074362785872136,7.2815685765602245
4767.803,-0.6070100149142281,7.291565940512588
4767.823,-0.6065840356482741,7.301563314660952
4767.843,-0.6061583399235166,7.311560698456105
4767.863,-0.6057329272017165,7.321558091356559
4767.883,-0.6053077967282182,7.331555493104001
4767.903,-0.6048824867691582,7.341552259163207
4767.923,-0.6044536777407394,7.3515427471906944
4767.943,-0.6040251538484165,7.361533230175134
4767.963,-0.6035966491830844,7.371523713491202
4767.983,-0.6031681606761683,7.381514197179043
4768.003,-0.6027396882513966,7.391504681284286
4768.023,-0.6023112318622639,7.4014951658559704
4768.043,-0.6018827914649113,7.411485650946093
4768.063,-0.6014553061862965,7.421476865526876
4768.083,-0.6010317151071235,7.431473004036605
4768.103,-0.6006080352698709,7.441468585277693
4768.123,-0.6001848500702271,7.45146193405349
4768.143,-0.599762854667981,7.461460230107817
4768.163,-0.5993396256717822,7.4714561234897365
4768.183,-0.5989164369683359,7.481450454924197
4768.203,-0.5984953396763731,7.491447042817806
4768.223,-0.5980722795989856,7.501440842743553
4768.243,-0.5976514766348858,7.511435867993769
4768.263,-0.5972311541837657,7.521429808412059
4768.283,-0.5968095887711946,7.531426576527137
4768.303,-0.5963909276289332,7.541415619024156
4768.323,-0.5959705289781025,7.551410190071945
4768.343,-0.5955484607261856,7.561407360589015
4768.363,-0.595126231255305,7.571400489049932
4768.383,-0.5947077144514218,7.581397833093147
4768.403,-0.5942879986561495,7.591392985239426
4768.423,-0.5938682578743576,7.601388455731595
4768.443,-0.5934485980580317,7.611384521720448
4768.463,-0.593029593892905,7.6213811624087535
4768.483,-0.5926122438016972,7.631378672674929
4768.503,-0.5921935681743677,7.641373276512541
4768.523,-0.5917723842136731,7.651367267878315
4768.543,-0.591351683934399,7.661361711589622
4768.563,-0.5909319053020129,7.671356760877112
4768.583,-0.5905131533215772,7.681352809675728
4768.603,-0.5900953959346861,7.6913501477749575
4768.623,-0.5896782830488931,7.701345160636589
4768.643,-0.5892616771411496,7.7113406118710035
4768.663,-0.5888442153612952,7.7213347968634745
4768.683,-0.5884273635927819,7.7313313646007025
4768.703,-0.588010224175193,7.741326178359999
4768.723,-0.5875879339998354,7.751316941336532
4768.743,-0.5871657728551503,7.761307706145242
4768.763,-0.5867436294792913,7.771298471639275
4768.783,-0.5863215028500428,7.781289237748887
4768.803,-0.5858993929761757,7.791280004413358
4768.823,-0.5854772998711459,7.801270771573744
4768.843,-0.585055223543598,7.811261539173407
4768.863,-0.5846331639971872,7.821252307158554
4768.883,-0.5842111212305434,7.831243075478762
4768.903,-0.5837890952372736,7.841233844087452
4768.923,-0.5833670860060325,7.851224612942349
4768.943,-0.582945093520628,7.861215382005872
4768.963,-0.5825231177601805,7.871206151245505
4768.983,-0.5821011586993331,7.8811969206341015
4769.003,-0.5816792163084992,7.891187690150143
4769.023,-0.5812572905541599,7.901178459777939
4769.043,-0.5808353813991928,7.911169229507772
4769.063,-0.5804154805973438,7.9211626267472495
4769.083,-0.5799936635692743,7.931153398791975
4769.103,-0.5795719102304306,7.941144172907462
4769.123,-0.5791501737414684,7.951134947188262
4769.143,-0.5787284536334127,7.961125721634656
4769.163,-0.5783067498522686,7.971116496271063
4769.183,-0.577885062347366,7.981107271127475
4769.203,-0.5774633910680992,7.991098046238956
4769.223,-0.577041735964388,8.001088821645254
4769.243,-0.5766281703988669,8.011088941608575
4769.263,-0.5762099630522556,8.02108194694337
4769.283,-0.5757888022306338,8.031072742825234
4769.303,-0.5753678655506782,8.041064679299236
4769.323,-0.5749506910879032,8.051060389124432
4769.343,-0.5745328014056033,8.061056294136124
4769.363,-0.5741180368455142,8.071052971512682
4769.383,-0.5737014219187833,8.081048773339456
4769.403,-0.5732861382285969,8.091044600098568
4769.423,-0.5728708495363307,8.101041808063908
4769.443,-0.5724551550784327,8.111036618022537
4769.463,-0.5720404079624819,8.121032557093415
4769.483,-0.5716251479678359,8.131028090027
4769.503,-0.5712121391243092,8.141022701832924
4769.523,-0.5707987489666326,8.151016655805542
4769.543,-0.5703846420294261,8.161011923631792
4769.563,-0.5699727828392459,8.171004345809374
4769.583,-0.5695597815308371,8.180999207508806
4769.603,-0.5691443411098082,8.190995455810436
4769.623,-0.5687312325215584,8.200991461962037
4769.643,-0.568319194428712,8.210986148126675
4769.663,-0.567906392140151,8.220981987203423
4769.683,-0.567494289072084,8.23097963456057
4769.703,-0.5670832500633374,8.240977663399129
4769.723,-0.5666717284547664,8.250973042756975
4769.743,-0.566260849714153,8.260969235433443
4769.763,-0.5658490036116245,8.270965359833735
4769.783,-0.5654347386877767,8.280958723904098
4769.803,-0.5650211044336265,8.290951952734483
4769.823,-0.5646088890804732,8.30094847593422
4769.843,-0.5641978714427173,8.310945358511434
4769.863,-0.5637868215235805,8.320941572402587
4769.883,-0.5633768200607683,8.330937625468575
4769.903,-0.5629674912645753,8.340933153352813
4769.923,-0.5625586796663955,8.35092964583097
4769.943,-0.5621487082235795,8.36092483798494
4769.963,-0.5617379732951113,8.370919347632846
4769.983,-0.5613230311771281,8.380910416837315
4770.003,-0.5609081637297662,8.390901487354236
4770.023,-0.5604933135323309,8.40089255852979
4770.043,-0.5600784800900563,8.4108836302989
4770.063,-0.5596636634157395,8.420874702601086
4770.083,-0.55924886352207,8.430865775377738
4770.103,-0.5588340804168676,8.44085684857263
4770.123,-0.5586039078665349,8.450262859236352
4770.143,-0.5585493338093878,8.45829938099522
4770.163,-0.5584851044093151,8.46460344361326
4770.183,-0.5584782703197676,8.469232767005002
4770.203,-0.5588105210310492,8.473083963411572
4770.223,-0.5596032334298645,8.476366491444537
4770.243,-0.560844218034898,8.479027081355415
4770.263,-0.562521356466572,8.481100437246546
4770.283,-0.5645322596513106,8.482389987749489
4770.303,-0.5669337630249661,8.482860181081218
4770.323,-0.5696210625127357,8.482811191450601
4770.343,-0.5723141121145977,8.482704148705015
4770.363,-0.5750052663131469,8.482546784067237
4770.383,-0.5776924825579095,8.482343109610852
4770.403,-0.5803754969527524,8.48209098386932
4770.423,-0.5830536030006479,8.481788625905885
4770.443,-0.5857252339861425,8.48144019809502
4770.463,-0.5883900807481641,8.481043597066181
4770.483,-0.5910473904959148,8.480597112873319
4770.503,-0.5936956904435118,8.480104943822798
4770.523,-0.5963346550634073,8.479565032266668
4770.543,-0.5989634823711626,8.478975723201954
4770.563,-0.6015808073607539,8.478341237766976
4770.583,-0.6041862603361964,8.477659573097728
4770.603,-0.6067790061606269,8.47692913963837
4770.623,-0.6093577856019589,8.476154169727435
4770.643,-0.6119221867530994,8.475332718540894
4770.663,-0.6144725982553096,8.474455493678597
4770.683,-0.6170079156777175,8.473528422397377
4770.703,-0.6195261379570606,8.472555871445708
4770.723,-0.6220264384365668,8.471538159226087
4770.743,-0.6245080077593579,8.47047561597885
4770.763,-0.6269700428350197,8.469368586369805
4770.783,-0.6294117469875012,8.468217429397738
4770.803,-0.6318323302031771,8.467022518272701
4770.823,-0.6342310093774305,8.465784240290162
4770.843,-0.6366070085587056,8.464502996701322
4770.863,-0.638959559189917,8.463179202579703
4770.883,-0.6412879003471355,8.461813286684142
4770.903,-0.6435912789754588,8.460405691318304
4770.923,-0.6458689501220215,8.458956872186805
4770.943,-0.6481201771660766,8.457467298248142
4770.963,-0.6503442320461394,8.455937451564463
4770.983,-0.6525403954841821,8.45436782714835
4771.003,-0.6547079572068789,8.452758932806663
4771.023,-0.6568462161639494,8.451111288981622
4771.043,-0.6589544807436524,8.449425428589038
4771.063,-0.6610320689854966,8.4477018968539
4771.083,-0.6630783087902729,8.445941251143195
4771.103,-0.6650925381274938,8.444144060796026
4771.123,-0.6670741052403698,8.44231090695094
4771.143,-0.6690223688484296,8.440442382370367
4771.163,-0.6709366983479049,8.438539091262085
4771.183,-0.6728164740099781,8.43660164909755
4771.203,-0.676038019635272,8.435913469010705
4771.223,-0.681648946880346,8.437483081401602
4771.243,-0.688085030774739,8.44067497553646
4771.263,-0.6950770890598482,8.445400119265477
4771.283,-0.7025781170795738,8.451577333442609
4771.303,-0.7101861459073712,8.458068221576514
4771.323,-0.7180086267963071,8.464702261258031
4771.343,-0.725944111734782,8.471418805274915
4771.363,-0.7335877020965408,8.477932350196985
4771.383,-0.7412045008702377,8.484435349180501
4771.403,-0.7488144068575252,8.490924421978345
4771.423,-0.7564243701905855,8.497413652236348
4771.443,-0.7640343655071814,8.503902847886101
4771.463,-0.7716443965900333,8.510392001320891
4771.483,-0.779254463938997,8.516881111705022
4771.503,-0.7868686000082974,8.523374881333055
4771.523,-0.7944798722748257,8.529865673508048
4771.543,-0.8020946307736033,8.536360345986482
4771.563,-0.809705821642793,8.542851747394486
4771.583,-0.8173158585493108,8.549342312642631
4771.603,-0.8249258438411528,8.555832870908274
4771.623,-0.832536461352114,8.562323909009088
4771.643,-0.8396703344534772,8.56834332999776
4771.663,-0.84556128449611,8.573137496214343
4771.683,-0.8499170155275836,8.57650553328209
4771.703,-0.8531220541538139,8.578746320678274
4771.723,-0.8559343713027019,8.57983300328372
4771.743,-0.8584124074084943,8.579912160002293
4771.763,-0.8605470537132518,8.579013381497234
4771.783,-0.8623207906777646,8.577169021661895
4771.803,-0.8639531280965353,8.575018329593545
4771.823,-0.8655461016782084,8.572838876835487
4771.843,-0.8670995975077573,8.570631102029903
4771.863,-0.8686131160645665,8.568395717138662
4771.883,-0.8700861668455746,8.56613344546055
4771.903,-0.8715182722979169,8.563845019136801
4771.923,-0.8729089680213495,8.56153117890141
4771.943,-0.874257802931665,8.559192673845759
4771.963,-0.8755643394203277,8.556830261178439
4771.983,-0.8768281535103261,8.55444470598017
4772.003,-0.878048835007907,8.552036780954117
4772.023,-0.8792259876498486,8.549607266171629
4772.043,-0.8803592292459499,8.547156948813791
4772.063,-0.8814481918164346,8.544686622909113
4772.083,-0.8824925217240012,8.542197089067507
4772.103,-0.8834918798002858,8.539689154211109
4772.123,-0.8844459414665359,8.537163631302148
4772.143,-0.8853543968483402,8.534621339068273
4772.163,-0.8862169508842976,8.53206310172569
4772.183,-0.8870333234285445,8.529489748700422
4772.203,-0.8878032493471014,8.526902114348017
4772.223,-0.8885264786080262,8.524301037671986
4772.243,-0.8892027763653979,8.521687362041215
4772.263,-0.8916629992274394,8.51949631513869
4772.283,-0.8973161864947671,8.518086663261059
4772.303,-0.9044884568514636,8.517679347658786
4772.323,-0.912901982411572,8.518329980506792
4772.343,-0.9224759803784168,8.519991396511216
4772.363,-0.9322983210142206,8.521872586327131
4772.383,-0.9424668320005575,8.523604927365747
4772.403,-0.9527061482706023,8.52532125809507
4772.423,-0.96254012975238,8.527180635660113
4772.443,-0.97236999046111,8.529047156554585
4772.463,-0.9821998590711642,8.530913647785129
4772.483,-0.9920297689599903,8.532779927238154
4772.503,-1.0018597223534735,8.534645970393491
4772.523,-1.0116897199281845,8.536511772645161
4772.543,-1.0215197613932097,8.53837733344858
4772.563,-1.0313498463596558,8.540242653049198
4772.583,-1.0411799740485637,8.542107732135056
4772.603,-1.0510101443930902,8.543972570634919
4772.623,-1.060840355713783,8.545837170728538
4772.643,-1.0706661204021808,8.547703594871157
4772.663,-1.080489966112787,8.549570394856824
4772.683,-1.0903138165092905,8.551437162170378
4772.703,-1.1001376686361968,8.553303915041788
4772.723,-1.1099615224806205,8.555170653651517
4772.743,-1.1197853780658675,8.557037378014199
4772.763,-1.1296092354240348,8.558904088143944
4772.783,-1.1394344693891785,8.560769757967194
4772.803,-1.149263067254915,8.562634476598632
4772.823,-1.159093030871708,8.564498396342149
4772.843,-1.16892641702462,8.566360967912985
4772.863,-1.1787548023560734,8.568224447429763
4772.883,-1.188586079497081,8.570086666164434
4772.903,-1.1984159388874798,8.571950051138383
4772.923,-1.2082458493283839,8.573813266124295
4772.943,-1.2180758054759564,8.575676260662135
4772.963,-1.227905806774565,8.577539029896164
4772.983,-1.2377358525199162,8.579401574148045
4773.003,-1.2475659421325733,8.581263894183287
4773.023,-1.2573960751708035,8.583125990665486
4773.043,-1.26722625128623,8.584987864129204
4773.063,-1.2770564702108218,8.586849514991568
4773.083,-1.2868867317366381,8.588710943583088
4773.103,-1.2967130049598203,8.590573790511842
4773.123,-1.3065374988732463,8.59243717908007
4773.143,-1.3163619915929305,8.594300543995123
4773.163,-1.3261864844156797,8.596163895993216
4773.183,-1.3360109804479177,8.598027235441737
4773.203,-1.3458354798529897,8.59989056095773
4773.223,-1.35565998267663,8.601753872546839
4773.243,-1.3654844889557471,8.60361717022476
4773.263,-1.3753089987186904,8.605480454005361
4773.283,-1.3851335119849892,8.60734372390053
4773.303,-1.3949580287651773,8.609206979920152
4773.323,-1.4047825490607062,8.611070222072119
4773.343,-1.4146070728639475,8.612933450362323
4773.363,-1.424431600158289,8.61479666479469
4773.383,-1.4342561309183117,8.61665986537121
4773.403,-1.4440806651100615,8.618523052091996
4773.423,-1.453905202691403,8.620386224955356
4773.443,-1.463729743612452,8.622249383957875
4773.463,-1.4735542878160879,8.624112529094509
4773.483,-1.483378835238536,8.625975660358705
4773.503,-1.4932033858100155,8.6278387777425
4773.523,-1.503027939455448,8.629701881236686
4773.543,-1.5128524960952163,8.631564970830933
4773.563,-1.5226770556459726,8.63342804651393
4773.583,-1.5325039582880102,8.635290033568527
4773.603,-1.5423344744597403,8.637149530287063
4773.623,-1.552165553469254,8.639009660838285
4773.643,-1.5619966733282888,8.640869598192074
4773.663,-1.5718278382620365,8.64272929881039
4773.683,-1.5816590485403106,8.64458875664979
4773.703,-1.5914903040182,8.646447970983026
4773.723,-1.601321604431961,8.648306942049114
4773.743,-1.6111529493862455,8.65016567025042
4773.763,-1.6209843388424545,8.65202415549862
4773.783,-1.6308157727347463,8.653882397957226
4773.803,-1.6406472505298275,8.655740398213359
4773.823,-1.6504787717276153,8.65759815692644
4773.843,-1.6603103355007196,8.659455674844905
4773.863,-1.6701419416983085,8.661312952292322
4773.883,-1.679973588562184,8.66316999141346
4773.903,-1.6898001486859144,8.665028984886233
4773.923,-1.6996254225317124,8.66688825247756
4773.943,-1.709450699536214,8.668747496681043
4773.963,-1.719275978249671,8.670606726518235
4773.983,-1.7291012586747068,8.672465942084822
4774.003,-1.7389265408362222,8.67432514339474
4774.023,-1.7487518247677354,8.67618433046218
4774.043,-1.7585784981041852,8.678042472669384
4774.063,-1.7684085191987269,8.679899656233028
4774.083,-1.778239129128941,8.681756106248773
4774.103,-1.7880712517139563,8.683611249630495
4774.123,-1.7979001696291408,8.685467076518812
4774.143,-1.8077323422091878,8.687322670468177
4774.163,-1.8175636550977718,8.689178540897036
4774.183,-1.827395009022521,8.691034211028468
4774.203,-1.837226405040088,8.692889662811922
4774.223,-1.8470578432779834,8.69474489369383
4774.243,-1.8568893236959962,8.696599903210757
4774.263,-1.866720846239059,8.698454691227559
4774.283,-1.8765524108564846,8.700309257686028
4774.303,-1.8863840175031428,8.702163602562631
4774.323,-1.8962156661385259,8.704017725856852
4774.343,-1.9060473567258505,8.705871627585015
4774.363,-1.9158745189421185,8.70772697551879
4774.383,-1.9257004286314707,8.70958288271568
4774.403,-1.9355263362173278,8.711438753830505
4774.423,-1.9453522462176132,8.713294620562944
4774.443,-1.9551781595337168,8.71515047340354
4774.463,-1.9650040762224823,8.71700631228977
4774.483,-1.9748299963277491,8.71886213723826
4774.503,-1.9846559198850566,8.720717948264433
4774.523,-1.9944818469213343,8.722573745381789
4774.543,-2.004307777454658,8.724429528601856
4774.563,-2.014133711494077,8.72628529793417
4774.583,-2.0239596490395595,8.728141053386269
4774.603,-2.0337855900819943,8.729996794963714
4774.623,-2.043611534603309,8.7318525226701
4774.643,-2.0534374825766624,8.733708236507123
4774.663,-2.063263433966729,8.735563936474607
4774.683,-2.073089388730064,8.737419622570593
4774.703,-2.0823604408456338,8.738820181855576
4774.723,-2.090260401725931,8.73972729448478
4774.743,-2.096471098398438,8.740256579801427
4774.763,-2.100899207456643,8.740518156115048
4774.783,-2.104396656894025,8.740387183170517
4774.803,-2.1074124931265876,8.739662630302671
4774.823,-2.109905263460816,8.738363076378167
4774.843,-2.1118646314679537,8.736498875656
4774.863,-2.1132769612481166,8.73408405246361
4774.883,-2.1139918223377343,8.731317850135989
4774.903,-2.1145139298735356,8.728534960066566
4774.923,-2.1151201472395735,8.725684525741922
4774.943,-2.1157904906424383,8.722748926213827
4774.963,-2.1163541812606637,8.719816295411073
4774.983,-2.116651119876701,8.716987393335868
4775.003,-2.1166655331563584,8.714288919426206
4775.023,-2.1166428069501424,8.711592972794902
4775.043,-2.1165735769351,8.708898060747778
4775.063,-2.116453874918092,8.706204794675356
4775.083,-2.116287801107379,8.703514790732495
4775.103,-2.116073272637919,8.700828281916031
4775.123,-2.1158084330609017,8.698146083284374
4775.143,-2.115497427126265,8.695469678836046
4775.163,-2.1151382155260374,8.69279932997117
4775.183,-2.1147289824950466,8.690135915076302
4775.203,-2.1142739301680575,8.687480820512095
4775.223,-2.1137710633736755,8.684834373219221
4775.243,-2.1150714281794794,8.681798007055479
4775.263,-2.119585600412171,8.678090945881635
4775.283,-2.1258988147144477,8.674636106071684
4775.303,-2.1337884431611687,8.671601082504646
4775.323,-2.143154350253816,8.668976524772537
4775.343,-2.1528285151038182,8.666439989436235
4775.363,-2.162759367672907,8.663984705221106
4775.383,-2.1730283309737675,8.661604485351868
4775.403,-2.182710066892909,8.659084722692755
4775.423,-2.192385472971802,8.65655886723897
4775.443,-2.2020608521191396,8.654033083474928
4775.463,-2.211736234227264,8.651507313414175
4775.483,-2.221411619620995,8.648981556491501
4775.503,-2.231087008286761,8.646455812701664
4775.523,-2.2407624002063433,8.64393008204035
4775.543,-2.250437795360801,8.641404364498346
4775.563,-2.26011319373067,8.63887866006122
4775.583,-2.269788595296146,8.63635296870921
4775.603,-2.2794640000372555,8.633827290417136
4775.623,-2.2891394079340373,8.631301625154382
4775.643,-2.2988148189667252,8.628775972884954
4775.663,-2.3084902331159274,8.62625033356762
4775.683,-2.318165650362799,8.623724707156088
4775.703,-2.327841070689223,8.621199093599243
4775.723,-2.3375164940779687,8.618673492841483
4775.743,-2.347191920512853,8.61614790482307
4775.763,-2.356867349978888,8.613622329480542
4775.783,-2.3665471411289345,8.611100607498566
4775.803,-2.3762332749061805,8.60858270100866
4775.823,-2.385913467254039,8.606062612427225
4775.843,-2.3955932339356227,8.603542488844424
4775.863,-2.405273939240981,8.601022693561024
4775.883,-2.4149522054629453,8.598502362605538
4775.903,-2.424632530021719,8.59598155219853
4775.923,-2.4343150080539,8.593462621834
4775.943,-2.443990819019662,8.59093846556668
4775.963,-2.4536666427479785,8.588414406519965
4775.983,-2.463342469530855,8.585890360293988
4776.003,-2.4730182993052634,8.583366326070564
4776.023,-2.4826941320775755,8.580842303773617
4776.043,-2.49236996785628,8.578318293338421
4776.063,-2.5020458066514557,8.57579429470554
4776.083,-2.5117227061839675,8.57327038629038
4776.103,-2.521400348389195,8.570748411786528
4776.123,-2.531077380341292,8.568224907149046
4776.143,-2.540756015110903,8.565702830803568
4776.163,-2.550435766489771,8.563181252463936
4776.183,-2.560117360504928,8.560659990004178
4776.203,-2.5697987704230023,8.558138494019532
4776.223,-2.5794809939026013,8.555617212899817
4776.243,-2.5891632888349556,8.553096121107865
4776.263,-2.5988456506148987,8.550575259336423
4776.283,-2.608528076899468,8.548054629753738
4776.303,-2.6182105658770394,8.545534232365844
4776.323,-2.6278931161758607,8.543014066754656
4776.343,-2.637575726405371,8.540494132215233
4776.363,-2.647258394992997,8.537974427872978
4776.383,-2.6569411201199125,8.535454952599856
4776.403,-2.6666238987059008,8.532935704157113
4776.423,-2.6763067256963557,8.5304166791946
4776.443,-2.685989591635644,8.52789787086591
4776.463,-2.69567247394148,8.525379258310497
4776.483,-2.7053517068516286,8.52285948531949
4776.503,-2.715028513852853,8.520339178035474
4776.523,-2.724705328734039,8.517818906804
4776.543,-2.7343821470082683,8.515298648312124
4776.563,-2.744058968632555,8.512778402387193
4776.583,-2.7537357936031106,8.510258169070491
4776.603,-2.7634126219147808,8.507737948404365
4776.623,-2.773089453560697,8.505217740429533
4776.643,-2.7827662885323172,8.502697545184459
4776.663,-2.792443126819507,8.500177362704727
4776.683,-2.8021199684106106,8.497657193022498
4776.703,-2.8117968132925704,8.495137036165977
4776.723,-2.8214736614510274,8.492616892158967
4776.743,-2.830591248084556,8.490591232151191
4776.763,-2.838387827668401,8.489259986252188
4776.783,-2.8444732505650623,8.488413217115097
4776.803,-2.8487987791156857,8.487959752495055
4776.823,-2.852005936336084,8.488010100671232
4776.843,-2.8545396823488507,8.488751462619605
4776.863,-2.8563839878496133,8.490184776451219
4776.883,-2.857523192806401,8.49229465884051
4776.903,-2.8580990084536833,8.49490653069567
4776.923,-2.858594124425484,8.49756042046482
4776.943,-2.8590413946391453,8.500222787876494
4776.963,-2.8594406753873653,8.502892781725178
4776.983,-2.8597918366705573,8.505569536248707
4777.003,-2.860094764139978,8.508252183409283
4777.023,-2.860349359145365,8.5109398532786
4777.043,-2.8605555387649124,8.513631674330723
4777.063,-2.8607132358291034,8.516326773733546
4777.083,-2.860822398938613,8.519024277639373
4777.103,-2.860882992476418,8.521723311474588
4777.123,-2.8608956883177465,8.524422248241018
4777.143,-2.860871489713298,8.52711868938956
4777.163,-2.860800798538012,8.529813289355056
4777.183,-2.8606815364590625,8.532506046726956
4777.203,-2.8605118575634925,8.535196273316593
4777.223,-2.860295901470349,8.537882347772044
4777.243,-2.8618892331899475,8.540764591765326
4777.263,-2.8667541310287303,8.543971316668049
4777.283,-2.873385161815796,8.546737264918457
4777.303,-2.88153841487386,8.548917596581479
4777.323,-2.8911217658516097,8.55053055613295
4777.343,-2.9010113299065483,8.552018623757366
4777.363,-2.911249817116672,8.553334380606877
4777.383,-2.9215616455587265,8.554623981447229
4777.403,-2.9314616778539904,8.55608821465529
4777.423,-2.9413536790617316,8.557563586725108
4777.443,-2.9512437693607554,8.559039814525939
4777.463,-2.9611338620432637,8.560516016579157
4777.483,-2.97102395599464,8.561992203770254
4777.503,-2.980914051187814,8.563468376194706
4777.523,-2.9908041476138045,8.564944533851277
4777.543,-3.0006942452726366,8.566420676738455
4777.563,-3.0105853960285507,8.567896363901628
4777.583,-3.0204777544345136,8.569370205113495
4777.603,-3.0303735199667856,8.570843260310873
4777.623,-3.0402697311734466,8.572316191800205
4777.643,-3.050164618537874,8.573788697341596
4777.663,-3.060059642506161,8.575261862524156
4777.683,-3.0699562243306953,8.576733621872844
4777.703,-3.0798525220621658,8.578206049678244
4777.723,-3.08974885205184,8.579678299434828
4777.743,-3.0996452162064547,8.581150320065781
4777.763,-3.1095416150302113,8.58262210507749
4777.783,-3.119438048654952,8.584093653906137
4777.803,-3.1293345171387856,8.585564966725833
4777.823,-3.1392310205148455,8.587036043760907
4777.843,-3.1491275588012937,8.588506885205447
4777.863,-3.159024132005853,8.589977491222111
4777.883,-3.1689207401287707,8.591447861949305
4777.903,-3.1788173831650224,8.592917997507515
4777.923,-3.188714061105987,8.594387898003943
4777.943,-3.198606030807982,8.595859524040119
4777.963,-3.208496710941877,8.597331788203034
4777.983,-3.218387388199937,8.59880398826038
4778.003,-3.227705631556048,8.599894559533501
4778.023,-3.235666439714833,8.600503218300013
4778.043,-3.2419222190506787,8.600842540139654
4778.063,-3.24642636912897,8.601071094998145
4778.083,-3.250069572134206,8.600910573091952
4778.103,-3.25316168381564,8.600205075368786
4778.123,-3.255690648391933,8.598945971438965
4778.143,-3.2577033818290024,8.597144833728233
4778.163,-3.259162725257428,8.594822496044056
4778.183,-3.259839714720147,8.592124392893531
4778.203,-3.2601829496773327,8.58937878966072
4778.223,-3.2605699549853653,8.58656970104296
4778.243,-3.260946322214955,8.58373888351898
4778.263,-3.261241010788386,8.58091923693601
4778.283,-3.2615668746733792,8.57804903189202
4778.303,-3.2619525956478657,8.57508262714349
4778.323,-3.2622576698243893,8.572129017711797
4778.343,-3.2624865453858662,8.569164818634995
4778.363,-3.262674407583049,8.566209215205525
4778.383,-3.262770054453541,8.563285049457022
4778.403,-3.262800037729176,8.560342859610973
4778.423,-3.2626662743795154,8.55747821364182
4778.443,-3.262468749707763,8.554626606519674
4778.463,-3.2622119537013,8.551781495988939
4778.483,-3.2618728853919126,8.548973769313221
4778.503,-3.2614167818657704,8.546238450066019
4778.523,-3.2609064214095445,8.543510332895755
4778.543,-3.260220159619151,8.540905536131973
4778.563,-3.2594902863588398,8.538313512175055
4778.583,-3.2587137061676428,8.53573504762572
4778.603,-3.257888866037444,8.533170997625668
4778.623,-3.2570200045315354,8.530622561647743
4778.643,-3.2560974512785568,8.528089117593723
4778.663,-3.255123454076922,8.525571439424544
4778.683,-3.2541043001134646,8.523071687903741
4778.703,-3.2530403243700734,8.520590688825264
4778.723,-3.2519318716932313,8.518129245301509
4778.743,-3.250779301221559,8.51568815389769
4778.763,-3.249582986307914,8.513268204533619
4778.783,-3.2483433143954628,8.510870180238022
4778.803,-3.247060686889557,8.508494856904052
4778.823,-3.245735519025911,8.50614300304735
4778.843,-3.2443682397351874,8.503815379566841
4778.863,-3.242959291504125,8.501512739508254
4778.883,-3.241509130233304,8.499235827830487
4778.903,-3.240018225091668,8.496985381174756
4778.923,-3.2384870583679093,8.494762127636582
4778.943,-3.2369161253188046,8.492566786540626
4778.963,-3.2353059340145855,8.490400068218298
4778.983,-3.2336570051814064,8.488262673788142
4779.003,-3.231969872040933,8.486155294938875
4779.023,-3.2302450801470948,8.484078613715047
4779.043,-3.228483187219947,8.482033302305206
4779.063,-3.2266847629766247,8.48002002283249
4779.083,-3.224850388959303,8.478039427147447
4779.103,-3.222980658360034,8.476092156623139
4779.123,-3.2210761758423523,8.474178841952293
4779.143,-3.219137557359447,8.472300102946448
4779.163,-3.217165429968735,8.47045654833708
4779.183,-3.2151604316426123,8.468648775578623
4779.203,-3.2131232110751644,8.466877370653377
4779.223,-3.2110544274846338,8.465142907878374
4779.243,-3.2089547504114075,8.463445949714236
4779.263,-3.206824859511346,8.461787046576173
4779.283,-3.2046654443442852,8.460166736647217
4779.303,-3.2024772041575598,8.458585545694008
4779.323,-3.2002608476644823,8.457043986885255
4779.343,-3.1980170928177114,8.455542560613198
4779.363,-3.1957466665775285,8.454081754318386
4779.383,-3.1934503046750997,8.452662042318082
4779.403,-3.1911287513708158,8.451283885638574
4779.423,-3.188782759207915,8.449947731851836
4779.443,-3.186413088761604,8.44865401491677
4779.463,-3.1840205083839326,8.44740315502537
4779.483,-3.1816057939447577,8.446195558454141
4779.503,-3.1791697285690987,8.445031617420948
4779.523,-3.176713102371262,8.443911709947596
4779.543,-3.1742367121860853,8.44283619972829
4779.563,-3.171741361297672,8.441805436004115
4779.583,-3.16922785916596,8.440819753443646
4779.603,-3.1666970211514687,8.43987947202973
4779.623,-3.164149668238548,8.438984896952507
4779.643,-3.161586626757402,8.438136318508603
4779.663,-3.159008728105155,8.437334012006467
4779.683,-3.156416808466171,8.43657823767782
4779.703,-3.1538117085318285,8.435869240595089
4779.723,-3.151194273219906,8.435207250594704
4779.743,-3.1485653513936778,8.43459248220622
4779.763,-3.145925795580851,8.434025134587069
4779.783,-3.1432764616923854,8.433505391462887
4779.803,-3.1406182087412464,8.43303342107328
4779.823,-3.137951898561141,8.43260937612289
4779.843,-3.1352783955252197,8.432233393737748
4779.863,-3.1325985662647766,8.43190559542674
4779.883,-3.129913279387932,8.4316260870482
4779.903,-3.127223405198314,8.431394958781475
4779.923,-3.124529815413707,8.43121228510351
4779.943,-3.121922827960672,8.42919834486438
4779.963,-3.1194947257418764,8.423902114970174
4779.983,-3.1177717414685566,8.416928076653324
4780.003,-3.116859676476095,8.40853897612444
4780.023,-3.116727089898847,8.398822873550658
4780.043,-3.1167647515612455,8.388822076234478
4780.063,-3.1167837215860854,8.378469870455396
4780.083,-3.1168043430648193,8.367955830327391
4780.103,-3.116826992347743,8.357886578603525
4780.123,-3.116847446109684,8.347880476917766
4780.143,-3.1168777288257266,8.33787418653547
4780.163,-3.116907761547314,8.327867882508643
4780.183,-3.1169375139880215,8.317861578157071
4780.203,-3.116966979385452,8.307855275079737
4780.223,-3.1169998467905624,8.297854901016294
4780.243,-3.117033205179832,8.287855265575372
4780.263,-3.117066539652884,8.277855619552092
4780.283,-3.1170998501375466,8.26785596828278
4780.303,-3.117133139669415,8.257856317282727
4780.323,-3.1171664022939236,8.24785667273726
4780.343,-3.117199637092551,8.23785704056134
4780.363,-3.117232867206157,8.227857413001532
4780.383,-3.117266079582849,8.217857785269448
4780.403,-3.117299273102818,8.207858157463019
4780.423,-3.1173324477095528,8.19785852957193
4780.443,-3.1173656033603687,8.187858901584372
4780.463,-3.117398740018187,8.177859273488426
4780.483,-3.117431857651795,8.16785964527223
4780.503,-3.1174649562361187,8.157860016924094
4780.523,-3.117498035752444,8.147860388432667
4780.543,-3.1175310961885665,8.137860759787044
4780.563,-3.1175641375388867,8.127861130976925
4780.583,-3.117597159804426,8.117861501992708
4780.603,-3.1176301629927945,8.107861872825623
4780.623,-3.117663147118088,8.097862243467826
4780.643,-3.1176961122007127,8.087862613912508
4780.663,-3.117724703500588,8.077860099695316
4780.683,-3.117751736139301,8.067855075702383
4780.703,-3.1177795505662456,8.057850519754645
4780.723,-3.117807339937178,8.047846326034747
4780.743,-3.1178358103885917,8.03784340726967
4780.763,-3.117864538559511,8.027840638513576
4780.783,-3.1178925223635092,8.017836610711825
4780.803,-3.1179198923350793,8.007832414049423
4780.823,-3.117947968640428,7.997829498198457
4780.843,-3.11797631835995,7.98782674462043
4780.863,-3.118003876224161,7.97782267026704
4780.883,-3.1180319477437255,7.967819899507612
4780.903,-3.1180599218732183,7.957817157292292
4780.923,-3.1180877656660466,7.947814486450508
4780.943,-3.118115424653889,7.937811977344656
4780.963,-3.1181420920759293,7.927809691337192
4780.983,-3.118173191939906,7.917809999705071
4781.003,-3.1182042697269754,7.907810362218178
4781.023,-3.118235326883858,7.897810724743087
4781.043,-3.1182663659625733,7.887811087158805
4781.063,-3.118297387024014,7.877811449479478
4781.083,-3.118328390101697,7.867811811720715
4781.103,-3.118359375223419,7.857812173897954
4781.123,-3.1183903691704518,7.847812527956386
4781.143,-3.118419966922252,7.837811614721493
4781.163,-3.118446883106807,7.827806900586535
4781.183,-3.118474687771859,7.817806141406119
4781.203,-3.118505274177552,7.807806487686036
4781.223,-3.118535850756668,7.797806849421863
4781.243,-3.1185664094845498,7.787807211313835
4781.263,-3.1185969502795228,7.777807573206624
4781.283,-3.118627128470686,7.767806761739182
4781.303,-3.118652135537487,7.75780385789478
4781.323,-3.1186766320782295,7.747799704570274
4781.343,-3.1187066513052755,7.737799934990621
4781.363,-3.1187366921228254,7.727800294802563
4781.383,-3.1187667148660765,7.717800656037136
4781.403,-3.118795991346502,7.7077999595062785
4781.423,-3.1188252543953054,7.697799242646267
4781.443,-3.1188551384072043,7.687799545791601
4781.463,-3.1188842205799316,7.677798834765826
4781.483,-3.1189140524923196,7.6677991764824345
4781.503,-3.1189248924804134,7.658384850239253
4781.523,-3.1189267487873025,7.650370804967246
4781.543,-3.118916811673947,7.644054736885347
4781.563,-3.1188676057182922,7.639399024738937
4781.583,-3.118466457346706,7.635482030008003
4781.603,-3.1176835145051163,7.632262604905983
4781.623,-3.1165103412983317,7.629727647075961
4781.643,-3.1149079122331846,7.627867291259771
4781.663,-3.112896869376928,7.62666796517797
4781.683,-3.110507448611211,7.626226386415487
4781.703,-3.1078413430597034,7.626345287981033
4781.723,-3.1051541485031358,7.6265482987974185
4781.743,-3.1024707940956886,7.626801568358391
4781.763,-3.099793027056997,7.627101032308306
4781.783,-3.09712110833426,7.627448734149216
4781.803,-3.094455921041303,7.627846476876238
4781.823,-3.0917988545311568,7.628290074728728
4781.843,-3.089150227439394,7.628781528568642
4781.863,-3.08651092139793,7.629322577126106
4781.883,-3.0838822442380165,7.629909013136215
4781.903,-3.081264552977131,7.6305427967131
4781.923,-3.078658756671989,7.631225589890973
4781.943,-3.076066069260342,7.631953172126607
4781.963,-3.0734868847275916,7.632727455734287
4781.983,-3.0709221370462108,7.63355002339446
4782.003,-3.0683716927936926,7.634424484445182
4782.023,-3.065836092499972,7.635350764321202
4782.043,-3.0633175697133037,7.636322529372746
4782.063,-3.0608169541949466,7.637339460738839
4782.083,-3.058335055411864,7.6384012284429215
4782.103,-3.0558726765434816,7.6395074880891745
4782.123,-3.0534306143609227,7.640657880948118
4782.143,-3.051009658979201,7.641852034078043
4782.163,-3.0486105936106282,7.643089560450699
4782.183,-3.0462341943207387,7.644370059080779
4782.203,-3.0438812297868436,7.6456931151591565
4782.223,-3.0415524610592994,7.647058300189718
4782.243,-3.0392486413255746,7.648465172129682
4782.263,-3.036970515677178,7.649913275533296
4782.283,-3.0347188208794855,7.651402141698778
4782.303,-3.0324942851445154,7.652931288818381
4782.323,-3.0302976279066387,7.654500222131482
4782.343,-3.028129559601232,7.656108434080589
4782.363,-3.0259907814462292,7.657755404470164
4782.383,-3.0238819852265206,7.659440600628246
4782.403,-3.0218038530811353,7.6611634775707715
4782.423,-3.0197570572930976,7.662923478168639
4782.443,-3.017742260081884,7.664720033317496
4782.463,-3.0157601133983443,7.666552562110307
4782.483,-3.013811258721981,7.668420472012814
4782.503,-3.0118963268604735,7.670323159041958
4782.523,-3.0100159377513402,7.672260007947457
4782.543,-3.0081707002656417,7.674230392396693
4782.563,-3.0063612120136782,7.676233675163081
4782.583,-3.0045880591526033,7.678269208318193
4782.603,-3.0028518161959807,7.68033633342781
4782.623,-3.0011530458253,7.682434381752116
4782.643,-2.9994922987035255,7.684562674450303
4782.663,-2.9978701132907926,7.686720522789707
4782.683,-2.9962870156624155,7.688907228359681
4782.703,-2.9947435193294125,7.69112208329034
4782.723,-2.993240125061765,7.693364370476213
4782.743,-2.9901932738408754,7.694617351256726
4782.763,-2.9843921685208996,7.694075784969111
4782.783,-2.97748931072043,7.692085530692249
4782.803,-2.96976543621301,7.688686067117304
4782.823,-2.9612812468183605,7.683948795331516
4782.843,-2.9526356509792833,7.678922019862413
4782.863,-2.9437113037789966,7.673845347339688
4782.883,-2.93466312181101,7.668725064244024
4782.903,-2.9259578998517894,7.663688547619967
4782.923,-2.9173060494980723,7.658668746384851
4782.943,-2.908658666239093,7.653647385022679
4782.963,-2.9000112513892438,7.648626062465933
4782.983,-2.8913638325715145,7.64360474666349
4783.003,-2.882716410098237,7.6385834373199195
4783.023,-2.8740689840173665,7.63356213442575
4783.043,-2.8654215543702892,7.628540837978816
4783.063,-2.856774121193972,7.623519547981671
4783.083,-2.848126684520657,7.6184982644414605
4783.103,-2.8394743731927328,7.61347499075789
4783.123,-2.8308194158548456,7.6084518510566275
4783.143,-2.8221607408527607,7.6034283526601785
4783.163,-2.8135056380446546,7.598405130307808
4783.183,-2.8048546162157937,7.593384586913638
4783.203,-2.796198443208915,7.5883615908246975
4783.223,-2.7875476526668495,7.583341059345751
4783.243,-2.7788901723475035,7.578317798830006
4783.263,-2.7702344671997245,7.573295915138099
4783.283,-2.761583262325697,7.56827560594987
4783.303,-2.7529320277284386,7.563255223521131
4783.323,-2.74428074346702,7.558234921563851
4783.343,-2.7356294020602587,7.553214718198746
4783.363,-2.7269780024668435,7.54819461582231
4783.383,-2.718326544605004,7.543174614724828
4783.403,-2.709675028521795,7.538154714921446
4783.423,-2.701023454278537,7.533134916398274
4783.443,-2.6923718219348935,7.52811521914295
4783.463,-2.6837203587406786,7.523095707694561
4783.483,-2.6750657894618497,7.518074057083312
4783.503,-2.6664150521882153,7.513054803776186
4783.523,-2.657766516988542,7.508035412446247
4783.543,-2.6491180023862175,7.5030159982650675
4783.563,-2.6404694837414304,7.497996591321703
4783.583,-2.6318209607799115,7.492977191879506
4783.603,-2.6231724334582815,7.487957799936193
4783.623,-2.614523901737846,7.482938415483328
4783.643,-2.6058753655828966,7.477919038508578
4783.663,-2.5972268249611314,7.472899668995697
4783.683,-2.588578279844056,7.467880306924537
4783.703,-2.5799297302073447,7.462860952271105
4783.723,-2.5712811760311545,7.45784160500766
4783.743,-2.5626314580378198,7.452821803580519
4783.763,-2.5539724540442204,7.447803436554803
4783.783,-2.5453190929999794,7.442784836146122
4783.803,-2.5366657714669048,7.437766054878092
4783.823,-2.5280123684592173,7.432747388490634
4783.843,-2.5193588779566625,7.4277288592265975
4783.863,-2.511288664617724,7.4232296325719425
4783.883,-2.5045581359891798,7.420012729506641
4783.903,-2.4993734029098302,7.417728121421777
4783.923,-2.4959276063800364,7.4154715718211035
4783.943,-2.4937396821288855,7.413233794960166
4783.963,-2.492706577481107,7.410953446915556
4783.983,-2.4926846776163125,7.408640163794308
4784.003,-2.493662385169212,7.406357742444308
4784.023,-2.4951600301525105,7.404111903171457
4784.043,-2.4967001400545112,7.401894823915
4784.063,-2.4982798988451766,7.399705837287392
4784.083,-2.4998987990346966,7.397545631236441
4784.103,-2.5015563170868416,7.39541490451327
4784.123,-2.5032519169928764,7.393314346576698
4784.143,-2.5049850504543514,7.391244637196222
4784.163,-2.506755157049921,7.389206446239388
4784.183,-2.5085616644050392,7.387200433463209
4784.203,-2.5104039883646396,7.385227248307898
4784.223,-2.5122815331689625,7.3832875296927245
4784.243,-2.5141936916326366,7.381381905813952
4784.263,-2.516139845327208,7.379510993944741
4784.283,-2.5181193647673124,7.377675400236972
4784.303,-2.520131609600692,7.375875719524964
4784.323,-2.5221759288022816,7.374112535131085
4784.343,-2.5242516608725807,7.372386418673276
4784.363,-2.526358134040519,7.370697929874622
4784.383,-2.528494666471002,7.369047616375018
4784.403,-2.530660566477302,7.367436013545193
4784.423,-2.532855132738415,7.365863644303204
4784.443,-2.535077654521472,7.364331018933724
4784.463,-2.537327411909227,7.362838634910364
4784.483,-2.539603676032605,7.36138697672135
4784.503,-2.541905709308237,7.359976515698866
4784.523,-2.544232765680837,7.358607709852412
4784.543,-2.5465840908702515,7.357281003706501
4784.563,-2.5489589226229348,7.355996828143026
4784.583,-2.5513564909675828,7.354755600248587
4784.603,-2.553776018474615,7.353557723167088
4784.623,-2.556216720519153,7.352403585957836
4784.643,-2.5586778055471755,7.351293563459351
4784.663,-2.561158475344449,7.350228016159081
4784.683,-2.5636579253079113,7.349207290069158
4784.703,-2.566175344719139,7.348231716608243
4784.723,-2.5687099170195733,7.347301612489586
4784.743,-2.5712608200872022,7.346417279615231
4784.763,-2.573827226514414,7.34557900497642
4784.783,-2.5764083038867787,7.34478706056011
4784.803,-2.5790032150625497,7.344041703261524
4784.823,-2.581611118452694,7.343343174802686
4784.843,-2.5842311683013124,7.342691701656788
4784.863,-2.586862514966329,7.342087494978311
4784.883,-2.589504305200375,7.341530750538772
4784.903,-2.5921556824317813,7.34102164866799
4784.923,-2.594498347272763,7.338705427360146
4784.943,-2.5962640164079773,7.333153139313394
4784.963,-2.59712568484259,7.326021268457564
4784.983,-2.597010287751331,7.317583509342349
4785.003,-2.5959597670492056,7.307923402221369
4785.023,-2.59470566819647,7.29800146795653
4785.043,-2.593639404236857,7.287728993151384
4785.063,-2.592594507979625,7.27737527601773
4785.083,-2.5913778032880836,7.267396057880399
4785.103,-2.59014605655187,7.257462450317293
4785.123,-2.5889125651134735,7.247534324665456
4785.143,-2.587673926178315,7.237611684165783
4785.163,-2.586435342179078,7.227689038813048
4785.183,-2.5851967728597165,7.217766391465877
4785.203,-2.583958217823991,7.207843742180848
4785.223,-2.5827196770053313,7.197921090991015
4785.243,-2.5814811503442336,7.187998437929443
4785.263,-2.5802426377860774,7.178075783029142
4785.283,-2.5790041392815,7.168153126322778
4785.303,-2.577765654786738,7.158230467842396
4785.323,-2.5765271842639375,7.148307807619141
4785.343,-2.5752887276813916,7.13838514568299
4785.363,-2.574050285013742,7.12846248206247
4785.383,-2.5728118562421174,7.118539816784435
4785.403,-2.5715789266035456,7.108610119183728
4785.423,-2.570351451934423,7.098672479427805
4785.443,-2.5691180173844494,7.08874307483626
4785.463,-2.5678806216369425,7.078820280283168
4785.483,-2.5666455101367234,7.068893624317974
4785.503,-2.565411686163607,7.058964140564914
4785.523,-2.5641780587043925,7.049034550481823
4785.543,-2.5629446836193064,7.039104886571824
4785.563,-2.5617115706078732,7.029175168431504
4785.583,-2.560478727275418,7.019245405452173
4785.603,-2.559246155822182,7.009315602553638
4785.623,-2.558013856580183,6.999385762598162
4785.643,-2.5567818297294123,6.989455887232256
4785.663,-2.555550075300776,6.979525977416892
4785.683,-2.554318592911625,6.969596034008483
4785.703,-2.55308738194043,6.9596660579091765
4785.723,-2.551856441342675,6.9497360502645495
4785.743,-2.5506257691894207,6.939806012870563
4785.763,-2.549395361806353,6.929875949117878
4785.783,-2.5481652109222996,6.919945865775107
4785.803,-2.546934891487628,6.91001641215139
4785.823,-2.5457017296619813,6.900093072145446
4785.843,-2.5444688665920125,6.890169718471002
4785.863,-2.5432360217637826,6.880246362757004
4785.883,-2.5420031920571784,6.870323005170711
4785.903,-2.5407703774682093,6.860399645688962
4785.923,-2.53953757801787,6.850476284286942
4785.943,-2.5383047937230065,6.840552920940191
4785.963,-2.5370720245956906,6.83062955562493
4785.983,-2.535839270642936,6.820706188318335
4786.003,-2.53460653186647,6.810782818998827
4786.023,-2.5333738082625636,6.800859447646321
4786.043,-2.532141099821931,6.790936074242472
4786.063,-2.530908406529689,6.781012698770899
4786.083,-2.5296757283653797,6.771089321217392
4786.103,-2.528443065303054,6.761165941570074
4786.123,-2.5272119260271944,6.7512414467274935
4786.143,-2.525985999424073,6.741313986225998
4786.163,-2.524758330327258,6.731386371749196
4786.183,-2.5235314189099016,6.7214586342160825
4786.203,-2.5223045859974333,6.711530836023539
4786.223,-2.521077342721975,6.7016032502813
4786.243,-2.5198509808984375,6.69167647341748
4786.263,-2.518625407394613,6.681748760176067
4786.283,-2.5173990462406897,6.671822154168189
4786.303,-2.516172944172572,6.6618943082456745
4786.323,-2.5149475477613983,6.651966309446342
4786.343,-2.513722173406872,6.642038213730843
4786.363,-2.512496720719621,6.632109838980449
4786.383,-2.5112669659934865,6.622186092684202
4786.403,-2.510037253281298,6.612262343893205
4786.423,-2.508807555202601,6.60233859312088
4786.443,-2.5075778714636443,6.592414840399124
4786.463,-2.5063482019960763,6.582491085760061
4786.483,-2.505118546737347,6.572567329236309
4786.503,-2.50388890562939,6.562643570860686
4786.523,-2.50265927861903,6.5527198106659155
4786.543,-2.501429665658379,6.542796048684355
4786.563,-2.5002000667051707,6.532872284947701
4786.583,-2.498970481723059,6.522948519486722
4786.603,-2.4977409106818578,6.51302475233098
4786.623,-2.496511353557729,6.503100983508573
4786.643,-2.4952818103333096,6.493177213045886
4786.663,-2.4940603483216064,6.4832421757197825
4786.683,-2.4928430156301498,6.473302330670632
4786.703,-2.491614320016664,6.463378481738837
4786.723,-2.4903864948025953,6.453453416623731
4786.743,-2.489159068480073,6.443527564013088
4786.763,-2.487934178716187,6.433596996581365
4786.783,-2.4867093664928146,6.423666328800774
4786.803,-2.4854848053060747,6.413735581430008
4786.823,-2.484260509343727,6.403804775264137
4786.843,-2.4830364850535376,6.393873921578354
4786.863,-2.481812734124265,6.38394302634107
4786.883,-2.4805892565356458,6.374012093050221
4786.903,-2.479366052274054,6.364081123708101
4786.923,-2.478143121175698,6.35415011949994
4786.943,-2.4769204626727297,6.344219081512935
4786.963,-2.475698076029521,6.334288010774008
4786.983,-2.4744759599224766,6.324356908607488
4787.003,-2.473254112043223,6.314425777076467
4787.023,-2.4720325280737647,6.304494619936208
4787.043,-2.47081119712203,6.294563445113958
4787.063,-2.4695894133998944,6.2846335817707955
4787.083,-2.468365146218873,6.274709153193308
4787.103,-2.4671410643128446,6.264784712381747
4787.123,-2.4659169990549086,6.254860269639048
4787.143,-2.4646929489208387,6.244935825032711
4787.163,-2.463468913920918,6.2350113785387045
4787.183,-2.4622448940756763,6.225086930132275
4787.203,-2.461020889401291,6.215162479789089
4787.223,-2.459796899909106,6.2052380274855325
4787.243,-2.458572925605363,6.195313573198993
4787.263,-2.457348966490977,6.185389116908137
4787.283,-2.456125022561385,6.175464658593163
4787.303,-2.4549010938064453,6.165540198236043
4787.323,-2.4536771802104176,6.155615735820743
4787.343,-2.4524532817519864,6.14569127133342
4787.363,-2.451229398404367,6.13576680476259
4787.383,-2.4500096671814884,6.125839218597149
4787.403,-2.4487902289604686,6.115910781175226
4787.423,-2.4475717407804227,6.105983032904747
4787.443,-2.4463540637877976,6.096054356748065
4787.463,-2.445135631565563,6.086126791227552
4787.483,-2.443917500797146,6.076198005188416
4787.503,-2.442700101803165,6.066269087011966
4787.523,-2.4414827663685927,6.056340098541796
4787.543,-2.4402650051480363,6.046411316634839
4787.563,-2.439048090685197,6.036483327120602
4787.583,-2.4378319277699547,6.026554374951912
4787.603,-2.43661665347047,6.016622788035849
4787.623,-2.435396057546885,6.006697936230526
4787.643,-2.4341750363016414,5.996773113905838
4787.663,-2.432954032105435,5.986848289617987
4787.683,-2.4317330423342276,5.9769234633679815
4787.703,-2.430512066897995,5.966998635186456
4787.723,-2.42929110573095,5.957073805105485
4787.743,-2.428070158771538,5.9471489731575895
4787.763,-2.4268492259627283,5.937224139375448
4787.783,-2.425628307252437,5.927299303791615
4787.803,-2.42440740259391,5.917374466438224
4787.823,-2.4231865119460556,5.90744962734672
4787.843,-2.4219656352737307,5.897524786547581
4787.863,-2.4207447725479807,5.887599944070042
4787.883,-2.419523923746213,5.877675099941843
4787.903,-2.4183027966671617,5.867749812551747
4787.923,-2.4170938122965944,5.857810380396962
4787.943,-2.4158818996668048,5.847873208728239
4787.963,-2.4146620107009746,5.83794825583342
4787.983,-2.413442894817156,5.828022114940136
4788.003,-2.4122252964539785,5.818093832756888
4788.023,-2.4110090174903136,5.808162181470382
4788.043,-2.4097929064230277,5.798230430066399
4788.063,-2.4085770682681598,5.788298599391196
4788.083,-2.4073615077091586,5.778366710647172
4788.103,-2.406146225690981,5.768434775112103
4788.123,-2.4049312213456933,5.758502798557923
4788.143,-2.4037164933446893,5.7485707843969625
4788.163,-2.402502040834009,5.738638734553769
4788.183,-2.40128786304157,5.728706650208063
4788.203,-2.4000739590637705,5.718774532451796
4788.223,-2.3988603278170317,5.708842382365506
4788.243,-2.397646967813971,5.698910201340389
4788.263,-2.396433876333582,5.688977991716509
4788.283,-2.395550372154547,5.679663027457312
4788.303,-2.39512593804089,5.671761876117727
4788.323,-2.3948645510436073,5.665512871401203
4788.343,-2.3947386415916636,5.660910585531868
4788.363,-2.3944069991942127,5.657158265491269
4788.383,-2.3935715557592694,5.654096205604667
4788.403,-2.392299748391321,5.651746260884922
4788.423,-2.3906236057424213,5.650136839910164
4788.443,-2.3885288276863497,5.649360405764569
4788.463,-2.3861039975507037,5.649295397470587
4788.483,-2.3834672987345575,5.649785327226121
4788.503,-2.3808273529268282,5.650348177980457
4788.523,-2.378197796032609,5.650958700791938
4788.543,-2.3755796649361547,5.651616449820019
4788.563,-2.3729738085893266,5.652321210597331
4788.583,-2.3703810704992083,5.6530727541855565
4788.603,-2.367802289855714,5.653870836541194
4788.623,-2.365238301271516,5.654715198592046
4788.643,-2.3626899345138708,5.655605566325577
4788.663,-2.3601580142382157,5.656541650882194
4788.683,-2.357643359723765,5.657523148653244
4788.703,-2.3551467846112044,5.658549741383723
4788.723,-2.3526690966426327,5.659621096279555
4788.743,-2.350211097403871,5.660736866119366
4788.763,-2.3477735820692556,5.6618966893706695
4788.783,-2.3453573391490394,5.663100190310307
4788.803,-2.342963150239501,5.664346979149062
4788.823,-2.340591789775867,5.665636652160277
4788.843,-2.3382440247881267,5.666968791812384
4788.863,-2.3359206146598206,5.668342966905161
4788.883,-2.333622310889853,5.669758732709608
4788.903,-2.3313498568573747,5.671215631111288
4788.923,-2.3291039875897512,5.672713190756998
4788.943,-2.326885429533635,5.674250927204655
4788.963,-2.324694900329097,5.675828343076268
4788.983,-2.3225331085868106,5.677444928213908
4789.003,-2.320400753668203,5.679100159838592
4789.023,-2.3182985254685184,5.680793502712034
4789.043,-2.3162271042026767,5.682524409301224
4789.063,-2.314187160193848,5.684292319945857
4789.083,-2.3121793536646016,5.686096663028636
4789.103,-2.3102043345305296,5.68793685514851
4789.123,-2.3082627421962107,5.689812301296976
4789.143,-2.3063552053534107,5.691722395037535
4789.163,-2.304482341781418,5.693666518688511
4789.183,-2.3026447581494387,5.695644043509382
4789.203,-2.3008430498209975,5.697654329890845
4789.223,-2.2990778006603243,5.699696727548807
4789.243,-2.297349582840754,5.701770575722543
4789.263,-2.295658956655181,5.703875203377202
4789.283,-2.294006470328682,5.7060099294108735
4789.303,-2.292392659833465,5.7081740628663615
4789.323,-2.290818048706292,5.710366903147818
4789.343,-2.2892831478686477,5.712587740242303
4789.363,-2.287788455449885,5.71483585494633
4789.383,-2.286334456613646,5.717110519097384
4789.403,-2.284921623387862,5.719410995810351
4789.423,-2.2835504144986554,5.721736539718739
4789.443,-2.28222127520847,5.72408639722052
4789.463,-2.280934637158737,5.726459806728385
4789.483,-2.2796909182173906,5.728855998924141
4789.503,-2.2784905223315053,5.731274197016964
4789.523,-2.2773338393853217,5.733713617005181
4789.543,-2.2762212450638453,5.736173467941249
4789.563,-2.2751531007222483,5.7386529521995815
4789.583,-2.274129753261173,5.741151265746859
4789.603,-2.2731515350080644,5.743667598414526
4789.623,-2.2722187636045796,5.746201134173098
4789.643,-2.2713317419001164,5.748751051408008
4789.663,-2.270490757851431,5.751316523196733
4789.683,-2.2696960844283347,5.753896717586914
4789.703,-2.2689479795253935,5.756490797875283
4789.723,-2.2682466858795567,5.759097922887214
4789.743,-2.2675924309936204,5.761717247256748
4789.763,-2.2651507550425163,5.76392898321947
4789.783,-2.2595096471228273,5.765386267478414
4789.803,-2.252341076535247,5.765854048413361
4789.823,-2.2439223829624844,5.76527437873014
4789.843,-2.234334735285653,5.763693735261791
4789.863,-2.22449688853895,5.761895408777771
4789.883,-2.2143121305195748,5.760251105919876
4789.903,-2.2040564376657232,5.758624069439354
4789.923,-2.1942070601303487,5.756847737421987
4789.943,-2.1843617383993723,5.755064304190751
4789.963,-2.17451640520874,5.753280932377482
4789.983,-2.1646710286997486,5.75149778327433
4790.003,-2.154825607231328,5.749714877375786
4790.023,-2.1449801402303827,5.7479322185068815
4790.043,-2.135134627647378,5.746149807393422
4790.063,-2.1252890697185802,5.744367643969421
4790.083,-2.1154434666448085,5.742585728271557
4790.103,-2.1055978186246636,5.740804060183777
4790.123,-2.0957521258713823,5.73902263953215
4790.143,-2.085906388603908,5.737241466118866
4790.163,-2.076060607041552,5.735460539734054
4790.183,-2.066214781400125,5.733679860162774
4790.203,-2.056368911904077,5.731899427143936
4790.223,-2.0465229988730904,5.730119240248236
4790.243,-2.0366770424703273,5.7283392993966755
4790.263,-2.026831042557813,5.726559604502019
4790.283,-2.0169849994145586,5.724780155243002
4790.303,-2.0071389134517106,5.723000951073831
4790.323,-1.9972927850402462,5.72122199144395
4790.343,-1.9874466147340433,5.719443275609361
4790.363,-1.9776004025862575,5.717664803581008
4790.383,-1.967754149731823,5.7158865734538935
4790.403,-1.9579097690796612,5.71410760233652
4790.423,-1.9480699186708719,5.712327082010217
4790.443,-1.9382300478544856,5.710546696619717
4790.463,-1.9283901746475896,5.708766326385858
4790.483,-1.9185502991825554,5.7069859701413534
4790.503,-1.9087104214243444,5.7052056278124095
4790.523,-1.8988705413344027,5.703425299339142
4790.543,-1.8890306588725656,5.701644984665936
4790.563,-1.8791895685626232,5.699865230055695
4790.583,-1.869343560587418,5.698087653960181
4790.603,-1.8594985820593857,5.696310611462644
4790.623,-1.8496534666234261,5.6945342667204875
4790.643,-1.8398126610057752,5.692757398236246
4790.663,-1.8299586524381573,5.690983702975432
4790.683,-1.8201150944441566,5.689206753209063
4790.703,-1.8102691200774934,5.6874299565768585
4790.723,-1.8004231097272265,5.685653328359058
4790.743,-1.790577058741397,5.683876916606544
4790.763,-1.7807309667172189,5.682100727490949
4790.783,-1.7714521941398698,5.680736981578832
4790.803,-1.7635900719908255,5.6800398866592445
4790.823,-1.7573374529618608,5.6799172064968415
4790.843,-1.7528810098540621,5.6801124181712925
4790.863,-1.7496419603372795,5.680058282858592
4790.883,-1.747125469771385,5.679247270038344
4790.903,-1.745442237355392,5.67782427940931
4790.923,-1.7446346299237412,5.6760541146255035
4790.943,-1.7445215931456628,5.67378060875553
4790.963,-1.7450421297407614,5.6712588569709
4790.983,-1.7457321099958025,5.668670359665435
4791.003,-1.7464778204398554,5.666097953452105
4791.023,-1.747271876619408,5.663517969854401
4791.043,-1.748112315385376,5.66095259156284
4791.063,-1.7489987874165354,5.658402761092485
4791.083,-1.7499310043027625,5.655869304841858
4791.103,-1.7509086637599114,5.653353042894676
4791.123,-1.7519314488508366,5.650854789688082
4791.143,-1.7529990280845082,5.648375353762605
4791.163,-1.7541110555280144,5.645915537507319
4791.183,-1.7552671709227903,5.643476136907271
4791.203,-1.7564669998048865,5.64105794129333
4791.223,-1.757710153629183,5.638661733094551
4791.243,-1.7589962298974395,5.636288287593138
4791.263,-1.7603248122900683,5.6339383726821
4791.283,-1.7616954708015196,5.631612748625616
4791.303,-1.7631077618791544,5.629312167822237
4791.323,-1.7645612285654946,5.6270373745708975
4791.343,-1.766055400643736,5.6247891048397936
4791.363,-1.7675897947864199,5.6225680860381155
4791.383,-1.7691639147071718,5.62037503679062
4791.403,-1.7707772513154343,5.618210666715019
4791.423,-1.7724292828741282,5.61607567620212
4791.443,-1.7741194751602194,5.613970756198639
4791.463,-1.7758472816281752,5.611896587992624
4791.483,-1.7776121435763361,5.609853843001375
4791.503,-1.7794134903162564,5.607843182561755
4791.523,-1.7812507393450916,5.60586525772279
4791.543,-1.7831232965211596,5.603920709040465
4791.563,-1.7850305562428086,5.602010166374584
4791.583,-1.7869719016307626,5.6001342486876595
4791.603,-1.7889467047141594,5.598293563845741
4791.623,-1.7909543266204462,5.596488708421159
4791.643,-1.7929941177693869,5.59472026749721
4791.663,-1.7950654180713732,5.592988814474773
4791.683,-1.7971675571302521,5.591294910881004
4791.703,-1.7992998544508585,5.589639106180176
4791.723,-1.8014616196513933,5.588021937586875
4791.743,-1.8025556136980818,5.5849145390696915
4791.763,-1.801715595270988,5.579149104679668
4791.783,-1.79937191206623,5.572358211148429
4791.803,-1.7955785156898336,5.56482011304274
4791.823,-1.7904098497279057,5.556591635747101
4791.843,-1.784943729596448,5.548216884973213
4791.863,-1.7793996841991182,5.539579989795641
4791.883,-1.7737990932076566,5.530794512938431
4791.903,-1.7683235638779302,5.522366981855998
4791.923,-1.7628613257291765,5.513990924831712
4791.943,-1.7574001251862703,5.505614390298123
4791.963,-1.7519389332521198,5.497237852956113
4791.983,-1.7464777475187796,5.488861312460758
4792.003,-1.7410153804909267,5.480482471362979
4792.023,-1.735554120260762,5.4721059394642175
4792.043,-1.7300929307946513,5.46372940337853
4792.063,-1.7246317482596898,5.455352863772386
4792.083,-1.7191705719726884,5.4469763205552155
4792.103,-1.7137082756150228,5.438597351534304
4792.123,-1.708244905546346,5.4302170977922
4792.143,-1.702781654052037,5.421837317213215
4792.163,-1.6973176916144324,5.413456939687368
4792.183,-1.6918560855026759,5.4050798369315665
4792.203,-1.6863947553224332,5.396703392413668
4792.223,-1.680933436671554,5.38832694249727
4792.243,-1.6754721240192691,5.379950488306944
4792.263,-1.6700108172313723,5.3715740298054
4792.283,-1.6645495162287827,5.3631975669491165
4792.303,-1.6590882209361777,5.354821099697939
4792.323,-1.6536269312818364,5.346444628015814
4792.343,-1.648165647197974,5.338068151871409
4792.363,-1.6427043686210556,5.329691671238664
4792.383,-1.6372430954920816,5.321315186097304
4792.403,-1.6317818277568397,5.312938696433257
4792.423,-1.6263205653661241,5.304562202239022
4792.443,-1.620859308275915,5.296185703513952
4792.463,-1.615398056447525,5.287809200264462
4792.483,-1.6099368098476938,5.27943269250416
4792.503,-1.6044755684486474,5.2710561802539
4792.523,-1.5990143322281107,5.262679663541757
4792.543,-1.5935531011692763,5.254303142402912
4792.563,-1.588091875260725,5.245926616879469
4792.583,-1.58263065449631,5.237550087020199
4792.603,-1.5771694388749875,5.229173552880199
4792.623,-1.571708228400613,5.220797014520494
4792.643,-1.5662470230816945,5.212420472007565
4792.663,-1.5607858229311047,5.204043925412833
4792.683,-1.555324627965762,5.195667374812056
4792.703,-1.549863438206277,5.187290820284715
4792.723,-1.5444022536765663,5.1789142619133335
4792.743,-1.5389410744034446,5.170537699782771
4792.763,-1.533479900416192,5.1621611339794855
4792.783,-1.5280187317461036,5.153784564590782
4792.803,-1.522557568426025,5.145407991704037
4792.823,-1.5170964104898783,5.13703141540593
4792.843,-1.5116352579721843,5.128654835781663
4792.863,-1.5061741109075828,5.120278252914219
4792.883,-1.5007129693303551,5.1119016668835995
4792.903,-1.4952518332739588,5.103525077766131
4792.923,-1.489790702770576,5.095148485633761
4792.943,-1.4848458241457525,5.0873051502396
4792.963,-1.48110787787423,5.08072029780218
4792.983,-1.4784736952938733,5.075726798846029
4793.003,-1.4767900102258538,5.072233563345236
4793.023,-1.4761304677337843,5.06935274281138
4793.043,-1.4764129382417186,5.066923355321419
4793.063,-1.4776156912161766,5.064942526562642
4793.083,-1.4796986386235143,5.063433023594494
4793.103,-1.4820400506466447,5.062088674499716
4793.123,-1.4844050682112355,5.060786874887714
4793.143,-1.4867931433066266,5.05952784593679
4793.163,-1.489203504191054,5.058311994638345
4793.183,-1.4916353699227491,5.057139715917589
4793.203,-1.4940879524332629,5.056011390624946
4793.223,-1.4965604568069806,5.054927385378491
4793.243,-1.4990520815494723,5.053888052429613
4793.263,-1.501562018859224,5.052893729534622
4793.283,-1.5040894549024895,5.051944739832384
4793.303,-1.5066335700908513,5.0510413917281545
4793.323,-1.5091935393610993,5.050183978783731
4793.343,-1.5117685324570387,5.0493727796140515
4793.363,-1.5143577142128666,5.048608057790234
4793.383,-1.5169602448377941,5.047890061749134
4793.403,-1.5195752802015994,5.047219024709321
4793.423,-1.52220197212085,5.046595164593483
4793.443,-1.5248394686455677,5.046018683957126
4793.463,-1.5274869143461283,5.045489769923508
4793.483,-1.5301434506002387,5.045008594124683
4793.503,-1.5328082158798653,5.044575312648531
4793.523,-1.5354803460379962,5.04419006599167
4793.543,-1.5381589745951691,5.043852979018111
4793.563,-1.540843233025698,5.0435641609235455
4793.583,-1.5435322510435676,5.043323705205166
4793.603,-1.5462251568879484,5.043131689636911
4793.623,-1.5489210776083313,5.042988176250031
4793.643,-1.5516191393492564,5.042893211318924
4793.663,-1.5543184676346231,5.04284682535214
4793.683,-1.5570166052298313,5.042846597641671
4793.703,-1.5597156594900008,5.042897091740975
4793.723,-1.562413490275544,5.042996194041304
4793.743,-1.5651090882011298,5.0431438379289135
4793.763,-1.567801578486208,5.043339975698657
4793.783,-1.5704900885891253,5.043584543069906
4793.803,-1.5731737473587923,5.043877460042608
4793.823,-1.5758516853054265,5.044218630938348
4793.843,-1.578523034881128,5.04460794443759
4793.863,-1.5814958441115774,5.043188953865256
4793.883,-1.5849862281910712,5.03852373758291
4793.903,-1.5881411625556068,5.032069731733612
4793.923,-1.590801850217338,5.02406145136337
4793.943,-1.5929804952651025,5.014591721317368
4793.963,-1.5950527478479615,5.004807941438829
4793.983,-1.596988975423872,4.9946800238957305
4794.003,-1.5989117774201238,4.984481486505072
4794.023,-1.6009649834130615,4.9746835440485455
4794.043,-1.6030241850660087,4.964892307731204
4794.063,-1.6050831637535565,4.955101032398886
4794.083,-1.6071418975398692,4.945309704121675
4794.103,-1.6092003886830897,4.935518323033877
4794.123,-1.611258637429311,4.925726889313164
4794.143,-1.6133166437472937,4.915935403176809
4794.163,-1.6153744077089751,4.906143864865236
4794.183,-1.6174319295015576,4.89635227466283
4794.203,-1.6194892093601843,4.886560632879738
4794.223,-1.621546247544699,4.876768939841228
4794.243,-1.623603044325704,4.866977195880291
4794.263,-1.6256595999755625,4.857185401332069
4794.283,-1.627715914768557,4.847393556531063
4794.303,-1.6297719892136653,4.837601661902382
4794.323,-1.631827823537073,4.827809717823144
4794.343,-1.633883418093959,4.818017724611696
4794.363,-1.635938772766584,4.808225682299457
4794.383,-1.637993888287035,4.798433591356659
4794.403,-1.6400487654807507,4.788641452468795
4794.423,-1.6421034050498124,4.778849266583283
4794.443,-1.6441578074271317,4.769057033958703
4794.463,-1.6462119747106403,4.759264756419314
4794.483,-1.6482676121036839,4.749476275125682
4794.503,-1.6503238246386316,4.739690333644756
4794.523,-1.6523799945774222,4.729904383756037
4794.543,-1.6544361506665042,4.720118431357992
4794.563,-1.6564922931652966,4.710332476547063
4794.583,-1.6585484220669984,4.700546519357676
4794.603,-1.6606045373581313,4.690760559817373
4794.623,-1.6626606733002884,4.680974598783602
4794.643,-1.6647155593545913,4.671183867169382
4794.663,-1.6667677284824693,4.661392976503428
4794.683,-1.6688210485232338,4.651602722583505
4794.703,-1.6708738809938946,4.641811935309332
4794.723,-1.6729244276934863,4.6320144042020255
4794.743,-1.6749776070914586,4.622222649555481
4794.763,-1.6770305613069734,4.612430683152684
4794.783,-1.679083322700866,4.6026386753784925
4794.803,-1.6811358705126034,4.592846623371292
4794.823,-1.6831882016173907,4.583054526644069
4794.843,-1.6852403153468833,4.573262385026949
4794.863,-1.6872922114324052,4.563470198428811
4794.883,-1.689343889707854,4.553677966794973
4794.903,-1.6913953500580408,4.543885690093708
4794.923,-1.6934475016103399,4.534095631928516
4794.943,-1.6955007367031154,4.524309056663865
4794.963,-1.6975539139176508,4.514522483839126
4794.983,-1.6996070962975744,4.504735910623242
4795.003,-1.7016602570136912,4.494949339770523
4795.023,-1.703713409937005,4.485162766430682
4795.043,-1.7057665485883582,4.475376189917502
4795.063,-1.7078196729221933,4.465589610172355
4795.083,-1.7093795063282085,4.456396439158165
4795.103,-1.7102848889389441,4.44861246951875
4795.123,-1.710892247550471,4.442447266253758
4795.143,-1.711084012198096,4.438065037222087
4795.163,-1.7112138575067497,4.434957542315904
4795.183,-1.7118873712923501,4.432686741885134
4795.203,-1.7131620707098978,4.431253410296917
4795.223,-1.7149759910643585,4.430674386653683
4795.243,-1.7172676084754577,4.43082732325743
4795.263,-1.7198499434095376,4.431533466557246
4795.283,-1.7224332749530906,4.432315006132959
4795.303,-1.7250024037933127,4.433143346083212
4795.323,-1.727556201483267,4.434017791703532
4795.343,-1.730093837265188,4.434938051176917
4795.363,-1.7326144904113068,4.435903826400832
4795.383,-1.7351173456395994,4.436914804504289
4795.403,-1.7376015933922164,4.437970657930831
4795.423,-1.7400664301239392,4.439071044590668
4795.443,-1.74251105857691,4.440215608002771
4795.463,-1.7449346880456746,4.441403977431398
4795.483,-1.7473365346350884,4.442635768020437
4795.503,-1.749715821512681,4.443910580927729
4795.523,-1.7520717791564269,4.44522800346064
4795.543,-1.7544036455985108,4.446587609213733
4795.563,-1.7567106666654346,4.447988958208965
4795.583,-1.758992096214673,4.449431597038671
4795.603,-1.7612471963680223,4.450915059011451
4795.623,-1.763475237741721,4.452438864301002
4795.643,-1.7656754996734274,4.4540025200978715
4795.663,-1.7678472704461126,4.455605520764104
4795.683,-1.7699898475089495,4.457247347990734
4795.703,-1.77210253769529,4.458927470958115
4795.723,-1.7741846574378073,4.460645346499042
4795.743,-1.7762355329809247,4.462400419264682
4795.763,-1.7782545005906432,4.4641921218933565
4795.783,-1.7802409067618779,4.466019875182218
4795.803,-1.7821941084234376,4.46788308826194
4795.823,-1.7841134731407484,4.469781158774523
4795.843,-1.7859983793164333,4.471713473054382
4795.863,-1.7878482163888236,4.47367940631288
4795.883,-1.7896623850284752,4.475678322826532
4795.903,-1.7914402973327086,4.477709576129049
4795.923,-1.793181377018172,4.479772509207475
4795.943,-1.7948850596113874,4.481866454702613
4795.963,-1.7965507926371853,4.483990735113933
4795.983,-1.7981780358049102,4.486144663009149
4796.003,-1.7997662611922096,4.488327541238634
4796.023,-1.8013149534262092,4.49053866315471
4796.043,-1.8028236098618167,4.492777312835977
4796.063,-1.804291740756879,4.49504276531662
4796.083,-1.80571886944389,4.497334286820677
4796.103,-1.8071045324979276,4.499651135001205
4796.123,-1.8084482799005046,4.501992559184142
4796.143,-1.8097496751990005,4.5043578006167175
4796.163,-1.8110082956613691,4.506746092720165
4796.183,-1.812223732425827,4.509156661346423
4796.203,-1.8151000595478233,4.510771569772749
4796.223,-1.8209287478282257,4.510945659644427
4796.243,-1.8280271964926758,4.509818101883665
4796.263,-1.8361142192656488,4.507393303594106
4796.283,-1.8451198080415585,4.503735898929657
4796.303,-1.8543194011835098,4.499813715193367
4796.323,-1.8638352732934984,4.495912168741868
4796.343,-1.8734804793335758,4.491995489495667
4796.363,-1.882726885949005,4.488080705914149
4796.383,-1.8919313839116478,4.484164984752072
4796.403,-1.901146167884679,4.48025415129268
4796.423,-1.9103584506589284,4.476343349247482
4796.443,-1.9195662521302552,4.472433102789825
4796.463,-1.9287724115045508,4.468522938549934
4796.483,-1.9379786700619699,4.464613083419001
4796.503,-1.9471856838045705,4.460703130685071
4796.523,-1.9563917247770901,4.456793325866499
4796.543,-1.965598046413161,4.452883861079643
4796.563,-1.974805202081638,4.44897430011436
4796.583,-1.9840114020582316,4.445064890113228
4796.603,-1.9932178886200995,4.441155822759812
4796.623,-2.002423490097912,4.43724671102044
4796.643,-2.0116357529749376,4.433336816259927
4796.663,-2.020847731052682,4.429426852268791
4796.683,-2.0300571938858094,4.425516122348797
4796.703,-2.039263019272693,4.421605251810096
4796.723,-2.048465847249255,4.417693752994285
4796.743,-2.057668683260182,4.413782281040608
4796.763,-2.066871523053073,4.409870818150394
4796.783,-2.0760743665894674,4.405959364118619
4796.803,-2.085277213865378,4.402047918895542
4796.823,-2.0944818778018837,4.398136560044646
4796.843,-2.1036895293500937,4.394226546842422
4796.863,-2.112895989994805,4.390315969374542
4796.883,-2.122104436241323,4.386405070354447
4796.903,-2.1308333161679576,4.382974239345323
4796.923,-2.138267079238431,4.380599177904072
4796.943,-2.1440314267371012,4.378929934803739
4796.963,-2.1480962603079012,4.3779321878349275
4796.983,-2.151134373108844,4.3776827943511005
4797.003,-2.1536012877298787,4.378242871104252
4797.023,-2.155464289627223,4.3796154165654455
4797.043,-2.1567045938157343,4.381782862460032
4797.063,-2.1576245856634926,4.384327483064701
4797.083,-2.158501543640825,4.386876347201826
4797.103,-2.159327788699073,4.3894461246101475
4797.123,-2.1601076591059036,4.392030672155554
4797.143,-2.1608408897334654,4.394628848888886
4797.163,-2.1615272423442407,4.397239810012932
4797.183,-2.162166493813895,4.399862709014485
4797.203,-2.162758436324801,4.402496695488146
4797.223,-2.1651469492186686,4.404765528015976
4797.243,-2.170751865601105,4.40635605733912
4797.263,-2.177907290684139,4.406993547832239
4797.283,-2.1863373396619736,4.406613510255536
4797.303,-2.195960866525445,4.405261701010149
4797.323,-2.205838603147264,4.4036970940154045
4797.343,-2.2160649319887673,4.402301033255582
4797.363,-2.226360769079906,4.400917813142628
4797.383,-2.2362828840196864,4.399399790897161
4797.403,-2.2461641803161254,4.397851791990919
4797.423,-2.2560427780146477,4.396300202052324
4797.443,-2.265921341854972,4.394748769349946
4797.463,-2.2757999082309426,4.393197352304197
4797.483,-2.2856784774290335,4.391645949108025
4797.503,-2.2955570494357707,4.390094559771652
4797.523,-2.30543562422733,4.388543184324733
4797.543,-2.3153142017732304,4.386991822799116
4797.563,-2.3251927820367033,4.385440475228229
4797.583,-2.33507136497508,4.383889141646595
4797.603,-2.344949950540246,4.3823378220893545
4797.623,-2.354828538679141,4.380786516591791
4797.643,-2.364707129334309,4.3792352251888635
4797.663,-2.374585722444492,4.377683947914739
4797.683,-2.384464317945258,4.376132684802347
4797.703,-2.3943429157696685,4.374581435882955
4797.723,-2.404221515848957,4.373030201185748
4797.743,-2.4141001181132307,4.371478980737467
4797.763,-2.4239787224921914,4.369927774562035
4797.783,-2.433857328915844,4.368376582680252
4797.803,-2.4437359373152114,4.366825405109507
4797.823,-2.453614547623037,4.365274241863531
4797.843,-2.4634931597744667,4.3637230929521955
4797.863,-2.4733717737077106,4.362171958381341
4797.883,-2.4832503893646676,4.360620838152665
4797.903,-2.49313017046777,4.35907041001207
4797.923,-2.503011092930423,4.357520903452306
4797.943,-2.5128897280756646,4.355969940083518
4797.963,-2.522768367410872,4.35441898635003
4797.983,-2.532647008279631,4.352868046888533
4798.003,-2.542525650626622,4.351317121716081
4798.023,-2.5524042944332184,4.349766210804823
4798.043,-2.5622894069080324,4.348219878628004
4798.063,-2.572167470926426,4.346669936158092
4798.083,-2.58204617215448,4.345119394172729
4798.103,-2.59192487481321,4.343568871534751
4798.123,-2.6018035789155864,4.342018363176339
4798.143,-2.6116822844881176,4.340467869001887
4798.163,-2.621560991562524,4.338917388957194
4798.183,-2.631439700176727,4.337366922987889
4798.203,-2.641318410374511,4.335816471039471
4798.223,-2.65119835035692,4.334266363986977
4798.243,-2.661082164050586,4.332721547663437
4798.263,-2.6709629772352708,4.331173344765799
4798.283,-2.6808421972114664,4.329626766462548
4798.303,-2.690721007605373,4.328076880482619
4798.323,-2.700599817466374,4.3265270721047715
4798.343,-2.7104849655360774,4.324980804701659
4798.363,-2.720372430014003,4.323435640303817
4798.383,-2.730256658953991,4.321888452952709
4798.403,-2.740146410959178,4.320345165139948
4798.423,-2.7500319905758888,4.31879906890499
4798.443,-2.759917637035002,4.317253223384159
4798.463,-2.769803326847482,4.315707656589838
4798.483,-2.779689058197824,4.314162353882067
4798.503,-2.7895748303939363,4.312617312507847
4798.523,-2.799460642648769,4.311072531323534
4798.543,-2.8093464935009442,4.309528008825868
4798.563,-2.819232380892029,4.307983743062755
4798.583,-2.8291183007966323,4.306439729858369
4798.603,-2.8390042449593142,4.304895960470025
4798.623,-2.8488901923168357,4.303352395122596
4798.643,-2.8587695961605024,4.301805859675098
4798.663,-2.868648985589306,4.30025970129824
4798.683,-2.8785283782558957,4.298713561561229
4798.703,-2.888407773756873,4.297167435676186
4798.723,-2.8982871720847996,4.295621323619624
4798.743,-2.9081665732286206,4.294075225415645
4798.763,-2.9180459771702543,4.292529141091647
4798.783,-2.9279253838847676,4.290983070677458
4798.803,-2.9378047933406535,4.289437014204889
4798.823,-2.9476842055001717,4.287890971707254
4798.843,-2.9575636203197524,4.286344943218904
4798.863,-2.9674430377504524,4.284798928774733
4798.883,-2.976762510041905,4.283657260694271
4798.903,-2.9847113070102886,4.283028460846948
4798.923,-2.9909497956767215,4.282705781400948
4798.943,-2.9954217222506507,4.282522337813059
4798.963,-2.998863031055234,4.282711540626625
4798.983,-3.00160647930264,4.283483754863778
4799.003,-3.003621049129393,4.284841596292847
4799.023,-3.0048995535615117,4.286781979631215
4799.043,-3.0054587857501835,4.289269759794692
4799.063,-3.0057024386456983,4.29195927719502
4799.083,-3.005898618119762,4.294651807255828
4799.103,-3.006046324366578,4.297347483997014
4799.123,-3.006145488037763,4.3000453832524235
4799.143,-3.0061960766720923,4.302744630042439
4799.163,-3.006200910809883,4.305442915450345
4799.183,-3.006168599046024,4.308138326741622
4799.203,-3.0060858388036387,4.3108330263150005
4799.223,-3.0059566872914827,4.313525124503689
4799.243,-3.0057790416180254,4.316214382695752
4799.263,-3.0055510350920462,4.318899981338132
4799.283,-3.0052768076187166,4.321580440916976
4799.303,-3.006807277708683,4.3244966785721255
4799.323,-3.011601478213841,4.327808173735257
4799.343,-3.0181709141248745,4.330717261261866
4799.363,-3.0262749079533036,4.333073874460653
4799.383,-3.0358207888916198,4.3348938761479285
4799.403,-3.0456757349819426,4.3365960275179845
4799.423,-3.055878335169101,4.338139024519236
4799.443,-3.06615198939472,4.339663349593867
4799.463,-3.0760189020295243,4.341343604254273
4799.483,-3.0858811424971218,4.343031358033847
4799.503,-3.0957433918254025,4.34471908531338
4799.523,-3.105605680654464,4.3464065944189345
4799.543,-3.1154680107962602,4.348093860388231
4799.563,-3.1253303824602208,4.349780878994022
4799.583,-3.13519279560249,4.351467649284579
4799.603,-3.145055250073468,4.353154171086556
4799.623,-3.154917745550486,4.3548404446743465
4799.643,-3.1647802821716597,4.356526469665244
4799.663,-3.1746428597667835,4.358212246526342
4799.683,-3.184505477908885,4.359897775451442
4799.703,-3.194368136118637,4.3615830571117415
4799.723,-3.2042308338682877,4.363268092194181
4799.743,-3.2140935709884064,4.364952880761138
4799.763,-3.223956346552505,4.366637424487608
4799.783,-3.2338165838256234,4.3683230428228805
4799.803,-3.243672919042356,4.370009936628902
4799.823,-3.253529266457335,4.37169673936563
4799.843,-3.263385615617385,4.3733835268347665
4799.863,-3.2732419664641967,4.375070299775859
4799.883,-3.2825369700719063,4.376356814227979
4799.903,-3.2904722901348378,4.3771457290556475
4799.923,-3.2966917142136727,4.37758779912487
4799.943,-3.3011629851920685,4.37786460820184
4799.963,-3.3047552114707877,4.377718337018173
4799.983,-3.3078270517422985,4.377012005757317
4800.003,-3.3103695675972067,4.3757463156788114
4800.023,-3.3123357849725408,4.37392454423129
4800.043,-3.313761716744745,4.371569007077562
4800.063,-3.3146611305163662,4.36875960158691
4800.083,-3.315307005041094,4.3658865074749205
4800.103,-3.3156361147413995,4.363132181462076
4800.123,-3.315874976645262,4.360385291072663
4800.143,-3.3159532737163024,4.3576868637256725
4800.163,-3.315983013677715,4.3549873122975935
4800.183,-3.3159667294234456,4.352288926208928
4800.203,-3.315899563005712,4.349590102289592
4800.223,-3.3157838308779395,4.346892928031515
4800.243,-3.3156195718696813,4.344198282191022
4800.263,-3.3154068394581624,4.3415070381416045
4800.283,-3.315145703062861,4.338820068046394
4800.303,-3.3148362478079236,4.336138242600575
4800.323,-3.3144785744861878,4.333462430749587
4800.343,-3.314072799520377,4.330793499408064
4800.363,-3.3136190549193048,4.328132313179886
4800.383,-3.3131174882291203,4.325479734079318
4800.403,-3.3125682624795836,4.322836621253365
4800.423,-3.3138059573877494,4.319783907455538
4800.443,-3.318252913465205,4.31601933791753
4800.463,-3.3245055909614,4.312482052873524
4800.483,-3.3323394455065056,4.309344672099782
4800.503,-3.3416610438068237,4.3066005505988345
4800.523,-3.3513025013520767,4.303943758343885
4800.543,-3.361280665571454,4.301386340074772
4800.563,-3.371376660843228,4.298834418362282
4800.583,-3.381080313526071,4.296205866774926
4800.603,-3.3907356865215648,4.293571479809702
4800.623,-3.4003923231927864,4.290931770644954
4800.643,-3.4100467058162836,4.2882916974409415
4800.663,-3.419703835059291,4.2856516772460695
4800.683,-3.429352904148961,4.283010678730803
4800.703,-3.438996927504827,4.280366843626356
4800.723,-3.448640790977134,4.277723321080796
4800.743,-3.458284661365862,4.275079818443975
4800.763,-3.4679285353021694,4.272436327707756
4800.783,-3.4775724127938177,4.269792848765712
4800.803,-3.487216293879118,4.2671493815884345
4800.823,-3.4968601785938227,4.264505926154531
4800.843,-3.506504066970405,4.261862482449868
4800.863,-3.516147959037704,4.259219050467365
4800.883,-3.5257918548205978,4.25657563020674
4800.903,-3.5354357543397263,4.2539322216742175
4800.923,-3.5450796576112578,4.251288824882159
4800.943,-3.554723564646698,4.24864543984868
4800.963,-3.5643674754527486,4.246002066597202
4800.983,-3.574011390031217,4.243358705155963
4801.003,-3.5836553083789764,4.2407153555575094
4801.023,-3.5932992304879674,4.238072017838145
4801.043,-3.6029431563452654,4.235428692037354
4801.063,-3.6125870859331832,4.232785378197209
4801.083,-3.622231019229435,4.2301420763617505
4801.103,-3.6318749562073354,4.227498786576376
4801.123,-3.6415188968360495,4.224855508887212
4801.143,-3.6511628410808865,4.222212243340481
4801.163,-3.660251818752839,4.220064824339838
4801.183,-3.6680200793404145,4.21865793249007
4801.203,-3.674079236050515,4.217711094237198
4801.223,-3.6783841037179004,4.217233069881762
4801.243,-3.6815935383411604,4.217249239827575
4801.263,-3.6841341567254764,4.217967462287802
4801.283,-3.685990003693932,4.219382161391264
4801.303,-3.6871482704826537,4.221481227844069
4801.323,-3.687760203777416,4.224088118615436
4801.343,-3.688292507695651,4.226731784271125
4801.363,-3.688774329738384,4.22938806927278
4801.383,-3.6892082759616507,4.232052658506671
4801.403,-3.689594194497275,4.234724632425028
4801.423,-3.689931959710275,4.237403124154931
4801.443,-3.690221461724488,4.240087265182404
4801.463,-3.6904626063653305,4.242776185195801
4801.483,-3.690655315186673,4.245469012372521
4801.503,-3.690799525492659,4.248164873668627
4801.523,-3.690895190353784,4.250862895107794
4801.543,-3.690942278617352,4.253562202069472
4801.563,-3.690943683442354,4.256260602521482
4801.583,-3.6909079992922185,4.25895595528131
4801.603,-3.6908237427355144,4.26165025090423
4801.623,-3.690689030348828,4.264342594183953
4801.643,-3.6905079712847444,4.267031424451598
4801.663,-3.6902784814738916,4.269716493338708
4801.683,-3.6899987102981,4.272396957435345
4801.703,-3.691561834358724,4.27531657785148
4801.723,-3.6963796310695534,4.278631305799998
4801.743,-3.7029645973199687,4.281540681653796
4801.763,-3.7110849720860632,4.283899007866203
4801.783,-3.7206406608814264,4.285724526459539
4801.803,-3.730493957747674,4.2874370112833375
4801.823,-3.740666610435059,4.289003778696007
4801.843,-3.7510099938563557,4.290502394225403
4801.863,-3.760892100933243,4.292174255466702
4801.883,-3.7707528779337176,4.293870559032753
4801.903,-3.780613693227181,4.29556658029413
4801.923,-3.790474555750228,4.297262348789164
4801.943,-3.800335463075399,4.298957863285249
4801.963,-3.8101964136901296,4.300653125691705
4801.983,-3.8200574066412143,4.3023481376396235
4802.003,-3.8299184412845926,4.304042900268599
4802.023,-3.8397795174741014,4.305737413889489
4802.043,-3.8490439840823227,4.3070441905018955
4802.063,-3.856967230277666,4.307831284636856
4802.083,-3.8631744605488376,4.308270218168053
4802.103,-3.8676330551599576,4.308532119210076
4802.123,-3.8711692588230098,4.3083836863775735
4802.143,-3.8741688883975174,4.307670130377539
4802.163,-3.8766898920976085,4.306379288137793
4802.183,-3.878672671795815,4.304533559471951
4802.203,-3.880105396418671,4.302151911587984
4802.223,-3.880964654374836,4.299337232863014
4802.243,-3.8817110169006805,4.296404676573398
4802.263,-3.8822921919862927,4.293508150034758
4802.283,-3.882729759811654,4.290678214995892
4802.303,-3.8831523439030837,4.287803586822697
4802.323,-3.883500853016886,4.284948303655312
4802.343,-3.883863539526515,4.282039793928147
4802.363,-3.8842395272787034,4.279061253915797
4802.383,-3.8845276224491774,4.276100679597703
4802.403,-3.8847349815268455,4.273163271741831
4802.423,-3.884877183637847,4.270245880711582
4802.443,-3.8849429577626315,4.267319218399468
4802.463,-3.88492096792343,4.2644334950334635
4802.483,-3.884899436002002,4.261503245380872
4802.503,-3.884806139659162,4.25856281018273
4802.523,-3.8846740398820345,4.255620884461765
4802.543,-3.884376624734198,4.2527890530419326
4802.563,-3.8838434936742274,4.250118073350235
4802.583,-3.8832037404009023,4.247500742625279
4802.603,-3.8843572388002214,4.24439741996104
4802.623,-3.8886826111903643,4.240462677678668
4802.643,-3.8948141795364646,4.236690520373187
4802.663,-3.9025415075587966,4.233256984520237
4802.683,-3.911764496788702,4.230150568104749
4802.703,-3.9212960372225596,4.227122558626106
4802.723,-3.9311314440717435,4.22416452746603
4802.743,-3.9411312882038096,4.221224383746592
4802.763,-3.950692146162037,4.218224339252334
4802.783,-3.960235981975093,4.215210396586149
4802.803,-3.9697704014493884,4.212194615041073
4802.823,-3.979303564597617,4.209176154437122
4802.843,-3.9888367374034366,4.206157745980056
4802.863,-3.9983699134027644,4.203139349342248
4802.883,-4.007359773796737,4.200633064907835
4802.903,-4.015021211270173,4.19895499937665
4802.923,-4.020997142757334,4.197821561733175
4802.943,-4.0252206915809,4.197196585057412
4802.963,-4.028412243945232,4.197115210288734
4802.983,-4.030967474163288,4.1977365257399235
4803.003,-4.032858272118259,4.199095181282176
4803.023,-4.034078933997571,4.201172881566045
4803.043,-4.034758659059857,4.203786445941008
4803.063,-4.0353910619439235,4.2064106152325405
4803.083,-4.035976134177567,4.209046139140306
4803.103,-4.036513677557539,4.211691775572718
4803.123,-4.0370035174828365,4.2143466634211615
4803.143,-4.037445494731855,4.217009941829697
4803.163,-4.037839465648963,4.2196807472606
4803.183,-4.038185302193559,4.222358213756636
4803.203,-4.038482891979967,4.225041473230195
4803.223,-4.038732138311301,4.227729655752295
4803.243,-4.038932960207529,4.2304218898410895
4803.263,-4.039085292427828,4.233117302749847
4803.283,-4.039189085487331,4.235815020754371
4803.303,-4.039244305668402,4.2385141694397985
4803.323,-4.039251709522176,4.241213085459733
4803.343,-4.039224105672709,4.243908270892312
4803.363,-4.039147957685846,4.246602834098805
4803.383,-4.039021353252453,4.249295605381269
4803.403,-4.038848392226607,4.251985002264473
4803.423,-4.038626989321803,4.254670782404075
4803.443,-4.03835529138975,4.257352105792448
4803.463,-4.038037450900035,4.260027533619394
4803.483,-4.037671426455754,4.262696771432057
4803.503,-4.037255417431217,4.265358927981047
4803.523,-4.036793620294208,4.268012661221094
4803.543,-4.036284027567267,4.270657623603332
4803.563,-4.03572491419466,4.273292919504913
4803.583,-4.035120497379033,4.275917288065932
4803.603,-4.034468809916689,4.278530342372143
4803.623,-4.033768204881719,4.281131160282753
4803.643,-4.033022911870907,4.283718575815705
4803.663,-4.032231010524862,4.286292163399341
4803.683,-4.031390934703717,4.2888509784082585
4803.703,-4.030506915239124,4.291393951204624
4803.723,-4.02957708565014,4.293920620058156
4803.743,-4.028599962412534,4.296430021873586
4803.763,-4.027579768000617,4.298921184994795
4803.783,-4.026508970524687,4.301394196601134
4803.803,-4.025385905548477,4.303848966224952
4803.823,-4.02478092339145,4.305781815266156
4803.843,-4.025206431215885,4.306871828485966
4803.863,-4.02658660951492,4.307143562059006
4803.883,-4.028713317386912,4.30650216617099
4803.903,-4.0304633987794665,4.304961178194551
4803.923,-4.031683112493383,4.302647491437514
4803.943,-4.033021640712837,4.300140444751206
4803.963,-4.0344434217780325,4.297566552996409
4803.983,-4.035655566179618,4.295048932331054
4804.003,-4.036967324055711,4.292430201906625
4804.023,-4.038344371772838,4.289745345747556
4804.043,-4.039593104783667,4.287070889720325
4804.063,-4.040589570075877,4.284428060348795
4804.083,-4.041545205632006,4.281768745750708
4804.103,-4.042614385073347,4.27900982136714
4804.123,-4.043691657877821,4.276250903617632
4804.143,-4.044673999046738,4.273454990182779
4804.163,-4.045623120906824,4.2706547124272305
4804.183,-4.046490508352566,4.267833767278085
4804.203,-4.046950573315477,4.265139231694266
4804.223,-4.047303792329233,4.2624627839283304
4804.243,-4.047608792294008,4.259780309672343
4804.263,-4.047865460829546,4.2570927825917595
4804.283,-4.04807371472044,4.2544010745808025
4804.303,-4.048233486571066,4.251706057940333
4804.323,-4.048344724717436,4.249008605977312
4804.343,-4.048407393238224,4.246309592729718
4804.363,-4.0487992729829765,4.24428201003448
4804.383,-4.0496723950989395,4.243513346019851
4804.403,-4.049890586935069,4.243381904037233
4804.423,-4.0498905885100935,4.24338201573948
4804.443,-4.049890589008364,4.243382054190266
4804.463,-4.049890589173486,4.243382069532489
4804.483,-4.049890589218435,4.243382074363139
4804.503,-4.049890589217884,4.243382074416045
4804.523,-4.049890589199264,4.243382072352727
4804.543,-4.04989058917311,4.24338206940659
4804.563,-4.049890589143641,4.243382066146464
4804.583,-4.049890589112616,4.243382062831985
4804.603,-4.049890589080797,4.243382059579058
4804.623,-4.049890589048521,4.243382056436901
4804.643,-4.049890589015946,4.2433820534239315
4804.663,-4.049890588983148,4.243382050544459
4804.683,-4.049890588950167,4.243382047796454
4804.703,-4.049890588917026,4.2433820451751645
4804.723,-4.049890588883741,4.243382042674764
4804.743,-4.04989058885032,4.243382040289142
4804.763,-4.049890588816772,4.243382038012229
4804.783,-4.0498905887831045,4.243382035838158
4804.803,-4.049890588749325,4.243382033761319
4804.823,-4.049890588715442,4.243382031776389
4804.843,-4.04989058868146,4.243382029878317
4804.863,-4.049890588647378,4.243382028062329
4804.883,-4.04989058861321,4.243382026323907
4804.903,-4.049890588578956,4.243382024658783
4804.923,-4.049890588544625,4.243382023062923
4804.943,-4.049890588510218,4.243382021532511
4804.963,-4.051758543363117,4.243372328905888
4804.983,-4.05718497190461,4.243344238751592
4805.003,-4.066087807880835,4.2432981584174705
4805.023,-4.076083480361586,4.243246410126624
4805.043,-4.0860832077656815,4.243194637528219
4805.063,-4.096086680573952,4.243142844957599
4805.083,-4.106089192238936,4.243091617056252
4805.103,-4.116612062890987,4.243068348573963
4805.123,-4.127713082326008,4.243049374006145
4805.143,-4.137904690616241,4.24300045512737
4805.163,-4.1480167155660315,4.242974563691591
4805.183,-4.158036256307297,4.242935642404303
4805.203,-4.168041793187997,4.242892635605463
4805.223,-4.178045201547079,4.242848374847205
4805.243,-4.188050344837273,4.242808200137795
4805.263,-4.198056895815801,4.2427659352221685
4805.283,-4.208067166576596,4.242727682069558
4805.303,-4.21806651252832,4.242681179574835
4805.323,-4.228066075393193,4.242633928224976
4805.343,-4.238065638111473,4.242586698406725
4805.363,-4.248065201658779,4.242539485912219
4805.383,-4.258064766082058,4.242492290699911
4805.403,-4.268064331409278,4.24244511276632
4805.423,-4.27806389765909,4.242397952108494
4805.443,-4.288063464840802,4.242350808723648
4805.463,-4.298063032954338,4.242303682609167
4805.483,-4.3080626019902954,4.24225657376259
4805.503,-4.318062171930077,4.242209482181615
4805.523,-4.328061742746121,4.242162407864095
4805.543,-4.338061314402222,4.242115350808026
4805.563,-4.348060886853924,4.242068311011559
4805.583,-4.358060460049009,4.242021288472982
4805.603,-4.368060033928046,4.241974283190731
4805.623,-4.378059608425029,4.241927295163379
4805.643,-4.388059183468048,4.241880324389633
4805.663,-4.398058758980056,4.24183337086834
4805.683,-4.408058334879657,4.24178643459847
4805.703,-4.4180579110819425,4.241739515579128
4805.723,-4.428057487499371,4.241692613809534
4805.743,-4.438057064042658,4.241645729289042
4805.763,-4.448056640621699,4.241598862017109
4805.783,-4.458057190616127,4.241552925091976
4805.803,-4.468066889292862,4.241515151247189
4805.823,-4.478070463342969,4.241472704058938
4805.843,-4.4880808163206085,4.241435469313804
4805.863,-4.49808394706867,4.241393081858631
4805.883,-4.508095208981251,4.241356689991581
4805.903,-4.518101935554402,4.241317182044944
4805.923,-4.528109503415167,4.241278556593274
4805.943,-4.538113746526472,4.241239630502753
4805.963,-4.54811333981404,4.2411952353146685
4805.983,-4.558112923075507,4.241150850004342
4806.003,-4.568112505382264,4.241106482000331
4806.023,-4.57811208681079,4.241062131359289
4806.043,-4.588111667347502,4.241017798080116
4806.063,-4.598111246986597,4.240973482161411
4806.083,-4.608110825731224,4.240929183601906
4806.103,-4.618110403885489,4.240884904760881
4806.123,-4.628115897978268,4.240847351189773
4806.143,-4.638118897888116,4.240808830403959
4806.163,-4.6481242567861205,4.240769784323237
4806.183,-4.658126149165712,4.24072825972754
4806.203,-4.668129722317023,4.240688742630936
4806.223,-4.678137602591897,4.240654033780909
4806.243,-4.688143950293361,4.240617131960149
4806.263,-4.698148633142462,4.240579912980996
4806.283,-4.708151841383657,4.240541442878807
4806.303,-4.718156352268913,4.240504697801705
4806.323,-4.728160264535046,4.2404672007114055
4806.343,-4.738164766607243,4.240430562714518
4806.363,-4.748167877555586,4.240393156868443
4806.383,-4.758172346265501,4.240357109192111
4806.403,-4.76817621275083,4.240320361544994
4806.423,-4.778180704282736,4.240284455072122
4806.443,-4.788183803946925,4.2402477826514495
4806.463,-4.79818833390844,4.240212452701354
4806.483,-4.808192294360005,4.240176384420982
4806.503,-4.818201605281494,4.240144552241123
4806.523,-4.828208278669241,4.240111583570024
4806.543,-4.8382136269595355,4.2400784115187085
4806.563,-4.848219028665024,4.240044316449943
4806.583,-4.858224352400218,4.240009818600233
4806.603,-4.868228964856593,4.23997534166296
4806.623,-4.878230180922011,4.2399382771120635
4806.643,-4.888229779236035,4.239899207411996
4806.663,-4.898229379585761,4.23986015573109
4806.683,-4.90822898087475,4.239821121584921
4806.703,-4.918228583097338,4.239782104969468
4806.723,-4.928228186250988,4.239743105882725
4806.743,-4.938227790324033,4.239704124322797
4806.763,-4.948227395295687,4.239665160287911
4806.783,-4.958227001136283,4.239626213776404
4806.803,-4.968226607807606,4.239587284786723
4806.823,-4.9782262152633,4.239548373317438
4806.843,-4.988225823449366,4.239509479367229
4806.863,-4.998225432304718,4.239470602934889
4806.883,-5.008225041761835,4.239431744019322
4806.903,-5.018224651747442,4.239392902619546
4806.923,-5.028224262183276,4.239354078734684
4806.943,-5.038223872986888,4.239315272363973
4806.963,-5.048230545224623,4.239282676147339
4806.983,-5.0582326528075425,4.239246364602466
4807.003,-5.068237711555604,4.239213728754422
4807.023,-5.078239544240534,4.239177525889851
4807.043,-5.088239158055624,4.239139596043878
4807.063,-5.098238773534113,4.239101684930777
4807.083,-5.108238388707072,4.239063791420803
4807.103,-5.118238003473815,4.2390259154974625
4807.123,-5.12823761775777,4.238988057158012
4807.143,-5.138237231487009,4.238950216400101
4807.163,-5.148236844594814,4.238912393221604
4807.183,-5.158236457020383,4.238874587620598
4807.203,-5.168236068709497,4.238836799595359
4807.223,-5.1782356796151126,4.238799029144342
4807.243,-5.188235289697874,4.238761276266178
4807.263,-5.198234898926558,4.238723540959645
4807.283,-5.2082345072784175,4.238685823223677
4807.303,-5.218234114739457,4.238648123057337
4807.323,-5.228233721304606,4.238610440459814
4807.343,-5.238234662399288,4.238573833511105
4807.363,-5.248236525408178,4.238541021159574
4807.383,-5.258236106536478,4.238503397288033
4807.403,-5.268235711444759,4.238465988697446
4807.423,-5.278235316055103,4.238428599775163
4807.443,-5.2882349198470555,4.238391228502517
4807.463,-5.298234522873746,4.238353874859072
4807.483,-5.308234125201345,4.2383165388413415
4807.503,-5.318240348419966,4.238283688608128
4807.523,-5.328252913925937,4.238254037867794
4807.543,-5.338256947473357,4.238224762869395
4807.563,-5.3482619761814485,4.238193801162424
4807.583,-5.358266133438443,4.238164177364331
4807.603,-5.368271671002153,4.238132245457914
4807.623,-5.3782770144638725,4.238100843231081
4807.643,-5.388281964215737,4.238070549516359
4807.663,-5.398288614937545,4.238039419417607
4807.683,-5.408295263557547,4.238008631579773
4807.703,-5.418301909466803,4.237978154013221
4807.723,-5.428308551790719,4.237947980111767
4807.743,-5.438315188086702,4.237918105532892
4807.763,-5.448321814188651,4.237888522916069
4807.783,-5.458328419122634,4.237859200027234
4807.803,-5.468328844244217,4.237825782705517
4807.823,-5.47832846314941,4.237792348088157
4807.843,-5.488328081619595,4.237758940301868
4807.863,-5.4983277008486775,4.237725550450616
4807.883,-5.508327320892461,4.2376921784520505
4807.903,-5.518326941785827,4.237658824302253
4807.923,-5.528326563554416,4.237625487998211
4807.943,-5.5383261862145545,4.2375921695371
4807.963,-5.548325809773164,4.23755886891627
4807.983,-5.5583254342277515,4.237525586133242
4808.003,-5.568325059566491,4.237492321185703
4808.023,-5.578324685768396,4.237459074071501
4808.043,-5.588324312803575,4.237425844788643
4808.063,-5.598323940633584,4.23739263333529
4808.083,-5.608323569211855,4.237359439709753
4808.103,-5.618323198484199,4.237326263910496
4808.123,-5.628322828389396,4.237293105936131
4808.143,-5.638322458859834,4.237259965785407
4808.163,-5.64832208982223,4.237226843457227
4808.183,-5.65832172119839,4.237193738950623
4808.203,-5.668321352906026,4.2371606522647705
4808.223,-5.678320984859609,4.237127583398981
4808.243,-5.688320616971244,4.237094532352698
4808.263,-5.698320249151586,4.237061499125498
4808.283,-5.708319881310754,4.23702848371708
4808.303,-5.718319513359246,4.236995486127269
4808.323,-5.728319145208868,4.236962506356019
4808.343,-5.73831877677363,4.2369295444033845
4808.363,-5.748320907929818,4.236899494801554
4808.383,-5.7583222404523635,4.236868476283413
4808.403,-5.768332754435293,4.23684275551582
4808.423,-5.778342102585435,4.236816873303112
4808.443,-5.788343511104976,4.23678677841076
4808.463,-5.79835201575118,4.236761611040676
4808.483,-5.808354025644146,4.236733156959896
4808.503,-5.818353655598367,4.236701581880139
4808.523,-5.828353286318056,4.236670065617712
4808.543,-5.8383529161642445,4.236638567631195
4808.563,-5.848352545105917,4.236607087576271
4808.583,-5.858352173139433,4.236575625449604
4808.603,-5.868353119633612,4.236545312534434
4808.623,-5.878354906052518,4.236518179208346
4808.643,-5.888354567868584,4.236486851767479
4808.663,-5.8983541947496025,4.236455660214275
4808.683,-5.908353820389562,4.236424487694468
4808.703,-5.918353445212253,4.236393333173088
4808.723,-5.9283530692816715,4.236362196638244
4808.743,-5.938356556585348,4.236335513184927
4808.763,-5.948366532717975,4.23631261698542
4808.783,-5.958371697079578,4.236286441818766
4808.803,-5.968378260302397,4.236260598793993
4808.823,-5.978384825833618,4.236235022910791
4808.843,-5.988391385433088,4.2362097529869835
4808.863,-5.99839793735919,4.236184792762249
4808.883,-6.0084044805634615,4.236160142565494
4808.903,-6.018411014104295,4.236135802213407
4808.923,-6.028417536980044,4.23611177108402
4808.943,-6.038424047837213,4.236088048092204
4808.963,-6.0484305450059255,4.236064631609021
4808.983,-6.05843702596831,4.236041517647318
4809.003,-6.06844348569829,4.236018696636446
4809.023,-6.078449308427987,4.235995679476688
4809.043,-6.088449015092936,4.235968497324748
4809.063,-6.097862013408415,4.235959128105339
4809.083,-6.105870960466334,4.235964886808146
4809.103,-6.112186447652629,4.235968743675008
4809.123,-6.116844311526714,4.236010914744238
4809.143,-6.120665315583915,4.236412575700866
4809.163,-6.123734681049109,4.237263028460064
4809.183,-6.1260288541175605,4.238542757892725
4809.203,-6.127571290853778,4.240276936377946
4809.223,-6.128328351518573,4.242440996917012
4809.243,-6.128354920653683,4.245031187611398
4809.263,-6.127954839684772,4.247837969321561
4809.283,-6.127478968091634,4.250668472782142
4809.303,-6.126952586899262,4.253480233602701
4809.323,-6.126526096587682,4.256204292491047
4809.343,-6.126142041748432,4.258875960353294
4809.363,-6.125709860484255,4.261540730896319
4809.383,-6.125229788471853,4.2641972862260085
4809.403,-6.124701982703859,4.266844761930159
4809.423,-6.124126614694635,4.269482300441338
4809.443,-6.123503871344372,4.272109047529203
4809.463,-6.122833954881197,4.274724152542296
4809.483,-6.122117082789527,4.277326768680229
4809.503,-6.121353487733572,4.279916053264598
4809.523,-6.120543417476161,4.282491168008288
4809.543,-6.1196871347928266,4.285051279283093
4809.563,-6.1187849173813245,4.2875955583855045
4809.583,-6.117837057766533,4.290123181800643
4809.603,-6.116843863200852,4.292633331464174
4809.623,-6.115805655560159,4.295125195022113
4809.643,-6.114722771235382,4.297597966088449
4809.663,-6.113595561019814,4.300050844500429
4809.683,-6.1124243899922135,4.302483036571445
4809.703,-6.111209637395839,4.304893755341386
4809.723,-6.109951696513503,4.30728222082441
4809.743,-6.108650974538771,4.309647660254019
4809.763,-6.107307892443424,4.311989308325358
4809.783,-6.105922884841305,4.314306407434738
4809.803,-6.10449639984867,4.316598207916259
4809.823,-6.103028898941175,4.318863968275573
4809.843,-6.1015208568075865,4.321102955420736
4809.863,-6.09997276120034,4.323314444890189
4809.883,-6.098385112783018,4.3254977210778724
4809.903,-6.096758424974832,4.327652077455533
4809.923,-6.09509322379213,4.329776816792285
4809.943,-6.094847525271516,4.333061697059095
4809.963,-6.097161895201409,4.338408657701949
4809.983,-6.101195335544087,4.344353515217602
4810.003,-6.106823181412725,4.350641727546154
4810.023,-6.113958649876013,4.35723781783908
4810.043,-6.121419400803926,4.36389749350082
4810.063,-6.129084774219455,4.370711711664124
4810.083,-6.13684918900548,4.377603650197901
4810.103,-6.144346391281274,4.384288051306974
4810.123,-6.151807760569061,4.390954656047057
4810.143,-6.159268089038223,4.397613072407758
4810.163,-6.166728410652433,4.4042714902679
4810.183,-6.17418873298633,4.410929906640938
4810.203,-6.181649056157691,4.417588321478834
4810.223,-6.189109380224766,4.424246734747614
4810.243,-6.196569705248167,4.430905146415732
4810.263,-6.204034046660191,4.4375683938764565
4810.283,-6.2114945691396075,4.444226641363842
4810.303,-6.218954903446276,4.4508850419102535
4810.323,-6.226415237290262,4.4575434420469096
4810.343,-6.233875572399865,4.464201840482951
4810.363,-6.241335908855694,4.470860237195417
4810.383,-6.248796246722125,4.477518632175627
4810.403,-6.2562565860614345,4.484177025418742
4810.423,-6.263716926933356,4.490835416923674
4810.443,-6.271177269394518,4.497493806693067
4810.463,-6.278637613497898,4.50415219473324
4810.483,-6.286097959292334,4.510810581054071
4810.503,-6.29302351694251,4.51693804726881
4810.523,-6.298662143678273,4.521794937291843
4810.543,-6.302831560167911,4.52524109866535
4810.563,-6.305491151388974,4.528106576539401
4810.583,-6.306940155208489,4.530723315780471
4810.603,-6.307326077217167,4.533165251030469
4810.623,-6.306705755852467,4.5353972718229665
4810.643,-6.305108265065412,4.537397666674997
4810.663,-6.303192037321704,4.539299446829506
4810.683,-6.301241558599557,4.541165778015849
4810.703,-6.299257801612513,4.542996706065285
4810.723,-6.2972414066837095,4.544791644260497
4810.743,-6.295193025928157,4.546550011277272
4810.763,-6.293113321893536,4.548271237438389
4810.783,-6.2910029673517185,4.549954764961976
4810.803,-6.288862645094185,4.5516000481475265
4810.823,-6.28669304772281,4.553206553559276
4810.843,-6.284494877435846,4.554773760207422
4810.863,-6.282268845808886,4.55630115972693
4810.883,-6.280015673570768,4.557788256553691
4810.903,-6.2777360903743515,4.559234568097724
4810.923,-6.275430834562183,4.560639624913128
4810.943,-6.273100652927127,4.5620029708643965
4810.963,-6.270746300468094,4.563324163288803
4810.983,-6.268368540141037,4.564602773154479
4811.003,-6.265968142605463,4.565838385213846
4811.023,-6.263545885966739,4.567030598152093
4811.043,-6.261102555514491,4.568179024730408
4811.063,-6.258638943457453,4.5692832919236785
4811.083,-6.25615584865513,4.570343041052471
4811.103,-6.25365407634662,4.571357927909082
4811.123,-6.251134437876957,4.572327622877518
4811.143,-6.24859775042138,4.5732518110473235
4811.163,-6.24665308394913,4.575911065407104
4811.183,-6.245792696220253,4.581673444073506
4811.203,-6.246075910771307,4.588851641956155
4811.223,-6.247531382249508,4.597163778337597
4811.243,-6.250104369809917,4.6065340331107345
4811.263,-6.25291993028101,4.616130355997694
4811.283,-6.255645227243865,4.626061125659796
4811.303,-6.258368632042268,4.636112133167113
4811.323,-6.261165881782372,4.645754840434123
4811.343,-6.263963240811993,4.655360277193896
4811.363,-6.26676111132466,4.66497178532444
4811.383,-6.269556653127327,4.674586857038592
4811.403,-6.27235530629829,4.6841937251293295
4811.423,-6.275153254498627,4.693802300389295
4811.443,-6.277951786991145,4.703409987125998
4811.463,-6.280748268815657,4.713021570621136
4811.483,-6.28354474363922,4.722633964070669
4811.503,-6.286340763575787,4.732246509748112
4811.523,-6.289134793128624,4.74186186528626
4811.543,-6.291930509745868,4.751473921610619
4811.563,-6.294724893911798,4.7610870992077245
4811.583,-6.297520339545095,4.770698975105128
4811.603,-6.300313130437081,4.780313840861745
4811.623,-6.303106061217413,4.7899283376261526
4811.643,-6.305897377863221,4.79954159787819
4811.663,-6.308687766582449,4.809157077932812
4811.683,-6.311482245261468,4.818761865369877
4811.703,-6.314278798293813,4.828362472824658
4811.723,-6.317075327141769,4.837963083847102
4811.743,-6.319871843973757,4.847563698349642
4811.763,-6.322668348917959,4.857164316245191
4811.783,-6.325464841991216,4.8667649374445245
4811.803,-6.328261323205799,4.8763655618613315
4811.823,-6.331057792570561,4.885966189413044
4811.843,-6.333854250091145,4.895566820021557
4811.863,-6.336650695770225,4.905167453613907
4811.883,-6.339447129607742,4.914768090122907
4811.903,-6.34224355160115,4.924368729487723
4811.923,-6.345039961745699,4.933969371654406
4811.943,-6.3478363600347025,4.943570016576332
4811.963,-6.350632746459821,4.953170664214606
4811.983,-6.353429121011364,4.9627713145383705
4812.003,-6.356224854339102,4.972374150460434
4812.023,-6.3590155446728645,4.981987079474161
4812.043,-6.3618095481849455,4.991591076596377
4812.063,-6.364604148943049,5.001192492239077
4812.083,-6.367399811687488,5.010793355341494
4812.103,-6.370193665548678,5.020398116901232
4812.123,-6.37298720547335,5.030003576390068
4812.143,-6.375782751189477,5.039604462364683
4812.163,-6.378578183888379,5.049205378953275
4812.183,-6.381373603001134,5.058806299082366
4812.203,-6.384168368647793,5.06840961916914
4812.223,-6.386960721669517,5.078019930384847
4812.243,-6.38975351819377,5.087627830137445
4812.263,-6.392546599342384,5.097236099859946
4812.283,-6.3953403057409375,5.106837184854202
4812.303,-6.398135014254885,5.11643830773106
4812.323,-6.400929705350116,5.126039436730496
4812.343,-6.403724383684283,5.135640569413798
4812.363,-6.406519049344809,5.1452417058234925
4812.383,-6.409313702379626,5.154842846026991
4812.403,-6.412108342836689,5.164443990091289
4812.423,-6.414902970764334,5.174045138081888
4812.443,-6.417697586211268,5.183646290061966
4812.463,-6.4204921892265245,5.193247446091591
4812.483,-6.422776138479401,5.202297513495313
4812.503,-6.424300784927902,5.210023164467961
4812.523,-6.425340513111108,5.216053135420888
4812.543,-6.425904451024737,5.220330834913479
4812.563,-6.425925364553285,5.223518971067077
4812.583,-6.425230019689285,5.226043768808278
4812.603,-6.4238252284107125,5.227903321315175
4812.623,-6.421721820313478,5.229079932535871
4812.643,-6.4191120520746505,5.229719320312479
4812.663,-6.416473420742395,5.230289788950145
4812.683,-6.413824859509108,5.230812660427924
4812.703,-6.411167307399355,5.231287777536281
4812.723,-6.408501627237845,5.231714985774986
4812.743,-6.40582868381287,5.232094146084257
4812.763,-6.4031493442322,5.232425135068317
4812.783,-6.400464477635798,5.232707845034512
4812.803,-6.397774954904049,5.232942184023991
4812.823,-6.395081648366847,5.2331280758363805
4812.843,-6.392385431513613,5.23326546004864
4812.863,-6.389687178704282,5.233354292028244
4812.883,-6.386987764881236,5.2333945429408235
4812.903,-6.384289954705991,5.23339112346581
4812.923,-6.381594697087337,5.233348618544599
4812.943,-6.378900687807258,5.233257523550542
4812.963,-6.376208721725156,5.233115977413561
4812.983,-6.373520410112698,5.232928115737455
4813.003,-6.370836019630293,5.2326917839639995
4813.023,-6.368156269868726,5.232405197294437
4813.043,-6.365482716105217,5.232072530401422
4813.063,-6.36281566578087,5.231691657171013
4813.083,-6.36015588631423,5.231260859099997
4813.103,-6.357504830699202,5.230784337913632
4813.123,-6.354862830719894,5.230260024950544
4813.143,-6.352230708164648,5.229686257576426
4813.163,-6.349609801919548,5.229067261476093
4813.183,-6.347000489985811,5.228401022094935
4813.203,-6.3444036311772125,5.227685942220782
4813.223,-6.341820454495415,5.22692625916678
4813.243,-6.338674208317653,5.227898266278195
4813.263,-6.334543071266626,5.232007147758014
4813.283,-6.330483233688936,5.237935081317432
4813.303,-6.326686358340411,5.245472660180011
4813.323,-6.323153932092767,5.254525799687283
4813.343,-6.319680020630456,5.263903552380121
4813.363,-6.31625488754817,5.27360368801038
4813.383,-6.312828458919656,5.283407738885556
4813.403,-6.309379888527843,5.29283052718684
4813.423,-6.30591728154149,5.302213208867062
4813.443,-6.302453922640296,5.311593881301527
4813.463,-6.298990578428146,5.320974556694289
4813.483,-6.295527245881118,5.330355235792503
4813.503,-6.292063924972908,5.33973591861326
4813.523,-6.288600961078158,5.3491236446416215
4813.543,-6.285139471628128,5.358516524012667
4813.563,-6.281678258697753,5.367904358052839
4813.583,-6.278216371002822,5.37729813691023
4813.603,-6.274756440927314,5.386689318466563
4813.623,-6.27179138229499,5.395471391180021
4813.643,-6.269947467653542,5.402841501124104
4813.663,-6.2683327791139325,5.408618532762008
4813.683,-6.266795637747909,5.412664008995265
4813.703,-6.2653382831507605,5.415450183640125
4813.723,-6.263935217674337,5.417075750900766
4813.743,-6.2625764382895035,5.417603554277211
4813.763,-6.260717445565938,5.417325535122321
4813.783,-6.25844111664865,5.416295173421691
4813.803,-6.255968656570699,5.414949280385282
4813.823,-6.253510749112504,5.413496382702279
4813.843,-6.251085644045809,5.412179778597154
4813.863,-6.248711607808978,5.4108273665400155
4813.883,-6.246353541862205,5.409292175977488
4813.903,-6.2440311543035465,5.407552925319629
4813.923,-6.241706092070641,5.4058128512169485
4813.943,-6.239436555976227,5.404000884507057
4813.963,-6.2371916094849515,5.402248233625613
4813.983,-6.2349928638620575,5.40043486672748
4814.003,-6.23284241701124,5.398347436382124
4814.023,-6.230732015960869,5.39620715153312
4814.043,-6.228623019927511,5.3942458632051276
4814.063,-6.226535860529323,5.392306525787697
4814.083,-6.224494645907131,5.390462767249265
4814.103,-6.2225483368899,5.388214979947164
4814.123,-6.220549594760135,5.386314894812049
4814.143,-6.218595761694911,5.384428141908536
4814.163,-6.216705651871965,5.3823562813351336
4814.183,-6.214808568371093,5.380436303415852
4814.203,-6.212946156438812,5.3784821695025125
4814.223,-6.2111192087529465,5.37649482915585
4814.243,-6.209328317640812,5.374474927718319
4814.263,-6.207574062572321,5.372423118352258
4814.283,-6.205857011289244,5.370340064552647
4814.303,-6.204177719630847,5.368226439972295
4814.323,-6.202536731352981,5.366082928219716
4814.343,-6.200934577948988,5.363910222652553
4814.363,-6.199371778472559,5.361709026166487
4814.383,-6.197848839362721,5.359480050979471
4814.403,-6.196366254271181,5.357224018411169
4814.423,-6.194924503892251,5.354941658657441
4814.443,-6.193524055795647,5.352633710559878
4814.463,-6.192165364262491,5.350300921370368
4814.483,-6.190848870124816,5.347944046510771
4814.503,-6.189575000608914,5.345563849327788
4814.523,-6.188344169182903,5.343161100843257
4814.543,-6.187156775408783,5.340736579500018
4814.563,-6.18601320479934,5.338291070903696
4814.583,-6.1849138286801715,5.3358253675606155
4814.603,-6.1838590040570764,5.333340268612231
4814.623,-6.1828490734890735,5.330836579566378
4814.643,-6.180125190262248,5.328983535706875
4814.663,-6.174336863482864,5.328319914775509
4814.683,-6.167172395886665,5.3288473679260955
4814.703,-6.158914539177119,5.3305849841174515
4814.723,-6.149637270344209,5.333475467371529
4814.743,-6.140142369192479,5.336616073651287
4814.763,-6.130318623326437,5.339686911827796
4814.783,-6.120391682992257,5.342761188285072
4814.803,-6.110884786748361,5.345882603316748
4814.823,-6.101378977901758,5.349010895550534
4814.843,-6.091875968369035,5.35213906360462
4814.863,-6.082368874932979,5.355266246053978
4814.883,-6.072861637269613,5.358392730600152
4814.903,-6.063354272273031,5.361518827747005
4814.923,-6.0538445623148265,5.364644512840449
4814.943,-6.044336979026742,5.367769849262537
4814.963,-6.034832130606305,5.370895642224186
4814.983,-6.025334519682328,5.374024153439994
4815.003,-6.015836895996376,5.377152623529775
4815.023,-6.00633926837282,5.380281081700258
4815.043,-5.996841636900294,5.383409528248165
4815.063,-5.987340276228087,5.386534683833347
4815.083,-5.977833697709476,5.3896595217031855
4815.103,-5.96833594464578,5.3927876356175615
4815.123,-5.958838170846772,5.395915651559165
4815.143,-5.9493403931320685,5.399043655332899
4815.163,-5.93984261165453,5.402171647751425
4815.183,-5.930344826438697,5.405299628894335
4815.203,-5.9208470375092315,5.408427598835932
4815.223,-5.911349244891657,5.4115555576509005
4815.243,-5.901851448612141,5.414683505413793
4815.263,-5.892353648697259,5.417811442198446
4815.283,-5.88285584517377,5.420939368077398
4815.303,-5.873358038068371,5.424067283121314
4815.323,-5.863860227407456,5.427195187398417
4815.343,-5.854362413216889,5.430323080973938
4815.363,-5.844864595521756,5.433450963909606
4815.383,-5.835366774346144,5.436578836263132
4815.403,-5.8258689497129295,5.439706698087758
4815.423,-5.81637112164356,5.442834549431836
4815.443,-5.807416563336156,5.4454564399276615
4815.463,-5.799783487067965,5.4472105565506705
4815.483,-5.793837269054132,5.448442036994174
4815.503,-5.789631937824663,5.449118445513971
4815.523,-5.7864726397668615,5.449204602318316
4815.543,-5.7839657879920905,5.44854853041461
4815.563,-5.782115121411087,5.447145611981193
4815.583,-5.7809389803443425,5.445010880409119
4815.603,-5.780426372751029,5.442213820041122
4815.623,-5.779974870898103,5.439390935711584
4815.643,-5.779367220063322,5.43676089843683
4815.663,-5.778806922260199,5.434119992840638
4815.683,-5.778294245314473,5.431469422445443
4815.703,-5.7778293565787555,5.428810049521737
4815.723,-5.77741240715589,5.426142736370571
4815.743,-5.777043532549013,5.42346834782783
4815.763,-5.776722852624784,5.42078775099725
4815.783,-5.776450471576752,5.418101814961304
4815.803,-5.776226477894598,5.415411410492373
4815.823,-5.7760509443390955,5.412717409764428
4815.843,-5.774043924211953,5.410105187948421
4815.863,-5.768754167306544,5.4076631241829265
4815.883,-5.76178471263331,5.4059217198018885
4815.903,-5.753398035487393,5.404987481115893
4815.923,-5.7436822700821555,5.404829172099085
4815.943,-5.733681400880713,5.40484034371517
4815.963,-5.723329127506222,5.4048458201018335
4815.983,-5.712863457704726,5.404849074826978
4816.003,-5.702783724493867,5.404857881971218
4816.023,-5.692781510601003,5.40486674567109
4816.043,-5.6827778622475655,5.40487524899091
4816.063,-5.672774601999412,5.404881761581983
4816.083,-5.662770420044898,5.40489048873702
4816.103,-5.6527674036308495,5.404899468221002
4816.123,-5.6427638291712965,5.404907526585508
4816.143,-5.6327593688119135,5.404914703174736
4816.163,-5.622756504797777,5.404921823475217
4816.183,-5.612753826284645,5.4049288771451485
4816.203,-5.602751480073111,5.404936249306751
4816.223,-5.592751403963939,5.404944229862824
4816.243,-5.5827466165703905,5.4049526866152355
4816.263,-5.572741816171301,5.404959026793268
4816.283,-5.562738581382072,5.404967345848122
4816.303,-5.552733571719387,5.404975098893627
4816.323,-5.542721556054735,5.404982882153032
4816.343,-5.5327165188664,5.404991204691786
4816.363,-5.522706187598949,5.404998605450064
4816.383,-5.512700279560362,5.4050067172796705
4816.403,-5.502696422825667,5.405014183437343
4816.423,-5.4926966949549625,5.405022079178089
4816.443,-5.482697012814239,5.405030421225162
4816.463,-5.472697330983835,5.405038736817401
4816.483,-5.462697649156333,5.405047025857827
4816.503,-5.452697967397618,5.4050552882072616
4816.523,-5.442698285777087,5.4050635238481695
4816.543,-5.432698604363472,5.405071732720999
4816.563,-5.422698923223868,5.405079914769581
4816.583,-5.412699242423017,5.405088069941717
4816.603,-5.402699562022638,5.405096198189245
4816.623,-5.392699882080781,5.405104299468097
4816.643,-5.382699381878925,5.405112320555736
4816.663,-5.372688050778243,5.40511917270367
4816.683,-5.362687449174024,5.405126478829428
4816.703,-5.352687771574108,5.405134526872846
4816.723,-5.342688094062264,5.405142549095306
4816.743,-5.332688417276345,5.405150544208764
4816.763,-5.322688741239663,5.405158512129523
4816.783,-5.312689065961402,5.405166452879818
4816.803,-5.302689391443778,5.405174366445026
4816.823,-5.292689717681878,5.405182252812765
4816.843,-5.282690044663676,5.40519011197259
4816.863,-5.272690372370119,5.4051979439156135
4816.883,-5.262690700775282,5.405205748634115
4816.903,-5.252691009799872,5.405213578928995
4816.923,-5.242690166878778,5.405219024068047
4816.943,-5.232690423915397,5.4052267242434935
4816.963,-5.222690752954708,5.4052343726539585
4816.983,-5.212691083289417,5.405241992894415
4817.003,-5.202691922875278,5.40524807456442
4817.023,-5.192687476354369,5.40525310557152
4817.043,-5.18268398442913,5.405257152188716
4817.063,-5.172681312698717,5.405263198594505
4817.083,-5.162678256304597,5.405268629254047
4817.103,-5.152674151795371,5.405274817651058
4817.123,-5.142672043704828,5.405279078487426
4817.143,-5.132669942537815,5.405283739005058
4817.163,-5.122666892250693,5.4052899028736405
4817.183,-5.112661232219213,5.405294536979157
4817.203,-5.102657437952361,5.405299563288258
4817.223,-5.092655840227299,5.405305085954467
4817.243,-5.0826539694245385,5.405310946079074
4817.263,-5.072650888992371,5.405314721201221
4817.283,-5.062645945157448,5.405320673302791
4817.303,-5.052643870687068,5.405325751262519
4817.323,-5.042640698422293,5.405332022444104
4817.343,-5.032634902685963,5.4053372564187825
4817.363,-5.022629916112726,5.405341720335664
4817.383,-5.0126259339161345,5.405346604374668
4817.403,-5.003245080464851,5.405347583532979
4817.423,-4.995262102805338,5.405341029249089
4817.443,-4.988973849811121,5.405336071782083
4817.463,-4.984351847940331,5.405386129524723
4817.483,-4.980594392011385,5.4058301206539205
4817.503,-4.977576238981512,5.40670248809489
4817.523,-4.975236822433008,5.408019784540018
4817.543,-4.9736132224163745,5.409726498891406
4817.563,-4.972787042770349,5.411869300899029
4817.583,-4.972691155882848,5.414416285711964
4817.603,-4.972869060015632,5.417105414367178
4817.623,-4.9730929090546345,5.419790780395005
4817.643,-4.973365111913997,5.422471775154003
4817.663,-4.973687520947717,5.425147414751042
4817.683,-4.974055987723593,5.427816280009168
4817.703,-4.974472525814009,5.430478032864047
4817.723,-4.974938905508956,5.433131820245344
4817.743,-4.975450930517439,5.435776289644627
4817.763,-4.97601058029358,5.4384110960651615
4817.783,-4.976619560881819,5.441035349629789
4817.803,-4.977273656369005,5.44364779001991
4817.823,-4.977974803551516,5.4462480334087
4817.843,-4.978724629689701,5.448835164676757
4817.863,-4.9795189104433355,5.451408018993022
4817.883,-4.980359532669727,5.453966175414724
4817.903,-4.981248042388662,5.456508695879523
4817.923,-4.982191969759375,5.459036419224453
4817.943,-4.983183336791449,5.4615473215802375
4817.963,-4.984219731818788,5.464039972289795
4817.983,-4.985300818021115,5.466513561342609
4818.003,-4.986426245066156,5.46896728817378
4818.023,-4.987595648340859,5.471400358739593
4818.043,-4.9888086490650405,5.473811985736507
4818.063,-4.990064854417125,5.476201388846937
4818.083,-4.991363857663728,5.478567794982712
4818.103,-4.9927052382928965,5.4809104385259
4818.123,-4.99408856215086,5.483228561566899
4818.143,-4.995513381582207,5.485521414139768
4818.163,-4.996979235573385,5.487788254454733
4818.183,-4.998485649899368,5.490028349127875
4818.203,-5.0000321372734335,5.492240973407973
4818.223,-5.00161819749996,5.494425411400549
4818.243,-5.0032433176301225,5.496580956289118
4818.263,-5.004906972120519,5.498706910553737
4818.283,-5.006608622994619,5.500802586186891
4818.303,-5.008347720007079,5.502867304906814
4818.323,-5.010123700810948,5.504900398368363
4818.343,-5.011935991127804,5.506901208371526
4818.363,-5.012415038395848,5.510160352138527
4818.383,-5.01048723012723,5.515658542187094
4818.403,-5.006887308966193,5.521875537022654
4818.423,-5.001721484893598,5.528548537830769
4818.443,-4.995073804477963,5.535635956493135
4818.463,-4.988106205466029,5.54280996427088
4818.483,-4.980965176344775,5.550171102241493
4818.503,-4.973727865344308,5.557635989734852
4818.523,-4.966740457346747,5.564843911489828
4818.543,-4.959766974474274,5.572029148669207
4818.563,-4.952796941941114,5.579209758766437
4818.583,-4.945830805377066,5.586388204153658
4818.603,-4.938862055934543,5.593566669346281
4818.623,-4.931894515190174,5.6007483817203045
4818.643,-4.924926572684283,5.6079300402286005
4818.663,-4.917960462440195,5.615109965917228
4818.683,-4.910992102828436,5.622287143424242
4818.703,-4.904025045885928,5.629468168373002
4818.723,-4.8970579970089245,5.6366483508990015
4818.743,-4.890089935664759,5.64383139066961
4818.763,-4.883121275690909,5.651009283699504
4818.783,-4.876152742591115,5.65818769905075
4818.803,-4.8691869983615375,5.6653621781401275
4818.823,-4.862222048617293,5.672537156377614
4818.843,-4.855257075706751,5.679712105528866
4818.863,-4.8482921031483786,5.686887055718713
4818.883,-4.84132713109208,5.6940620072644865
4818.903,-4.834362159489608,5.701236960205019
4818.923,-4.827397188297082,5.708411914573173
4818.943,-4.8204322174771015,5.715586870397962
4818.963,-4.813467246999017,5.722761827704191
4818.983,-4.806502276839167,5.729936786512098
4819.003,-4.799537306980987,5.737111746837056
4819.023,-4.792572337415099,5.744286708689319
4819.043,-4.785607368139304,5.75146167207383
4819.063,-4.778642399158526,5.758636636990082
4819.083,-4.772203390225405,5.765284377967067
4819.103,-4.767001948595535,5.770691206978605
4819.123,-4.763293981684394,5.774599087166554
4819.143,-4.760822366777356,5.777659178311735
4819.163,-4.759419136039252,5.780465734894557
4819.183,-4.759029977491124,5.78294152634188
4819.203,-4.759642059234312,5.785172782217655
4819.223,-4.761243643016047,5.787099381651584
4819.243,-4.763283526694791,5.788867339935145
4819.263,-4.7653560113421545,5.7905972441459745
4819.283,-4.7674592975506265,5.792289569804725
4819.303,-4.769592710630072,5.793943777214904
4819.323,-4.771755560406754,5.795559330241078
4819.343,-4.773947147013934,5.797135705060792
4819.363,-4.776166761156139,5.798672390424524
4819.383,-4.778413684330975,5.80016888783276
4819.403,-4.780687189055698,5.801624711709589
4819.423,-4.782986539098927,5.803039389573253
4819.443,-4.785310989717489,5.804412462203339
4819.463,-4.787659787898333,5.8057434838042745
4819.483,-4.790032172605318,5.807032022164747
4819.503,-4.792427375030701,5.80827765881271
4819.523,-4.794844618851079,5.809479989165641
4819.543,-4.797283120487448,5.810638622675721
4819.563,-4.799742089369097,5.811753182969669
4819.583,-4.80222072820096,5.812823307982934
4819.603,-4.804718233234052,5.813848650088088
4819.623,-4.807233794538645,5.814828876217194
4819.643,-4.809766596279757,5.815763667978054
4819.663,-4.812315816994686,5.816652721764228
4819.683,-4.814880629872169,5.817495748858789
4819.703,-4.817460203032887,5.8182924755317895
4819.723,-4.820053699811051,5.81904264313148
4819.743,-4.822660279036783,5.819746008169308
4819.763,-4.825279095319108,5.820402342398788
4819.783,-4.827909299329354,5.82101143288832
4819.803,-4.830550038084793,5.821573082088071
4819.823,-4.833200455232452,5.822087107891008
4819.843,-4.835859691332952,5.822553343688233
4819.863,-4.838526884144302,5.82297163841868
4819.883,-4.841201168905652,5.82334185661333
4819.903,-4.843881678620894,5.823663878434016
4819.923,-4.8465675443421485,5.823937599706911
4819.943,-4.8492578954530865,5.824162931950794
4819.963,-4.85195185995209,5.824339802400147
4819.983,-4.854648564735252,5.82446815402316
4820.003,-4.857295579916986,5.826429147160985
4820.023,-4.8598299330039625,5.831675382883365
4820.043,-4.861693127545413,5.838613308563627
4820.063,-4.862774088484273,5.846982358474403
4820.083,-4.863102482941476,5.856693836845565
4820.103,-4.863266412650491,5.866693358147675
4820.123,-4.863350216499884,5.877044374262077
4820.143,-4.863494874739644,5.887477527061071
4820.163,-4.863649259703167,5.897497018450067
4820.183,-4.863804281415179,5.907503404719026
4820.203,-4.863962059402129,5.917506841790148
4820.223,-4.8641200955375465,5.9275077641289995
4820.243,-4.864278244620932,5.937509280223746
4820.263,-4.864440404363997,5.9475076399265525
4820.283,-4.864602462059452,5.957505998067535
4820.303,-4.864764502354768,5.967504356510055
4820.323,-4.864926525990919,5.977502715300041
4820.343,-4.865088532953809,5.98750107446506
4820.363,-4.865250523227885,5.9974994340319165
4820.383,-4.865412496803303,6.007497794026523
4820.403,-4.8655744536761505,6.017496154473613
4820.423,-4.865736393848522,6.027494515396465
4820.443,-4.865898317328544,6.037492876816649
4820.463,-4.866060224130343,6.047491238753783
4820.483,-4.86622211427393,6.05748960122531
4820.503,-4.866383987785047,6.06748796424631
4820.523,-4.866450658617284,6.076890444600292
4820.543,-4.866448727081303,6.084909573761553
4820.563,-4.8664522994705965,6.091223572100783
4820.583,-4.866418553646182,6.095849636577914
4820.603,-4.866005348704766,6.0995831366886755
4820.623,-4.865160833512605,6.102565870174081
4820.643,-4.8638380716981455,6.10483872358566
4820.663,-4.862072307846136,6.106357525033885
4820.683,-4.8598731483223245,6.107101023955818
4820.703,-4.857256076214982,6.107121491695038
4820.723,-4.854561201972359,6.106973627422256
4820.743,-4.851868762244422,6.106776849069809
4820.763,-4.849180304087889,6.106531636439594
4820.783,-4.846496707185805,6.106238074641825
4820.803,-4.843818841281519,6.105896259523068
4820.823,-4.8411475740998675,6.105506302530883
4820.843,-4.838483771130371,6.1050683307225855
4820.863,-4.835828295348915,6.104582486717761
4820.883,-4.833182006940073,6.104048928645367
4820.903,-4.83054576302057,6.103467830085917
4820.923,-4.827920417363954,6.102839380008802
4820.943,-4.825306820126538,6.102163782704751
4820.963,-4.822705817574691,6.101441257713454
4820.983,-4.8201182518135886,6.100672039746352
4821.003,-4.817544960517491,6.099856378604661
4821.023,-4.814986776661679,6.098994539092596
4821.043,-4.812444528256126,6.0980868009259
4821.063,-4.809919038081064,6.097133458635699
4821.083,-4.80741112342452,6.096134821467736
4821.103,-4.8049215958219795,6.095091213277065
4821.123,-4.802451260798263,6.094002972418268
4821.143,-4.800000917611761,6.092870451631299
4821.163,-4.796747553606187,6.093385984305445
4821.183,-4.792075291954202,6.096866885882894
4821.203,-4.787216094937759,6.102158217634069
4821.223,-4.782389005592269,6.109080195964414
4821.243,-4.777608706827257,6.1175402056911485
4821.263,-4.7728412563394,6.126331446650043
4821.283,-4.768039617903632,6.135409866059572
4821.303,-4.763201716824382,6.144610301093825
4821.323,-4.758912460304951,6.152679149938694
4821.343,-4.755527135462227,6.159747484202904
4821.363,-4.75323104540775,6.165127288559032
4821.383,-4.751748477103452,6.168927061882255
4821.403,-4.751140088664354,6.172001904903657
4821.423,-4.7513188669053426,6.174685888061143
4821.443,-4.752265103275917,6.176925657872519
4821.463,-4.753956889139316,6.178799170509511
4821.483,-4.756309045583703,6.180226752609741
4821.503,-4.758782403336301,6.1815796829102085
4821.523,-4.761305686579405,6.182987227919905
4821.543,-4.763823169366533,6.184260727381412
4821.563,-4.766380396603032,6.18542852896882
4821.583,-4.768916853772564,6.18635181701756
4821.603,-4.771469953386862,6.187229408333311
4821.623,-4.7740384469014,6.188060908321689
4821.643,-4.776621497644862,6.188846045874305
4821.663,-4.7792182677934045,6.189584565822071
4821.683,-4.78182791508008,6.190276228183714
4821.703,-4.7844495930504625,6.19092080824047
4821.723,-4.787082451349795,6.191518096610823
4821.743,-4.789725636010749,6.192067899318917
4821.763,-4.792378289741315,6.192570037856723
4821.783,-4.795039552212667,6.193024349240053
4821.803,-4.797708560346867,6.193430686058574
4821.823,-4.800384448604323,6.193788916519908
4821.843,-4.803066349270893,6.194098924488
4821.863,-4.805753392744619,6.194360609515823
4821.883,-4.808444707822028,6.194573886872563
4821.903,-4.811139421983982,6.194738687565376
4821.923,-4.813836661681054,6.194854958355829
4821.943,-4.8165355526184355,6.194922661771062
4821.963,-4.818563399190053,6.195318189220139
4821.983,-4.819331125996737,6.196191406554529
4822.003,-4.819461999653094,6.196409005531709
4822.023,-4.819461885819348,6.196409006875481
4822.043,-4.819461848149077,6.196409007235015
4822.063,-4.819461834435866,6.196409007294026
4822.083,-4.819461831551558,6.196409007251961
4822.103,-4.819461833525815,6.196409007175931
4822.123,-4.819461837591592,6.1964090070893265
4822.143,-4.81946184247015,6.196409007000561
4822.163,-4.819461847574939,6.196409006912725
4822.183,-4.8194618526411785,6.196409006826946
4822.203,-4.819461857553474,6.196409006743596
4822.223,-4.819461862265559,6.196409006662745
4822.243,-4.819461866762959,6.196409006584348
4822.263,-4.819461871045614,6.19640900650831
4822.283,-4.8194618751198135,6.196409006434516
4822.303,-4.819461878994454,6.196409006362853
4822.323,-4.81946188267932,6.196409006293208
4822.343,-4.819461886184302,6.19640900622547
4822.363,-4.819461889519042,6.19640900615954
4822.383,-4.819468062116604,6.198276973345416
4822.403,-4.8194859134400385,6.203703440249197
4822.423,-4.819515191248151,6.2126063420763495
4822.443,-4.81954806724567,6.2226021006893255
4822.463,-4.8195809610941165,6.232601915220555
4822.483,-4.819613867812178,6.242605475950253
4822.503,-4.819646774025994,6.252608711037724
4822.523,-4.819661538307174,6.263131604408681
4822.543,-4.819673580974906,6.274232695438935
4822.563,-4.81970663052295,6.28442401749738
4822.583,-4.8197257119703085,6.294544203391164
4822.603,-4.819766682162253,6.304589533190709
4822.623,-4.819799009282607,6.3145890748872935
4822.643,-4.819831430638617,6.32458870072939
4822.663,-4.819863836406059,6.334588327969416
4822.683,-4.819896224957419,6.344587955281875
4822.703,-4.819928596306548,6.354587582631101
4822.723,-4.819955739657662,6.364595010487785
4822.743,-4.8199810282639906,6.374605102139333
4822.763,-4.820006026187633,6.3846151282492345
4822.783,-4.820030762442531,6.394625034695383
4822.803,-4.820055240749817,6.404634821403133
4822.823,-4.820078930588684,6.414645846532903
4822.843,-4.820103875261792,6.424653330941229
4822.863,-4.8201281845098585,6.434658146978508
4822.883,-4.820153182218464,6.444664601812335
4822.903,-4.82017804502682,6.454671120834989
4822.923,-4.820202616791476,6.464677665357918
4822.943,-4.820226887904313,6.474684218051676
4822.963,-4.820250850669563,6.4846907702731205
4822.983,-4.820274503461845,6.494697316788755
4823.003,-4.82029784565088,6.504703854238653
4823.023,-4.820320877623646,6.5147103801228505
4823.043,-4.820343601488296,6.52471689128794
4823.063,-4.82036601797243,6.53472338497677
4823.083,-4.820388127854213,6.544729859255441
4823.103,-4.820409956947299,6.554736302584754
4823.123,-4.820433771716726,6.564740158405672
4823.143,-4.820459793336932,6.574739823925659
4823.163,-4.820485667800194,6.584739466029249
4823.183,-4.82051152257222,6.594739107889448
4823.203,-4.820537358672465,6.604738749772226
4823.223,-4.820563176058911,6.614738391695387
4823.243,-4.8205889746838215,6.6247380336749035
4823.263,-4.820614754503442,6.634737675727397
4823.283,-4.820640515478581,6.64473731786995
4823.303,-4.820666257575011,6.654736960119905
4823.323,-4.8206919807638675,6.664736602494655
4823.343,-4.820717685021935,6.674736245011423
4823.363,-4.820743370331924,6.684735887687062
4823.383,-4.820769036682655,6.69473553053786
4823.403,-4.820794684069199,6.704735173579338
4823.423,-4.820820312492936,6.714734816826066
4823.443,-4.8208459219615625,6.724734460291495
4823.463,-4.820871512489026,6.734734103987802
4823.483,-4.8208970840954,6.744733747925729
4823.503,-4.820922636806692,6.754733392114466
4823.523,-4.820948170654595,6.764733036561528
4823.543,-4.820973685676174,6.774732681272669
4823.563,-4.820999181913514,6.784732326251797
4823.583,-4.82102465941329,6.794731971500922
4823.603,-4.8210501182263075,6.8047316170201135
4823.623,-4.821075558407007,6.81473126280749
4823.643,-4.821100980012914,6.824730908859213
4823.663,-4.821126383104061,6.834730555169523
4823.683,-4.821151767742397,6.844730201730772
4823.703,-4.821177133991161,6.854729848533492
4823.723,-4.8212002882377005,6.864731024258867
4823.743,-4.8212176261740245,6.874744870187126
4823.763,-4.821243013436665,6.884744657204542
4823.783,-4.821267974885037,6.89474430619601
4823.803,-4.821292913466615,6.904743954156213
4823.823,-4.8213178339085205,6.914743602294352
4823.843,-4.8213427363083055,6.924743250602622
4823.863,-4.821367620719785,6.934742899059379
4823.883,-4.82139248719213,6.944742547642415
4823.903,-4.821417335769748,6.954742196329278
4823.923,-4.821442166491869,6.9647418450974845
4823.943,-4.821466979392176,6.974741493924694
4823.963,-4.821491774498474,6.984741142788918
4823.983,-4.82151655183244,6.99474079166871
4824.003,-4.821541311409409,7.004740440543349
4824.023,-4.821563675787192,7.014742380704039
4824.043,-4.8215882563984875,7.024742055511786
4824.063,-4.821612823810926,7.034741704513322
4824.083,-4.821637101300154,7.044741845416363
4824.103,-4.82166037467095,7.054743013168446
4824.123,-4.8216839472210635,7.064743714968319
4824.143,-4.821703644758216,7.074749341334329
4824.163,-4.821723363734379,7.084755248719491
4824.183,-4.821742968009182,7.094761175494269
4824.203,-4.82176237483489,7.104767048438758
4824.223,-4.821781567811049,7.114772851514545
4824.243,-4.821800544142232,7.124778580385157
4824.263,-4.8218193053411245,7.134784233933936
4824.283,-4.821837854056357,7.144789812080623
4824.303,-4.821856193499224,7.154795315079037
4824.323,-4.821874327652478,7.164800742990625
4824.343,-4.821892261093685,7.174806095531939
4824.363,-4.8219100011538,7.184811371101817
4824.383,-4.821927562988064,7.194816564545325
4824.403,-4.821946693602929,7.204819610105154
4824.423,-4.821967522315824,7.214819279593175
4824.443,-4.821988236591407,7.224818933772262
4824.463,-4.822008930798658,7.234818587798341
4824.483,-4.822029605673738,7.244818241851259
4824.503,-4.822050261174991,7.2548178959491585
4824.523,-4.822070897258092,7.26481755010904
4824.543,-4.822091513883316,7.274817204348301
4824.563,-4.822112111016007,7.284816858684549
4824.583,-4.822132688626946,7.294816513135389
4824.603,-4.822153246689953,7.304816167718204
4824.623,-4.822173785161741,7.314815822449867
4824.643,-4.822194304036693,7.324815477346754
4824.663,-4.822214803313672,7.334815132424462
4824.683,-4.822235282993223,7.344814787697577
4824.703,-4.822255743082119,7.354814443179528
4824.723,-4.822276183593407,7.36481409888243
4824.743,-4.822296604546263,7.374813754816951
4824.763,-4.822317005965799,7.384813410992165
4824.783,-4.822337387882794,7.394813067415464
4824.803,-4.82235662768358,7.404813759710721
4824.823,-4.822373144982917,7.414816699312737
4824.843,-4.822388288158663,7.424821522328034
4824.863,-4.822408264451412,7.434821273254137
4824.883,-4.8224282566737555,7.4448209322309475
4824.903,-4.8224482291128945,7.454820590271935
4824.923,-4.822468182296487,7.4648202485756725
4824.943,-4.822488116293752,7.474819907145889
4824.963,-4.822508031168368,7.484819565971561
4824.983,-4.8225279269843835,7.494819225039885
4825.003,-4.822547803805673,7.5048188843365145
4825.023,-4.822567661695299,7.514818543845675
4825.043,-4.822587500714868,7.524818203550297
4825.063,-4.822607320923926,7.534817863432161
4825.083,-4.8226271223793455,7.5448175234720525
4825.103,-4.822646905134751,7.554817183649942
4825.123,-4.8226666692399816,7.564816843945148
4825.143,-4.8226864147405735,7.574816504336537
4825.163,-4.822706141677299,7.58481616480271
4825.183,-4.822725850085743,7.5948158253222005
4825.203,-4.8227455399959345,7.60481548587367
4825.223,-4.822764616445081,7.6148158537444814
4825.243,-4.822781069993058,7.6248207534586845
4825.263,-4.822797105791185,7.634825647444357
4825.283,-4.822812772770116,7.6448298528618635
4825.303,-4.822831779858232,7.654829545702071
4825.323,-4.82284961436183,7.664829747044292
4825.343,-4.822865209982418,7.674836057281314
4825.363,-4.822879753116113,7.684844483320657
4825.383,-4.822894927131384,7.694848600586219
4825.403,-4.822910313696014,7.704852982173055
4825.423,-4.822925577614522,7.714857363266105
4825.443,-4.8229406793078935,7.724861705444521
4825.463,-4.8229556155608435,7.734865997391557
4825.483,-4.82297038828513,7.744870235301924
4825.503,-4.822985000177139,7.754874417792464
4825.523,-4.822999453791662,7.764878544563413
4825.543,-4.82301375173319,7.774882615729547
4825.563,-4.823027896716191,7.784886631447375
4825.583,-4.823041891795063,7.794890591614429
4825.603,-4.8230557409023405,7.804894495551975
4825.623,-4.823069449167417,7.814898341478558
4825.643,-4.82308302482324,7.8249021253900946
4825.663,-4.823096488190008,7.834905836121454
4825.683,-4.823110599854211,7.844908219239087
4825.703,-4.823125845127765,7.854908614414542
4825.723,-4.82314140177816,7.864908279585008
4825.743,-4.823156934465012,7.874907943123428
4825.763,-4.823172446532925,7.88490760667628
4825.783,-4.823187937959575,7.894907270278754
4825.803,-4.823203408700987,7.904906933948821
4825.823,-4.823218858718152,7.9149065977044195
4825.843,-4.823234287977618,7.9249062615634305
4825.863,-4.823249696451783,7.934905925543475
4825.883,-4.823265084119137,7.944905589661716
4825.903,-4.823280450964429,7.954905253934657
4825.923,-4.823295796978784,7.964904918377958
4825.943,-4.823311122159747,7.9749045830062535
4825.963,-4.823326426511252,7.984904247832986
4825.983,-4.823341710043551,7.994903912870258
4826.003,-4.823356972773053,8.004903578128681
4826.023,-4.823372214722114,8.014903243617267
4826.043,-4.823383391484501,8.02490762919038
4826.063,-4.823393498229993,8.034911266483322
4826.083,-4.823402730429722,8.044914615944252
4826.103,-4.8234126027393645,8.054916338256781
4826.123,-4.823422371592952,8.064918059292012
4826.143,-4.8234319608570635,8.07491981104741
4826.163,-4.823441506335853,8.084921528419157
4826.183,-4.823450874644654,8.094923287770325
4826.203,-4.823460141367356,8.104925041296822
4826.223,-4.823469299430456,8.114926798234267
4826.243,-4.823478349677684,8.12492855864254
4826.263,-4.8234889744812515,8.13493039874312
4826.283,-4.82349946603676,8.144949753742017
4826.303,-4.823509435750853,8.154950884171027
4826.323,-4.823519812603798,8.164950962142974
4826.343,-4.823530558760615,8.174952235471896
4826.363,-4.823540316698482,8.184956959623726
4826.383,-4.8235531151311015,8.194956628752822
4826.403,-4.823565850686942,8.204956300296562
4826.423,-4.823578565070188,8.214955971940785
4826.443,-4.823591258621317,8.224955643636052
4826.463,-4.823603931365078,8.23495531536016
4826.483,-4.823616583317343,8.24495498709161
4826.503,-4.823629016816295,8.25495535973832
4826.523,-4.823639527038292,8.264964206454785
4826.543,-4.823650280175261,8.274967621649157
4826.563,-4.823661346284103,8.28496805741168
4826.583,-4.8236727605130305,8.294968686551869
4826.603,-4.823683236364779,8.304970317881867
4826.623,-4.823693798835149,8.314972898034872
4826.643,-4.823704243423854,8.324975531442018
4826.663,-4.823714601200142,8.33497816833801
4826.683,-4.823724859927777,8.34498078720729
4826.703,-4.823721937756417,8.354424498692728
4826.723,-4.823716524483819,8.36246402133177
4826.743,-4.823716896825105,8.368805531132287
4826.763,-4.823763159401218,8.373467069388402
4826.783,-4.824193702707698,8.377240303361049
4826.803,-4.825050809516108,8.380301047239067
4826.823,-4.826320100251543,8.38268113068857
4826.843,-4.828000375399396,8.384292779199749
4826.863,-4.830115079934455,8.385210349580687
4826.883,-4.832633516465784,8.385352224259602
4826.903,-4.835322424443794,8.385177404870637
4826.923,-4.838008242883384,8.384952395384431
4826.943,-4.840689143077704,8.384681156571304
4826.963,-4.843364698744173,8.3843616290978
4826.983,-4.846034041168008,8.383991980984304
4827.003,-4.848695751944094,8.383576402073553
4827.023,-4.851349522529099,8.383112883524165
4827.043,-4.853994477066006,8.382599672097406
4827.063,-4.856629289740053,8.382040971104827
4827.083,-4.859253610866999,8.381434811915431
4827.103,-4.861866536549435,8.380779517353634
4827.123,-4.86446683423029,8.380079306243172
4827.143,-4.867054116962104,8.37933225633259
4827.163,-4.869627455477578,8.378536769297082
4827.183,-4.872185713276451,8.377697068052369
4827.203,-4.874730659135613,8.376797595849942
4827.223,-4.877259277446333,8.375852397467664
4827.243,-4.879770466425078,8.374861845314285
4827.263,-4.882263411007222,8.37382626136816
4827.283,-4.884737304334862,8.372745981595036
4827.303,-4.887191345831542,8.371621356361063
4827.323,-4.889624741432602,8.37045275031835
4827.343,-4.8920367038331,8.369240542281604
4827.363,-4.894426452733443,8.367985125100793
4827.383,-4.8967932150824485,8.366686905530095
4827.403,-4.899136225317753,8.365346304093082
4827.423,-4.901454725603463,8.3639637549444
4827.443,-4.90374796606497,8.362539705727976
4827.463,-4.906015205020912,8.361074617431903
4827.483,-4.90825570921218,8.359568964240147
4827.503,-4.910468754028009,8.358023233381127
4827.523,-4.912653623729102,8.356437924973346
4827.543,-4.914809611667858,8.354813551868126
4827.563,-4.9169360205056885,8.353150639489522
4827.583,-4.919032162427526,8.351449725671499
4827.603,-4.921097359353592,8.349711360492359
4827.623,-4.923130943148507,8.347936106106447
4827.643,-4.925132255827864,8.34612453657311
4827.663,-4.927100649762376,8.344277237682785
4827.683,-4.9290354878797045,8.342394806780227
4827.703,-4.930936143864092,8.340477852584637
4827.723,-4.932802002353877,8.338526995006564
4827.743,-4.934632459137006,8.336542864961482
4827.763,-4.936426921344559,8.334526104179675
4827.783,-4.938184807642347,8.332477365012382
4827.803,-4.939905548420573,8.33039731023384
4827.823,-4.941588585981468,8.328286612839126
4827.843,-4.943233374724855,8.326145955837504
4827.863,-4.944839381331495,8.323976032041156
4827.883,-4.946406084944012,8.321777543849127
4827.903,-4.947932977345218,8.319551203026379
4827.923,-4.9494195631335485,8.317297730477877
4827.943,-4.95086535989536,8.315017856017723
4827.963,-4.952269898373752,8.312712318133395
4827.983,-4.953632722633614,8.31038186374512
4828.003,-4.954953390222578,8.308027247960597
4828.023,-4.956231472327522,8.30564923382527
4828.043,-4.9574665539263565,8.303248592068329
4828.063,-4.958658233934781,8.300826100844832
4828.083,-4.959806125347741,8.298382545474125
4828.103,-4.960909855375378,8.295918718175017
4828.123,-4.961969065573256,8.293435417798001
4828.143,-4.962983411966717,8.290933449554817
4828.163,-4.963952565169263,8.288413624745818
4828.183,-4.964876210494845,8.285876760485332
4828.203,-4.965754048064077,8.283323679425452
4828.223,-4.966585792904324,8.280755209478443
4828.243,-4.967371175043696,8.278172183538073
4828.263,-4.96810993959902,8.275575439200091
4828.283,-4.968801846857819,8.272965818482001
4828.303,-4.96944667235443,8.270344167542373
4828.323,-4.970044206940303,8.26771133639973
4828.343,-4.970594256848645,8.265068178651234
4828.363,-4.971096643753443,8.262415551191111
4828.383,-4.971551204823026,8.259754313929005
4828.403,-4.971957792768219,8.257085329508227
4828.423,-4.97231627588521,8.254409463023956
4828.443,-4.972626538093183,8.251727581741397
4828.463,-4.9728884789668095,8.24904055481396
4828.483,-4.973102013763642,8.24634925300136
4828.503,-4.973267073446456,8.243654548387804
4828.523,-4.973383604700609,8.240957314100097
4828.543,-4.973451569946398,8.238258424025867
4828.563,-4.9734709799322365,8.23555867242207
4828.583,-4.973445735737801,8.232861586635881
4828.603,-4.97336821786378,8.230163060511547
4828.623,-4.973242135941107,8.227466347509852
4828.643,-4.973067537654634,8.224772351102938
4828.663,-4.9728444801648175,8.222081944362106
4828.683,-4.972573036317181,8.219395998900378
4828.703,-4.972253294635608,8.21671538481493
4828.723,-4.971885359289088,8.21404097040752
4828.743,-4.971469350053196,8.21137362190405
4828.763,-4.971005402266522,8.208714203175033
4828.783,-4.970493666782111,8.206063575457007
4828.803,-4.969934309913892,8.20342259707497
4828.823,-4.969327513378157,8.20079212316596
4828.843,-4.968673474230065,8.198173005403849
4828.863,-4.967972404795229,8.195566091725407
4828.883,-4.967224532596408,8.192972226057837
4828.903,-4.9664301002753195,8.190392248047782
4828.923,-4.965589365509652,8.187826992791983
4828.943,-4.964702600925299,8.185277290569696
4828.963,-4.963770094003864,8.18274396657693
4828.983,-4.962792146985545,8.18022784066271
4829.003,-4.961769076767432,8.177729727067407
4829.023,-4.960701214797319,8.175250434163317
4829.043,-4.9595889069631225,8.172790764197519
4829.063,-4.95843251347801,8.170351513037236
4829.083,-4.957232408761352,8.167933469917662
4829.103,-4.95598898131559,8.165537417192494
4829.123,-4.954702633599192,8.163164130087122
4829.143,-4.953373781895763,8.160814376454677
4829.163,-4.952002856179499,8.158488916534864
4829.183,-4.950590299977051,8.15618850271576
4829.203,-4.949136570225985,8.153913879298479
4829.223,-4.947642137129908,8.151665782264796
4829.243,-4.946107484010394,8.149444939047712
4829.263,-4.9445331071557925,8.147252068304892
4829.283,-4.942919515666998,8.145087879694941
4829.303,-4.9412672313002455,8.142953073656518
4829.323,-4.939576788306922,8.14084834119008
4829.343,-4.937848733270462,8.138774363642291
4829.363,-4.936083624940218,8.136731812492902
4829.383,-4.9342820340623215,8.134721349144032
4829.403,-4.932444543207377,8.13274362471174
4829.423,-4.930571746594906,8.130799279819739
4829.443,-4.928664249914379,8.128888944395232
4829.463,-4.9267226701426345,8.12701323746674
4829.483,-4.9247476353575275,8.125172766963855
4829.503,-4.922739784547571,8.123368129518973
4829.523,-4.920699767417344,8.121599910270941
4829.543,-4.918628244188501,8.119868682670697
4829.563,-4.916525885396129,8.118175008289054
4829.583,-4.91439337168031,8.116519436626662
4829.603,-4.912231393572731,8.114902504926427
4829.623,-4.910040651278241,8.113324737988542
4829.643,-4.907821854451281,8.111786647988453
4829.663,-4.905575721967196,8.110288734297987
4829.683,-4.9033029816884515,8.10883148330998
4829.703,-4.901004370225895,8.107415368266775
4829.723,-4.898680632695153,8.106040849092846
4829.743,-4.896332522468448,8.104708372231945
4829.763,-4.894856189051487,8.101763153321029
4829.783,-4.8949642822468435,8.095937811304113
4829.803,-4.896435093851497,8.08890606312491
4829.823,-4.89925011298457,8.080950705888773
4829.843,-4.90334268927861,8.07213747626014
4829.863,-4.907711969952161,8.063141655955867
4829.883,-4.912089298405604,8.053845956590928
4829.903,-4.916487939710368,8.044420607051135
4829.923,-4.920854635769417,8.035357170248982
4829.943,-4.925214611590581,8.026344938206963
4829.963,-4.929575830651976,8.017343205856212
4829.983,-4.933937508851089,8.008345036770855
4830.003,-4.938299152397277,7.999346848656351
4830.023,-4.942660786248529,7.990348656229802
4830.043,-4.947022410718902,7.981350459612688
4830.063,-4.95138399046276,7.972351538560641
4830.083,-4.955743682210402,7.963343948625224
4830.103,-4.960104991929505,7.9543456150847
4830.123,-4.9644665026441555,7.945346588661218
4830.143,-4.968827610045713,7.936348123561665
4830.163,-4.973190005381549,7.927344028669725
4830.183,-4.9775508520285845,7.918344311401438
4830.203,-4.981912797171424,7.909337778477265
4830.223,-4.986274328178842,7.9003332812888285
4830.243,-4.990635378211915,7.891325822914527
4830.263,-4.994996906726625,7.8823189888678264
4830.283,-4.999357616615097,7.873316931106988
4830.303,-5.003717943771487,7.864310196098902
4830.323,-5.008078553727469,7.855302252529066
4830.343,-5.01244012912794,7.846294306296068
4830.363,-5.016800364819552,7.837286740012927
4830.383,-5.0211607820131565,7.828280309950388
4830.403,-5.025521221419911,7.819272480381209
4830.423,-5.029880843474216,7.8102732524122915
4830.443,-5.0342406257384855,7.801274156037025
4830.463,-5.038600400349355,7.79227505522138
4830.483,-5.042960166077453,7.783275949273797
4830.503,-5.047319922900079,7.7742768381969185
4830.523,-5.0516796707993565,7.765277722004697
4830.543,-5.056039409752421,7.756278600716224
4830.563,-5.060399139731853,7.747279474355639
4830.583,-5.064758860706228,7.7382803429520495
4830.603,-5.069118572640696,7.729281206539375
4830.623,-5.073478275497593,7.720282065156149
4830.643,-5.077301320683019,7.711848033306403
4830.663,-5.079819206462671,7.704802103735394
4830.683,-5.081743549473213,7.699326198440365
4830.703,-5.083605340085028,7.6955893196805
4830.723,-5.085524601402711,7.693137527297584
4830.743,-5.087612300139087,7.691815253189089
4830.763,-5.089733978600669,7.691535770862625
4830.783,-5.091926517257735,7.692217107516276
4830.803,-5.094252726506746,7.693496839355385
4830.823,-5.096579411932301,7.6949957693404105
4830.843,-5.098868856624639,7.696447242138845
4830.863,-5.101138447595423,7.698208282002951
4830.883,-5.103365926489683,7.6999949493931155
4830.903,-5.1055582874476855,7.7018232279727865
4830.923,-5.107744543254541,7.703402547525298
4830.943,-5.109903199269851,7.70502342282848
4830.963,-5.112032344437869,7.706682889312892
4830.983,-5.114131279306234,7.708380403117089
4831.003,-5.116199325151613,7.710115415066616
4831.023,-5.118235813287017,7.711887363988988
4831.043,-5.12024008516828,7.713695676823394
4831.063,-5.122211492594595,7.7155397687935645
4831.083,-5.12414939790765,7.7174190435839085
4831.103,-5.126053174188605,7.719332893518437
4831.123,-5.127922205453004,7.72128069974264
4831.143,-5.1297558868437285,7.723261832408505
4831.163,-5.131553624822028,7.725275650862834
4831.183,-5.133314837356748,7.7273215038391205
4831.203,-5.135038954111679,7.7293987296531865
4831.223,-5.136725416631104,7.731506656402824
4831.243,-5.138373678523397,7.733644602171664
4831.263,-5.13998320564266,7.735811875237477
4831.283,-5.141553476268158,7.7380077742851
4831.303,-5.143083981281439,7.740231588624129
4831.323,-5.144574224340886,7.742482598411507
4831.343,-5.146023722053397,7.744760074879037
4831.363,-5.147432004142986,7.747063280565843
4831.383,-5.148798613615899,7.74939146955576
4831.403,-5.1501231069219875,7.751743887719503
4831.423,-5.15140505411197,7.754119772961496
4831.443,-5.152644038990271,7.756518355471151
4831.463,-5.15383965926314,7.758938857978343
4831.483,-5.1549915266817,7.761380496012787
4831.503,-5.1578172161055,7.7630742774504
4831.523,-5.163634097103132,7.7634048158300635
4831.543,-5.170756567906188,7.762467328562777
4831.563,-5.178901220634309,7.760258965356934
4831.583,-5.187997466700747,7.75684119672292
4831.603,-5.197296605867078,7.753161250522835
4831.623,-5.206913437302432,7.749516965808966
4831.643,-5.216619288188418,7.745862989481413
4831.663,-5.225936674415498,7.742189897819122
4831.683,-5.235240712408394,7.738519219916263
4831.703,-5.2445417117054465,7.734847288331922
4831.723,-5.253842815152332,7.7311756008958445
4831.743,-5.263143923451342,7.727503925508415
4831.763,-5.27244503607476,7.7238322601165565
4831.783,-5.281746153068544,7.720160604640204
4831.803,-5.2910472744806185,7.716488959023562
4831.823,-5.300348400355341,7.712817323217577
4831.843,-5.309649530732896,7.709145697179832
4831.863,-5.318950665648765,7.705474080874556
4831.883,-5.328251805133267,7.701802474272601
4831.903,-5.337552949211141,7.698130877351359
4831.923,-5.346854097901208,7.69445929009463
4831.943,-5.356155251216063,7.690787712492454
4831.963,-5.365456409161878,7.687116144540879
4831.983,-5.374757571738235,7.683444586241706
4832.003,-5.384058738938059,7.679773037602169
4832.023,-5.393359910747591,7.676101498634596
4832.043,-5.402661087146462,7.672429969356005
4832.063,-5.4119622681078114,7.668758449787699
4832.083,-5.421263453598497,7.665086939954797
4832.103,-5.430564643579352,7.661415439885764
4832.123,-5.439865838005517,7.6577439496119
4832.143,-5.449167036826814,7.654072469166825
4832.163,-5.458468239988206,7.650400998585939
4832.183,-5.467769447430286,7.646729537905881
4832.203,-5.477070659089814,7.6430580871639915
4832.223,-5.486371874900301,7.639386646397745
4832.243,-5.495673094792628,7.635715215644238
4832.263,-5.5049743186956865,7.632043794939635
4832.283,-5.51427554653705,7.628372384318684
4832.303,-5.5235767782436485,7.6247009838142095
4832.323,-5.53287801374247,7.621029593456661
4832.343,-5.542179252961242,7.617358213273666
4832.363,-5.551480495829127,7.613686843289639
4832.383,-5.560781742277384,7.610015483525426
4832.403,-5.570082992240036,7.606344133997974
4832.423,-5.57938424565449,7.602672794720057
4832.443,-5.5886855024621305,7.599001465700056
4832.463,-5.59798676260889,7.595330146941766
4832.483,-5.607288026045747,7.591658838444272
4832.503,-5.616589292729198,7.587987540201873
4832.523,-5.62589056262167,7.584316252204049
4832.543,-5.635192783395194,7.580644914487581
4832.563,-5.644503940204447,7.576976468113076
4832.583,-5.653812741500088,7.5733076235218615
4832.603,-5.6631217529088556,7.569638513668331
4832.623,-5.672429678227345,7.565970478654238
4832.643,-5.681738135108323,7.5623016659593105
4832.663,-5.691039818814264,7.55863143645445
4832.683,-5.70034151285462,7.554961239261482
4832.703,-5.709646115305908,7.55129346961238
4832.723,-5.718954637670689,7.547625533308452
4832.743,-5.728264865045818,7.543957256957347
4832.763,-5.7375752103719355,7.540288916639396
4832.783,-5.746885473308221,7.536620485441161
4832.803,-5.756195666883616,7.532951960417469
4832.823,-5.765505798906026,7.5292833396257794
4832.843,-5.7748145941611995,7.525613344735935
4832.863,-5.784122069709036,7.521944683546066
4832.883,-5.793429619021871,7.518275652989042
4832.903,-5.802736304158899,7.514606209771188
4832.923,-5.812042961795779,7.51093565756376
4832.943,-5.821347844326049,7.507265436002235
4832.963,-5.830654542074517,7.503595422325383
4832.983,-5.839959995595547,7.499924200861829
4833.003,-5.84926598408515,7.496254019998348
4833.023,-5.858571308221712,7.492581667286861
4833.043,-5.867878216292186,7.48891128219248
4833.063,-5.877184188914514,7.48524000313718
4833.083,-5.886491578907113,7.481568969271172
4833.103,-5.895801059670776,7.477897933855424
4833.123,-5.905110573111133,7.474226808308644
4833.143,-5.914420056437828,7.470555512209622
4833.163,-5.923729518427314,7.466884066729815
4833.183,-5.933038955580503,7.463212500031101
4833.203,-5.942348372420607,7.459540827158242
4833.223,-5.951657773966699,7.455869058436333
4833.243,-5.960967113576171,7.452197025373095
4833.263,-5.970273787833889,7.4485234139590055
4833.283,-5.979582817605137,7.444850976808443
4833.303,-5.988322774897605,7.441668289527928
4833.323,-5.995680677248464,7.4396355715076865
4833.343,-6.001422043624793,7.4378875680672385
4833.363,-6.0054550781474285,7.4361962225074905
4833.383,-6.0083607012794005,7.434391924818125
4833.403,-6.010283571530349,7.432424413501731
4833.423,-6.0111437015155715,7.430249358678875
4833.443,-6.011054709119765,7.427909031209597
4833.463,-6.01007917849641,7.4254920519165255
4833.483,-6.008907214165912,7.423060231846492
4833.503,-6.007689126613631,7.42065112809424
4833.523,-6.006427860222242,7.418264390591765
4833.543,-6.005123845068401,7.415900741260729
4833.563,-6.0037775035509,7.4135609443239545
4833.583,-6.002389271434517,7.4112457567347345
4833.603,-6.000959597962819,7.408955927477571
4833.623,-5.9994889457171725,7.406692197331908
4833.643,-5.997977790469679,7.404455298643103
4833.663,-5.996426621033017,7.402245955096249
4833.683,-5.994835939107312,7.4000648814928125
4833.703,-5.993206259124085,7.397912783530012
4833.723,-5.991538108087364,7.395790357582931
4833.743,-5.989832025411957,7.393698290489234
4833.763,-5.988088562758886,7.391637259336431
4833.783,-5.986308283867962,7.389607931251595
4833.803,-5.984491764387419,7.387610963193388
4833.823,-5.98263959170053,7.3856470017463405
4833.843,-5.980752364749055,7.383716682917219
4833.863,-5.978830693853379,7.381820631933449
4833.883,-5.976875200529161,7.3799594630434635
4833.903,-5.974886517300258,7.378133779318959
4833.923,-5.972865287507743,7.3763441724590155
4833.943,-5.970812165114777,7.374591222596117
4833.963,-5.968727814507109,7.37287549810408
4833.983,-5.966612910289016,7.371197555408046
4834.003,-5.9644681370744586,7.369557938796607
4834.023,-5.962294189273349,7.367957180236306
4834.043,-5.96009177087276,7.366395799188697
4834.063,-5.957861595213042,7.364874302430241
4834.083,-5.955604384758809,7.363393183875327
4834.103,-5.953320870864844,7.36195292440272
4834.123,-5.951011793537011,7.360553991685797
4834.143,-5.948677901188296,7.359196840026865
4834.163,-5.946319950390248,7.35788191019595
4834.183,-5.943938705619985,7.3566096292743355
4834.203,-5.9415349390031045,7.355380410503181
4834.223,-5.939109430052832,7.354194653137488
4834.243,-5.936662965405711,7.353052742305666
4834.263,-5.934196338554241,7.351955048874895
4834.283,-5.931710349576796,7.350901929322457
4834.303,-5.929205804865208,7.349893725613159
4834.323,-5.926683516850361,7.348930765082915
4834.343,-5.924144303726122,7.3480133603285696
4834.363,-5.921588989171904,7.347141809103885
4834.383,-5.91901840207417,7.346316394221771
4834.403,-5.916433376247072,7.345537383462602
4834.423,-5.913834750152475,7.34480502948861
4834.443,-5.911223366619503,7.344119569764212
4834.463,-5.908600072563784,7.343481226482181
4834.483,-5.905965718706466,7.342890206495562
4834.503,-5.903321159293112,7.3423467012551775
4834.523,-5.9010087190337535,7.340000226919269
4834.543,-5.899315343697833,7.334425435881079
4834.563,-5.898546401049076,7.327282949009671
4834.583,-5.898771406615614,7.318847382937745
4834.603,-5.899947337082893,7.309201759447842
4834.623,-5.901330227044273,7.299296977041415
4834.643,-5.902533236545539,7.289042319034143
4834.663,-5.903703523111318,7.27870123156674
4834.683,-5.905046456039434,7.268765221733581
4834.703,-5.906405985902781,7.258852962071641
4834.723,-5.90777131293394,7.24894127874074
4834.743,-5.909136647079961,7.2390295131010305
4834.763,-5.910501772503606,7.229117714157013
4834.783,-5.911866660041507,7.219205881426177
4834.803,-5.913231305992948,7.209294014932775
4834.823,-5.914595710090045,7.199382114810308
4834.843,-5.915960468609453,7.189471370542088
4834.863,-5.917327196268522,7.179565549454586
4834.883,-5.918693889542764,7.169659746028327
4834.903,-5.920060573242058,7.159753940282887
4834.923,-5.921427242008602,7.149848131802092
4834.943,-5.922793895816883,7.139942320525136
4834.963,-5.924160534685833,7.13003650639996
4834.983,-5.925527158634237,7.120130689381708
4835.003,-5.92689376768026,7.110224869433197
4835.023,-5.928260361841377,7.10031904652534
4835.043,-5.929626941134281,7.0904132206374815
4835.063,-5.930993505574816,7.080507391757641
4835.083,-5.9323600551779005,7.070601559882669
4835.103,-5.933726589957456,7.060695725018317
4835.123,-5.935093109926349,7.050789887179219
4835.143,-5.936459615096333,7.040884046388769
4835.163,-5.937826105477998,7.030978202678925
4835.183,-5.939192581080728,7.0210723560899115
4835.203,-5.940559041912673,7.011166506669852
4835.223,-5.941925487980721,7.001260654474311
4835.243,-5.943291919290486,6.9913547995657614
4835.263,-5.944658335846299,6.98144894201299
4835.283,-5.94602473765122,6.971543081890423
4835.303,-5.947391124707048,6.961637219277412
4835.323,-5.948757497014353,6.951731354257456
4835.343,-5.950123854572502,6.941825486917383
4835.363,-5.951486317496169,6.931914250918687
4835.383,-5.952849186580142,6.9220016464199325
4835.403,-5.954211966946941,6.912089010312979
4835.423,-5.955574514240272,6.902176340381849
4835.443,-5.956936806471803,6.892263636034455
4835.463,-5.958298839731721,6.882350897280853
4835.483,-5.95966061306541,6.872438124038327
4835.503,-5.961022126364688,6.8625253164407845
4835.523,-5.9623833800119295,6.852612474858108
4835.543,-5.9637443741609895,6.842699599807628
4835.563,-5.965105109543509,6.832786691861554
4835.583,-5.966465586575648,6.822873751366485
4835.603,-5.967825805542215,6.812960778534399
4835.623,-5.969185767946378,6.803047774308708
4835.643,-5.970546923268691,6.793137380280218
4835.663,-5.971909553887249,6.783231005323984
4835.683,-5.973272091213422,6.773324620255387
4835.703,-5.974634612767732,6.763418233886631
4835.723,-5.975997119262267,6.753511846305888
4835.743,-5.9773596107057125,6.743605457509904
4835.763,-5.97872208710042,6.733699067485436
4835.783,-5.980084583724107,6.723792673387941
4835.803,-5.981444583299972,6.713881406563594
4835.823,-5.982803111263642,6.703969004135647
4835.843,-5.984162182537338,6.69405683704314
4835.863,-5.985519811569698,6.684142142054476
4835.883,-5.986877710753014,6.674229928860506
4835.903,-5.988236040412712,6.664319601026157
4835.923,-5.989592357737811,6.654406436323307
4835.943,-5.990949955048839,6.64449258611647
4835.963,-5.992308124227945,6.634579819409007
4835.983,-5.9936660664614925,6.624667021012512
4836.003,-5.995023766574857,6.614754190385506
4836.023,-5.996381223144904,6.6048413272529
4836.043,-5.9977384365167685,6.594928431457712
4836.063,-5.9990954071356475,6.585015502909334
4836.083,-6.000452135350721,6.575102541546822
4836.103,-6.001809288488701,6.5651913102527955
4836.123,-6.003168370685079,6.555284450624972
4836.143,-6.004527433668055,6.545377596646119
4836.163,-6.005886481569588,6.535470740079133
4836.183,-6.007245514482948,6.525563880775483
4836.203,-6.008604532428784,6.515657018676665
4836.223,-6.0099635354262535,6.505750153731764
4836.243,-6.01132252349396,6.495843285897141
4836.263,-6.012681496649891,6.48593641513692
4836.283,-6.0140404549113295,6.476029541423373
4836.303,-6.015399398294785,6.466122664737255
4836.323,-6.01675832681591,6.456215785068026
4836.343,-6.018117240489425,6.4463089024140015
4836.363,-6.019476139329067,6.436402016782396
4836.383,-6.0208350233475025,6.426495128189293
4836.403,-6.02219389255629,6.416588236659515
4836.423,-6.023552746965831,6.406681342226399
4836.443,-6.0249115865853184,6.396774444931502
4836.463,-6.026270411422716,6.386867544824205
4836.483,-6.0276292214847285,6.376960641961248
4836.503,-6.028988016776793,6.36705373640619
4836.523,-6.03034679730307,6.357146828228795
4836.543,-6.031705563066457,6.347239917504351
4836.563,-6.033064314068593,6.337333004312948
4836.583,-6.034423050309903,6.327426088738689
4836.603,-6.035781475195232,6.317518495985647
4836.623,-6.037136326294832,6.307606192831942
4836.643,-6.038491563980948,6.297692537069627
4836.663,-6.039846674583029,6.2877788471795055
4836.683,-6.041201545092797,6.2778651219015815
4836.703,-6.042175759727039,6.268522366773057
4836.723,-6.0426868828926805,6.260589951784498
4836.743,-6.042737517033934,6.2542991555084955
4836.763,-6.0426410435773406,6.249723841425287
4836.783,-6.042747712390696,6.246236009019886
4836.803,-6.0435061580848695,6.243519171505053
4836.823,-6.044775459039508,6.241623387062807
4836.843,-6.046550150418137,6.240574400742186
4836.863,-6.048786040444194,6.240326677290819
4836.883,-6.05134785335368,6.240720402479555
4836.903,-6.053985475362893,6.241291974638293
4836.923,-6.056612809471013,6.241912019602085
4836.943,-6.059228559672337,6.242579252417993
4836.963,-6.061831865160527,6.2432934530063395
4836.983,-6.064421882969411,6.244054389285122
4837.003,-6.066997774625653,6.244861814097104
4837.023,-6.069558706309975,6.245715465267243
4837.043,-6.072103849122985,6.24661506569324
4837.063,-6.07463237935,6.247560323440977
4837.083,-6.077143478723868,6.248550931844646
4837.103,-6.079636334685674,6.249586569611372
4837.123,-6.0821101406432385,6.250666900930371
4837.143,-6.08456409622725,6.251791575586466
4837.163,-6.0869974075449305,6.2529602290779085
4837.183,-6.089409287431143,6.254172482738376
4837.203,-6.091798955696784,6.255427943863055
4837.223,-6.09416563937442,6.256726205838655
4837.243,-6.09650857296104,6.258066848277224
4837.263,-6.098826998657863,6.259449437153667
4837.283,-6.10112016660716,6.260873524946777
4837.303,-6.103387335126021,6.26233865078369
4837.323,-6.10562777093706,6.263844340587608
4837.343,-6.107840749396062,6.265390107228663
4837.363,-6.110025554716558,6.266975450677833
4837.383,-6.1121814801914125,6.2685998581638085
4837.403,-6.114307828411438,6.27026280433269
4837.423,-6.117592949518814,6.270505111291947
4837.443,-6.122937399546902,6.268185017068832
4837.463,-6.1288780244250125,6.264145241132823
4837.483,-6.135160342148957,6.258510709618659
4837.503,-6.141748873589781,6.251368257210956
4837.523,-6.148400612418949,6.243900456439467
4837.543,-6.155206391534509,6.236227604386794
4837.563,-6.162089562703611,6.228455122887648
4837.583,-6.168775967623402,6.220947404556552
4837.603,-6.175418474595323,6.2134642342460396
4837.623,-6.182068814986952,6.205992972827788
4837.643,-6.188718995674842,6.198521615330443
4837.663,-6.1953690880206995,6.191050174191416
4837.683,-6.202019096051543,6.1835786551661025
4837.703,-6.208669020688221,6.176107061052535
4837.723,-6.215318862399386,6.16863539380177
4837.743,-6.221968621520208,6.161163655241639
4837.763,-6.228618298296302,6.153691846913229
4837.783,-6.235267893137994,6.146219970928573
4837.803,-6.241917406263135,6.138748029171142
4837.823,-6.248566837901275,6.131276023662179
4837.843,-6.255216188479596,6.123803956469551
4837.863,-6.26186545857367,6.11633183101724
4837.883,-6.268514648741458,6.108859651361849
4837.903,-6.274626944779112,6.101955365616148
4837.923,-6.279477390359551,6.09631527248872
4837.943,-6.282905856164161,6.092160911719621
4837.963,-6.285738361482367,6.089505913313766
4837.983,-6.288380036626883,6.088062444082174
4838.003,-6.290818713769349,6.087686300471801
4838.023,-6.293048552692224,6.088316532509322
4838.043,-6.295048253662372,6.089921242190633
4838.063,-6.29695171070968,6.0918357054172265
4838.083,-6.2988197539726,6.093784470506729
4838.103,-6.300652423168712,6.095766542271708
4838.123,-6.302449131215391,6.097781280293785
4838.143,-6.304209296639257,6.099828033049516
4838.163,-6.305932349603176,6.101906138611951
4838.183,-6.307617732150485,6.10401492485262
4838.203,-6.30926489838805,6.106153709644579
4838.223,-6.310873314666771,6.108321801069784
4838.243,-6.31244245975999,6.110518497630971
4838.263,-6.313971825039669,6.112743088468235
4838.283,-6.315460914650072,6.114994853580435
4838.303,-6.316909245678752,6.1172730640514805
4838.323,-6.318316348324515,6.119576982281567
4838.343,-6.319681766062095,6.121905862223298
4838.363,-6.321005055803185,6.124258949622668
4838.383,-6.322285788053513,6.126635482264703
4838.403,-6.323523547065636,6.129034690223648
4838.423,-6.324717930987111,6.131455796117427
4838.443,-6.32586855200378,6.133898015366123
4838.463,-6.326975036477856,6.13636055645418
4838.483,-6.328037025080609,6.13884262119601
4838.503,-6.329054172919377,6.141343405004639
4838.523,-6.33002614965882,6.143862097163118
4838.543,-6.33272171623132,6.145756125357044
4838.563,-6.338499357346013,6.1465072076562155
4838.583,-6.345670979594756,6.146088157118707
4838.603,-6.3539541561641935,6.144475615715777
4838.623,-6.363274063832252,6.141725742182253
4838.643,-6.372815378967095,6.138729049889478
4838.663,-6.382688119294465,6.135811200381508
4838.683,-6.392667169774755,6.132893197627341
4838.703,-6.402236415769409,6.129919942360391
4838.723,-6.41179267335153,6.126939427349464
4838.743,-6.4213492215093435,6.1239580093470405
4838.763,-6.430905803047511,6.120977164151907
4838.783,-6.44046266922797,6.117996801011253
4838.803,-6.450019562364549,6.115016912174677
4838.823,-6.459576560427807,6.112037618525176
4838.843,-6.469131292178789,6.109057949296023
4838.863,-6.478675959466841,6.106074661173845
4838.883,-6.488220642601462,6.103091485910852
4838.903,-6.497765312402392,6.100108345452119
4838.923,-6.507309963235409,6.097125244864052
4838.943,-6.51685451921703,6.094142270715847
4838.963,-6.526398860596908,6.091159509311392
4838.983,-6.535943223680624,6.088176661517973
4839.003,-6.545487589661751,6.085193824418211
4839.023,-6.555031958293367,6.082210998920006
4839.043,-6.564578767931289,6.079229855882882
4839.063,-6.574124445220877,6.07624877270667
4839.083,-6.583673816181854,6.073268385612757
4839.103,-6.593227128443203,6.070288290803359
4839.123,-6.602783013701727,6.067309556426059
4839.143,-6.612331471127015,6.0643311676880876
4839.163,-6.621885729961371,6.061352741545542
4839.183,-6.631435396733268,6.058375183764568
4839.203,-6.640984462218068,6.055395772596319
4839.223,-6.650529277595118,6.052414367271109
4839.243,-6.660074095814718,6.049433001395734
4839.263,-6.669622415180925,6.046452510348117
4839.283,-6.679169416624982,6.043472495644639
4839.303,-6.688714260732539,6.040491228144525
4839.323,-6.69825912404218,6.037510007346527
4839.343,-6.70780399118548,6.034528798538386
4839.363,-6.7173488620942035,6.031547601353538
4839.383,-6.726893736844852,6.028566415730653
4839.403,-6.736438615512898,6.025585241614088
4839.423,-6.74598349817054,6.022604078951384
4839.443,-6.755528384885934,6.01962292769342
4839.463,-6.76507327572243,6.016641787794561
4839.483,-6.7746181707379085,6.013660659212804
4839.503,-6.784163069984141,6.010679541909897
4839.523,-6.793707973506222,6.00769843585143
4839.543,-6.803252881342084,6.0047173410069155
4839.563,-6.812797793522068,6.001736257349828
4839.583,-6.8223427100685825,5.998755184857618
4839.603,-6.831887630995835,5.995774123511722
4839.623,-6.8414325563096625,5.992793073297509
4839.643,-6.85097748600743,5.989812034204222
4839.663,-6.860522420078024,5.986831006224889
4839.683,-6.870067358501938,5.9838499893561945
4839.703,-6.879612301251428,5.9808689835983415
4839.723,-6.889157248290768,5.977887988954865
4839.743,-6.89870219957658,5.9749070054324465
4839.763,-6.908247155058234,5.971926033040683
4839.783,-6.917792114678335,5.968945071791849
4839.803,-6.927337078373273,5.965964121700625
4839.823,-6.9368820460738325,5.962983182783835
4839.843,-6.946427017705867,5.9600022550601315
4839.863,-6.955971993191019,5.957021338549702
4839.883,-6.965516972447479,5.954040433273947
4839.903,-6.975061955390791,5.951059539255161
4839.923,-6.984606941934674,5.948078656516205
4839.943,-6.994151931991868,5.945097785080183
4839.963,-7.003696925474997,5.942116924970111
4839.983,-7.0132419222974205,5.939136076208603
4840.003,-7.022789983870041,5.936156047751822
4840.023,-7.03173635037864,5.9337075369741425
4840.043,-7.039260051689109,5.932212043685847
4840.063,-7.045185383695306,5.930908801293284
4840.083,-7.049416834321216,5.929494515294954
4840.103,-7.052590999519826,5.927884499880093
4840.123,-7.054818593413938,5.92612060215441
4840.143,-7.0560089965358115,5.9242320596196745
4840.163,-7.056478100416992,5.9220035314496835
4840.183,-7.0561252077305525,5.919546681744938
4840.203,-7.055184136875636,5.917008713737088
4840.223,-7.054290621068137,5.914395064117429
4840.243,-7.053432268482594,5.911666885426796
4840.263,-7.052568340480085,5.90890678882958
4840.283,-7.051628923815094,5.906159274491751
4840.303,-7.050549611160559,5.903599019139521
4840.323,-7.049515206226518,5.900925739656241
4840.343,-7.04836328998994,5.898334980511413
4840.363,-7.047238320352158,5.895663318273534
4840.383,-7.046017739332976,5.893088111618213
4840.403,-7.04478661726881,5.8904238500120805
4840.423,-7.043462587267608,5.887941153610027
4840.443,-7.042134944559358,5.885340204341387
4840.463,-7.0407330569091275,5.882850943262973
4840.483,-7.039341785120688,5.880171695165953
4840.503,-7.037828415597083,5.877719361677046
4840.523,-7.036264603124947,5.875322933992165
4840.543,-7.03468192110693,5.8729051745199845
4840.563,-7.033093427161841,5.87040807370248
4840.583,-7.031403911211438,5.868041560420698
4840.603,-7.0295508161971965,5.866081850962803
4840.623,-7.027660134262922,5.864155024880069
4840.643,-7.025735069730466,5.862262523364931
4840.663,-7.023776251755004,5.8604049665471365
4840.683,-7.021784313731682,5.858582955796778
4840.703,-7.019759899753035,5.856797081044098
4840.723,-7.017703664474941,5.85504792065547
4840.743,-7.015616272921395,5.853336041246615
4840.763,-7.013498400284636,5.8516619974969295
4840.783,-7.011350731720834,5.850026331965619
4840.803,-7.009173962141133,5.848429574909699
4840.823,-7.0069687959978575,5.846872244104104
4840.843,-7.004735947065699,5.8453548446640795
4840.863,-7.002476138217799,5.8438778688701385
4840.883,-7.000190101196637,5.842441795995859
4840.903,-6.99787857637976,5.841047092138882
4840.923,-6.995542312540373,5.8396942100554154
4840.943,-6.993182066602938,5.838383588998628
4840.963,-6.990798603393958,5.837115654561276
4840.983,-6.9883926953881605,5.835890818522934
4841.003,-6.985965122450371,5.834709478702118
4841.023,-6.983516671573384,5.83357201881366
4841.043,-6.981048136612209,5.8324788083315795
4841.063,-6.978560318014973,5.831430202357682
4841.083,-6.9760540225509775,5.830426541496116
4841.103,-6.973530063036182,5.829468151733988
4841.123,-6.97098925805652,5.828555344328213
4841.143,-6.968432431689417,5.827688415698593
4841.163,-6.965860413223804,5.8268676473272265
4841.183,-6.963274036878948,5.826093305664182
4841.203,-6.960674141522369,5.825365642039439
4841.223,-6.958531966820959,5.8228627408069595
4841.243,-6.957233828742081,5.817182914607354
4841.263,-6.956967785441302,5.810004067576157
4841.283,-6.957783936475694,5.801605039695944
4841.303,-6.959633522369457,5.792065635072074
4841.323,-6.961707716432877,5.7822822513163725
4841.343,-6.963645106715093,5.772154601335348
4841.363,-6.965569072726409,5.761956325290134
4841.383,-6.967624607520422,5.752162594023806
4841.403,-6.969687440633495,5.742378041269975
4841.423,-6.971750243234977,5.73259349382406
4841.443,-6.973813031952908,5.7228089426330735
4841.463,-6.975875806953736,5.71302438758968
4841.483,-6.977938568244808,5.70323982869594
4841.503,-6.98000131582808,5.693455265963008
4841.523,-6.982064049701857,5.6836706994100075
4841.543,-6.984126769861043,5.673886129063898
4841.563,-6.98618947629743,5.66410155495931
4841.583,-6.988252169000003,5.65431697713827
4841.603,-6.9903148479552435,5.644532395649867
4841.623,-6.992377513147469,5.634747810549829
4841.643,-6.994440164559169,5.62496322190004
4841.663,-6.99650280217136,5.615178629767988
4841.683,-6.998565425963934,5.605394034226151
4841.703,-7.0006280359160185,5.595609435351337
4841.723,-7.002208752533358,5.586378986672683
4841.743,-7.003225367334991,5.578506657047033
4841.763,-7.003870665240438,5.5723383788449
4841.783,-7.004232061296429,5.567930937192191
4841.803,-7.004158864705566,5.564428136866168
4841.823,-7.003479886341421,5.561417911468058
4841.843,-7.002212089136533,5.5589221982874095
4841.863,-7.000364457311126,5.556951850485241
4841.883,-6.997953785424172,5.555520999526609
4841.903,-6.995136800616592,5.554667387159955
4841.923,-6.992308093904631,5.55399171544057
4841.943,-6.989524740042122,5.553497913764385
4841.963,-6.986776264538192,5.553103522509339
4841.983,-6.984076469239843,5.552914813131364
4842.003,-6.9813798114378205,5.552786772424144
4842.023,-6.978681259985179,5.552707282024831
4842.043,-6.97598171384721,5.5526763765672476
4842.063,-6.9732845761803315,5.552685059930667
4842.083,-6.9705888333059995,5.55273900369642
4842.103,-6.9678952398781275,5.552839375977562
4842.123,-6.965203970157029,5.55298827775596
4842.143,-6.962515819823958,5.553187585946839
4842.163,-6.959832320436059,5.55343317357873
4842.183,-6.9571537228549305,5.553727094675496
4842.203,-6.954480859301365,5.5540711926204995
4842.223,-6.9518151844554685,5.554461289937431
4842.243,-6.949156995834646,5.554899397097349
4842.263,-6.946507164073958,5.555387280619403
4842.283,-6.943867031108441,5.555920741154241
4842.303,-6.941236939903619,5.556501754810905
4842.323,-6.938617789477405,5.557132012329914
4842.343,-6.936010829213246,5.557807296840572
4842.363,-6.933416439562959,5.558529539387768
4842.383,-6.9308355453384305,5.5593003523211175
4842.403,-6.928269300208682,5.560115512680771
4842.423,-6.925717390299862,5.560982707974159
4842.443,-6.923179878019227,5.561903670692785
4842.463,-6.9206593254444515,5.562870159948384
4842.483,-6.918156585822038,5.563881853117452
4842.503,-6.915672469528665,5.564938421852207
4842.523,-6.913207780475198,5.56603952342307
4842.543,-6.91076331618952,5.567184800753752
4842.563,-6.908339867570514,5.568373882541853
4842.583,-6.905938218641363,5.569606383384114
4842.603,-6.903559146305344,5.570881903905525
4842.623,-6.901203420104246,5.572200030892145
4842.643,-6.898871801979482,5.573560337427514
4842.663,-6.89656504603599,5.574962383032579
4842.683,-6.894283898308992,5.576405713808978
4842.703,-6.892029096533632,5.577889862585558
4842.723,-6.889801369917553,5.579414349068044
4842.743,-6.88760143891641,5.580978679991706
4842.763,-6.885430015012307,5.5825823492769535
4842.783,-6.8832878004951255,5.584224838187768
4842.803,-6.881175488246703,5.585905615492898
4842.823,-6.8790937615277725,5.587624137629779
4842.843,-6.8770432937675965,5.589379848871179
4842.863,-6.875024748356164,5.591172181494574
4842.883,-6.873038778438876,5.593000555954313
4842.903,-6.871086026713557,5.594864381056625
4842.923,-6.869167125229735,5.59676305413765
4842.943,-6.867282695190031,5.598695961244561
4842.963,-6.865433346753587,5.600662477320012
4842.983,-6.863619678841477,5.602661966390088
4843.003,-6.861842278944038,5.60469378175595
4843.023,-6.860101722930117,5.6067572661894385
4843.043,-6.858398574858261,5.608851752132823
4843.063,-6.856733386789939,5.610976561902932
4843.083,-6.855106698604874,5.613131007899826
4843.103,-6.851994446942477,5.614211163655788
4843.123,-6.846232832284515,5.613345209058426
4843.143,-6.839452393108937,5.610971073789893
4843.163,-6.831931222136944,5.607143915315877
4843.183,-6.823725943743528,5.601938460110171
4843.203,-6.815375775894043,5.596434927316094
4843.223,-6.806764956553346,5.590851119168184
4843.243,-6.798002359910228,5.585210615748885
4843.263,-6.789605367887533,5.579698678537169
4843.283,-6.781244908837712,5.574196331884242
4843.303,-6.7728928859088695,5.568698059310512
4843.323,-6.764540658140963,5.563199746108002
4843.343,-6.756188439519627,5.557701423682465
4843.363,-6.747836216889409,5.552203106209897
4843.383,-6.739483990086002,5.546704793777019
4843.403,-6.73113175907142,5.5412064863527055
4843.423,-6.722779523814251,5.535708183910574
4843.443,-6.7144272842889,5.530209886430229
4843.463,-6.706075040475911,5.524711593897336
4843.483,-6.6977227923622245,5.519213306303669
4843.503,-6.689370539941384,5.51371502364708
4843.523,-6.681018283213656,5.508216745931409
4843.543,-6.672666022186096,5.502718473166353
4843.563,-6.664313756872533,5.497220205367271
4843.583,-6.655961487293492,5.49172194255493
4843.603,-6.647609213476044,5.486223684755218
4843.623,-6.639256935453583,5.480725431998794
4843.643,-6.630904653265553,5.4752271843207
4843.663,-6.622552366957091,5.469728941759934
4843.683,-6.614200076578637,5.46423070435898
4843.703,-6.605847782185465,5.458732472163315
4843.723,-6.597495483837172,5.453234245220881
4843.743,-6.589694085662461,5.4482775817643265
4843.763,-6.583221162909103,5.444587338921266
4843.783,-6.578271675086429,5.441955937383937
4843.803,-6.575036342863302,5.439562075683925
4843.823,-6.5730443301436186,5.437170072086744
4843.843,-6.5722140661207105,5.434891939904965
4843.863,-6.5723865727718636,5.432591173887743
4843.883,-6.573562539391602,5.430373510836266
4843.903,-6.575176940948541,5.428214709586345
4843.923,-6.5768389485110035,5.4260877252146775
4843.943,-6.578539028287171,5.4239909039035865
4843.963,-6.580276574236593,5.421925013049784
4843.983,-6.582051023120205,5.419890721913664
4844.003,-6.5838618006160825,5.417888688800137
4844.023,-6.585708320904301,5.415919561656862
4844.043,-6.587589986751723,5.41398397788522
4844.063,-6.589506189635442,5.412082564143251
4844.083,-6.591456309889644,5.410215936149016
4844.103,-6.593439716868635,5.408384698485062
4844.123,-6.5954557691215605,5.406589444404333
4844.143,-6.597503814576078,5.404830755637702
4844.163,-6.599583190729376,5.403109202203226
4844.183,-6.601693224845563,5.40142534221726
4844.203,-6.603833234158924,5.399779721707512
4844.223,-6.606002526082742,5.3981728744282425
4844.243,-6.608200398423583,5.396605321677739
4844.263,-6.610426139600945,5.395077572118378
4844.283,-6.612679028872259,5.393590121599454
4844.303,-6.614958336563169,5.392143452983135
4844.323,-6.617263324303015,5.390738035973852
4844.343,-6.619593245265384,5.389374326951447
4844.363,-6.621947344413598,5.388052768808447
4844.383,-6.623436183860508,5.385113937094725
4844.403,-6.623354210296622,5.379287412136032
4844.423,-6.621915177581291,5.372248035678301
4844.443,-6.619136134502727,5.364278753051824
4844.463,-6.615083782369488,5.355445895218135
4844.483,-6.610756403522463,5.346429628703116
4844.503,-6.606424641376968,5.337159770616546
4844.523,-6.602054438208377,5.327609270631135
4844.543,-6.597737286972535,5.318572503477015
4844.563,-6.593416013482588,5.309548403339577
4844.583,-6.589095931037672,5.300526304119283
4844.603,-6.584775649283321,5.291502976627764
4844.623,-6.580455536863268,5.282480889157044
4844.643,-6.576135513549818,5.27346115080742
4844.663,-6.571815371664841,5.264442728211732
4844.683,-6.567495233790627,5.255424307348919
4844.703,-6.5631751029037115,5.246405880043592
4844.723,-6.5588549831745935,5.237387447970068
4844.743,-6.554534880152198,5.22836900669957
4844.763,-6.550214799872852,5.219350554579851
4844.783,-6.545894748520835,5.210332087985919
4844.803,-6.54157473223233,5.201313604310816
4844.823,-6.53725475728726,5.192295100358498
4844.843,-6.532934830157524,5.183276573260262
4844.863,-6.528614956774345,5.174258020185084
4844.883,-6.5242951438898,5.165239438205372
4844.903,-6.519975397195217,5.15622082470766
4844.923,-6.515655722757015,5.147202177132767
4844.943,-6.511336126514019,5.138183493258504
4844.963,-6.507016615127987,5.129164770706709
4844.983,-6.502697195553918,5.120146007501561
4845.003,-6.498377875377268,5.111127201952026
4845.023,-6.494058662734303,5.102108353057599
4845.043,-6.4897395704701575,5.0930894604356025
4845.063,-6.485418540279593,5.084065415078071
4845.083,-6.481098853708344,5.075046692095706
4845.103,-6.476779353445596,5.066028197125968
4845.123,-6.472459844481065,5.057009697374314
4845.143,-6.4681403446450165,5.047991193167417
4845.163,-6.4638208541130036,5.038972684534835
4845.183,-6.459501372887372,5.029954171494238
4845.203,-6.455181900963777,5.020935654064786
4845.223,-6.450862438332607,5.011917132267315
4845.243,-6.446542984978862,5.002898606124226
4845.263,-6.442223540882078,4.993880075659407
4845.283,-6.437904106016313,4.984861540898076
4845.303,-6.43358559242349,4.975838034736901
4845.323,-6.42926632323639,4.966819417987035
4845.343,-6.42494707866584,4.957800792668561
4845.363,-6.420628549459105,4.948780947860947
4845.383,-6.416310042428889,4.939752990913193
4845.403,-6.4119907786576995,4.930734418205517
4845.423,-6.407671914398195,4.92171570534303
4845.443,-6.4033538397987515,4.9126870517002095
4845.463,-6.399034641025882,4.903667988718367
4845.483,-6.394715498223947,4.8946493168648955
4845.503,-6.390396365626969,4.885630639379987
4845.523,-6.386077241966787,4.876611957742881
4845.543,-6.381758127147085,4.867593272000982
4845.563,-6.377439021080997,4.858574582185939
4845.583,-6.373119923682927,4.849555888327289
4845.603,-6.368800834869048,4.840537190452429
4845.623,-6.364481754557886,4.831518488586491
4845.643,-6.3601626826708735,4.82249978275221
4845.663,-6.3558436191329,4.8134810729698305
4845.683,-6.351524563872827,4.804462359257012
4845.703,-6.347205516823988,4.795443641628774
4845.723,-6.342886477924631,4.78642492009745
4845.743,-6.3385676327748675,4.777405152260834
4845.763,-6.334248428325206,4.768384937579077
4845.783,-6.329929421665922,4.75936354729396
4845.803,-6.325610018668592,4.750343308797026
4845.823,-6.321292106107188,4.741318543126644
4845.843,-6.316974340222935,4.732295020672128
4845.863,-6.312659473454266,4.723264868517331
4845.883,-6.308341908346582,4.7142406474283
4845.903,-6.304024371859836,4.7052163788247325
4845.923,-6.29970699082747,4.6961920202587155
4845.943,-6.295389779997127,4.687167571030005
4845.963,-6.291072741701949,4.6781430337712
4845.983,-6.286755876290587,4.669118410803675
4846.003,-6.282439183418145,4.660093704459518
4846.023,-6.278122662621851,4.651068917132848
4846.043,-6.274313895037388,4.642619399919973
4846.063,-6.271577597833467,4.635425292208813
4846.083,-6.269639523379382,4.629902280680115
4846.103,-6.268441716805648,4.626029195296512
4846.123,-6.268094831663478,4.62302868845856
4846.143,-6.268591593116367,4.620578297155547
4846.163,-6.269932036545375,4.618691866269396
4846.183,-6.272099400099346,4.617397778418492
4846.203,-6.27459515240104,4.616367839787841
4846.223,-6.277108850930543,4.615383278303027
4846.243,-6.279639874580826,4.614444115790392
4846.263,-6.282187403792048,4.613550654705296
4846.283,-6.2847506125334425,4.612703185593015
4846.303,-6.287328669587606,4.611901984077676
4846.323,-6.289920738849565,4.611147310730566
4846.343,-6.292525979614385,4.610439410976905
4846.363,-6.295143546865761,4.609778515009716
4846.383,-6.297772591565417,4.609164837710434
4846.403,-6.300412260943008,4.608598578576174
4846.423,-6.303061698786278,4.608079921653566
4846.443,-6.305720045731237,4.6076090354790376
4846.463,-6.3083864395522005,4.607186073025437
4846.483,-6.311060015451513,4.606811171654826
4846.503,-6.313739906348889,4.606484453077325
4846.523,-6.316425243170227,4.606206023315865
4846.543,-6.319115155135893,4.6059759726767115
4846.563,-6.3218087700483965,4.605794375725624
4846.583,-6.3245052145794425,4.605661291269544
4846.603,-6.327203614556338,4.605576762343688
4846.623,-6.329903095247753,4.605540816203964
4846.643,-6.332599981172244,4.60554658219513
4846.663,-6.335295178155944,4.60559349654595
4846.683,-6.337989318372575,4.605690878002746
4846.703,-6.340680581906795,4.605834619056074
4846.723,-6.343368710021344,4.606026881612511
4846.743,-6.346052985978921,4.606269472053768
4846.763,-6.34873183541022,4.606558226519188
4846.783,-6.3514049776273955,4.606895282026877
4846.803,-6.35407163540314,4.607282377900656
4846.823,-6.356730333203138,4.607715319033468
4846.843,-6.35938075145467,4.608196191031713
4846.863,-6.362022080325181,4.608726675474586
4846.883,-6.364652948223183,4.609302551904034
4846.903,-6.367272990303361,4.60992585187652
4846.923,-6.369881357997552,4.610598193260108
4846.943,-6.372476789734245,4.611315341053639
4846.963,-6.375058877010329,4.612079269902253
4846.983,-6.377626740049376,4.612891527638881
4847.003,-6.3801792241987085,4.613747875630511
4847.023,-6.3827158800506885,4.614650228469661
4847.043,-6.385235805004099,4.615600058094676
4847.063,-6.387738750618322,4.616598960136223
4847.083,-6.390224866237923,4.617650768853659
4847.103,-6.392691670689906,4.6187471559685145
4847.123,-6.395138334514773,4.619887757478451
4847.143,-6.397564065794463,4.621072203463659
4847.163,-6.39996807975357,4.622300109967717
4847.183,-6.4023495987189465,4.623571079050766
4847.203,-6.404707852358213,4.624884698921406
4847.223,-6.407042077918322,4.626240544072892
4847.243,-6.40935152046143,4.627638175422816
4847.263,-6.411635433097999,4.629077140456153
4847.283,-6.413893077217056,4.630556973371574
4847.303,-6.416123722713577,4.632077195230894
4847.323,-6.41832664821299,4.633637314111559
4847.343,-6.420501141292771,4.635236825262045
4847.363,-6.422646498701178,4.636875211260127
4847.383,-6.424762026573166,4.638551942173922
4847.403,-6.4268470406435245,4.640266475725667
4847.423,-6.428900866457345,4.642018257458219
4847.443,-6.432172785554577,4.642399921439758
4847.463,-6.437610980329667,4.640308943134806
4847.483,-6.443717880956706,4.636525160012768
4847.503,-6.4502339113209155,4.6311625735818875
4847.523,-6.457119935797409,4.6243064418807
4847.543,-6.464082928377043,4.617127972554057
4847.563,-6.4712196858338755,4.609762715051021
4847.583,-6.4784527960667955,4.602292910075796
4847.603,-6.485437566743635,4.5950933681603
4847.623,-6.492402714213405,4.587914363905979
4847.643,-6.499367467499742,4.5807357923634315
4847.663,-6.506332207487879,4.5735572885794005
4847.683,-6.51329751914025,4.566378250992576
4847.703,-6.5202609916619,4.559200699890206
4847.723,-6.527223409527677,4.552023255988227
4847.743,-6.534185827981115,4.544845821260992
4847.763,-6.541148245013826,4.537668385273367
4847.783,-6.548110660621123,4.530490947895653
4847.803,-6.555073074805957,4.523313509095647
4847.823,-6.5620354875746845,4.516136068845683
4847.843,-6.568997898937206,4.508958627122143
4847.863,-6.575960308906977,4.5017811839057975
4847.883,-6.582394449725458,4.49513407067277
4847.903,-6.587563032714885,4.489754693427087
4847.923,-6.591279774124948,4.4858445861169995
4847.943,-6.594217460790372,4.483340419897524
4847.963,-6.5968912623677465,4.482032123510809
4847.983,-6.599331878672643,4.481779758603989
4848.003,-6.601526936605587,4.482527841586083
4848.023,-6.603452348646485,4.48423564807503
4848.043,-6.6052740218985635,4.486228434750149
4848.063,-6.607059148641511,4.4882534414415165
4848.083,-6.608807545653049,4.490310249969398
4848.103,-6.610518650667128,4.492398197189009
4848.123,-6.6121919096989386,4.494516607830231
4848.143,-6.6138267808446445,4.496664796678153
4848.163,-6.615422734495181,4.4988420687978525
4848.183,-6.61697925351391,4.501047719747113
4848.203,-6.618495833411699,4.50328103579374
4848.223,-6.619971982519565,4.505541294137734
4848.243,-6.62140722215858,4.507827763138434
4848.263,-6.622801086806784,4.510139702546608
4848.283,-6.625784154931256,4.5115376393599185
4848.303,-6.631604509427202,4.511275540593127
4848.323,-6.638594954452579,4.509619365293271
4848.343,-6.646473211605549,4.506595060513499
4848.363,-6.6551752666018515,4.502270999538771
4848.383,-6.664052478222563,4.497665527987441
4848.403,-6.673222437877406,4.493036954590497
4848.423,-6.6825124056221865,4.488369526987634
4848.443,-6.691429751804399,4.483758439204218
4848.463,-6.700313186666768,4.479152989797675
4848.483,-6.7091919879595165,4.474553136342051
4848.503,-6.718070785328801,4.469953299357755
4848.523,-6.7269495873646985,4.465353469849012
4848.543,-6.735828394155996,4.460753647716556
4848.563,-6.744707205689251,4.456153832957932
4848.583,-6.753586021943227,4.451554025577278
4848.603,-6.762464842890024,4.446954225584055
4848.623,-6.771343668495249,4.4423544329926985
4848.643,-6.780222498718251,4.437754647822196
4848.663,-6.788538877981534,4.43369074568754
4848.683,-6.795508639350856,4.430909116364098
4848.703,-6.800904094585957,4.428805364162475
4848.723,-6.804521239208361,4.426785593696091
4848.743,-6.806922577783742,4.424719419106907
4848.763,-6.808224623768959,4.422533691494656
4848.783,-6.808502098791047,4.420228569327129
4848.803,-6.807791984577581,4.417903511012311
4848.823,-6.806424461430015,4.415599231747399
4848.843,-6.804995110378108,4.413309126075806
4848.863,-6.803524733724608,4.411045299176925
4848.883,-6.802013853563975,4.408808301364289
4848.903,-6.800462959100658,4.406598854459472
4848.923,-6.79887255185233,4.404417673199929
4848.943,-6.797243146073289,4.402265463248138
4848.963,-6.79557526859562,4.400142920952913
4848.983,-6.793869458663065,4.398050733132293
4849.003,-6.792656045348007,4.396297434070569
4849.023,-6.792300942869613,4.395203743574488
4849.043,-6.7923514728862395,4.3947421503041895
4849.063,-6.793184944666535,4.395308968057202
4849.083,-6.794792998713591,4.3970017461640545
4849.103,-6.7964539254414005,4.399129334761989
4849.123,-6.798075433820284,4.401287632799755
4849.143,-6.799657838301903,4.40347476819961
4849.163,-6.80120063231836,4.405690036323986
4849.183,-6.802703315997592,4.407932720445677
4849.203,-6.804165402272969,4.410202094826005
4849.223,-6.805586417110905,4.4124974249668725
4849.243,-6.8069658996768325,4.414817967842889
4849.263,-6.808303402497358,4.417162972138274
4849.283,-6.809598491618848,4.419531678488616
4849.303,-6.8108507467621004,4.4219233197274335
4849.323,-6.812059761472764,4.42433712113731
4849.343,-6.813225143267193,4.426772300705394
4849.363,-6.814346513773393,4.429228069382966
4849.383,-6.815423508866806,4.431703631348803
4849.403,-6.816455778800641,4.434198184275997
4849.423,-6.817442988330579,4.436710919601871
4849.443,-6.818384816833615,4.439241022800658
4849.463,-6.819280958420961,4.4417876736586095
4849.483,-6.820131122044842,4.444350046551155
4849.503,-6.820935031599163,4.44692731072184
4849.523,-6.82169242601402,4.449518630562697
4849.543,-6.822403059344023,4.452123165895822
4849.563,-6.823066700850483,4.4547400722558645
4849.583,-6.823683135077518,4.4573685011732485
4849.603,-6.824252161922138,4.460007600457933
4849.623,-6.824773596698387,4.462656514483529
4849.643,-6.825247270195639,4.465314384471679
4849.663,-6.825673028731141,4.467980348776553
4849.683,-6.8260507341969,4.470653543169415
4849.703,-6.826380264100994,4.473333101123157
4849.723,-6.826661511603425,4.476018154096763
4849.743,-6.826894385546547,4.478707831819668
4849.763,-6.827078810480213,4.48140126257596
4849.783,-6.827214726681624,4.484097573488418
4849.803,-6.827302090170028,4.486795890802341
4849.823,-6.827340872716221,4.489495340169149
4849.843,-6.827334706436274,4.492192879449804
4849.863,-6.827276917023382,4.494891662943133
4849.883,-6.829050425115392,4.497667734644374
4849.903,-6.8341090910899815,4.50055858475314
4849.923,-6.840901749838038,4.502896775775894
4849.943,-6.84917618890853,4.504553523659727
4849.963,-6.858841847225668,4.505552349520314
4849.983,-6.868806136340618,4.506407033215547
4850.003,-6.879122353683139,4.50705005199893
4850.023,-6.889518077737365,4.50764886156172
4850.043,-6.899554781485353,4.508438746365159
4850.063,-6.909532467752102,4.509260152602842
4850.083,-6.919503804941476,4.510093330713728
4850.103,-6.929475202695728,4.510926417193575
4850.123,-6.939446627964425,4.511759260063289
4850.143,-6.949418078202366,4.5125918304834105
4850.163,-6.959389552502147,4.513424125265623
4850.183,-6.969361050384884,4.514256144588476
4850.203,-6.979332571509887,4.515087888947795
4850.223,-6.989304115679292,4.515919358658736
4850.243,-6.999275682728808,4.516750554001468
4850.263,-7.009247272510728,4.517581475208871
4850.283,-7.019218884888345,4.5184121224842215
4850.303,-7.029190519733511,4.519242496011813
4850.323,-7.039162176925881,4.520072595962144
4850.343,-7.049133856316691,4.520902422602724
4850.363,-7.059105557642596,4.521731976326315
4850.383,-7.069077280751435,4.522561257254552
4850.403,-7.079049025319432,4.523390266011906
4850.423,-7.089020791034567,4.524219002702991
4850.443,-7.098992577897591,4.525047467543068
4850.463,-7.1089643856863916,4.5258756612410656
4850.483,-7.11893621379226,4.526703584568259
4850.503,-7.128908061547569,4.5275312383449595
4850.523,-7.138879928674003,4.528358623433655
4850.543,-7.148846438330888,4.529188865428847
4850.563,-7.158811550667518,4.530019429290922
4850.583,-7.168776664272579,4.530849965393655
4850.603,-7.178741778837637,4.531680485904723
4850.623,-7.188706894404768,4.532510990990891
4850.643,-7.198672011020553,4.5333414807046495
4850.663,-7.208637128733111,4.53417195509395
4850.683,-7.2186022566355215,4.53500246541123
4850.703,-7.228573015970161,4.535828701382138
4850.723,-7.238543259722945,4.536654904238515
4850.743,-7.2485143575631605,4.537480680604308
4850.763,-7.258485729108877,4.538306247550301
4850.783,-7.268457435315732,4.539132497108088
4850.803,-7.278425918232684,4.5399566585576645
4850.823,-7.288397467256117,4.540782734701567
4850.843,-7.297832888595174,4.541329164588651
4850.863,-7.305892570794723,4.5415479089212365
4850.883,-7.312221727523813,4.541657480496587
4850.903,-7.316819071382261,4.541757208901585
4850.923,-7.320599877471776,4.5414786447946875
4850.943,-7.323822045535085,4.540703437990689
4850.963,-7.326502689182626,4.539430745525754
4850.983,-7.328619768251965,4.537682474341113
4851.003,-7.330177740414268,4.535470396204757
4851.023,-7.331116766294493,4.532821223457877
4851.043,-7.331547305126524,4.529915111874452
4851.063,-7.33188501578986,4.527006286841196
4851.083,-7.3321664253222965,4.524087284563355
4851.103,-7.332439487193492,4.52112786751616
4851.123,-7.332613151451312,4.518211398074629
4851.143,-7.332689482772834,4.515303917220218
4851.163,-7.332792448459594,4.512377121614318
4851.183,-7.332763113332519,4.509477193131996
4851.203,-7.332653299914447,4.50659759466661
4851.223,-7.332523970176844,4.503693652168671
4851.243,-7.33226873826003,4.500842856987323
4851.263,-7.331986742328057,4.49797418182415
4851.283,-7.3315466373571665,4.495250955462647
4851.303,-7.330889336861527,4.492632503252284
4851.323,-7.33018481730317,4.4900264845402065
4851.343,-7.3294335093148275,4.487433579027689
4851.363,-7.328635658807688,4.484854623210599
4851.383,-7.3277915247141765,4.482290452178102
4851.403,-7.326901380897047,4.479741896165964
4851.423,-7.3259655160757005,4.477209780259241
4851.443,-7.324984233726247,4.474694924131628
4851.463,-7.323957851977052,4.4721981417872
4851.483,-7.322886703500067,4.469720241304312
4851.503,-7.321771135398008,4.467262024581658
4851.523,-7.3206115090874695,4.464824287086659
4851.543,-7.319408200178057,4.462407817606227
4851.563,-7.318161598347623,4.460013398000026
4851.583,-7.316872107213724,4.457641802956292
4851.603,-7.3155401442013925,4.455293799750298
4851.623,-7.314166140407358,4.452970148005532
4851.643,-7.312750540460803,4.450671599457643
4851.663,-7.311293802380783,4.448398897721193
4851.683,-7.3097963974304285,4.446152778059224
4851.703,-7.309803260661866,4.442858756432849
4851.723,-7.31252076522719,4.437704926390066
4851.743,-7.316998104365276,4.432086762632428
4851.763,-7.323091477153535,4.426248480785462
4851.783,-7.330711607120777,4.42021882924704
4851.803,-7.338660945694842,4.414150717634565
4851.823,-7.346845545979137,4.40796561954697
4851.843,-7.355149564038235,4.401708214571018
4851.863,-7.363144473203756,4.395619358275743
4851.883,-7.371096024190052,4.389546037055084
4851.903,-7.379046617881698,4.38347841015756
4851.923,-7.38699697111803,4.377410583397097
4851.943,-7.394947266006704,4.371342671730041
4851.963,-7.402897523171396,4.3652747019078815
4851.983,-7.410847744268745,4.359206679366818
4852.003,-7.418797928785186,4.3531386058651345
4852.023,-7.42674807624578,4.347070482815586
4852.043,-7.434698186263902,4.341002311648186
4852.063,-7.442648258543939,4.334934094037923
4852.083,-7.450598292786925,4.32886583153046
4852.103,-7.458548288851722,4.322797526115325
4852.123,-7.466498246450413,4.316729180073368
4852.143,-7.474448165299459,4.310660796356928
4852.163,-7.482398045074286,4.304592376620215
4852.183,-7.490347885815098,4.298523924454633
4852.203,-7.498297687141721,4.292455444461811
4852.223,-7.506247448321486,4.28638694194944
4852.243,-7.514197168869345,4.280318421810705
4852.263,-7.5221468479386555,4.274249893204722
4852.283,-7.530096483927479,4.268181364800628
4852.303,-7.538045452431148,4.26211446985255
4852.323,-7.545453661643521,4.256576705528868
4852.343,-7.551579037505101,4.252290444153262
4852.363,-7.5561916708374275,4.249320423024502
4852.383,-7.559175146386356,4.246650968585444
4852.403,-7.560932513333104,4.244107873263008
4852.423,-7.561566297315367,4.241693858631482
4852.443,-7.561190384499011,4.239411045908441
4852.463,-7.559816640540431,4.2372857594756335
4852.483,-7.558178311557543,4.234972959548596
4852.503,-7.556494769233723,4.232646134192484
4852.523,-7.554789968522336,4.230353980514393
4852.543,-7.553073738064468,4.227889628329341
4852.563,-7.551259368977336,4.2256108902865765
4852.583,-7.549452445409987,4.223320122109435
4852.603,-7.547477180945589,4.221421525659128
4852.623,-7.545453532861535,4.219635045546438
4852.643,-7.543397977575956,4.217885225302822
4852.663,-7.541311256399097,4.2161726737867555
4852.683,-7.539194043821829,4.214497946174002
4852.703,-7.537047023972522,4.212861585231974
4852.723,-7.534870890962989,4.211264121436378
4852.743,-7.532666348601676,4.2097060727919935
4852.763,-7.530434110124332,4.2081879446546635
4852.783,-7.52817489793785,4.206710229556218
4852.803,-7.525889443370711,4.205273407032282
4852.823,-7.523578486425844,4.203877943453163
4852.843,-7.521242775533196,4.202524291858108
4852.863,-7.518883067300404,4.2012128917932365
4852.883,-7.516500126260582,4.199944169153569
4852.903,-7.514094724616716,4.198718536029446
4852.923,-7.511667641982442,4.197536390557771
4852.943,-7.509219665119228,4.196398116778367
4852.963,-7.506751587670109,4.195304084495751
4852.983,-7.50426420989018,4.194254649146616
4853.003,-7.501758338374167,4.193250151673224
4853.023,-7.4992347857813995,4.192290918402881
4853.043,-7.496694370558535,4.191377260933661
4853.063,-7.494137916660359,4.1905094760264285
4853.083,-7.4915662532690055,4.189687845503238
4853.103,-7.488980214511904,4.188912636152088
4853.123,-7.48638063917874,4.188184099638036
4853.143,-7.483768370437673,4.1875024724206105
4853.163,-7.481144255551047,4.186867975677418
4853.183,-7.478509145590735,4.1862808152338955
4853.203,-7.475863895153365,4.185741181499057
4853.223,-7.473209362075437,4.185249249407151
4853.243,-7.470546407148522,4.184805178365097
4853.263,-7.467875893834562,4.18440911220558
4853.283,-7.465198687981358,4.184061179145703
4853.303,-7.462515657538249,4.183761491751079
4853.323,-7.45982767227205,4.18351014690528
4853.343,-7.457135603483229,4.1833072257845405
4853.363,-7.454440323722345,4.183152793837651
4853.383,-7.45174270650677,4.183046900770968
4853.403,-7.449043626037679,4.182989580538492
4853.423,-7.446343986420947,4.1829802713419495
4853.443,-7.4436446647932,4.18301986083254
4853.463,-7.440946491083619,4.183107938403648
4853.483,-7.438151183797932,4.181364237170741
4853.503,-7.435204343449635,4.1763368341630835
4853.523,-7.432790763711926,4.169569481230633
4853.543,-7.431042123057501,4.16131275001175
4853.563,-7.429935804540556,4.1516579408176035
4853.583,-7.428969849533141,4.1417036790243404
4853.603,-7.428177413437555,4.131451619291179
4853.623,-7.427498301629282,4.120945376321162
4853.643,-7.426587698358548,4.1109720675168955
4853.663,-7.42564312543074,4.101010214854664
4853.683,-7.424696481257942,4.0910516182223775
4853.703,-7.423751461732157,4.081092389309754
4853.723,-7.422802074921717,4.071137697346418
4853.743,-7.421852060185485,4.061183270430401
4853.763,-7.42090206425571,4.051228841909576
4853.783,-7.419952083227459,4.0412744112052446
4853.803,-7.419002117091491,4.03131997834179
4853.823,-7.418052165876152,4.021365543356995
4853.843,-7.417102229611358,4.011411106295075
4853.863,-7.416152308327859,4.001456667206193
4853.883,-7.415202402056793,3.9915022261459963
4853.903,-7.41425251082928,3.9815477831751083
4853.923,-7.413302634676005,3.9715933383585367
4853.943,-7.412352773626808,3.961638891765069
4853.963,-7.411402927710303,3.951684443466609
4853.983,-7.410453096953497,3.9417299935374883
4854.003,-7.409503281381446,3.9317755420537512
4854.023,-7.408553481016916,3.9218210890924117
4854.043,-7.407603695880092,3.911866634730716
4854.063,-7.406653925988307,3.9019121790453934
4854.083,-7.405704171355795,3.8919577221119046
4854.103,-7.404754431993496,3.8820032640037136
4854.123,-7.40380470790888,3.872048804791569
4854.143,-7.402854999105823,3.862094344542813
4854.163,-7.401905305584513,3.8521398833207297
4854.183,-7.400955627341401,3.8421854211839284
4854.203,-7.4000069150016445,3.8322296316957076
4854.223,-7.399062962747208,3.8222670381108745
4854.243,-7.39812724460171,3.812298687871402
4854.263,-7.397184969528232,3.8023384310576698
4854.283,-7.396236225135533,3.7923838831006678
4854.303,-7.395287504384522,3.7824293343032753
4854.323,-7.394338798993853,3.772474784787362
4854.343,-7.393390108852406,3.7625202345623654
4854.363,-7.392441433919579,3.7525656836284518
4854.383,-7.391789609169549,3.7432057890172183
4854.403,-7.3915074712103745,3.73524323069449
4854.423,-7.391317316654935,3.728955409616741
4854.443,-7.391101011507942,3.724283483216661
4854.463,-7.3906401637996195,3.720436860007745
4854.483,-7.389766712296618,3.7173317891781035
4854.503,-7.388540107180196,3.7149829155507725
4854.523,-7.386805171558081,3.7132155151872515
4854.543,-7.384670353997147,3.712221865571887
4854.563,-7.3822038101385905,3.712027782814806
4854.583,-7.3795143748248195,3.7123477487821854
4854.603,-7.376613551105888,3.7124922393736473
4854.623,-7.373646326664155,3.712647831086806
4854.643,-7.3707441397542,3.7129076314179157
4854.663,-7.367911656724859,3.7132448949758077
4854.683,-7.365178489615933,3.713750131265985
4854.703,-7.362276961220299,3.714158883028729
4854.723,-7.359388711055945,3.714630671578379
4854.743,-7.3564860767692775,3.7151288669501192
4854.763,-7.353586524635885,3.715689255542342
4854.783,-7.3507026239255895,3.7163197298553885
4854.803,-7.347869244641352,3.717047018853432
4854.823,-7.345293026731704,3.7179686633669586
4854.843,-7.342737994916889,3.7189503680256117
4854.863,-7.340197786021504,3.719969904319764
4854.883,-7.337682563623625,3.7210410174836186
4854.903,-7.335193190461682,3.7221647073119617
4854.923,-7.332726049962615,3.723330483454028
4854.943,-7.330286210310042,3.7245477812320007
4854.963,-7.327870268130223,3.725817411813355
4854.983,-7.325480350492278,3.7271314355591474
4855.003,-7.323108296329006,3.728479730693331
4855.023,-7.320761170947874,3.729872658959626
4855.043,-7.318439689041969,3.7313109904533945
4855.063,-7.316145121132873,3.7327890730369164
4855.083,-7.313883814862818,3.734314336517897
4855.103,-7.311653109612876,3.7358880592047137
4855.123,-7.309453672636348,3.737502685468298
4855.143,-7.306164163881057,3.7377460154603805
4855.163,-7.300801303059309,3.7354291875907784
4855.183,-7.294831170936863,3.7313956775172272
4855.203,-7.288510142302219,3.725769034531713
4855.223,-7.281876907819871,3.7186470782538255
4855.243,-7.275182029264569,3.711217815822815
4855.263,-7.26833949237463,3.7035977234491337
4855.283,-7.2613555225868875,3.695795315801767
4855.303,-7.254662246078767,3.6883682361363412
4855.323,-7.247919832914684,3.680897074559144
4855.343,-7.24122633376533,3.673465303223543
4855.363,-7.234532520242189,3.6660367123030877
4855.383,-7.227838706859268,3.658608125910832
4855.403,-7.221144894582103,3.651179538434055
4855.423,-7.214451083428669,3.6437509498896845
4855.443,-7.207757273411395,3.6363223603519286
4855.463,-7.201063464545818,3.62889376989235
4855.483,-7.1943696568504185,3.6214651785786236
4855.503,-7.187675850346314,3.614036586473952
4855.523,-7.1809820450569415,3.606607993636536
4855.543,-7.174288241007727,3.5991794001190875
4855.563,-7.16759443822573,3.5917508059683945
4855.583,-7.160900636739276,3.584322211224946
4855.603,-7.1542068365775835,3.5768936159226112
4855.623,-7.147513037770382,3.5694650200883835
4855.643,-7.1408192403475255,3.5620364237421915
4855.663,-7.134125444338622,3.554607826896775
4855.683,-7.1279683172122,3.5477203837326763
4855.703,-7.123050891086802,3.5420846236677503
4855.723,-7.119570913109226,3.5379447385385316
4855.743,-7.116690904290133,3.5352789379271807
4855.763,-7.114042905349858,3.5338250332693835
4855.783,-7.1115972373312175,3.5334387671604914
4855.803,-7.109365718477254,3.534058257080818
4855.823,-7.107370633010523,3.5356567022408947
4855.843,-7.1054774400062986,3.537581965117985
4855.863,-7.103619750370619,3.5395406139635717
4855.883,-7.1017976102768605,3.5415323801267196
4855.903,-7.100011604294569,3.543556622480101
4855.923,-7.098262310522129,3.5456126864385693
4855.943,-7.096550295353068,3.5476999070461632
4855.963,-7.094876113245068,3.5498176092011535
4855.983,-7.093240306537545,3.5519651078604224
4856.003,-7.0916434052716735,3.5541417082480407
4856.023,-7.090085927012488,3.5563467060684566
4856.043,-7.0885683766733,3.558579387724449
4856.063,-7.087091246342606,3.5608390305399813
4856.083,-7.085655015113819,3.5631249029880037
4856.103,-7.084260148918045,3.5654362649232425
4856.123,-7.082907100360288,3.5677723678199262
4856.143,-7.081596308559367,3.570132455014348
4856.163,-7.080328198991897,3.5725157619521317
4856.183,-7.079103183340677,3.5749215164399835
4856.203,-7.077921659347773,3.5773489389016944
4856.223,-7.076784010672625,3.579797242638109
4856.243,-7.075690606755435,3.582265634090743
4856.263,-7.074641802686058,3.5847533131087284
4856.283,-7.07363793907863,3.5872594732187197
4856.303,-7.072679341952069,3.589783301897435
4856.323,-7.07176632261658,3.5923239808464715
4856.343,-7.070899177566243,3.594880686269082
4856.363,-7.0700781883777495,3.597452589148581
4856.383,-7.069303621615272,3.600038855528108
4856.403,-7.068575728741486,3.602638646791477
4856.423,-7.067894746034661,3.60525111994489
4856.443,-7.067260894511807,3.6078754278993017
4856.463,-7.066674379857747,3.610510719753268
4856.483,-7.0661353923600725,3.6131561410761512
4856.503,-7.065644106849869,3.6158108341915227
4856.523,-7.065200682648102,3.6184739384607236
4856.543,-7.064805263517585,3.6211445905664688
4856.563,-7.064457977620429,3.6238219247964607
4856.583,-7.064158937480895,3.626505073326965
4856.603,-7.062034087521376,3.6290225337179898
4856.623,-7.05663775471224,3.6312191784435432
4856.643,-7.049595670993512,3.632638819135294
4856.663,-7.041174928978479,3.6331870871453256
4856.683,-7.031462156315858,3.6328992141855534
4856.703,-7.021472346061423,3.632428947096833
4856.723,-7.011130411520787,3.632166569887983
4856.743,-7.000704574616729,3.631821916726815
4856.763,-6.99068190455353,3.6313879392165425
4856.783,-6.980691428764913,3.6309326887543607
4856.803,-6.970696965068713,3.6304760759095864
4856.823,-6.960701839850629,3.6300203003603717
4856.843,-6.950705488641598,3.629565744575997
4856.863,-6.940710959389931,3.629110094123256
4856.883,-6.930716652127762,3.628654702805968
4856.903,-6.920720826813481,3.628199378651496
4856.923,-6.910725946560454,3.627744171749096
4856.943,-6.900729605064134,3.6272902876704647
4856.963,-6.890735611564743,3.626835327596853
4856.983,-6.880733716539457,3.62638837499326
4857.003,-6.870741994708185,3.625934748923222
4857.023,-6.860749236182477,3.6254805585495147
4857.043,-6.850760095569454,3.6250216645275706
4857.063,-6.840770954374033,3.6245628210633876
4857.083,-6.8307818123878175,3.624103994788477
4857.103,-6.820792669582383,3.6236451854075598
4857.123,-6.810803525936873,3.623186392919524
4857.143,-6.800814381432165,3.6227276173196246
4857.163,-6.79082523605093,3.6222688585968106
4857.183,-6.780836089777769,3.6218101167338075
4857.203,-6.770846942599321,3.6213513917072935
4857.223,-6.76085617398375,3.62089438697306
4857.243,-6.750863168387725,3.62044043684932
4857.263,-6.74087048710077,3.619986870928217
4857.283,-6.730876359301414,3.6195340603646526
4857.303,-6.720883577065419,3.619080744202049
4857.323,-6.710890726558879,3.6186274257497755
4857.343,-6.700897757955666,3.6181749239769747
4857.363,-6.690903735600829,3.617723465301065
4857.383,-6.680910954398285,3.617270584381201
4857.403,-6.670914393606607,3.6168185528678647
4857.423,-6.66091828130339,3.6163655245019206
4857.443,-6.650922150491831,3.6159126757174116
4857.463,-6.640926006928598,3.615460094733413
4857.483,-6.630929851374371,3.615007794225866
4857.503,-6.620933683867429,3.614555775724971
4857.523,-6.6109375042448955,3.6141040392739874
4857.543,-6.600941312772206,3.6136525840096936
4857.563,-6.590945109926317,3.6132014090526834
4857.583,-6.580948896232808,3.6127505138729274
4857.603,-6.5709526718794455,3.6122998978676093
4857.623,-6.560956437819451,3.6118495594086126
4857.643,-6.550966328914933,3.6113957995213712
4857.663,-6.540976957662862,3.6109418780644287
4857.683,-6.5309875859651125,3.6104879784165775
4857.703,-6.5209982137261475,3.6100340944624287
4857.723,-6.511008840958624,3.6095802261349053
4857.743,-6.5010194676757695,3.609126373429476
4857.763,-6.491030093889711,3.6086725363485153
4857.783,-6.481040707902933,3.6082186659899396
4857.803,-6.471046507186545,3.6077685637075327
4857.823,-6.461052100970532,3.607318810544085
4857.843,-6.451056116868683,3.6068705947512636
4857.863,-6.441061827355549,3.6064205769347457
4857.883,-6.431069419278624,3.6059735415570455
4857.903,-6.421072597973758,3.605526153604631
4857.923,-6.411076689496241,3.605077440745334
4857.943,-6.401080755144082,3.6046288598638827
4857.963,-6.39108480723621,3.6041805270783698
4857.983,-6.381088846687346,3.6037324584211516
4858.003,-6.371092873798276,3.6032846563875958
4858.023,-6.3610968887662125,3.602837121541474
4858.043,-6.351100891750958,3.602389854124663
4858.063,-6.341109984326626,3.6019400466553795
4858.083,-6.33112044542709,3.601489408822956
4858.103,-6.321130902875331,3.6010388008083853
4858.123,-6.311141360392547,3.6005882179022644
4858.143,-6.30115182305249,3.6001376701757772
4858.163,-6.2911622901983195,3.5996871407440993
4858.183,-6.281172771143731,3.5992366372958626
4858.203,-6.271183250364786,3.598786129238599
4858.223,-6.261193728919774,3.5983356377278586
4858.243,-6.251204206797229,3.5978851629875095
4858.263,-6.241214683971606,3.597434705055755
4858.283,-6.231225160417656,3.5969842639638165
4858.303,-6.221235636110812,3.59653383973717
4858.323,-6.211246111027401,3.5960834323953073
4858.343,-6.201256585144834,3.595633041951544
4858.363,-6.191267058441805,3.5951826684128876
4858.383,-6.181277530898465,3.5947323117799663
4858.403,-6.171288002496581,3.5942819720470327
4858.423,-6.161298473219702,3.593831649202014
4858.443,-6.151307132858121,3.593383526966765
4858.463,-6.141312728197388,3.592938657923081
4858.483,-6.131319632496007,3.592493302803687
4858.503,-6.1213264384709944,3.5920479226717483
4858.523,-6.111333073480869,3.591603388228777
4858.543,-6.101338533071934,3.5911598087361547
4858.563,-6.091345379298505,3.5907145494820663
4858.583,-6.081352072373343,3.5902708505461822
4858.603,-6.071358690141376,3.589826556596899
4858.623,-6.061365726127237,3.5893827357150863
4858.643,-6.051371642091343,3.588939146641555
4858.663,-6.041374263811128,3.588496522309952
4858.683,-6.031377754464112,3.588052253305957
4858.703,-6.0213812266570805,3.5876081441900496
4858.723,-6.01138468654529,3.5871642935912775
4858.743,-6.001388134855233,3.5867207188467933
4858.763,-5.991391571494917,3.5862774239210977
4858.783,-5.981394996338261,3.5858344098843165
4858.803,-5.971398409687262,3.5853916765373524
4858.823,-5.961401812035246,3.5849492233582416
4858.843,-5.95140520382366,3.58450705008646
4858.863,-5.941408585336757,3.5840651559966212
4858.883,-5.931412594585636,3.58362308117711
4858.903,-5.921422822403312,3.583177550497677
4858.923,-5.911433060741915,3.582732304406464
4858.943,-5.901443298601195,3.5822870770243744
4858.963,-5.891453535934074,3.5818418653173096
4858.983,-5.881463772753735,3.5813966692478556
4859.003,-5.871474009073211,3.5809514888128504
4859.023,-5.8614842449044104,3.5805063240157677
4859.043,-5.8514933361737285,3.5800613528910312
4859.063,-5.841497762842681,3.5796214380920772
4859.083,-5.831503429933387,3.579179434659979
4859.103,-5.821506739579508,3.5787403908980266
4859.123,-5.811513207851706,3.5782995211044866
4859.143,-5.801519283745517,3.577860377460252
4859.163,-5.791522088843169,3.5774222780640184
4859.183,-5.781525769689168,3.576982236242258
4859.203,-5.771529434551271,3.5765423918642334
4859.223,-5.761533087711699,3.5761028073276044
4859.243,-5.7515367294411845,3.5756634907947316
4859.263,-5.74154035975863,3.5752244431438456
4859.283,-5.73154397867437,3.574785664320336
4859.303,-5.721547586213411,3.5743471541899483
4859.323,-5.711557583726461,3.5739053156165785
4859.343,-5.701565590836779,3.5734651212921054
4859.363,-5.69157382084342,3.5730282580449244
4859.383,-5.681577122073046,3.5725917807536334
4859.403,-5.671579991590929,3.572156478058846
4859.423,-5.661584349101898,3.571720014503189
4859.443,-5.651588873827613,3.571284105759911
4859.463,-5.641592759963941,3.5708483421496404
4859.483,-5.631597349181901,3.570412909456124
4859.503,-5.621605427545226,3.5699744063314474
4859.523,-5.6116118706629345,3.5695374044884995
4859.543,-5.60161737846673,3.5691012709239414
4859.563,-5.59162096006132,3.5686667209362293
4859.583,-5.581625557183551,3.568231580374597
4859.603,-5.571631315001483,3.567797218906657
4859.623,-5.5616392943154445,3.5673607936801934
4859.643,-5.551649271527644,3.566921574009399
4859.663,-5.541659248188285,3.5664823421607106
4859.683,-5.531669223994431,3.566043126956327
4859.703,-5.5216791989331675,3.5656039286323473
4859.723,-5.511687554800534,3.5651664463817143
4859.743,-5.501693709844106,3.564731987739566
4859.763,-5.491700168258235,3.564297929635413
4859.783,-5.4817051738408775,3.5638646351326857
4859.803,-5.471711514168704,3.5634308343691092
4859.823,-5.461717779042891,3.5629970249501746
4859.843,-5.451723916525886,3.5625640345318232
4859.863,-5.441728964766693,3.5621320541885466
4859.883,-5.431735432737355,3.5616983709097223
4859.903,-5.421740596344022,3.561266638581028
4859.923,-5.4117436525828895,3.5608336761115127
4859.943,-5.401746663017959,3.560400357514929
4859.963,-5.391749651789955,3.5599672277794627
4859.983,-5.381752626006046,3.559534364200813
4860.003,-5.371755587504521,3.5591017793705317
4860.023,-5.361758536787862,3.5586694758953574
4860.043,-5.35176147419625,3.5582374540003627
4860.063,-5.341764400242178,3.557805713143487
4860.083,-5.331767315541367,3.557374252627676
4860.103,-5.321770220509327,3.5569430723093225
4860.123,-5.311773115564764,3.55651217106144
4860.143,-5.301777326932051,3.556080741860203
4860.163,-5.291787081441223,3.555646262864759
4860.183,-5.281796837799735,3.5552119628906147
4860.203,-5.271806593670416,3.5547776801001
4860.223,-5.2618163490332694,3.554343412983879
4860.243,-5.251826103901673,3.553909161519821
4860.263,-5.241835858288465,3.5534749257060105
4860.283,-5.231845612205328,3.55304070554703
4860.303,-5.221854602861686,3.5526071392799023
4860.323,-5.211856834707762,3.552178927477723
4860.343,-5.20186098041773,3.5517483371559018
4860.363,-5.191864840297085,3.5513197596751804
4860.383,-5.1818712554731485,3.550889778468921
4860.403,-5.1718753496481975,3.5504628068743456
4860.423,-5.16187880072543,3.5500343786592397
4860.443,-5.151881985947317,3.5496053377147105
4860.463,-5.1418851592573604,3.5491765087107754
4860.483,-5.131888322759465,3.5487479370136326
4860.503,-5.121891476237779,3.548319629750038
4860.523,-5.111894619408041,3.5478915885896036
4860.543,-5.101897752064198,3.5474638142716626
4860.563,-5.091902118752271,3.5470355456405276
4860.583,-5.081911698799904,3.5466045277414238
4860.603,-5.071919330934329,3.5461755545430287
4860.623,-5.061926376651606,3.545749501988784
4860.643,-5.051929768589511,3.545324124207011
4860.663,-5.041932013838417,3.5448999744427856
4860.683,-5.0319353794306005,3.5444747254255646
4860.703,-5.021940062768625,3.5440496463339883
4860.723,-5.011942836892724,3.5436247968385266
4860.743,-5.001945597550633,3.543201615768275
4860.763,-4.991954553844791,3.5427726080230006
4860.783,-4.9819641075009065,3.5423431022158436
4860.803,-4.9719736606094305,3.541913614291095
4860.823,-4.961983212997838,3.5414841432799724
4860.843,-4.951992764640942,3.5410546891901262
4860.863,-4.942002315516333,3.540625252032825
4860.883,-4.932011865602959,3.540195831813097
4860.903,-4.922021414881282,3.5397664285295725
4860.923,-4.912030963333434,3.539337042174507
4860.943,-4.902040510943364,3.53890767273386
4860.963,-4.892048668617066,3.5384792130898823
4860.983,-4.882054600748405,3.538054697126763
4861.003,-4.872060518868955,3.5376300612370715
4861.023,-4.862066263351053,3.537206274763021
4861.043,-4.852070816899486,3.536783452747401
4861.063,-4.842076748873343,3.536358953130216
4861.083,-4.832082517947147,3.5359360030825826
4861.103,-4.822088201019986,3.5355124556342603
4861.123,-4.812094273056099,3.535089360303915
4861.143,-4.802098980207398,3.5346670602587795
4861.163,-4.792103709597953,3.534245237363764
4861.183,-4.782106347774189,3.5338222929845626
4861.203,-4.7721089268128685,3.533398903455709
4861.223,-4.76211148343792,3.5329757177672487
4861.243,-4.752114025503825,3.5325528069298944
4861.263,-4.74211655500985,3.5321301797835085
4861.283,-4.732119072473615,3.5317078368092356
4861.303,-4.7221215783784265,3.5312857769583346
4861.323,-4.712124073286066,3.530863999098773
4861.343,-4.702126557849337,3.5304425021879458
4861.363,-4.6921290323440825,3.5300212860382847
4861.383,-4.682131497414922,3.529600349148873
4861.403,-4.672136644013946,3.529177883173515
4861.423,-4.662145973320022,3.528753400588803
4861.443,-4.6521553034642285,3.5283290149509465
4861.463,-4.642164633122359,3.5279046457465744
4861.483,-4.6321739622898415,3.527480292221678
4861.503,-4.622183290980072,3.5270559543622713
4861.523,-4.612192619205695,3.5266316321676117
4861.543,-4.6022019469781625,3.526207325643383
4861.563,-4.59220981846337,3.5257845798324667
4861.583,-4.582211737410878,3.5253655867972378
4861.603,-4.572216173281581,3.524945481541196
4861.623,-4.562218876086411,3.524526296494656
4861.643,-4.5522247380150045,3.5241066621802837
4861.663,-4.542228695456284,3.523689785591871
4861.683,-4.5322314545787465,3.5232708932913694
4861.703,-4.5222342223880965,3.5228517899522873
4861.723,-4.512236975903262,3.522432913229145
4861.743,-4.5022397172880115,3.522014298338829
4861.763,-4.492242446973572,3.521595950431626
4861.783,-4.482245165186811,3.5211778704642964
4861.803,-4.472247872101295,3.5207600587537695
4861.823,-4.462252444131175,3.5203415466920083
4861.843,-4.452261612215886,3.5199204595647764
4861.863,-4.442269016012924,3.519501309537107
4861.883,-4.43227418176417,3.519086187230195
4861.903,-4.422276048862464,3.5186710945301884
4861.923,-4.412279519587645,3.518256415100852
4861.943,-4.402283422592049,3.5178408955330553
4861.963,-4.392287525669878,3.5174253169217504
4861.983,-4.382288526613547,3.517011288112452
4862.003,-4.372291580245994,3.5165975652810193
4862.023,-4.362300664405491,3.5161780597044823
4862.043,-4.352309796364289,3.5157584741172587
4862.063,-4.342318927733848,3.5153389060637257
4862.083,-4.332328058395125,3.514919354938305
4862.103,-4.322337188323723,3.5144998207513303
4862.123,-4.312346317497463,3.514080303513123
4862.143,-4.30235544589554,3.5136608032277055
4862.163,-4.292364573498684,3.513241319892702
4862.183,-4.282373700289311,3.512821853499365
4862.203,-4.2723828262516745,3.512402404032667
4862.223,-4.262390514182009,3.5119841399120353
4862.243,-4.252395980025183,3.51156933371788
4862.263,-4.242401335848849,3.511155292807711
4862.283,-4.232405491535995,3.5107422260068244
4862.303,-4.222411011767874,3.51032748935661
4862.323,-4.2124163564832,3.5099142960838052
4862.343,-4.203029979457957,3.5096669536913305
4862.363,-4.1950159751188485,3.509598096044476
4862.383,-4.188714555535237,3.50954570815272
4862.403,-4.184114115000046,3.5095647691121683
4862.423,-4.180303393262963,3.5099156160660248
4862.443,-4.177045576054944,3.5107525971964693
4862.463,-4.174338179242369,3.512047266643768
4862.483,-4.172178520491532,3.5137852012558324
4862.503,-4.170728199031801,3.5159105811534297
4862.523,-4.170084446392585,3.5183693289015
4862.543,-4.169937051918268,3.5211289323366324
4862.563,-4.169703886927221,3.5240476559022222
4862.583,-4.169561692756889,3.5269368624460085
4862.603,-4.169478647079241,3.5298148607503554
4862.623,-4.169518113572168,3.5326549896593016
4862.643,-4.169628397346882,3.535488839935839
4862.663,-4.167966621394036,3.538496943988126
4862.683,-4.163115894525851,3.5419170672802243
4862.703,-4.156547947659119,3.5449286716126585
4862.723,-4.148434691237012,3.547415529751277
4862.743,-4.138890828996778,3.5493986659967924
4862.763,-4.129068527778231,3.551281706316715
4862.783,-4.118973159401425,3.5530478066281126
4862.803,-4.108490296038725,3.5546799627878936
4862.823,-4.098589875653661,3.556520490335135
4862.843,-4.088746052561704,3.5583775819597854
4862.863,-4.07891766850613,3.5602410231393193
4862.883,-4.069087639505118,3.5621049266457834
4862.903,-4.059258266649523,3.5639684423438123
4862.923,-4.049427788869503,3.565831883345871
4862.943,-4.039597298867003,3.5676951549097082
4862.963,-4.029771275146655,3.5695601908633114
4862.983,-4.019947198903487,3.5714257309103816
4863.003,-4.010123118164295,3.573291241423512
4863.023,-4.000299034763178,3.575156737737707
4863.043,-3.9904749486631785,3.577022219998953
4863.063,-3.980650859812436,3.5788876882165632
4863.083,-3.97082676816155,3.5807531424026147
4863.103,-3.961002673664212,3.582618582573342
4863.123,-3.9511785762776563,3.5844840087491754
4863.143,-3.941354475963073,3.5863494209547064
4863.163,-3.9315303726859825,3.588214819218619
4863.183,-3.921706266416569,3.5900802035735495
4863.203,-3.911882157129965,3.591945574055918
4863.223,-3.9020580448064868,3.5938109307057013
4863.243,-3.892233929431822,3.5956762735661654
4863.263,-3.88240981099716,3.5975416026835663
4863.283,-3.8725856894992723,3.599406918106799
4863.303,-3.862761564940536,3.6012722198870324
4863.323,-3.8529374373289023,3.6031375080772947
4863.343,-3.8431133066778043,3.6050027827320563
4863.363,-3.8332891730060186,3.6068680439067724
4863.383,-3.8234650363374727,3.6087332916574257
4863.403,-3.8136408967009916,3.610598526040049
4863.423,-3.80381675413001,3.6124637471102523
4863.443,-3.7939926086622306,3.6143289549227413
4863.463,-3.7841684603392403,3.616194149530844
4863.483,-3.7743443092060884,3.6180593309860454
4863.503,-3.7645184498887456,3.6199235548341266
4863.523,-3.7546942973221755,3.6217886164965303
4863.543,-3.7448701280648886,3.623653705829326
4863.563,-3.7350459560380784,3.625518782491493
4863.583,-3.7252217814621864,3.627383846186899
4863.603,-3.7153976043944024,3.629248896945976
4863.623,-3.705573424889844,3.6311139347977135
4863.643,-3.6957480789810875,3.632978440079372
4863.663,-3.685923899069983,3.6348433926575088
4863.683,-3.6760997072464123,3.636708363539475
4863.703,-3.666275513076533,3.6385733218345404
4863.723,-3.6564513167241843,3.6404382672743303
4863.743,-3.6466266034416064,3.6423030642488468
4863.763,-3.6367834040381934,3.644157921537527
4863.783,-3.6269400049945806,3.6460115966729183
4863.803,-3.617096453451095,3.647864472657226
4863.823,-3.607775331700992,3.649274286462233
4863.843,-3.5998231625544634,3.650151189342087
4863.863,-3.5935718272401553,3.6506452348422136
4863.883,-3.589095436062737,3.650951757144101
4863.903,-3.5856799388388048,3.650843865583912
4863.923,-3.5829051909538054,3.6501385268232336
4863.943,-3.5808460433762397,3.6488411734386594
4863.963,-3.579504926171955,3.646925306863431
4863.983,-3.578892516268823,3.6444197741672735
4864.003,-3.578901086419223,3.641475069156994
4864.023,-3.579081127180973,3.6384552669487666
4864.043,-3.5793191955913746,3.6354371453298495
4864.063,-3.5777864701151367,3.6324806459726373
4864.083,-3.572999316614322,3.62970818813866
4864.103,-3.566464984205096,3.627748059444831
4864.123,-3.55852331235489,3.626599921983329
4864.143,-3.5491635852259416,3.62628074284947
4864.163,-3.5391633997248726,3.6263488584305166
4864.183,-3.52887251247255,3.626387045329551
4864.203,-3.5183081848053557,3.6264324638146195
4864.223,-3.5082713989756753,3.626485328310015
4864.243,-3.4982030316573933,3.626535520938774
4864.263,-3.4881963972445256,3.6265938049869932
4864.283,-3.478195141662723,3.6266556409409034
4864.303,-3.4681954903742906,3.626718692274725
4864.323,-3.4581958424622847,3.626781644628108
4864.343,-3.4481961978219053,3.6268444886388735
4864.363,-3.4381965554995704,3.6269072119217833
4864.383,-3.4281969171846858,3.6269698039498617
4864.403,-3.4181972837713617,3.6270322527599608
4864.423,-3.408197658071978,3.627094545458877
4864.443,-3.3981980440046238,3.6271566645402418
4864.463,-3.3881984485927736,3.6272185883902885
4864.483,-3.3781997327607116,3.6272800648236205
4864.503,-3.368189184256658,3.6273336385084782
4864.523,-3.3581767211893365,3.627387117862833
4864.543,-3.3481701310408076,3.6274409579847475
4864.563,-3.3381594576977895,3.627495480037405
4864.583,-3.328150902803059,3.6275475693065857
4864.603,-3.318136751541879,3.6275986268618414
4864.623,-3.3081373496346873,3.627660476636345
4864.643,-3.2981378620480433,3.6277219354109733
4864.663,-3.2881383731352227,3.627783372077461
4864.683,-3.278138884180058,3.6278447910367486
4864.703,-3.268139395198617,3.6279061923432203
4864.723,-3.2581399061925365,3.6279675760226935
4864.743,-3.248136989099917,3.6280235774972045
4864.763,-3.2381324132678255,3.6280763262136873
4864.783,-3.2281308773735873,3.6281304962950673
4864.803,-3.218129428674344,3.6281848929282905
4864.823,-3.2081279837374814,3.62823908995466
4864.843,-3.198126537214197,3.62829308558878
4864.863,-3.1881250894563324,3.6283468790262887
4864.883,-3.1781236406613194,3.6284004698361634
4864.903,-3.168122191007447,3.628453857641518
4864.923,-3.1581207406326524,3.628507042108273
4864.943,-3.1481195576908285,3.6285604327003913
4864.963,-3.138113978094515,3.6286118596583736
4864.983,-3.1281066234553863,3.628663214112222
4865.003,-3.1181070862777993,3.6287214853877354
4865.023,-3.108107579465223,3.6287798351866516
4865.043,-3.0981080726760375,3.628838165705456
4865.063,-3.088108565860294,3.6288964794793084
4865.083,-3.078109059010093,3.6289547765837673
4865.103,-3.068109552117738,3.6290130570708876
4865.123,-3.058110045175513,3.6290713209879515
4865.143,-3.048109589033708,3.6291285981868557
4865.163,-3.0381055421928536,3.629181858730458
4865.183,-3.0281008252575647,3.629234897031419
4865.203,-3.018096470841766,3.629286377487369
4865.223,-3.008096925844211,3.6293439789870616
4865.243,-2.9980941931260348,3.6293988550290925
4865.263,-2.9880838324998527,3.629445744734327
4865.283,-2.978079211283068,3.629497857846288
4865.303,-2.968075367458933,3.6295504119233732
4865.323,-2.9580741955770424,3.6296048876320626
4865.343,-2.9480744934332805,3.62966051670399
4865.363,-2.9380748048100878,3.6297161698842584
4865.383,-2.928075111357895,3.629771813811457
4865.403,-2.918075421042656,3.62982743553374
4865.423,-2.908075729183914,3.629883021505615
4865.443,-2.8980760386125257,3.62993856233887
4865.463,-2.888076347463917,3.6299940473386134
4865.483,-2.8780766567171843,3.630049467645994
4865.503,-2.8680769656612006,3.6301048142187535
4865.523,-2.8580772747190646,3.6301600788012314
4865.543,-2.848077583809499,3.6302152526751774
4865.563,-2.8380778932795714,3.6302703274944355
4865.583,-2.828078203465217,3.6303252943410578
4865.603,-2.8180785149871017,3.6303801440204917
4865.623,-2.8080788285533558,3.6304348670532733
4865.643,-2.7980791453513763,3.6304894537913905
4865.663,-2.7880794671596463,3.630543893446429
4865.683,-2.7780797968905784,3.6305981714964455
4865.703,-2.768080139161323,3.6306522710151268
4865.723,-2.758080501532705,3.630706168398743
4865.743,-2.7480779384440637,3.6307565670107596
4865.763,-2.7380655953175452,3.6308030105077593
4865.783,-2.7280561647136206,3.6308486425599713
4865.803,-2.7180487693019186,3.630895747783556
4865.823,-2.7080387444180913,3.630940391622519
4865.843,-2.6980311736986415,3.6309862713484855
4865.863,-2.688017022897107,3.6310307125821493
4865.883,-2.678005540498143,3.63107471728222
4865.903,-2.6679997579011805,3.631122993143074
4865.923,-2.6579901979741076,3.631167501025749
4865.943,-2.6479849715108283,3.631212025778699
4865.963,-2.6379803889114175,3.6312582393380084
4865.983,-2.627980836809807,3.6313102605315755
4866.003,-2.617981293461643,3.631362183978264
4866.023,-2.6079817502289573,3.631414089097128
4866.043,-2.597982207020945,3.6314659765602704
4866.063,-2.5879826638348176,3.6315178464217293
4866.083,-2.577983120668327,3.6315696987350146
4866.103,-2.5679835775188464,3.6316215335573534
4866.123,-2.5579840343833444,3.631673350949181
4866.143,-2.5479844912583802,3.6317251509735593
4866.163,-2.5379849481401076,3.6317769336955736
4866.183,-2.5279854050242743,3.631828699181702
4866.203,-2.5179858619062383,3.631880447499172
4866.223,-2.507986318780988,3.6319321787153087
4866.243,-2.497986775643159,3.6319838928968817
4866.263,-2.4879872324870647,3.6320355901094517
4866.283,-2.47798768930673,3.632087270416737
4866.303,-2.467988146095925,3.632138933879983
4866.323,-2.457988602848213,3.6321905805573733
4866.343,-2.447988255236782,3.632240805610118
4866.363,-2.437988659504063,3.632292225833213
4866.383,-2.4279891153989523,3.6323437635342
4866.403,-2.4179895711645707,3.632395284229644
4866.423,-2.407989005855013,3.632445763721507
4866.443,-2.397985323005648,3.632490654213643
4866.463,-2.3879804254168926,3.6325380446328204
4866.483,-2.3779756205792744,3.632584047646413
4866.503,-2.3679715711411546,3.6326306713638203
4866.523,-2.3579704996320174,3.6326789422622423
4866.543,-2.347970794066536,3.6327286477614207
4866.563,-2.3379710780844674,3.632778387498894
4866.583,-2.3279713629053944,3.6328281366666393
4866.603,-2.317971644054331,3.6328778792002785
4866.623,-2.3079719258500506,3.6329276054429207
4866.643,-2.297972206180299,3.632977305953599
4866.663,-2.2879724866281186,3.6330269720082717
4866.683,-2.2779727663436153,3.633076594985677
4866.703,-2.2679730458939638,3.6331261664221044
4866.723,-2.2579733249631815,3.633175677919745
4866.743,-2.2479736038068614,3.6332251211679374
4866.763,-2.23797388239472,3.633274488134667
4866.783,-2.2279741608733863,3.6333237706500783
4866.803,-2.2179744394302743,3.633372959877754
4866.823,-2.207974718338759,3.633422047290603
4866.843,-2.197974998030129,3.633471023534873
4866.863,-2.187975279089131,3.6335198799087345
4866.883,-2.1779755623464534,3.6335686073148583
4866.903,-2.1679758490860066,3.633617195321096
4866.923,-2.1579761412326643,3.6336656321130594
4866.943,-2.1479764419561027,3.633713903540224
4866.963,-2.1379767559071734,3.633761991432378
4866.983,-2.12797709145542,3.633809870504703
4867.003,-2.1179736998454772,3.6338535445243876
4867.023,-2.1079621121850356,3.6338935000424115
4867.043,-2.0979531356599304,3.633935129237864
4867.063,-2.08794262652539,3.633974389883695
4867.083,-2.077933620733248,3.634014260929848
4867.103,-2.0679219220895106,3.634052658943359
4867.123,-2.0579148036971904,3.634093861608696
4867.143,-2.047901396481144,3.6341325922238794
4867.163,-2.0378899202239427,3.634170546971406
4867.183,-2.027884103627195,3.634210642240826
4867.203,-2.017881687100818,3.634251688950682
4867.223,-2.0078785840245037,3.634294212382068
4867.243,-1.9978790093507988,3.6343403176972644
4867.263,-1.987879437303003,3.6343863891982724
4867.283,-1.977879865318596,3.6344324427435772
4867.303,-1.9684750054349458,3.6344506865951196
4867.323,-1.9604641614822411,3.63445201802063
4867.343,-1.9541529984239627,3.6344604786513743
4867.363,-1.9495235308955337,3.6344063108779907
4867.383,-1.9457999272200366,3.633980730566033
4867.403,-1.9428459055726317,3.633120327694016
4867.423,-1.9406129871295499,3.6317870452158716
4867.443,-1.9391499213899526,3.630019334353559
4867.463,-1.938463066013152,3.627808896079975
4867.483,-1.9384762008302014,3.625188350470013
4867.503,-1.938644374906344,3.622499027512
4867.523,-1.9388594267850463,3.6198128917283463
4867.543,-1.9391229088597859,3.617131162814388
4867.563,-1.9394365935030706,3.6144545579943594
4867.583,-1.9397962971773846,3.6117846183971145
4867.603,-1.9402041420647216,3.609121674697982
4867.623,-1.9406618301461238,3.6064664816579035
4867.643,-1.9411651512494295,3.60382048218157
4867.663,-1.941716172664704,3.6011840245097586
4867.683,-1.9423165406809815,3.5985579183299734
4867.703,-1.942962022875065,3.595943492919749
4867.723,-1.943654631877254,3.5933411439798264
4867.743,-1.944395947941207,3.590751715546458
4867.763,-1.945181728273696,3.5881764269781136
4867.783,-1.9460139273787327,3.585615718327528
4867.803,-1.9468940532320678,3.583070460037858
4867.823,-1.9478178637098922,3.580541765701367
4867.843,-1.9487872519292042,3.578030115315564
4867.863,-1.9498036476021363,3.5755363997555594
4867.883,-1.9508647327791446,3.573061463818029
4867.903,-1.9519820575214877,3.570604167609723
4867.923,-1.9531434637309597,3.5681672626873855
4867.943,-1.9543485376469962,3.565751658208729
4867.963,-1.9555968885744324,3.5633581368808303
4867.983,-1.9568881122192714,3.5609874731121467
4868.003,-1.9582217904908323,3.5586404338656368
4868.023,-1.959597491635246,3.5563177784313087
4868.043,-1.9610147703753786,3.5540202581911764
4868.063,-1.9624731680540894,3.551748616386889
4868.083,-1.9639722127806687,3.5495035878901495
4868.103,-1.965511419580371,3.547285898975944
4868.123,-1.967090290546951,3.545096267098569
4868.143,-1.96870831499812,3.5429354006704235
4868.163,-1.9703649696338725,3.540803998843521
4868.183,-1.9720597186976472,3.538702751293664
4868.203,-1.973792014140315,3.5366323380071827
4868.223,-1.9755612957870112,3.534593429070159
4868.243,-1.9773669915068686,3.5325866844600298
4868.263,-1.9792085173857261,3.530612753839452
4868.283,-1.9810852779019348,3.5286722763523444
4868.303,-1.9829966661054093,3.5267658804219923
4868.323,-1.9849420638000794,3.5248941835511376
4868.343,-1.9869208417299553,3.5230577921240003
4868.363,-1.9889323597690067,3.5212573012101784
4868.383,-1.9909759671150677,3.51949329437045
4868.403,-1.993051002488003,3.5177663434644866
4868.423,-1.9951567943323338,3.516077008460579
4868.443,-1.997292661024519,3.5144258372474755
4868.463,-1.9994579110850617,3.5128133654485074
4868.483,-2.0016518433955652,3.51124011623821
4868.503,-2.0038737474208337,3.509706600161667
4868.523,-2.0061229034360535,3.5082133149568686
4868.543,-2.008398582759037,3.506760745380386
4868.563,-2.0107000479874646,3.505349363036678
4868.583,-2.0130265532409943,3.5039796262113745
4868.603,-2.015377344408072,3.502651979708851
4868.623,-2.017751659397191,3.5013668546944476
4868.643,-2.020148728392363,3.5001246685416176
4868.663,-2.0225677741124586,3.4989258246843176
4868.683,-2.025008012074116,3.4977707124748667
4868.703,-2.0274686508578412,3.496659707047517
4868.723,-2.0299488923769538,3.495593169187913
4868.743,-2.0324479321490134,3.494571445208562
4868.763,-2.034964959569375,3.4935948668304424
4868.783,-2.037499158186547,3.492663751070775
4868.803,-2.0400497059790323,3.491778400137006
4868.823,-2.04261577563337,3.490939101326962
4868.843,-2.045196534823129,3.490146126935162
4868.863,-2.0477911464886396,3.489399734165179
4868.883,-2.0499152170801724,3.486881464667481
4868.903,-2.0511724248063308,3.4811924668411014
4868.923,-2.0513867484255215,3.4740119291379408
4868.943,-2.0505101094947196,3.465619043947171
4868.963,-2.0485918333773543,3.456093214602683
4868.983,-2.046447176308754,3.4463250155956073
4869.003,-2.04443489004909,3.4362133178900764
4869.023,-2.0424235251363254,3.426047475280288
4869.043,-2.040309631103994,3.4162491008148894
4869.063,-2.0381761097097058,3.406479719487792
4869.083,-2.03604229172757,3.3967104126523715
4869.103,-2.033908482961979,3.3869411029146623
4869.123,-2.031774687390189,3.3771717899416056
4869.143,-2.0296409050916973,3.3674024737620187
4869.163,-2.0275071361105965,3.357633154410092
4869.183,-2.0253733804893956,3.3478638319226155
4869.203,-2.0232396382687132,3.338094506338653
4869.223,-2.0211059094867125,3.3283251776992073
4869.243,-2.018972194178553,3.3185558460468605
4869.263,-2.016838492375889,3.308786511425394
4869.283,-2.014704804106406,3.2990171738794003
4869.303,-2.0125711293934057,3.2892478334538815
4869.323,-2.0104374682554456,3.279478490193838
4869.343,-2.008303820706027,3.269709144143858
4869.363,-2.006170186753342,3.259939795347711
4869.383,-2.0040365664000825,3.2501704438479404
4869.403,-2.0019029596433087,3.240401089685478
4869.423,-1.9997693664743759,3.230631732899263
4869.443,-1.9976357868789276,3.220862373525882
4869.463,-1.9955022208369504,3.2110930115992344
4869.483,-1.993370295650907,3.2013210942208876
4869.503,-1.991243289259658,3.191543241151787
4869.523,-1.989113460760861,3.1817678469631145
4869.543,-1.986989002866597,3.1719883707339784
4869.563,-1.9848621468368959,3.1622132309177426
4869.583,-1.982735063022679,3.1524396596781545
4869.603,-1.9806074668258686,3.142667486609785
4869.623,-1.9784800258036193,3.1328953081846405
4869.643,-1.9763525727880273,3.123124069131238
4869.663,-1.9742275901671256,3.113345833990681
4869.683,-1.972095865127438,3.1035760336668523
4869.703,-1.9699644388567326,3.0938062102356856
4869.723,-1.96783302831851,3.0840363841293854
4869.743,-1.9657016309317616,3.0742665554612496
4869.763,-1.963570246595868,3.064496724212413
4869.783,-1.9614388752344325,3.0547268903598743
4869.803,-1.95930751677396,3.0449570538774013
4869.823,-1.9571761711441853,3.035187214735856
4869.843,-1.955047490087575,3.0254133649056594
4869.863,-1.9529189565906833,3.015637161164422
4869.883,-1.9507883156926742,3.0058665717600483
4869.903,-1.9486611670266234,2.996092692545223
4869.923,-1.9465328485981912,2.986309563762149
4869.943,-1.9444044082870808,2.976536123091818
4869.963,-1.9422782045981164,2.9667596144590416
4869.983,-1.940150344498424,2.9569831506195943
4870.003,-1.9380225756673393,2.9472066210955017
4870.023,-1.935895033304418,2.9374300265316635
4870.043,-1.933767734582949,2.927653370064345
4870.063,-1.9316406818059433,2.9178766549085426
4870.083,-1.9295138750881444,2.908099883226451
4870.103,-1.927387314127385,2.8983230565589753
4870.123,-1.9252609981117115,2.8885461764173046
4870.143,-1.9231349255202648,2.8787692448970374
4870.163,-1.9210090942787104,2.8689922648019848
4870.183,-1.9188835003328262,2.859215240999162
4870.203,-1.9167581346058928,2.8494381833304088
4870.223,-1.9146329556785675,2.8396611176847038
4870.243,-1.9125054683923814,2.829890383530437
4870.263,-1.9103782010239092,2.8201196492286487
4870.283,-1.9082509506056438,2.8103489109604816
4870.303,-1.9061237133882272,2.8005781693378995
4870.323,-1.9039964893726788,2.790807424386401
4870.343,-1.9018692785969629,2.7810366761294354
4870.363,-1.8997420811008083,2.771265924593811
4870.383,-1.8976148969247095,2.7614951698095664
4870.403,-1.895487726109252,2.751724411809756
4870.423,-1.8933605686944637,2.7419536506301934
4870.443,-1.891233424719179,2.7321828863091717
4870.463,-1.8891062942204322,2.7224121188871457
4870.483,-1.88697917723287,2.7126413484063976
4870.503,-1.8848520737882093,2.7028705749106723
4870.523,-1.8827249839147338,2.6930997984448077
4870.543,-1.8805979076368267,2.6833290190543355
4870.563,-1.8784708449745613,2.6735582367850825
4870.583,-1.8763437959433389,2.663787451682762
4870.603,-1.87421676055358,2.6540166637925653
4870.623,-1.8720897388104787,2.6442458731587575
4870.643,-1.869962730713811,2.634475079824276
4870.663,-1.8678357362578106,2.6247042838303423
4870.683,-1.865708755431101,2.6149334852160875
4870.703,-1.863581788216693,2.605162684018202
4870.723,-1.861454834592045,2.595391880270599
4870.743,-1.8593278945291818,2.585621074004111
4870.763,-1.857201025852635,2.575850268536465
4870.783,-1.8550803670061788,2.566072910825304
4870.803,-1.8529590500090143,2.5562978218859573
4870.823,-1.8508377190296024,2.54652298468274
4870.843,-1.8487159541494587,2.5367495649552523
4870.863,-1.846594346639555,2.526976123752039
4870.883,-1.8444728945171884,2.5172026474037437
4870.903,-1.842351116850759,2.5074283131599824
4870.923,-1.8402311614786355,2.497650536530728
4870.943,-1.8381056081140665,2.4878794230318326
4870.963,-1.8359801374480171,2.478108302417458
4870.983,-1.8338546805963671,2.468337179235669
4871.003,-1.8317292368730318,2.4585660534967335
4871.023,-1.8296038061947537,2.448794925180565
4871.043,-1.8274783884858894,2.4390237942634956
4871.063,-1.825352983673628,2.4292526607186797
4871.083,-1.823228137977439,2.419480826278372
4871.103,-1.821105540412568,2.4097045072963006
4871.123,-1.8189823635177371,2.399928865445916
4871.143,-1.8168573551133775,2.390157054689256
4871.163,-1.814735670503137,2.3803821839526713
4871.183,-1.812613914489645,2.3705973726339833
4871.203,-1.8109465583470226,2.361377420595866
4871.223,-1.809906014361761,2.353509623635182
4871.243,-1.8092823498728405,2.347340678859335
4871.263,-1.8089468742927344,2.3429404316898776
4871.283,-1.8090160805392586,2.339593036612294
4871.303,-1.809710448682475,2.3369159632989462
4871.323,-1.8110645674331551,2.3349492085742454
4871.343,-1.813061718746319,2.333698450663369
4871.363,-1.815667759711115,2.333177382117984
4871.383,-1.8186784462934513,2.333215311965827
4871.403,-1.821686452019851,2.3333121714837994
4871.423,-1.8243965954321388,2.3330622572093045
4871.443,-1.8270856279325742,2.332822374613916
4871.463,-1.8297786049007299,2.332630924347255
4871.483,-1.8324745799113227,2.332487978056239
4871.503,-1.835172679101192,2.332393581527559
4871.523,-1.837872028597376,2.3323477647364017
4871.543,-1.8405776772193398,2.330468645634088
4871.563,-1.8432712490428955,2.3253024125864825
4871.583,-1.8453456754250577,2.3184247635442112
4871.603,-1.8466819867045177,2.310092739236073
4871.623,-1.8473071283690166,2.300395862353681
4871.643,-1.8477766681506815,2.2904060270661395
4871.663,-1.8480391532586666,2.280064125289411
4871.683,-1.8483885071774921,2.2696373861063877
4871.703,-1.8488284613704624,2.2596199363651506
4871.723,-1.8492843300856177,2.24962766199219
4871.743,-1.8497425871886728,2.2396360790631964
4871.763,-1.8502005614272254,2.2296433898970873
4871.783,-1.8506568585182277,2.2196487513920515
4871.803,-1.8511130799870135,2.20965431661081
4871.823,-1.8515678744532011,2.1996611220592164
4871.843,-1.8520229829408525,2.189666331519652
4871.863,-1.8524771171165932,2.179672145323805
4871.883,-1.8529309317285863,2.1696787021450445
4871.903,-1.8533843052801566,2.159684901745822
4871.923,-1.8538428628459234,2.1496941118272765
4871.943,-1.854302455827751,2.1397050004312073
4871.963,-1.8547620210807991,2.1297158873322424
4871.983,-1.8552215700549282,2.119726772818195
4872.003,-1.8556811028607738,2.109737656960873
4872.023,-1.8561406195062014,2.0997485398358355
4872.043,-1.8566001199974715,2.089759421523438
4872.063,-1.8570596043401169,2.0797703021080562
4872.083,-1.8575190725388977,2.0697811816772735
4872.103,-1.8579785245977634,2.0597920603210222
4872.123,-1.8584379605198138,2.0498029381307035
4872.143,-1.8588973803072741,2.0398138151982943
4872.163,-1.8593567839614786,2.0298246916154445
4872.183,-1.8598161714828574,2.019835567472576
4872.203,-1.860275542870939,2.009846442858
4872.223,-1.8607348981243566,1.9998573178570411
4872.243,-1.8611942372408679,1.9898681925512034
4872.263,-1.8616525631155518,1.9798776537292744
4872.283,-1.8621064292728193,1.9698840236108566
4872.303,-1.862564393500633,1.9598935201337977
4872.323,-1.863023432237291,1.9499043836877887
4872.343,-1.8634824498524831,1.9399152472103296
4872.363,-1.86394145124956,1.929926110773878
4872.383,-1.8644004364663846,1.9199369744150714
4872.403,-1.864859405495977,1.9099478381618304
4872.423,-1.8653183583305404,1.8999587020331783
4872.443,-1.8657773427549216,1.8899695544815398
4872.463,-1.8662340351008933,1.8799773210021382
4872.483,-1.8666892202171776,1.8699835337627626
4872.503,-1.867142009223165,1.859988534846951
4872.523,-1.8675959733899337,1.8499939087650805
4872.543,-1.868049520787611,1.8399991322248286
4872.563,-1.868503329933639,1.8300041189609864
4872.583,-1.868956707928004,1.8200096107110137
4872.603,-1.8694095988126085,1.8100140390795345
4872.623,-1.8698615079599228,1.8000174129761772
4872.643,-1.8703140059536385,1.7900240431319618
4872.663,-1.8707658335217938,1.7800295228537522
4872.683,-1.8712164649642,1.770032705532437
4872.703,-1.8716690963090412,1.7600383713309056
4872.723,-1.8721224476482337,1.7500478912317172
4872.743,-1.8725746537658683,1.740053940531925
4872.763,-1.8730280299122768,1.7300619259752599
4872.783,-1.8734796793907327,1.720069100588351
4872.803,-1.873931070906244,1.7100744392318619
4872.823,-1.8743846245754134,1.7000849254888866
4872.843,-1.8748351275311192,1.6900900342677827
4872.863,-1.875289366044166,1.6801007847073435
4872.883,-1.8757405107521194,1.6701054468285925
4872.903,-1.8761912637263112,1.6601100474601618
4872.923,-1.8766456731898724,1.6501206414914873
4872.943,-1.8771002344148953,1.640131310466615
4872.963,-1.8775547795018803,1.6301419784472475
4872.983,-1.878009308299829,1.6201526448515209
4873.003,-1.8784638208153634,1.6101633096377055
4873.023,-1.878918317056625,1.60017397277813
4873.043,-1.8793727970321474,1.5901846342537715
4873.063,-1.8798272607507684,1.5801952940544082
4873.083,-1.8802817082215515,1.5702059521787488
4873.103,-1.880736139453699,1.5602166086344682
4873.123,-1.8811905544564667,1.5502272634381526
4873.143,-1.8816449532390758,1.540237916615157
4873.163,-1.882099335810624,1.530248568199369
4873.183,-1.8825537021800018,1.5202592182328931
4873.203,-1.8830080523558073,1.5102698667656465
4873.223,-1.883462386346263,1.500280513854877
4873.243,-1.8839167041591363,1.4902911595646062
4873.263,-1.8843710058016712,1.4803018039650082
4873.283,-1.8848252912805106,1.4703124471317206
4873.303,-1.8852795606016415,1.4603230891451036
4873.323,-1.8857324323671836,1.4503317353216383
4873.343,-1.8861824037493025,1.4403376169247433
4873.363,-1.8866322506378246,1.430341297378437
4873.383,-1.8870819279053253,1.4203449589251897
4873.403,-1.8875313363223916,1.4103486073688325
4873.423,-1.8879804616215798,1.4003522434292668
4873.443,-1.8884293020226657,1.390355867379461
4873.463,-1.888877857472347,1.3803594793909246
4873.483,-1.8893261285953233,1.3703630798169182
4873.503,-1.8897741155835188,1.3603666689893978
4873.523,-1.8902218187834703,1.3503702472486978
4873.543,-1.8906692381463128,1.3403738145962676
4873.563,-1.8911163746858788,1.330377371591743
4873.583,-1.891563229364337,1.3203809189921434
4873.603,-1.8920098023319132,1.3103844571908594
4873.623,-1.8924560954805483,1.3003879870130275
4873.643,-1.8929054316750777,1.29039700916164
4873.663,-1.89335531576155,1.280407459678573
4873.683,-1.8938051737793726,1.2704179102655433
4873.703,-1.8942550154823734,1.2604283609720786
4873.723,-1.8947048409528817,1.2504388117991536
4873.743,-1.895154650183548,1.2404492627384989
4873.763,-1.895604443166109,1.230459713772758
4873.783,-1.8960532810686563,1.22046943187167
4873.803,-1.8964982466938007,1.2104742544097482
4873.823,-1.8969425617068112,1.200477876061631
4873.843,-1.8973870463788551,1.19048152628868
4873.863,-1.8978310855355687,1.1804841963795563
4873.883,-1.898276199198916,1.1704880603385646
4873.903,-1.898721082139739,1.1604919110678824
4873.923,-1.899165698021804,1.1504957503774333
4873.943,-1.8996100423296733,1.1404995782075322
4873.963,-1.9000541148628918,1.1305033944259304
4873.983,-1.9004979159300606,1.120507198921043
4874.003,-1.9009414458283362,1.1105109916143265
4874.023,-1.9013847048022845,1.1005147724539703
4874.043,-1.9018276930485314,1.0905185414075993
4874.063,-1.9022704107283461,1.0805222984550749
4874.083,-1.9027128579777859,1.070526043584992
4874.103,-1.9031578492882548,1.060534938305875
4874.123,-1.9036036648918837,1.0505452150621104
4874.143,-1.9040494629123323,1.0405554914004076
4874.163,-1.9044952445911896,1.030565766384532
4874.183,-1.9049410099480717,1.020576039941881
4874.203,-1.905386758989069,1.0105863120154492
4874.223,-1.9058324917207587,1.000596582555298
4874.243,-1.9062782081503087,0.9906068515189909
4874.263,-1.9067239082854193,0.9806171188720495
4874.283,-1.9071695921342466,0.9706273845883284
4874.303,-1.9076152597053317,0.9606376486503049
4874.323,-1.9080609110075188,0.950647911049281
4874.343,-1.9085065460498734,0.940658171785498
4874.363,-1.908952164841598,0.9306684308681556
4874.383,-1.9093977673919413,0.9206786883153463
4874.403,-1.9098433537101158,0.9106889441538939
4874.423,-1.910288923805207,0.9006991984191065
4874.443,-1.9107344776860837,0.8907094511544457
4874.463,-1.9111800153613199,0.8807197024111074
4874.483,-1.9116255368391069,0.87072995224753
4874.503,-1.912071042127179,0.8607402007288261
4874.523,-1.9125165312327361,0.850750447926147
4874.543,-1.912962004162377,0.840760693915989
4874.563,-1.9134074609220355,0.8307709387794394
4874.583,-1.913852901516923,0.8207811826013836
4874.603,-1.9142944810922702,0.8107874414303184
4874.623,-1.9147354511269647,0.8007907413656601
4874.643,-1.9151763922568448,0.7907940102305455
4874.663,-1.9156170841006241,0.7807972653647506
4874.683,-1.916057495499876,0.7708005083237807
4874.703,-1.9164976221954355,0.7608037394780559
4874.723,-1.9169374638216203,0.7508069590085222
4874.743,-1.9173770209273915,0.7408101672775994
4874.763,-1.9178162937704577,0.7308133646018525
4874.783,-1.918255282464514,0.7208165512385917
4874.803,-1.9186939872830806,0.7108197272708557
4874.823,-1.9191324092511994,0.7008228933050074
4874.843,-1.919570549171344,0.6908260500978124
4874.863,-1.9200084073659807,0.6808291979650077
4874.883,-1.920445985812251,0.6708323379329785
4874.903,-1.9208870194308971,0.660841664867105
4874.923,-1.921328219629466,0.6508517281397124
4874.943,-1.9217693974524592,0.640861791521647
4874.963,-1.9222105589827614,0.6308718550374436
4874.983,-1.9226517042687254,0.6208819186864708
4875.003,-1.9230928333025676,0.6108919824589548
4875.023,-1.923533946075914,0.600902046336063
4875.043,-1.923974034850165,0.5909107511740506
4875.063,-1.924409668723713,0.580914523572326
4875.083,-1.9248449343254272,0.5709166262213212
4875.103,-1.9252820773332662,0.5609232595186346
4875.123,-1.9257162398896095,0.5509259234494825
4875.143,-1.9261517541986106,0.5409314653351399
4875.163,-1.926586004276429,0.5309358524129113
4875.183,-1.9270214730465745,0.520939330793106
4875.203,-1.9274572700446384,0.5109427931573309
4875.223,-1.9278928948420984,0.5009462362517764
4875.243,-1.928328263157055,0.4909496665771508
4875.263,-1.9287633635391503,0.4809530846496676
4875.283,-1.9291981942477303,0.4709564906284567
4875.303,-1.9296327549311763,0.4609598846048108
4875.323,-1.9300670454790514,0.4509632666497778
4875.343,-1.930501065843992,0.44096663681756193
4875.363,-1.9309380160653122,0.43097581552821285
4875.383,-1.9313754397426226,0.4209857213365313
4875.403,-1.9318128462682465,0.4109956264091264
4875.423,-1.9322502364463332,0.4010055301263044
4875.443,-1.9326876102913737,0.3910154324198734
4875.463,-1.9331249678093958,0.3810253332339824
4875.483,-1.9335623090069765,0.37103523251990345
4875.503,-1.9339996338912864,0.36104513023649126
4875.523,-1.9344369424700245,0.35105502635062497
4875.543,-1.934874234751348,0.34106492083757
4875.563,-1.9353115107437957,0.33107481368125297
4875.583,-1.9357487704562104,0.3210847048744504
4875.603,-1.9361860138976503,0.311094594418886
4875.623,-1.9366232410773072,0.30110448232523784
4875.643,-1.937060452004417,0.29111436861305423
4875.663,-1.9374976466881735,0.28112425331058055
4875.683,-1.937934825137637,0.2711341364544974
4875.703,-1.9383719873616496,0.2611440180895733
4875.723,-1.9388091333687516,0.25115389826823586
4875.743,-1.9392462631670941,0.24116377705006536
4875.763,-1.9396833767643669,0.2311736545012157
4875.783,-1.9401204741677196,0.22118353069376878
4875.803,-1.940557555383695,0.2111934057050297
4875.823,-1.9409946204181667,0.20120327961676707
4875.843,-1.9414316692762799,0.19121315251441018
4875.863,-1.9418644116298036,0.1812183364169922
4875.883,-1.9422969958301766,0.1712212646490066
4875.903,-1.9427295101074133,0.16122416335098658
4875.923,-1.9431617717053076,0.15122704719427635
4875.943,-1.943593753450816,0.14122991828804124
4875.963,-1.9440254510683548,0.1312327773746842
4875.983,-1.9444568639705604,0.1212356248667486
4876.003,-1.944887992414597,0.11123846126245229
4876.023,-1.94531883664842,0.10124128694136472
4876.043,-1.945749396452205,0.09124410208584893
4876.063,-1.9461796724173575,0.08124690692706761
4876.083,-1.9466096655092129,0.07124970211291523
4876.103,-1.9470393763353082,0.06125248836370205
4876.123,-1.9474688055523879,0.05125526600538349
4876.143,-1.9478982955759878,0.041258685096565835
4876.163,-1.9483313873571646,0.03126838240978002
4876.183,-1.9487642161191403,0.02127807954129389
4876.203,-1.9491970262308316,0.011287776811495738
4876.223,-1.9496298200728046,0.0012974742293411605
4876.243,-1.95006259765902,-0.00869282820733754
4876.263,-1.9504953589812537,-0.01868313050982951
4876.283,-1.9509281040310256,-0.028673432698452076
4876.303,-1.9513591501619578,-0.03866636893037487
4876.323,-1.951785292675059,-0.04866420286082779
4876.343,-1.9522127017459057,-0.05866078066075944
4876.363,-1.9526410205963265,-0.06865605209905326
4876.383,-1.9530680519867527,-0.07865138031947602
4876.403,-1.9534951644962406,-0.08864607716587444
4876.423,-1.9539208178283793,-0.098642659259553
4876.443,-1.9543473472956574,-0.1086404159760265
4876.463,-1.9547747868011751,-0.1186373197461925
4876.483,-1.9552020172246671,-0.12863424160703957
4876.503,-1.9556289821194133,-0.13863117712530007
4876.523,-1.9560556747362312,-0.14862812555141125
4876.543,-1.9564820947577402,-0.15862508649757462
4876.563,-1.9569082425987239,-0.16862205969918503
4876.583,-1.9573341186699786,-0.1786190449586987
4876.603,-1.9577605005475929,-0.18861478337133944
4876.623,-1.9581896119506177,-0.1986052551571664
4876.643,-1.9586186887385169,-0.208595711244529
4876.663,-1.9590477489129086,-0.21858616844344722
4876.683,-1.9594767927351122,-0.22857662699916947
4876.703,-1.959905820213332,-0.2385670869748551
4876.723,-1.9603348313535214,-0.24855754842519798
4876.743,-1.9607638261622553,-0.2585480113977194
4876.763,-1.9611928046467029,-0.26853847593227975
4876.783,-1.9616217668145646,-0.2785289420606493
4876.803,-1.9620507126739974,-0.2885194098061605
4876.823,-1.9624796422335375,-0.2985098791834467
4876.843,-1.9629085555020225,-0.3085003501982692
4876.863,-1.9633374524885039,-0.3184908228474347
4876.883,-1.963766333202161,-0.32848129711880275
4876.903,-1.9641951976522172,-0.3384717729913848
4876.923,-1.9646240458478434,-0.3484622504355329
4876.943,-1.9650528777980776,-0.3584527294132148
4876.963,-1.9654816935117319,-0.36844320987837603
4876.983,-1.96591049299731,-0.37843369177738084
4877.003,-1.9663392762629226,-0.388424175049532
4877.023,-1.9667680433162138,-0.3984146596276603
4877.043,-1.9671967941642805,-0.40840514543878104
4877.063,-1.9676255288136093,-0.41839563240480815
4877.083,-1.9680542472700095,-0.4283861204433213
4877.103,-1.9684825646579844,-0.438377305652505
4877.123,-1.9689064262102494,-0.4483731704827795
4877.143,-1.9693306823858494,-0.4583706150732718
4877.163,-1.969754799160274,-0.46836808273834396
4877.183,-1.9701786530000516,-0.47836556437253713
4877.203,-1.9706022252541548,-0.4883630583347206
4877.223,-1.9710255128843446,-0.4983605639943189
4877.243,-1.9714485156311157,-0.5083580809373397
4877.263,-1.9716767193282505,-0.5177766510822296
4877.283,-1.9717329178955187,-0.525801290047462
4877.303,-1.9717063033960756,-0.5321400652536403
4877.323,-1.9716932865029764,-0.5367842943112803
4877.343,-1.9720952746026825,-0.5405017437974619
4877.363,-1.972926429571589,-0.5434183045625397
4877.383,-1.9742190576872436,-0.5455632630762912
4877.403,-1.9759855290663644,-0.5469368225706118
4877.423,-1.9782343577359922,-0.5475151951233798
4877.443,-1.980831552367444,-0.5474065901525864
4877.463,-1.9835127467912785,-0.5470950059608654
4877.483,-1.986188632178487,-0.5467380338740647
4877.503,-1.9888576515106544,-0.5463329572907093
4877.523,-1.9915189348341467,-0.5458799087350122
4877.543,-1.9941716199116717,-0.5453790357511522
4877.563,-1.9968148474340786,-0.5448305013759935
4877.583,-1.9994477612546333,-0.5442344840815873
4877.603,-2.0020695086634817,-0.5435911777103978
4877.623,-2.004679240661125,-0.5429007914057109
4877.643,-2.007276112230478,-0.5421635495372319
4877.663,-2.009859282607432,-0.5413796916218938
4877.683,-2.0124279155498246,-0.5405494722399097
4877.703,-2.0149811796047046,-0.5396731609461013
4877.723,-2.0175182483737943,-0.5387510421765457
4877.743,-2.020038300777032,-0.5377834151505954
4877.763,-2.022540521314073,-0.5367705937683301
4877.783,-2.025024100323636,-0.5357129065035127
4877.803,-2.0274882342405722,-0.5346106962921267
4877.823,-2.029932125850541,-0.5334643204165941
4877.843,-2.032354984542175,-0.5322741503857662
4877.863,-2.0347560265566305,-0.5310405718108039
4877.883,-2.0371344752344096,-0.5297639842770651
4877.903,-2.039489561259383,-0.5284448012121258
4877.923,-2.0418205228999073,-0.5270834497500659
4877.943,-2.044126606246988,-0.5256803705921549
4877.963,-2.046407065449437,-0.5242360178640727
4877.983,-2.0486611629459737,-0.5227508589697997
4878.003,-2.050888169694284,-0.5212253744423001
4878.023,-2.053087365397014,-0.5196600577911165
4878.043,-2.0552580387247477,-0.5180554153469774
4878.063,-2.0573994875360033,-0.5164119661035051
4878.083,-2.0595110190943196,-0.5147302415560834
4878.103,-2.0615919502825144,-0.513010785537922
4878.123,-2.063641607814222,-0.5112541540533304
4878.143,-2.0656593284428095,-0.5094609151081744
4878.163,-2.0676444591677954,-0.507631648537459
4878.183,-2.069596357438899,-0.5057669458299533
4878.203,-2.071514391357824,-0.5038674099497338
4878.223,-2.073397939877883,-0.5019336551544958
4878.243,-2.0766207819506337,-0.5012518072665748
4878.263,-2.0822285979393254,-0.5028323518590143
4878.283,-2.0886583916896604,-0.506036802381412
4878.303,-2.0956411648573194,-0.5107755923882182
4878.323,-2.1031301034997627,-0.5169674680970506
4878.343,-2.1107254300749743,-0.5234732258140421
4878.363,-2.118534379795052,-0.5301231099095832
4878.383,-2.1264428640390394,-0.5368478340381818
4878.403,-2.134076431702704,-0.5433777289020875
4878.423,-2.141680228332347,-0.5498785609692993
4878.443,-2.149276673498796,-0.5563813832561293
4878.463,-2.1568729939244236,-0.5628842203743027
4878.483,-2.1644693148378966,-0.5693870564371946
4878.503,-2.1720656371480422,-0.5758898915936478
4878.523,-2.179661960892048,-0.582392725800977
4878.543,-2.1872582860959993,-0.588895559009298
4878.563,-2.1948546127833706,-0.5953983911646126
4878.583,-2.2024509409748902,-0.6019012222093715
4878.603,-2.2100472706883436,-0.608404052083036
4878.623,-2.217643601938403,-0.6149068807226709
4878.643,-2.2252399347364937,-0.6214097080635621
4878.663,-2.2328362690906833,-0.6279125340398528
4878.683,-2.240432605005613,-0.6344153585851908
4878.703,-2.248028942482455,-0.6409181816333808
4878.723,-2.2556252815189115,-0.6474210031190365
4878.743,-2.2632216221092465,-0.6539238229782242
4878.763,-2.270817964244342,-0.6604266411490928
4878.783,-2.278414307911807,-0.6669294575724821
4878.803,-2.286010653096096,-0.6734322721925076
4878.823,-2.293606999778682,-0.6799350849571077
4878.843,-2.301203347938239,-0.6864378958185586
4878.863,-2.308268956009146,-0.6924166076719167
4878.883,-2.314076864006995,-0.6971550794923683
4878.903,-2.318373758967032,-0.7004963001661368
4878.923,-2.3215062938393696,-0.7026606336240762
4878.943,-2.324276296299279,-0.7036870053360875
4878.963,-2.326734737525713,-0.7037127563397374
4878.983,-2.328850097323701,-0.7027602617884522
4879.003,-2.330610204655667,-0.7008765409678814
4879.023,-2.332244241071381,-0.6987273040507298
4879.043,-2.333839038947052,-0.6965491888511418
4879.063,-2.335394383440984,-0.6943427180943772
4879.083,-2.3369097734955324,-0.692108604103333
4879.103,-2.338384717992996,-0.6898475697805735
4879.123,-2.3398187387670575,-0.6875603468740498
4879.143,-2.3412113707969464,-0.6852476757342958
4879.163,-2.342562162370986,-0.6829103050792394
4879.183,-2.3438706752464316,-0.6805489917541735
4879.203,-2.345136484805525,-0.6781645004868856
4879.223,-2.3463591802074513,-0.6757576036381129
4879.243,-2.3475383645358257,-0.6733290809475292
4879.263,-2.3486736549414116,-0.6708797192755235
4879.283,-2.3497646827797687,-0.6684103123410632
4879.303,-2.350811093743552,-0.6659216604559601
4879.323,-2.3518125479892333,-0.6634145702558811
4879.343,-2.3527687202580587,-0.6608898544284512
4879.363,-2.353679299991053,-0.6583483314388011
4879.383,-2.3545439914379904,-0.6557908252529004
4879.403,-2.355362513760222,-0.6532181650590067
4879.423,-2.356134601127333,-0.6506311849875425
4879.443,-2.3568600028076165,-0.6480307238296825
4879.463,-2.3575384832523696,-0.64541762475491
4879.483,-2.3581698221740774,-0.6427927350277783
4879.503,-2.358753814618517,-0.6401569057240631
4879.523,-2.3592902710308934,-0.6375109914464951
4879.543,-2.359779017316059,-0.6348558500401992
4879.563,-2.3602198948929316,-0.6321923423079686
4879.583,-2.360612760743209,-0.6295213317254641
4879.603,-2.360957487454456,-0.6268436841564213
4879.623,-2.3612539632576666,-0.6241602675679135
4879.643,-2.361502092059393,-0.6214719517457293
4879.663,-2.361701793468508,-0.6187796080098967
4879.683,-2.3618530028176683,-0.616084108930388
4879.703,-2.361955671179561,-0.6133863280430256
4879.723,-2.3620097653779553,-0.6106871395656297
4879.743,-2.362017592417879,-0.6079888216788422
4879.763,-2.36197484403282,-0.6052898749451261
4879.783,-2.361883444950769,-0.6025917608977206
4879.803,-2.3617434998071736,-0.5998957372707576
4879.823,-2.361555052574142,-0.5972026799307245
4879.843,-2.361318164870619,-0.594513461479434
4879.863,-2.362903782966223,-0.5916260344882226
4879.883,-2.367759740923195,-0.5884063008201151
4879.903,-2.374382511383341,-0.5856231105876331
4879.923,-2.3825289642393095,-0.5834216701917981
4879.943,-2.3921071667065807,-0.5817844984605851
4879.963,-2.4019928979523835,-0.5802713806043127
4879.983,-2.412227620948742,-0.5789291570590706
4880.003,-2.4225336701192903,-0.5776084147643552
4880.023,-2.4324304040599523,-0.5761178806076933
4880.043,-2.442323319936044,-0.5746197248837842
4880.063,-2.4522162447466394,-0.5731215227798107
4880.083,-2.4621092037681063,-0.5716235189854162
4880.103,-2.4720021993559524,-0.5701257576658295
4880.123,-2.4818952321466505,-0.5686282471063233
4880.143,-2.4917883024368996,-0.5671309894105266
4880.163,-2.5016814104779765,-0.5656339853100495
4880.183,-2.511574556245218,-0.5641372349188762
4880.203,-2.52146773950312,-0.5626407379763818
4880.223,-2.5313609599786577,-0.5611444943897427
4880.243,-2.5412542172996693,-0.559648503586405
4880.263,-2.5511475110546544,-0.5581527649507895
4880.283,-2.560420214263365,-0.5570531158731709
4880.303,-2.5682846212585213,-0.5565132130184358
4880.323,-2.5745204169850995,-0.5565218305291019
4880.343,-2.579048754920921,-0.5565171616166453
4880.363,-2.582444345297799,-0.5563443594832036
4880.383,-2.5850005054104885,-0.5556967630577233
4880.403,-2.5867362706324863,-0.5544917611714661
4880.423,-2.5876261556409372,-0.5527912748198226
4880.443,-2.5877832390524285,-0.55052303580605
4880.463,-2.5872861062972112,-0.547936634062906
4880.483,-2.5866817161393514,-0.5453164271028137
4880.503,-2.5860122661817098,-0.5427016936742289
4880.523,-2.5852953653980477,-0.5400990874096661
4880.543,-2.5845317387700915,-0.5375098072403304
4880.563,-2.5837216368356524,-0.5349346975396606
4880.583,-2.5828653224408895,-0.5323745919932653
4880.603,-2.581963073329171,-0.5298303193131598
4880.623,-2.581015182071156,-0.5273027030194303
4880.643,-2.5800219559652224,-0.5247925611786612
4880.663,-2.5789837169332244,-0.5223007061441435
4880.683,-2.5785043653458826,-0.5200926348125027
4880.703,-2.580168255321331,-0.5187013413738494
4880.723,-2.5816446288614006,-0.5174150775960543
4880.743,-2.582552819528206,-0.5162049063453793
4880.763,-2.5840702615764877,-0.5149419617671217
4880.783,-2.585012383394565,-0.5137016691045702
4880.803,-2.5862403635275983,-0.5125104769376031
4880.823,-2.5871985992683633,-0.5112623603570721
4880.843,-2.588503856534974,-0.5099601167597276
4880.863,-2.589533153508036,-0.5087558227704736
4880.883,-2.5909746879285698,-0.5073816381828901
4880.903,-2.5925180845893125,-0.5059889095908583
4880.923,-2.5946638050436572,-0.5040042658434866
4880.943,-2.59846082162542,-0.5008542759662491
4880.963,-2.6032031113024523,-0.49700010828218694
4880.983,-2.6083928453966343,-0.4927585636289699
4881.003,-2.6137080381192965,-0.488207097871434
4881.023,-2.6193884128771057,-0.4835225058852771
4881.043,-2.6253362072080173,-0.47852590154829855
4881.063,-2.6314929388497488,-0.47336975954343197
4881.083,-2.6380315765052007,-0.4680633842724684
4881.103,-2.6449364531921984,-0.4625532122157896
4881.123,-2.6525029748402793,-0.45688986427072825
4881.143,-2.6603739238015676,-0.4511497959761932
4881.163,-2.6683977454007093,-0.4453634454668202
4881.183,-2.6765174948223716,-0.43955111990665957
4881.203,-2.684686630738163,-0.4337202498404144
4881.223,-2.6928521736432027,-0.42787975179825954
4881.243,-2.7010910621867095,-0.42203867130882305
4881.263,-2.709340275372421,-0.4162186667143325
4881.283,-2.717314790199576,-0.4104784787677242
4881.303,-2.7236350225941126,-0.4048542490490881
4881.323,-2.731260787486572,-0.398940672710185
4881.343,-2.739333480638507,-0.393042780256387
4881.363,-2.7474786098763544,-0.38712076019278174
4881.383,-2.755948694310471,-0.38104312272426555
4881.403,-2.764031374917728,-0.37511627536835135
4881.423,-2.772108329536105,-0.3692168437844083
4881.443,-2.780183595652799,-0.36331895445264917
4881.463,-2.787774012310189,-0.35792597249133457
4881.483,-2.794050387872188,-0.3538123128910023
4881.503,-2.7988261512187154,-0.35096881690329834
4881.523,-2.8019306315531645,-0.34836186717679796
4881.543,-2.8037999248108627,-0.3458659335211949
4881.563,-2.8045159261663968,-0.3435609816664943
4881.583,-2.8042019111693515,-0.3414052651645581
4881.603,-2.802916203206158,-0.33929372017497805
4881.623,-2.801121737946039,-0.3372357457932323
4881.643,-2.7993618021471787,-0.3351893401917293
4881.663,-2.7975651620963884,-0.33317463420945675
4881.683,-2.7957325518522267,-0.3311925805442657
4881.703,-2.793864564158524,-0.32924382312649436
4881.723,-2.7919618024595665,-0.3273289927182087
4881.743,-2.7900248816221254,-0.3254487091990764
4881.763,-2.78805442769773,-0.32360358139111167
4881.783,-2.7860510776978136,-0.3217942068643687
4881.803,-2.7840154793792595,-0.32002117174471023
4881.823,-2.781948291034955,-0.3182850505235357
4881.843,-2.7798501812858096,-0.3165864058693525
4881.863,-2.777721828871942,-0.3149257884411943
4881.883,-2.7755639224415063,-0.31330373670397155
4881.903,-2.7733771603361337,-0.311720776745914
4881.923,-2.771162250372314,-0.3101774220983063
4881.943,-2.7689199096182704,-0.3086741735577725
4881.963,-2.766650864166054,-0.3072115190113919
4881.983,-2.764355848898715,-0.3057899332649682
4882.003,-2.7620356072525243,-0.30440987787478363
4882.023,-2.759690890974284,-0.3030718009831912
4882.043,-2.7573224598738637,-0.30177613715839224
4882.063,-2.754931081572162,-0.30052330723875137
4882.083,-2.75251753124473,-0.2993137181819726
4882.103,-2.7500825913613545,-0.2981477629194475
4882.123,-2.7476270514219308,-0.2970258202160508
4882.143,-2.7451517076889673,-0.2959482545356266
4882.163,-2.7426573629170883,-0.2949154159123668
4882.183,-2.7408301552963095,-0.2921741308072149
4882.203,-2.7402199675819277,-0.2863791698889329
4882.223,-2.740813335769689,-0.2792189186465787
4882.243,-2.742626894340717,-0.2709763088012919
4882.263,-2.7456023705345602,-0.2617250625412692
4882.283,-2.7488292446064277,-0.25225894832313556
4882.303,-2.7520017277852147,-0.24251717983749987
4882.323,-2.7551544103353445,-0.23250272803583044
4882.343,-2.7583667460313595,-0.2230259010578794
4882.363,-2.7615825698249385,-0.2135522652668329
4882.383,-2.7647985723459163,-0.20407549698039715
4882.403,-2.7680130765377875,-0.19460087757347283
4882.423,-2.771226623152381,-0.18512419582624712
4882.443,-2.7744409498659865,-0.17564696820418085
4882.463,-2.7776562481938942,-0.16617032298597567
4882.483,-2.7808714533736714,-0.15669371223798098
4882.503,-2.7840865782377278,-0.14721716342987884
4882.523,-2.787301618673047,-0.137740642950033
4882.543,-2.790516595880149,-0.12826412985532168
4882.563,-2.7937315431731684,-0.11878761512849237
4882.583,-2.7969464885851,-0.10931110420268358
4882.603,-2.800161436495068,-0.09983461877489605
4882.623,-2.803376390196513,-0.09035815073716973
4882.643,-2.8065913539109824,-0.08088169467714226
4882.663,-2.8098063316236024,-0.07140524492778716
4882.683,-2.813021327070651,-0.06192879572573862
4882.703,-2.8162363437210405,-0.05245234127349802
4882.723,-2.8194513847184424,-0.04297587580751518
4882.743,-2.822666452622788,-0.033499389979788796
4882.763,-2.825881584492623,-0.024022882838458902
4882.783,-2.829096823250116,-0.014546371124440086
4882.803,-2.832312193369745,-0.005069858890487007
4882.823,-2.8355277120660554,0.004406652092155853
4882.843,-2.838743377873475,0.013883167703628775
4882.863,-2.8419591767217796,0.023359654629503186
4882.883,-2.8447814263040945,0.032331401086565514
4882.903,-2.8466737417101085,0.03998964330377572
4882.923,-2.8479789817533665,0.04596025362856098
4882.943,-2.8486927009814997,0.05017517654795531
4882.963,-2.8488117409484657,0.053312681510280166
4882.983,-2.8481580608388084,0.05580088127512211
4883.003,-2.846746724777482,0.05763694719264925
4883.023,-2.8445948188645245,0.05880686303226573
4883.043,-2.8419994932644066,0.0595403929279899
4883.063,-2.839388192919273,0.06022538953789644
4883.083,-2.836764963185513,0.06086327618027435
4883.103,-2.834130667465579,0.061453846866941504
4883.123,-2.8314861604594315,0.061996909375162376
4883.143,-2.8288323000905415,0.0624922869458282
4883.163,-2.8261699473118993,0.06293981836874857
4883.183,-2.823499965813438,0.06333935803496132
4883.203,-2.8208232217291545,0.06369077598220027
4883.223,-2.818140583344867,0.06399395793403949
4883.243,-2.81545292080671,0.06424880533288654
4883.263,-2.8127611058304502,0.06445523536698802
4883.283,-2.810066011411663,0.06461318099160404
4883.303,-2.8073685115367963,0.06472259094449886
4883.323,-2.8046694808951393,0.06478342975588275
4883.343,-2.8019705573965603,0.06479666377135362
4883.363,-2.7992716810302545,0.0647620333122486
4883.383,-2.7965733550324656,0.06467737639555546
4883.403,-2.7938770011687235,0.06454416831124696
4883.423,-2.7911834940292746,0.06436244984197831
4883.443,-2.7884937066522464,0.06413228048872452
4883.463,-2.7858085107686072,0.06385373551715913
4883.483,-2.783128776525485,0.06352690589058298
4883.503,-2.7804553722051573,0.06315189823324764
4883.523,-2.777490184130412,0.0645867820632517
4883.543,-2.7740247954199715,0.06927061597996664
4883.563,-2.770904421535714,0.07574142234735262
4883.583,-2.768286602870009,0.08376384035857648
4883.603,-2.766158635947077,0.0932451027343289
4883.623,-2.764138730845065,0.10303982086060567
4883.643,-2.7622581243034334,0.11317922882036445
4883.663,-2.7603917609750726,0.12338933917513095
4883.683,-2.7583894994410967,0.13319477901055995
4883.703,-2.756380249875539,0.1429904659017654
4883.723,-2.7543709988485365,0.15278614527028264
4883.743,-2.7523617619882215,0.16258182759856976
4883.763,-2.750352539396067,0.17237751306762403
4883.783,-2.7483433310474576,0.1821732017532594
4883.803,-2.7463341369157175,0.19196889372781534
4883.823,-2.7443249569731374,0.2017645890603914
4883.843,-2.7423157911910407,0.21156028781608638
4883.863,-2.7403066395398694,0.22135599005527118
4883.883,-2.738297501989287,0.2311516958329129
4883.903,-2.736288378508298,0.2409474051979562
4883.923,-2.734279269065389,0.2507431181927691
4883.943,-2.7322701736286756,0.2605388348526578
4883.963,-2.7307215188530156,0.26977934519059743
4883.983,-2.729756309488109,0.277669916892718
4884.003,-2.729161206439148,0.2838507190179059
4884.023,-2.7287996391296607,0.28826838384446296
4884.043,-2.7288809153869233,0.2917701110362514
4884.063,-2.729550995053473,0.2947183374277722
4884.083,-2.7308218812979015,0.29717425238849415
4884.103,-2.732644142366296,0.2989639735402484
4884.123,-2.735039725753864,0.3003315694266822
4884.143,-2.737769349603451,0.30096230075189817
4884.163,-2.7404478747871965,0.30128197323252653
4884.183,-2.743133974874192,0.30155307482279986
4884.203,-2.7458245284554788,0.30177578820222783
4884.223,-2.7485186506405523,0.3019500372789928
4884.243,-2.751215468025052,0.3020757657064711
4884.263,-2.7539141065053347,0.3021529329355163
4884.283,-2.7566136914735897,0.30218151328516796
4884.303,-2.7593098439912054,0.3021703325043813
4884.323,-2.762004979260443,0.30211601744867383
4884.343,-2.7646989424111728,0.3020112468346551
4884.363,-2.767389892748441,0.30186011355225684
4884.383,-2.770077577170107,0.30166046336884006
4884.403,-2.7729471117769746,0.3032968127991145
4884.423,-2.7761190235786932,0.3082022986214545
4884.443,-2.7788367326045598,0.314866778342484
4884.463,-2.7809588757757635,0.32305002922165493
4884.483,-2.782506252717546,0.3326533369090153
4884.503,-2.7839313627922113,0.34255246763765634
4884.523,-2.7852224465851663,0.3527170054853294
4884.543,-2.786390639476299,0.3631851715547797
4884.563,-2.78776514499814,0.37313918972278703
4884.583,-2.7891682826338613,0.3830465396989371
4884.603,-2.7905755704429596,0.3929528941652009
4884.623,-2.7919839919117866,0.40285725175669995
4884.643,-2.7933941791786148,0.4127569715884273
4884.663,-2.794804222947974,0.4226567008125101
4884.683,-2.7962142509352943,0.4325564322661375
4884.703,-2.797624264270463,0.4424561658884878
4884.723,-2.7990342629215745,0.4523559016768598
4884.743,-2.800444246848083,0.4622556396285504
4884.763,-2.8018542160122126,0.47215537974033245
4884.783,-2.8032641703796295,0.4820551220084265
4884.803,-2.8046741099199646,0.49195486642848457
4884.823,-2.806084034607291,0.501854612995583
4884.843,-2.807493944420543,0.5117543617042236
4884.863,-2.8089038393438814,0.5216541125483442
4884.883,-2.8103137193669943,0.5315538655213349
4884.903,-2.8117235844853403,0.5414536206160647
4884.923,-2.813133434700319,0.5513533778249139
4884.943,-2.814543270019385,0.561253137139814
4884.963,-2.8159530904560865,0.5711528985522939
4884.983,-2.8173628960300388,0.5810526620535322
4885.003,-2.8187726867668346,0.590952427634415
4885.023,-2.8201796786482545,0.6008555806009687
4885.043,-2.821583700158334,0.6107582759999903
4885.063,-2.8229886709097745,0.620661109803263
4885.083,-2.8243933650685933,0.6305651475018309
4885.103,-2.82579731018114,0.6404693137182316
4885.123,-2.827201188551295,0.6503735455770079
4885.143,-2.8286054958223104,0.6602775588916852
4885.163,-2.8300089174584606,0.6701807851259989
4885.183,-2.831411590048565,0.6800849434381704
4885.203,-2.832815032773308,0.6899879973877049
4885.223,-2.8342182538749916,0.699892271290011
4885.243,-2.835620766909011,0.7097966913869403
4885.263,-2.8366387267295408,0.7191319553581205
4885.283,-2.8372160781419207,0.727090155608245
4885.303,-2.837474345800866,0.7333472946204177
4885.323,-2.8376018087696453,0.7378385525246577
4885.343,-2.837384091108377,0.7413244945909406
4885.363,-2.8366069721223632,0.7441163319128626
4885.383,-2.835273639887807,0.7462060157127859
4885.403,-2.833382858703802,0.7475689225188304
4885.423,-2.8309556281924593,0.7481841799403943
4885.443,-2.828086540920452,0.7481257600005867
4885.463,-2.825225600661883,0.7480419679676596
4885.483,-2.8225286690278226,0.7481497622938027
4885.503,-2.819829599332226,0.748209071390343
4885.523,-2.817130802255683,0.748220609372246
4885.543,-2.8144352703412037,0.7481949360302859
4885.563,-2.8116761542871482,0.7500155788193715
4885.583,-2.8088293615008846,0.755117349774762
4885.603,-2.8065513503041286,0.7619430027550788
4885.623,-2.8049665769706955,0.7702452835390244
4885.643,-2.8040482818618067,0.7799279797018355
4885.663,-2.8032717317060665,0.7898988205629556
4885.683,-2.802682251557864,0.8001735858019415
4885.703,-2.8021908504527007,0.8107137325450589
4885.723,-2.8014802726262227,0.8207368883328544
4885.743,-2.8007215498937152,0.8307113097091899
4885.763,-2.799965276818838,0.8406876774243291
4885.783,-2.7992087637697596,0.8506644273248586
4885.803,-2.798447382132443,0.8606350954893699
4885.823,-2.7976861285114314,0.870605735367054
4885.843,-2.796924891352031,0.8805763765057637
4885.863,-2.7961636704208015,0.8905470192367843
4885.883,-2.795402465709501,0.900517663619057
4885.903,-2.794641277209473,0.9104883097048133
4885.923,-2.793880104908168,0.9204589575418004
4885.943,-2.793118948789199,0.9304296071728029
4885.963,-2.79235780883246,0.9404002586351872
4885.983,-2.79159668501431,0.9503709119605015
4886.003,-2.7908355773077678,0.9603415671741357
4886.023,-2.7900744856827684,0.970312224295042
4886.043,-2.78931341010643,0.9802828833355256
4886.063,-2.788552350543361,0.9902535443010971
4886.083,-2.7880499063545976,0.9996439240197285
4886.103,-2.7878392637717644,1.0076687632582222
4886.123,-2.787713336002059,1.013969649112466
4886.143,-2.787658205972856,1.0185494186102204
4886.163,-2.787965677394266,1.0223091240930586
4886.183,-2.7887466720916754,1.025472694166711
4886.203,-2.790037261278395,1.028077020995502
4886.223,-2.7918064940659217,1.0301180231839806
4886.243,-2.7939823129233217,1.031507133043001
4886.263,-2.79656125474033,1.03224816318153
4886.283,-2.799479398589537,1.0326805460932271
4886.303,-2.8021917148176874,1.0326698558150478
4886.323,-2.804886699717164,1.0325857880724598
4886.343,-2.8075791636853484,1.0324553441876347
4886.363,-2.81026887140883,1.0322763915052158
4886.383,-2.8129546937666805,1.0320470242442024
4886.403,-2.8156351218272104,1.0317714087081777
4886.423,-2.818310133762698,1.0314475101518934
4886.443,-2.8209788472683077,1.0310735056999634
4886.463,-2.823639854997916,1.030653581113107
4886.483,-2.826292845279438,1.0301857299663288
4886.503,-2.828936941216849,1.02966820113272
4886.523,-2.831570819810457,1.0291051985295567
4886.543,-2.834194130240526,1.0284947548040928
4886.563,-2.8368059678371846,1.0278351951349176
4886.583,-2.8399179481664363,1.0289651000561761
4886.603,-2.8438853065574747,1.033260590238441
4886.623,-2.8477038148591363,1.0393635012166467
4886.643,-2.8511957969903574,1.0470646895090765
4886.663,-2.8543648817588183,1.0562623303750012
4886.683,-2.8574646177415826,1.0657707842472421
4886.703,-2.8604984883672353,1.075582107952625
4886.723,-2.8635178902265164,1.0855561462426442
4886.743,-2.866588519652192,1.095100121869474
4886.763,-2.869677545709192,1.1046143323111692
4886.783,-2.8727668643813025,1.1141278179104308
4886.803,-2.8758571465504157,1.1236378397125586
4886.823,-2.8789472591006535,1.133147998874344
4886.843,-2.8820373582720276,1.1426581628947297
4886.863,-2.8851274452485156,1.1521683308313373
4886.883,-2.888217520045227,1.1616785027051821
4886.903,-2.8913075826697305,1.1711886785470034
4886.923,-2.8943976331324586,1.1806988583870368
4886.943,-2.8974876714471094,1.1902090422544487
4886.963,-2.900577697630913,1.1997192301768924
4886.983,-2.9036677117048404,1.2092294221800877
4887.003,-2.9067577136937484,1.2187396182874237
4887.023,-2.9093370646658174,1.2277070809077866
4887.043,-2.911071869545073,1.2353474552264396
4887.063,-2.91227755748845,1.2413043860191406
4887.083,-2.9129458534937855,1.2455079417749682
4887.103,-2.913027828341523,1.2486626498400921
4887.123,-2.9123625599431255,1.251162118103447
4887.143,-2.9109484158150263,1.2529999772847134
4887.163,-2.9088078511941924,1.254166489370996
4887.183,-2.906201355254808,1.2548666384553646
4887.203,-2.9035810122003856,1.2555160927507014
4887.223,-2.9009493418669985,1.2561182702356244
4887.243,-2.898307250474004,1.2566729847934832
4887.263,-2.895655595552094,1.257180056031136
4887.283,-2.8929952373066925,1.2576393189504533
4887.303,-2.8903270387476434,1.2580506241376275
4887.323,-2.8876518654003256,1.2584138378118317
4887.343,-2.8849705850139316,1.258728841865899
4887.363,-2.882284067270379,1.2589955339008563
4887.383,-2.879593183493966,1.2592138272544842
4887.403,-2.8768988063618015,1.2593836510240668
4887.423,-2.8742018096150628,1.2595049500834588
4887.443,-2.871503067771083,1.2595776850946099
4887.463,-2.8688034559563906,1.2596018279649637
4887.483,-2.866107477216203,1.259588315233768
4887.503,-2.8634120811315764,1.2595276552528196
4887.523,-2.860718907459552,1.2594205962443281
4887.543,-2.8580282087234083,1.259264983990433
4887.563,-2.855340702589143,1.2590589923539308
4887.583,-2.852657985621882,1.2588067728040082
4887.603,-2.849980323791793,1.2585061835731135
4887.623,-2.8473084793279755,1.2581554666857584
4887.643,-2.8446439623991453,1.2577588106776958
4887.663,-2.841987078961272,1.2573141163624504
4887.683,-2.8393386280890947,1.25681968707934
4887.703,-2.8367000094300727,1.2562797380306308
4887.723,-2.834071576587929,1.2556922236992971
4887.743,-2.83145416898267,1.2550555095564981
4887.763,-2.828849075835743,1.2543738280191008
4887.783,-2.8262566948225865,1.2536451897581278
4887.803,-2.8241431067271066,1.2532095902587894
4887.823,-2.8231121336386025,1.2537086075658113
4887.843,-2.822954654494945,1.2538361045446487
4887.863,-2.82295441934185,1.2538413323072726
4887.883,-2.822953396661085,1.2538486167290777
4887.903,-2.8229528331257048,1.2538486062917429
4887.923,-2.8229528576924694,1.253848613828994
4887.943,-2.8229528691029016,1.2538486171226126
4887.963,-2.82295287481966,1.2538486186231885
4887.983,-2.822952877935599,1.2538486193217557
4888.003,-2.8229528798539985,1.2538486196592673
4888.023,-2.822952881213382,1.2538486198335652
4888.043,-2.8229528823046723,1.2538486199337908
4888.063,-2.82295288326076,1.2538486200002277
4888.083,-2.822952884142688,1.2538486200511205
4888.103,-2.822952884978812,1.2538486200947492
4888.123,-2.822952885782606,1.253848620134879
4888.143,-2.822952886560749,1.2538486201732304
4888.163,-2.8229528873168093,1.2538486202105912
4888.183,-2.8229528880529107,1.2538486202473305
4888.203,-2.8229528887705007,1.2538486202836223
4888.223,-2.8229528894706966,1.2538486203195554
4888.243,-2.822952890154436,1.2538486203551773
4888.263,-2.822952890822563,1.2538486203905157
4888.283,-2.8229528914758553,1.253848620425591
4888.303,-2.8229528921150395,1.253848620460418
4888.323,-2.822952892740804,1.2538486204950117
4888.343,-2.8229528933538006,1.253848620529382
4888.363,-2.822952893954649,1.2538486205635408
4888.383,-2.8223885159149207,1.2556292912557485
4888.403,-2.8207485107427894,1.2608020314298625
4888.423,-2.818058419512619,1.2692766080367637
4888.443,-2.815037505461873,1.2788050316906499
4888.463,-2.8120153278445676,1.288337225212928
4888.483,-2.808992021948915,1.2978729843793337
4888.503,-2.8059688186017437,1.3074084285074508
4888.523,-2.803060360480128,1.3174335985636292
4888.543,-2.800261381153137,1.3279650379767078
4888.563,-2.797244469184769,1.3376214002237996
4888.583,-2.7942446379395567,1.3471854668360965
4888.603,-2.7912410578897626,1.3567244924237454
4888.623,-2.788237365648158,1.3662623059191705
4888.643,-2.7852336914207516,1.3758001231533805
4888.663,-2.782230029957753,1.3853379435585478
4888.683,-2.779226381183689,1.3948757671497336
4888.703,-2.776728585448302,1.4038718423968461
4888.723,-2.775033773954901,1.4115546457899013
4888.743,-2.773846511158145,1.4175294605950972
4888.763,-2.773165908432517,1.4217705107523217
4888.783,-2.773056315138407,1.4251084519055406
4888.803,-2.7736114068955224,1.4279533871077952
4888.823,-2.7748069860242888,1.4301957704880828
4888.843,-2.776640851456898,1.4319158185008336
4888.863,-2.7791113695860368,1.4332600330683412
4888.883,-2.7818148653795367,1.434214897145821
4888.903,-2.784593165443471,1.4352389620186803
4888.923,-2.78734388149252,1.436054540096452
4888.943,-2.7899991322285445,1.4365332478789667
4888.963,-2.7926642966335655,1.4369642975726242
4888.983,-2.7953367966107323,1.4373473060603839
4889.003,-2.7980157502167042,1.4376821474604853
4889.023,-2.800700288977526,1.437968713578346
4889.043,-2.8033895428153537,1.4382069119110155
4889.063,-2.8060826401967662,1.438396665655593
4889.083,-2.8087787084130422,1.4385379137283842
4889.103,-2.811476873861588,1.4386306107792524
4889.123,-2.814176262327356,1.4386747272010705
4889.143,-2.8168742683438794,1.4386726406692731
4889.163,-2.8195733351987378,1.4386198636249958
4889.183,-2.8222710904350365,1.4385184877243131
4889.203,-2.824966570849729,1.4383685716995698
4889.223,-2.82765890225616,1.4381701641534992
4889.243,-2.8303472122746443,1.4379233301200771
4889.263,-2.833030629916117,1.4376281503425565
4889.283,-2.835708285856766,1.4372847212345083
4889.303,-2.8383793127185872,1.436893154843196
4889.323,-2.841042845349206,1.4364535788080275
4889.343,-2.84369802110085,1.4359661363140195
4889.363,-2.8467210907627827,1.4372746693638128
4889.383,-2.8503809050506717,1.4418082337554319
4889.403,-2.8537714010882294,1.4481417346349983
4889.423,-2.856725228361065,1.4560466522753468
4889.443,-2.8592511541171586,1.4654297236352318
4889.463,-2.8616823135782794,1.4751305372174903
4889.483,-2.8639999499066926,1.4851712078294292
4889.503,-2.8663060890084906,1.4953228356914134
4889.523,-2.8687084665628655,1.5050655050479498
4889.543,-2.871120755336081,1.5147731511957947
4889.563,-2.873540403735735,1.5244756187610176
4889.583,-2.8759599996365486,1.534178089108302
4889.603,-2.8783795829088783,1.5438805625373277
4889.623,-2.880799153963364,1.5535830390259622
4889.643,-2.8832187128474525,1.5632855185406325
4889.663,-2.8856382595984718,1.572988001049772
4889.683,-2.8880577942467793,1.5826904865242577
4889.703,-2.8904773168157454,1.592392974937618
4889.723,-2.8928968273217692,1.6020954662662166
4889.743,-2.8953101955716507,1.6118077816465637
4889.763,-2.89772467639828,1.621519258255188
4889.783,-2.900139224263222,1.6312286212381446
4889.803,-2.9025562546289447,1.6409355990120784
4889.823,-2.9049724384377376,1.6506439897568712
4889.843,-2.9073889562253736,1.660351248302758
4889.863,-2.9098064347390116,1.6700557186991694
4889.883,-2.912224349849881,1.67975878950226
4889.903,-2.9146422255100033,1.6894618675486621
4889.923,-2.9170600574325554,1.6991649527665145
4889.943,-2.9194778370101617,1.7088680497509894
4889.963,-2.9218955565808153,1.718571158841817
4889.983,-2.924313207253033,1.7282742826743571
4890.003,-2.9267307796874387,1.7379774223895574
4890.023,-2.9291482639853537,1.7476805797883803
4890.043,-2.9315656501417324,1.7573837559345977
4890.063,-2.93398292561388,1.767086951784093
4890.083,-2.9364000743822025,1.7767901674416413
4890.103,-2.938817076665876,1.7864934017391205
4890.123,-2.9412339044994793,1.796196650332525
4890.143,-2.9436505129034534,1.8058998997938358
4890.163,-2.9460668166192683,1.8156030987546983
4890.183,-2.9484832586118865,1.8253062696592255
4890.203,-2.9509007469538315,1.8350092519308427
4890.223,-2.9533181900892855,1.8447122543026004
4890.243,-2.955735619508186,1.8544152602511497
4890.263,-2.9581530354875887,1.8641182696267453
4890.283,-2.9605704380397313,1.873821282443685
4890.303,-2.9629878271788366,1.8835242987164569
4890.323,-2.9654052029236317,1.893227318457805
4890.343,-2.9678225652975083,1.9029303416784775
4890.363,-2.9702399143285967,1.912633368387018
4890.383,-2.9726572500497768,1.9223363985895838
4890.403,-2.975074572498629,1.9320394322897922
4890.423,-2.9774918817173193,1.9417424694885992
4890.443,-2.9799091777524267,1.9514455101842068
4890.463,-2.982326460654717,1.961148554372003
4890.483,-2.9847393402476325,1.9708553357742007
4890.503,-2.9871499101750265,1.9805683816958468
4890.523,-2.989561371055059,1.9902773769995397
4890.543,-2.99197306585181,1.9999846317392982
4890.563,-2.9943847160858983,2.0096917738918894
4890.583,-2.9967967101915507,2.019397586120562
4890.603,-2.999208550273062,2.0291034230923604
4890.623,-3.0016202351257775,2.038809256556558
4890.643,-3.0040313039932567,2.048516442676868
4890.663,-3.00644241956926,2.0582236184991003
4890.683,-3.008853702724008,2.0679314208917594
4890.703,-3.0112648292780024,2.0776392507697468
4890.723,-3.0136801083702918,2.087342804253928
4890.743,-3.016095320507459,2.097046366698516
4890.763,-3.01851051978132,2.1067499323950765
4890.783,-3.0209257067354898,2.116453501264975
4890.803,-3.0233408814375564,2.1261570732706683
4890.823,-3.0257560439458024,2.13586064837564
4890.843,-3.028171194313017,2.145564226544418
4890.863,-3.0305863325862146,2.155267807742862
4890.883,-3.033001458806362,2.1649713919384346
4890.903,-3.03541657300816,2.174674979100467
4890.923,-3.037831675219878,2.1843785692004047
4890.943,-3.040245883690725,2.194083974035509
4890.963,-3.042658933611292,2.2037934030911432
4890.983,-3.0450716139621923,2.2135022976445593
4891.003,-3.04748450837348,2.223210384763295
4891.023,-3.049898863349315,2.232914372523149
4891.043,-3.0523132095158796,2.242618333125236
4891.063,-3.0547275517297368,2.2523222961043428
4891.083,-3.0571418856251746,2.2620262578087447
4891.103,-3.0595562029516503,2.271730223285786
4891.123,-3.0614837082441326,2.2808995327448844
4891.143,-3.0626134329503945,2.288628920997835
4891.163,-3.0636232865707536,2.2947639110219855
4891.183,-3.0645154753857247,2.299195432118595
4891.203,-3.065817635128807,2.302689028232227
4891.223,-3.0674658882022503,2.3053681589010577
4891.243,-3.069256112278051,2.3070595215118685
4891.263,-3.071170128605793,2.307755262028361
4891.283,-3.073483792354051,2.3077121581665314
4891.303,-3.0760094749678255,2.3070095804879265
4891.323,-3.078624810965549,2.306223545047653
4891.343,-3.0812581276451234,2.305425749915836
4891.363,-3.0839108586759716,2.304611471938913
4891.383,-3.0866187613837512,2.3037925009312046
4891.403,-3.0891922585794136,2.3028555958450987
4891.423,-3.0918348130831093,2.3019225171305977
4891.443,-3.094552317446488,2.3009937277639336
4891.463,-3.097266876536259,2.300016215294153
4891.483,-3.09980223441808,2.29887204344752
4891.503,-3.102310240137286,2.2977094436151195
4891.523,-3.1049983476284857,2.2965999092228726
4891.543,-3.1075819333643175,2.2953855762131545
4891.563,-3.11001260989482,2.29405636700064
4891.583,-3.112508736197985,2.29272989419147
4891.603,-3.1150822884197025,2.2914148677235593
4891.623,-3.1176854265472604,2.2900724217186395
4891.643,-3.120265249367761,2.288667485657421
4891.663,-3.12257932038605,2.287137789597361
4891.683,-3.124839194461929,2.285530430146473
4891.703,-3.1269269024490702,2.2838193961032536
4891.723,-3.1289836578275807,2.2820709811504467
4891.743,-3.1310086151356025,2.280285834762278
4891.763,-3.133001118165621,2.278464534962031
4891.783,-3.134960522667547,2.2766076707571377
4891.803,-3.1368861950250113,2.274715842608361
4891.823,-3.1387775124366364,2.2727896622549997
4891.843,-3.1406338631083184,2.270829752532439
4891.863,-3.142454646443698,2.268836747186634
4891.883,-3.144239273232795,2.2668112906853883
4891.903,-3.145987165838859,2.2647540380261715
4891.923,-3.1476977583834556,2.2626656545402573
4891.943,-3.149370496929771,2.260546815692925
4891.963,-3.1510048396640924,2.2583982068794954
4891.983,-3.15260025707536,2.256220523216966
4892.003,-3.154156232132642,2.2540144693310555
4892.023,-3.1556722604603547,2.2517807591384824
4892.043,-3.1571478505109956,2.249520115624362
4892.063,-3.1585825237351344,2.2472332706146427
4892.083,-3.1599758147483428,2.24492096454355
4892.103,-3.161327271494778,2.242583946216092
4892.123,-3.1626364554070685,2.2402229725656975
4892.143,-3.1639029415621622,2.2378388084071403
4892.163,-3.1651263188328205,2.235432226184949
4892.183,-3.1663061900344216,2.2330040057175347
4892.203,-3.1674421720667767,2.230554933937335
4892.223,-3.1685338960506897,2.2280858046272662
4892.243,-3.169581007459015,2.2255974181538267
4892.263,-3.170583166242,2.2230905811972077
4892.283,-3.1715400469467694,2.2205661064787394
4892.303,-3.172451338830792,2.2180248124860342
4892.323,-3.173316745969274,2.2154675231961543
4892.343,-3.174135987356405,2.2128950677971204
4892.363,-3.174908797000448,2.210308280408052
4892.383,-3.1756349240127006,2.2077079997982025
4892.403,-3.1763141326903344,2.2050950691051283
4892.423,-3.1769462025932045,2.202470335552194
4892.443,-3.177530928614693,2.1998346501655877
4892.463,-3.1780681210466666,2.1971888674909983
4892.483,-3.1785576056386584,2.194533845310069
4892.503,-3.180856460410017,2.192174116940525
4892.523,-3.1863956042077644,2.1903676078617287
4892.543,-3.1935209701049767,2.1894533690282993
4892.563,-3.201959398607413,2.1895065215424396
4892.583,-3.2116269861388447,2.19048574981697
4892.603,-3.2215578906223032,2.1916666315213646
4892.623,-3.2318396842624795,2.192655126394931
4892.643,-3.2421887037235027,2.1936174624209097
4892.663,-3.2521492382187938,2.1947659758836715
4892.683,-3.2620806675722758,2.1959322963508647
4892.703,-3.272012088724282,2.197098541507721
4892.723,-3.2819435115902156,2.198264770806661
4892.743,-3.291874936291244,2.1994309847062024
4892.763,-3.30180636282402,2.200597183155514
4892.783,-3.311737791181809,2.2017633661009954
4892.803,-3.321669221356078,2.2029295334913206
4892.823,-3.3316006533366695,2.2040956852780775
4892.843,-3.3415320871119683,2.205261821416332
4892.863,-3.35146352266908,2.2064279418651545
4892.883,-3.3613949599940156,2.2075940465880963
4892.903,-3.371326399071893,2.2087601355536295
4892.923,-3.381257839887133,2.209926208735519
4892.943,-3.391189282423667,2.2110922661131496
4892.963,-3.4011207266651446,2.212258307671791
4892.983,-3.411052172595142,2.2134243334027963
4893.003,-3.420983620197364,2.2145903433037417
4893.023,-3.4309150694558537,2.2157563373784983
4893.043,-3.4408465203551843,2.2169223156372393
4893.063,-3.450777972880648,2.218088278096386
4893.083,-3.4607094270184398,2.219254224778478
4893.103,-3.4706408827558253,2.2204201557119934
4893.123,-3.4805723400813005,2.2215860709310964
4893.143,-3.490503798984732,2.222751970475332
4893.163,-3.5004352594574857,2.223917854389266
4893.183,-3.5103702664704586,2.225080087714326
4893.203,-3.5203056973238405,2.226241707949212
4893.223,-3.5302408596350405,2.2274029874814802
4893.243,-3.540177408610874,2.228563756522219
4893.263,-3.5501126178709845,2.2297249837161153
4893.283,-3.5600478175874293,2.230886367127995
4893.303,-3.5699830946098445,2.232047131399195
4893.323,-3.579919441595208,2.233207137046265
4893.343,-3.5898543616132867,2.2343690169141226
4893.363,-3.599797943360174,2.2355257564146536
4893.383,-3.609740191996494,2.2366823954738715
4893.403,-3.619671829735733,2.2378465840405686
4893.423,-3.6296035004514895,2.23901065486402
4893.443,-3.6395351732633436,2.2401747091710784
4893.463,-3.6494668477011425,2.2413387487048815
4893.483,-3.6593985237791684,2.2425027735314376
4893.503,-3.669332265244865,2.243665354624821
4893.523,-3.679266236464457,2.2448273228158557
4893.543,-3.689204500381359,2.245986640795188
4893.563,-3.699138277025161,2.247148761981507
4893.583,-3.7090776111533783,2.248307466228273
4893.603,-3.719014803994875,2.249468220156126
4893.623,-3.728952503332747,2.2506271929983876
4893.643,-3.7388892049658717,2.251787875709434
4893.663,-3.7488269013956184,2.252946486442006
4893.683,-3.758764936336371,2.25410605073542
4893.703,-3.7687030046883727,2.255265436133077
4893.723,-3.778641104946075,2.2564245812764567
4893.743,-3.788579236463496,2.2575834790297047
4893.763,-3.798517398618438,2.2587421292021674
4893.783,-3.8084555909048348,2.2599005323518306
4893.803,-3.8183938129186323,2.261058688987622
4893.823,-3.8283320643342265,2.2622165994983594
4893.843,-3.838264833290495,2.2633770166437106
4893.863,-3.8481986966395136,2.2645360779824086
4893.883,-3.8581319837418437,2.2656929789536955
4893.903,-3.8680684017771143,2.266849268596978
4893.923,-3.878004282863932,2.268005988486288
4893.943,-3.8879364413978816,2.2691659888350757
4893.963,-3.89786859547369,2.270325966584321
4893.983,-3.9078007513657895,2.2714859289446525
4894.003,-3.9177329091341204,2.27264587595063
4894.023,-3.927665068771472,2.27380580754497
4894.043,-3.9375972302681923,2.27496572367122
4894.063,-3.947529393613009,2.2761256242755024
4894.083,-3.957461558793183,2.277285509307114
4894.103,-3.9673937257946723,2.2784453787190757
4894.123,-3.9773258946023047,2.2796052324686404
4894.143,-3.987258065199962,2.2807650705177602
4894.163,-3.997190237570772,2.2819248928335
4894.183,-4.007122411697305,2.2830846993884073
4894.203,-4.0170545875617725,2.284244490160809
4894.223,-4.026986765146229,2.2854042651350692
4894.243,-4.036918944432783,2.2865640243017626
4894.263,-4.046851125403786,2.2877237676578064
4894.283,-4.056783308042042,2.2888834952065107
4894.303,-4.066715492330996,2.290043206957572
4894.323,-4.07664767825491,2.291202902927
4894.343,-4.0865817996864475,2.2923610738205187
4894.363,-4.096514270531662,2.293520034870482
4894.383,-4.106446473875148,2.294679592568951
4894.403,-4.1163786772802,2.2958391360182455
4894.423,-4.126310882215684,2.2969986638321687
4894.443,-4.136243088690999,2.29815817604885
4894.463,-4.146175296701985,2.299317672722916
4894.483,-4.156107506246085,2.300477153912608
4894.503,-4.166041191060438,2.3016356079463733
4894.523,-4.1759772054647115,2.3027910403542253
4894.543,-4.185913245016487,2.303945934903413
4894.563,-4.195850341562778,2.3051000846213205
4894.583,-4.205786015302966,2.3062558433381506
4894.603,-4.215724606403045,2.307408622463449
4894.623,-4.225665938419,2.308561817975537
4894.643,-4.2356088427139245,2.309712813061941
4894.663,-4.245541174219334,2.3108710943844843
4894.683,-4.255473537054319,2.312029246865892
4894.703,-4.2654059017939305,2.3131873834806913
4894.723,-4.275338268152681,2.31434550532723
4894.743,-4.285270639201676,2.3155036431810143
4894.763,-4.295204877176138,2.316660146719072
4894.783,-4.3051401158267515,2.3178157710668517
4894.803,-4.315079211356962,2.318969532266758
4894.823,-4.325013876040901,2.320125001685775
4894.843,-4.334953710524884,2.3212785215254814
4894.863,-4.344891086646663,2.3224331191912047
4894.883,-4.3548294940717005,2.323586557244343
4894.903,-4.364766856196588,2.324740841389931
4894.923,-4.374705793100673,2.3258937720865336
4894.943,-4.384644545275353,2.3270473778235443
4894.963,-4.394583325297562,2.3282007931293536
4894.983,-4.404522133592884,2.329353969167167
4895.003,-4.4144609703945425,2.3305068997333436
4895.023,-4.4243998357471295,2.331659584263955
4895.043,-4.43433872964308,2.3328120228936995
4895.063,-4.444277652049396,2.3339642157966933
4895.083,-4.45421660291649,2.335116163109993
4895.103,-4.464149475982401,2.3362707149029416
4895.123,-4.47408495710845,2.337422627947533
4895.143,-4.4840172115426995,2.338573210110098
4895.163,-4.493955768453036,2.33972371695864
4895.183,-4.5038916956926585,2.340875924145764
4895.203,-4.513824541007285,2.3420299994434433
4895.223,-4.523757384999924,2.3431840555939507
4895.243,-4.533690230832833,2.344338096382098
4895.263,-4.543623078532941,2.3454921217973195
4895.283,-4.553555928092352,2.346646131782035
4895.303,-4.563488779501096,2.347800126280149
4895.323,-4.573421632747609,2.348954105238253
4895.343,-4.583354487818885,2.350108068606207
4895.363,-4.593287344700648,2.351262016337687
4895.383,-4.6032202033775205,2.3524159483906777
4895.403,-4.613153063833215,2.3535698647279433
4895.423,-4.623085926050724,2.3547237653174222
4895.443,-4.633018790012514,2.3558776501325913
4895.463,-4.642951655700736,2.357031519152756
4895.483,-4.6528845230974225,2.3581853723632897
4895.503,-4.66281739218469,2.3593392097558077
4895.523,-4.672750262944944,2.3604930313282777
4895.543,-4.6826831353610725,2.3616468370850687
4895.563,-4.6926160094166445,2.3628006270369215
4895.583,-4.702548885096082,2.363954401200877
4895.603,-4.712484170568049,2.365106171285071
4895.623,-4.722416858504077,2.3662596722755453
4895.643,-4.732349750775596,2.367413308794032
4895.663,-4.742282643838885,2.3685669303267423
4895.683,-4.752215538430634,2.3697205362165117
4895.703,-4.762148434552915,2.3708741265085225
4895.723,-4.772081332201818,2.3720277012580504
4895.743,-4.78201423137512,2.373181260523845
4895.763,-4.791949083686719,2.3743331699661794
4895.783,-4.801885594935695,2.3754824045629235
4895.803,-4.811823470444722,2.376631160970606
4895.823,-4.821759885087086,2.377780414437662
4895.843,-4.831696315729249,2.3789298255091755
4895.863,-4.841638590538929,2.3800749154724965
4895.883,-4.851577727861857,2.381224277450628
4895.903,-4.861521080138807,2.382369374215596
4895.923,-4.8714541152864035,2.3835216774249326
4895.943,-4.881387167203943,2.3846739067478486
4895.963,-4.891320220867419,2.385826120739746
4895.983,-4.90125327614371,2.386978319967396
4896.003,-4.911186339577998,2.38813054945139
4896.023,-4.9211219668996735,2.3892804807819252
4896.043,-4.931056768147072,2.390430986208809
4896.063,-4.940996555047692,2.3915788242352285
4896.083,-4.950934547998015,2.392727873608068
4896.103,-4.9608728070242645,2.393876158546918
4896.123,-4.970812441577087,2.3950234502141163
4896.143,-4.980749949758644,2.3961718470518543
4896.163,-4.990684541900443,2.397319074726444
4896.183,-5.000621750889625,2.3984639331532427
4896.203,-5.010557049157364,2.3996129686780736
4896.223,-5.020490293095336,2.4007635835945496
4896.243,-5.030423536097434,2.401914183748609
4896.263,-5.0403588351944295,2.4030634074779185
4896.283,-5.050297911650881,2.4042104433571447
4896.303,-5.060237397672662,2.405357663365434
4896.323,-5.07017691570528,2.4065047357124643
4896.343,-5.080115295624432,2.407652046802256
4896.363,-5.090053795394746,2.4087974863543407
4896.383,-5.099992437449679,2.4099413170800053
4896.403,-5.10992893029151,2.4110889894713945
4896.423,-5.119862359774206,2.4122380185135563
4896.443,-5.129795787078346,2.4133870419779373
4896.463,-5.139729216218559,2.4145360502996955
4896.483,-5.14966264723088,2.4156850433535526
4896.503,-5.159596080110804,2.416834021078656
4896.523,-5.1695295148515115,2.4179829834154414
4896.543,-5.179462951444347,2.4191319303059116
4896.563,-5.18882821056466,2.4199438561533917
4896.583,-5.196813100908497,2.420380304562277
4896.603,-5.203096683392373,2.420555594732475
4896.623,-5.207629662621851,2.420707211167523
4896.643,-5.211322986732724,2.420479277012961
4896.663,-5.214453976403286,2.419728522194179
4896.683,-5.217060819144726,2.4184396668382733
4896.703,-5.219112007669416,2.416646298506418
4896.723,-5.220579577659844,2.4143666147781433
4896.743,-5.221304751093265,2.41170455063215
4896.763,-5.221650989242287,2.4089045213412947
4896.783,-5.221910243594337,2.4061195506442448
4896.803,-5.222071796729919,2.4033373698037486
4896.823,-5.222032076861969,2.400642040128794
4896.843,-5.223836307739531,2.3978745313353738
4896.863,-5.228921685073455,2.3949992474157757
4896.883,-5.235735872234959,2.392681743685909
4896.903,-5.244030835709295,2.3910488363575637
4896.923,-5.253709143185302,2.390073920265873
4896.943,-5.2636753993393945,2.389238400317341
4896.963,-5.273908922763649,2.3885646681666235
4896.983,-5.284461726618569,2.3880421951958315
4897.003,-5.294486461139888,2.387260570720575
4897.023,-5.304462739613421,2.386446863230607
4897.043,-5.314441332227248,2.385637160253901
4897.063,-5.324407371158914,2.3848176157010257
4897.083,-5.334373400983896,2.3839980910935887
4897.103,-5.344339431364425,2.3831785813625226
4897.123,-5.354305462348682,2.382359086463433
4897.143,-5.364271493892548,2.381539606404142
4897.163,-5.374237525957044,2.3807201411962864
4897.183,-5.384203558509724,2.3799006908546687
4897.203,-5.39417460641257,2.3790859388477585
4897.223,-5.404149328447012,2.378274059179537
4897.243,-5.414122973650108,2.37746145609293
4897.263,-5.424098518681461,2.376651137451019
4897.283,-5.434069815261576,2.37583746238702
4897.303,-5.444039302687003,2.3750213355172285
4897.323,-5.454012183829576,2.3742085046279495
4897.343,-5.463985264982016,2.3733947125627255
4897.363,-5.4739583773823774,2.372581161374279
4897.383,-5.483931516915532,2.3717678891152403
4897.403,-5.49390468178082,2.3709549005144694
4897.423,-5.503877870712453,2.3701421959392928
4897.443,-5.513851083103305,2.3693297753306495
4897.463,-5.523824318571452,2.368517638500968
4897.483,-5.533797576764501,2.3677057850610046
4897.503,-5.543770857404271,2.366894214562963
4897.523,-5.553744159930533,2.366082926098069
4897.543,-5.563717483258402,2.3652719180857944
4897.563,-5.573690825690773,2.364461188327836
4897.583,-5.583664184053485,2.363650732164949
4897.603,-5.5936375510979985,2.362840538643567
4897.623,-5.603609587009788,2.3620298198130407
4897.643,-5.613576109636194,2.3612163084568585
4897.663,-5.623542635425247,2.3604029859426525
4897.683,-5.633509162739236,2.359589680594839
4897.703,-5.643475691643405,2.3587763908171513
4897.723,-5.653442222203194,2.3579631165792216
4897.743,-5.66340875447873,2.357149857862552
4897.763,-5.673375288524332,2.356336614646038
4897.783,-5.683341824388013,2.355523386905946
4897.803,-5.693308362111061,2.354710174616035
4897.823,-5.703274901727658,2.3538969777477248
4897.843,-5.713241443264602,2.3530837962702944
4897.863,-5.723207986741054,2.3522706301511014
4897.883,-5.73317453216841,2.3514574793558203
4897.903,-5.743141079550211,2.3506443438487175
4897.923,-5.753107628882144,2.3498312235929273
4897.943,-5.763074180152115,2.349018118550762
4897.963,-5.773040733340406,2.348205028684009
4897.983,-5.7830072884199035,2.3473919539542645
4898.003,-5.792973845356384,2.3465788943232533
4898.023,-5.802940404108896,2.345765849753156
4898.043,-5.812906964630187,2.344952820206937
4898.063,-5.822873526867198,2.3441398056486618
4898.083,-5.832840090761616,2.3433268060438173
4898.103,-5.842806656250483,2.3425138213596037
4898.123,-5.852773223266833,2.3417008515652307
4898.143,-5.862739791740393,2.3408878966321804
4898.163,-5.872706997134035,2.340075233842851
4898.183,-5.882674143200063,2.33926281221003
4898.203,-5.892640717597596,2.3384499381587838
4898.223,-5.902607294080898,2.337637077247335
4898.243,-5.912573871652325,2.3368242310917
4898.263,-5.922549986825812,2.336019341820736
4898.283,-5.932521342275128,2.335211282507786
4898.303,-5.942496384609764,2.3344072783387357
4898.323,-5.952463154808194,2.333595547982201
4898.343,-5.962429863691138,2.332783756260888
4898.363,-5.972396565995913,2.3319719541432193
4898.383,-5.982363266044212,2.331160167909381
4898.403,-5.992329963284235,2.3303484035871316
4898.423,-6.002296656323628,2.3295366640338013
4898.443,-6.012263343452237,2.328724951832733
4898.463,-6.02223134666289,2.327914301465487
4898.483,-6.032205390532667,2.327108873782655
4898.503,-6.042172514707669,2.326299642239538
4898.523,-6.052146221095301,2.3254943668086736
4898.543,-6.062120933456809,2.324689515037137
4898.563,-6.072092486875464,2.323882682058769
4898.583,-6.082062168945,2.32307507075942
4898.603,-6.092034635724301,2.322269093374724
4898.623,-6.102006753070545,2.321462446940221
4898.643,-6.111980568820067,2.320659404520619
4898.663,-6.121953440611633,2.3198535470875186
4898.683,-6.1319271690532045,2.319047745503238
4898.703,-6.141900928524462,2.318242111864243
4898.723,-6.15187471296185,2.317436747676147
4898.743,-6.161848521175329,2.3166316645170046
4898.763,-6.171822352271938,2.315826863536108
4898.783,-6.181796205465763,2.31502234434344
4898.803,-6.191770079460715,2.3142181052963493
4898.823,-6.201743972356118,2.3134141439945535
4898.843,-6.211717880359576,2.3126104551384583
4898.863,-6.221691794938036,2.3118070252453675
4898.883,-6.231663690740136,2.311002650000386
4898.903,-6.241630761951461,2.310195941281255
4898.923,-6.251597835301889,2.3093893549941606
4898.943,-6.261564910173183,2.3085827852650747
4898.963,-6.2715319866358,2.307776231108782
4898.983,-6.281499064754395,2.3069696925002137
4899.003,-6.291466144588181,2.3061631694205253
4899.023,-6.301433226190486,2.3053566618482213
4899.043,-6.311400309608253,2.3045501697591866
4899.063,-6.32136739488164,2.30374369312682
4899.083,-6.331334482043651,2.3029372319222072
4899.103,-6.3413015711198515,2.3021307861143177
4899.123,-6.351268662128157,2.30132435567023
4899.143,-6.361235755078691,2.30051794055538
4899.163,-6.371202849973719,2.299711540733833
4899.183,-6.381169946807664,2.2989051561685625
4899.203,-6.391137045567187,2.2980987868217655
4899.223,-6.401104146231361,2.297292432655163
4899.243,-6.411071248771907,2.2964860936303317
4899.263,-6.421038353153491,2.2956797697090194
4899.283,-6.431005459334119,2.294873460853485
4899.303,-6.440972567265576,2.2940671670268205
4899.323,-6.450939676893929,2.293260888193266
4899.343,-6.460906788160085,2.29245462431853
4899.363,-6.47087390100041,2.2916483753700816
4899.383,-6.480841015347374,2.2908421413174387
4899.403,-6.490808131130254,2.2900359221324353
4899.423,-6.50077660124101,2.289230453708404
4899.443,-6.510743576538164,2.2884243139195406
4899.463,-6.520710698502209,2.2876181750382396
4899.483,-6.530677822189965,2.2868120499241367
4899.503,-6.5406452909451644,2.286006160853355
4899.523,-6.550621601683923,2.285207805364684
4899.543,-6.560600964610963,2.284411093388979
4899.563,-6.57056968824535,2.2836084987673186
4899.583,-6.580536898173427,2.282803418774758
4899.603,-6.590504107184258,2.281998358959462
4899.623,-6.600471316784295,2.2811933140650758
4899.643,-6.610438526942604,2.280388284048557
4899.663,-6.620405737616849,2.2795832689176505
4899.683,-6.630372948770742,2.2787782686839093
4899.703,-6.640340160374629,2.277973283362052
4899.723,-6.65030737240583,2.277168312969736
4899.743,-6.660284493435905,2.2763716232118942
4899.763,-6.67025868882222,2.275573729141131
4899.783,-6.680233331059749,2.274775430023617
4899.803,-6.690204511689235,2.2739746825924803
4899.823,-6.70017331156645,2.273172212430417
4899.843,-6.710140612203158,2.272368499732856
4899.863,-6.7201132099997745,2.2715687987428343
4899.883,-6.730085794430447,2.2707691642462806
4899.903,-6.740060006961487,2.26996983858874
4899.923,-6.750034277357438,2.2691704928971017
4899.943,-6.7600085730352735,2.2683714016632384
4899.963,-6.769982892356809,2.2675725893605545
4899.983,-6.779957234633596,2.2667740595030037
4900.003,-6.789931599257385,2.2659758123183935
4900.023,-6.799905985756993,2.265177847480139
4900.043,-6.809880393465379,2.2643801641552317
4900.063,-6.819854821080866,2.2635827606748955
4900.083,-6.829829266651463,2.2627856346074533
4900.103,-6.839803725899002,2.2619887802241694
4900.123,-6.849778188825521,2.2611921820234855
4900.143,-6.859749274807339,2.2603937257279267
4900.163,-6.8697168937388815,2.2595938614249444
4900.183,-6.879684514408409,2.2587940653899556
4900.203,-6.88965213660076,2.2579942854250725
4900.223,-6.899619760385507,2.2571945210365842
4900.243,-6.909587385826428,2.2563947722036293
4900.263,-6.919555012981809,2.255595038907017
4900.283,-6.9295226419039695,2.254795321124873
4900.303,-6.939490272638773,2.2539956188327155
4900.323,-6.949457905225236,2.2531959320035964
4900.343,-6.959425539695163,2.252396260608276
4900.363,-6.969393176072894,2.2515966046154277
4900.383,-6.979360814375085,2.2507969639918657
4900.403,-6.989328454610587,2.2499973387028005
4900.423,-6.999296096780389,2.2491977287121037
4900.443,-7.009263740877651,2.248398133982608
4900.463,-7.019231386887794,2.2475985544764017
4900.483,-7.029199034788685,2.246798990155154
4900.503,-7.039166684550888,2.245999440980427
4900.523,-7.0491343361379695,2.2451999069140136
4900.543,-7.05910198950691,2.244400387918262
4900.563,-7.06906964460854,2.2436008839563986
4900.583,-7.079037301388065,2.242801394992851
4900.603,-7.089004959785635,2.242001920993556
4900.623,-7.098972619736953,2.241202461926265
4900.643,-7.108940281173948,2.240403017760813
4900.663,-7.118907944025464,2.239603588469394
4900.683,-7.1288768418539,2.238804872600887
4900.703,-7.138844483702548,2.238005566964858
4900.723,-7.148812152940586,2.2372062175066225
4900.743,-7.1587798235908515,2.236406882345978
4900.763,-7.168750737108233,2.235609589606641
4900.783,-7.178724708251316,2.2348162643630607
4900.803,-7.188706041998873,2.2340292043129875
4900.823,-7.198673889273086,2.233230665229641
4900.843,-7.208641644653797,2.232432378666878
4900.863,-7.218609399870339,2.2316341096034953
4900.883,-7.228577155666925,2.2308358554470304
4900.903,-7.238544912005054,2.230037616179135
4900.923,-7.248512668843308,2.2292393918083553
4900.943,-7.258480426146478,2.2284411823467956
4900.963,-7.268448183886044,2.22764298780969
4900.983,-7.2778247327997825,2.227105736791066
4901.003,-7.285789399443313,2.2269462789297023
4901.023,-7.292085257650268,2.2268690646096267
4901.043,-7.296751197171842,2.226687805199446
4901.063,-7.300539211261305,2.226301392530645
4901.083,-7.303644685289645,2.225532875335961
4901.103,-7.305984826738618,2.2242994834446623
4901.123,-7.307589663049316,2.222597538618008
4901.143,-7.308389623486472,2.2205031091900658
4901.163,-7.308587220370994,2.2179757103837394
4901.183,-7.3085136967226365,2.2151311645822482
4901.203,-7.308325932777191,2.212273343155893
4901.223,-7.308189650457484,2.2093518639683385
4901.243,-7.30798711770137,2.2064390010252506
4901.263,-7.307664917082074,2.203603090926087
4901.283,-7.307297877198669,2.200795832083763
4901.303,-7.306752167815943,2.1980733716506684
4901.323,-7.306301950553468,2.195220244908744
4901.343,-7.305806835901462,2.1923564182708577
4901.363,-7.305240746834298,2.189518761433839
4901.383,-7.304616274578373,2.186677846590403
4901.403,-7.3038734433584045,2.1839493684058295
4901.423,-7.302978212869922,2.1813588129224994
4901.443,-7.302026112060232,2.178795850640948
4901.463,-7.30093686671743,2.1763267857302915
4901.483,-7.299801238212323,2.1738777474141684
4901.503,-7.298621718894756,2.1714495518464463
4901.523,-7.29739869183442,2.169042982297556
4901.543,-7.296132553201146,2.1666588174130688
4901.563,-7.2948237130308655,2.16429782856122
4901.583,-7.293472595101762,2.16196077957127
4901.603,-7.292079636796198,2.1596484264969384
4901.623,-7.290645288959191,2.1573615173827827
4901.643,-7.2891700157536485,2.1551007920333465
4901.663,-7.287654294512483,2.152866981785105
4901.683,-7.286098615587706,2.1506608092812036
4901.703,-7.2845034821965715,2.148482988248985
4901.723,-7.28286941026486,2.146334223280257
4901.743,-7.281196928267331,2.1442152096142526
4901.763,-7.279486577065384,2.1421266329232207
4901.783,-7.27773890974192,2.1400691691005376
4901.803,-7.275954491433369,2.138043484051269
4901.823,-7.274133899158825,2.136050233485048
4901.843,-7.27227772164619,2.134090062711195
4901.863,-7.270386559155208,2.1321636064359373
4901.883,-7.2684610232972,2.130271488561666
4901.903,-7.266501736851368,2.128414321988131
4901.923,-7.264509333577413,2.126592708415538
4901.943,-7.262484458024279,2.124807238149505
4901.963,-7.26042776533479,2.123058489907898
4901.983,-7.258339921045965,2.1213470306296
4902.003,-7.256221600884771,2.1196734152852925
4902.023,-7.254073490559172,2.1180381866903892
4902.043,-7.251896285544276,2.1164418753203185
4902.063,-7.249690690863474,2.1148849991283396
4902.083,-7.2474574208645,2.113368063366184
4902.103,-7.245197198990377,2.1118915604077912
4902.123,-7.242910757545308,2.110455969576467
4902.143,-7.240598837455546,2.109061756975777
4902.163,-7.238262188025467,2.107709375324529
4902.183,-7.2359015666889706,2.10639926379617
4902.203,-7.233517738756492,2.1051318478629284
4902.223,-7.2319610328052955,2.102228339003089
4902.243,-7.231909003746594,2.096402266226567
4902.263,-7.233186024834151,2.0893328041594854
4902.283,-7.235781362815272,2.081303137868208
4902.303,-7.239630220337947,2.0723807998094124
4902.323,-7.243750679026631,2.0632683099205122
4902.343,-7.247863378219275,2.0538490261150897
4902.363,-7.251994980833781,2.0443371905091015
4902.383,-7.256113065708884,2.035206057625794
4902.403,-7.260226887087072,2.0260918218871438
4902.423,-7.264340334318141,2.0169774870838193
4902.443,-7.268453768009386,2.0078631427262086
4902.463,-7.272567191327358,1.9987487931412484
4902.483,-7.276680604282036,1.989634438415815
4902.503,-7.280794006855508,1.9805200785969024
4902.523,-7.284907399028154,1.9714057137337822
4902.543,-7.289020780779568,1.9622913438782046
4902.563,-7.293134152089249,1.9531769690841434
4902.583,-7.297247512937292,1.944062589407495
4902.603,-7.30136086330503,1.9349482049057503
4902.623,-7.305474203175652,1.9258338156376427
4902.643,-7.309587532534783,1.916719421662772
4902.663,-7.313700851371025,1.9076050230412094
4902.683,-7.317814159676442,1.898490619833088
4902.703,-7.3219274574469955,1.8893762120981883
4902.723,-7.326040744682934,1.8802617998955125
4902.743,-7.3301540213891165,1.8711473832828653
4902.763,-7.334267287575269,1.8620329623164364
4902.783,-7.338380543256201,1.85291853705039
4902.803,-7.34249378845192,1.8438041075364686
4902.823,-7.346607023187733,1.8346896738236183
4902.843,-7.350720247494233,1.8255752359576318
4902.863,-7.354833461407241,1.816460793980816
4902.883,-7.3589466649677,1.807346347931691
4902.903,-7.3630598582214795,1.7982318978447238
4902.923,-7.367173041219139,1.789117443750093
4902.943,-7.371285563990519,1.7799989067850193
4902.963,-7.375398148184547,1.7708844362096574
4902.983,-7.379511187167016,1.7617699187923832
4903.003,-7.383624223392626,1.7526554013034439
4903.023,-7.387737249423753,1.7435408797635572
4903.043,-7.391850265277965,1.734426354144566
4903.063,-7.395963271040587,1.7253118244500747
4903.083,-7.400075542735661,1.7161935310559107
4903.103,-7.4037125155383725,1.7076481360096984
4903.123,-7.406292040347127,1.700359960271682
4903.143,-7.408129986419908,1.694759607042642
4903.163,-7.409283227097323,1.6908050179649152
4903.183,-7.4096818131325275,1.6876674138782564
4903.203,-7.40936059711009,1.6849741755516896
4903.223,-7.408297528148107,1.6826267821773824
4903.243,-7.406535643423214,1.6809395969783194
4903.263,-7.404105287949136,1.6794802511492841
4903.283,-7.401501033816003,1.6781090363906277
4903.303,-7.39892483924467,1.677027963518046
4903.323,-7.396251050980695,1.6757070287825748
4903.343,-7.393607223856098,1.674607135806825
4903.363,-7.39097935404281,1.6736233652638046
4903.383,-7.388327761882401,1.672831856550454
4903.403,-7.385705448066017,1.6721906831763427
4903.423,-7.383071827744399,1.671596777852886
4903.443,-7.380427940706513,1.6710503712556526
4903.463,-7.377774646063107,1.6705516410988044
4903.483,-7.375112804353936,1.670100749267142
4903.503,-7.372443278833182,1.6696978420661157
4903.523,-7.369766935195824,1.6693430501806061
4903.543,-7.367084641290783,1.6690364886370255
4903.563,-7.364573164243336,1.6669045907914313
4903.583,-7.362391618901066,1.661502134153311
4903.603,-7.360991712130056,1.6544561070596453
4903.623,-7.360467042639824,1.646033860201435
4903.643,-7.36078213268635,1.6363219266795992
4903.663,-7.361280365550133,1.6263334839546058
4903.683,-7.361564037250501,1.615992875040319
4903.703,-7.361924784626825,1.6055644743937172
4903.723,-7.36239076035348,1.5955541323051823
4903.743,-7.362875160653575,1.585559140170441
4903.763,-7.363359727463134,1.5755648609981365
4903.783,-7.363844655955504,1.5655721818351218
4903.803,-7.364327390619365,1.5555775540893597
4903.823,-7.36481479715569,1.545589746156756
4903.843,-7.365302207255132,1.5356019671931653
4903.863,-7.365789600651698,1.52561418708539
4903.883,-7.366276977724187,1.515626405516661
4903.903,-7.366764338484401,1.505638622426476
4903.923,-7.367251682941083,1.495650837763729
4903.943,-7.367739011104017,1.4856630514845903
4903.963,-7.368226322983991,1.475675263552949
4903.983,-7.368713618592699,1.465687473940805
4904.003,-7.369200897942638,1.4556996826285753
4904.023,-7.369688161046985,1.4457118896053176
4904.043,-7.370175407919477,1.4357240948688648
4904.063,-7.370662638574287,1.425736298425873
4904.083,-7.371149853025885,1.4157485002917738
4904.103,-7.371637051288901,1.4057607004906452
4904.123,-7.372124233377986,1.3957728990549885
4904.143,-7.372611399307672,1.3857850960254272
4904.163,-7.3730985490922345,1.3757972914503147
4904.183,-7.373585682745552,1.36580948538527
4904.203,-7.3740728002809774,1.3558216778926404
4904.223,-7.374559901711205,1.3458338690408918
4904.243,-7.375046987048154,1.3358460589039385
4904.263,-7.375534056302847,1.3258582475604208
4904.283,-7.376020160823523,1.3158684068288569
4904.303,-7.376502472387604,1.3058758791888776
4904.323,-7.376985145482405,1.295881113250156
4904.343,-7.37746766194814,1.2858863272896945
4904.363,-7.377949915566511,1.2758915274612543
4904.383,-7.3784318895758645,1.2658967145299365
4904.403,-7.378913580849193,1.2559018887032143
4904.423,-7.379394989005769,1.24590705024231
4904.443,-7.379876114003706,1.2359121994846431
4904.463,-7.380356956259546,1.2259173368183085
4904.483,-7.380837515302092,1.2159224622570637
4904.503,-7.3813177920086135,1.2059275761954185
4904.523,-7.3817977872823,1.1959326793279257
4904.543,-7.382277501599228,1.185937772306506
4904.563,-7.382756936020285,1.1759428555799856
4904.583,-7.3832383030631625,1.1659513370090313
4904.603,-7.383721246953107,1.1559633295807143
4904.623,-7.384204123822752,1.1459753217009638
4904.643,-7.384686984089618,1.1359873138628078
4904.663,-7.385169828205295,1.125999306079738
4904.683,-7.385652656161698,1.116011298353598
4904.703,-7.386135467945981,1.106023290677152
4904.723,-7.3866183129848455,1.096035271770722
4904.743,-7.3870964324107735,1.0860415575170084
4904.763,-7.387574501337434,1.0760484492369538
4904.783,-7.388052094451505,1.0660544694303986
4904.803,-7.388529446516203,1.0560602118957148
4904.823,-7.389007602890289,1.0460671414193332
4904.843,-7.389484084836823,1.0360707513569638
4904.863,-7.389961992712116,1.0260791176631407
4904.883,-7.39043929490134,1.01608740267228
4904.903,-7.390914258748821,1.0060898147753654
4904.923,-7.391391593718023,0.9960952137927591
4904.943,-7.391868688480962,0.9861005902033918
4904.963,-7.39234551140692,0.9761059498273181
4904.983,-7.392822060039341,0.9661112938515897
4905.003,-7.393298335329167,0.956116623057178
4905.023,-7.393774338340793,0.9461219380119215
4905.043,-7.394251950636561,0.936130454167328
4905.063,-7.394731196310701,0.9261422764870766
4905.083,-7.39521041955931,0.9161541018082694
4905.103,-7.3956896263957885,0.9061659258463721
4905.123,-7.396168816894848,0.8961777484875783
4905.143,-7.396647991063663,0.8861895696684586
4905.163,-7.397127148909844,0.8762013893322638
4905.183,-7.397606290442161,0.8662132074290502
4905.203,-7.398085415670471,0.8562250239162068
4905.223,-7.39856452460563,0.8462368387589106
4905.243,-7.399043617259399,0.8362486519305072
4905.263,-7.399522693644331,0.8262604634128023
4905.283,-7.4000017537736476,0.8162722731962715
4905.303,-7.40048079766113,0.8062840812801793
4905.323,-7.400959825320978,0.7962958876726121
4905.343,-7.401438836767673,0.7863076923904172
4905.363,-7.401917832015848,0.7763194954590578
4905.383,-7.402396811080143,0.7663312969123772
4905.403,-7.402875773975065,0.7563430967922806
4905.423,-7.403354720714851,0.7463548951483334
4905.443,-7.403833651313321,0.7363666920372834
4905.463,-7.404312565783764,0.7263784875225093
4905.483,-7.404791464138793,0.7163902816734038
4905.503,-7.405270346390225,0.7064020745646931
4905.523,-7.405749212548978,0.6964138662757043
4905.543,-7.406225570644333,0.686423930084449
4905.563,-7.4066998529300445,0.6764286105974118
4905.583,-7.407174321312284,0.6664334440048189
4905.603,-7.407648567806543,0.6564382585627601
4905.623,-7.4081225370727655,0.6464430584870571
4905.643,-7.408596221996728,0.6364478448880235
4905.663,-7.409069622011184,0.6264526182577073
4905.683,-7.409542737839259,0.6164573790835282
4905.703,-7.410015569821949,0.6064621277734338
4905.723,-7.410488118588808,0.5964668647660609
4905.743,-7.410960383862363,0.5864715900606297
4905.763,-7.411432366663664,0.5764763041684446
4905.783,-7.411904067937975,0.5664810078222824
4905.803,-7.412375488062901,0.5564857015752454
4905.823,-7.412846628413962,0.5464903860271296
4905.843,-7.41332052128861,0.5364998548530885
4905.863,-7.4137952008026495,0.5265114523559588
4905.883,-7.414269844256553,0.5165230497498741
4905.903,-7.414744471379606,0.5065346472025898
4905.923,-7.41521908234192,0.4965462447242266
4905.943,-7.415693677132599,0.48655784231511084
4905.963,-7.416168255738615,0.476569439966512
4905.983,-7.416642642026702,0.4665798918321907
4906.003,-7.417112302557407,0.45658713393420675
4906.023,-7.417581998861131,0.4465929132668857
4906.043,-7.4180516930732034,0.43659841335838756
4906.063,-7.418520572132851,0.4266032305558558
4906.083,-7.418990403372413,0.4166102149415994
4906.103,-7.419457815111614,0.40661327815208553
4906.123,-7.419926951715409,0.396619672288146
4906.143,-7.4203971284766,0.38662913271847876
4906.163,-7.420864291076874,0.3766314617920953
4906.183,-7.421333328089915,0.3666364366064419
4906.203,-7.421802123114461,0.3566413974548349
4906.223,-7.4222706499371025,0.3466463465265155
4906.243,-7.422738905727087,0.33665128368182395
4906.263,-7.42320689058504,0.32665620876542706
4906.283,-7.423674604870014,0.3166611216646724
4906.303,-7.424144101709862,0.3066698720751244
4906.323,-7.424615107338463,0.2966813044036899
4906.343,-7.425086093478808,0.2866927376364324
4906.363,-7.425557063230386,0.2767041695647682
4906.383,-7.426028016634147,0.26671560009809536
4906.403,-7.426498953696962,0.25672702917420437
4906.423,-7.426969874426526,0.2467384567374315
4906.443,-7.427440778831693,0.236749882739008
4906.463,-7.427911666922404,0.22676130713757744
4906.483,-7.428382538709599,0.2167727298996397
4906.503,-7.428853394205104,0.20678415099991512
4906.523,-7.429324233421536,0.19679557042162502
4906.543,-7.4297950563721775,0.18680698815668506
4906.563,-7.430265863070852,0.17681840420581135
4906.583,-7.430736653531787,0.1668298185785361
4906.603,-7.43120742776949,0.15684123129313496
4906.623,-7.431678185798599,0.1468526423764655
4906.643,-7.4321489276337465,0.13686405186371817
4906.663,-7.432619653289419,0.12687545979808354
4906.683,-7.433090362779813,0.11688686623033881
4906.703,-7.43356105611871,0.10689827121835703
4906.723,-7.434031733319319,0.09690967482654458
4906.743,-7.434502394394177,0.0869210771252128
4906.763,-7.434973039355013,0.07693247818988962
4906.783,-7.4354436682126295,0.06694387810057822
4906.803,-7.435911431473195,0.056952666229997256
4906.823,-7.436377509876807,0.04695714245841551
4906.843,-7.436843700177942,0.036961574760006874
4906.863,-7.437309658915932,0.026965991770785375
4906.883,-7.437775340326636,0.016970395736391954
4906.903,-7.4382407380387345,0.0069747871003987515
4906.923,-7.4387058513248006,-0.0030208339566185766
4906.943,-7.439170680717604,-0.01301646709545538
4906.963,-7.439635226425355,-0.023012111998600086
4906.983,-7.440099488808968,-0.0330077683135375
4907.003,-7.44056346782561,-0.043003436046192035
4907.023,-7.441027164479444,-0.05299911464563309
4907.043,-7.441490579733473,-0.06299480335153508
4907.063,-7.441953713749362,-0.07299050174758533
4907.083,-7.442416568368575,-0.08298620904290346
4907.103,-7.44288245300934,-0.09297642693070923
4907.123,-7.443348882121781,-0.1029652177881526
4907.143,-7.443815285237626,-0.11295400864662608
4907.163,-7.444281672103195,-0.12294279943085021
4907.183,-7.444748042796591,-0.13293159013269168
4907.203,-7.445214397305884,-0.14292038075332442
4907.223,-7.445680735617891,-0.1529091713029619
4907.243,-7.446146122464098,-0.1628986947916067
4907.263,-7.446607663223884,-0.17289310020396065
4907.283,-7.447068549594744,-0.18288872858389776
4907.303,-7.447529063362389,-0.19288534341991706
4907.323,-7.447990117666878,-0.20287984033499903
4907.343,-7.448451110781753,-0.21287428215409074
4907.363,-7.44891171852361,-0.22286807812569137
4907.383,-7.449372295023061,-0.2328627965450236
4907.403,-7.449833505182989,-0.24285567941475206
4907.423,-7.450293189455607,-0.25285234731686174
4907.443,-7.450753935379284,-0.2628477657448544
4907.463,-7.451214428879496,-0.2728431966474886
4907.483,-7.451674652739513,-0.28283863913195384
4907.503,-7.452134605271127,-0.2928340933579869
4907.523,-7.452594286697968,-0.3028295594719462
4907.543,-7.45305369737753,-0.3128250375793689
4907.563,-7.4535156447564015,-0.32281536856789705
4907.583,-7.45397840423738,-0.3328043205828606
4907.603,-7.454441146062292,-0.342793272978768
4907.623,-7.454903871508923,-0.35278222669134934
4907.643,-7.455366580597218,-0.36277118179663476
4907.663,-7.4558292733338964,-0.37276013835569666
4907.683,-7.456291949726735,-0.3827490964231056
4907.703,-7.456754609784676,-0.3927380560464483
4907.723,-7.457217253517741,-0.40272701726582083
4907.743,-7.457679880936945,-0.41271598011339766
4907.763,-7.458142492054191,-0.42270494461308117
4907.783,-7.458605086882154,-0.4326939107802355
4907.803,-7.45906766543417,-0.44268287862150685
4907.823,-7.459530227724107,-0.45267184813473305
4907.843,-7.459992773766222,-0.46266081930894176
4907.863,-7.460455303575045,-0.4726497921244386
4907.883,-7.460917817165216,-0.4826387665529827
4907.903,-7.461380314551359,-0.49262774255804975
4907.923,-7.461842795747935,-0.5026167200951785
4907.943,-7.462305260769108,-0.512605699112397
4907.963,-7.462767709628597,-0.5225946795507257
4907.983,-7.463230142339556,-0.5325836613447513
4908.003,-7.463692558914433,-0.5425726444232654
4908.023,-7.464154959364855,-0.552561628709961
4908.043,-7.464617343701524,-0.5625506141241837
4908.063,-7.465075881564473,-0.5725435858557283
4908.083,-7.46553381346721,-0.5825395124549358
4908.103,-7.465991716601403,-0.5925354702040336
4908.123,-7.4664493708520006,-0.6025314421643571
4908.143,-7.466906745133464,-0.6125274268267313
4908.163,-7.467363835172502,-0.6225234238297427
4908.183,-7.4678206406299505,-0.6325194329914612
4908.203,-7.468277162035069,-0.6425154539466095
4908.223,-7.468733399662558,-0.6525114863807832
4908.243,-7.469189353633533,-0.6625075300157891
4908.263,-7.469645024208323,-0.6725035847805532
4908.283,-7.470100412405068,-0.6824996500710371
4908.303,-7.470555519033996,-0.6924957251218131
4908.323,-7.471010344407579,-0.7024918096053859
4908.343,-7.471464890466308,-0.7124879025237512
4908.363,-7.471922876590215,-0.7224778117923101
4908.383,-7.472381027506198,-0.7324669857031465
4908.403,-7.472839156117192,-0.7424561595685056
4908.423,-7.473297268499833,-0.7524453333448284
4908.443,-7.473755364698202,-0.7624345070256269
4908.463,-7.474213444699889,-0.7724236806135645
4908.483,-7.474671508491561,-0.7824128541203254
4908.503,-7.475128017283387,-0.792403501337568
4908.523,-7.475580948783997,-0.8023988508170937
4908.543,-7.476033318642081,-0.8123958765409101
4908.563,-7.476486205879006,-0.822390767551596
4908.583,-7.476938788256841,-0.8323861525979481
4908.603,-7.477391542424443,-0.8423805317240466
4908.623,-7.477844394705614,-0.8523747642657084
4908.643,-7.478296191046926,-0.8623696175118278
4908.663,-7.478748365348927,-0.8723646354610173
4908.683,-7.479200680203097,-0.8823605444106092
4908.703,-7.479653094096797,-0.8923563396552017
4908.723,-7.480105258407511,-0.9023521492576021
4908.743,-7.480557157330509,-0.9123479720249913
4908.763,-7.481008788269792,-0.9223438076429766
4908.783,-7.481460150523262,-0.9323396559012717
4908.803,-7.481911243737658,-0.9423355166447694
4908.823,-7.482365623290574,-0.9523249256890376
4908.843,-7.482820128644207,-0.9623142564142548
4908.863,-7.48327461713654,-0.9723035880382317
4908.883,-7.483729089248824,-0.982292920982887
4908.903,-7.48418354499206,-0.9922822553178167
4908.923,-7.484637984372954,-1.0022715911030176
4908.943,-7.485092407399375,-1.0122609283919446
4908.963,-7.485546814080352,-1.0222502672309808
4908.983,-7.486001204425991,-1.0322396076589433
4909.003,-7.486257329323134,-1.0416484679577938
4909.023,-7.486340353692183,-1.0496784266954224
4909.043,-7.48642914846959,-1.0559946253916574
4909.063,-7.486478865806764,-1.0606100967252385
4909.083,-7.486129663338512,-1.0644500283506257
4909.103,-7.485308319694814,-1.0677498541567247
4909.123,-7.48403524888554,-1.0704940902108278
4909.143,-7.4823140204406,-1.0726786893207896
4909.163,-7.480163527341927,-1.0742693776608572
4909.183,-7.477643097773658,-1.0751519028705796
4909.203,-7.474956074641505,-1.0751788594687528
4909.223,-7.472261866675703,-1.075072239117306
4909.243,-7.469570727096115,-1.0749192467759372
4909.263,-7.466883188785284,-1.0747176998289827
4909.283,-7.46419966013112,-1.0744658348673501
4909.303,-7.461521731547618,-1.074167810813438
4909.323,-7.458849664311243,-1.0738214899894616
4909.343,-7.456184229358019,-1.073425147908461
4909.363,-7.453526928843773,-1.0729829755970763
4909.383,-7.450878072672066,-1.0724928969418444
4909.403,-7.448238449472819,-1.0719532356846964
4909.423,-7.445609461700401,-1.0713682063995302
4909.443,-7.4429914638490615,-1.0707357866647806
4909.463,-7.44038528024465,-1.0700543633336435
4909.483,-7.437792206746512,-1.0693281660871945
4909.503,-7.435212640745179,-1.068555229391089
4909.523,-7.432647434729128,-1.0677340097121182
4909.543,-7.430096906211301,-1.066862874668198
4909.563,-7.427560834156012,-1.0659379362625985
4909.583,-7.425041800604825,-1.064967499804822
4909.603,-7.422540650409377,-1.063951887298229
4909.623,-7.4200581933665575,-1.062891428301415
4909.643,-7.417595232859775,-1.0617864667634438
4909.663,-7.415152565871301,-1.0606373609715454
4909.683,-7.412730982735613,-1.0594444834302144
4909.703,-7.410331266892727,-1.0582082207357653
4909.723,-7.407954194644001,-1.0569289734470497
4909.743,-7.405600534910554,-1.0556071559524434
4909.763,-7.403271048994395,-1.0542431963332164
4909.783,-7.400966490342317,-1.0528375362234028
4909.803,-7.398687604312652,-1.05139063066629
4909.823,-7.396435127944918,-1.049902947967645
4909.843,-7.394209789732371,-1.0483749695458089
4909.863,-7.392012309397527,-1.0468071897787468
4909.883,-7.389843397670579,-1.0452001158481754
4909.903,-7.387703756070724,-1.0435542675808378
4909.923,-7.385594076690329,-1.0418701772869923
4909.943,-7.383515041981875,-1.0401483895961583
4909.963,-7.381467324547582,-1.0383894612901277
4909.983,-7.379451586931625,-1.0365939611332278
4910.003,-7.376188565126322,-1.0361420703232809
4910.023,-7.370706693018537,-1.0381158040883676
4910.043,-7.364519896705209,-1.041767573846698
4910.063,-7.357890159106065,-1.046988988382631
4910.083,-7.350858466750831,-1.053695632714498
4910.103,-7.343742901257796,-1.0607228856159459
4910.123,-7.336443896106637,-1.067927335424324
4910.143,-7.329042636333988,-1.0752300696066297
4910.163,-7.321904403463339,-1.082279093550495
4910.183,-7.314783776366357,-1.089306997070565
4910.203,-7.307664879253998,-1.0963378893607532
4910.223,-7.300543149770024,-1.103368316216827
4910.243,-7.293420701297749,-1.1103976613685147
4910.263,-7.28629916623678,-1.117426680620829
4910.283,-7.279176735988708,-1.1244539986025908
4910.303,-7.272055669630981,-1.1314805056920507
4910.323,-7.264936939326991,-1.13850804575893
4910.343,-7.257815143177409,-1.1455361035268974
4910.363,-7.250693271456328,-1.1525654353358128
4910.383,-7.243574222432192,-1.1595945948521538
4910.403,-7.236453718760308,-1.1666239983046165
4910.423,-7.229335458862571,-1.17365159138822
4910.443,-7.222220969048661,-1.1806780429666115
4910.463,-7.2151050548396345,-1.1877033530907308
4910.483,-7.207989229199464,-1.1947287214807374
4910.503,-7.20087340440202,-1.2017540909148317
4910.523,-7.193757579582612,-1.2087794609431137
4910.543,-7.186641754678217,-1.2158048315942074
4910.563,-7.179525929634737,-1.222830202895343
4910.583,-7.172410104399972,-1.2298555748678373
4910.603,-7.165294278923963,-1.2368809475267406
4910.623,-7.158178453159403,-1.243906320880583
4910.643,-7.1510626270620055,-1.2509316949311888
4910.663,-7.143946800590863,-1.2579570696735634
4910.683,-7.1368309737087685,-1.2649824450958524
4910.703,-7.1297151463824955,-1.2720078211793686
4910.723,-7.1225993185830525,-1.2790331978986946
4910.743,-7.115483490285892,-1.286058575221852
4910.763,-7.108367661471081,-1.293083953110544
4910.783,-7.101251832123427,-1.3001093315204575
4910.803,-7.0941360022325615,-1.307134710401635
4910.823,-7.087020171792965,-1.3141600896988987
4910.843,-7.079904340803971,-1.3211854693523335
4910.863,-7.072788509269698,-1.3282108492978193
4910.883,-7.06567267719895,-1.335236229467607
4910.903,-7.0585568446050715,-1.3422616097909326
4910.923,-7.051441011505756,-1.3492869901946656
4910.943,-7.04432517792281,-1.3563123706039795
4910.963,-7.03720934388189,-1.3633377509430442
4910.983,-7.030093509412182,-1.370363131135732
4911.003,-7.0229776745460795,-1.377388511106323
4911.023,-7.015861839318797,-1.3844138907802128
4911.043,-7.008746003767974,-1.3914392700846103
4911.063,-7.0016301679332615,-1.3984646489492172
4911.083,-6.9945143318558785,-1.4054900273068855
4911.103,-6.9873984955781525,-1.4125154050942441
4911.123,-6.980282659143071,-1.419540782252293
4911.143,-6.973166822593803,-1.426566158726948
4911.163,-6.9660509859732365,-1.4335915344695462
4911.183,-6.958935149323507,-1.4406169094372927
4911.203,-6.9518193126855445,-1.4476422835936507
4911.223,-6.944703476098637,-1.4546676569086736
4911.243,-6.937587639600001,-1.4616930293592711
4911.263,-6.9304718032243775,-1.4687184009294039
4911.283,-6.92335596700366,-1.4757437716102169
4911.303,-6.916240130966541,-1.4827691414000934
4911.323,-6.909122550576129,-1.4897957783719706
4911.343,-6.902003517944725,-1.4968242551377238
4911.363,-6.894884990587725,-1.5038523608370964
4911.383,-6.887766186589087,-1.510880866105934
4911.403,-6.880648187580428,-1.5179086982015824
4911.423,-6.873530408282063,-1.524936602584664
4911.443,-6.866412745307742,-1.5319653007613128
4911.463,-6.859294097067089,-1.5389940285387234
4911.483,-6.852177669963139,-1.5460198201597652
4911.503,-6.845061919423084,-1.5530452681098403
4911.523,-6.837946172257759,-1.560070716920876
4911.543,-6.830830425550913,-1.5670961655595559
4911.563,-6.823714679239866,-1.5741216140764285
4911.583,-6.816598933286467,-1.5811470625324708
4911.603,-6.809483187649663,-1.588172510989831
4911.623,-6.802367442285535,-1.5951979595110342
4911.643,-6.795251697147626,-1.602223408158257
4911.663,-6.7886730772840735,-1.6087172983215634
4911.683,-6.783356532534881,-1.6139442749787392
4911.703,-6.779501212759289,-1.6177213852023875
4911.723,-6.777026680680008,-1.6206932881725917
4911.743,-6.775743275354593,-1.6233853128155453
4911.763,-6.7755030248570725,-1.6257883173361418
4911.783,-6.7762623714244175,-1.6279393591684588
4911.803,-6.777981854077422,-1.6298172670232716
4911.823,-6.779990290201795,-1.6316218789061414
4911.843,-6.7820305496634,-1.6333896366775358
4911.863,-6.784102299202495,-1.6351203942356918
4911.883,-6.786204871516016,-1.636813594765646
4911.903,-6.788337586483785,-1.6384686895889353
4911.923,-6.790499754102159,-1.6400851422007758
4911.943,-6.792690674718686,-1.6416624284871968
4911.963,-6.794909639248822,-1.6432000369042867
4911.983,-6.797155929397455,-1.6446974686546285
4912.003,-6.799428817885555,-1.6461542378609835
4912.023,-6.801727568681922,-1.6475698717369203
4912.043,-6.80405143724005,-1.6489439107540584
4912.063,-6.806399670739996,-1.6502759088055925
4912.083,-6.808771508335061,-1.6515654333657248
4912.103,-6.811166181403166,-1.6528120656446812
4912.123,-6.813582913802586,-1.654015400738967
4912.143,-6.81602092213181,-1.655175047776548
4912.163,-6.8184794159931625,-1.6562906300566824
4912.183,-6.82095759825987,-1.6573617851841453
4912.203,-6.823454665346185,-1.6583881651976395
4912.223,-6.825969807480218,-1.659369436692221
4912.243,-6.828502208979107,-1.6603052809356147
4912.263,-6.831051048526185,-1.661195393978328
4912.283,-6.833615499449796,-1.6620394867575217
4912.303,-6.836194730003477,-1.662837285194622
4912.323,-6.8387879036472246,-1.6635885302867033
4912.343,-6.841394179329571,-1.6642929781916762
4912.363,-6.84401271177032,-1.664950400307369
4912.383,-6.8466426517436885,-1.6655605833445781
4912.403,-6.84928314636176,-1.6661233293941893
4912.423,-6.851933339358105,-1.6666384559884848
4912.443,-6.854592371371487,-1.6671057961567315
4912.463,-6.857259380229569,-1.667525198475171
4912.483,-6.859933501232577,-1.667896527111513
4912.503,-6.862613867436892,-1.6682196618640177
4912.523,-6.865299609938526,-1.6684944981952774
4912.543,-6.8679898581565,-1.6687209472607512
4912.563,-6.870683740116055,-1.6688989359321384
4912.583,-6.873294167893688,-1.6709083331705592
4912.603,-6.875731480528799,-1.6762002988519038
4912.623,-6.877466584229593,-1.6831713148954195
4912.643,-6.878393229660996,-1.691558810948681
4912.663,-6.878542714637504,-1.7012746985430438
4912.683,-6.878522453883519,-1.7112755632916377
4912.703,-6.87851234032261,-1.7216278307273456
4912.723,-6.878495164086344,-1.7321388609898114
4912.743,-6.878476606510823,-1.7422062046980629
4912.763,-6.878459870278983,-1.7522146706558257
4912.783,-6.878444107131052,-1.7622214213992837
4912.803,-6.878429424357469,-1.7722297548864854
4912.823,-6.87841083003808,-1.7822295437565459
4912.843,-6.878392020310868,-1.7922292075439616
4912.863,-6.878373228239444,-1.8022288692224315
4912.883,-6.878354455624823,-1.8122285301485574
4912.903,-6.878335702456439,-1.8222281903249875
4912.923,-6.8783169687117915,-1.8322278497477629
4912.943,-6.8782982543669675,-1.8422275084211754
4912.963,-6.878279559396939,-1.8522271663578604
4912.983,-6.878260883775799,-1.8622268235786457
4913.003,-6.878242227477042,-1.8722264801123125
4913.023,-6.8782235904738185,-1.8822261359952903
4913.043,-6.878209089009017,-1.8922301427609374
4913.063,-6.87819356170331,-1.9022334422458809
4913.083,-6.878175147099033,-1.912233114768301
4913.103,-6.878156809702121,-1.922232768723588
4913.123,-6.878141488487156,-1.9322332287038093
4913.143,-6.8781272900308,-1.9422401027645027
4913.163,-6.878112365901432,-1.9522436156340848
4913.183,-6.8780999898859365,-1.962246907413427
4913.203,-6.878085550319399,-1.9722514186422015
4913.223,-6.878071635134799,-1.9822557343151577
4913.243,-6.878057822982867,-1.9922600610530745
4913.263,-6.878044117569462,-2.0022643837888707
4913.283,-6.87803050281064,-2.0122687102146606
4913.303,-6.878016704165327,-2.022272922681612
4913.323,-6.878004175230865,-2.03227803112718
4913.343,-6.877991530583463,-2.0422790348178803
4913.363,-6.877978054273177,-2.0522835280013556
4913.383,-6.87796424107622,-2.062287352689329
4913.403,-6.877950501685279,-2.072291216492622
4913.423,-6.877936894215384,-2.082295023998739
4913.443,-6.877923404687034,-2.092298764664556
4913.463,-6.877910077807123,-2.1023020427722856
4913.483,-6.877896412413359,-2.1123076591725565
4913.503,-6.8778834951621075,-2.1223170087087277
4913.523,-6.877871377069154,-2.1323255395686807
4913.543,-6.8778588023220655,-2.1423291285283237
4913.563,-6.877846295962472,-2.152333213519266
4913.583,-6.8778333801877185,-2.1623363256465105
4913.603,-6.877820120309727,-2.1723408149617516
4913.623,-6.877808879274769,-2.1823462992418676
4913.643,-6.877795576303235,-2.1923497038543567
4913.663,-6.877781013739597,-2.20234937333531
4913.683,-6.877766374485923,-2.2123490461284336
4913.703,-6.877751755246506,-2.222348719582729
4913.723,-6.877737156538303,-2.232348393610702
4913.743,-6.877722578397622,-2.24234806814413
4913.763,-6.877708020857467,-2.252347743110533
4913.783,-6.8776939155156995,-2.2623480169506416
4913.803,-6.877681267555071,-2.27235418593489
4913.823,-6.877669572416391,-2.282367480626417
4913.843,-6.8776577305426105,-2.2923797672942205
4913.863,-6.877645828173986,-2.302384152833981
4913.883,-6.877633627656536,-2.31238795377682
4913.903,-6.877620762550019,-2.322389216615905
4913.923,-6.877606828553738,-2.33238889162214
4913.943,-6.877592901480307,-2.342388567315553
4913.963,-6.877578995351266,-2.3523882426563767
4913.983,-6.877565110245203,-2.3623879175634768
4914.003,-6.877551767233107,-2.372389046417819
4914.023,-6.877539839211893,-2.3823913564610346
4914.043,-6.877528050861269,-2.3923954716375464
4914.063,-6.877519340848796,-2.4024043280430414
4914.083,-6.877508853106069,-2.412410724885758
4914.103,-6.87749580065772,-2.422410875482782
4914.123,-6.877482404666797,-2.432410546086119
4914.143,-6.877469028372884,-2.442410215969679
4914.163,-6.877455673255455,-2.452409885071656
4914.183,-6.8774423393035296,-2.4624095533901005
4914.203,-6.877428969389022,-2.4724094725765755
4914.223,-6.877419165652354,-2.482410512408145
4914.243,-6.877408372437909,-2.492413108047988
4914.263,-6.877398269177628,-2.5024151948937807
4914.283,-6.877385138439163,-2.512414882769796
4914.303,-6.877374336707855,-2.522414384782888
4914.323,-6.877363790859394,-2.532416083622239
4914.343,-6.877355488775032,-2.5424189593290962
4914.363,-6.877346677208476,-2.552419414711133
4914.383,-6.877337093243287,-2.562423400685342
4914.403,-6.877329228325593,-2.5724271936047605
4914.423,-6.877321844890517,-2.582429832159421
4914.443,-6.877313065683776,-2.592430424406166
4914.463,-6.877305124689844,-2.6024409332263385
4914.483,-6.877297599134588,-2.612443202862053
4914.503,-6.877289196394494,-2.6224477559004975
4914.523,-6.877280923318885,-2.632452323322984
4914.543,-6.877273239350173,-2.6424565553591695
4914.563,-6.87726507691741,-2.652461102208526
4914.583,-6.87725707695641,-2.662465657862161
4914.603,-6.877249649188639,-2.6724704445258
4914.623,-6.877240214162566,-2.6824737555321865
4914.643,-6.8772319523359515,-2.6924764811769943
4914.663,-6.87722264602913,-2.7024787722749504
4914.683,-6.877213526408238,-2.7124809891396864
4914.703,-6.877204501377164,-2.7224831413595862
4914.723,-6.877195521107423,-2.7324852224256606
4914.743,-6.877187041369226,-2.7424866999943416
4914.763,-6.8771787579298405,-2.7524889060585584
4914.783,-6.87717005741349,-2.7624954344448462
4914.803,-6.877162011213958,-2.7724980122472584
4914.823,-6.877161893280545,-2.7818444291508078
4914.843,-6.87715727256331,-2.7897980151052884
4914.863,-6.8771598167411145,-2.7960500729499036
4914.883,-6.87710138093345,-2.8006493372194865
4914.903,-6.876644791962572,-2.804380298881842
4914.923,-6.8757513547259705,-2.8073488118056913
4914.943,-6.8744140636519715,-2.8095835299339873
4914.963,-6.872666991850739,-2.811133485810372
4914.983,-6.870523277785345,-2.81198800528198
4915.003,-6.86798465482559,-2.812112099342832
4915.023,-6.865298508441527,-2.8119322519507186
4915.043,-6.862613738182491,-2.811704693193557
4915.063,-6.859932893119475,-2.811427051840976
4915.083,-6.857258057411363,-2.8111032977607624
4915.103,-6.8545895629039375,-2.810731308114654
4915.123,-6.851928159215119,-2.8103093668342756
4915.143,-6.84927533669998,-2.8098416677802893
4915.163,-6.8466314133566115,-2.809326144233121
4915.183,-6.843997184764397,-2.8087611306482425
4915.203,-6.841374034176527,-2.808150845078007
4915.223,-6.8387623238650255,-2.8074932750562076
4915.243,-6.836162883819994,-2.8067868193494214
4915.263,-6.833576991109947,-2.806035709120401
4915.283,-6.831005050539629,-2.8052379893648425
4915.303,-6.828448000482297,-2.8043922053564554
4915.323,-6.82590443043036,-2.8034886161421593
4915.343,-6.823377341146429,-2.8025393454697434
4915.363,-6.8208677544944525,-2.801544749803385
4915.383,-6.818376484533368,-2.8005051522918007
4915.403,-6.815904337552821,-2.7994208901693995
4915.423,-6.813452113544016,-2.798292315060279
4915.443,-6.811020605965512,-2.7971197928625076
4915.463,-6.808610601495561,-2.7959037036244982
4915.483,-6.806222879786793,-2.7946444414174807
4915.503,-6.803858213223456,-2.7933424142041887
4915.523,-6.801517366681319,-2.7919980437038885
4915.543,-6.7992010972903305,-2.79061176525386
4915.563,-6.796910154200093,-2.789184027667446
4915.583,-6.79464527834821,-2.7877152930887856
4915.603,-6.792407202231551,-2.7862060368443653
4915.623,-6.790196649680448,-2.7846567472914887
4915.643,-6.788014335635818,-2.7830679256637847
4915.663,-6.785860965929209,-2.7814400859138226
4915.683,-6.783737237065699,-2.7797737545529304
4915.703,-6.781643836009605,-2.7780694704882496
4915.723,-6.779581439972921,-2.7763277848570604
4915.743,-6.777550716206375,-2.774549260858376
4915.763,-6.775552321793014,-2.7727344735817563
4915.783,-6.773586903444194,-2.7708840098332876
4915.803,-6.771655097297868,-2.7689984679586184
4915.823,-6.769757528719053,-2.7670784576629193
4915.843,-6.7678948121023845,-2.765124599827611
4915.863,-6.766067550676695,-2.7631375263236553
4915.883,-6.764276336311519,-2.761117879821232
4915.903,-6.762521749325557,-2.7590663135955578
4915.923,-6.760804358297073,-2.756983491328637
4915.943,-6.759124719876306,-2.754870086906738
4915.963,-6.757483378599955,-2.7527267842133774
4915.983,-6.755880866707915,-2.7505542769176428
4916.003,-6.754317703962443,-2.7483532682577194
4916.023,-6.752794397469947,-2.7461244708195034
4916.043,-6.751311441505681,-2.743868606310248
4916.063,-6.749869317341618,-2.7415864053272467
4916.083,-6.748468493077827,-2.739278607121595
4916.103,-6.747109423477656,-2.7369459593571346
4916.123,-6.7457925498070415,-2.734589217864737
4916.143,-6.744518299678308,-2.732209146392134
4916.163,-6.743287086898695,-2.729806516349539
4916.183,-6.74209931132398,-2.7273821065513557
4916.203,-6.74095535871739,-2.7249367029542784
4916.223,-6.739855600614062,-2.722471098392119
4916.243,-6.738800394191256,-2.719986092307713
4916.263,-6.737790082144434,-2.717482490482245
4916.283,-6.736824992569342,-2.714961104762337
4916.303,-6.735905438850187,-2.712422752785221
4916.323,-6.735031719553904,-2.7098682577023103
4916.343,-6.734204118330543,-2.7072984479014472
4916.363,-6.7334229038197515,-2.70471415672808
4916.383,-6.732688329563287,-2.702116222205586
4916.403,-6.732000633923512,-2.6995054867549477
4916.423,-6.731360040007741,-2.696882796913923
4916.443,-6.7307667555984105,-2.6942490030558486
4916.463,-6.730220973088906,-2.6916049591081914
4916.483,-6.729722869424987,-2.688951522270903
4916.503,-6.729272606051684,-2.686289552734659
4916.523,-6.72887032886559,-2.683619913399015
4916.543,-6.728516168172446,-2.6809434695905026
4916.563,-6.728210238649956,-2.6782610887807
4916.583,-6.7279526393157445,-2.675573640304277
4916.603,-6.725866891657557,-2.673023704371119
4916.623,-6.720505098129194,-2.6707440410380943
4916.643,-6.713485764530341,-2.6692159008251073
4916.663,-6.705074491329735,-2.668537757005392
4916.683,-6.695358437993735,-2.668675718348638
4916.703,-6.6853625606142915,-2.6689917818191486
4916.723,-6.675014882212515,-2.6691526562869816
4916.743,-6.664557144635433,-2.6693824253333664
4916.763,-6.654557924544603,-2.6696889357565903
4916.783,-6.644563030972808,-2.669998597912592
4916.803,-6.634568147490953,-2.670308234082019
4916.823,-6.624573263781609,-2.670617853369081
4916.843,-6.614578379709229,-2.670927455815076
4916.863,-6.604583495249533,-2.6712370413689728
4916.883,-6.594588610379428,-2.671546609983018
4916.903,-6.584593725075977,-2.671856161614221
4916.923,-6.5745988393165415,-2.672165696224781
4916.943,-6.564603953078957,-2.672475213782442
4916.963,-6.554609066341691,-2.67278471426081
4916.983,-6.5446141790840064,-2.673094197639604
4917.003,-6.534619291286118,-2.673403663904839
4917.023,-6.52462440292935,-2.6737131130489646
4917.043,-6.514629513996267,-2.6740225450709225
4917.063,-6.504634624470815,-2.6743319599761497
4917.083,-6.494639734338438,-2.6746413577765193
4917.103,-6.484644843586182,-2.674950738490203
4917.123,-6.474649952202797,-2.6752601021414892
4917.143,-6.464655060178808,-2.675569448760528
4917.163,-6.454656559071714,-2.675874340436131
4917.183,-6.44465671693889,-2.67617735131373
4917.203,-6.4346582449033844,-2.676482069509996
4917.223,-6.424659619278807,-2.6767852375266843
4917.243,-6.414660892398228,-2.677089012234581
4917.263,-6.40466254546686,-2.677392360258945
4917.283,-6.394662811335399,-2.6776949043430576
4917.303,-6.384664519086659,-2.677997940992559
4917.323,-6.3746631244796506,-2.6783000302950097
4917.343,-6.36466127824399,-2.6786034837821724
4917.363,-6.35465940509522,-2.6789068701735848
4917.383,-6.344657521976261,-2.6792100029877295
4917.403,-6.334655630801082,-2.6795128538683173
4917.423,-6.324653731731784,-2.679815419176403
4917.443,-6.314651824938677,-2.68011769907236
4917.463,-6.304649910802211,-2.6804196944814906
4917.483,-6.294647989731888,-2.680721406025816
4917.503,-6.284646061896207,-2.6810228340659297
4917.523,-6.274644128192586,-2.68132398044153
4917.543,-6.264646276575479,-2.6816274287045148
4917.563,-6.254651240239143,-2.6819322485442467
4917.583,-6.244656204393063,-2.682237027232491
4917.603,-6.234661168218907,-2.682541789833035
4917.623,-6.224666131717884,-2.682846536591882
4917.643,-6.214671094900459,-2.683151267519379
4917.663,-6.204676057776506,-2.6834559826173425
4917.683,-6.194681020355029,-2.683760681881173
4917.703,-6.184683371137035,-2.684063638856346
4917.723,-6.174681292155971,-2.6843621964603934
4917.743,-6.1646806785952535,-2.684661990462065
4917.763,-6.154679651772694,-2.684961944972469
4917.783,-6.1446806549794495,-2.6852613700923444
4917.803,-6.134681943551076,-2.685558746931376
4917.823,-6.124681501932601,-2.6858560364003736
4917.843,-6.114680694343942,-2.6861538814593344
4917.863,-6.104678675883231,-2.6864509664538923
4917.883,-6.094678516377642,-2.686747306526786
4917.903,-6.084679065185044,-2.687044592292204
4917.923,-6.074679275816912,-2.6873419009525756
4917.943,-6.0646787835626865,-2.6876391617376685
4917.963,-6.054677647797248,-2.6879358678330667
4917.983,-6.044675313690605,-2.6882311884483028
4918.003,-6.034674823871497,-2.688527807789207
4918.023,-6.024675172973066,-2.6888237853988612
4918.043,-6.014675083063021,-2.6891203951140565
4918.063,-6.004673174270491,-2.6894162866387217
4918.083,-5.994670827364295,-2.6897111684749913
4918.103,-5.984670824801641,-2.690007127651091
4918.123,-5.974670041498342,-2.6903021468193566
4918.143,-5.964667469274162,-2.6905962180369825
4918.163,-5.954665546498518,-2.6908878230166593
4918.183,-5.944670360233833,-2.6911879723744496
4918.203,-5.934675187535757,-2.6914881198212193
4918.223,-5.924680014517922,-2.691788250275837
4918.243,-5.914684841011634,-2.692088363619326
4918.263,-5.904689666994747,-2.6923884598378973
4918.283,-5.894694492447833,-2.692688538924789
4918.303,-5.884699317352802,-2.6929886008797523
4918.323,-5.874704141693,-2.6932886457090435
4918.343,-5.86470896545333,-2.693588673425352
4918.363,-5.854713788620358,-2.6938886840476517
4918.383,-5.8447186111823894,-2.6941886776010127
4918.403,-5.834723433129568,-2.694488654116331
4918.423,-5.824728254453905,-2.6947886136300117
4918.443,-5.8147330751493405,-2.6950885561835984
4918.463,-5.804737895211761,-2.6953884818233487
4918.483,-5.794742714639008,-2.6956883905997606
4918.503,-5.784747533430867,-2.6959882825670634
4918.523,-5.774752351589038,-2.696288157782665
4918.543,-5.764757169117093,-2.696588016306572
4918.563,-5.754761986020415,-2.696887858200785
4918.583,-5.744766802306107,-2.6971876835286723
4918.603,-5.734771617982918,-2.697487492354329
4918.623,-5.724776433061109,-2.6977872847419313
4918.643,-5.714779470834646,-2.6980854020371092
4918.663,-5.704783945330501,-2.6983842903484057
4918.683,-5.694788752616231,-2.698683928338667
4918.703,-5.684793561223807,-2.698983551372146
4918.723,-5.674798369381081,-2.69928315829138
4918.743,-5.664803177081774,-2.6995827491375866
4918.763,-5.654807984339423,-2.699882323957332
4918.783,-5.644812791168197,-2.700181882792715
4918.803,-5.634817597582502,-2.700481425680866
4918.823,-5.624822403596778,-2.7007809526535564
4918.843,-5.61482720922532,-2.701080463736875
4918.863,-5.60483201448208,-2.7013799589509566
4918.883,-5.594836802033828,-2.701679488003849
4918.903,-5.584838945993952,-2.7019768199742065
4918.923,-5.574837899137232,-2.70227093651756
4918.943,-5.564836984324257,-2.7025663464352228
4918.963,-5.554838447409217,-2.7028616899714715
4918.983,-5.544838107197527,-2.703156596292928
4919.003,-5.534837774706817,-2.7034511914808035
4919.023,-5.524837572494135,-2.7037443798571723
4919.043,-5.514837285033242,-2.704035832310676
4919.063,-5.504835540568517,-2.7043297147277086
4919.083,-5.494833756288111,-2.704623552746329
4919.103,-5.484831959402353,-2.7049171415816478
4919.123,-5.474830152244293,-2.7052104578149803
4919.143,-5.464828335591149,-2.705503499082945
4919.163,-5.454826509930744,-2.705796265672505
4919.183,-5.4448246756299525,-2.706088758068567
4919.203,-5.43482283297809,-2.7063809766620297
4919.223,-5.4248254921081775,-2.706675656613514
4919.243,-5.414830160269469,-2.706971378628864
4919.263,-5.404832795110705,-2.7072653287286697
4919.283,-5.394834957298696,-2.707555043285312
4919.303,-5.384837088703327,-2.7078460638595874
4919.323,-5.374839976209298,-2.7081366394038136
4919.343,-5.36483650214619,-2.708425075377172
4919.363,-5.354835972039727,-2.708714394202423
4919.383,-5.344840626304989,-2.709008891422483
4919.403,-5.334845284617677,-2.70930334390813
4919.423,-5.324849942549372,-2.7095977791351564
4919.443,-5.314854600028454,-2.7098921973024552
4919.463,-5.30485925703329,-2.710186598381759
4919.483,-5.29486391354344,-2.7104809823487814
4919.503,-5.28486856953926,-2.710775349185394
4919.523,-5.274873225002064,-2.7110696988798173
4919.543,-5.264877879914263,-2.7113640314267253
4919.563,-5.254882534259515,-2.7116583468272912
4919.583,-5.244887188022849,-2.711952645089168
4919.603,-5.234891841190787,-2.712246926226402
4919.623,-5.224894897566684,-2.7125394481846676
4919.643,-5.21489579433561,-2.7128288923472827
4919.663,-5.204896981121986,-2.713117923800485
4919.683,-5.194896709782072,-2.713406163160621
4919.703,-5.1848977672510115,-2.713694936607682
4919.723,-5.174898739782578,-2.7139837261937494
4919.743,-5.164899582080189,-2.714271685982255
4919.763,-5.154899307405207,-2.714558667001181
4919.783,-5.144900422261299,-2.714847373661839
4919.803,-5.134901484821452,-2.7151344343352477
4919.823,-5.124902501838223,-2.715422144961074
4919.843,-5.114899669085926,-2.7157085216156
4919.863,-5.10489734871566,-2.715996535098801
4919.883,-5.094895007836794,-2.7162844363180247
4919.903,-5.084892658206613,-2.716572083957194
4919.923,-5.074890301042828,-2.71685945329952
4919.943,-5.064887936545878,-2.7171465394815546
4919.963,-5.054885564919526,-2.717433341566739
4919.983,-5.044883186599923,-2.7177198597295757
4920.003,-5.034880801787518,-2.7180060938536323
4920.023,-5.024878410936898,-2.718292044817046
4920.043,-5.014876015042622,-2.718577714033602
4920.063,-5.004880454814734,-2.7188675079185374
4920.083,-4.994884962079082,-2.7191569405974167
4920.103,-4.984889469210216,-2.7194463524871293
4920.123,-4.9748939760328055,-2.7197357484610785
4920.143,-4.964898482555584,-2.720025128576776
4920.163,-4.954902988788847,-2.720314492840627
4920.183,-4.94490749474217,-2.7206038412522373
4920.203,-4.934911987643405,-2.720893221788531
4920.223,-4.92491023804864,-2.7211773454826758
4920.243,-4.9149112893735545,-2.7214635640251243
4920.263,-4.904907706004014,-2.7217463097653543
4920.283,-4.894907506975783,-2.7220312733957055
4920.303,-4.8854867605527215,-2.7221965713759677
4920.323,-4.877467554777511,-2.722231396740592
4920.343,-4.871133000753208,-2.722217046908074
4920.363,-4.8664757956200475,-2.7222456201067
4920.383,-4.862739183188248,-2.7226618789644514
4920.403,-4.859775616929832,-2.7235317016714795
4920.423,-4.857589476217387,-2.724859565283076
4920.443,-4.856188228581184,-2.7266518660437336
4920.463,-4.855591894946597,-2.728885227364878
4920.483,-4.855689794821381,-2.731490902993186
4920.503,-4.855961624505406,-2.7341768882138147
4920.523,-4.856281908048771,-2.7368574388295523
4920.543,-4.856650386514056,-2.739531780030927
4920.563,-4.857066938337504,-2.742199046360716
4920.583,-4.857531428013444,-2.7448583737848415
4920.603,-4.8580437045267,-2.7475089009087146
4920.623,-4.858603601390234,-2.7501497692655854
4920.643,-4.85921093670464,-2.752780123592977
4920.663,-4.85986551322271,-2.7553991121076655
4920.683,-4.860567118418873,-2.7580058867792845
4920.703,-4.861315524563488,-2.76059960360245
4920.723,-4.86211048880194,-2.76317942286732
4920.743,-4.86295175323848,-2.765744509428494
4920.763,-4.86383904502481,-2.7682940329721384
4920.783,-4.864772076453312,-2.770827168281245
4920.803,-4.865750545054872,-2.773343095498906
4920.823,-4.866774133701248,-2.7758410003894856
4920.843,-4.867842510711859,-2.7783200745975978
4920.863,-4.8689553299649555,-2.7807795159047504
4920.883,-4.87011223101303,-2.783218528483587
4920.903,-4.871312839202388,-2.7856363231495846
4920.923,-4.872556765796755,-2.7880321176101455
4920.943,-4.8738436081048135,-2.790405136710985
4920.963,-4.8751729496115175,-2.792754612679732
4920.983,-4.876544360113095,-2.7950797853667053
4921.003,-4.877957395855575,-2.7973799024827932
4921.023,-4.8794115996767635,-2.7996542198344274
4921.043,-4.88090650115149,-2.801902001555627
4921.063,-4.8824416167400875,-2.8041225203371214
4921.083,-4.884016449939944,-2.8063150576525886
4921.103,-4.8856304914401045,-2.808478903982034
4921.123,-4.885797748945538,-2.8117686858438713
4921.143,-4.883356488590862,-2.817058907808986
4921.163,-4.879182386289185,-2.8229058313272617
4921.183,-4.873406141184023,-2.82905797469112
4921.203,-4.866115351045161,-2.8354819418541712
4921.223,-4.858497834268771,-2.8419617175096765
4921.243,-4.850665826489627,-2.8485846187012154
4921.263,-4.842720095724112,-2.8552894828772284
4921.283,-4.835060995822464,-2.8618002248092904
4921.303,-4.827439693982131,-2.868279578823699
4921.323,-4.8198137166963155,-2.874761473369047
4921.343,-4.812192159334127,-2.8812410549931706
4921.363,-4.804572347556905,-2.887719295471137
4921.383,-4.7969546702802806,-2.8941970953870038
4921.403,-4.789336995125978,-2.900674893854402
4921.423,-4.781719318691756,-2.9071526901737075
4921.443,-4.7741016409066495,-2.913630484404659
4921.463,-4.766483961730563,-2.9201082766136777
4921.483,-4.7588662811205715,-2.9265860668673613
4921.503,-4.751248599030981,-2.9330638552317536
4921.523,-4.743628971123445,-2.93954270832476
4921.543,-4.736008021893638,-2.9460234954616906
4921.563,-4.72838793317106,-2.9525032424266477
4921.583,-4.720770324822415,-2.9589810129175738
4921.603,-4.7131525589830705,-2.9654587121271203
4921.623,-4.705534811568096,-2.9719364253572618
4921.643,-4.69791706252075,-2.9784141372456987
4921.663,-4.690299311603332,-2.984891847697658
4921.683,-4.682681558764336,-2.991369556744473
4921.703,-4.675063803956132,-2.9978472644126093
4921.723,-4.667446047133677,-3.0043249707222417
4921.743,-4.65982828825494,-3.0108026756870103
4921.763,-4.652210527281295,-3.0172803793138683
4921.783,-4.644592764177899,-3.023758081602985
4921.803,-4.63697499891401,-3.030235782547731
4921.823,-4.629357231463291,-3.0367134821347137
4921.843,-4.6217394618040455,-3.043191180343903
4921.863,-4.6141216899194335,-3.049668877148803
4921.883,-4.6065039157976075,-3.0561465725167074
4921.903,-4.598886139431834,-3.0626242664090015
4921.923,-4.591268360820534,-3.0691019587815376
4921.943,-4.58365057996729,-3.0755796495850527
4921.963,-4.576032796880804,-3.082057338765652
4921.983,-4.568415011574787,-3.0885350262653297
4922.003,-4.561337184419891,-3.0944798914428238
4922.023,-4.555546548349997,-3.09915633448227
4922.043,-4.551229858648126,-3.1024405431568773
4922.063,-4.548484630439913,-3.105222913177257
4922.083,-4.546957387502409,-3.1077836513061023
4922.103,-4.546509625114977,-3.110153458255639
4922.123,-4.547073150904687,-3.11235380534903
4922.143,-4.548612600248996,-3.114367595035104
4922.163,-4.550658690080867,-3.116276315874362
4922.183,-4.552674527036533,-3.1181669679829493
4922.203,-4.554616958161342,-3.1200413060764696
4922.223,-4.556593020685335,-3.121880514007124
4922.243,-4.55860187227469,-3.1236838697825284
4922.263,-4.560642861524598,-3.1254507884324605
4922.283,-4.562715328365415,-3.127180697628908
4922.303,-4.5648186024780975,-3.1288730368974655
4922.323,-4.566952003480533,-3.1305272577948213
4922.343,-4.569114841134281,-3.1321428240918405
4922.363,-4.571306415556194,-3.1337192119546873
4922.383,-4.573526017434974,-3.135255910123734
4922.403,-4.575772928252759,-3.1367524200900117
4922.423,-4.578046420511865,-3.138208256268935
4922.443,-4.5793632441885785,-3.141227968468221
4922.463,-4.5789442289510385,-3.1470391452422364
4922.483,-4.577100015599634,-3.1539822919812557
4922.503,-4.573864195651898,-3.1617759866942214
4922.523,-4.569306859998378,-3.1703581583063696
4922.543,-4.56446348677171,-3.1791078525252923
4922.563,-4.559581874539238,-3.1881426048577666
4922.583,-4.554659936758866,-3.197288006259496
4922.603,-4.5498070625011025,-3.2060501537571433
4922.623,-4.5449738907264345,-3.214809207343279
4922.643,-4.540135188559157,-3.2235601154734446
4922.663,-4.5352966149816645,-3.2323110855687216
4922.683,-4.530458049481024,-3.2410620600830353
4922.703,-4.525619490928025,-3.249813038469344
4922.723,-4.520780939279754,-3.2585640207063484
4922.743,-4.5159424651572415,-3.2673200381940264
4922.763,-4.511106222556036,-3.2760802956903565
4922.783,-4.506268458172613,-3.2848362232517796
4922.803,-4.501430726286186,-3.293592207810468
4922.823,-4.4965931324532065,-3.3023482928392545
4922.843,-4.49175568957613,-3.3111044763766664
4922.863,-4.486918399731584,-3.319860753584685
4922.883,-4.482081263569204,-3.328617120976166
4922.903,-4.47724428112074,-3.337373575754757
4922.923,-4.472407452072427,-3.346130115082644
4922.943,-4.467570776043904,-3.35488673606656
4922.963,-4.462734252558107,-3.3636434353994753
4922.983,-4.457897880395949,-3.3724002081611357
4923.003,-4.453061657967103,-3.3811570467186858
4923.023,-4.448225582904638,-3.389913938592082
4923.043,-4.443389650809252,-3.398670858151399
4923.063,-4.438553851598792,-3.4074277321009183
4923.083,-4.433717866439732,-3.4161818798171173
4923.103,-4.428881958480718,-3.4249343264147707
4923.123,-4.424046077208486,-3.4336867850360764
4923.143,-4.419210204051386,-3.4424392481526804
4923.163,-4.414374338853087,-3.451191715700837
4923.183,-4.4095384816286325,-3.459944187685406
4923.203,-4.404702632392445,-3.4686966641106016
4923.223,-4.399866791156188,-3.4774491449790865
4923.243,-4.395030957928286,-3.486201630291734
4923.263,-4.390195132713522,-3.4949541200474377
4923.283,-4.385359315512675,-3.5037066142429376
4923.303,-4.380523506322216,-3.512459112872678
4923.323,-4.375687705134058,-3.5212116159286975
4923.343,-4.3708519119353575,-3.5299641234005494
4923.363,-4.3660161267083835,-3.5387166352752533
4923.383,-4.361180349430445,-3.5474691515372783
4923.403,-4.356344580073873,-3.5562216721685553
4923.423,-4.351509143762515,-3.5649811421362516
4923.443,-4.346674202993277,-3.5737368713038933
4923.463,-4.341838425393831,-3.5824960634783523
4923.483,-4.337003113074354,-3.5912535643887313
4923.503,-4.332168564219235,-3.6000161301908142
4923.523,-4.327335129175836,-3.608773237019468
4923.543,-4.322501807910212,-3.6175299753715704
4923.563,-4.317668440567161,-3.6262874507458496
4923.583,-4.31283542206133,-3.6350439925473346
4923.603,-4.308002468021718,-3.6438005943019025
4923.623,-4.303169425081423,-3.652558176379352
4923.643,-4.298336725214656,-3.661314871125203
4923.663,-4.2935040883003435,-3.67007163733247
4923.683,-4.288671361387752,-3.6788293904986458
4923.703,-4.283838977492586,-3.6875862571310516
4923.723,-4.279006656618529,-3.696343195422603
4923.743,-4.274664062072952,-3.704591848401702
4923.763,-4.271591913666672,-3.7115073775980045
4923.783,-4.26935103044014,-3.7168521038967235
4923.803,-4.267128563787498,-3.720433182076317
4923.823,-4.264871331939339,-3.7227624809430138
4923.843,-4.262578038809589,-3.7239288616568205
4923.863,-4.260266252969093,-3.7240697231483537
4923.883,-4.257961693619491,-3.723215843822776
4923.903,-4.255682837650063,-3.7217720348169157
4923.923,-4.253431686471321,-3.720282289608017
4923.943,-4.251207741870612,-3.7187522741859294
4923.963,-4.249011692053521,-3.7171824832458826
4923.983,-4.246844246952102,-3.7155734246618453
4924.003,-4.244706107568029,-3.713925618929807
4924.023,-4.242597965465757,-3.712239599017047
4924.043,-4.24052050255705,-3.7105159101978415
4924.063,-4.238474390891021,-3.7087551098862215
4924.083,-4.236460292446772,-3.7069577674659917
4924.103,-4.2344788589285045,-3.705124464117966
4924.123,-4.2325307315630125,-3.70325579264434
4924.143,-4.230616540899405,-3.7013523572900824
4924.163,-4.228736906610985,-3.699414773561212
4924.183,-4.226892437299188,-3.697443668039768
4924.203,-4.225083730299505,-3.6954396781953007
4924.223,-4.223311371489351,-3.693403452192656
4924.243,-4.2215759350978885,-3.691335648695848
4924.263,-4.219877983517799,-3.6892369366677866
4924.283,-4.2182180671191185,-3.6871079951656687
4924.303,-4.21659672406521,-3.684949513131823
4924.323,-4.215014480131058,-3.682762189179859
4924.343,-4.213471848524068,-3.680546731375988
4924.363,-4.211969329707617,-3.6783038570154294
4924.383,-4.210507411227606,-3.676034292393872
4924.403,-4.209086567542319,-3.673738772573993
4924.423,-4.207707259855921,-3.671418041147126
4924.443,-4.206369935955869,-3.6690728499901897
4924.463,-4.205075030054601,-3.66670395901804
4924.483,-4.203822962635804,-3.6643121359314987
4924.503,-4.202614140305544,-3.6618981559612953
4924.523,-4.2014489556485675,-3.659462801608225
4924.543,-4.200327787089993,-3.657006862379849
4924.563,-4.199250998762604,-3.6545311345240616
4924.583,-4.198218940379947,-3.652036420759891
4924.603,-4.197231947115337,-3.649523530005841
4924.623,-4.196290339486883,-3.646993277106139
4924.643,-4.1953944232486045,-3.64444648255519
4924.663,-4.19454448928763,-3.641883972220535
4924.683,-4.193740813527515,-3.6393065770645867
4924.703,-4.192983656837593,-3.6367151328653646
4924.723,-4.192273264948354,-3.6341104799364747
4924.743,-4.1916098683727325,-3.631493462846461
4924.763,-4.190993682333247,-3.62886493013773
4924.783,-4.190424906694873,-3.6262257340451245
4924.803,-4.189903725903567,-3.6235767302142747
4924.823,-4.187576830989264,-3.6212445987409434
4924.843,-4.182016485927057,-3.619504363564225
4924.863,-4.17488068663181,-3.61867527344918
4924.883,-4.1664434783419475,-3.6188291865730213
4924.903,-4.1567882651735815,-3.6199237880470627
4924.923,-4.1468721659663945,-3.621223171740544
4924.943,-4.1366057385101165,-3.6223375099594906
4924.963,-4.126272931570875,-3.6234212827694185
4924.983,-4.1163201564967435,-3.624678514783007
4925.003,-4.106396686078328,-3.6259604589891277
4925.023,-4.096473214585504,-3.6272418869195935
4925.043,-4.086549711037249,-3.6285230222780354
4925.063,-4.0766274610164,-3.629804646808931
4925.083,-4.066710557719242,-3.6310885621818207
4925.103,-4.056793635706441,-3.6323722661612843
4925.123,-4.046876712132849,-3.633655953722072
4925.143,-4.036959787187922,-3.634939626678602
4925.163,-4.027042860901889,-3.6362232850333958
4925.183,-4.017125933298557,-3.6375069287675528
4925.203,-4.007209004396433,-3.638790557857736
4925.223,-3.997291340248811,-3.6400735142037037
4925.243,-3.9873665085653904,-3.6413524574922445
4925.263,-3.977444437429501,-3.6426330008289436
4925.283,-3.96752490936328,-3.6439121576473803
4925.303,-3.9576078963893666,-3.645195203688211
4925.323,-3.9476908926664915,-3.646478233921309
4925.343,-3.9377718551377714,-3.647759941056986
4925.363,-3.927852552208259,-3.6490388180404496
4925.383,-3.917928462391379,-3.650315647341841
4925.403,-3.9080113339608213,-3.6515982135035148
4925.423,-3.898093285324348,-3.65288026781213
4925.443,-3.888176183124418,-3.6541627309550555
4925.463,-3.878253104738367,-3.655441459915971
4925.483,-3.8683298725130792,-3.656720633699964
4925.503,-3.858406591422561,-3.6579997471347094
4925.523,-3.848488725465275,-3.6592810639502207
4925.543,-3.8385715404270915,-3.6605627730445827
4925.563,-3.8286543577530487,-3.661844419801337
4925.583,-3.818737173584147,-3.663126075403753
4925.603,-3.8088199947665577,-3.664407707973914
4925.623,-3.7989028141144026,-3.6656893311456433
4925.643,-3.7889856314083845,-3.6669709388975904
4925.663,-3.779068446589043,-3.668252531173388
4925.683,-3.769151259599404,-3.6695341079723263
4925.703,-3.7592340703855536,-3.670815669298674
4925.723,-3.749316878897154,-3.6720972151612465
4925.743,-3.7393996850879168,-3.6733787455733675
4925.763,-3.729482488916027,-3.674660260552783
4925.783,-3.719565290344537,-3.6759417601215345
4925.803,-3.709648089341703,-3.677223244305782
4925.823,-3.6997308858812787,-3.6785047131355793
4925.843,-3.689813679942748,-3.6797861666446203
4925.863,-3.6798964715115092,-3.6810676048699325
4925.883,-3.669979260578997,-3.6823490278515507
4925.903,-3.660062047142746,-3.6836304356321388
4925.923,-3.6501448312063975,-3.684911828256608
4925.943,-3.6402276127796394,-3.6861932057716853
4925.963,-3.630310391878095,-3.6874745682254844
4925.983,-3.62039316852315,-3.6887559156670466
4926.003,-3.610473684315024,-3.6900351435880956
4926.023,-3.6005564320095766,-3.6913163612841573
4926.043,-3.590639189459756,-3.6925975768028914
4926.063,-3.5807219447485923,-3.693878777568233
4926.083,-3.5708046977963472,-3.695159963522904
4926.103,-3.560887448649571,-3.6964411347130777
4926.123,-3.550970197359293,-3.6977222911834233
4926.143,-3.541619128782659,-3.698642136174792
4926.163,-3.5336370067030556,-3.6991624148415134
4926.183,-3.5273715728608863,-3.699412313877998
4926.203,-3.5228538061967427,-3.699595097372029
4926.223,-3.519193910837985,-3.6993912389550543
4926.243,-3.516058808299399,-3.6986504532424425
4926.263,-3.513511044241252,-3.6973881665478636
4926.283,-3.511501352717172,-3.695582689103426
4926.303,-3.510062274948025,-3.6932904895266376
4926.323,-3.509258737821616,-3.690566015991597
4926.343,-3.509047652707181,-3.687823901606376
4926.363,-3.5089676594809944,-3.685125443176115
4926.383,-3.508936242191844,-3.682425893473166
4926.403,-3.508944653161717,-3.6797294815561212
4926.423,-3.5089981017171814,-3.677033911800224
4926.443,-3.5090979458782603,-3.674340286775266
4926.463,-3.5092463489758314,-3.6716490123328414
4926.483,-3.5094451420872392,-3.6689607802752193
4926.503,-3.5096901806161895,-3.666277219484026
4926.523,-3.50998360304254,-3.663598605983673
4926.543,-3.5103271711592035,-3.66092563685043
4926.563,-3.510716715000513,-3.6582598682431544
4926.583,-3.511154324139476,-3.655601623438104
4926.603,-3.5116416872518244,-3.6529516492880196
4926.623,-3.512174595661147,-3.6503113986853446
4926.643,-3.5127551002693402,-3.6476812184221235
4926.663,-3.5133848332177884,-3.64506190075652
4926.683,-3.5140595655589943,-3.6424547907776335
4926.703,-3.514781292534786,-3.639860280764406
4926.723,-3.5155515799169264,-3.637279192781619
4926.743,-3.516366189722209,-3.634712766254807
4926.763,-3.5172270582710756,-3.6321614367911446
4926.783,-3.518139504750241,-3.6296255333578498
4926.803,-3.5191054754497406,-3.627104796688956
4926.823,-3.52011666691229,-3.624601816951568
4926.843,-3.5211727394807357,-3.622117447139013
4926.863,-3.5222733507645625,-3.619652491681867
4926.883,-3.5234181441287484,-3.617207748267992
4926.903,-3.5246067487051373,-3.6147840079795523
4926.923,-3.525838779515118,-3.612382055049393
4926.943,-3.5271138375971316,-3.6100026666163605
4926.963,-3.528431510137869,-3.60764661248319
4926.983,-3.529791370607058,-3.6053146548770765
4927.003,-3.531192978895714,-3.6030075482129877
4927.023,-3.5326358814577525,-3.6007260388597575
4927.043,-3.534119611454834,-3.598470864908993
4927.063,-3.535643688904366,-3.596242755946803
4927.083,-3.5372076208305394,-3.594042432828344
4927.103,-3.5388109014183415,-3.5918706074551454
4927.123,-3.5404530121704694,-3.589727982555187
4927.143,-3.542133422067108,-3.5876152514656434
4927.163,-3.543851587728569,-3.5855330979182276
4927.183,-3.5456069535807884,-3.583482195827045
4927.203,-3.5473989520237366,-3.58146320907884
4927.223,-3.5492270036028173,-3.579476791325541
4927.243,-3.5510905171833653,-3.5775235857789975
4927.263,-3.5529888901283724,-3.5756042250077957
4927.283,-3.554921508479626,-3.5737193307360933
4927.303,-3.5568877471424294,-3.5718695136443745
4927.323,-3.558886970074123,-3.570055373172116
4927.343,-3.5609185304766307,-3.56827749732233
4927.363,-3.56177135570018,-3.5650955120428662
4927.383,-3.5604923132730524,-3.559411296388619
4927.403,-3.557635510858001,-3.552819735458631
4927.423,-3.553276043969748,-3.5455941530362094
4927.443,-3.5474925494974427,-3.5377855585944085
4927.463,-3.5414012995533364,-3.5298539304706384
4927.483,-3.5351923224049115,-3.521687603054106
4927.503,-3.5289120219464976,-3.513392506311708
4927.523,-3.5228083387493676,-3.5054236273350945
4927.543,-3.5167169324379652,-3.4974795483757366
4927.563,-3.5106294697930456,-3.489540493339023
4927.583,-3.504542513093985,-3.481607005790277
4927.603,-3.498455548735819,-3.4736735516843873
4927.623,-3.492368588729547,-3.46574009385688
4927.643,-3.4862816331046074,-3.4578066319118497
4927.663,-3.4801946817967195,-3.449873165837756
4927.683,-3.4741077347428924,-3.4419396956332373
4927.703,-3.4680207918825197,-3.434006221303448
4927.723,-3.4619338531576993,-3.426072742860199
4927.743,-3.455846918513533,-3.418139260322067
4927.763,-3.4497599878984064,-3.4102057737144267
4927.783,-3.4436730612642474,-3.402272283069409
4927.803,-3.4375861385667523,-3.3943387884257814
4927.823,-3.4314992197655947,-3.3864052898287516
4927.843,-3.425412304824589,-3.378471787329713
4927.863,-3.4193253937118366,-3.370538280985906
4927.883,-3.413238486399826,-3.36260477086002
4927.903,-3.4071515828655023,-3.3546712570197386
4927.923,-3.401064683090297,-3.346737739537223
4927.943,-3.3949777870601228,-3.338804218488547
4927.963,-3.3888908947653293,-3.330870693953087
4927.983,-3.382804006200621,-3.322937166012876
4928.003,-3.3767171213649396,-3.315003634751918
4928.023,-3.3706302402613093,-3.3070701002554905
4928.043,-3.364543362896647,-3.2991365626094122
4928.063,-3.3584564892815405,-3.2912030218993182
4928.083,-3.352369619429996,-3.2832694782099225
4928.103,-3.346282753359156,-3.2753359316242823
4928.123,-3.3401958910889875,-3.267402382223086
4928.143,-3.3341090326419565,-3.2594688300839483
4928.163,-3.3280221780426733,-3.251535275280743
4928.183,-3.321935327317525,-3.243601717882962
4928.203,-3.3158484804942936,-3.2356681579551143
4928.223,-3.3097616376017656,-3.2277345955561763
4928.243,-3.303674798669337,-3.219801030739092
4928.263,-3.29758796372661,-3.2118674635503286
4928.283,-3.291501132803,-3.2039338940294924
4928.303,-3.285414305927342,-3.1960003222090156
4928.323,-3.279327483127508,-3.1880667481139073
4928.343,-3.2732406644300407,-3.1801331717615753
4928.363,-3.267152370954024,-3.1721982860829656
4928.383,-3.2610623983106795,-3.1642613084499294
4928.403,-3.2549727611227097,-3.156323797183162
4928.423,-3.2488852575760374,-3.148389793126508
4928.443,-3.242794679321415,-3.140450137800386
4928.463,-3.236708073115778,-3.132516390396596
4928.483,-3.2306172689428228,-3.124577963990244
4928.503,-3.2245307959386653,-3.1166437131145743
4928.523,-3.2184441390609106,-3.108710013516386
4928.543,-3.2123574682102656,-3.1007763332296157
4928.563,-3.2062708019659305,-3.0928426501669524
4928.583,-3.2001810610954373,-3.0849049151947674
4928.603,-3.194093127135661,-3.076970274629383
4928.623,-3.1880067261458347,-3.069036335420649
4928.643,-3.1819201410219846,-3.061102591687299
4928.663,-3.175833559029488,-3.0531688464231124
4928.683,-3.169746981743564,-3.0452350977345835
4928.703,-3.163660409127037,-3.037301345550526
4928.723,-3.157573841126794,-3.0293675898172734
4928.743,-3.1514872776880183,-3.021433830482283
4928.763,-3.1454007187545776,-3.0135000674947237
4928.783,-3.139314164269322,-3.0055663008061924
4928.803,-3.1332276141744018,-2.9976325303714106
4928.823,-3.127141068411593,-2.9896987561488757
4928.843,-3.12158553524701,-2.98230540913343
4928.863,-3.1173115974284866,-2.9762265897952385
4928.883,-3.114330241519344,-2.971625211987124
4928.903,-3.1116654548215905,-2.9686784679220293
4928.923,-3.109150556154802,-2.966965995080838
4928.943,-3.106817537210611,-2.966367676705314
4928.963,-3.1046032381318933,-2.9667768921793307
4928.983,-3.1025199981640066,-2.9681833828580655
4929.003,-3.100484426444355,-2.9699569315271006
4929.023,-3.0984818820272135,-2.971767156560947
4929.043,-3.096512242776963,-2.973613127821454
4929.063,-3.0945761386221347,-2.9754942498122374
4929.083,-3.092674195839086,-2.9774099142796264
4929.103,-3.0908070298287567,-2.9793595017913557
4929.123,-3.0889752448561154,-2.9813423819309364
4929.143,-3.087179433858387,-2.9833579134863215
4929.163,-3.0854201782557844,-2.985405444642085
4929.183,-3.083698047764095,-2.9874843131754054
4929.203,-3.082013600209123,-2.9895938466560734
4929.223,-3.0803673813430676,-2.991733362650747
4929.243,-3.0787599246629345,-2.993902168931661
4929.263,-3.077191751231134,-2.996099563689962
4929.283,-3.0756633694984616,-2.9983248357538175
4929.303,-3.074175275129688,-3.0005772648114037
4929.323,-3.0727279508320224,-3.0028561216388185
4929.343,-3.071321866186755,-3.0051606683329215
4929.363,-3.0699574774843703,-3.007490158549058
4929.383,-3.0686352275634787,-3.0098438377435452
4929.403,-3.0673555456538715,-3.012220943420777
4929.423,-3.0661188472240424,-3.014620705384725
4929.443,-3.0649255338334696,-3.017042345994594
4929.463,-3.0637759929899495,-3.0194850804243507
4929.483,-3.060951919644298,-3.021181553491714
4929.503,-3.05513535531536,-3.02151763468498
4929.523,-3.0480119886316044,-3.0205869350460306
4929.543,-3.0398652283107537,-3.018386334554227
4929.563,-3.0307657222835545,-3.0149772368665486
4929.583,-3.021463073299483,-3.0113061569858153
4929.603,-3.0118425330598444,-3.0076712997144726
4929.623,-3.0021330279314915,-3.004026938187238
4929.643,-2.9928103091164857,-3.0003611021058134
4929.663,-2.9834996200622053,-2.996700117559311
4929.683,-2.974188448834635,-2.993040710027805
4929.703,-2.9648837604687333,-2.989378073003513
4929.723,-2.9555790526075754,-2.9857155089173775
4929.743,-2.946274340144257,-2.9820529553898307
4929.763,-2.936969623235037,-2.9783904118082964
4929.783,-2.927664901923101,-2.9747278781097006
4929.803,-2.918360176255553,-2.971065354237753
4929.823,-2.909055446283934,-2.967402840138413
4929.843,-2.899750712063774,-2.9637403357601815
4929.863,-2.890445973654093,-2.9600778410544266
4929.883,-2.8811412311168625,-2.9564153559756927
4929.903,-2.871836484516436,-2.9527528804819765
4929.923,-2.8625317339189555,-2.9490904145349868
4929.943,-2.8532269793917338,-2.94542795810037
4929.963,-2.843922221002626,-2.9417655111479046
4929.983,-2.834617458819394,-2.938103073651658
4930.003,-2.825312692909068,-2.9344406455901164
4930.023,-2.8160079233373123,-2.9307782269462663
4930.043,-2.80670315016781,-2.9271158177076404
4930.063,-2.797398373461652,-2.923453417866331
4930.083,-2.7880935932767703,-2.9197910274189516
4930.103,-2.7787888096673794,-2.916128646366567
4930.123,-2.7694840226834727,-2.9124662747145793
4930.143,-2.7601792323703447,-2.908803912472583
4930.163,-2.7508664142963104,-2.9051445885946836
4930.183,-2.7415566388276322,-2.901483342932525
4930.203,-2.7322511681512696,-2.897820848514882
4930.223,-2.7229457025206356,-2.894158343735262
4930.243,-2.7136402425798103,-2.8904958272417076
4930.263,-2.7043347893285232,-2.8868333034063345
4930.283,-2.695029384777237,-2.8831708054415968
4930.303,-2.6857239116625093,-2.8795082707059425
4930.323,-2.6764167495315196,-2.8758464848086884
4930.343,-2.66710599482092,-2.872185446092219
4930.363,-2.6577967517259715,-2.868524391316205
4930.383,-2.648490016943853,-2.8648632202689046
4930.403,-2.6391846563957873,-2.8612018375093946
4930.423,-2.6298792732031324,-2.857540566091816
4930.443,-2.620573864189798,-2.853879433104585
4930.463,-2.6112684385616474,-2.8502184868375786
4930.483,-2.6019630461738474,-2.8465578260825946
4930.503,-2.592657005577494,-2.8428987186185166
4930.523,-2.583347910538427,-2.8392382952366604
4930.543,-2.5740365998060355,-2.83557645964374
4930.563,-2.564723395494001,-2.8319157183384673
4930.583,-2.555409851505092,-2.8282551286062656
4930.603,-2.546096281576604,-2.8245946214319266
4930.623,-2.536782675397156,-2.8209341988483247
4930.643,-2.5274690318242037,-2.817273857569672
4930.663,-2.5181553519560307,-2.8136135955673756
4930.683,-2.5088416617784217,-2.809953431500619
4930.703,-2.499530636989219,-2.8062933242768784
4930.723,-2.490217259950779,-2.802632816250656
4930.743,-2.4809038696806796,-2.7989723958497352
4930.763,-2.4715905297432035,-2.795311920870653
4930.783,-2.4622772224810983,-2.791651403278593
4930.803,-2.452963937882733,-2.78799084362523
4930.823,-2.4436506683878436,-2.784330240049632
4930.843,-2.434337407178204,-2.780669589884754
4930.863,-2.4250241480091135,-2.7770088898807646
4930.883,-2.4162873537416165,-2.7738852054490795
4930.903,-2.408850577950231,-2.7717251835132046
4930.923,-2.4030871546259442,-2.7702149084512495
4930.943,-2.3990437910351012,-2.7693569487903904
4930.963,-2.3960085464778134,-2.7692042443144027
4930.983,-2.393587570649822,-2.76985651602625
4931.003,-2.3917843176638813,-2.7712994652140206
4931.023,-2.39062602675558,-2.7735176894842617
4931.043,-2.3897957126717393,-2.776102352133258
4931.063,-2.388993433416212,-2.778679992489145
4931.083,-2.388237674377539,-2.7812717264970166
4931.103,-2.3875286816894654,-2.7838766510388044
4931.123,-2.3868666857546486,-2.7864939210567052
4931.143,-2.38625190174087,-2.7891226879825286
4931.163,-2.3856845294665545,-2.7917620995022263
4931.183,-2.385164753332125,-2.794411299839553
4931.203,-2.3846927422584714,-2.7970694300444263
4931.223,-2.3842686496316396,-2.79973562828147
4931.243,-2.3838926132536535,-2.802409030118514
4931.263,-2.3835647552993344,-2.80508876881495
4931.283,-2.3832851822790144,-2.8077739756098303
4931.303,-2.383053985007027,-2.810463780009627
4931.323,-2.3828712385758695,-2.8131573100755918
4931.343,-2.3827370023359293,-2.815853692710675
4931.363,-2.382651319880687,-2.818552053945954
4931.383,-2.382614219037303,-2.821251519226551
4931.403,-2.382623211176602,-2.8239498229958695
4931.423,-2.3826830111107977,-2.8266488217797856
4931.443,-2.382791389534732,-2.8293463038678697
4931.463,-2.382948301421469,-2.8320413883959903
4931.483,-2.383153695819877,-2.8347332019962366
4931.503,-2.383407505655142,-2.837420872475429
4931.523,-2.383709648150522,-2.8401035290546646
4931.543,-2.384060024863533,-2.842780302650783
4931.563,-2.38445852172301,-2.845450326157476
4931.583,-2.3830497573370972,-2.8484279792389335
4931.603,-2.3783966003556163,-2.851934441921492
4931.623,-2.3719535163917893,-2.8551116103262175
4931.643,-2.363954462576623,-2.8577998885079148
4931.663,-2.3544922909964163,-2.8600112050009785
4931.683,-2.344715709474234,-2.862117215939201
4931.703,-2.3345953305384657,-2.8640892965035323
4931.723,-2.3244048461140383,-2.8660489743932995
4931.743,-2.3146161702650363,-2.868134991353433
4931.763,-2.3048331478766517,-2.8702276435146863
4931.783,-2.29504469813714,-2.8723188431880042
4931.803,-2.2852613367461503,-2.8744117365779718
4931.823,-2.275477924213559,-2.876504639154289
4931.843,-2.265694467475403,-2.878597350951101
4931.863,-2.2559109643513597,-2.880689850555345
4931.883,-2.2461274148509243,-2.882782135497887
4931.903,-2.2363438191906253,-2.8848742057079355
4931.923,-2.2265601775684467,-2.88696606138648
4931.943,-2.2167764901435913,-2.889057702729722
4931.963,-2.206992757041638,-2.8911491299022685
4931.983,-2.197210647604077,-2.893241004241114
4932.003,-2.187432517528544,-2.895334155154874
4932.023,-2.177654394366666,-2.897427217374471
4932.043,-2.167876273535775,-2.8995202874534862
4932.063,-2.1580981500399066,-2.901613348482763
4932.083,-2.148320023278125,-2.9037063955891145
4932.103,-2.1385418931786213,-2.905799428752276
4932.123,-2.128763759677767,-2.90789244799564
4932.143,-2.118985622717319,-2.9099854533448974
4932.163,-2.109207482244968,-2.9120784448275385
4932.183,-2.0994293382148546,-2.914171422472697
4932.203,-2.089651190588013,-2.9162643863109663
4932.223,-2.079873039332749,-2.918357336374199
4932.243,-2.0700948844249476,-2.920450272695288
4932.263,-2.0603167258483057,-2.9225431953079313
4932.283,-2.0505385635944853,-2.924636104246383
4932.303,-2.0407603976631847,-2.9267289995451975
4932.323,-2.0309822280621397,-2.928821881238959
4932.343,-2.0212040548070345,-2.930914749362018
4932.363,-2.0114258779213383,-2.933007603948215
4932.383,-2.001647697436066,-2.935100445030609
4932.403,-1.991869513389458,-2.9371932726412173
4932.423,-1.9820913258265962,-2.939286086810749
4932.443,-1.972313134798946,-2.9413788875683604
4932.463,-1.9631213807404442,-2.942969780139159
4932.483,-1.9553518232174516,-2.943910312270061
4932.503,-1.949200094965811,-2.9446627466859163
4932.523,-1.944748613870289,-2.945476445929339
4932.543,-1.9414528326156144,-2.9463245421492483
4932.563,-1.939239078055772,-2.947222473463194
4932.583,-1.937959846950703,-2.948512836107456
4932.603,-1.9374566984739454,-2.9504392917528657
4932.623,-1.937692243297369,-2.952825844239801
4932.643,-1.9384168536507358,-2.9553954375607785
4932.663,-1.939194318339399,-2.9579765886114666
4932.683,-1.9400298007031176,-2.960542855256835
4932.703,-1.9409119999073634,-2.9630941693329036
4932.723,-1.9418399733706608,-2.965629192170524
4932.743,-1.9428134179523497,-2.9681470965145715
4932.763,-1.94383201800969,-2.9706470673262557
4932.783,-1.9448954433560108,-2.973128295500818
4932.803,-1.9460033493539337,-2.975589978068152
4932.823,-1.9471553770314132,-2.978031318444698
4932.843,-1.9483511532019615,-2.9804515266833747
4932.863,-1.9495902905887936,-2.9828498197210127
4932.883,-1.95087238795279,-2.9852254216231966
4932.903,-1.9521970302241733,-2.987577563826455
4932.923,-1.9535637886377613,-2.9899054853777054
4932.943,-1.9549722208717129,-2.992208433170925
4932.963,-1.9564218711896193,-2.9944856621809848
4932.983,-1.957912270585844,-2.9967364356946335
4933.003,-1.9594429369340078,-2.9989600255386337
4933.023,-1.9610133751385153,-3.001155712305053
4933.043,-1.9626230772890543,-3.0033227855737428
4933.063,-1.9642715228180019,-3.005460544132071
4933.083,-1.9659581786606999,-3.0075682961919568
4933.103,-1.9676824994185946,-3.009645359604314
4933.123,-1.9694439275252629,-3.0116910620709842
4933.143,-1.971241893415353,-3.013704741354283
4933.163,-1.9730758156965542,-3.0156857454842414
4933.183,-1.9749451013246788,-3.017633432963683
4933.203,-1.9768491457820179,-3.019547172971211
4933.223,-1.9787873332591361,-3.0214263455621952
4933.243,-1.9807590368402967,-3.023270341867843
4933.263,-1.9827636186927258,-3.0250785642923494
4933.283,-1.9848004302599362,-3.0268504267081715
4933.303,-1.98686881245933,-3.0285853546493633
4933.323,-1.9889680958842801,-3.030282785502915
4933.343,-1.991097601010902,-3.031942168697958
4933.363,-1.9932566384096588,-3.0335629658926933
4933.383,-1.9954445089619552,-3.0351446511588156
4933.403,-1.9976605040817788,-3.0366867111632185
4933.423,-1.9999039059424524,-3.0381886453466698
4933.443,-2.0021739877084705,-3.0396499660991814
4933.463,-2.0044700137723432,-3.0410701989317346
4933.483,-2.0067912399963412,-3.0424488826440337
4933.503,-2.0091369139589332,-3.043785569487948
4933.523,-2.0115062752057167,-3.045079825326311
4933.543,-2.0138985555045448,-3.0463312297867837
4933.563,-2.016312979104558,-3.0475393764104632
4933.583,-2.0187487629987637,-3.048703872795016
4933.603,-2.0212051171898415,-3.049824340732085
4933.623,-2.0236812449587753,-3.050900416338801
4933.643,-2.0261763431359805,-3.0519317501832743
4933.663,-2.028689602374553,-3.0529180074039415
4933.683,-2.0312202074253163,-3.0538588678227296
4933.703,-2.0337673374133507,-3.054754026052017
4933.723,-2.035742308992453,-3.057390901769073
4933.743,-2.0366685405685905,-3.063143086504102
4933.763,-2.036467423795597,-3.0703240519929214
4933.783,-2.035107087264729,-3.078652271623878
4933.803,-2.0326413915158734,-3.0880513140952823
4933.823,-2.0299357091067507,-3.0976791964286945
4933.843,-2.0273272014241126,-3.1076432408076067
4933.863,-2.0247232681197382,-3.117729521591746
4933.883,-2.022048204153076,-3.127423453880343
4933.903,-2.0193604822417015,-3.1370641407705704
4933.923,-2.016670978319703,-3.1466983266455237
4933.943,-2.013978485617624,-3.156328608008747
4933.963,-2.0112860405852833,-3.165958914818178
4933.983,-2.008594291370021,-3.1755934444983915
4934.003,-2.0059055217064787,-3.1852322591094953
4934.023,-2.0032130697463577,-3.1948628799058887
4934.043,-2.0005209701876416,-3.2044932824935697
4934.063,-1.9978288891129226,-3.214123692781429
4934.083,-1.9951368201766537,-3.2237541070670424
4934.103,-1.9924447632882456,-3.2333845253375664
4934.123,-1.9897527184192052,-3.2430149476143257
4934.143,-1.9870606855490631,-3.2526453739153465
4934.163,-1.9843686646646173,-3.2622758042546223
4934.183,-1.9816766557595975,-3.2719062386418156
4934.203,-1.9789846588342863,-3.2815366770820016
4934.223,-1.976292673895102,-3.2911671195754764
4934.243,-1.973600700954138,-3.3007975661176117
4934.263,-1.970908740028666,-3.310428016698773
4934.283,-1.9682167911406045,-3.3200584713042898
4934.303,-1.965524854315964,-3.329688929914485
4934.323,-1.9628329295842615,-3.3393193925047564
4934.343,-1.9601410169779252,-3.34894985904572
4934.363,-1.957449116531678,-3.3585803295033996
4934.383,-1.9547572282819143,-3.36821080383947
4934.403,-1.9520653522660771,-3.37784128201155
4934.423,-1.949373488522035,-3.387471763973537
4934.443,-1.9466816370874667,-3.3971022496759873
4934.463,-1.9439897979992646,-3.406732739066532
4934.483,-1.9412979712929521,-3.416363232090328
4934.503,-1.938606157002126,-3.425993728690528
4934.523,-1.9359143551579299,-3.435624228808791
4934.543,-1.9332225657885649,-3.4452547323857967
4934.563,-1.9305307889188295,-3.4548852393617784
4934.583,-1.9278390245697117,-3.464515749677063
4934.603,-1.9251472727580252,-3.4741462632726137
4934.623,-1.922455533496091,-3.483776780090569
4934.643,-1.9197638067914768,-3.4934073000747685
4934.663,-1.9170720926467837,-3.5030378231712733
4934.683,-1.9143803910595016,-3.5126683493288544
4934.703,-1.9116887020219069,-3.522298878499467
4934.723,-1.9089970255210305,-3.5319294106386914
4934.743,-1.9063053615386791,-3.541559945706136
4934.763,-1.9036137100515105,-3.5511904836658053
4934.783,-1.900923298640214,-3.5608227289175103
4934.803,-1.8982366946539615,-3.5704625509261656
4934.823,-1.8955515835780572,-3.5801051703528213
4934.843,-1.8928678172013695,-3.5897464356689293
4934.863,-1.8901766747365105,-3.5993772343138515
4934.883,-1.8874861210086755,-3.609008075721966
4934.903,-1.8847955862344736,-3.61863892080206
4934.923,-1.8821050640144756,-3.6282697687985506
4934.943,-1.8794145542175031,-3.637900619712099
4934.963,-1.876724056767274,-3.64753147355457
4934.983,-1.8740368677671417,-3.6571651173326836
4935.003,-1.8713529183498707,-3.6668039080142036
4935.023,-1.86915720417862,-3.675924877388669
4935.043,-1.8677873680302763,-3.6836219658864127
4935.063,-1.8666630602332175,-3.6897167701213935
4935.083,-1.8655567473544716,-3.694076369112762
4935.103,-1.8641623727204146,-3.6974577875955874
4935.123,-1.8624937793542393,-3.6998982000721643
4935.143,-1.8604983684877185,-3.701411056265372
4935.163,-1.858340684488989,-3.702012688719217
4935.183,-1.8558272765524266,-3.702008590461398
4935.203,-1.853005110039768,-3.7015004643950378
4935.223,-1.8501075902349076,-3.7008795504571257
4935.243,-1.8472545762940198,-3.7001739893634276
4935.263,-1.8444045345063405,-3.699408389312201
4935.283,-1.841639128574431,-3.6985569006878785
4935.303,-1.8388988387913832,-3.697641146272021
4935.323,-1.8361921912782635,-3.6966521467760374
4935.343,-1.833506406809619,-3.6956222410701125
4935.363,-1.83068366297786,-3.6946295857445173
4935.383,-1.828037787307396,-3.6934861938164807
4935.403,-1.8256026469992859,-3.692187806645255
4935.423,-1.8230073063704353,-3.690967404884454
4935.443,-1.8203137266412135,-3.689729420783957
4935.463,-1.8178316384762434,-3.6883548172185807
4935.483,-1.8152227505386194,-3.6870149610886416
4935.503,-1.8126460554339334,-3.685632444015326
4935.523,-1.8101053382186993,-3.6842087146506235
4935.543,-1.8075724793819428,-3.682713439932628
4935.563,-1.8051238981806403,-3.6811962974814967
4935.583,-1.8028736383375048,-3.6795525060230054
4935.603,-1.8003413161778201,-3.67794375709755
4935.623,-1.798196465398781,-3.676158419807689
4935.643,-1.7962512932986505,-3.674286885576243
4935.663,-1.7943400056992656,-3.6723805234517752
4935.683,-1.7924633313961784,-3.6704400700481177
4935.703,-1.7906218782964338,-3.668466153870023
4935.723,-1.7888162421178893,-3.666459413170918
4935.743,-1.7870470071083637,-3.664420496827041
4935.763,-1.7853147458679581,-3.6623500641539875
4935.783,-1.7836200191655835,-3.6602487847099536
4935.803,-1.781963375757181,-3.658117338094937
4935.823,-1.7803453522057522,-3.6559564137457476
4935.843,-1.7787664727033148,-3.6537667107265936
4935.863,-1.7772272488949308,-3.6515489375150567
4935.883,-1.7757281797049993,-3.6493038117832923
4935.903,-1.7742697511660528,-3.647032060174319
4935.923,-1.7728524362503337,-3.6447344180733556
4935.943,-1.7714766947044396,-3.6424116293741586
4935.963,-1.7701429728873708,-3.640064446240432
4935.983,-1.7688517036123093,-3.637693628862387
4936.003,-1.7676033059924698,-3.635299945208611
4936.023,-1.7663981852913535,-3.6328841707734565
4936.043,-1.7652367327777323,-3.630447088320178
4936.063,-1.7641193255856504,-3.6279894876201366
4936.083,-1.7630463265797238,-3.625512165188354
4936.103,-1.7620180842259716,-3.623015924015771
4936.123,-1.761034932468377,-3.6205015732985566
4936.143,-1.7600971906113423,-3.6179699281648077
4936.163,-1.7592051632081585,-3.6154218093989865
4936.183,-1.758359139955576,-3.6128580431644353
4936.203,-1.757559395594516,-3.6102794607242727
4936.223,-1.7568061898169434,-3.607686898160948
4936.243,-1.756099767178882,-3.6050811960947455
4936.263,-1.7554403570195296,-3.602463199401436
4936.283,-1.754828173386412,-3.5998337569292955
4936.303,-1.7542634149665057,-3.597193721215664
4936.323,-1.7537462650232325,-3.5945439482031794
4936.343,-1.7532768913392374,-3.5918852969558146
4936.363,-1.7528554461648531,-3.589218629374805
4936.383,-1.7524820661721576,-3.5865448099145367
4936.403,-1.7521568724145273,-3.5838647052984682
4936.423,-1.7518799702916041,-3.5811791842351206
4936.443,-1.7516514495195972,-3.578489117134163
4936.463,-1.7514713841068508,-3.575795375822642
4936.483,-1.7513398323346088,-3.573098833261357
4936.503,-1.7512568367429324,-3.570400363261421
4936.523,-1.751222424121726,-3.5677008402010175
4936.543,-1.751234125497647,-3.5650028715757713
4936.563,-1.7494153554651666,-3.5622562046489623
4936.583,-1.7443099444358754,-3.55944860915764
4936.603,-1.7374798235683067,-3.557221969856693
4936.623,-1.7291792851457346,-3.555700943216571
4936.643,-1.719498541769924,-3.554860532353419
4936.663,-1.7095216010666572,-3.554169113066186
4936.683,-1.6991924462545065,-3.553699399372189
4936.703,-1.6887888130577575,-3.5532081410577008
4936.723,-1.6787619689612752,-3.55256337175695
4936.743,-1.6687749056400947,-3.5518932753118073
4936.763,-1.658784833221678,-3.5512284902160665
4936.783,-1.6487972549327106,-3.550559346173028
4936.803,-1.6388051751196586,-3.549896586403135
4936.823,-1.6288225645510295,-3.5492279196320107
4936.843,-1.618845791016028,-3.548551593106138
4936.863,-1.6088690182734118,-3.547875302996241
4936.883,-1.5988922447866765,-3.5471990290625994
4936.903,-1.5889154705587913,-3.5465227711060163
4936.923,-1.5789386956066864,-3.545846529096765
4936.943,-1.5689619199451157,-3.545170303001268
4936.963,-1.5589851435863054,-3.5444940927808215
4936.983,-1.5490083665397958,-3.5438178983918998
4937.003,-1.5390315888123043,-3.5431417197865205
4937.023,-1.5290548104076223,-3.542465556912663
4937.043,-1.5190780313265462,-3.5417894097147262
4937.063,-1.5090965260639637,-3.541120931291804
4937.083,-1.4991167937090866,-3.5404500062132405
4937.103,-1.4891358351395505,-3.539779476310405
4937.123,-1.4791547528629856,-3.5391096561734092
4937.143,-1.4691732633201222,-3.5384394469460365
4937.163,-1.4591935511396523,-3.5377684499973983
4937.183,-1.4492166701600886,-3.5370938009770767
4937.203,-1.4392397896545692,-3.536419175029315
4937.223,-1.429262908413962,-3.5357445643414627
4937.243,-1.4192860263955613,-3.535069968783835
4937.263,-1.4093091435686496,-3.5343953882938624
4937.283,-1.3993322599012943,-3.533720822813113
4937.303,-1.3893553753604695,-3.533046272287248
4937.323,-1.3793784899123356,-3.5323717366664904
4937.343,-1.3693978989510174,-3.5317013513983904
4937.363,-1.3594164777319382,-3.5310322847906175
4937.383,-1.349435637347095,-3.5303627115667036
4937.403,-1.3394541402656133,-3.5296931699054634
4937.423,-1.3294707931238565,-3.52902409909479
4937.443,-1.3194875693592814,-3.5283561970076645
4937.463,-1.309503707192909,-3.5276866676015635
4937.483,-1.2995198057165833,-3.5270173532564333
4937.503,-1.289535872581512,-3.526348320793759
4937.523,-1.2795519129350659,-3.5256795773910974
4937.543,-1.2695679298978528,-3.5250111228521037
4937.563,-1.259583925092847,-3.5243429565423368
4937.583,-1.2495998998004207,-3.523675077344507
4937.603,-1.2396158551115615,-3.5230074841728167
4937.623,-1.2296317921843145,-3.522340175674199
4937.643,-1.2196477125488447,-3.5216731499271443
4937.663,-1.2096636189733312,-3.5210064032880384
4937.683,-1.1996795165377292,-3.520339928823291
4937.703,-1.1896954176895647,-3.519673700061873
4937.723,-1.1797174589796189,-3.519004010020141
4937.743,-1.1697402388076752,-3.51833434730545
4937.763,-1.159763017507759,-3.517664708188072
4937.783,-1.1497857949916066,-3.5169950845783515
4937.803,-1.1398085712698405,-3.516325476454826
4937.823,-1.1298313463574443,-3.5156558838707683
4937.843,-1.11985412027208,-3.5149863068793574
4937.863,-1.1098768930338383,-3.514316745532351
4937.883,-1.0998996646649823,-3.513647199879466
4937.903,-1.0899224351896797,-3.512977669967795
4937.923,-1.0799452046337108,-3.512308155841247
4937.943,-1.069967973024169,-3.511638657540041
4937.963,-1.0599907403891475,-3.510969175100224
4937.983,-1.0500135067574188,-3.5102997085532364
4938.003,-1.040036272158111,-3.5096302579255423
4938.023,-1.0300590366203797,-3.5089608232382945
4938.043,-1.0200818001730854,-3.508291404507065
4938.063,-1.0101045628444734,-3.5076220017416393
4938.083,-1.0001273246618598,-3.50695261494586
4938.103,-0.9901500856513324,-3.5062832441175407
4938.123,-0.9801728458374639,-3.505613889248442
4938.143,-0.9701956052430386,-3.5049445503243075
4938.163,-0.9602183638888043,-3.5042752273249644
4938.183,-0.9502411217932404,-3.503605920224489
4938.203,-0.9402638789723539,-3.5029366289914226
4938.223,-0.93028185601521,-3.5022734789983794
4938.243,-0.9203005229344035,-3.5016114233096665
4938.263,-0.9103209631081395,-3.5009483440108458
4938.283,-0.9003415566673797,-3.500285220842151
4938.303,-0.8903634416159619,-3.499621560375745
4938.323,-0.880384012771529,-3.4989586273636517
4938.343,-0.8704044598117234,-3.4982963478163596
4938.363,-0.8604253977672665,-3.497634370786838
4938.383,-0.8504423768066014,-3.496972827029542
4938.403,-0.8404649815763697,-3.4963052206928946
4938.423,-0.8304876132812028,-3.4956378324554676
4938.443,-0.8205102446056708,-3.4949704613116075
4938.463,-0.8105328752113964,-3.4943031054321807
4938.483,-0.8005555050676516,-3.493635764736145
4938.503,-0.7905781341454519,-3.492968439159438
4938.523,-0.7806007624142526,-3.4923011286412393
4938.543,-0.7706233898421688,-3.491633833124376
4938.563,-0.7606460163962501,-3.490966552555821
4938.583,-0.750666622212026,-3.4903016688589785
4938.603,-0.7406880312588701,-3.4896365516917593
4938.623,-0.7307063433842372,-3.4889739029157893
4938.643,-0.7207248517117549,-3.4883120200312043
4938.663,-0.7107429299215878,-3.487649665419762
4938.683,-0.7007592691297486,-3.4869887657449987
4938.703,-0.6907749365675359,-3.4863263957864192
4938.723,-0.6807905608157687,-3.485664180258692
4938.743,-0.6708061510052408,-3.485002238663191
4938.763,-0.6608217137720149,-3.4843405841611284
4938.783,-0.6508372528925332,-3.4836792178412126
4938.803,-0.6408527703730533,-3.4830181394227115
4938.823,-0.630868267390502,-3.4823573483267904
4938.843,-0.6214151423615855,-3.481951076707986
4938.863,-0.613292195862081,-3.48192265760544
4938.883,-0.6069624316579187,-3.4819222700165118
4938.903,-0.6024390098415164,-3.4819219614417607
4938.923,-0.5997219295181252,-3.481921652196422
4938.943,-0.5988111409957425,-3.481921205136174
4938.963,-0.5988068533368753,-3.481921081239134
4938.983,-0.5988054244607268,-3.481920902971572
4939.003,-0.5988027525852353,-3.481920738147523
4939.023,-0.5988014006226037,-3.4819204820013154
4939.043,-0.5987987429619024,-3.4819203362005022
4939.063,-0.5987960645024732,-3.4819201005360148
4939.083,-0.5987946979381247,-3.4819199407833046
4939.103,-0.5987919825067167,-3.4819197849269337
4939.123,-0.5987892553679255,-3.481919569503819
4939.143,-0.5987879454999652,-3.4819193624566656
4939.163,-0.5987853328233509,-3.4819191491828505
4939.183,-0.5987826510654195,-3.481918986335463
4939.203,-0.5987812212424293,-3.4819188023223013
4939.223,-0.5987785493580516,-3.4819186416827494
4939.243,-0.598777197409968,-3.481918399292698
4939.263,-0.59877453991484,-3.481918251599629
4939.283,-0.5987718614300812,-3.48191801501743
4939.303,-0.598770494828002,-3.4819178529171895
4939.323,-0.5987677794039695,-3.4819176976383637
4939.343,-0.5987650523081239,-3.4819174836481275
4939.363,-0.598763742464774,-3.481917276441793
4939.383,-0.5987611297574221,-3.4819170625707825
4939.403,-0.5987584479957776,-3.4819168997460066
4939.423,-0.5987570181831915,-3.4819167157232433
4939.443,-0.5987543462890305,-3.4819165551537545
4939.463,-0.5987529943328509,-3.4819163129658337
4939.483,-0.598750336830096,-3.481916165257255
4939.503,-0.5987476583332414,-3.4819159286747654
4939.523,-0.5987462917227727,-3.4819157665499794
4939.543,-0.5987435762885481,-3.4819156112908316
4939.563,-0.5987408491819777,-3.4819153973332937
4939.583,-0.5987395393303058,-3.4819151901327765
4939.603,-0.5987369266123903,-3.481914976265011
4939.623,-0.5987342448402122,-3.4819148134520064
4939.643,-0.59873281501747,-3.48191462943789
4939.663,-0.5987301431122528,-3.4819144688812638
4939.683,-0.5987287911478881,-3.4819142267042484
4939.703,-0.5987261336345633,-3.48191407900646
4939.723,-0.5987234551255949,-3.4819138424367315
4939.743,-0.598722088507205,-3.481913680320157
4939.763,-0.5987193730625249,-3.4819135250728284
4939.783,-0.5987166459443967,-3.481913311128254
4939.803,-0.5987153360838852,-3.481913103935861
4939.823,-0.5987127233557095,-3.4819128900798004
4939.843,-0.5987100415728819,-3.481912727278414
4939.863,-0.5987086117396618,-3.4819125432732
4939.883,-0.5987059398233643,-3.4819123827286353
4939.903,-0.5987045878508201,-3.4819121405598326
4939.923,-0.5987019303268813,-3.481911992873205
4939.943,-0.5986992518057972,-3.4819117563164212
4939.963,-0.5986978851794958,-3.48191159420852
4939.983,-0.5986951697243589,-3.4819114389729
4940.003,-0.5986924425946633,-3.481911225041011
4940.023,-0.5986911327253065,-3.4819110178567745
4940.043,-0.598688519986877,-3.481910804012539
4940.063,-0.5986858381934003,-3.481910641222768
4940.083,-0.5986844083496996,-3.48191045722646
4940.103,-0.5986817364223237,-3.4819102966939455
4940.123,-0.5986803844416021,-3.481910054533317
4940.143,-0.5986777269070513,-3.481909906857856
4940.163,-0.5986750483738544,-3.48190967031402
4940.183,-0.5986736817396431,-3.4819095082147995
4940.203,-0.598670966274052,-3.481909352990886
4940.223,-0.5986682391327913,-3.4819091390716785
4940.243,-0.5986669292545903,-3.4819089318956
4940.263,-0.5986643165059098,-3.48190871806319
4940.283,-0.5986616347017866,-3.4819085552850333
4940.303,-0.5986602048476077,-3.4819083712976324
4940.323,-0.5986575329091564,-3.4819082107771684
4940.343,-0.598656180920258,-3.4819079686247134
4940.363,-0.5986535233750984,-3.4819078209604197
4940.383,-0.5986508448297907,-3.4819075844295315
4940.403,-0.5986494781876714,-3.481907422338991
4940.423,-0.598646762711629,-3.481907267126785
4940.443,-0.5986440355588057,-3.48190705322026
4940.463,-0.5986427256717627,-3.48190684605234
4940.483,-0.5986401129128333,-3.4819066322317553
4940.503,-0.5986374310980668,-3.4819064694652155
4940.523,-0.5986360012334123,-3.4819062854867213
4940.543,-0.5986333292838887,-3.4819061249783068
4940.563,-0.5986319772868152,-3.481905882834027
4940.583,-0.5986293197310493,-3.481905735180901
4940.603,-0.598626641173634,-3.4819054986629596
4940.623,-0.5986252745236087,-3.481905336581099
4940.643,-0.5986225590371169,-3.4819051813805997
4940.663,-0.5986198318727343,-3.4819049674867557
4940.683,-0.5986185219768508,-3.4819047603269926
4940.703,-0.5986159092076747,-3.481904546518234
4940.723,-0.5986132273822674,-3.4819043837633084
4940.743,-0.5986117975071396,-3.4819041997937212
4940.763,-0.5986091255465468,-3.4819040392973557
4940.783,-0.5986077735412997,-3.4819037971612494
4940.803,-0.5986051159749305,-3.4819036495192903
4940.823,-0.5986024374054102,-3.4819034130142956
4940.843,-0.5986010707474807,-3.481903250941115
4940.863,-0.5985983552505421,-3.4819030957523234
4940.883,-0.5985956280746031,-3.481902881871161
4940.903,-0.5985943181698813,-3.4819026747195543
4940.923,-0.598591705390461,-3.481902460922621
4940.943,-0.5985890235544153,-3.4819022981793095
4940.963,-0.5985875936688172,-3.4819021142186286
4940.983,-0.5985849216971582,-3.4819019537343117
4941.003,-0.5985835696837388,-3.48190171160638
4941.023,-0.5985809121067693,-3.4819015639755886
4941.043,-0.5985782335251467,-3.481901327483541
4941.063,-0.5985768668593149,-3.481901165419039
4941.083,-0.5985741513519328,-3.4819010102419545
4941.103,-0.59857142416444,-3.4819007963734725
4941.123,-0.5985701142508812,-3.4819005892300243
4941.143,-0.5985675014612193,-3.4819003754449165
4941.163,-0.5985648196145384,-3.481900212713221
4941.183,-0.5985633897184722,-3.4819000287614466
4941.203,-0.5985607177357495,-3.4818998682891804
4941.223,-0.5985593657141591,-3.481899626169422
4941.243,-0.5985567081265919,-3.481899478549796
4941.263,-0.5985540295328696,-3.4818992420706953
4941.283,-0.5985526628591372,-3.4818990800148737
4941.303,-0.5985499473413137,-3.481898924849495
4941.323,-0.5985472201422701,-3.4818987109936947
4941.343,-0.5985459102198765,-3.481898503858404
4941.363,-0.5985432974199749,-3.481898290085122
4941.383,-0.5985406155626614,-3.481898127365041
4941.403,-0.5985391856561293,-3.481897943422174
4941.423,-0.5985365136623462,-3.481897782961956
4941.443,-0.5985351616325861,-3.481897540850372
4941.463,-0.5985325040344242,-3.4818973932419133
4941.483,-0.598529825428605,-3.4818971567757577
4941.503,-0.5985284587469741,-3.4818969947286162
4941.523,-0.5985257432187121,-3.481896839574945
4941.543,-0.59852301600812,-3.4818966257318262
4941.563,-0.5985217060768936,-3.481896418604692
4941.583,-0.5985190932667546,-3.4818962048432343
4941.603,-0.5985164113988113,-3.481896042134768
4941.623,-0.5985149814818161,-3.481895858200809
4941.643,-0.5985123094769755,-3.4818956977526403
4941.663,-0.5985109574390474,-3.4818954556492314
4941.683,-0.5985082998302933,-3.4818953080519393
4941.703,-0.59850562121238,-3.4818950715987302
4941.723,-0.5985042545228525,-3.481894909560268
4941.743,-0.5985015389841539,-3.481894754418302
4941.763,-0.5984988117620169,-3.4818945405878656
4941.783,-0.5984975018219594,-3.4818943334688894
4941.803,-0.5984948890015855,-3.481894119719256
4941.823,-0.5984922071230148,-3.4818939570224043
4941.843,-0.5984907771955592,-3.481893773097352
4941.863,-0.5984881051796637,-3.481893612661232
4941.883,-0.5984867531335687,-3.4818933705659982
4941.903,-0.5984840955142258,-3.481893222979872
4941.923,-0.5984814168842209,-3.481892986539609
4941.943,-0.5984800501867984,-3.481892824509826
4941.963,-0.5984773346376665,-3.4818926693795667
4941.983,-0.5984746074039867,-3.4818924555618107
4942.003,-0.5984732974550999,-3.481892248450992
4942.023,-0.5984706846244932,-3.481892034713183
4942.043,-0.598468002735298,-3.481891872027946
4942.063,-0.598466572797384,-3.4818916881118005
4942.083,-0.5984639007704378,-3.4818915276877322
4942.103,-0.5984625487161771,-3.4818912856006725
4942.123,-0.5984598910862482,-3.4818911380257136
4942.143,-0.5984572124441545,-3.4818909015983963
4942.163,-0.5984558457388393,-3.4818907395772922
4942.183,-0.5984531301792764,-3.481890584458739
4942.203,-0.598450402934058,-3.48189037065367
4942.223,-0.5984490929763444,-3.4818901635510096
4942.243,-0.5984464801355075,-3.4818899498250255
4942.263,-0.5984437982356909,-3.481889787151403
4942.283,-0.598442368287322,-3.4818896032441655
4942.303,-0.598439696249329,-3.481889442832152
4942.323,-0.5984383441869038,-3.4818892007532662
4942.343,-0.5984356865463922,-3.4818890531894726
4942.363,-0.5984330078922129,-3.4818888167751005
4942.383,-0.5984316411790062,-3.4818886547626757
4942.403,-0.5984289256090151,-3.48188849965583
4942.423,-0.5984261983522614,-3.4818882858634463
4942.443,-0.5984248883857233,-3.4818880787689426
4942.463,-0.5984222755346579,-3.4818878650547833
4942.483,-0.5984195936242227,-3.4818877023927746
4942.503,-0.5984181636654015,-3.4818875184944442
4942.523,-0.5984154916163652,-3.481887358094487
4942.543,-0.5984141395457765,-3.4818871160237754
4942.563,-0.5984114818946853,-3.4818869684711475
4942.583,-0.5984088032284229,-3.4818867320697207
4942.603,-0.598407436507327,-3.4818865700659742
4942.623,-0.5984047209269102,-3.4818864149708344
4942.643,-0.598401993658624,-3.4818862011911382
4942.663,-0.5984006836832625,-3.481885994104791
4942.683,-0.5983980708219714,-3.4818857804024557
4942.703,-0.5983953889009201,-3.481885617752061
4942.723,-0.5983939589316487,-3.4818854338626397
4942.743,-0.5983912868715715,-3.4818852734747376
4942.763,-0.5983899347928212,-3.4818850314122005
4942.783,-0.5983872771311525,-3.481884883870738
4942.803,-0.5983845984528099,-3.4818846474822553
4942.823,-0.598383231723826,-3.4818844854871873
4942.843,-0.5983805161329862,-3.481884330403753
4942.863,-0.5983777888531705,-3.481884116636743
4942.883,-0.5983764788689876,-3.4818839095585528
4942.903,-0.5983738659974728,-3.481883695868041
4942.923,-0.5983711840658085,-3.4818835332292615
4942.943,-0.5983697540860894,-3.4818833493487475
4942.963,-0.5983670820149748,-3.4818831889729003
4942.983,-0.598365729928064,-3.481882946918537
4943.003,-0.5983630722558213,-3.4818827993882406
4943.023,-0.5983603935654009,-3.4818825630127015
4943.043,-0.5983590268285314,-3.4818824010263127
4943.063,-0.598356311227271,-3.4818822459545853
4943.083,-0.5983535839359283,-3.481882032200262
4943.103,-0.5983522739429264,-3.4818818251302295
4943.123,-0.5983496610611906,-3.4818816114515423
4943.143,-0.5983469791189158,-3.481881448824377
4943.163,-0.5983455491287517,-3.4818812649527695
4943.183,-0.598342877046602,-3.481881104588978
4943.203,-0.5983415249515323,-3.48188086254279
4943.223,-0.598338867268718,-3.481880715023659
4943.243,-0.5983361885662231,-3.4818804786610635
4943.263,-0.5983348218214697,-3.4818803166833536
4943.283,-0.5983321062097914,-3.481880161623332
4943.303,-0.5983293789069243,-3.481879947881695
4943.323,-0.5983280689051047,-3.4818797408198185
4943.343,-0.5983254560131497,-3.481879527152954
4943.363,-0.598322774060267,-3.4818793645374035
4943.383,-0.5983213440596604,-3.4818791806747043
4943.403,-0.5983186719664787,-3.481879020322968
4943.423,-0.5983173198632512,-3.4818787782849534
4943.443,-0.5983146621698685,-3.481878630776988
4943.463,-0.5983119834553013,-3.4818783944273375
4943.483,-0.598310616702666,-3.4818782324583055
4943.503,-0.5983079010805723,-3.4818780774099896
